company_id,company_name,world500_rank,industry_section_code,industry_section_name_zh,industry_section_name_en,source_type_primary_or_secondary,evidence_layer,reported_ratio,source_file,page,snippet,matched_keyword,calculation_method_context,is_explicit_reported_ratio,is_supplier_specific_data,is_spend_based,is_average_data,is_source_mix_inference,confidence,review_status
r026_microsoft,MICROSOFT,26,I,信息传输、软件和信息技术服务业,"Information Transmission, Software and Information Technology Services",primary,explicit_reported_primary_data_percentage,70,2025-Microsoft-Environmental-Sustainability-Report-PDF.pdf,24,"epresentativeness of assessments, with 70%... By integrating this primary data into product environmental LCAs, Microsoft has increased the representativeness of assessments, with 70% of the carbon footprint for devices informed by primary data—a significant improvement over the typica",explicit reported primary data percentage,Explicit reported primary-data percentage,true,false,false,false,false,medium,seed_batch_01
r036_fordmotor,FORD MOTOR,36,C,制造业,Manufacturing,primary,explicit_reported_primary_data_percentage,7,2025-integrated-sustainability-and-financial-report-FORD MOTOR.pdf,193,Primary data Primary data obtained from suppliers or value chain partners has been used to calculate 7% of significant scope 3 GHG emissions (E1-6 AR 46g). Primary data obtained from suppliers or value chain partners has been used to calculate 7% of significant scope 3 GHG emissions (E1-6 AR ... Primary data obtained from suppliers or value chain partners has been used to calculate 7% of significant scope 3 GHG emis…,explicit reported primary data percentage,Explicit reported primary-data percentage,true,false,false,false,false,medium,seed_batch_02
r082_allianz,ALLIANZ,82,J,金融业,Finance,primary,explicit_reported_primary_data_percentage,34,en-allianz-group-annual-report-2024.pdf,102,Primary data The percentage of Scope 3 emissions in our GHG inventory calculated using primary data is 34 % across our proprietary investments and own operations. The percentage of Scope 3 emissions in our GHG inventory calculated using primary data is 34 % across our proprietary investments and own... The percentage of Scope 3 emissions in our GHG inventory calculated using primary data is 34 % across our proprieta…,explicit reported primary data percentage,Explicit reported primary-data percentage,true,false,false,false,false,medium,seed_batch_03
r091_equinor公司,Equinor,91,D,电力、热力、燃气及水生产和供应业,"Electricity, Heat, Gas and Water Production and Supply",primary,explicit_reported_primary_data_percentage,2,annual-report-2024-equinor.pdf,120,Primary data 缁撴瀯鍖栨暟鎹川閲忔爣璁帮細推导值； The remaining categories (2% of total scope 3 emissions) are based on primary data. The remaining categories (2% of total scope 3 emissions) are based on primary data. The remaining categories (2% of total scope 3 emissions) are based on primary data.,explicit reported primary data percentage,Explicit reported primary-data percentage,true,false,false,false,false,medium,seed_batch_03
r097_enel,ENEL,97,I,信息传输、软件和信息技术服务业,"Information Transmission, Software and Information Technology Services",primary,explicit_reported_primary_data_percentage,7,ENEL-integrated-annual-report_2024.pdf,147,"% of Scope 3 emissions were calculated with primary data on emission factors supplied by suppliers, collected using EPD (Environmental Prod- uct Declaration) systems o... In 2024, 7% of Scope 3 emissions were calculated with primary data on emission factors supplied by suppliers, collected using EPD (Enviro... In 2024, 7% of Scope 3 emissions were calculated with primary data on emission factors supplied by suppli",explicit reported primary data percentage,Explicit reported primary-data percentage,true,false,false,false,false,medium,seed_batch_13
r132_orlen,ORLEN,132,D,电力、热力、燃气及水生产和供应业,"Electricity, Heat, Gas and Water Production and Supply",primary,explicit_reported_primary_data_percentage,,Management Board on the Operations of ORLEN Group 2024.pdf.coredownload.pdf,161,"The extent to which the undertaking’s Scope 3 GHG emissions are measured using primary data obtained is 0% – at the current stage of deve... The extent to which the undertaking’s Scope 3 GHG emissions are measured using primary data obtained is 0% – at the current stage of development of the organisation’s data collection and carbon footprint calculation processes, only literatu",explicit reported primary data percentage,Explicit reported primary-data percentage,true,false,false,false,false,medium,seed_batch_04
r205_deutschebank,DEUTSCHE BANK,205,J,金融业,Finance,primary,explicit_reported_primary_data_percentage,41,Deutsche_Bank_Annual_Report_2024.pdf,312,"s over time – As of year-end 2024, the share of primary data used for t... Methodology and data changes may significantly impact the estimates over time – As of year-end 2024, the share of primary data used for the calculation of Scope 1 and 2 was 41%, and 17% for Scope 3 financed emissions, on a total loan commit",explicit reported primary data percentage,Explicit reported primary-data percentage,true,false,false,false,false,medium,seed_batch_12
r247_repsol,REPSOL,247,D,电力、热力、燃气及水生产和供应业,"Electricity, Heat, Gas and Water Production and Supply",primary,explicit_reported_primary_data_percentage,91.7,REPSOL consolidated-statement-non-financial-information-sustainability-information-2024.pdf,136,"data pr... Other considerations • The percentage of Scope 3 emissions calculated using primary data obtained from suppliers or other partners in the... Other considerations • The percentage of Scope 3 emissions calculated using primary data obtained from suppliers or other partners in the value chain is 91.7%, including data provided by flight travel agencies for category 6, category 15 em",explicit reported primary data percentage,Explicit reported primary-data percentage,true,false,false,false,false,medium,seed_batch_06
r350_telefónica,TELEFÓNICA,350,I,信息传输、软件和信息技术服务业,"Information Transmission, Software and Information Technology Services",primary,explicit_reported_primary_data_percentage,72,2024TELEFÓNICA consolidated-management-report.pdf,111,"Primary data E1-6_25 During the reporting year, the percentage of Scope 3 emissions calculated using primary data was 72%. E1-6_25 During the reporting year, the percentage of Scope 3 emissions calculated using primary data was 72%. E1-6_25 During the reporting year, the percentage of Scope 3 emissions calculated using primary data was 72%.",explicit reported primary data percentage,Explicit reported primary-data percentage,true,false,false,false,false,medium,seed_batch_08
r374_lufthansagroup,LUFTHANSA GROUP,374,G,交通运输、仓储和邮政业,"Transport, Storage and Post",primary,explicit_reported_primary_data_percentage,89.47,LH-AR-2024-e.pdf,180,Primary data Investments The percentage of primary data used for all Scope 3 emissions is 89.47%. Investments The percentage of primary data used for all Scope 3 emissions is 89.47%. Investments The percentage of primary data used for all Scope 3 emissions is 89.47%.,explicit reported primary data percentage,Explicit reported primary-data percentage,true,false,false,false,false,medium,seed_batch_12
r386_inditex公司,Inditex,386,F,批发和零售业,Wholesale and Retail Trade,primary,explicit_reported_primary_data_percentage,67,INDITEX Sustainability report2024.pdf,262,"d data: 54% Scope 3: Primary data: 67%, Estimated data: 33% DEFRA (Department for Environment Food & Rural Affairs), 2024. Scope 1: Primary data: 46%, Estimated data: 54% Scope 3: Primary data: 67%, Estimated data: 33% DEFRA (Department for Environment Food & ... Scope 1: Primary data: 46%, Estimated data: 54% Scope 3: Primary data: 67%, Estimated data: 33% DEFRA (Department",explicit reported primary data percentage,Explicit reported primary-data percentage,true,false,false,false,false,medium,seed_batch_08
r469_novonordisk,NOVO NORDISK,469,C,制造业,Manufacturing,primary,explicit_reported_primary_data_percentage,12,novo-nordisk-annual-report-2024.pdf,57,"Primary data In 2024, approximately 12% of scope 3 emissions were calculated using primary data. In 2024, approximately 12% of scope 3 emissions were calculated using primary data. In 2024, approximately 12% of scope 3 emissions were calculated using primary data.",explicit reported primary data percentage,Explicit reported primary-data percentage,true,false,false,false,false,medium,seed_batch_10
r482_jerónimomartins公司,Jerónimo Martins,482,F,批发和零售业,Wholesale and Retail Trade,primary,explicit_reported_primary_data_percentage,12.3,Jerónimo Martins公司-nfr-corporate-responsibility-jeronimomartins-ar24.pdf,33,"Primary data In 2024, emissions calculated on the basis of primary data accounted for 12.3% of total scope 3 emissions. In 2024, emissions calculated on the basis of primary data accounted for 12.3% of total scope 3 emissions. In 2024, emissions calculated on the basis of primary data accounted for 12.3% of total scope 3 emissions.",explicit reported primary data percentage,Explicit reported primary-data percentage,true,false,false,false,false,medium,seed_batch_10
r283_intesasanpaolo,INTESA SANPAOLO,283,J,金融业,Finance,primary_secondary_mixed,explicit_primary_secondary_mention_without_ratio,,2024_INTESA SANPAOLO-Climate_Report.pdf,102,Regarding Scope 2 Location Based emissions the raise is mainly due to an increase (13%) in the average emission factor of the national energy mix.,explicit primary secondary mention without ratio,Method-row source-mix inference,false,false,false,false,false,,seed_batch_07 | seed_batch_07 | seed_batch_07
r283_intesasanpaolo,INTESA SANPAOLO,283,J,金融业,Finance,primary_secondary_mixed,explicit_primary_secondary_mention_without_ratio,,2024_INTESA SANPAOLO-Climate_Report.pdf,114,RCIAL REAL ESTATE (CRE) ■ IRON & STEEL ■ OIL & GAS ■ POWER GENERATION ■ RESIDENTIAL REAL ESTATE (RRE) AGRICULTURE – PRIMARY FARMING Key perimeter and baselining design choices and considerations Value chain in scope Focus on primary farming,explicit primary secondary mention without ratio,Method-row source-mix inference,false,false,false,false,false,,seed_batch_07 | seed_batch_07 | seed_batch_07
r283_intesasanpaolo,INTESA SANPAOLO,283,J,金融业,Finance,primary_secondary_mixed,explicit_primary_secondary_mention_without_ratio,,2024_INTESA SANPAOLO-Climate_Report.pdf,114,RCIAL REAL ESTATE (CRE) ■ IRON & STEEL ■ OIL & GAS ■ POWER GENERATION ■ RESIDENTIAL REAL ESTATE (RRE) AGRICULTURE – PRIMARY FARMING Key perimeter and baselining design choices and considerations Value chain in scope Focus on primary farming,explicit primary secondary mention without ratio,Method-row source-mix inference,false,false,false,false,false,,seed_batch_07 | seed_batch_07 | seed_batch_07
r445_salesforce,SALESFORCE,445,C,制造业,Manufacturing,primary,supplier_specific_data,,salesforce-fy24-stakeholder-impact-report.pdf,101,"Supplier-specific revenue intensity emission factors, calculated by using the supplier's scope 1, 2 (LBM and MBM) and upstream scope 3 emissions, obtained from CDP data, and dividing it by total revenue;",supplier specific data,Method-row source-mix inference,false,true,false,false,false,,seed_batch_09 | seed_batch_09 | seed_batch_09
r445_salesforce,SALESFORCE,445,C,制造业,Manufacturing,primary,supplier_specific_data,,salesforce-fy24-stakeholder-impact-report.pdf,101,"Supplier-specific revenue intensity emission factors, calculated by using the supplier's scope 1, 2 (LBM and MBM) and upstream scope 3 emissions, obtained from CDP data, and dividing it by total revenue;",supplier specific data,Method-row source-mix inference,false,true,false,false,false,,seed_batch_09 | seed_batch_09 | seed_batch_09
r445_salesforce,SALESFORCE,445,C,制造业,Manufacturing,primary,supplier_specific_data,,salesforce-fy24-stakeholder-impact-report.pdf,101,"Supplier-specific revenue intensity emission factors, calculated by using the supplier's scope 1, 2 (LBM and MBM) and upstream scope 3 emissions, obtained from CDP data, and dividing it by total revenue;",supplier specific data,Method-row source-mix inference,false,true,false,false,false,,seed_batch_09 | seed_batch_09 | seed_batch_09
r487_heineken,HEINEKEN,487,C,制造业,Manufacturing,primary_secondary_mixed,explicit_primary_secondary_mention_without_ratio,,heineken_n_v_annual_report_2024_final_20feb2025.pdf,250,This is consistent with the perimeter applied for reporting Scope 1 and 2 GHG emissions. – HEINEKEN follows CDP guidance for determining energy consumption from energy sources. – Energy consumption is considered as derived from a renewable,explicit primary secondary mention without ratio,Method-row source-mix inference,false,false,false,false,false,,seed_batch_11 | seed_batch_11 | seed_batch_11
r487_heineken,HEINEKEN,487,C,制造业,Manufacturing,primary_secondary_mixed,explicit_primary_secondary_mention_without_ratio,,heineken_n_v_annual_report_2024_final_20feb2025.pdf,251,"s to GHG emissions from entities HEINEKEN operationally controls. – To calculate Scope 1 and 2 GHG emissions, the GHG Protocol Corporate Standard (version 2004) and Scope 2 Guidance (version 2015) methodology are applied. – Energy consumpti",explicit primary secondary mention without ratio,Method-row source-mix inference,false,false,false,false,false,,seed_batch_11 | seed_batch_11 | seed_batch_11
r487_heineken,HEINEKEN,487,C,制造业,Manufacturing,primary_secondary_mixed,explicit_primary_secondary_mention_without_ratio,,heineken_n_v_annual_report_2024_final_20feb2025.pdf,251,"s to GHG emissions from entities HEINEKEN operationally controls. – To calculate Scope 1 and 2 GHG emissions, the GHG Protocol Corporate Standard (version 2004) and Scope 2 Guidance (version 2015) methodology are applied. – Energy consumpti",explicit primary secondary mention without ratio,Method-row source-mix inference,false,false,false,false,false,,seed_batch_11 | seed_batch_11 | seed_batch_11
r481_arrowelectronics,ARROW ELECTRONICS,481,F,批发和零售业,Wholesale and Retail Trade,primary,supplier_specific_data,,2024-ARROW ELECTRONICS-Corporate-Stewardship-and-Impact-Report-1.pdf,36,ded a new fleet management tool to improve the accuracy of fleet fuel use and emissions reporting • Incorporated supplier-specific data into our Scope 3 Category 1 “purchased goods and services” inventory • Transitioned the majority of our,supplier specific data,Method-row source-mix inference,false,true,false,false,false,,seed_batch_10 | seed_batch_10 | seed_batch_10
r481_arrowelectronics,ARROW ELECTRONICS,481,F,批发和零售业,Wholesale and Retail Trade,primary,supplier_specific_data,,2024-ARROW ELECTRONICS-Corporate-Stewardship-and-Impact-Report-1.pdf,36,ded a new fleet management tool to improve the accuracy of fleet fuel use and emissions reporting • Incorporated supplier-specific data into our Scope 3 Category 1 “purchased goods and services” inventory • Transitioned the majority of our,supplier specific data,Method-row source-mix inference,false,true,false,false,false,,seed_batch_10 | seed_batch_10 | seed_batch_10
r481_arrowelectronics,ARROW ELECTRONICS,481,F,批发和零售业,Wholesale and Retail Trade,primary,supplier_specific_data,,2024-ARROW ELECTRONICS-Corporate-Stewardship-and-Impact-Report-1.pdf,36,ded a new fleet management tool to improve the accuracy of fleet fuel use and emissions reporting • Incorporated supplier-specific data into our Scope 3 Category 1 “purchased goods and services” inventory • Transitioned the majority of our,supplier specific data,Method-row source-mix inference,false,true,false,false,false,,seed_batch_10 | seed_batch_10 | seed_batch_10
r358_omvgroup,OMV GROUP,358,D,电力、热力、燃气及水生产和供应业,"Electricity, Heat, Gas and Water Production and Supply",primary_secondary_mixed,explicit_primary_secondary_mention_without_ratio,,entire-omv-ar24.pdf,111,"The GHG targets in the annual bonus (i.e., reducing Scope 1 and 2 emissions) and the LTIP (i.e., reducing the carbon intensity of energy supply) are clearly linked and directly derived from the OMV GHG emissions reduction targets for 2030 a",explicit primary secondary mention without ratio,Method-row source-mix inference,false,false,false,false,false,,seed_batch_14 | seed_batch_14 | seed_batch_14
r358_omvgroup,OMV GROUP,358,D,电力、热力、燃气及水生产和供应业,"Electricity, Heat, Gas and Water Production and Supply",primary_secondary_mixed,explicit_primary_secondary_mention_without_ratio,,entire-omv-ar24.pdf,209,us 2024 [MDR-T-80j] 0.2% methane intensity (2023: 0.3%) This voluntary target is monitored and reviewed annually. [E1-4.33] Additional performance parameters that contribute to managing OMV’s decarbonization include:  Reducing carbon inten,explicit primary secondary mention without ratio,Method-row source-mix inference,false,false,false,false,false,,seed_batch_14 | seed_batch_14 | seed_batch_14
r358_omvgroup,OMV GROUP,358,D,电力、热力、燃气及水生产和供应业,"Electricity, Heat, Gas and Water Production and Supply",primary_secondary_mixed,explicit_primary_secondary_mention_without_ratio,,entire-omv-ar24.pdf,216,Scope 1 GHG emissions are calculated by multiplying activity data with emission factors.,explicit primary secondary mention without ratio,Method-row source-mix inference,false,false,false,false,false,,seed_batch_14 | seed_batch_14 | seed_batch_14
r036_fordmotor,FORD MOTOR,36,C,制造业,Manufacturing,primary,explicit_reported_primary_data_percentage,7,2025-integrated-sustainability-and-financial-report-FORD MOTOR.pdf,193,Primary data Primary data obtained from suppliers or value chain partners has been used to calculate 7% of significant scope 3 GHG emissions (E1-6 AR 46g). Primary data obtained from suppliers or value chain partners has been used to calculate 7% of significant scope 3 GHG emissions (E1-6 AR ... Primary data obtained from suppliers or value chain partners has been used to calculate 7% of significant scope 3 GHG emis…,explicit reported primary data percentage,Explicit reported primary-data percentage,true,false,false,false,false,,seed_batch_02 | seed_batch_02 | seed_batch_02 | seed_batch_02
r036_fordmotor,FORD MOTOR,36,C,制造业,Manufacturing,primary,explicit_reported_primary_data_percentage,7,2025-integrated-sustainability-and-financial-report-FORD MOTOR.pdf,13,ted $76.8 million in charitable contributions ●$2.4 billion invested in communities globally since 1949 ●1.8 million employee volunteer hours since 2005 through the Ford Volunteer Corps PLANET ●356 million metric tons of greenhouse gases (G,explicit reported primary data percentage,Explicit reported primary-data percentage,true,false,false,false,false,,seed_batch_02 | seed_batch_02 | seed_batch_02 | seed_batch_02
r036_fordmotor,FORD MOTOR,36,C,制造业,Manufacturing,primary,explicit_reported_primary_data_percentage,7,2025-integrated-sustainability-and-financial-report-FORD MOTOR.pdf,13,ted $76.8 million in charitable contributions ●$2.4 billion invested in communities globally since 1949 ●1.8 million employee volunteer hours since 2005 through the Ford Volunteer Corps PLANET ●356 million metric tons of greenhouse gases (G,explicit reported primary data percentage,Explicit reported primary-data percentage,true,false,false,false,false,,seed_batch_02 | seed_batch_02 | seed_batch_02 | seed_batch_02
r036_fordmotor,FORD MOTOR,36,C,制造业,Manufacturing,primary,explicit_reported_primary_data_percentage,7,2025-integrated-sustainability-and-financial-report-FORD MOTOR.pdf,14,SUSTAINABILITY ASPIRATIONS TARGETS AND KEY PERFORMANCE INDICATORS PROGRESS UN SUSTAINABLE DEVELOPMENT GOALS Climate Change Achieve carbon neutrality no later than 2050 →Read More: In Achieving Carbon Neutrality on p.60 VEHICLES Reduce Scope,explicit reported primary data percentage,Explicit reported primary-data percentage,true,false,false,false,false,,seed_batch_02 | seed_batch_02 | seed_batch_02 | seed_batch_02
r016_mckesson,MCKESSON,16,F,批发和零售业,Wholesale and Retail Trade,primary_secondary_mixed,explicit_primary_secondary_mention_without_ratio,,McKesson Impact Report 2024.pdf,62,n of FY24 Proxy See Risk Factors: General Risks section of FY24 Form 10-K Metrics & Target a) Disclose the metrics used by the organization to assess climate- related risks and opportunities in line with its strategy and risk management pr,explicit primary secondary mention without ratio,Method-row source-mix inference,false,false,false,false,false,,seed_batch_01 | seed_batch_01 | seed_batch_01
r016_mckesson,MCKESSON,16,F,批发和零售业,Wholesale and Retail Trade,primary_secondary_mixed,explicit_primary_secondary_mention_without_ratio,,McKesson Impact Report 2024.pdf,62,n of FY24 Proxy See Risk Factors: General Risks section of FY24 Form 10-K Metrics & Target a) Disclose the metrics used by the organization to assess climate- related risks and opportunities in line with its strategy and risk management pr,explicit primary secondary mention without ratio,Method-row source-mix inference,false,false,false,false,false,,seed_batch_01 | seed_batch_01 | seed_batch_01
r016_mckesson,MCKESSON,16,F,批发和零售业,Wholesale and Retail Trade,primary_secondary_mixed,explicit_primary_secondary_mention_without_ratio,,McKesson Impact Report 2024.pdf,62,n of FY24 Proxy See Risk Factors: General Risks section of FY24 Form 10-K Metrics & Target a) Disclose the metrics used by the organization to assess climate- related risks and opportunities in line with its strategy and risk management pr,explicit primary secondary mention without ratio,Method-row source-mix inference,false,false,false,false,false,,seed_batch_01 | seed_batch_01 | seed_batch_01
r247_repsol,REPSOL,247,D,电力、热力、燃气及水生产和供应业,"Electricity, Heat, Gas and Water Production and Supply",primary,explicit_reported_primary_data_percentage,91.7,REPSOL consolidated-statement-non-financial-information-sustainability-information-2024.pdf,136,"data pr... Other considerations • The percentage of Scope 3 emissions calculated using primary data obtained from suppliers or other partners in the... Other considerations • The percentage of Scope 3 emissions calculated using primary data obtained from suppliers or other partners in the value chain is 91.7%, including data provided by flight travel agencies for category 6, category 15 em",explicit reported primary data percentage,Explicit reported primary-data percentage,true,false,false,false,false,,seed_batch_06 | seed_batch_06 | seed_batch_06 | seed_batch_06
r247_repsol,REPSOL,247,D,电力、热力、燃气及水生产和供应业,"Electricity, Heat, Gas and Water Production and Supply",primary,explicit_reported_primary_data_percentage,91.7,REPSOL consolidated-statement-non-financial-information-sustainability-information-2024.pdf,134,Methodology for calculating GHG emissions Scope 1 and 2 emissions are those derived from operations and processes at the Company's facilities.,explicit reported primary data percentage,Explicit reported primary-data percentage,true,false,false,false,false,,seed_batch_06 | seed_batch_06 | seed_batch_06 | seed_batch_06
r247_repsol,REPSOL,247,D,电力、热力、燃气及水生产和供应业,"Electricity, Heat, Gas and Water Production and Supply",primary,explicit_reported_primary_data_percentage,91.7,REPSOL consolidated-statement-non-financial-information-sustainability-information-2024.pdf,135,Category 6: Business travel This category is estimated based on 2023 data.,explicit reported primary data percentage,Explicit reported primary-data percentage,true,false,false,false,false,,seed_batch_06 | seed_batch_06 | seed_batch_06 | seed_batch_06
r247_repsol,REPSOL,247,D,电力、热力、燃气及水生产和供应业,"Electricity, Heat, Gas and Water Production and Supply",primary,explicit_reported_primary_data_percentage,91.7,REPSOL consolidated-statement-non-financial-information-sustainability-information-2024.pdf,135,Category 6: Business travel This category is estimated based on 2023 data.,explicit reported primary data percentage,Explicit reported primary-data percentage,true,false,false,false,false,,seed_batch_06 | seed_batch_06 | seed_batch_06 | seed_batch_06
r469_novonordisk,NOVO NORDISK,469,C,制造业,Manufacturing,primary,explicit_reported_primary_data_percentage,12,novo-nordisk-annual-report-2024.pdf,57,"Primary data In 2024, approximately 12% of scope 3 emissions were calculated using primary data. In 2024, approximately 12% of scope 3 emissions were calculated using primary data. In 2024, approximately 12% of scope 3 emissions were calculated using primary data.",explicit reported primary data percentage,Explicit reported primary-data percentage,true,false,false,false,false,,seed_batch_10 | seed_batch_10 | seed_batch_10 | seed_batch_10
r469_novonordisk,NOVO NORDISK,469,C,制造业,Manufacturing,primary,explicit_reported_primary_data_percentage,12,novo-nordisk-annual-report-2024.pdf,57,"In 2024, approximately 12% of scope 3 emissions were calculated using primary data.",explicit reported primary data percentage,Explicit reported primary-data percentage,true,false,false,false,false,,seed_batch_10 | seed_batch_10 | seed_batch_10 | seed_batch_10
r469_novonordisk,NOVO NORDISK,469,C,制造业,Manufacturing,primary,explicit_reported_primary_data_percentage,12,novo-nordisk-annual-report-2024.pdf,57,"ssion factors and volume conversions. • Capital goods (category 2) updates include adjusting existing spend-based factors, using supplier-specific information when available, and developing new spend-based factors from bills of material. •",explicit reported primary data percentage,Explicit reported primary-data percentage,true,false,false,false,false,,seed_batch_10 | seed_batch_10 | seed_batch_10 | seed_batch_10
r469_novonordisk,NOVO NORDISK,469,C,制造业,Manufacturing,primary,explicit_reported_primary_data_percentage,12,novo-nordisk-annual-report-2024.pdf,57,"ssion factors and volume conversions. • Capital goods (category 2) updates include adjusting existing spend-based factors, using supplier-specific information when available, and developing new spend-based factors from bills of material. •",explicit reported primary data percentage,Explicit reported primary-data percentage,true,false,false,false,false,,seed_batch_10 | seed_batch_10 | seed_batch_10 | seed_batch_10
r374_lufthansagroup,LUFTHANSA GROUP,374,G,交通运输、仓储和邮政业,"Transport, Storage and Post",primary,explicit_reported_primary_data_percentage,89.47,LH-AR-2024-e.pdf,180,Primary data Investments The percentage of primary data used for all Scope 3 emissions is 89.47%. Investments The percentage of primary data used for all Scope 3 emissions is 89.47%. Investments The percentage of primary data used for all Scope 3 emissions is 89.47%.,explicit reported primary data percentage,Explicit reported primary-data percentage,true,false,false,false,false,,seed_batch_12 | seed_batch_12 | seed_batch_12 | seed_batch_12
r374_lufthansagroup,LUFTHANSA GROUP,374,G,交通运输、仓储和邮政业,"Transport, Storage and Post",primary,explicit_reported_primary_data_percentage,89.47,LH-AR-2024-e.pdf,176,"Low uncertainty, as based on primary data High Carbon data ­validated by audit company Müller- BBM No further action needed E1-6 Gross Scopes 1, 2, 3 and Total GHG emissions 48b Percentage of Scope 1 GHG emissions covered by the EU ETS Base",explicit reported primary data percentage,Explicit reported primary-data percentage,true,false,false,false,false,,seed_batch_12 | seed_batch_12 | seed_batch_12 | seed_batch_12
r374_lufthansagroup,LUFTHANSA GROUP,374,G,交通运输、仓储和邮政业,"Transport, Storage and Post",primary,explicit_reported_primary_data_percentage,89.47,LH-AR-2024-e.pdf,176,"ription of the assumptions and methodology Sources of measurement uncertainty, if applicable Resulting accuracy level External validation Planned measures for accuracy improvement, if applicable E1-6 Gross Scopes 1, 2, 3 and Total GHG emiss",explicit reported primary data percentage,Explicit reported primary-data percentage,true,false,false,false,false,,seed_batch_12 | seed_batch_12 | seed_batch_12 | seed_batch_12
r374_lufthansagroup,LUFTHANSA GROUP,374,G,交通运输、仓储和邮政业,"Transport, Storage and Post",primary,explicit_reported_primary_data_percentage,89.47,LH-AR-2024-e.pdf,178,"For the other emissions data in this category (B, C and D), data is retrieved from third parties and estimation methods are used, which means there may be measurement uncertainty A) High, B to D) Medium Carbon data validated by audit compan",explicit reported primary data percentage,Explicit reported primary-data percentage,true,false,false,false,false,,seed_batch_12 | seed_batch_12 | seed_batch_12 | seed_batch_12
r027_cardinalhealth,CARDINAL HEALTH,27,F,批发和零售业,Wholesale and Retail Trade,primary_secondary_mixed,explicit_primary_secondary_mention_without_ratio,,cardinal-health-fy24-ESG-report.pdf,105,"The following table contains details regarding boundaries, activity data, and emissions factors used for each Scope 3 category: Scope 3 Category Methodology Emissions Factors Purchased goods and services Emissions are calculated using a hyb",explicit primary secondary mention without ratio,Method-row source-mix inference,false,false,false,false,false,,seed_batch_01 | seed_batch_01 | seed_batch_01
r027_cardinalhealth,CARDINAL HEALTH,27,F,批发和零售业,Wholesale and Retail Trade,primary_secondary_mixed,explicit_primary_secondary_mention_without_ratio,,cardinal-health-fy24-ESG-report.pdf,105,"The following table contains details regarding boundaries, activity data, and emissions factors used for each Scope 3 category: Scope 3 Category Methodology Emissions Factors Purchased goods and services Emissions are calculated using a hyb",explicit primary secondary mention without ratio,Method-row source-mix inference,false,false,false,false,false,,seed_batch_01 | seed_batch_01 | seed_batch_01
r027_cardinalhealth,CARDINAL HEALTH,27,F,批发和零售业,Wholesale and Retail Trade,primary_secondary_mixed,explicit_primary_secondary_mention_without_ratio,,cardinal-health-fy24-ESG-report.pdf,105,"The following table contains details regarding boundaries, activity data, and emissions factors used for each Scope 3 category: Scope 3 Category Methodology Emissions Factors Purchased goods and services Emissions are calculated using a hyb",explicit primary secondary mention without ratio,Method-row source-mix inference,false,false,false,false,false,,seed_batch_01 | seed_batch_01 | seed_batch_01
r297_sanofi,SANOFI,297,C,制造业,Manufacturing,primary_secondary_mixed,explicit_primary_secondary_mention_without_ratio,,SANOFI-sustainability-statement-2024--ESG-Report-.pdf,133,Scope 2 indirect emissions resulting from energy purchased externally are taken into account as follows: • emissions linked to electricity generation: emission factors are taken from data published i.e by the International Energy Agency OEC,explicit primary secondary mention without ratio,Method-row source-mix inference,false,false,false,false,false,,seed_batch_07 | seed_batch_07 | seed_batch_07
r297_sanofi,SANOFI,297,C,制造业,Manufacturing,primary_secondary_mixed,explicit_primary_secondary_mention_without_ratio,,SANOFI-sustainability-statement-2024--ESG-Report-.pdf,133,Scope 2 indirect emissions resulting from energy purchased externally are taken into account as follows: • emissions linked to electricity generation: emission factors are taken from data published i.e by the International Energy Agency OEC,explicit primary secondary mention without ratio,Method-row source-mix inference,false,false,false,false,false,,seed_batch_07 | seed_batch_07 | seed_batch_07
r297_sanofi,SANOFI,297,C,制造业,Manufacturing,primary_secondary_mixed,explicit_primary_secondary_mention_without_ratio,,SANOFI-sustainability-statement-2024--ESG-Report-.pdf,134,"% modelled 0n primary data and assumed waste treatment, 50% modeled based on unused medicinal products study GHG calculation: 100% cross-industry emission factors 15.",explicit primary secondary mention without ratio,Method-row source-mix inference,false,false,false,false,false,,seed_batch_07 | seed_batch_07 | seed_batch_07
r082_allianz,ALLIANZ,82,J,金融业,Finance,primary,explicit_reported_primary_data_percentage,34,en-allianz-group-annual-report-2024.pdf,102,Primary data The percentage of Scope 3 emissions in our GHG inventory calculated using primary data is 34 % across our proprietary investments and own operations. The percentage of Scope 3 emissions in our GHG inventory calculated using primary data is 34 % across our proprietary investments and own... The percentage of Scope 3 emissions in our GHG inventory calculated using primary data is 34 % across our proprieta…,explicit reported primary data percentage,Explicit reported primary-data percentage,true,false,false,false,false,,seed_batch_03 | seed_batch_03 | seed_batch_03 | seed_batch_03
r082_allianz,ALLIANZ,82,J,金融业,Finance,primary,explicit_reported_primary_data_percentage,34,en-allianz-group-annual-report-2024.pdf,102,The percentage of Scope 3 emissions in our GHG inventory calculated using primary data is 34 % across our proprietary investments and own operations.,explicit reported primary data percentage,Explicit reported primary-data percentage,true,false,false,false,false,,seed_batch_03 | seed_batch_03 | seed_batch_03 | seed_batch_03
r082_allianz,ALLIANZ,82,J,金融业,Finance,primary,explicit_reported_primary_data_percentage,34,en-allianz-group-annual-report-2024.pdf,102,The percentage of Scope 3 emissions in our GHG inventory calculated using primary data is 34 % across our proprietary investments and own operations.,explicit reported primary data percentage,Explicit reported primary-data percentage,true,false,false,false,false,,seed_batch_03 | seed_batch_03 | seed_batch_03 | seed_batch_03
r082_allianz,ALLIANZ,82,J,金融业,Finance,primary,explicit_reported_primary_data_percentage,34,en-allianz-group-annual-report-2024.pdf,102,The percentage of Scope 3 emissions in our GHG inventory calculated using primary data is 34 % across our proprietary investments and own operations.,explicit reported primary data percentage,Explicit reported primary-data percentage,true,false,false,false,false,,seed_batch_03 | seed_batch_03 | seed_batch_03 | seed_batch_03
r200_bancobilbaovizcayaargentaria,BANCO BILBAO VIZCAYA ARGENTARIA,200,J,金融业,Finance,primary_secondary_mixed,explicit_primary_secondary_mention_without_ratio,,BBVA_Annual_Report_2024_ENG.pdf,108,"ation of FIXED and VARIABLE INCOME TOTAL 2024 Considering the same perimeter as at the end of 2023, financed emissions have been reduced by 15.3%, from 159.1 to 134.69 MtCO2e.",explicit primary secondary mention without ratio,Method-row source-mix inference,false,false,false,false,false,,seed_batch_12 | seed_batch_12 | seed_batch_12
r200_bancobilbaovizcayaargentaria,BANCO BILBAO VIZCAYA ARGENTARIA,200,J,金融业,Finance,primary_secondary_mixed,explicit_primary_secondary_mention_without_ratio,,BBVA_Annual_Report_2024_ENG.pdf,108,"ation of FIXED and VARIABLE INCOME TOTAL 2024 Considering the same perimeter as at the end of 2023, financed emissions have been reduced by 15.3%, from 159.1 to 134.69 MtCO2e.",explicit primary secondary mention without ratio,Method-row source-mix inference,false,false,false,false,false,,seed_batch_12 | seed_batch_12 | seed_batch_12
r200_bancobilbaovizcayaargentaria,BANCO BILBAO VIZCAYA ARGENTARIA,200,J,金融业,Finance,primary_secondary_mixed,explicit_primary_secondary_mention_without_ratio,,BBVA_Annual_Report_2024_ENG.pdf,108,"ation of FIXED and VARIABLE INCOME TOTAL 2024 Considering the same perimeter as at the end of 2023, financed emissions have been reduced by 15.3%, from 159.1 to 134.69 MtCO2e.",explicit primary secondary mention without ratio,Method-row source-mix inference,false,false,false,false,false,,seed_batch_12 | seed_batch_12 | seed_batch_12
r205_deutschebank,DEUTSCHE BANK,205,J,金融业,Finance,primary,explicit_reported_primary_data_percentage,41,Deutsche_Bank_Annual_Report_2024.pdf,312,"s over time – As of year-end 2024, the share of primary data used for t... Methodology and data changes may significantly impact the estimates over time – As of year-end 2024, the share of primary data used for the calculation of Scope 1 and 2 was 41%, and 17% for Scope 3 financed emissions, on a total loan commit",explicit reported primary data percentage,Explicit reported primary-data percentage,true,false,false,false,false,,seed_batch_12 | seed_batch_12 | seed_batch_12 | seed_batch_12
r205_deutschebank,DEUTSCHE BANK,205,J,金融业,Finance,primary,explicit_reported_primary_data_percentage,41,Deutsche_Bank_Annual_Report_2024.pdf,303,The year-on-year increase in financed emissions can be explained by three factors: (i) client emission factors (tCO2/€ m) which led to an increase of 1.9 MtCO2/y;,explicit reported primary data percentage,Explicit reported primary-data percentage,true,false,false,false,false,,seed_batch_12 | seed_batch_12 | seed_batch_12 | seed_batch_12
r205_deutschebank,DEUTSCHE BANK,205,J,金融业,Finance,primary,explicit_reported_primary_data_percentage,41,Deutsche_Bank_Annual_Report_2024.pdf,303,The year-on-year increase in financed emissions can be explained by three factors: (i) client emission factors (tCO2/€ m) which led to an increase of 1.9 MtCO2/y;,explicit reported primary data percentage,Explicit reported primary-data percentage,true,false,false,false,false,,seed_batch_12 | seed_batch_12 | seed_batch_12 | seed_batch_12
r205_deutschebank,DEUTSCHE BANK,205,J,金融业,Finance,primary,explicit_reported_primary_data_percentage,41,Deutsche_Bank_Annual_Report_2024.pdf,303,The year-on-year increase in financed emissions can be explained by three factors: (i) client emission factors (tCO2/€ m) which led to an increase of 1.9 MtCO2/y;,explicit reported primary data percentage,Explicit reported primary-data percentage,true,false,false,false,false,,seed_batch_12 | seed_batch_12 | seed_batch_12 | seed_batch_12
r011_volkswagen,VOLKSWAGEN,11,C,制造业,Manufacturing,primary_secondary_mixed,explicit_primary_secondary_mention_without_ratio,,2023_Volkswagen_Group_Sustainability_Report.pdf,67,"Category 7:4 Employee commuting in metric tons of CO₂/in % 1,114,774/ 0.3 1,099,091/ 0.3 The CO₂ emissions are based on activity data that were collected in a specific survey representing commuting to/from our largest site in Wolfsburg.",explicit primary secondary mention without ratio,Method-row source-mix inference,false,false,false,false,false,,seed_batch_01 | seed_batch_01 | seed_batch_01
r011_volkswagen,VOLKSWAGEN,11,C,制造业,Manufacturing,primary_secondary_mixed,explicit_primary_secondary_mention_without_ratio,,2023_Volkswagen_Group_Sustainability_Report.pdf,67,"Category 7:4 Employee commuting in metric tons of CO₂/in % 1,114,774/ 0.3 1,099,091/ 0.3 The CO₂ emissions are based on activity data that were collected in a specific survey representing commuting to/from our largest site in Wolfsburg.",explicit primary secondary mention without ratio,Method-row source-mix inference,false,false,false,false,false,,seed_batch_01 | seed_batch_01 | seed_batch_01
r011_volkswagen,VOLKSWAGEN,11,C,制造业,Manufacturing,primary_secondary_mixed,explicit_primary_secondary_mention_without_ratio,,2023_Volkswagen_Group_Sustainability_Report.pdf,67,"Category 7:4 Employee commuting in metric tons of CO₂/in % 1,114,774/ 0.3 1,099,091/ 0.3 The CO₂ emissions are based on activity data that were collected in a specific survey representing commuting to/from our largest site in Wolfsburg.",explicit primary secondary mention without ratio,Method-row source-mix inference,false,false,false,false,false,,seed_batch_01 | seed_batch_01 | seed_batch_01
r097_enel,ENEL,97,I,信息传输、软件和信息技术服务业,"Information Transmission, Software and Information Technology Services",primary,explicit_reported_primary_data_percentage,7,ENEL-integrated-annual-report_2024.pdf,147,"% of Scope 3 emissions were calculated with primary data on emission factors supplied by suppliers, collected using EPD (Environmental Prod- uct Declaration) systems o... In 2024, 7% of Scope 3 emissions were calculated with primary data on emission factors supplied by suppliers, collected using EPD (Enviro... In 2024, 7% of Scope 3 emissions were calculated with primary data on emission factors supplied by suppli",explicit reported primary data percentage,Explicit reported primary-data percentage,true,false,false,false,false,,seed_batch_13 | seed_batch_13 | seed_batch_13 | seed_batch_13
r097_enel,ENEL,97,I,信息传输、软件和信息技术服务业,"Information Transmission, Software and Information Technology Services",primary,explicit_reported_primary_data_percentage,7,ENEL-integrated-annual-report_2024.pdf,142,"Furthermore, for the calculation of Scope 3 – category 3.D (Generation of purchased electricity that is sold to customers), the emission factor of the national electricity system of Argentina was updated to consider the data of the national",explicit reported primary data percentage,Explicit reported primary-data percentage,true,false,false,false,false,,seed_batch_13 | seed_batch_13 | seed_batch_13 | seed_batch_13
r097_enel,ENEL,97,I,信息传输、软件和信息技术服务业,"Information Transmission, Software and Information Technology Services",primary,explicit_reported_primary_data_percentage,7,ENEL-integrated-annual-report_2024.pdf,142,"Furthermore, for the calculation of Scope 3 – category 3.D (Generation of purchased electricity that is sold to customers), the emission factor of the national electricity system of Argentina was updated to consider the data of the national",explicit reported primary data percentage,Explicit reported primary-data percentage,true,false,false,false,false,,seed_batch_13 | seed_batch_13 | seed_batch_13 | seed_batch_13
r097_enel,ENEL,97,I,信息传输、软件和信息技术服务业,"Information Transmission, Software and Information Technology Services",primary,explicit_reported_primary_data_percentage,7,ENEL-integrated-annual-report_2024.pdf,142,"Furthermore, for the calculation of Scope 3 – category 3.D (Generation of purchased electricity that is sold to customers), the emission factor of the national electricity system of Argentina was updated to consider the data of the national",explicit reported primary data percentage,Explicit reported primary-data percentage,true,false,false,false,false,,seed_batch_13 | seed_batch_13 | seed_batch_13 | seed_batch_13
r278_americanairlinesgroup,AMERICAN AIRLINES GROUP,278,G,交通运输、仓储和邮政业,"Transport, Storage and Post",primary_secondary_mixed,explicit_primary_secondary_mention_without_ratio,,American-Airlines-Sustainability-Report-2024.pdf,93,Scope 1 emissions Source Method Emissions factor Inputs Mobile combustion Emission factors applied to volumes determined from primary use data or estimated volumes based on primary spend data • Volumetric factors are from the Environmental,explicit primary secondary mention without ratio,Method-row source-mix inference,false,false,false,false,false,,seed_batch_07 | seed_batch_07 | seed_batch_07
r278_americanairlinesgroup,AMERICAN AIRLINES GROUP,278,G,交通运输、仓储和邮政业,"Transport, Storage and Post",primary_secondary_mixed,explicit_primary_secondary_mention_without_ratio,,American-Airlines-Sustainability-Report-2024.pdf,93,Scope 1 emissions Source Method Emissions factor Inputs Mobile combustion Emission factors applied to volumes determined from primary use data or estimated volumes based on primary spend data • Volumetric factors are from the Environmental,explicit primary secondary mention without ratio,Method-row source-mix inference,false,false,false,false,false,,seed_batch_07 | seed_batch_07 | seed_batch_07
r278_americanairlinesgroup,AMERICAN AIRLINES GROUP,278,G,交通运输、仓储和邮政业,"Transport, Storage and Post",primary_secondary_mixed,explicit_primary_secondary_mention_without_ratio,,American-Airlines-Sustainability-Report-2024.pdf,94,"bills • Square footage of buildings Category 4, upstream transportation and distribution Volume based • Emission factors used to calculate Scope 1 and Scope 3 emissions for jet fuel Supplier invoices c.",explicit primary secondary mention without ratio,Method-row source-mix inference,false,false,false,false,false,,seed_batch_07 | seed_batch_07 | seed_batch_07
r124_unitedparcelservice,UNITED PARCEL SERVICE,124,G,交通运输、仓储和邮政业,"Transport, Storage and Post",primary_secondary_mixed,explicit_primary_secondary_mention_without_ratio,,2024-UPS-GRI-Report.pdf,5,"Please send comments or questions about this report to sustainability@ups.com or in writing to: UPS Attention: Sustainability Building 1, Floor 4 55 Glenlake Parkway Atlanta, Georgia 30328 2-4 Restatements of information In the 2024 GHG inv",explicit primary secondary mention without ratio,Method-row source-mix inference,false,false,false,false,false,,seed_batch_13 | seed_batch_13 | seed_batch_13
r124_unitedparcelservice,UNITED PARCEL SERVICE,124,G,交通运输、仓储和邮政业,"Transport, Storage and Post",primary_secondary_mixed,explicit_primary_secondary_mention_without_ratio,,2024-UPS-GRI-Report.pdf,5,"Please send comments or questions about this report to sustainability@ups.com or in writing to: UPS Attention: Sustainability Building 1, Floor 4 55 Glenlake Parkway Atlanta, Georgia 30328 2-4 Restatements of information In the 2024 GHG inv",explicit primary secondary mention without ratio,Method-row source-mix inference,false,false,false,false,false,,seed_batch_13 | seed_batch_13 | seed_batch_13
r124_unitedparcelservice,UNITED PARCEL SERVICE,124,G,交通运输、仓储和邮政业,"Transport, Storage and Post",primary_secondary_mixed,explicit_primary_secondary_mention_without_ratio,,2024-UPS-GRI-Report.pdf,53,"cilities we own or lease • Supply Chain Solutions: Electricity usage for facilities we own or lease Operational Boundary – Detailed Description Scope 3 Note regarding the interpretation of value chain partner: Prior to 2022, the definition",explicit primary secondary mention without ratio,Method-row source-mix inference,false,false,false,false,false,,seed_batch_13 | seed_batch_13 | seed_batch_13
r344_continental,CONTINENTAL,344,C,制造业,Manufacturing,primary_secondary_mixed,explicit_primary_secondary_mention_without_ratio,,CONTINENTAL annual-report-2024.pdf,137,"Continental’s progress regarding the set emissions reduction target can be derived from the metric “Combined own Scope 1 and market- based Scope 2 GHG emissions.” Progress is measured using the defined metric, which was fully adapted to the",explicit primary secondary mention without ratio,Method-row source-mix inference,false,false,false,false,false,,seed_batch_08 | seed_batch_08 | seed_batch_08
r344_continental,CONTINENTAL,344,C,制造业,Manufacturing,primary_secondary_mixed,explicit_primary_secondary_mention_without_ratio,,CONTINENTAL annual-report-2024.pdf,137,"Continental’s progress regarding the set emissions reduction target can be derived from the metric “Combined own Scope 1 and market- based Scope 2 GHG emissions.” Progress is measured using the defined metric, which was fully adapted to the",explicit primary secondary mention without ratio,Method-row source-mix inference,false,false,false,false,false,,seed_batch_08 | seed_batch_08 | seed_batch_08
r344_continental,CONTINENTAL,344,C,制造业,Manufacturing,primary_secondary_mixed,explicit_primary_secondary_mention_without_ratio,,CONTINENTAL annual-report-2024.pdf,139,"to implement the targets related to climate change OpEx for key actions 2024 OpEx for key actions to implement the targets related to climate change, in € millions 5 Definitions, assumptions, and calculation methods: - The Decarbonization R",explicit primary secondary mention without ratio,Method-row source-mix inference,false,false,false,false,false,,seed_batch_08 | seed_batch_08 | seed_batch_08
r263_novartis,NOVARTIS,263,C,制造业,Manufacturing,primary_secondary_mixed,explicit_primary_secondary_mention_without_ratio,,novartis-integrated-report-2024.pdf,29,"on of the purchased goods and services and capital goods categories, which account for 85% of total Scope 3 emissions, is still largely based on proxy data (spend) and statistical modelling through the Environmentally Extended Input Output",explicit primary secondary mention without ratio,Method-row source-mix inference,false,false,false,false,false,,seed_batch_07 | seed_batch_07 | seed_batch_07
r263_novartis,NOVARTIS,263,C,制造业,Manufacturing,primary_secondary_mixed,explicit_primary_secondary_mention_without_ratio,,novartis-integrated-report-2024.pdf,29,"on of the purchased goods and services and capital goods categories, which account for 85% of total Scope 3 emissions, is still largely based on proxy data (spend) and statistical modelling through the Environmentally Extended Input Output",explicit primary secondary mention without ratio,Method-row source-mix inference,false,false,false,false,false,,seed_batch_07 | seed_batch_07 | seed_batch_07
r263_novartis,NOVARTIS,263,C,制造业,Manufacturing,primary_secondary_mixed,explicit_primary_secondary_mention_without_ratio,,novartis-integrated-report-2024.pdf,29,"on of the purchased goods and services and capital goods categories, which account for 85% of total Scope 3 emissions, is still largely based on proxy data (spend) and statistical modelling through the Environmentally Extended Input Output",explicit primary secondary mention without ratio,Method-row source-mix inference,false,false,false,false,false,,seed_batch_07 | seed_batch_07 | seed_batch_07
r121_mitsui,MITSUI,121,L,租赁和商务服务业,Leasing and Business Services,primary_secondary_mixed,explicit_primary_secondary_mention_without_ratio,,SUMITOMO MITSUI FINANCIAL GROUP sustainability_report_e_2025.pdf,126,"3 Fuel- and energy- related activities not included in Scope 1 or Scope 2 • Calculation involves applying emissions units from the Ministry of the Environment’s “Database on Emissions Unit Values for Calculating Greenhouse Gas Emissions, et",explicit primary secondary mention without ratio,Method-row source-mix inference,false,false,false,false,false,,seed_batch_03 | seed_batch_03 | seed_batch_03
r121_mitsui,MITSUI,121,L,租赁和商务服务业,Leasing and Business Services,primary_secondary_mixed,explicit_primary_secondary_mention_without_ratio,,SUMITOMO MITSUI FINANCIAL GROUP sustainability_report_e_2025.pdf,126,"3 Fuel- and energy- related activities not included in Scope 1 or Scope 2 • Calculation involves applying emissions units from the Ministry of the Environment’s “Database on Emissions Unit Values for Calculating Greenhouse Gas Emissions, et",explicit primary secondary mention without ratio,Method-row source-mix inference,false,false,false,false,false,,seed_batch_03 | seed_batch_03 | seed_batch_03
r121_mitsui,MITSUI,121,L,租赁和商务服务业,Leasing and Business Services,primary_secondary_mixed,explicit_primary_secondary_mention_without_ratio,,SUMITOMO MITSUI FINANCIAL GROUP sustainability_report_e_2025.pdf,127,"We also recognize as a challenge the fact that the PCAF database does not include data for estimating Scope 3 downstream GHG emissions. • Due to revisions to the PCAF Standard, changes in definitions based on practical aspects of measuremen",explicit primary secondary mention without ratio,Method-row source-mix inference,false,false,false,false,false,,seed_batch_03 | seed_batch_03 | seed_batch_03
r206_chinavanke,CHINA VANKE,206,K,房地产业,Real Estate,primary_secondary_mixed,explicit_primary_secondary_mention_without_ratio,,2024-CHINA VANKE-sustainability-report.pdf,105,"Total energy consumption Tonne (standard coal) 75,775.3186 Energy consumption intensity Property development, property services, logistics and warehousing, hotel and resort, retail property: Tonne (standard coal)/person 0.5937 Total greenho",explicit primary secondary mention without ratio,Method-row source-mix inference,false,false,false,false,false,,seed_batch_05 | seed_batch_05 | seed_batch_05
r206_chinavanke,CHINA VANKE,206,K,房地产业,Real Estate,primary_secondary_mixed,explicit_primary_secondary_mention_without_ratio,,2024-CHINA VANKE-sustainability-report.pdf,108,"3) For Scope 3 carbon dioxide emissions from Category 6: Business travel (including air and train journeys), the carbon emission factors are derived from the GHG assessment tool provided by the travel service provider;",explicit primary secondary mention without ratio,Method-row source-mix inference,false,false,false,false,false,,seed_batch_05 | seed_batch_05 | seed_batch_05
r206_chinavanke,CHINA VANKE,206,K,房地产业,Real Estate,primary_secondary_mixed,explicit_primary_secondary_mention_without_ratio,,2024-CHINA VANKE-sustainability-report.pdf,108,"3) For Scope 3 carbon dioxide emissions from Category 6: Business travel (including air and train journeys), the carbon emission factors are derived from the GHG assessment tool provided by the travel service provider;",explicit primary secondary mention without ratio,Method-row source-mix inference,false,false,false,false,false,,seed_batch_05 | seed_batch_05 | seed_batch_05
r208_sumitomomitsuifinancialgroup,SUMITOMO MITSUI FINANCIAL GROUP,208,J,金融业,Finance,primary_secondary_mixed,explicit_primary_secondary_mention_without_ratio,,SUMITOMO MITSUI FINANCIAL GROUP sustainability_report_e_2025.pdf,126,"3 Fuel- and energy- related activities not included in Scope 1 or Scope 2 • Calculation involves applying emissions units from the Ministry of the Environment’s “Database on Emissions Unit Values for Calculating Greenhouse Gas Emissions, et",explicit primary secondary mention without ratio,Method-row source-mix inference,false,false,false,false,false,,seed_batch_05 | seed_batch_05 | seed_batch_05
r208_sumitomomitsuifinancialgroup,SUMITOMO MITSUI FINANCIAL GROUP,208,J,金融业,Finance,primary_secondary_mixed,explicit_primary_secondary_mention_without_ratio,,SUMITOMO MITSUI FINANCIAL GROUP sustainability_report_e_2025.pdf,126,"3 Fuel- and energy- related activities not included in Scope 1 or Scope 2 • Calculation involves applying emissions units from the Ministry of the Environment’s “Database on Emissions Unit Values for Calculating Greenhouse Gas Emissions, et",explicit primary secondary mention without ratio,Method-row source-mix inference,false,false,false,false,false,,seed_batch_05 | seed_batch_05 | seed_batch_05
r208_sumitomomitsuifinancialgroup,SUMITOMO MITSUI FINANCIAL GROUP,208,J,金融业,Finance,primary_secondary_mixed,explicit_primary_secondary_mention_without_ratio,,SUMITOMO MITSUI FINANCIAL GROUP sustainability_report_e_2025.pdf,127,"We also recognize as a challenge the fact that the PCAF database does not include data for estimating Scope 3 downstream GHG emissions. • Due to revisions to the PCAF Standard, changes in definitions based on practical aspects of measuremen",explicit primary secondary mention without ratio,Method-row source-mix inference,false,false,false,false,false,,seed_batch_05 | seed_batch_05 | seed_batch_05
r023_totalenergies,TOTALENERGIES,23,B,采矿业,Mining,primary_secondary_mixed,explicit_primary_secondary_mention_without_ratio,,totalenergies_sustainability-climate-2025-progress-report_2025_en.pdf,103,Climate • Direct GHG emissions (operated* and ESRS perimeters) (scope 1). • Indirect GHG emissions from energy use (operated* and ESRS perimeters) (scope 2). • GHG emissions (scopes 1 & 2) from operated oil & gas facilities*. • Other in,explicit primary secondary mention without ratio,Method-row source-mix inference,false,false,false,false,false,,seed_batch_01 | seed_batch_01 | seed_batch_01
r023_totalenergies,TOTALENERGIES,23,B,采矿业,Mining,primary_secondary_mixed,explicit_primary_secondary_mention_without_ratio,,totalenergies_sustainability-climate-2025-progress-report_2025_en.pdf,103,Climate • Direct GHG emissions (operated* and ESRS perimeters) (scope 1). • Indirect GHG emissions from energy use (operated* and ESRS perimeters) (scope 2). • GHG emissions (scopes 1 & 2) from operated oil & gas facilities*. • Other in,explicit primary secondary mention without ratio,Method-row source-mix inference,false,false,false,false,false,,seed_batch_01 | seed_batch_01 | seed_batch_01
r023_totalenergies,TOTALENERGIES,23,B,采矿业,Mining,primary_secondary_mixed,explicit_primary_secondary_mention_without_ratio,,totalenergies_sustainability-climate-2025-progress-report_2025_en.pdf,103,Climate • Direct GHG emissions (operated* and ESRS perimeters) (scope 1). • Indirect GHG emissions from energy use (operated* and ESRS perimeters) (scope 2). • GHG emissions (scopes 1 & 2) from operated oil & gas facilities*. • Other in,explicit primary secondary mention without ratio,Method-row source-mix inference,false,false,false,false,false,,seed_batch_01 | seed_batch_01 | seed_batch_01
r209_lg电子,LG Electronics,209,C,制造业,Manufacturing,primary_secondary_mixed,explicit_primary_secondary_mention_without_ratio,,2024-2025_LGE_Sustainability_Report_English.pdf,25,"21 2,468,350 Category 2 Capital Goods L Tangible fixed assets newly acquired during the reporting year - 400,997 287,860 Category 3 Fuel/Energy-Related Activities L Fuel and energy used in operations, excluding Scope 1 and 2 - 135,070 151,4",explicit primary secondary mention without ratio,Method-row source-mix inference,false,false,false,false,false,,seed_batch_13 | seed_batch_13 | seed_batch_13
r209_lg电子,LG Electronics,209,C,制造业,Manufacturing,primary_secondary_mixed,explicit_primary_secondary_mention_without_ratio,,2024-2025_LGE_Sustainability_Report_English.pdf,25,"21 2,468,350 Category 2 Capital Goods L Tangible fixed assets newly acquired during the reporting year - 400,997 287,860 Category 3 Fuel/Energy-Related Activities L Fuel and energy used in operations, excluding Scope 1 and 2 - 135,070 151,4",explicit primary secondary mention without ratio,Method-row source-mix inference,false,false,false,false,false,,seed_batch_13 | seed_batch_13 | seed_batch_13
r209_lg电子,LG Electronics,209,C,制造业,Manufacturing,primary_secondary_mixed,explicit_primary_secondary_mention_without_ratio,,2024-2025_LGE_Sustainability_Report_English.pdf,25,"21 2,468,350 Category 2 Capital Goods L Tangible fixed assets newly acquired during the reporting year - 400,997 287,860 Category 3 Fuel/Energy-Related Activities L Fuel and energy used in operations, excluding Scope 1 and 2 - 135,070 151,4",explicit primary secondary mention without ratio,Method-row source-mix inference,false,false,false,false,false,,seed_batch_13 | seed_batch_13 | seed_batch_13
r224_zurichinsurancegroup,ZURICH INSURANCE GROUP,224,J,金融业,Finance,primary_secondary_mixed,explicit_primary_secondary_mention_without_ratio,,ZURICH INSURANCE GROUP sustainability-report-2024.pdf,15,tons CO2e/USD million) (compared to 2022) By 2030 Target (20)% Engagement with customers on their transitions (no. of customers) Sept 24 - Sept 25 Target By 2030 Target 65 450 Our people Internal hires 2023 Progress 2024 Progress By 2025 Ta,explicit primary secondary mention without ratio,Method-row source-mix inference,false,false,false,false,false,,seed_batch_06 | seed_batch_06 | seed_batch_06
r224_zurichinsurancegroup,ZURICH INSURANCE GROUP,224,J,金融业,Finance,primary_secondary_mixed,explicit_primary_secondary_mention_without_ratio,,ZURICH INSURANCE GROUP sustainability-report-2024.pdf,53,2 Financed emissions cover scope 1 and 2 of underlying companies (listed equity and listed corporate credit) attributed with enterprise value methodology and matched based on most recently available emission data.,explicit primary secondary mention without ratio,Method-row source-mix inference,false,false,false,false,false,,seed_batch_06 | seed_batch_06 | seed_batch_06
r224_zurichinsurancegroup,ZURICH INSURANCE GROUP,224,J,金融业,Finance,primary_secondary_mixed,explicit_primary_secondary_mention_without_ratio,,ZURICH INSURANCE GROUP sustainability-report-2024.pdf,53,2 Financed emissions cover scope 1 and 2 of underlying companies (listed equity and listed corporate credit) attributed with enterprise value methodology and matched based on most recently available emission data.,explicit primary secondary mention without ratio,Method-row source-mix inference,false,false,false,false,false,,seed_batch_06 | seed_batch_06 | seed_batch_06
r270_unitedairlinesholdings,UNITED AIRLINES HOLDINGS,270,G,交通运输、仓储和邮政业,"Transport, Storage and Post",primary_secondary_mixed,explicit_primary_secondary_mention_without_ratio,,2024-UNITED AIRLINES HOLDINGS-report-interactive.pdf,41,"te Impact Report corporateimpact.united.com – 41 Next OUR ENVIRONMENTAL STRATEGY 1 United’s complete target, as validated by the SBTi states “United Airlines commits to reduce scope 1, 2, and well-to-wake jet fuel GHG emissions, including",explicit primary secondary mention without ratio,Method-row source-mix inference,false,false,false,false,false,,seed_batch_07 | seed_batch_07 | seed_batch_07
r270_unitedairlinesholdings,UNITED AIRLINES HOLDINGS,270,G,交通运输、仓储和邮政业,"Transport, Storage and Post",primary_secondary_mixed,explicit_primary_secondary_mention_without_ratio,,2024-UNITED AIRLINES HOLDINGS-report-interactive.pdf,41,"te Impact Report corporateimpact.united.com – 41 Next OUR ENVIRONMENTAL STRATEGY 1 United’s complete target, as validated by the SBTi states “United Airlines commits to reduce scope 1, 2, and well-to-wake jet fuel GHG emissions, including",explicit primary secondary mention without ratio,Method-row source-mix inference,false,false,false,false,false,,seed_batch_07 | seed_batch_07 | seed_batch_07
r270_unitedairlinesholdings,UNITED AIRLINES HOLDINGS,270,G,交通运输、仓储和邮政业,"Transport, Storage and Post",primary_secondary_mixed,explicit_primary_secondary_mention_without_ratio,,2024-UNITED AIRLINES HOLDINGS-report-interactive.pdf,41,"te Impact Report corporateimpact.united.com – 41 Next OUR ENVIRONMENTAL STRATEGY 1 United’s complete target, as validated by the SBTi states “United Airlines commits to reduce scope 1, 2, and well-to-wake jet fuel GHG emissions, including",explicit primary secondary mention without ratio,Method-row source-mix inference,false,false,false,false,false,,seed_batch_07 | seed_batch_07 | seed_batch_07
r034_agriculturalbankofchina,AGRICULTURAL BANK OF CHINA,34,J,金融业,Finance,primary_secondary_mixed,explicit_primary_secondary_mention_without_ratio,,2024-中国农业银行股份有限公司可持续发展报告.pdf,24,The report states that greenhouse gas accounting follows ISO 14064-1 and presents heat related formulas with activity data and emission factors.,explicit primary secondary mention without ratio,Method-row source-mix inference,false,false,false,false,false,,manual_axis_backfill | manual_axis_backfill | manual_axis_backfill
r034_agriculturalbankofchina,AGRICULTURAL BANK OF CHINA,34,J,金融业,Finance,primary_secondary_mixed,explicit_primary_secondary_mention_without_ratio,,2024-中国农业银行股份有限公司可持续发展报告.pdf,24,The report states that greenhouse gas accounting follows ISO 14064-1 and presents heat related formulas with activity data and emission factors.,explicit primary secondary mention without ratio,Method-row source-mix inference,false,false,false,false,false,,manual_axis_backfill | manual_axis_backfill | manual_axis_backfill
r034_agriculturalbankofchina,AGRICULTURAL BANK OF CHINA,34,J,金融业,Finance,primary_secondary_mixed,explicit_primary_secondary_mention_without_ratio,,2024-中国农业银行股份有限公司可持续发展报告.pdf,24,Structured data-source tag: Primary data|Secondary data; Structured assurance tag: Report disclosure,explicit primary secondary mention without ratio,Method-row source-mix inference,false,false,false,false,false,,manual_axis_backfill | manual_axis_backfill | manual_axis_backfill
r073_hyundaimotor,HYUNDAI MOTOR,73,C,制造业,Manufacturing,primary_secondary_mixed,explicit_primary_secondary_mention_without_ratio,,HYUNDAI MOTOR-hmc-2025-sustainability-report-en-v13.pdf,39,luded 8) Scope 1 and Scope 2 GHG emissions from six of the listed investee companies in which Hyundai owns more than 20% of the shares (emissions are calculated based on the equity share) 9) Emissions for 2022-2023 were recalculated follow,explicit primary secondary mention without ratio,Method-row source-mix inference,false,false,false,false,false,,seed_batch_02 | seed_batch_02 | seed_batch_02
r073_hyundaimotor,HYUNDAI MOTOR,73,C,制造业,Manufacturing,primary_secondary_mixed,explicit_primary_secondary_mention_without_ratio,,HYUNDAI MOTOR-hmc-2025-sustainability-report-en-v13.pdf,40,Standards for calculating GHG emissions required by other regulatory authorities and stock exchanges Scope 3 • GHG Protocol Corporate Value Chain(Scope 3) Accounting and Reporting Standard(2011) Input Variables and Assumptions Classificati,explicit primary secondary mention without ratio,Method-row source-mix inference,false,false,false,false,false,,seed_batch_02 | seed_batch_02 | seed_batch_02
r073_hyundaimotor,HYUNDAI MOTOR,73,C,制造业,Manufacturing,primary_secondary_mixed,explicit_primary_secondary_mention_without_ratio,,HYUNDAI MOTOR-hmc-2025-sustainability-report-en-v13.pdf,40,Standards for calculating GHG emissions required by other regulatory authorities and stock exchanges Scope 3 • GHG Protocol Corporate Value Chain(Scope 3) Accounting and Reporting Standard(2011) Input Variables and Assumptions Classificati,explicit primary secondary mention without ratio,Method-row source-mix inference,false,false,false,false,false,,seed_batch_02 | seed_batch_02 | seed_batch_02
r126_axa,AXA,126,J,金融业,Finance,primary_secondary_mixed,explicit_primary_secondary_mention_without_ratio,,axa_urd2024_accessible_va.pdf,152,This target on AXA's investment emissions (Scope 3.15) has been determined on a bottom‑up approach relying on investment opportunities assumptions and portfolio composition and constraints and is in line with NZAOA (4) recommendation and in,explicit primary secondary mention without ratio,Method-row source-mix inference,false,false,false,false,false,,seed_batch_13 | seed_batch_13 | seed_batch_13
r126_axa,AXA,126,J,金融业,Finance,primary_secondary_mixed,explicit_primary_secondary_mention_without_ratio,,axa_urd2024_accessible_va.pdf,152,This target on AXA's investment emissions (Scope 3.15) has been determined on a bottom‑up approach relying on investment opportunities assumptions and portfolio composition and constraints and is in line with NZAOA (4) recommendation and in,explicit primary secondary mention without ratio,Method-row source-mix inference,false,false,false,false,false,,seed_batch_13 | seed_batch_13 | seed_batch_13
r126_axa,AXA,126,J,金融业,Finance,primary_secondary_mixed,explicit_primary_secondary_mention_without_ratio,,axa_urd2024_accessible_va.pdf,235,"GHG emissions related to the consumption of energy for AXA's agencies reported in Scope 3, category 4 (upstream transport and distribution), are estimated based on the average energy consumption of AXA employees and by applying the relevant",explicit primary secondary mention without ratio,Method-row source-mix inference,false,false,false,false,false,,seed_batch_13 | seed_batch_13 | seed_batch_13
r130_engie集团,Engie,130,D,电力、热力、燃气及水生产和供应业,"Electricity, Heat, Gas and Water Production and Supply",primary_secondary_mixed,explicit_primary_secondary_mention_without_ratio,,ENGIE_DEU_2024_US__PDF_MEL_v3.pdf,113,"By way of information, the impact of changes in emission factors and the granulometry of procurement categories has been estimated as a 43% reduction in the data published in 2023 for the total of Scopes 3.1 and 3.2 (from 8.9 Mt CO2 eq. to",explicit primary secondary mention without ratio,Method-row source-mix inference,false,false,false,false,false,,seed_batch_03 | seed_batch_03 | seed_batch_03
r130_engie集团,Engie,130,D,电力、热力、燃气及水生产和供应业,"Electricity, Heat, Gas and Water Production and Supply",primary_secondary_mixed,explicit_primary_secondary_mention_without_ratio,,ENGIE_DEU_2024_US__PDF_MEL_v3.pdf,120,provides the source data used: • Scope 3.1 “Purchased goods and services” and Scope 3.2 “Capital goods”: these two categories are the only ones without primary data (3.7% of Scope 3).,explicit primary secondary mention without ratio,Method-row source-mix inference,false,false,false,false,false,,seed_batch_03 | seed_batch_03 | seed_batch_03
r130_engie集团,Engie,130,D,电力、热力、燃气及水生产和供应业,"Electricity, Heat, Gas and Water Production and Supply",primary_secondary_mixed,explicit_primary_secondary_mention_without_ratio,,ENGIE_DEU_2024_US__PDF_MEL_v3.pdf,120,provides the source data used: • Scope 3.1 “Purchased goods and services” and Scope 3.2 “Capital goods”: these two categories are the only ones without primary data (3.7% of Scope 3).,explicit primary secondary mention without ratio,Method-row source-mix inference,false,false,false,false,false,,seed_batch_03 | seed_batch_03 | seed_batch_03
r289_maerskgroup,MAERSK GROUP,289,C,制造业,Manufacturing,primary_secondary_mixed,explicit_primary_secondary_mention_without_ratio,,Maersk Annual Report 2024.pdf,90,"We include the full scope 3 impact in the year of investment. • Category 3 – fuel and energy-related activities, which is reported based on actual fuel procured and consumed. • Category 4 – upstream transportation and distribution, which is",explicit primary secondary mention without ratio,Method-row source-mix inference,false,false,false,false,false,,seed_batch_07 | seed_batch_07 | seed_batch_07
r289_maerskgroup,MAERSK GROUP,289,C,制造业,Manufacturing,primary_secondary_mixed,explicit_primary_secondary_mention_without_ratio,,Maersk Annual Report 2024.pdf,90,"We include the full scope 3 impact in the year of investment. • Category 3 – fuel and energy-related activities, which is reported based on actual fuel procured and consumed. • Category 4 – upstream transportation and distribution, which is",explicit primary secondary mention without ratio,Method-row source-mix inference,false,false,false,false,false,,seed_batch_07 | seed_batch_07 | seed_batch_07
r289_maerskgroup,MAERSK GROUP,289,C,制造业,Manufacturing,primary_secondary_mixed,explicit_primary_secondary_mention_without_ratio,,Maersk Annual Report 2024.pdf,90,"We include the full scope 3 impact in the year of investment. • Category 3 – fuel and energy-related activities, which is reported based on actual fuel procured and consumed. • Category 4 – upstream transportation and distribution, which is",explicit primary secondary mention without ratio,Method-row source-mix inference,false,false,false,false,false,,seed_batch_07 | seed_batch_07 | seed_batch_07
r498_瑞士abb集团,ABB,498,C,制造业,Manufacturing,primary_secondary_mixed,explicit_primary_secondary_mention_without_ratio,,ABB Sustainability Statement 2024.pdf,113,generation or for unbundled energy attribute claims 35 GRI 305: Emissions 2016: 305-1 Direct (Scope 1) GHG emissions GRI 305: Emissions 2016: 305-2 Energy indirect (Scope 2) GHG emissions IFRS S2.B31 E1 E1-6 AR 46 g Percentage of GHG scope,explicit primary secondary mention without ratio,Method-row source-mix inference,false,false,false,false,false,,seed_batch_15 | seed_batch_15 | seed_batch_15
r498_瑞士abb集团,ABB,498,C,制造业,Manufacturing,primary_secondary_mixed,explicit_primary_secondary_mention_without_ratio,,ABB Sustainability Statement 2024.pdf,113,"AINABILITY STATEMENT 2024 111 ESRS reference Related AR Name Location GRI1 ISSB2 E1 E1-6 AR 39 b Disclosure of methodologies, significant assumptions and emissions factors used to calculate or measure GHG emissions 35–37 GRI 305: Emissions",explicit primary secondary mention without ratio,Method-row source-mix inference,false,false,false,false,false,,seed_batch_15 | seed_batch_15 | seed_batch_15
r498_瑞士abb集团,ABB,498,C,制造业,Manufacturing,primary_secondary_mixed,explicit_primary_secondary_mention_without_ratio,,ABB Sustainability Statement 2024.pdf,113,generation or for unbundled energy attribute claims 35 GRI 305: Emissions 2016: 305-1 Direct (Scope 1) GHG emissions GRI 305: Emissions 2016: 305-2 Energy indirect (Scope 2) GHG emissions IFRS S2.B31 E1 E1-6 AR 46 g Percentage of GHG scope,explicit primary secondary mention without ratio,Method-row source-mix inference,false,false,false,false,false,,seed_batch_15 | seed_batch_15 | seed_batch_15
r116_indianoil,INDIAN OIL,116,D,电力、热力、燃气及水生产和供应业,"Electricity, Heat, Gas and Water Production and Supply",primary_secondary_mixed,explicit_primary_secondary_mention_without_ratio,,INDIAN OIL-IOCL-Sustainability-Report-2023-24.pdf,121,"2022-23 2023-24 Total (lakh nos.) 40.59 50.36 59.98 Size and location of all habitat areas restored (Ecopark + Greenbelt area in hectares) - - 2,318 Note: The data pertains to tree plantation undertaken within and beyond operational boundar",explicit primary secondary mention without ratio,Method-row source-mix inference,false,false,false,false,false,,seed_batch_03 | seed_batch_03 | seed_batch_03
r116_indianoil,INDIAN OIL,116,D,电力、热力、燃气及水生产和供应业,"Electricity, Heat, Gas and Water Production and Supply",primary_secondary_mixed,explicit_primary_secondary_mention_without_ratio,,INDIAN OIL-IOCL-Sustainability-Report-2023-24.pdf,122,been purchased **We have improved our data collection and calculation methodologies therefore we are disclosing this category for FY 2021-22. ***This data is a restatement from previous year GRI 305-4 GHG emissions intensity Parameter 2021-,explicit primary secondary mention without ratio,Method-row source-mix inference,false,false,false,false,false,,seed_batch_03 | seed_batch_03 | seed_batch_03
r116_indianoil,INDIAN OIL,116,D,电力、热力、燃气及水生产和供应业,"Electricity, Heat, Gas and Water Production and Supply",primary_secondary_mixed,explicit_primary_secondary_mention_without_ratio,,INDIAN OIL-IOCL-Sustainability-Report-2023-24.pdf,143,gthening Our Value Chain Our Approach to Sustainability Creating Shared Value for Our People Empowered Leadership and Transparent Governance Water intensity in terms of physical output (Kl per MT) 2.02 2.04 P6 E7:- Provide details of greenh,explicit primary secondary mention without ratio,Method-row source-mix inference,false,false,false,false,false,,seed_batch_03 | seed_batch_03 | seed_batch_03
r268_bhpgroup,BHP GROUP,268,B,采矿业,Mining,primary_secondary_mixed,explicit_primary_secondary_mention_without_ratio,,250819_bhpannualreport2025.pdf,232,"Location-based (in relation to reporting GHG emissions data) Scope 2 emissions based on average energy generation emission factors for defined geographic locations, including local, subnational, or national boundaries (i.e. grid factors).",explicit primary secondary mention without ratio,Method-row source-mix inference,false,false,false,false,false,,seed_batch_12 | seed_batch_12 | seed_batch_12
r268_bhpgroup,BHP GROUP,268,B,采矿业,Mining,primary_secondary_mixed,explicit_primary_secondary_mention_without_ratio,,250819_bhpannualreport2025.pdf,52,"Measurement approach Scope 1 emissions are calculated using emission factors and methodologies required under mandatory local regulatory programs where BHP operates, including the National Greenhouse Energy and Reporting (NGER) scheme for A",explicit primary secondary mention without ratio,Method-row source-mix inference,false,false,false,false,false,,seed_batch_12 | seed_batch_12 | seed_batch_12
r268_bhpgroup,BHP GROUP,268,B,采矿业,Mining,primary_secondary_mixed,explicit_primary_secondary_mention_without_ratio,,250819_bhpannualreport2025.pdf,53,"Value chain GHG emissions (Scope 3 emissions) medium-term goals definitions, assumptions, adjustments and additional key details Description Steelmaking medium-term goal: Support industry to develop steel production technology capable of 30",explicit primary secondary mention without ratio,Method-row source-mix inference,false,false,false,false,false,,seed_batch_12 | seed_batch_12 | seed_batch_12
r423_daiwahouseindustry,DAIWA HOUSE INDUSTRY,423,E,建筑业,Construction,primary_secondary_mixed,explicit_primary_secondary_mention_without_ratio,,2025 DAIWA HOUSE INDUSTRY_Sustainability_All.pdf,132,"he Group’s calculation of emissions based on the Act on Promotion of Global Warming Countermeasures, we have determined that these gases accounted for less than 1% of our total GHG emissions, and the degree of their impact on our activities",explicit primary secondary mention without ratio,Method-row source-mix inference,false,false,false,false,false,,seed_batch_09 | seed_batch_09 | seed_batch_09
r423_daiwahouseindustry,DAIWA HOUSE INDUSTRY,423,E,建筑业,Construction,primary_secondary_mixed,explicit_primary_secondary_mention_without_ratio,,2025 DAIWA HOUSE INDUSTRY_Sustainability_All.pdf,133,"For Scope 3, Category 11, please refer to the calculation methods and scope of coverage for “GHG emissions derived from use of products” on p.",explicit primary secondary mention without ratio,Method-row source-mix inference,false,false,false,false,false,,seed_batch_09 | seed_batch_09 | seed_batch_09
r423_daiwahouseindustry,DAIWA HOUSE INDUSTRY,423,E,建筑业,Construction,primary_secondary_mixed,explicit_primary_secondary_mention_without_ratio,,2025 DAIWA HOUSE INDUSTRY_Sustainability_All.pdf,133,"For Scope 3, Category 11, please refer to the calculation methods and scope of coverage for “GHG emissions derived from use of products” on p.",explicit primary secondary mention without ratio,Method-row source-mix inference,false,false,false,false,false,,seed_batch_09 | seed_batch_09 | seed_batch_09
r440_philipmorrisinternational,PHILIP MORRIS INTERNATIONAL,440,C,制造业,Manufacturing,primary_secondary_mixed,explicit_primary_secondary_mention_without_ratio,,PHILIP MORRIS INTERNATIONAL-integrated-report-2024.pdf,45,"y* 100% of contracted farmers supplying tobacco to PMI have access to basic sanitation and hygiene 18% reduction in absolute scope 3 Forest, Land and Agriculture (FLAG) GHG emissions versus 2019 baseline 100% of electricity used and purchas",explicit primary secondary mention without ratio,Method-row source-mix inference,false,false,false,false,false,,seed_batch_09 | seed_batch_09 | seed_batch_09
r440_philipmorrisinternational,PHILIP MORRIS INTERNATIONAL,440,C,制造业,Manufacturing,primary_secondary_mixed,explicit_primary_secondary_mention_without_ratio,,PHILIP MORRIS INTERNATIONAL-integrated-report-2024.pdf,45,"y* 100% of contracted farmers supplying tobacco to PMI have access to basic sanitation and hygiene 18% reduction in absolute scope 3 Forest, Land and Agriculture (FLAG) GHG emissions versus 2019 baseline 100% of electricity used and purchas",explicit primary secondary mention without ratio,Method-row source-mix inference,false,false,false,false,false,,seed_batch_09 | seed_batch_09 | seed_batch_09
r440_philipmorrisinternational,PHILIP MORRIS INTERNATIONAL,440,C,制造业,Manufacturing,primary_secondary_mixed,explicit_primary_secondary_mention_without_ratio,,PHILIP MORRIS INTERNATIONAL-integrated-report-2024.pdf,45,"y* 100% of contracted farmers supplying tobacco to PMI have access to basic sanitation and hygiene 18% reduction in absolute scope 3 Forest, Land and Agriculture (FLAG) GHG emissions versus 2019 baseline 100% of electricity used and purchas",explicit primary secondary mention without ratio,Method-row source-mix inference,false,false,false,false,false,,seed_batch_09 | seed_batch_09 | seed_batch_09
r455_elililly,ELI LILLY,455,C,制造业,Manufacturing,primary_secondary_mixed,explicit_primary_secondary_mention_without_ratio,,2024_ELI LILLY-SustainabilityReport-20251020_FINAL.pdf,15,"Additionally, other contributing factors include external updates to the US Environmentally-Extended Input- Output (USEEIO) codes and the associated emission factors, and other evolutionary methodology changes that further influenced the ov",explicit primary secondary mention without ratio,Method-row source-mix inference,false,false,false,false,false,,seed_batch_10 | seed_batch_10 | seed_batch_10
r455_elililly,ELI LILLY,455,C,制造业,Manufacturing,primary_secondary_mixed,explicit_primary_secondary_mention_without_ratio,,2024_ELI LILLY-SustainabilityReport-20251020_FINAL.pdf,17,"2 Includes Scope 1 emissions and energy from onsite fuel combustion, refrigerants, process emissions and mobile combustion sources;",explicit primary secondary mention without ratio,Method-row source-mix inference,false,false,false,false,false,,seed_batch_10 | seed_batch_10 | seed_batch_10
r455_elililly,ELI LILLY,455,C,制造业,Manufacturing,primary_secondary_mixed,explicit_primary_secondary_mention_without_ratio,,2024_ELI LILLY-SustainabilityReport-20251020_FINAL.pdf,17,"2 Includes Scope 1 emissions and energy from onsite fuel combustion, refrigerants, process emissions and mobile combustion sources;",explicit primary secondary mention without ratio,Method-row source-mix inference,false,false,false,false,false,,seed_batch_10 | seed_batch_10 | seed_batch_10
r480_ecopetrol,ECOPETROL,480,B,采矿业,Mining,primary_secondary_mixed,explicit_primary_secondary_mention_without_ratio,,2024-ECOPETROL-integrated-management-report.pdf,145,While the company also calculates Scope 2 emissions using the location-based method—estimated using the SIN emission factor for all purchased energy—it was decided to report emissions using the market,explicit primary secondary mention without ratio,Method-row source-mix inference,false,false,false,false,false,,seed_batch_10 | seed_batch_10 | seed_batch_10
r480_ecopetrol,ECOPETROL,480,B,采矿业,Mining,primary_secondary_mixed,explicit_primary_secondary_mention_without_ratio,,2024-ECOPETROL-integrated-management-report.pdf,145,"75 Ecopetrol reports Scope 2 emissions using the market-based method, which accounts for emissions generated by energy purchased from the National Interconnected System (SIN) and by local generation centers (Emission Factors are estimated b",explicit primary secondary mention without ratio,Method-row source-mix inference,false,false,false,false,false,,seed_batch_10 | seed_batch_10 | seed_batch_10
r480_ecopetrol,ECOPETROL,480,B,采矿业,Mining,primary_secondary_mixed,explicit_primary_secondary_mention_without_ratio,,2024-ECOPETROL-integrated-management-report.pdf,151,"Moreover, through Ecodiesel, a subsidiary in which Ecopetrol holds a 50% stake, biodiesel derived from palm oil is produced as a low-carbon fuel.",explicit primary secondary mention without ratio,Method-row source-mix inference,false,false,false,false,false,,seed_batch_10 | seed_batch_10 | seed_batch_10
r137_royalbankofcanada,ROYAL BANK OF CANADA,137,J,金融业,Finance,primary_secondary_mixed,explicit_primary_secondary_mention_without_ratio,,ROYAL BANK OF CANADA-RBC-2024-sustainability-report.pdf,118,", 10-11) Description of proxy voting and investee engagement policies and procedures FN-AC-410a.3 Refer to the following: ■ RBC GAM Our Approach to Responsible Investment (pages 13-15) Financed Emissions Absolute gross financed emissions, d",explicit primary secondary mention without ratio,Method-row source-mix inference,false,false,false,false,false,,seed_batch_04 | seed_batch_04 | seed_batch_04
r137_royalbankofcanada,ROYAL BANK OF CANADA,137,J,金融业,Finance,primary_secondary_mixed,explicit_primary_secondary_mention_without_ratio,,ROYAL BANK OF CANADA-RBC-2024-sustainability-report.pdf,118,", 10-11) Description of proxy voting and investee engagement policies and procedures FN-AC-410a.3 Refer to the following: ■ RBC GAM Our Approach to Responsible Investment (pages 13-15) Financed Emissions Absolute gross financed emissions, d",explicit primary secondary mention without ratio,Method-row source-mix inference,false,false,false,false,false,,seed_batch_04 | seed_batch_04 | seed_batch_04
r137_royalbankofcanada,ROYAL BANK OF CANADA,137,J,金融业,Finance,primary_secondary_mixed,explicit_primary_secondary_mention_without_ratio,,ROYAL BANK OF CANADA-RBC-2024-sustainability-report.pdf,118,", 10-11) Description of proxy voting and investee engagement policies and procedures FN-AC-410a.3 Refer to the following: ■ RBC GAM Our Approach to Responsible Investment (pages 13-15) Financed Emissions Absolute gross financed emissions, d",explicit primary secondary mention without ratio,Method-row source-mix inference,false,false,false,false,false,,seed_batch_04 | seed_batch_04 | seed_batch_04
r271_tatamotors,TATA MOTORS,271,C,制造业,Manufacturing,primary_secondary_mixed,explicit_primary_secondary_mention_without_ratio,,tata-motor-IAR-2024-25.pdf,231,"Provide details of greenhouse gas emissions (Scope 1 and Scope 2 emissions) and its intensity: Parameter Unit FY 25 FY 24 Total Scope 1 emissions # tCO2e 43,754 48,736* Total Scope 2 emissions ## tCO2 1,31,407 1,72,409* Total Scope 1 and Sc",explicit primary secondary mention without ratio,Method-row source-mix inference,false,false,false,false,false,,seed_batch_14 | seed_batch_14 | seed_batch_14
r271_tatamotors,TATA MOTORS,271,C,制造业,Manufacturing,primary_secondary_mixed,explicit_primary_secondary_mention_without_ratio,,tata-motor-IAR-2024-25.pdf,231,"Provide details of greenhouse gas emissions (Scope 1 and Scope 2 emissions) and its intensity: Parameter Unit FY 25 FY 24 Total Scope 1 emissions # tCO2e 43,754 48,736* Total Scope 2 emissions ## tCO2 1,31,407 1,72,409* Total Scope 1 and Sc",explicit primary secondary mention without ratio,Method-row source-mix inference,false,false,false,false,false,,seed_batch_14 | seed_batch_14 | seed_batch_14
r271_tatamotors,TATA MOTORS,271,C,制造业,Manufacturing,primary_secondary_mixed,explicit_primary_secondary_mention_without_ratio,,tata-motor-IAR-2024-25.pdf,231,The PPP factor has been sourced from IMF database. https://www.imf.org/external/ datamapper/PPPEX@WEO/OEMDC. # The emission factors for calculation of Scope 1 emissions are based on 2024 UK Government GHG Conversion Factors for Company Repo,explicit primary secondary mention without ratio,Method-row source-mix inference,false,false,false,false,false,,seed_batch_14 | seed_batch_14 | seed_batch_14
r456_koreagas,KOREA GAS,456,I,信息传输、软件和信息技术服务业,"Information Transmission, Software and Information Technology Services",primary_secondary_mixed,explicit_primary_secondary_mention_without_ratio,,KOGAS 2025 SUSTAINABILITY REPORT(A4).pdf,120,"2) Calculated based on the average emission factor of the regional power grid for energy consumption 3) Other indirect emissions (Scope 3) include emissions from: The use of sold products (e.g., emissions from power plants and city gas sup",explicit primary secondary mention without ratio,Method-row source-mix inference,false,false,false,false,false,,seed_batch_12 | seed_batch_12 | seed_batch_12
r456_koreagas,KOREA GAS,456,I,信息传输、软件和信息技术服务业,"Information Transmission, Software and Information Technology Services",primary_secondary_mixed,explicit_primary_secondary_mention_without_ratio,,KOGAS 2025 SUSTAINABILITY REPORT(A4).pdf,120,"2) Calculated based on the average emission factor of the regional power grid for energy consumption 3) Other indirect emissions (Scope 3) include emissions from: The use of sold products (e.g., emissions from power plants and city gas sup",explicit primary secondary mention without ratio,Method-row source-mix inference,false,false,false,false,false,,seed_batch_12 | seed_batch_12 | seed_batch_12
r456_koreagas,KOREA GAS,456,I,信息传输、软件和信息技术服务业,"Information Transmission, Software and Information Technology Services",primary_secondary_mixed,explicit_primary_secondary_mention_without_ratio,,KOGAS 2025 SUSTAINABILITY REPORT(A4).pdf,120,"2) Calculated based on the average emission factor of the regional power grid for energy consumption 3) Other indirect emissions (Scope 3) include emissions from: The use of sold products (e.g., emissions from power plants and city gas sup",explicit primary secondary mention without ratio,Method-row source-mix inference,false,false,false,false,false,,seed_batch_12 | seed_batch_12 | seed_batch_12
r482_jerónimomartins公司,Jerónimo Martins,482,F,批发和零售业,Wholesale and Retail Trade,primary,explicit_reported_primary_data_percentage,12.3,Jerónimo Martins公司-nfr-corporate-responsibility-jeronimomartins-ar24.pdf,33,"Primary data In 2024, emissions calculated on the basis of primary data accounted for 12.3% of total scope 3 emissions. In 2024, emissions calculated on the basis of primary data accounted for 12.3% of total scope 3 emissions. In 2024, emissions calculated on the basis of primary data accounted for 12.3% of total scope 3 emissions.",explicit reported primary data percentage,Explicit reported primary-data percentage,true,false,false,false,false,,seed_batch_10 | seed_batch_10 | seed_batch_10 | seed_batch_10
r482_jerónimomartins公司,Jerónimo Martins,482,F,批发和零售业,Wholesale and Retail Trade,primary,explicit_reported_primary_data_percentage,12.3,Jerónimo Martins公司-nfr-corporate-responsibility-jeronimomartins-ar24.pdf,31,"Our supply chain engagement programme to reduce the Group's GHG emissions will enable scope 3 emissions to be calculated more accurately, by incorporating more primary data on product emissions, and help strengthen cooperation with our supp",explicit reported primary data percentage,Explicit reported primary-data percentage,true,false,false,false,false,,seed_batch_10 | seed_batch_10 | seed_batch_10 | seed_batch_10
r482_jerónimomartins公司,Jerónimo Martins,482,F,批发和零售业,Wholesale and Retail Trade,primary,explicit_reported_primary_data_percentage,12.3,Jerónimo Martins公司-nfr-corporate-responsibility-jeronimomartins-ar24.pdf,31,"Our supply chain engagement programme to reduce the Group's GHG emissions will enable scope 3 emissions to be calculated more accurately, by incorporating more primary data on product emissions, and help strengthen cooperation with our supp",explicit reported primary data percentage,Explicit reported primary-data percentage,true,false,false,false,false,,seed_batch_10 | seed_batch_10 | seed_batch_10 | seed_batch_10
r482_jerónimomartins公司,Jerónimo Martins,482,F,批发和零售业,Wholesale and Retail Trade,primary,explicit_reported_primary_data_percentage,12.3,Jerónimo Martins公司-nfr-corporate-responsibility-jeronimomartins-ar24.pdf,33,"The emission factors defined by IPCC for stationary combustion, refrigerant gases and enteric methane emissions and those defined by the Greenhouse Gas Protocol for fuel used in the light vehicle fleet were used to calculate the scope 1 car",explicit reported primary data percentage,Explicit reported primary-data percentage,true,false,false,false,false,,seed_batch_10 | seed_batch_10 | seed_batch_10 | seed_batch_10
r038_bankofamerica,BANK OF AMERICA,38,J,金融业,Finance,primary_secondary_mixed,explicit_primary_secondary_mention_without_ratio,,BankOfAmerica_Sustainability_2024_Report.pdf,123,"Verification Opinion: Based on the process and procedures conducted, there is no evidence that the Scope 3 GHG emissions statement shown above: • is not a fair representation of the GHG emissions data and information;",explicit primary secondary mention without ratio,Method-row source-mix inference,false,false,false,false,false,,seed_batch_11 | seed_batch_11 | seed_batch_11
r038_bankofamerica,BANK OF AMERICA,38,J,金融业,Finance,primary_secondary_mixed,explicit_primary_secondary_mention_without_ratio,,BankOfAmerica_Sustainability_2024_Report.pdf,19,9 baseline • Reduce intensity 29% by 2030 (gCO2/MJ Scope 3 end use) from 2019 baseline Iron and Steel • Reduce intensity 27% by 2030 (tCO2e/t Scope 1-2) from 2021 baseline Maritime Shipping • Keep intensity in alignment or below the decarbo,explicit primary secondary mention without ratio,Method-row source-mix inference,false,false,false,false,false,,seed_batch_11 | seed_batch_11 | seed_batch_11
r038_bankofamerica,BANK OF AMERICA,38,J,金融业,Finance,primary_secondary_mixed,explicit_primary_secondary_mention_without_ratio,,BankOfAmerica_Sustainability_2024_Report.pdf,19,9 baseline • Reduce intensity 29% by 2030 (gCO2/MJ Scope 3 end use) from 2019 baseline Iron and Steel • Reduce intensity 27% by 2030 (tCO2e/t Scope 1-2) from 2021 baseline Maritime Shipping • Keep intensity in alignment or below the decarbo,explicit primary secondary mention without ratio,Method-row source-mix inference,false,false,false,false,false,,seed_batch_11 | seed_batch_11 | seed_batch_11
r114_royalaholddelhaize,ROYAL AHOLD DELHAIZE,114,F,批发和零售业,Wholesale and Retail Trade,primary_secondary_mixed,explicit_primary_secondary_mention_without_ratio,,Ahold_Delhaize_Annual_Report_2024.pdf,175,"Of total gross scope 3 GHG emissions, 0.06% (2023: 0.05%) were calculated using primary data provided directly by suppliers or third parties.",explicit primary secondary mention without ratio,Method-row source-mix inference,false,false,false,false,false,,seed_batch_11 | seed_batch_11 | seed_batch_11
r114_royalaholddelhaize,ROYAL AHOLD DELHAIZE,114,F,批发和零售业,Wholesale and Retail Trade,primary_secondary_mixed,explicit_primary_secondary_mention_without_ratio,,Ahold_Delhaize_Annual_Report_2024.pdf,181,"Calculating category 3: Fuel- and energy-related activities Category 3 is calculated using scope 1- and 2-related activity data, volumes of sold fuel combined with well-to-tank emission factors from Defra and electricity life cycle factors",explicit primary secondary mention without ratio,Method-row source-mix inference,false,false,false,false,false,,seed_batch_11 | seed_batch_11 | seed_batch_11
r114_royalaholddelhaize,ROYAL AHOLD DELHAIZE,114,F,批发和零售业,Wholesale and Retail Trade,primary_secondary_mixed,explicit_primary_secondary_mention_without_ratio,,Ahold_Delhaize_Annual_Report_2024.pdf,182,"these were previously calculated based on spend data only. ó Category 14: As of 2024, we used location-based own-store emissions to estimate franchisees’ emissions;",explicit primary secondary mention without ratio,Method-row source-mix inference,false,false,false,false,false,,seed_batch_11 | seed_batch_11 | seed_batch_11
r193_lockheedmartin,LOCKHEED MARTIN,193,C,制造业,Manufacturing,primary_secondary_mixed,explicit_primary_secondary_mention_without_ratio,,2024-LOCKHEED MARTIN-Sustainability-Performance-Report.pdf,42,"Hotel stays, rail travel, and bus travel cannot be isolated accurately based on spend data and are included within Scope 3 Category 1 emissions vs.",explicit primary secondary mention without ratio,Method-row source-mix inference,false,false,false,false,false,,seed_batch_05 | seed_batch_05 | seed_batch_05
r193_lockheedmartin,LOCKHEED MARTIN,193,C,制造业,Manufacturing,primary_secondary_mixed,explicit_primary_secondary_mention_without_ratio,,2024-LOCKHEED MARTIN-Sustainability-Performance-Report.pdf,42,"Hotel stays, rail travel, and bus travel cannot be isolated accurately based on spend data and are included within Scope 3 Category 1 emissions vs.",explicit primary secondary mention without ratio,Method-row source-mix inference,false,false,false,false,false,,seed_batch_05 | seed_batch_05 | seed_batch_05
r193_lockheedmartin,LOCKHEED MARTIN,193,C,制造业,Manufacturing,primary_secondary_mixed,explicit_primary_secondary_mention_without_ratio,,2024-LOCKHEED MARTIN-Sustainability-Performance-Report.pdf,42,Category 6. (8) Emissions associated with employee commuting are estimated using a zip code comparison of the distance between each LMC employee’s home and assigned work location.,explicit primary secondary mention without ratio,Method-row source-mix inference,false,false,false,false,false,,seed_batch_05 | seed_batch_05 | seed_batch_05
r231_anheuserbuschinbev,ANHEUSER-BUSCH INBEV,231,C,制造业,Manufacturing,primary_secondary_mixed,explicit_primary_secondary_mention_without_ratio,,20224-ANHEUSER-BUSCH INBEV-sustainability-report,82,"Scope 2 accounts for about 22.7% and represents emissions from purchased electricity. • Scope 3 emissions constitute estimates based on a mix of supplier-based numbers, global emission factors and assumptions.",explicit primary secondary mention without ratio,Method-row source-mix inference,false,false,false,false,false,,seed_batch_06 | seed_batch_06 | seed_batch_06
r231_anheuserbuschinbev,ANHEUSER-BUSCH INBEV,231,C,制造业,Manufacturing,primary_secondary_mixed,explicit_primary_secondary_mention_without_ratio,,20224-ANHEUSER-BUSCH INBEV-sustainability-report,82,"Scope 2 accounts for about 22.7% and represents emissions from purchased electricity. • Scope 3 emissions constitute estimates based on a mix of supplier-based numbers, global emission factors and assumptions.",explicit primary secondary mention without ratio,Method-row source-mix inference,false,false,false,false,false,,seed_batch_06 | seed_batch_06 | seed_batch_06
r231_anheuserbuschinbev,ANHEUSER-BUSCH INBEV,231,C,制造业,Manufacturing,primary_secondary_mixed,explicit_primary_secondary_mention_without_ratio,,20224-ANHEUSER-BUSCH INBEV-sustainability-report,82,"Scope 2 accounts for about 22.7% and represents emissions from purchased electricity. • Scope 3 emissions constitute estimates based on a mix of supplier-based numbers, global emission factors and assumptions.",explicit primary secondary mention without ratio,Method-row source-mix inference,false,false,false,false,false,,seed_batch_06 | seed_batch_06 | seed_batch_06
r298_marubeni,MARUBENI,298,L,租赁和商务服务业,Leasing and Business Services,primary_secondary_mixed,explicit_primary_secondary_mention_without_ratio,,MARUBENI-sustainability-2024_en_all.pdf,60,A zero emission factor is applied to purchased electricity derived from renewable energy in calculating Scope 2 greenhouse gas emissions since FYE 3/2021. ・Emission factors of non-energy-related GHG Emission factors stipulated by the Act on,explicit primary secondary mention without ratio,Method-row source-mix inference,false,false,false,false,false,,seed_batch_07 | seed_batch_07 | seed_batch_07
r298_marubeni,MARUBENI,298,L,租赁和商务服务业,Leasing and Business Services,primary_secondary_mixed,explicit_primary_secondary_mention_without_ratio,,MARUBENI-sustainability-2024_en_all.pdf,60,A zero emission factor is applied to purchased electricity derived from renewable energy in calculating Scope 2 greenhouse gas emissions since FYE 3/2021. ・Emission factors of non-energy-related GHG Emission factors stipulated by the Act on,explicit primary secondary mention without ratio,Method-row source-mix inference,false,false,false,false,false,,seed_batch_07 | seed_batch_07 | seed_batch_07
r298_marubeni,MARUBENI,298,L,租赁和商务服务业,Leasing and Business Services,primary_secondary_mixed,explicit_primary_secondary_mention_without_ratio,,MARUBENI-sustainability-2024_en_all.pdf,61,"nesses which consist of office operations only are not included. ・In principle, the emissions are calculated in the same way as Scope 1 and Scope 2 for Marubeni and its consolidated subsidiaries, but in some cases emissions reported by asso",explicit primary secondary mention without ratio,Method-row source-mix inference,false,false,false,false,false,,seed_batch_07 | seed_batch_07 | seed_batch_07
r329_astrazeneca,ASTRAZENECA,329,C,制造业,Manufacturing,primary_secondary_mixed,explicit_primary_secondary_mention_without_ratio,,AstraZeneca_AR_2024.pdf,235,"Key changes include (i) from 2023, Scope 3 Category 1,2,4 and 6 – AstraZeneca has changed the source of procurement spend data and classification of spend, which impacts emissions that are calculated from it (secondary data).",explicit primary secondary mention without ratio,Method-row source-mix inference,false,false,false,false,false,,seed_batch_08 | seed_batch_08 | seed_batch_08
r329_astrazeneca,ASTRAZENECA,329,C,制造业,Manufacturing,primary_secondary_mixed,explicit_primary_secondary_mention_without_ratio,,AstraZeneca_AR_2024.pdf,235,"Key changes include (i) from 2023, Scope 3 Category 1,2,4 and 6 – AstraZeneca has changed the source of procurement spend data and classification of spend, which impacts emissions that are calculated from it (secondary data).",explicit primary secondary mention without ratio,Method-row source-mix inference,false,false,false,false,false,,seed_batch_08 | seed_batch_08 | seed_batch_08
r329_astrazeneca,ASTRAZENECA,329,C,制造业,Manufacturing,primary_secondary_mixed,explicit_primary_secondary_mention_without_ratio,,AstraZeneca_AR_2024.pdf,237,Share of primary activity data in Scope 3 reporting (%) ‘Primary data‘ is data from specific activities within AstraZeneca’s value chain. ‘Secondary data‘ is data that is not from specific activities within AstraZeneca’s value chain.,explicit primary secondary mention without ratio,Method-row source-mix inference,false,false,false,false,false,,seed_batch_08 | seed_batch_08 | seed_batch_08
r368_lyondellbasellindustries,LYONDELLBASELL INDUSTRIES,368,C,制造业,Manufacturing,primary_secondary_mixed,explicit_primary_secondary_mention_without_ratio,,2024-LYONDELLBASELL INDUSTRIES-sustainability-report.pdf,127,"as not available for a feedstock or raw material in GaBi, emission factors from Ecoinvent, version 3.9, were applied. • Where emission factors for a raw material were not provided by a third-party supplier or not available in GaBi or Ecoinv",explicit primary secondary mention without ratio,Method-row source-mix inference,false,false,false,false,false,,seed_batch_08 | seed_batch_08 | seed_batch_08
r368_lyondellbasellindustries,LYONDELLBASELL INDUSTRIES,368,C,制造业,Manufacturing,primary_secondary_mixed,explicit_primary_secondary_mention_without_ratio,,2024-LYONDELLBASELL INDUSTRIES-sustainability-report.pdf,127,"as not available for a feedstock or raw material in GaBi, emission factors from Ecoinvent, version 3.9, were applied. • Where emission factors for a raw material were not provided by a third-party supplier or not available in GaBi or Ecoinv",explicit primary secondary mention without ratio,Method-row source-mix inference,false,false,false,false,false,,seed_batch_08 | seed_batch_08 | seed_batch_08
r368_lyondellbasellindustries,LYONDELLBASELL INDUSTRIES,368,C,制造业,Manufacturing,primary_secondary_mixed,explicit_primary_secondary_mention_without_ratio,,2024-LYONDELLBASELL INDUSTRIES-sustainability-report.pdf,43,"Additionally, updated emission factors for 2024 in databases contributed to the overall rise of scope 3 emissions.",explicit primary secondary mention without ratio,Method-row source-mix inference,false,false,false,false,false,,seed_batch_08 | seed_batch_08 | seed_batch_08
r386_inditex公司,Inditex,386,F,批发和零售业,Wholesale and Retail Trade,primary,explicit_reported_primary_data_percentage,67,INDITEX Sustainability report2024.pdf,262,"d data: 54% Scope 3: Primary data: 67%, Estimated data: 33% DEFRA (Department for Environment Food & Rural Affairs), 2024. Scope 1: Primary data: 46%, Estimated data: 54% Scope 3: Primary data: 67%, Estimated data: 33% DEFRA (Department for Environment Food & ... Scope 1: Primary data: 46%, Estimated data: 54% Scope 3: Primary data: 67%, Estimated data: 33% DEFRA (Department",explicit reported primary data percentage,Explicit reported primary-data percentage,true,false,false,false,false,,seed_batch_08 | seed_batch_08 | seed_batch_08 | seed_batch_08
r386_inditex公司,Inditex,386,F,批发和零售业,Wholesale and Retail Trade,primary,explicit_reported_primary_data_percentage,67,INDITEX Sustainability report2024.pdf,259,Primary data: 72% Estimated data: 28% The scope has been extended to include e- commerce distribution centres where operational control is held.,explicit reported primary data percentage,Explicit reported primary-data percentage,true,false,false,false,false,,seed_batch_08 | seed_batch_08 | seed_batch_08 | seed_batch_08
r386_inditex公司,Inditex,386,F,批发和零售业,Wholesale and Retail Trade,primary,explicit_reported_primary_data_percentage,67,INDITEX Sustainability report2024.pdf,260,"Primary data: 68% Estimated data: 32% Location-based method: / IEA (2024), Emission Factors. / DEFRA (Department for Environment Food & Rural Affairs), 2024.",explicit reported primary data percentage,Explicit reported primary-data percentage,true,false,false,false,false,,seed_batch_08 | seed_batch_08 | seed_batch_08 | seed_batch_08
r386_inditex公司,Inditex,386,F,批发和零售业,Wholesale and Retail Trade,primary,explicit_reported_primary_data_percentage,67,INDITEX Sustainability report2024.pdf,260,"Primary data: 68% Estimated data: 32% Location-based method: / IEA (2024), Emission Factors. / DEFRA (Department for Environment Food & Rural Affairs), 2024.",explicit reported primary data percentage,Explicit reported primary-data percentage,true,false,false,false,false,,seed_batch_08 | seed_batch_08 | seed_batch_08 | seed_batch_08
r431_elo集团,ELO,431,F,批发和零售业,Wholesale and Retail Trade,primary_secondary_mixed,explicit_primary_secondary_mention_without_ratio,,RFA_ELO_2024_EN-1.pdf,148,"3.2.2.7.4 Calculation methods applied to scope 3 GHG emissions and, where applicable, tools used E1.44*.C.AR46.H.1 Auchan Retail’s methods and assumptions Scopes 1 and 2 are quantified entirely on the basis of physical activity data, such a",explicit primary secondary mention without ratio,Method-row source-mix inference,false,false,false,false,false,,seed_batch_09 | seed_batch_09 | seed_batch_09
r431_elo集团,ELO,431,F,批发和零售业,Wholesale and Retail Trade,primary_secondary_mixed,explicit_primary_secondary_mention_without_ratio,,RFA_ELO_2024_EN-1.pdf,149,"The results presented here, in particular those for category 1 of scope 3, are largely based on fallback solutions (use of monetary emission factors, etc.) and extrapolations, as the necessary target measurement methods and activity data co",explicit primary secondary mention without ratio,Method-row source-mix inference,false,false,false,false,false,,seed_batch_09 | seed_batch_09 | seed_batch_09
r431_elo集团,ELO,431,F,批发和零售业,Wholesale and Retail Trade,primary_secondary_mixed,explicit_primary_secondary_mention_without_ratio,,RFA_ELO_2024_EN-1.pdf,149,"The results presented here, in particular those for category 1 of scope 3, are largely based on fallback solutions (use of monetary emission factors, etc.) and extrapolations, as the necessary target measurement methods and activity data co",explicit primary secondary mention without ratio,Method-row source-mix inference,false,false,false,false,false,,seed_batch_09 | seed_batch_09 | seed_batch_09
r449_nationalaustraliabank,NATIONAL AUSTRALIA BANK,449,J,金融业,Finance,primary_secondary_mixed,explicit_primary_secondary_mention_without_ratio,,2024-NATIONAL AUSTRALIA BANK-climate-report.pdf,47,"NAB has obtained or where unavailable, estimated, production data and applied emission factors to calculate Scope 3 emissions for lending to fossil fuel sectors.",explicit primary secondary mention without ratio,Method-row source-mix inference,false,false,false,false,false,,seed_batch_10 | seed_batch_10 | seed_batch_10
r449_nationalaustraliabank,NATIONAL AUSTRALIA BANK,449,J,金融业,Finance,primary_secondary_mixed,explicit_primary_secondary_mention_without_ratio,,2024-NATIONAL AUSTRALIA BANK-climate-report.pdf,78,"50% of company emissions data was sourced directly from customer-reported sources, with the remainder estimated using sector wide emissions intensity ratio, as production data is not readily accessible for cement companies(1).",explicit primary secondary mention without ratio,Method-row source-mix inference,false,false,false,false,false,,seed_batch_10 | seed_batch_10 | seed_batch_10
r449_nationalaustraliabank,NATIONAL AUSTRALIA BANK,449,J,金融业,Finance,primary_secondary_mixed,explicit_primary_secondary_mention_without_ratio,,2024-NATIONAL AUSTRALIA BANK-climate-report.pdf,79,"8% of company emissions data was sourced directly from customer-reported sources, with the remainder estimated using sector wide emission factors based on production(1).",explicit primary secondary mention without ratio,Method-row source-mix inference,false,false,false,false,false,,seed_batch_10 | seed_batch_10 | seed_batch_10
r492_emiratesgroup,EMIRATES GROUP,492,G,交通运输、仓储和邮政业,"Transport, Storage and Post",primary_secondary_mixed,explicit_primary_secondary_mention_without_ratio,,2023-2024-EMIRATES GROUP-annual-report.pdf,72,Scope 1 emissions in 2022-23 have been recalculated using the updated emission factors to reflect this update.,explicit primary secondary mention without ratio,Method-row source-mix inference,false,false,false,false,false,,seed_batch_11 | seed_batch_11 | seed_batch_11
r492_emiratesgroup,EMIRATES GROUP,492,G,交通运输、仓储和邮政业,"Transport, Storage and Post",primary_secondary_mixed,explicit_primary_secondary_mention_without_ratio,,2023-2024-EMIRATES GROUP-annual-report.pdf,73,"ol – revised edition (Corporate Accounting and Reporting Standard – Revised Edition, 2004), while references to Scope 3 emissions are based on the Greenhouse Gas Protocol Corporate Value Chain (Scope 3) Standard. dnata’s environmental data",explicit primary secondary mention without ratio,Method-row source-mix inference,false,false,false,false,false,,seed_batch_11 | seed_batch_11 | seed_batch_11
r492_emiratesgroup,EMIRATES GROUP,492,G,交通运输、仓储和邮政业,"Transport, Storage and Post",primary_secondary_mixed,explicit_primary_secondary_mention_without_ratio,,2023-2024-EMIRATES GROUP-annual-report.pdf,73,"ol – revised edition (Corporate Accounting and Reporting Standard – Revised Edition, 2004), while references to Scope 3 emissions are based on the Greenhouse Gas Protocol Corporate Value Chain (Scope 3) Standard. dnata’s environmental data",explicit primary secondary mention without ratio,Method-row source-mix inference,false,false,false,false,false,,seed_batch_11 | seed_batch_11 | seed_batch_11
r039_generalmotors,GENERAL MOTORS,39,C,制造业,Manufacturing,primary_secondary_mixed,explicit_primary_secondary_mention_without_ratio,,GM_2023_SR.pdf,11,"In addition, we updated certain calculations within our GHG Intensity and Scope 3—Use of Sold Products reporting to reflect changes in assumptions and increased available data.",explicit primary secondary mention without ratio,Method-row source-mix inference,false,false,false,false,false,,seed_batch_11 | seed_batch_11 | seed_batch_11
r039_generalmotors,GENERAL MOTORS,39,C,制造业,Manufacturing,primary_secondary_mixed,explicit_primary_secondary_mention_without_ratio,,GM_2023_SR.pdf,11,"In addition, we updated certain calculations within our GHG Intensity and Scope 3—Use of Sold Products reporting to reflect changes in assumptions and increased available data.",explicit primary secondary mention without ratio,Method-row source-mix inference,false,false,false,false,false,,seed_batch_11 | seed_batch_11 | seed_batch_11
r039_generalmotors,GENERAL MOTORS,39,C,制造业,Manufacturing,primary_secondary_mixed,explicit_primary_secondary_mention_without_ratio,,GM_2023_SR.pdf,11,"In addition, we updated certain calculations within our GHG Intensity and Scope 3—Use of Sold Products reporting to reflect changes in assumptions and increased available data.",explicit primary secondary mention without ratio,Method-row source-mix inference,false,false,false,false,false,,seed_batch_11 | seed_batch_11 | seed_batch_11
r196_hitachi,HITACHI,196,C,制造业,Manufacturing,primary_secondary_mixed,explicit_primary_secondary_mention_without_ratio,,HITACHI_en_sustainability2025.pdf,130,which are leased to other entities 0.02 0.0 14 Franchises Emissions by franchises under Scope 1 and 2 N/A ー 15 Investments Emissions related to the management of investments 0.14 0.1 Note: GHG emissions quantification is subject to uncertai,explicit primary secondary mention without ratio,Method-row source-mix inference,false,false,false,false,false,,seed_batch_05 | seed_batch_05 | seed_batch_05
r196_hitachi,HITACHI,196,C,制造业,Manufacturing,primary_secondary_mixed,explicit_primary_secondary_mention_without_ratio,,HITACHI_en_sustainability2025.pdf,51,"eam in the value chain In order to calculate GHG emissions of Scope 3 Category 1, Purchased Goods and Services, upstream in the value chain, Hitachi uses a calculation method that covers the entire procurement amount based on spend and also",explicit primary secondary mention without ratio,Method-row source-mix inference,false,false,false,false,false,,seed_batch_05 | seed_batch_05 | seed_batch_05
r196_hitachi,HITACHI,196,C,制造业,Manufacturing,primary_secondary_mixed,explicit_primary_secondary_mention_without_ratio,,HITACHI_en_sustainability2025.pdf,51,"eam in the value chain In order to calculate GHG emissions of Scope 3 Category 1, Purchased Goods and Services, upstream in the value chain, Hitachi uses a calculation method that covers the entire procurement amount based on spend and also",explicit primary secondary mention without ratio,Method-row source-mix inference,false,false,false,false,false,,seed_batch_05 | seed_batch_05 | seed_batch_05
r202_metlife,METLIFE,202,J,金融业,Finance,primary_secondary_mixed,explicit_primary_secondary_mention_without_ratio,,metlife_sustainability_report_2024.pdf,70,"As an Investor >> MIM’s Approach to Sustainable Investing FN-AC-410a.3, Description of proxy voting and investee engagement policies and procedures MIM Stewardship Policy Financed Emissions FN-AC-410b.1, Absolute gross financed emissions, d",explicit primary secondary mention without ratio,Method-row source-mix inference,false,false,false,false,false,,seed_batch_05 | seed_batch_05 | seed_batch_05
r202_metlife,METLIFE,202,J,金融业,Finance,primary_secondary_mixed,explicit_primary_secondary_mention_without_ratio,,metlife_sustainability_report_2024.pdf,70,"As an Investor >> MIM’s Approach to Sustainable Investing FN-AC-410a.3, Description of proxy voting and investee engagement policies and procedures MIM Stewardship Policy Financed Emissions FN-AC-410b.1, Absolute gross financed emissions, d",explicit primary secondary mention without ratio,Method-row source-mix inference,false,false,false,false,false,,seed_batch_05 | seed_batch_05 | seed_batch_05
r202_metlife,METLIFE,202,J,金融业,Finance,primary_secondary_mixed,explicit_primary_secondary_mention_without_ratio,,metlife_sustainability_report_2024.pdf,70,"As an Investor >> MIM’s Approach to Sustainable Investing FN-AC-410a.3, Description of proxy voting and investee engagement policies and procedures MIM Stewardship Policy Financed Emissions FN-AC-410b.1, Absolute gross financed emissions, d",explicit primary secondary mention without ratio,Method-row source-mix inference,false,false,false,false,false,,seed_batch_05 | seed_batch_05 | seed_batch_05
r241_tdsynnex公司,TD Synnex,241,F,批发和零售业,Wholesale and Retail Trade,primary_secondary_mixed,explicit_primary_secondary_mention_without_ratio,,tdsynnex-fy2024-ccr-ada.pdf,67,"For Category 11 (Use of Sold Products), emissions were calculated based on assumptions re",explicit primary secondary mention without ratio,Method-row source-mix inference,false,false,false,false,false,,seed_batch_06 | seed_batch_06 | seed_batch_06
r241_tdsynnex公司,TD Synnex,241,F,批发和零售业,Wholesale and Retail Trade,primary_secondary_mixed,explicit_primary_secondary_mention_without_ratio,,tdsynnex-fy2024-ccr-ada.pdf,67,"For Category 11 (Use of Sold Products), emissions were calculated based on assumptions re",explicit primary secondary mention without ratio,Method-row source-mix inference,false,false,false,false,false,,seed_batch_06 | seed_batch_06 | seed_batch_06
r241_tdsynnex公司,TD Synnex,241,F,批发和零售业,Wholesale and Retail Trade,primary_secondary_mixed,explicit_primary_secondary_mention_without_ratio,,tdsynnex-fy2024-ccr-ada.pdf,67,"For Category 11 (Use of Sold Products), emissions were calculated based on assumptions re",explicit primary secondary mention without ratio,Method-row source-mix inference,false,false,false,false,false,,seed_batch_06 | seed_batch_06 | seed_batch_06
r248_lenovogroup,LENOVO GROUP,248,C,制造业,Manufacturing,primary_secondary_mixed,explicit_primary_secondary_mention_without_ratio,,FY2025-lenovo-sustainability-report.pdf,100,Scope Source Scope 1 • UK DEFRA: Government Conversion Factors for Company Reporting of Greenhouse Gas Emissions (Jetfuel excluded) • Jetfuel emissions data from vendor Scope 2 (location-based) Electricity: • IEA emission factors • eGrid em,explicit primary secondary mention without ratio,Method-row source-mix inference,false,false,false,false,false,,seed_batch_06 | seed_batch_06 | seed_batch_06
r248_lenovogroup,LENOVO GROUP,248,C,制造业,Manufacturing,primary_secondary_mixed,explicit_primary_secondary_mention_without_ratio,,FY2025-lenovo-sustainability-report.pdf,101,Fuel- and energy-related activities Same emission factors for Scope 1 and Scope 2 (location-based) emissions Activities (not included in Scope 1 or 2) include transmission and distribution (T&D) losses from Lenovo's worldwide purchased elec,explicit primary secondary mention without ratio,Method-row source-mix inference,false,false,false,false,false,,seed_batch_06 | seed_batch_06 | seed_batch_06
r248_lenovogroup,LENOVO GROUP,248,C,制造业,Manufacturing,primary_secondary_mixed,explicit_primary_secondary_mention_without_ratio,,FY2025-lenovo-sustainability-report.pdf,101,dix Scope 3 Scope 3 category Source of emission factor Basis for selection Purchased goods and services The US Environmentally-Extended Input-Output (USEEIO) Purchased goods and services cover 100% production suppliers.,explicit primary secondary mention without ratio,Method-row source-mix inference,false,false,false,false,false,,seed_batch_06 | seed_batch_06 | seed_batch_06
r264_riotintogroup,RIO TINTO GROUP,264,B,采矿业,Mining,primary_secondary_mixed,explicit_primary_secondary_mention_without_ratio,,2024-RIO TINTO GROUP-annual-report.pdf,326,and – Assessing the appropriateness of a sample of emission factors applied in calculating the Total Scope 1 and 2 GHG Emissions.,explicit primary secondary mention without ratio,Method-row source-mix inference,false,false,false,false,false,,seed_batch_07 | seed_batch_07 | seed_batch_07
r264_riotintogroup,RIO TINTO GROUP,264,B,采矿业,Mining,primary_secondary_mixed,explicit_primary_secondary_mention_without_ratio,,2024-RIO TINTO GROUP-annual-report.pdf,59,This is estimated based on our Scope 1 emissions for the period 1 July - 31 December 2024.,explicit primary secondary mention without ratio,Method-row source-mix inference,false,false,false,false,false,,seed_batch_07 | seed_batch_07 | seed_batch_07
r264_riotintogroup,RIO TINTO GROUP,264,B,采矿业,Mining,primary_secondary_mixed,explicit_primary_secondary_mention_without_ratio,,2024-RIO TINTO GROUP-annual-report.pdf,65,Decarbonisation investment is derived from the Group’s capital allocation framework and aligned to our 2025 and 2030 Scope 1 and 2 emissions targets.,explicit primary secondary mention without ratio,Method-row source-mix inference,false,false,false,false,false,,seed_batch_07 | seed_batch_07 | seed_batch_07
r273_iberdrola公司,Iberdrola,273,I,信息传输、软件和信息技术服务业,"Information Transmission, Software and Information Technology Services",primary_secondary_mixed,explicit_primary_secondary_mention_without_ratio,,gsm25-IBERDROLA-sustainability-report-2024.pdf,108,The same perimeter is used as for the reporting of GHG Scope 1 and 2 emissions.,explicit primary secondary mention without ratio,Method-row source-mix inference,false,false,false,false,false,,seed_batch_07 | seed_batch_07 | seed_batch_07
r273_iberdrola公司,Iberdrola,273,I,信息传输、软件和信息技术服务业,"Information Transmission, Software and Information Technology Services",primary_secondary_mixed,explicit_primary_secondary_mention_without_ratio,,gsm25-IBERDROLA-sustainability-report-2024.pdf,115,"Calculation of gross Scope 3 GHG emissions: Percentage of value chain emissions calculated from primary data The majority of reported Scope 3 emissions reported are derived from primary data, i.e. meter readings or supplier billing.",explicit primary secondary mention without ratio,Method-row source-mix inference,false,false,false,false,false,,seed_batch_07 | seed_batch_07 | seed_batch_07
r273_iberdrola公司,Iberdrola,273,I,信息传输、软件和信息技术服务业,"Information Transmission, Software and Information Technology Services",primary_secondary_mixed,explicit_primary_secondary_mention_without_ratio,,gsm25-IBERDROLA-sustainability-report-2024.pdf,115,"Calculation of gross Scope 3 GHG emissions: Percentage of value chain emissions calculated from primary data The majority of reported Scope 3 emissions reported are derived from primary data, i.e. meter readings or supplier billing.",explicit primary secondary mention without ratio,Method-row source-mix inference,false,false,false,false,false,,seed_batch_07 | seed_batch_07 | seed_batch_07
r294_bankofmontreal,BANK OF MONTREAL,294,J,金融业,Finance,primary_secondary_mixed,explicit_primary_secondary_mention_without_ratio,,BMO_2024_SCR_EN_interactive.pdf,112,"Disclose the measurement approach, inputs, and assumptions the FRFI uses to measure its Scope 1 and Scope 2 GHG emissions, and the underlying reasons for these decisions.",explicit primary secondary mention without ratio,Method-row source-mix inference,false,false,false,false,false,,seed_batch_12 | seed_batch_12 | seed_batch_12
r294_bankofmontreal,BANK OF MONTREAL,294,J,金融业,Finance,primary_secondary_mixed,explicit_primary_secondary_mention_without_ratio,,BMO_2024_SCR_EN_interactive.pdf,112,"Disclose the measurement approach, inputs, and assumptions the FRFI uses to measure its Scope 1 and Scope 2 GHG emissions, and the underlying reasons for these decisions.",explicit primary secondary mention without ratio,Method-row source-mix inference,false,false,false,false,false,,seed_batch_12 | seed_batch_12 | seed_batch_12
r294_bankofmontreal,BANK OF MONTREAL,294,J,金融业,Finance,primary_secondary_mixed,explicit_primary_secondary_mention_without_ratio,,BMO_2024_SCR_EN_interactive.pdf,77,2 Scope 3 category 3 and category 7 have been calculated for regulatory filing purposes using an estimation methodology.,explicit primary secondary mention without ratio,Method-row source-mix inference,false,false,false,false,false,,seed_batch_12 | seed_batch_12 | seed_batch_12
r342_bristolmyerssquibb,BRISTOL-MYERS SQUIBB,342,C,制造业,Manufacturing,primary_secondary_mixed,explicit_primary_secondary_mention_without_ratio,,BRISTOL-MYERS SQUIBB BMS-Building-a-Better-Future-Report-2024.pdf,66,"eatment of Sold Products 3,200 3,293 3,505† Category 15 – Investments 54,900 41,971 108,127†‡‡ Biogenic Emissions 876 948 1,198† Total Value Chain (Scope 1, 2 & 3) GHG Emissions 2,142,210 2,118,876 2,013,319 ¶ Decrease driven by a reduction",explicit primary secondary mention without ratio,Method-row source-mix inference,false,false,false,false,false,,seed_batch_08 | seed_batch_08 | seed_batch_08
r342_bristolmyerssquibb,BRISTOL-MYERS SQUIBB,342,C,制造业,Manufacturing,primary_secondary_mixed,explicit_primary_secondary_mention_without_ratio,,BRISTOL-MYERS SQUIBB BMS-Building-a-Better-Future-Report-2024.pdf,66,"eatment of Sold Products 3,200 3,293 3,505† Category 15 – Investments 54,900 41,971 108,127†‡‡ Biogenic Emissions 876 948 1,198† Total Value Chain (Scope 1, 2 & 3) GHG Emissions 2,142,210 2,118,876 2,013,319 ¶ Decrease driven by a reduction",explicit primary secondary mention without ratio,Method-row source-mix inference,false,false,false,false,false,,seed_batch_08 | seed_batch_08 | seed_batch_08
r342_bristolmyerssquibb,BRISTOL-MYERS SQUIBB,342,C,制造业,Manufacturing,primary_secondary_mixed,explicit_primary_secondary_mention_without_ratio,,BRISTOL-MYERS SQUIBB BMS-Building-a-Better-Future-Report-2024.pdf,66,"eatment of Sold Products 3,200 3,293 3,505† Category 15 – Investments 54,900 41,971 108,127†‡‡ Biogenic Emissions 876 948 1,198† Total Value Chain (Scope 1, 2 & 3) GHG Emissions 2,142,210 2,118,876 2,013,319 ¶ Decrease driven by a reduction",explicit primary secondary mention without ratio,Method-row source-mix inference,false,false,false,false,false,,seed_batch_08 | seed_batch_08 | seed_batch_08
r346_dow,DOW,346,C,制造业,Manufacturing,primary_secondary_mixed,explicit_primary_secondary_mention_without_ratio,,DOW-2024-progress-report.pdf,119,"purchases accounted for in another category 21.0% Good 3.3 Relevant, calculated Hybrid Dow internal records for fuel and energy purchased for Dow operations in 2024 Ecoinvent v3.11 N/A Emissions related to the production of renewable energy",explicit primary secondary mention without ratio,Method-row source-mix inference,false,false,false,false,false,,seed_batch_14 | seed_batch_14 | seed_batch_14
r346_dow,DOW,346,C,制造业,Manufacturing,primary_secondary_mixed,explicit_primary_secondary_mention_without_ratio,,DOW-2024-progress-report.pdf,119,"purchases accounted for in another category 21.0% Good 3.3 Relevant, calculated Hybrid Dow internal records for fuel and energy purchased for Dow operations in 2024 Ecoinvent v3.11 N/A Emissions related to the production of renewable energy",explicit primary secondary mention without ratio,Method-row source-mix inference,false,false,false,false,false,,seed_batch_14 | seed_batch_14 | seed_batch_14
r346_dow,DOW,346,C,制造业,Manufacturing,secondary,average_data,,DOW-2024-progress-report.pdf,119,"ooked outside Dow's travel agency 83.0% Good 3.7 Relevant, calculated Average data Dow employee records;",average data,Method-row source-mix inference,false,false,false,true,false,,seed_batch_14 | seed_batch_14 | seed_batch_14
r350_telefónica,TELEFÓNICA,350,I,信息传输、软件和信息技术服务业,"Information Transmission, Software and Information Technology Services",primary,explicit_reported_primary_data_percentage,72,2024TELEFÓNICA consolidated-management-report.pdf,111,"Primary data E1-6_25 During the reporting year, the percentage of Scope 3 emissions calculated using primary data was 72%. E1-6_25 During the reporting year, the percentage of Scope 3 emissions calculated using primary data was 72%. E1-6_25 During the reporting year, the percentage of Scope 3 emissions calculated using primary data was 72%.",explicit reported primary data percentage,Explicit reported primary-data percentage,true,false,false,false,false,,seed_batch_08 | seed_batch_08 | seed_batch_08 | seed_batch_08
r350_telefónica,TELEFÓNICA,350,I,信息传输、软件和信息技术服务业,"Information Transmission, Software and Information Technology Services",primary,explicit_reported_primary_data_percentage,72,2024TELEFÓNICA consolidated-management-report.pdf,100,"In fact, more than half of Scope 3 emissions are derived from the activities of Telefónica's main suppliers (category 1 and 2) found in its supply chain.",explicit reported primary data percentage,Explicit reported primary-data percentage,true,false,false,false,false,,seed_batch_08 | seed_batch_08 | seed_batch_08 | seed_batch_08
r350_telefónica,TELEFÓNICA,350,I,信息传输、软件和信息技术服务业,"Information Transmission, Software and Information Technology Services",primary,explicit_reported_primary_data_percentage,72,2024TELEFÓNICA consolidated-management-report.pdf,100,"In fact, more than half of Scope 3 emissions are derived from the activities of Telefónica's main suppliers (category 1 and 2) found in its supply chain.",explicit reported primary data percentage,Explicit reported primary-data percentage,true,false,false,false,false,,seed_batch_08 | seed_batch_08 | seed_batch_08 | seed_batch_08
r350_telefónica,TELEFÓNICA,350,I,信息传输、软件和信息技术服务业,"Information Transmission, Software and Information Technology Services",primary,explicit_reported_primary_data_percentage,72,2024TELEFÓNICA consolidated-management-report.pdf,100,"In fact, more than half of Scope 3 emissions are derived from the activities of Telefónica's main suppliers (category 1 and 2) found in its supply chain.",explicit reported primary data percentage,Explicit reported primary-data percentage,true,false,false,false,false,,seed_batch_08 | seed_batch_08 | seed_batch_08 | seed_batch_08
r387_schneiderelectric,SCHNEIDER ELECTRIC,387,C,制造业,Manufacturing,primary_secondary_mixed,explicit_primary_secondary_mention_without_ratio,,2024-SCHNEIDER ELECTRIC-sustainability-report_tcm564-513141.pdf,31,Corporate Scope 3 accounting follows GHG protocol best practice and Schneider Electric aims to go beyond this by working to capture more primary data that would improve the granularity and actionability of the reporting.,explicit primary secondary mention without ratio,Method-row source-mix inference,false,false,false,false,false,,seed_batch_08 | seed_batch_08 | seed_batch_08
r387_schneiderelectric,SCHNEIDER ELECTRIC,387,C,制造业,Manufacturing,primary_secondary_mixed,explicit_primary_secondary_mention_without_ratio,,2024-SCHNEIDER ELECTRIC-sustainability-report_tcm564-513141.pdf,43,Fuel- and energy-related activities: these emissions are derived from energy consumption data that are used for Scope 1 and 2 emissions;,explicit primary secondary mention without ratio,Method-row source-mix inference,false,false,false,false,false,,seed_batch_08 | seed_batch_08 | seed_batch_08
r387_schneiderelectric,SCHNEIDER ELECTRIC,387,C,制造业,Manufacturing,primary_secondary_mixed,explicit_primary_secondary_mention_without_ratio,,2024-SCHNEIDER ELECTRIC-sustainability-report_tcm564-513141.pdf,44,"The percentage of GHG Scope 3 calculated using primary data is 1.37 and this arises predominantly from GHG emissions of paid freight, for which shipment-per-shipment data is collected from the main freight suppliers, and also from GHG emiss",explicit primary secondary mention without ratio,Method-row source-mix inference,false,false,false,false,false,,seed_batch_08 | seed_batch_08 | seed_batch_08
r466_bankofnewyorkmellon,BANK OF NEW YORK MELLON,466,J,金融业,Finance,primary_secondary_mixed,explicit_primary_secondary_mention_without_ratio,,2023-BANK OF NEW YORK MELLON sustainability-report.pdf,123,"ability and Stewardship 2023 annual report Insight Investment Stewardship Policy Mellon Proxy Voting Report Spring 2024 Walter Scott Stewardship Stewardship Policy Disclosure Statement Financed Emissions Absolute gross financed emissions, d",explicit primary secondary mention without ratio,Method-row source-mix inference,false,false,false,false,false,,seed_batch_10 | seed_batch_10 | seed_batch_10
r466_bankofnewyorkmellon,BANK OF NEW YORK MELLON,466,J,金融业,Finance,primary_secondary_mixed,explicit_primary_secondary_mention_without_ratio,,2023-BANK OF NEW YORK MELLON sustainability-report.pdf,123,"ability and Stewardship 2023 annual report Insight Investment Stewardship Policy Mellon Proxy Voting Report Spring 2024 Walter Scott Stewardship Stewardship Policy Disclosure Statement Financed Emissions Absolute gross financed emissions, d",explicit primary secondary mention without ratio,Method-row source-mix inference,false,false,false,false,false,,seed_batch_10 | seed_batch_10 | seed_batch_10
r466_bankofnewyorkmellon,BANK OF NEW YORK MELLON,466,J,金融业,Finance,primary_secondary_mixed,explicit_primary_secondary_mention_without_ratio,,2023-BANK OF NEW YORK MELLON sustainability-report.pdf,123,"ability and Stewardship 2023 annual report Insight Investment Stewardship Policy Mellon Proxy Voting Report Spring 2024 Walter Scott Stewardship Stewardship Policy Disclosure Statement Financed Emissions Absolute gross financed emissions, d",explicit primary secondary mention without ratio,Method-row source-mix inference,false,false,false,false,false,,seed_batch_10 | seed_batch_10 | seed_batch_10
r500_三星candt公司,Samsung C&T,500,E,建筑业,Construction,primary_secondary_mixed,explicit_primary_secondary_mention_without_ratio,,2025 Samsung C&T Sustainability Report.pdf,111,ion Energy Consumption ‧ Statement of energy consumption ‧ Data verified by the third party institution Energy consumption intensity ‧ Based on sales amounts in the annual business report (excluding domestic subsidiaries of 4 groups) Green,explicit primary secondary mention without ratio,Method-row source-mix inference,false,false,false,false,false,,seed_batch_12 | seed_batch_12 | seed_batch_12
r500_三星candt公司,Samsung C&T,500,E,建筑业,Construction,primary_secondary_mixed,explicit_primary_secondary_mention_without_ratio,,2025 Samsung C&T Sustainability Report.pdf,111,ion Energy Consumption ‧ Statement of energy consumption ‧ Data verified by the third party institution Energy consumption intensity ‧ Based on sales amounts in the annual business report (excluding domestic subsidiaries of 4 groups) Green,explicit primary secondary mention without ratio,Method-row source-mix inference,false,false,false,false,false,,seed_batch_12 | seed_batch_12 | seed_batch_12
r500_三星candt公司,Samsung C&T,500,E,建筑业,Construction,primary_secondary_mixed,explicit_primary_secondary_mention_without_ratio,,2025 Samsung C&T Sustainability Report.pdf,111,ion Energy Consumption ‧ Statement of energy consumption ‧ Data verified by the third party institution Energy consumption intensity ‧ Based on sales amounts in the annual business report (excluding domestic subsidiaries of 4 groups) Green,explicit primary secondary mention without ratio,Method-row source-mix inference,false,false,false,false,false,,seed_batch_12 | seed_batch_12 | seed_batch_12
r013_shell,SHELL,13,B,采矿业,Mining,primary_secondary_mixed,explicit_primary_secondary_mention_without_ratio,,shell-annual-report-2024.pdf,357,"We identify sources of Scope 1, 2 and 3 GHG emissions based on operating data, design and engineering practices, and analysis of products manufactured and sold.",explicit primary secondary mention without ratio,Method-row source-mix inference,false,false,false,false,false,,seed_batch_01 | seed_batch_01 | seed_batch_01
r013_shell,SHELL,13,B,采矿业,Mining,primary_secondary_mixed,explicit_primary_secondary_mention_without_ratio,,shell-annual-report-2024.pdf,375,"ESRS reporting boundary. [B] The percentage of Scope 1 GHG emissions from assets under Shell's operational control falling under regulated emission trading schemes was 43% in 2024. [C] Equity reporting boundary. [D] Categories 1, 3 and 11 a",explicit primary secondary mention without ratio,Method-row source-mix inference,false,false,false,false,false,,seed_batch_01 | seed_batch_01 | seed_batch_01
r013_shell,SHELL,13,B,采矿业,Mining,primary_secondary_mixed,explicit_primary_secondary_mention_without_ratio,,shell-annual-report-2024.pdf,375,"ESRS reporting boundary. [B] The percentage of Scope 1 GHG emissions from assets under Shell's operational control falling under regulated emission trading schemes was 43% in 2024. [C] Equity reporting boundary. [D] Categories 1, 3 and 11 a",explicit primary secondary mention without ratio,Method-row source-mix inference,false,false,false,false,false,,seed_batch_01 | seed_batch_01 | seed_batch_01
r049_electricitédefrance,ELECTRICITÉ DE FRANCE,49,I,信息传输、软件和信息技术服务业,"Information Transmission, Software and Information Technology Services",primary_secondary_mixed,explicit_primary_secondary_mention_without_ratio,,edf-urd-annual-financial-report-2024-en-accessible.pdf,205,+19% Emissions calculated using primary data obtained from suppliers or other value chain partners 2% 1% -36% TOTAL GHG EMISSIONS TOTAL GHG EMISSIONS - COUNTRY APPROACH (MTCO2E) 91.6 90.7 -1% TOTAL GHG EMISSIONS - SUPPLIER APPROACH (MTCO2E),explicit primary secondary mention without ratio,Method-row source-mix inference,false,false,false,false,false,,seed_batch_11 | seed_batch_11 | seed_batch_11
r049_electricitédefrance,ELECTRICITÉ DE FRANCE,49,I,信息传输、软件和信息技术服务业,"Information Transmission, Software and Information Technology Services",primary_secondary_mixed,explicit_primary_secondary_mention_without_ratio,,edf-urd-annual-financial-report-2024-en-accessible.pdf,205,+19% Emissions calculated using primary data obtained from suppliers or other value chain partners 2% 1% -36% TOTAL GHG EMISSIONS TOTAL GHG EMISSIONS - COUNTRY APPROACH (MTCO2E) 91.6 90.7 -1% TOTAL GHG EMISSIONS - SUPPLIER APPROACH (MTCO2E),explicit primary secondary mention without ratio,Method-row source-mix inference,false,false,false,false,false,,seed_batch_11 | seed_batch_11 | seed_batch_11
r049_electricitédefrance,ELECTRICITÉ DE FRANCE,49,I,信息传输、软件和信息技术服务业,"Information Transmission, Software and Information Technology Services",primary_secondary_mixed,explicit_primary_secondary_mention_without_ratio,,edf-urd-annual-financial-report-2024-en-accessible.pdf,205,+19% Emissions calculated using primary data obtained from suppliers or other value chain partners 2% 1% -36% TOTAL GHG EMISSIONS TOTAL GHG EMISSIONS - COUNTRY APPROACH (MTCO2E) 91.6 90.7 -1% TOTAL GHG EMISSIONS - SUPPLIER APPROACH (MTCO2E),explicit primary secondary mention without ratio,Method-row source-mix inference,false,false,false,false,false,,seed_batch_11 | seed_batch_11 | seed_batch_11
r057_hondamotor,HONDA MOTOR,57,C,制造业,Manufacturing,primary_secondary_mixed,explicit_primary_secondary_mention_without_ratio,,honda-SR-2025-en-all.pdf,35,"We are also advancing the external procurement of electricity derived from renewable energy sources. <Scope 3, Category 11> While we are reducing CO2 emissions through product electrification, CO2 emissions from the use of electric products",explicit primary secondary mention without ratio,Method-row source-mix inference,false,false,false,false,false,,seed_batch_13 | seed_batch_13 | seed_batch_13
r057_hondamotor,HONDA MOTOR,57,C,制造业,Manufacturing,primary_secondary_mixed,explicit_primary_secondary_mention_without_ratio,,honda-SR-2025-en-all.pdf,35,"We are also advancing the external procurement of electricity derived from renewable energy sources. <Scope 3, Category 11> While we are reducing CO2 emissions through product electrification, CO2 emissions from the use of electric products",explicit primary secondary mention without ratio,Method-row source-mix inference,false,false,false,false,false,,seed_batch_13 | seed_batch_13 | seed_batch_13
r057_hondamotor,HONDA MOTOR,57,C,制造业,Manufacturing,primary_secondary_mixed,explicit_primary_secondary_mention_without_ratio,,honda-SR-2025-en-all.pdf,35,"We are also advancing the external procurement of electricity derived from renewable energy sources. <Scope 3, Category 11> While we are reducing CO2 emissions through product electrification, CO2 emissions from the use of electric products",explicit primary secondary mention without ratio,Method-row source-mix inference,false,false,false,false,false,,seed_batch_13 | seed_batch_13 | seed_batch_13
r086_relianceindustries,RELIANCE INDUSTRIES,86,D,电力、热力、燃气及水生产和供应业,"Electricity, Heat, Gas and Water Production and Supply",primary_secondary_mixed,explicit_primary_secondary_mention_without_ratio,,RELIANCE INDUSTRIES-BRSR2024~25.pdf,36,1 0.000147 Total Scope 1 and Scope 2 emission intensity in terms of physical output (MT CO2e/MT) 0.471 0.482 Total Scope 1 and Scope 2 emission intensity (optional) - the relevant metric may be selected by the entity - - Note: For Jamnagar,explicit primary secondary mention without ratio,Method-row source-mix inference,false,false,false,false,false,,seed_batch_03 | seed_batch_03 | seed_batch_03
r086_relianceindustries,RELIANCE INDUSTRIES,86,D,电力、热力、燃气及水生产和供应业,"Electricity, Heat, Gas and Water Production and Supply",primary_secondary_mixed,explicit_primary_secondary_mention_without_ratio,,RELIANCE INDUSTRIES-BRSR2024~25.pdf,36,"7. Provide details of greenhouse gas emissions (Scope 1 and Scope 2 emissions) & its intensity, in the following format: Parameter Unit FY 2024-25 FY 2023-24 CO2 Metric tonnes of CO2 equivalent 3,62,32,819 3,66,80,367 CH4 Metric tonnes of",explicit primary secondary mention without ratio,Method-row source-mix inference,false,false,false,false,false,,seed_batch_03 | seed_batch_03 | seed_batch_03
r086_relianceindustries,RELIANCE INDUSTRIES,86,D,电力、热力、燃气及水生产和供应业,"Electricity, Heat, Gas and Water Production and Supply",primary_secondary_mixed,explicit_primary_secondary_mention_without_ratio,,RELIANCE INDUSTRIES-BRSR2024~25.pdf,36,1 0.000147 Total Scope 1 and Scope 2 emission intensity in terms of physical output (MT CO2e/MT) 0.471 0.482 Total Scope 1 and Scope 2 emission intensity (optional) - the relevant metric may be selected by the entity - - Note: For Jamnagar,explicit primary secondary mention without ratio,Method-row source-mix inference,false,false,false,false,false,,seed_batch_03 | seed_batch_03 | seed_batch_03
r096_nestlé,NESTLÉ,96,C,制造业,Manufacturing,primary_secondary_mixed,explicit_primary_secondary_mention_without_ratio,,NESTLÉ-non-financial-statement-2024.pdf,110,Table A GHG scope Main activity data sources Main emission factors sources General Scope 1 Factories (and other site types) energy consumption reporting Latest available versions of: GHG Protocol Stationary Combustion Tools ‘Greenhouse Gas,explicit primary secondary mention without ratio,Method-row source-mix inference,false,false,false,false,false,,seed_batch_03 | seed_batch_03 | seed_batch_03
r096_nestlé,NESTLÉ,96,C,制造业,Manufacturing,primary_secondary_mixed,explicit_primary_secondary_mention_without_ratio,,NESTLÉ-non-financial-statement-2024.pdf,110,Table A GHG scope Main activity data sources Main emission factors sources General Scope 1 Factories (and other site types) energy consumption reporting Latest available versions of: GHG Protocol Stationary Combustion Tools ‘Greenhouse Gas,explicit primary secondary mention without ratio,Method-row source-mix inference,false,false,false,false,false,,seed_batch_03 | seed_batch_03 | seed_batch_03
r096_nestlé,NESTLÉ,96,C,制造业,Manufacturing,primary_secondary_mixed,explicit_primary_secondary_mention_without_ratio,,NESTLÉ-non-financial-statement-2024.pdf,110,Table A GHG scope Main activity data sources Main emission factors sources General Scope 1 Factories (and other site types) energy consumption reporting Latest available versions of: GHG Protocol Stationary Combustion Tools ‘Greenhouse Gas,explicit primary secondary mention without ratio,Method-row source-mix inference,false,false,false,false,false,,seed_batch_03 | seed_batch_03 | seed_batch_03
r107_itochu,ITOCHU,107,L,租赁和商务服务业,Leasing and Business Services,primary_secondary_mixed,explicit_primary_secondary_mention_without_ratio,,ITOCHU-ESG report 2024.pdf,109,"t: GJ/m2) 0.684 0.576 0.564 0.539 0.559 * The denominators of intensity figures per one square meter of all floor space are as follows: FYE 2020: 101,545 m2, FYE 2021: 114,920 m2, FYE 2022: 113,434 m2, FYE 2023: 111,945 m2, FYE 2024: 111,8",explicit primary secondary mention without ratio,Method-row source-mix inference,false,false,false,false,false,,seed_batch_03 | seed_batch_03 | seed_batch_03
r107_itochu,ITOCHU,107,L,租赁和商务服务业,Leasing and Business Services,primary_secondary_mixed,explicit_primary_secondary_mention_without_ratio,,ITOCHU-ESG report 2024.pdf,109,"t: GJ/m2) 0.684 0.576 0.564 0.539 0.559 * The denominators of intensity figures per one square meter of all floor space are as follows: FYE 2020: 101,545 m2, FYE 2021: 114,920 m2, FYE 2022: 113,434 m2, FYE 2023: 111,945 m2, FYE 2024: 111,8",explicit primary secondary mention without ratio,Method-row source-mix inference,false,false,false,false,false,,seed_batch_03 | seed_batch_03 | seed_batch_03
r107_itochu,ITOCHU,107,L,租赁和商务服务业,Leasing and Business Services,primary_secondary_mixed,explicit_primary_secondary_mention_without_ratio,,ITOCHU-ESG report 2024.pdf,110,"In FYE 2024, the GHG reduction effect of 50 t-CO2e was included applying “Certificate of CO2 Reduction Effect by SAF” which we purchased through “SAF Flight Initiative” offered by All Nippon Airways Co., Ltd. *6 The consolidated commuting",explicit primary secondary mention without ratio,Method-row source-mix inference,false,false,false,false,false,,seed_batch_03 | seed_batch_03 | seed_batch_03
r182_ubsgroup,UBS GROUP,182,J,金融业,Finance,primary_secondary_mixed,explicit_primary_secondary_mention_without_ratio,,UBS GROUP-sustainability-report-2024.pdf,125,"Scope 2: accounts for indirect GHG emissions associated with the generation of imported / purchased electricity (grid average emission factor), heat or steam.",explicit primary secondary mention without ratio,Method-row source-mix inference,false,false,false,false,false,,seed_batch_05 | seed_batch_05 | seed_batch_05
r182_ubsgroup,UBS GROUP,182,J,金融业,Finance,primary_secondary_mixed,explicit_primary_secondary_mention_without_ratio,,UBS GROUP-sustainability-report-2024.pdf,125,"Scope 2: accounts for indirect GHG emissions associated with the generation of imported / purchased electricity (grid average emission factor), heat or steam.",explicit primary secondary mention without ratio,Method-row source-mix inference,false,false,false,false,false,,seed_batch_05 | seed_batch_05 | seed_batch_05
r182_ubsgroup,UBS GROUP,182,J,金融业,Finance,primary_secondary_mixed,explicit_primary_secondary_mention_without_ratio,,UBS GROUP-sustainability-report-2024.pdf,30,"We may add ambitions for additional scope 3 activities over time and on a best-efforts basis based on the availability of appropriate measurement frameworks and data, and the materiality of the relevant activity to UBS.",explicit primary secondary mention without ratio,Method-row source-mix inference,false,false,false,false,false,,seed_batch_05 | seed_batch_05 | seed_batch_05
r201_koreaelectricpower,KOREA ELECTRIC POWER,201,I,信息传输、软件和信息技术服务业,"Information Transmission, Software and Information Technology Services",primary_secondary_mixed,explicit_primary_secondary_mention_without_ratio,,(KEPCO)2024SustainabilityReport_Eng.pdf,150,"es (SOx) ton 6,164 4,539 3,798 Dust ton 369 342 188 *Revision of previous year data errors (based on disclosed figures in Environmental Information Disclosure System) GHG ESG Data (Environmental) Company Category Unit 2021 2022 2023 EWP GHG",explicit primary secondary mention without ratio,Method-row source-mix inference,false,false,false,false,false,,seed_batch_12 | seed_batch_12 | seed_batch_12
r201_koreaelectricpower,KOREA ELECTRIC POWER,201,I,信息传输、软件和信息技术服务业,"Information Transmission, Software and Information Technology Services",primary_secondary_mixed,explicit_primary_secondary_mention_without_ratio,,(KEPCO)2024SustainabilityReport_Eng.pdf,150,"es (SOx) ton 6,164 4,539 3,798 Dust ton 369 342 188 *Revision of previous year data errors (based on disclosed figures in Environmental Information Disclosure System) GHG ESG Data (Environmental) Company Category Unit 2021 2022 2023 EWP GHG",explicit primary secondary mention without ratio,Method-row source-mix inference,false,false,false,false,false,,seed_batch_12 | seed_batch_12 | seed_batch_12
r201_koreaelectricpower,KOREA ELECTRIC POWER,201,I,信息传输、软件和信息技术服务业,"Information Transmission, Software and Information Technology Services",primary_secondary_mixed,explicit_primary_secondary_mention_without_ratio,,(KEPCO)2024SustainabilityReport_Eng.pdf,150,"es (SOx) ton 6,164 4,539 3,798 Dust ton 369 342 188 *Revision of previous year data errors (based on disclosed figures in Environmental Information Disclosure System) GHG ESG Data (Environmental) Company Category Unit 2021 2022 2023 EWP GHG",explicit primary secondary mention without ratio,Method-row source-mix inference,false,false,false,false,false,,seed_batch_12 | seed_batch_12 | seed_batch_12
r275_idemitsukosan,IDEMITSU KOSAN,275,D,电力、热力、燃气及水生产和供应业,"Electricity, Heat, Gas and Water Production and Supply",primary_secondary_mixed,explicit_primary_secondary_mention_without_ratio,,IDEMITSU KOSAN integrated report.pdf,53,sales destinations (t/year) × fuel reduction rate achieved by introduction of ULTY-V plus AT × unit calorific value of fuel (GJ/t) × emission factor during fuel combustion (t-CO₂/GJ) × ser- vice life (years) × our share ratio (%)  Image o,explicit primary secondary mention without ratio,Method-row source-mix inference,false,false,false,false,false,,seed_batch_07 | seed_batch_07 | seed_batch_07
r275_idemitsukosan,IDEMITSU KOSAN,275,D,电力、热力、燃气及水生产和供应业,"Electricity, Heat, Gas and Water Production and Supply",primary_secondary_mixed,explicit_primary_secondary_mention_without_ratio,,IDEMITSU KOSAN integrated report.pdf,53,sales destinations (t/year) × fuel reduction rate achieved by introduction of ULTY-V plus AT × unit calorific value of fuel (GJ/t) × emission factor during fuel combustion (t-CO₂/GJ) × ser- vice life (years) × our share ratio (%)  Image o,explicit primary secondary mention without ratio,Method-row source-mix inference,false,false,false,false,false,,seed_batch_07 | seed_batch_07 | seed_batch_07
r275_idemitsukosan,IDEMITSU KOSAN,275,D,电力、热力、燃气及水生产和供应业,"Electricity, Heat, Gas and Water Production and Supply",primary_secondary_mixed,explicit_primary_secondary_mention_without_ratio,,IDEMITSU KOSAN integrated report.pdf,56,"Selling Idemitsu Renewable Diesel (IRD) and Idemitsu Biodiesel 5 (IBD5), low-carbon fuels derived from waste cooking oil Selling IRD and IBD5 for vehicles and heavy machinery, aiming to reduce CO2 emissions across the entire supply chain IR",explicit primary secondary mention without ratio,Method-row source-mix inference,false,false,false,false,false,,seed_batch_07 | seed_batch_07 | seed_batch_07
r315_unicreditgroup,UNICREDIT GROUP,315,J,金融业,Finance,primary_secondary_mixed,explicit_primary_secondary_mention_without_ratio,,2024-UNICREDIT GROUP-Annual-Reports-and-Accounts.pdf,270,"E1-6 - Gross Scope 1,2,3 and Total GHG emissions With regards to own emissions (Scope 1, 2, and 3 excluding category 15), for the present disclosure comparisons with historical data are not possible due to the changed reporting perimeter ve",explicit primary secondary mention without ratio,Method-row source-mix inference,false,false,false,false,false,,seed_batch_07 | seed_batch_07 | seed_batch_07
r315_unicreditgroup,UNICREDIT GROUP,315,J,金融业,Finance,secondary,average_data,,2024-UNICREDIT GROUP-Annual-Reports-and-Accounts.pdf,273,"Category 1, Purchased goods and services: Includes emissions arising from copy paper consumption for which the average-data method has been applied;",average data,Method-row source-mix inference,false,false,false,true,false,,seed_batch_07 | seed_batch_07 | seed_batch_07
r315_unicreditgroup,UNICREDIT GROUP,315,J,金融业,Finance,secondary,average_data,,2024-UNICREDIT GROUP-Annual-Reports-and-Accounts.pdf,273,"Category 1, Purchased goods and services: Includes emissions arising from copy paper consumption for which the average-data method has been applied;",average data,Method-row source-mix inference,false,false,false,true,false,,seed_batch_07 | seed_batch_07 | seed_batch_07
r317_tokyoelectricpower,TOKYO ELECTRIC POWER,317,I,信息传输、软件和信息技术服务业,"Information Transmission, Software and Information Technology Services",primary_secondary_mixed,explicit_primary_secondary_mention_without_ratio,,TOKYO ELECTRIC POWER TP2024_en_web_print.pdf,25,"We will work towards reducing both our group's and our customers' CO₂ emissions, aiming to achieve our CO₂ reduction target and generate income on the order of ¥450 billion. *1 Scope 1: Direct emissions from fuel combustion Scope 2: Indirec",explicit primary secondary mention without ratio,Method-row source-mix inference,false,false,false,false,false,,seed_batch_07 | seed_batch_07 | seed_batch_07
r317_tokyoelectricpower,TOKYO ELECTRIC POWER,317,I,信息传输、软件和信息技术服务业,"Information Transmission, Software and Information Technology Services",primary_secondary_mixed,explicit_primary_secondary_mention_without_ratio,,TOKYO ELECTRIC POWER TP2024_en_web_print.pdf,25,"We will work towards reducing both our group's and our customers' CO₂ emissions, aiming to achieve our CO₂ reduction target and generate income on the order of ¥450 billion. *1 Scope 1: Direct emissions from fuel combustion Scope 2: Indirec",explicit primary secondary mention without ratio,Method-row source-mix inference,false,false,false,false,false,,seed_batch_07 | seed_batch_07 | seed_batch_07
r317_tokyoelectricpower,TOKYO ELECTRIC POWER,317,I,信息传输、软件和信息技术服务业,"Information Transmission, Software and Information Technology Services",primary_secondary_mixed,explicit_primary_secondary_mention_without_ratio,,TOKYO ELECTRIC POWER TP2024_en_web_print.pdf,25,"We will work towards reducing both our group's and our customers' CO₂ emissions, aiming to achieve our CO₂ reduction target and generate income on the order of ¥450 billion. *1 Scope 1: Direct emissions from fuel combustion Scope 2: Indirec",explicit primary secondary mention without ratio,Method-row source-mix inference,false,false,false,false,false,,seed_batch_07 | seed_batch_07 | seed_batch_07
r339_hyundaimobis,HYUNDAI MOBIS,339,C,制造业,Manufacturing,primary_secondary_mixed,explicit_primary_secondary_mention_without_ratio,,HYUNDAI MOBIS sustainability report 2025.pdf,46,"Corporate Overview Environment Social Governance Appendix Letter to Stakeholders Activity and Resource GHG Emissions Management Scope 1 & 2 Emissions Management We have established our GHG inventory covering CO2, CH4, N2O, HFCs, PFCs, and S",explicit primary secondary mention without ratio,Method-row source-mix inference,false,false,false,false,false,,seed_batch_08 | seed_batch_08 | seed_batch_08
r339_hyundaimobis,HYUNDAI MOBIS,339,C,制造业,Manufacturing,primary_secondary_mixed,explicit_primary_secondary_mention_without_ratio,,HYUNDAI MOBIS sustainability report 2025.pdf,52,"Standard, and accounted for items for which category-specific calculation methods or coverage were changed by retrospectively including emissions from previous years (not including domestic subsidiaries) 2) Percentage of Scope 3 emissions",explicit primary secondary mention without ratio,Method-row source-mix inference,false,false,false,false,false,,seed_batch_08 | seed_batch_08 | seed_batch_08
r339_hyundaimobis,HYUNDAI MOBIS,339,C,制造业,Manufacturing,primary_secondary_mixed,explicit_primary_secondary_mention_without_ratio,,HYUNDAI MOBIS sustainability report 2025.pdf,65,Product Life Cycle Assessment Raw material extraction and production • Expand the sourcing of low- carbon raw materials • Develop eco-friendly materials 6) Change the number of target products and advance the LCA methodology 2024 6) 2025,explicit primary secondary mention without ratio,Method-row source-mix inference,false,false,false,false,false,,seed_batch_08 | seed_batch_08 | seed_batch_08
r391_西班牙acs集团,ACS Group,391,E,建筑业,Construction,primary_secondary_mixed,explicit_primary_secondary_mention_without_ratio,,2024_ACS_Sustainability_Report.pdf,81,The information is only for processes owned or controlled by the ACS Group and applies to the same perimeter as was used for reporting scope 1 and 2 GHG emissions.,explicit primary secondary mention without ratio,Method-row source-mix inference,false,false,false,false,false,,seed_batch_14 | seed_batch_14 | seed_batch_14
r391_西班牙acs集团,ACS Group,391,E,建筑业,Construction,primary_secondary_mixed,explicit_primary_secondary_mention_without_ratio,,2024_ACS_Sustainability_Report.pdf,85,Emissions from subcontractor works and services are assumed to be equivalent to Scope 1 and Scope 2 emissions.,explicit primary secondary mention without ratio,Method-row source-mix inference,false,false,false,false,false,,seed_batch_14 | seed_batch_14 | seed_batch_14
r391_西班牙acs集团,ACS Group,391,E,建筑业,Construction,primary_secondary_mixed,explicit_primary_secondary_mention_without_ratio,,2024_ACS_Sustainability_Report.pdf,85,Emissions from subcontractor works and services are assumed to be equivalent to Scope 1 and Scope 2 emissions.,explicit primary secondary mention without ratio,Method-row source-mix inference,false,false,false,false,false,,seed_batch_14 | seed_batch_14 | seed_batch_14
r392_coop集团,Coop,392,F,批发和零售业,Wholesale and Retail Trade,primary_secondary_mixed,explicit_primary_secondary_mention_without_ratio,,COOP GROUP Fortschrittsbericht-Nachhaltigkeit-2024_en.pdf,221,"For the Scope 3 categories that are not calculated using procurement values, the year 2024 is considered for calculation, or the data is estimated based on the 2023 value.",explicit primary secondary mention without ratio,Method-row source-mix inference,false,false,false,false,false,,seed_batch_08 | seed_batch_08 | seed_batch_08
r392_coop集团,Coop,392,F,批发和零售业,Wholesale and Retail Trade,primary_secondary_mixed,explicit_primary_secondary_mention_without_ratio,,COOP GROUP Fortschrittsbericht-Nachhaltigkeit-2024_en.pdf,221,"used for the respective reporting year • DEFRA 2022 • WFLDB v.3.9 • ecoinvent 3.9 • DEFRA 2024 • WFLDB v.3.9 • ecoinvent 3.9.1 For the 2024 reporting year, it should be noted that due to the earlier data deadline and the calculations for th",explicit primary secondary mention without ratio,Method-row source-mix inference,false,false,false,false,false,,seed_batch_08 | seed_batch_08 | seed_batch_08
r392_coop集团,Coop,392,F,批发和零售业,Wholesale and Retail Trade,primary_secondary_mixed,explicit_primary_secondary_mention_without_ratio,,COOP GROUP Fortschrittsbericht-Nachhaltigkeit-2024_en.pdf,53,"For the Scope 3 categories that are not calculated using procurement values, the year 2024 is considered for calculation, or the data is estimated based on the 2023 value.",explicit primary secondary mention without ratio,Method-row source-mix inference,false,false,false,false,false,,seed_batch_08 | seed_batch_08 | seed_batch_08
r461_rabobankgroup,RABOBANK GROUP,461,J,金融业,Finance,primary_secondary_mixed,explicit_primary_secondary_mention_without_ratio,,rabobank_impact_report_2024.pdf,45,"Based on the data available to us, our models estimate that the progress indicator of our 2030 financed emissions for our total like-for-like on-balance sheet lending portfolio (CO2 and non-CO2 emissions combined) will be approximately 32 M",explicit primary secondary mention without ratio,Method-row source-mix inference,false,false,false,false,false,,seed_batch_10 | seed_batch_10 | seed_batch_10
r461_rabobankgroup,RABOBANK GROUP,461,J,金融业,Finance,primary_secondary_mixed,explicit_primary_secondary_mention_without_ratio,,rabobank_impact_report_2024.pdf,45,"Based on the data available to us, our models estimate that the progress indicator of our 2030 financed emissions for our total like-for-like on-balance sheet lending portfolio (CO2 and non-CO2 emissions combined) will be approximately 32 M",explicit primary secondary mention without ratio,Method-row source-mix inference,false,false,false,false,false,,seed_batch_10 | seed_batch_10 | seed_batch_10
r461_rabobankgroup,RABOBANK GROUP,461,J,金融业,Finance,primary_secondary_mixed,explicit_primary_secondary_mention_without_ratio,,rabobank_impact_report_2024.pdf,45,"Based on the data available to us, our models estimate that the progress indicator of our 2030 financed emissions for our total like-for-like on-balance sheet lending portfolio (CO2 and non-CO2 emissions combined) will be approximately 32 M",explicit primary secondary mention without ratio,Method-row source-mix inference,false,false,false,false,false,,seed_batch_10 | seed_batch_10 | seed_batch_10
r037_bankofchina,BANK OF CHINA,37,J,金融业,Finance,primary_secondary_mixed,explicit_primary_secondary_mention_without_ratio,,2024中国银行股份有限公司社会责任报告.pdf,67,The report states that greenhouse gas accounting refers to the GHG Protocol and cites IPCC 2006 2019 and GB T 2589 2020 for conversion factors and methodology.,explicit primary secondary mention without ratio,Method-row source-mix inference,false,false,false,false,false,,manual_axis_backfill | manual_axis_backfill | manual_axis_backfill
r037_bankofchina,BANK OF CHINA,37,J,金融业,Finance,primary_secondary_mixed,explicit_primary_secondary_mention_without_ratio,,2024中国银行股份有限公司社会责任报告.pdf,67,Structured data-source tag: Secondary data; Structured assurance tag: Report disclosure,explicit primary secondary mention without ratio,Method-row source-mix inference,false,false,false,false,false,,manual_axis_backfill | manual_axis_backfill | manual_axis_backfill
r037_bankofchina,BANK OF CHINA,37,J,金融业,Finance,primary_secondary_mixed,explicit_primary_secondary_mention_without_ratio,,2024中国银行股份有限公司社会责任报告.pdf,67,The report states that greenhouse gas accounting refers to the GHG Protocol and cites IPCC 2006 2019 and GB T 2589 2020 for conversion factors and methodology.,explicit primary secondary mention without ratio,Method-row source-mix inference,false,false,false,false,false,,manual_axis_backfill | manual_axis_backfill | manual_axis_backfill
r053_pinganinsurance,PING AN INSURANCE,53,J,金融业,Finance,primary_secondary_mixed,explicit_primary_secondary_mention_without_ratio,,2024中国平安可持续报告.pdf,171,The report states that the environmental data boundary follows the GHG Protocol operational control approach and uses published fuel and grid emission factors for Scope 1 and Scope 2.,explicit primary secondary mention without ratio,Method-row source-mix inference,false,false,false,false,false,,manual_axis_backfill | manual_axis_backfill | manual_axis_backfill
r053_pinganinsurance,PING AN INSURANCE,53,J,金融业,Finance,primary_secondary_mixed,explicit_primary_secondary_mention_without_ratio,,2024中国平安可持续报告.pdf,171,Structured data-source tag: Secondary data; Structured assurance tag: Report disclosure,explicit primary secondary mention without ratio,Method-row source-mix inference,false,false,false,false,false,,manual_axis_backfill | manual_axis_backfill | manual_axis_backfill
r053_pinganinsurance,PING AN INSURANCE,53,J,金融业,Finance,primary_secondary_mixed,explicit_primary_secondary_mention_without_ratio,,2024中国平安可持续报告.pdf,171,The report states that the environmental data boundary follows the GHG Protocol operational control approach and uses published fuel and grid emission factors for Scope 1 and Scope 2.,explicit primary secondary mention without ratio,Method-row source-mix inference,false,false,false,false,false,,manual_axis_backfill | manual_axis_backfill | manual_axis_backfill
r061_valeroenergy,VALERO ENERGY,61,D,电力、热力、燃气及水生产和供应业,"Electricity, Heat, Gas and Water Production and Supply",primary_secondary_mixed,explicit_primary_secondary_mention_without_ratio,,VALERO ENERGY-2024 ESG Report 0823 FINAL pages.pdf,21,"rolled and owned by the firm, commonly referred to as Scope 1, can be calculated using different parameters and methodologies.",explicit primary secondary mention without ratio,Method-row source-mix inference,false,false,false,false,false,,seed_batch_02 | seed_batch_02 | seed_batch_02
r061_valeroenergy,VALERO ENERGY,61,D,电力、热力、燃气及水生产和供应业,"Electricity, Heat, Gas and Water Production and Supply",primary_secondary_mixed,explicit_primary_secondary_mention_without_ratio,,VALERO ENERGY-2024 ESG Report 0823 FINAL pages.pdf,77,We include the market-based approach when disclosing Scope 2 GHG emissions for actual purposes. • Expected Scopes 1 and 2 GHG emissions: • Refining Scopes 1 and 2 GHG emissions in future years and expected reductions against the base year a,explicit primary secondary mention without ratio,Method-row source-mix inference,false,false,false,false,false,,seed_batch_02 | seed_batch_02 | seed_batch_02
r061_valeroenergy,VALERO ENERGY,61,D,电力、热力、燃气及水生产和供应业,"Electricity, Heat, Gas and Water Production and Supply",primary_secondary_mixed,explicit_primary_secondary_mention_without_ratio,,VALERO ENERGY-2024 ESG Report 0823 FINAL pages.pdf,77,We include the market-based approach when disclosing Scope 2 GHG emissions for actual purposes. • Expected Scopes 1 and 2 GHG emissions: • Refining Scopes 1 and 2 GHG emissions in future years and expected reductions against the base year a,explicit primary secondary mention without ratio,Method-row source-mix inference,false,false,false,false,false,,seed_batch_02 | seed_batch_02 | seed_batch_02
r067_hsbcholdings,HSBC HOLDINGS,67,J,金融业,Finance,primary_secondary_mixed,explicit_primary_secondary_mention_without_ratio,,HSBC HOLDINGS-250219-annual-report-and-accounts-2024.pdf,56,We also indicate the 2030 figure of 0.47 tCO2e/t cement derived from the updated IEA NZE 2024 scenario.,explicit primary secondary mention without ratio,Method-row source-mix inference,false,false,false,false,false,,seed_batch_02 | seed_batch_02 | seed_batch_02
r067_hsbcholdings,HSBC HOLDINGS,67,J,金融业,Finance,primary_secondary_mixed,explicit_primary_secondary_mention_without_ratio,,HSBC HOLDINGS-250219-annual-report-and-accounts-2024.pdf,56,We also indicate the 2030 figure of 0.47 tCO2e/t cement derived from the updated IEA NZE 2024 scenario.,explicit primary secondary mention without ratio,Method-row source-mix inference,false,false,false,false,false,,seed_batch_02 | seed_batch_02 | seed_batch_02
r067_hsbcholdings,HSBC HOLDINGS,67,J,金融业,Finance,primary_secondary_mixed,explicit_primary_secondary_mention_without_ratio,,HSBC HOLDINGS-250219-annual-report-and-accounts-2024.pdf,58,"We also indicate the 2030 figure of 2.7 Mt CO2e derived from the updated IEA NZE 2024 scenario, which suggests a 42% reduction relative to the re- baselined 2020 figure.",explicit primary secondary mention without ratio,Method-row source-mix inference,false,false,false,false,false,,seed_batch_02 | seed_batch_02 | seed_batch_02
r091_equinor公司,Equinor,91,D,电力、热力、燃气及水生产和供应业,"Electricity, Heat, Gas and Water Production and Supply",primary,explicit_reported_primary_data_percentage,2,annual-report-2024-equinor.pdf,120,Primary data 缁撴瀯鍖栨暟鎹川閲忔爣璁帮細推导值； The remaining categories (2% of total scope 3 emissions) are based on primary data. The remaining categories (2% of total scope 3 emissions) are based on primary data. The remaining categories (2% of total scope 3 emissions) are based on primary data.,explicit reported primary data percentage,Explicit reported primary-data percentage,true,false,false,false,false,,seed_batch_03 | seed_batch_03 | seed_batch_03 | seed_batch_03
r091_equinor公司,Equinor,91,D,电力、热力、燃气及水生产和供应业,"Electricity, Heat, Gas and Water Production and Supply",primary,explicit_reported_primary_data_percentage,2,annual-report-2024-equinor.pdf,119,"Indirect greenhouse gas emissions (scope 2) Scope 2 emissions for assets under operational control are calculated from purchased electricity, heat, and cooling, combined with country-specific emission factors.",explicit reported primary data percentage,Explicit reported primary-data percentage,true,false,false,false,false,,seed_batch_03 | seed_batch_03 | seed_batch_03 | seed_batch_03
r091_equinor公司,Equinor,91,D,电力、热力、燃气及水生产和供应业,"Electricity, Heat, Gas and Water Production and Supply",primary,explicit_reported_primary_data_percentage,2,annual-report-2024-equinor.pdf,119,"Indirect greenhouse gas emissions (scope 2) Scope 2 emissions for assets under operational control are calculated from purchased electricity, heat, and cooling, combined with country-specific emission factors.",explicit reported primary data percentage,Explicit reported primary-data percentage,true,false,false,false,false,,seed_batch_03 | seed_batch_03 | seed_batch_03 | seed_batch_03
r091_equinor公司,Equinor,91,D,电力、热力、燃气及水生产和供应业,"Electricity, Heat, Gas and Water Production and Supply",primary,explicit_reported_primary_data_percentage,2,annual-report-2024-equinor.pdf,120,The remaining categories (2% of total scope 3 emissions) are based on primary data.,explicit reported primary data percentage,Explicit reported primary-data percentage,true,false,false,false,false,,seed_batch_03 | seed_batch_03 | seed_batch_03 | seed_batch_03
r095_lifeinsurancecorpofindia,LIFE INSURANCE CORP. OF INDIA,95,J,金融业,Finance,primary_secondary_mixed,explicit_primary_secondary_mention_without_ratio,,LIC_Annual_Report_2023_2024.pdf,299,"Provide details of greenhouse gas emissions (Scope 1 and Scope 2 emissions) & its intensity, in the following format: Parameter Unit FY 2023-24 (Current Financial Year) FY 2022-23 (Previous Financial Year) Total Scope 1 emissions (Break-up",explicit primary secondary mention without ratio,Method-row source-mix inference,false,false,false,false,false,,seed_batch_11 | seed_batch_11 | seed_batch_11
r095_lifeinsurancecorpofindia,LIFE INSURANCE CORP. OF INDIA,95,J,金融业,Finance,primary_secondary_mixed,explicit_primary_secondary_mention_without_ratio,,LIC_Annual_Report_2023_2024.pdf,299,"Provide details of greenhouse gas emissions (Scope 1 and Scope 2 emissions) & its intensity, in the following format: Parameter Unit FY 2023-24 (Current Financial Year) FY 2022-23 (Previous Financial Year) Total Scope 1 emissions (Break-up",explicit primary secondary mention without ratio,Method-row source-mix inference,false,false,false,false,false,,seed_batch_11 | seed_batch_11 | seed_batch_11
r095_lifeinsurancecorpofindia,LIFE INSURANCE CORP. OF INDIA,95,J,金融业,Finance,primary_secondary_mixed,explicit_primary_secondary_mention_without_ratio,,LIC_Annual_Report_2023_2024.pdf,302,"Please provide details of total Scope 3 emissions & its intensity, in the following format: Parameter Unit FY 2023-24 (Current Financial Year) FY",explicit primary secondary mention without ratio,Method-row source-mix inference,false,false,false,false,false,,seed_batch_11 | seed_batch_11 | seed_batch_11
r111_morganstanley,MORGAN STANLEY,111,J,金融业,Finance,primary_secondary_mixed,explicit_primary_secondary_mention_without_ratio,,Morgan_Stanley_2023_ESG_Report.pdf,85,"SCOPES EMISSION SOURCES/COVERED ACTIVITIES FOR 2023 REPORTING PERIOD EMISSION FACTOR SOURCES (PUBLISHED DATE) Scope 1 Stationary Combustion: Natural Gas, Diesel, Propane EPA GHG Emission Factors Hub 2023 (2023) Mobile Combustion: Gasoline,",explicit primary secondary mention without ratio,Method-row source-mix inference,false,false,false,false,false,,seed_batch_03 | seed_batch_03 | seed_batch_03
r111_morganstanley,MORGAN STANLEY,111,J,金融业,Finance,primary_secondary_mixed,explicit_primary_secondary_mention_without_ratio,,Morgan_Stanley_2023_ESG_Report.pdf,85,"SCOPES EMISSION SOURCES/COVERED ACTIVITIES FOR 2023 REPORTING PERIOD EMISSION FACTOR SOURCES (PUBLISHED DATE) Scope 1 Stationary Combustion: Natural Gas, Diesel, Propane EPA GHG Emission Factors Hub 2023 (2023) Mobile Combustion: Gasoline,",explicit primary secondary mention without ratio,Method-row source-mix inference,false,false,false,false,false,,seed_batch_03 | seed_batch_03 | seed_batch_03
r111_morganstanley,MORGAN STANLEY,111,J,金融业,Finance,primary_secondary_mixed,explicit_primary_secondary_mention_without_ratio,,Morgan_Stanley_2023_ESG_Report.pdf,85,"SCOPES EMISSION SOURCES/COVERED ACTIVITIES FOR 2023 REPORTING PERIOD EMISSION FACTOR SOURCES (PUBLISHED DATE) Scope 1 Stationary Combustion: Natural Gas, Diesel, Propane EPA GHG Emission Factors Hub 2023 (2023) Mobile Combustion: Gasoline,",explicit primary secondary mention without ratio,Method-row source-mix inference,false,false,false,false,false,,seed_batch_03 | seed_batch_03 | seed_batch_03
r132_orlen,ORLEN,132,D,电力、热力、燃气及水生产和供应业,"Electricity, Heat, Gas and Water Production and Supply",primary,explicit_reported_primary_data_percentage,0,Management Board on the Operations of ORLEN Group 2024.pdf.coredownload.pdf,161,"The extent to which the undertaking’s Scope 3 GHG emissions are measured using primary data obtained is 0% – at the current stage of deve... The extent to which the undertaking’s Scope 3 GHG emissions are measured using primary data obtained is 0% – at the current stage of development of the organisation’s data collection and carbon footprint calculation processes, only literatu",explicit reported primary data percentage,Explicit reported primary-data percentage,true,false,false,false,false,,seed_batch_04 | seed_batch_04 | seed_batch_04 | seed_batch_04
r132_orlen,ORLEN,132,D,电力、热力、燃气及水生产和供应业,"Electricity, Heat, Gas and Water Production and Supply",primary,explicit_reported_primary_data_percentage,0,Management Board on the Operations of ORLEN Group 2024.pdf.coredownload.pdf,160,"For the year 2024, Scope 3 emissions were estimated based on 2023 emission values, and adjusted using revenue-based ratios (2024 revenue vs 2023 revenue) and volume-based ratios (2024 volume vs 2023 volume).",explicit reported primary data percentage,Explicit reported primary-data percentage,true,false,false,false,false,,seed_batch_04 | seed_batch_04 | seed_batch_04 | seed_batch_04
r132_orlen,ORLEN,132,D,电力、热力、燃气及水生产和供应业,"Electricity, Heat, Gas and Water Production and Supply",primary,explicit_reported_primary_data_percentage,0,Management Board on the Operations of ORLEN Group 2024.pdf.coredownload.pdf,161,"The extent to which the undertaking’s Scope 3 GHG emissions are measured using primary data obtained is 0% – at the current stage of development of the organisation’s data collection and carbon footprint calculation processes, only literatu",explicit reported primary data percentage,Explicit reported primary-data percentage,true,false,false,false,false,,seed_batch_04 | seed_batch_04 | seed_batch_04 | seed_batch_04
r132_orlen,ORLEN,132,D,电力、热力、燃气及水生产和供应业,"Electricity, Heat, Gas and Water Production and Supply",primary,explicit_reported_primary_data_percentage,0,Management Board on the Operations of ORLEN Group 2024.pdf.coredownload.pdf,161,"The extent to which the undertaking’s Scope 3 GHG emissions are measured using primary data obtained is 0% – at the current stage of development of the organisation’s data collection and carbon footprint calculation processes, only literatu",explicit reported primary data percentage,Explicit reported primary-data percentage,true,false,false,false,false,,seed_batch_04 | seed_batch_04 | seed_batch_04 | seed_batch_04
r145_siemens,SIEMENS,145,C,制造业,Manufacturing,primary_secondary_mixed,explicit_primary_secondary_mention_without_ratio,,SIEMENS ENERGY-sustainability-report-2024-pdf_Original%20file.pdf,86,"SE methodology Calculating emissions from category 11 typically requires product design specifications and assumptions about how customers use our products (e.g., use profiles, assumed product lifetimes).",explicit primary secondary mention without ratio,Method-row source-mix inference,false,false,false,false,false,,seed_batch_04 | seed_batch_04 | seed_batch_04
r145_siemens,SIEMENS,145,C,制造业,Manufacturing,primary_secondary_mixed,explicit_primary_secondary_mention_without_ratio,,SIEMENS ENERGY-sustainability-report-2024-pdf_Original%20file.pdf,86,"SE methodology Calculating emissions from category 11 typically requires product design specifications and assumptions about how customers use our products (e.g., use profiles, assumed product lifetimes).",explicit primary secondary mention without ratio,Method-row source-mix inference,false,false,false,false,false,,seed_batch_04 | seed_batch_04 | seed_batch_04
r145_siemens,SIEMENS,145,C,制造业,Manufacturing,primary_secondary_mixed,explicit_primary_secondary_mention_without_ratio,,SIEMENS ENERGY-sustainability-report-2024-pdf_Original%20file.pdf,86,"SE methodology Calculating emissions from category 11 typically requires product design specifications and assumptions about how customers use our products (e.g., use profiles, assumed product lifetimes).",explicit primary secondary mention without ratio,Method-row source-mix inference,false,false,false,false,false,,seed_batch_04 | seed_batch_04 | seed_batch_04
r162_kia,KIA,162,C,制造业,Manufacturing,primary_secondary_mixed,explicit_primary_secondary_mention_without_ratio,,2025 KIA Sustainability Report.pdf,106,"tation and distribution8 Thousand tCO2eq 1,153.6 1,311.6 1,188.5 Use of sold products9 Thousand tCO2eq 57,390.0 79,327.6 77,804.5 End-of-life treatment of sold products10 Thousand tCO2eq 189.0 1,199.1 1,267.6 Investments11 Thousand tCO2eq 9",explicit primary secondary mention without ratio,Method-row source-mix inference,false,false,false,false,false,,seed_batch_13 | seed_batch_13 | seed_batch_13
r162_kia,KIA,162,C,制造业,Manufacturing,primary_secondary_mixed,explicit_primary_secondary_mention_without_ratio,,2025 KIA Sustainability Report.pdf,21,"y the reductions made in carbon emissions from EV driving. • Comparing the carbon emissions of Kia’s EV4 model with its equivalent internal combustion engine model, the Seltos, over a driving distance of 200,000 kilometers, it was found th",explicit primary secondary mention without ratio,Method-row source-mix inference,false,false,false,false,false,,seed_batch_13 | seed_batch_13 | seed_batch_13
r162_kia,KIA,162,C,制造业,Manufacturing,primary_secondary_mixed,explicit_primary_secondary_mention_without_ratio,,2025 KIA Sustainability Report.pdf,35,O2eq 786.9 777.0 792.2 Domestic Thousand tCO2eq 467.3 454.4 471.2 International Thousand tCO2eq 319.6 322.6 321.0 Emissions intensity (Scope 1 & 2) Thousand tCO2eq 0.44 0.41 0.43 Domestic tCO2eq/Unit 0.58 0.52 0.55 International tCO2eq/Unit,explicit primary secondary mention without ratio,Method-row source-mix inference,false,false,false,false,false,,seed_batch_13 | seed_batch_13 | seed_batch_13
r164_daiichilifeholdings,DAI-ICHI LIFE HOLDINGS,164,J,金融业,Finance,primary_secondary_mixed,explicit_primary_secondary_mention_without_ratio,,2024-DAI-ICHI LIFE HOLDINGS-index_001.pdf,236,236 Sustainability Report 2024 Environment *1 Ratio of companies included in the scope of aggregation (calculated based on the number of employees) ■CO2 emissions Item Scope Unit FY 2020 FY 2021 FY 2022 FY 2023 Direct CO2 emissions (Scope 1,explicit primary secondary mention without ratio,Method-row source-mix inference,false,false,false,false,false,,seed_batch_04 | seed_batch_04 | seed_batch_04
r164_daiichilifeholdings,DAI-ICHI LIFE HOLDINGS,164,J,金融业,Finance,primary_secondary_mixed,explicit_primary_secondary_mention_without_ratio,,2024-DAI-ICHI LIFE HOLDINGS-index_001.pdf,88,Comparison of the reduction achievements with the companies’ targets when viewed linearly Calculated based on Scope 1+2 emissions data*1 of investee companies Comparison between reduction targets and achievements The scope is CO2 contributi,explicit primary secondary mention without ratio,Method-row source-mix inference,false,false,false,false,false,,seed_batch_04 | seed_batch_04 | seed_batch_04
r164_daiichilifeholdings,DAI-ICHI LIFE HOLDINGS,164,J,金融业,Finance,primary_secondary_mixed,explicit_primary_secondary_mention_without_ratio,,2024-DAI-ICHI LIFE HOLDINGS-index_001.pdf,90,"60% derived from electricity Entire Group Dai-ichi Life Environmental Leadership TCFD Initiatives as an Operating Company Scope 1 and 2 emissions reduction initiatives In FY2019 which is the base year of the emissions reduction target, elec",explicit primary secondary mention without ratio,Method-row source-mix inference,false,false,false,false,false,,seed_batch_04 | seed_batch_04 | seed_batch_04
r166_vinci,VINCI,166,E,建筑业,Construction,primary_secondary_mixed,explicit_primary_secondary_mention_without_ratio,,VINCI-2024_workforce_related_environmental_and_social_information.pdf,30,"missions of VINCI’s businesses is based on the Group’s energy consumption data presented above as well as the emissions factors presented in paragraph 5.3.3.1, “Scope 1 and Scope 2 greenhouse gas emissions”, of the methodology note, page 27",explicit primary secondary mention without ratio,Method-row source-mix inference,false,false,false,false,false,,seed_batch_04 | seed_batch_04 | seed_batch_04
r166_vinci,VINCI,166,E,建筑业,Construction,primary_secondary_mixed,explicit_primary_secondary_mention_without_ratio,,VINCI-2024_workforce_related_environmental_and_social_information.pdf,30,"missions of VINCI’s businesses is based on the Group’s energy consumption data presented above as well as the emissions factors presented in paragraph 5.3.3.1, “Scope 1 and Scope 2 greenhouse gas emissions”, of the methodology note, page 27",explicit primary secondary mention without ratio,Method-row source-mix inference,false,false,false,false,false,,seed_batch_04 | seed_batch_04 | seed_batch_04
r166_vinci,VINCI,166,E,建筑业,Construction,primary_secondary_mixed,explicit_primary_secondary_mention_without_ratio,,VINCI-2024_workforce_related_environmental_and_social_information.pdf,88,ersion factors used to calculate Scope 2 emissions outside France are drawn from the 2022 International Energy Agency (IEA) database (published in 2024).,explicit primary secondary mention without ratio,Method-row source-mix inference,false,false,false,false,false,,seed_batch_04 | seed_batch_04 | seed_batch_04
r183_airbus,AIRBUS,183,C,制造业,Manufacturing,primary_secondary_mixed,explicit_primary_secondary_mention_without_ratio,,AIRBUS-pm_38_711_711991-us758j55ai.pdf,2,"n overall Commercial business segment emissions (all scopes) ✔ % >95% In overall Company emissions (all scopes) ✔ % >90% Air emissions Unit 2024 2023 2022 2021 VOC ✔ tons 1,230 1,120 1,103 1,086 NOx tons 190 181 211 224 Tick-marked 2024 dat",explicit primary secondary mention without ratio,Method-row source-mix inference,false,false,false,false,false,,seed_batch_05 | seed_batch_05 | seed_batch_05
r183_airbus,AIRBUS,183,C,制造业,Manufacturing,primary_secondary_mixed,explicit_primary_secondary_mention_without_ratio,,AIRBUS-pm_38_711_711991-us758j55ai.pdf,5,assumptions based on internal and external information including assumptions based on publicly-available data. ●​ Scope 3 emissions are calculated based on product specific methodologies.,explicit primary secondary mention without ratio,Method-row source-mix inference,false,false,false,false,false,,seed_batch_05 | seed_batch_05 | seed_batch_05
r183_airbus,AIRBUS,183,C,制造业,Manufacturing,primary_secondary_mixed,explicit_primary_secondary_mention_without_ratio,,AIRBUS-pm_38_711_711991-us758j55ai.pdf,5,assumptions based on internal and external information including assumptions based on publicly-available data. ●​ Scope 3 emissions are calculated based on product specific methodologies.,explicit primary secondary mention without ratio,Method-row source-mix inference,false,false,false,false,false,,seed_batch_05 | seed_batch_05 | seed_batch_05
r234_panasonicholdings,PANASONIC HOLDINGS,234,C,制造业,Manufacturing,primary_secondary_mixed,explicit_primary_secondary_mention_without_ratio,,2025_Sustainability Date Book PANASONIC HOLDINGS.pdf,20,tivities Avoided emissions for a given amount of activities CO2 emissions-related values and factors Period [Amount of activities] (Units) The number of units that replaced existing gas heating equipment in the total annual sales volume*3 •,explicit primary secondary mention without ratio,Method-row source-mix inference,false,false,false,false,false,,seed_batch_06 | seed_batch_06 | seed_batch_06
r234_panasonicholdings,PANASONIC HOLDINGS,234,C,制造业,Manufacturing,primary_secondary_mixed,explicit_primary_secondary_mention_without_ratio,,2025_Sustainability Date Book PANASONIC HOLDINGS.pdf,35,"The estimation results based on fiscal 2025 data is 20.33 Mt, roughly 15 times the GHG emissions of the Panasonic Group’s own production activities. *1 Other indirect emissions, excluding Scope 1 (direct emissions from facilities owned and",explicit primary secondary mention without ratio,Method-row source-mix inference,false,false,false,false,false,,seed_batch_06 | seed_batch_06 | seed_batch_06
r234_panasonicholdings,PANASONIC HOLDINGS,234,C,制造业,Manufacturing,primary_secondary_mixed,explicit_primary_secondary_mention_without_ratio,,2025_Sustainability Date Book PANASONIC HOLDINGS.pdf,35,"The estimation results based on fiscal 2025 data is 20.33 Mt, roughly 15 times the GHG emissions of the Panasonic Group’s own production activities. *1 Other indirect emissions, excluding Scope 1 (direct emissions from facilities owned and",explicit primary secondary mention without ratio,Method-row source-mix inference,false,false,false,false,false,,seed_batch_06 | seed_batch_06 | seed_batch_06
r237_deltaairlines,DELTA AIR LINES,237,G,交通运输、仓储和邮政业,"Transport, Storage and Post",primary_secondary_mixed,explicit_primary_secondary_mention_without_ratio,,delta-difference-2024-report.pdf,48,"In 2022, SBTi validated Delta’s medium-term climate target – to reduce well-to-wake Scope 1 and 3 jet fuel GHG emissions 45% per revenue ton kilometer by 2035 from a 2019 base year.2 This target is aligned with holding warming well below 2°",explicit primary secondary mention without ratio,Method-row source-mix inference,false,false,false,false,false,,seed_batch_13 | seed_batch_13 | seed_batch_13
r237_deltaairlines,DELTA AIR LINES,237,G,交通运输、仓储和邮政业,"Transport, Storage and Post",primary_secondary_mixed,explicit_primary_secondary_mention_without_ratio,,delta-difference-2024-report.pdf,48,"Scope 3 Categories 3, 5, 7 and 15 calculations use primary data.",explicit primary secondary mention without ratio,Method-row source-mix inference,false,false,false,false,false,,seed_batch_13 | seed_batch_13 | seed_batch_13
r237_deltaairlines,DELTA AIR LINES,237,G,交通运输、仓储和邮政业,"Transport, Storage and Post",primary_secondary_mixed,explicit_primary_secondary_mention_without_ratio,,delta-difference-2024-report.pdf,57,"Scope 3 Categories 3, 5, 7 and 15 calculations use primary data.",explicit primary secondary mention without ratio,Method-row source-mix inference,false,false,false,false,false,,seed_batch_13 | seed_batch_13 | seed_batch_13
r250_contemporaryamperextechnology,CONTEMPORARY AMPEREX TECHNOLOGY,250,C,制造业,Manufacturing,primary_secondary_mixed,explicit_primary_secondary_mention_without_ratio,,宁德时代2024年ESG报告.pdf,72,因 解释 GRI 304： 生物多样性 2016 304-4 受运营影响的栖 息地中已被列入世界 自然保护联盟 (IUCN) 红色名录及国家保护 名册的物种 从略 304-4-a 保密限制 基于信息保 密需求，暂 不予对外披 露 排放 GRI 3：实 质性议题 2021 3-3 实质性议题的管理 重要性议题评估与管理 应对气候变化 排放与废弃物管理 GRI 305： 排放2016 305-1 直接（范围 1） 温室气体排放 ESG 数据表及附注 报告期内公司不涉及生物源CO2,explicit primary secondary mention without ratio,Method-row source-mix inference,false,false,false,false,false,,seed_batch_12 | seed_batch_12 | seed_batch_12
r250_contemporaryamperextechnology,CONTEMPORARY AMPEREX TECHNOLOGY,250,C,制造业,Manufacturing,primary_secondary_mixed,explicit_primary_secondary_mention_without_ratio,,宁德时代2024年ESG报告.pdf,72,因 解释 GRI 304： 生物多样性 2016 304-4 受运营影响的栖 息地中已被列入世界 自然保护联盟 (IUCN) 红色名录及国家保护 名册的物种 从略 304-4-a 保密限制 基于信息保 密需求，暂 不予对外披 露 排放 GRI 3：实 质性议题 2021 3-3 实质性议题的管理 重要性议题评估与管理 应对气候变化 排放与废弃物管理 GRI 305： 排放2016 305-1 直接（范围 1） 温室气体排放 ESG 数据表及附注 报告期内公司不涉及生物源CO2,explicit primary secondary mention without ratio,Method-row source-mix inference,false,false,false,false,false,,seed_batch_12 | seed_batch_12 | seed_batch_12
r250_contemporaryamperextechnology,CONTEMPORARY AMPEREX TECHNOLOGY,250,C,制造业,Manufacturing,primary_secondary_mixed,explicit_primary_secondary_mention_without_ratio,,宁德时代2024年ESG报告.pdf,72,因 解释 GRI 304： 生物多样性 2016 304-4 受运营影响的栖 息地中已被列入世界 自然保护联盟 (IUCN) 红色名录及国家保护 名册的物种 从略 304-4-a 保密限制 基于信息保 密需求，暂 不予对外披 露 排放 GRI 3：实 质性议题 2021 3-3 实质性议题的管理 重要性议题评估与管理 应对气候变化 排放与废弃物管理 GRI 305： 排放2016 305-1 直接（范围 1） 温室气体排放 ESG 数据表及附注 报告期内公司不涉及生物源CO2,explicit primary secondary mention without ratio,Method-row source-mix inference,false,false,false,false,false,,seed_batch_12 | seed_batch_12 | seed_batch_12
r251_renault,RENAULT,251,C,制造业,Manufacturing,primary_secondary_mixed,explicit_primary_secondary_mention_without_ratio,,RENAULT_Rapport_Climat_2024_GB_1920x1080pix_V1_prol_MEL.pdf,46,"11 – use of sold products gCO2e per vehicle- kilometer, well-to-wheel 2 °C 2010 2030 –41% –30% ABSOLUTE Scopes 1 & 2 tCO2e 1.5 °C 2019 2030 –62.5% –50% Scope 3 tCO2e well-to-wheel Well-below 2 °C 2019 2030 –27.5% –38% (1) Greenhouse gas emi",explicit primary secondary mention without ratio,Method-row source-mix inference,false,false,false,false,false,,seed_batch_06 | seed_batch_06 | seed_batch_06
r251_renault,RENAULT,251,C,制造业,Manufacturing,primary_secondary_mixed,explicit_primary_secondary_mention_without_ratio,,RENAULT_Rapport_Climat_2024_GB_1920x1080pix_V1_prol_MEL.pdf,46,"11 – use of sold products gCO2e per vehicle- kilometer, well-to-wheel 2 °C 2010 2030 –41% –30% ABSOLUTE Scopes 1 & 2 tCO2e 1.5 °C 2019 2030 –62.5% –50% Scope 3 tCO2e well-to-wheel Well-below 2 °C 2019 2030 –27.5% –38% (1) Greenhouse gas emi",explicit primary secondary mention without ratio,Method-row source-mix inference,false,false,false,false,false,,seed_batch_06 | seed_batch_06 | seed_batch_06
r251_renault,RENAULT,251,C,制造业,Manufacturing,primary_secondary_mixed,explicit_primary_secondary_mention_without_ratio,,RENAULT_Rapport_Climat_2024_GB_1920x1080pix_V1_prol_MEL.pdf,46,"11 – use of sold products gCO2e per vehicle- kilometer, well-to-wheel 2 °C 2010 2030 –41% –30% ABSOLUTE Scopes 1 & 2 tCO2e 1.5 °C 2019 2030 –62.5% –50% Scope 3 tCO2e well-to-wheel Well-below 2 °C 2019 2030 –27.5% –38% (1) Greenhouse gas emi",explicit primary secondary mention without ratio,Method-row source-mix inference,false,false,false,false,false,,seed_batch_06 | seed_batch_06 | seed_batch_06
r258_bharatpetroleum,BHARAT PETROLEUM,258,D,电力、热力、燃气及水生产和供应业,"Electricity, Heat, Gas and Water Production and Supply",primary_secondary_mixed,explicit_primary_secondary_mention_without_ratio,,BHARAT PETROLEUM sustainability-report-2023-24.pdf,241,The emission factors used in calculating Scope 1 and Scope 2 GHG Emissions and net calorific values used for calculating ene,explicit primary secondary mention without ratio,Method-row source-mix inference,false,false,false,false,false,,seed_batch_06 | seed_batch_06 | seed_batch_06
r258_bharatpetroleum,BHARAT PETROLEUM,258,D,电力、热力、燃气及水生产和供应业,"Electricity, Heat, Gas and Water Production and Supply",primary_secondary_mixed,explicit_primary_secondary_mention_without_ratio,,BHARAT PETROLEUM sustainability-report-2023-24.pdf,241,The emission factors used in calculating Scope 1 and Scope 2 GHG Emissions and net calorific values used for calculating ene,explicit primary secondary mention without ratio,Method-row source-mix inference,false,false,false,false,false,,seed_batch_06 | seed_batch_06 | seed_batch_06
r258_bharatpetroleum,BHARAT PETROLEUM,258,D,电力、热力、燃气及水生产和供应业,"Electricity, Heat, Gas and Water Production and Supply",primary_secondary_mixed,explicit_primary_secondary_mention_without_ratio,,BHARAT PETROLEUM sustainability-report-2023-24.pdf,242,used for emission calculations. l The calculations of emissions due to Crude and LNG import is done by considering the quantity of each of them imported and the distance travelled by average weight crude/LPG carriers. l The emission factor,explicit primary secondary mention without ratio,Method-row source-mix inference,false,false,false,false,false,,seed_batch_06 | seed_batch_06 | seed_batch_06
r269_hp,HP,269,C,制造业,Manufacturing,primary_secondary_mixed,explicit_primary_secondary_mention_without_ratio,,2024_HP_sustainability_report.pdf,159,"Furthermore, Scope 3 emissions are calculated based on a significant number of estimations and management assumptions due to the inherent nature of the Greenhouse Gas Protocol Corporate Value Chain (Scope 3) Accounting and Reporting Standar",explicit primary secondary mention without ratio,Method-row source-mix inference,false,false,false,false,false,,seed_batch_14 | seed_batch_14 | seed_batch_14
r269_hp,HP,269,C,制造业,Manufacturing,primary_secondary_mixed,explicit_primary_secondary_mention_without_ratio,,2024_HP_sustainability_report.pdf,159,"Furthermore, Scope 3 emissions are calculated based on a significant number of estimations and management assumptions due to the inherent nature of the Greenhouse Gas Protocol Corporate Value Chain (Scope 3) Accounting and Reporting Standar",explicit primary secondary mention without ratio,Method-row source-mix inference,false,false,false,false,false,,seed_batch_14 | seed_batch_14 | seed_batch_14
r269_hp,HP,269,C,制造业,Manufacturing,primary_secondary_mixed,explicit_primary_secondary_mention_without_ratio,,2024_HP_sustainability_report.pdf,4,"In some cases, segments do not add up to the total due to rounding. — Assumptions are utilized when estimating Scope 3 greenhouse gas (GHG) emissions, product energy consumption and resulting GHG emissions, the percentage of HP products tha",explicit primary secondary mention without ratio,Method-row source-mix inference,false,false,false,false,false,,seed_batch_14 | seed_batch_14 | seed_batch_14
r282_volvo,VOLVO,282,C,制造业,Manufacturing,primary_secondary_mixed,explicit_primary_secondary_mention_without_ratio,,volvo-group-annual-report-2024.pdf,151,"In the resiliency analysis we have used a scenario of 35% ZEV, which is the estimated levels of ZEVs needed to reach the targeted reduction of 40% GHG per vehicle-kilometer for trucks and buses by 2030.",explicit primary secondary mention without ratio,Method-row source-mix inference,false,false,false,false,false,,seed_batch_07 | seed_batch_07 | seed_batch_07
r282_volvo,VOLVO,282,C,制造业,Manufacturing,primary_secondary_mixed,explicit_primary_secondary_mention_without_ratio,,volvo-group-annual-report-2024.pdf,151,"In the resiliency analysis we have used a scenario of 35% ZEV, which is the estimated levels of ZEVs needed to reach the targeted reduction of 40% GHG per vehicle-kilometer for trucks and buses by 2030.",explicit primary secondary mention without ratio,Method-row source-mix inference,false,false,false,false,false,,seed_batch_07 | seed_batch_07 | seed_batch_07
r282_volvo,VOLVO,282,C,制造业,Manufacturing,primary_secondary_mixed,explicit_primary_secondary_mention_without_ratio,,volvo-group-annual-report-2024.pdf,158,"Emission factors used for scope 1, 2 and 3 are from internationally recognized and credible sources.",explicit primary secondary mention without ratio,Method-row source-mix inference,false,false,false,false,false,,seed_batch_07 | seed_batch_07 | seed_batch_07
r301_swissre,SWISS RE,301,J,金融业,Finance,primary_secondary_mixed,explicit_primary_secondary_mention_without_ratio,,2024-SWISS RE-sustainability-report-en.pdf,100,Primary activity data from building facilities are collected from more than 90% of office locations on an FTE basis and extrapolated to cover all the locations globally.,explicit primary secondary mention without ratio,Method-row source-mix inference,false,false,false,false,false,,seed_batch_07 | seed_batch_07 | seed_batch_07
r301_swissre,SWISS RE,301,J,金融业,Finance,primary_secondary_mixed,explicit_primary_secondary_mention_without_ratio,,2024-SWISS RE-sustainability-report-en.pdf,76,"For its calculations, Swiss Re used Scope 1 and 2 emission data from MSCI ESG as at January 2025, based on holdings as at 31 December 2024.66 Swiss Re monitors Scope 3 emissions for its corporate bond and listed equity portfolios with the a",explicit primary secondary mention without ratio,Method-row source-mix inference,false,false,false,false,false,,seed_batch_07 | seed_batch_07 | seed_batch_07
r301_swissre,SWISS RE,301,J,金融业,Finance,primary_secondary_mixed,explicit_primary_secondary_mention_without_ratio,,2024-SWISS RE-sustainability-report-en.pdf,76,"For its calculations, Swiss Re used Scope 1 and 2 emission data from MSCI ESG as at January 2025, based on holdings as at 31 December 2024.66 Swiss Re monitors Scope 3 emissions for its corporate bond and listed equity portfolios with the a",explicit primary secondary mention without ratio,Method-row source-mix inference,false,false,false,false,false,,seed_batch_07 | seed_batch_07 | seed_batch_07
r322_ingkagroup,INGKA GROUP,322,F,批发和零售业,Wholesale and Retail Trade,secondary,spend_based_data,,ingkagroup_annualsummaryandsustainabilityreport_fy24.pdf,60,Work is in progress to improve the accuracy of our scope 3 data on purchased goods and services by moving from spend-based calculations to activity-based calculations.,spend based data,Method-row source-mix inference,false,false,true,false,false,,seed_batch_07 | seed_batch_07 | seed_batch_07
r322_ingkagroup,INGKA GROUP,322,F,批发和零售业,Wholesale and Retail Trade,secondary,spend_based_data,,ingkagroup_annualsummaryandsustainabilityreport_fy24.pdf,60,Work is in progress to improve the accuracy of our scope 3 data on purchased goods and services by moving from spend-based calculations to activity-based calculations.,spend based data,Method-row source-mix inference,false,false,true,false,false,,seed_batch_07 | seed_batch_07 | seed_batch_07
r322_ingkagroup,INGKA GROUP,322,F,批发和零售业,Wholesale and Retail Trade,secondary,spend_based_data,,ingkagroup_annualsummaryandsustainabilityreport_fy24.pdf,60,Work is in progress to improve the accuracy of our scope 3 data on purchased goods and services by moving from spend-based calculations to activity-based calculations.,spend based data,Method-row source-mix inference,false,false,true,false,false,,seed_batch_07 | seed_batch_07 | seed_batch_07
r399_meijiyasudalifeinsurance,MEIJI YASUDA LIFE INSURANCE,399,J,金融业,Finance,primary_secondary_mixed,explicit_primary_secondary_mention_without_ratio,,MEIJI YASUDA LIFE INSURANCE annual_2024_all.pdf,45,Emissions from StanCorp represent an estimated value. *2 Scope 3 consists of indirect emissions attributable to supply chains outside the Company.,explicit primary secondary mention without ratio,Method-row source-mix inference,false,false,false,false,false,,seed_batch_09 | seed_batch_09 | seed_batch_09
r399_meijiyasudalifeinsurance,MEIJI YASUDA LIFE INSURANCE,399,J,金融业,Finance,primary_secondary_mixed,explicit_primary_secondary_mention_without_ratio,,MEIJI YASUDA LIFE INSURANCE annual_2024_all.pdf,45,Emissions from StanCorp represent an estimated value. *2 Scope 3 consists of indirect emissions attributable to supply chains outside the Company.,explicit primary secondary mention without ratio,Method-row source-mix inference,false,false,false,false,false,,seed_batch_09 | seed_batch_09 | seed_batch_09
r399_meijiyasudalifeinsurance,MEIJI YASUDA LIFE INSURANCE,399,J,金融业,Finance,primary_secondary_mixed,explicit_primary_secondary_mention_without_ratio,,MEIJI YASUDA LIFE INSURANCE annual_2024_all.pdf,45,Emissions from StanCorp represent an estimated value. *2 Scope 3 consists of indirect emissions attributable to supply chains outside the Company.,explicit primary secondary mention without ratio,Method-row source-mix inference,false,false,false,false,false,,seed_batch_09 | seed_batch_09 | seed_batch_09
r416_mitsubishielectric,MITSUBISHI ELECTRIC,416,C,制造业,Manufacturing,primary_secondary_mixed,explicit_primary_secondary_mention_without_ratio,,MITSUBISHI ELECTRIC integrated_report2024_en.pdf,133,"apan 445 t 117 t 20 t Overseas 1,117 t 1,445 t 2,248 t Final waste disposal ratio (Japan) 0.24% 0.06% 0.01% Final waste disposal ratio (Overseas) 1.30% 1.40% 2.06% *9 For CO2 emission coefficients for electricity, we use published values b",explicit primary secondary mention without ratio,Method-row source-mix inference,false,false,false,false,false,,seed_batch_09 | seed_batch_09 | seed_batch_09
r416_mitsubishielectric,MITSUBISHI ELECTRIC,416,C,制造业,Manufacturing,primary_secondary_mixed,explicit_primary_secondary_mention_without_ratio,,MITSUBISHI ELECTRIC integrated_report2024_en.pdf,134,countries. *13 Figures for overseas affiliated companies include transport between countries. *14 The sum of these figures and CO2 emissions from procurement/logistics (1 kt-CO2) make up Scope 3 Category 4 emissions. *15 The total amount,explicit primary secondary mention without ratio,Method-row source-mix inference,false,false,false,false,false,,seed_batch_09 | seed_batch_09 | seed_batch_09
r416_mitsubishielectric,MITSUBISHI ELECTRIC,416,C,制造业,Manufacturing,primary_secondary_mixed,explicit_primary_secondary_mention_without_ratio,,MITSUBISHI ELECTRIC integrated_report2024_en.pdf,134,countries. *13 Figures for overseas affiliated companies include transport between countries. *14 The sum of these figures and CO2 emissions from procurement/logistics (1 kt-CO2) make up Scope 3 Category 4 emissions. *15 The total amount,explicit primary secondary mention without ratio,Method-row source-mix inference,false,false,false,false,false,,seed_batch_09 | seed_batch_09 | seed_batch_09
r451_crrcgroup,CRRC GROUP,451,C,制造业,Manufacturing,primary_secondary_mixed,explicit_primary_secondary_mention_without_ratio,,中国中车2024ESG报告.pdf,52,"09.88 温室气体排放量（范围一） 4 吨二氧化碳当量 317,759.04 温室气体排放量（范围二） 5 吨二氧化碳当量 1,682,342.06 温室气体排放强度 （万元产值温室气体排放量） 吨二氧化碳当量/万元 0.0707 温室气体排放强度（范围一） 吨二氧化碳当量/万元 0.0112 温室气体排放强度（范围二） 吨二氧化碳当量/万元 0.0595 温室气体减排量 吨二氧化碳当量 8,604.56 4 根据GB/T 《32150-2015 工业企业温室气体排放核算和",explicit primary secondary mention without ratio,Method-row source-mix inference,false,false,false,false,false,,seed_batch_10 | seed_batch_10 | seed_batch_10
r451_crrcgroup,CRRC GROUP,451,C,制造业,Manufacturing,primary_secondary_mixed,explicit_primary_secondary_mention_without_ratio,,中国中车2024ESG报告.pdf,97,"二氧化 碳当量 1,703,599.84 1,682,342.06 温室气体排放强度 （万元产值温室气体排放量） 吨二氧化 碳当量/万 元 0.0788 0.0707 温室气体排放强度（范围一） 吨二氧化 碳当量/万 元 0.0120 0.0112 温室气体排放强度（范围二） 吨二氧化 碳当量/万 元 0.0668 0.0595 温室气体减排量 吨二氧化 碳当量 95,048.29 8,604.56 温室气体排放量计算根据GB/T 《32150-2015 工业企业温室气体排放",explicit primary secondary mention without ratio,Method-row source-mix inference,false,false,false,false,false,,seed_batch_10 | seed_batch_10 | seed_batch_10
r451_crrcgroup,CRRC GROUP,451,C,制造业,Manufacturing,primary_secondary_mixed,explicit_primary_secondary_mention_without_ratio,,中国中车2024ESG报告.pdf,97,"二氧化 碳当量 1,703,599.84 1,682,342.06 温室气体排放强度 （万元产值温室气体排放量） 吨二氧化 碳当量/万 元 0.0788 0.0707 温室气体排放强度（范围一） 吨二氧化 碳当量/万 元 0.0120 0.0112 温室气体排放强度（范围二） 吨二氧化 碳当量/万 元 0.0668 0.0595 温室气体减排量 吨二氧化 碳当量 95,048.29 8,604.56 温室气体排放量计算根据GB/T 《32150-2015 工业企业温室气体排放",explicit primary secondary mention without ratio,Method-row source-mix inference,false,false,false,false,false,,seed_batch_10 | seed_batch_10 | seed_batch_10
r467_tongweigroup,TONGWEI GROUP,467,D,电力、热力、燃气及水生产和供应业,"Electricity, Heat, Gas and Water Production and Supply",primary_secondary_mixed,explicit_primary_secondary_mention_without_ratio,,2024 TONGWEI GROUP ESG report.pdf,133,to 95.60 % marking a year-on-year increase of 8.64 % Tongwei’s Energy Consumption Type Unit Direct energy consumption Bituminous coal Gasoline Diesel Biodiesel Natural gas Liqueﬁed natural gas Liqueﬁed petroleum gas Indirect energy consumpt,explicit primary secondary mention without ratio,Method-row source-mix inference,false,false,false,false,false,,seed_batch_10 | seed_batch_10 | seed_batch_10
r467_tongweigroup,TONGWEI GROUP,467,D,电力、热力、燃气及水生产和供应业,"Electricity, Heat, Gas and Water Production and Supply",primary_secondary_mixed,explicit_primary_secondary_mention_without_ratio,,2024 TONGWEI GROUP ESG report.pdf,133,to 95.60 % marking a year-on-year increase of 8.64 % Tongwei’s Energy Consumption Type Unit Direct energy consumption Bituminous coal Gasoline Diesel Biodiesel Natural gas Liqueﬁed natural gas Liqueﬁed petroleum gas Indirect energy consumpt,explicit primary secondary mention without ratio,Method-row source-mix inference,false,false,false,false,false,,seed_batch_10 | seed_batch_10 | seed_batch_10
r467_tongweigroup,TONGWEI GROUP,467,D,电力、热力、燃气及水生产和供应业,"Electricity, Heat, Gas and Water Production and Supply",primary_secondary_mixed,explicit_primary_secondary_mention_without_ratio,,2024 TONGWEI GROUP ESG report.pdf,133,to 95.60 % marking a year-on-year increase of 8.64 % Tongwei’s Energy Consumption Type Unit Direct energy consumption Bituminous coal Gasoline Diesel Biodiesel Natural gas Liqueﬁed natural gas Liqueﬁed petroleum gas Indirect energy consumpt,explicit primary secondary mention without ratio,Method-row source-mix inference,false,false,false,false,false,,seed_batch_10 | seed_batch_10 | seed_batch_10
r478_siemensenergy,SIEMENS ENERGY,478,D,电力、热力、燃气及水生产和供应业,"Electricity, Heat, Gas and Water Production and Supply",primary_secondary_mixed,explicit_primary_secondary_mention_without_ratio,,SIEMENS ENERGY-sustainability-report-2024-pdf_Original%20file.pdf,86,"SE methodology Calculating emissions from category 11 typically requires product design specifications and assumptions about how customers use our products (e.g., use profiles, assumed product lifetimes).",explicit primary secondary mention without ratio,Method-row source-mix inference,false,false,false,false,false,,seed_batch_10 | seed_batch_10 | seed_batch_10
r478_siemensenergy,SIEMENS ENERGY,478,D,电力、热力、燃气及水生产和供应业,"Electricity, Heat, Gas and Water Production and Supply",primary_secondary_mixed,explicit_primary_secondary_mention_without_ratio,,SIEMENS ENERGY-sustainability-report-2024-pdf_Original%20file.pdf,86,"SE methodology Calculating emissions from category 11 typically requires product design specifications and assumptions about how customers use our products (e.g., use profiles, assumed product lifetimes).",explicit primary secondary mention without ratio,Method-row source-mix inference,false,false,false,false,false,,seed_batch_10 | seed_batch_10 | seed_batch_10
r478_siemensenergy,SIEMENS ENERGY,478,D,电力、热力、燃气及水生产和供应业,"Electricity, Heat, Gas and Water Production and Supply",primary_secondary_mixed,explicit_primary_secondary_mention_without_ratio,,SIEMENS ENERGY-sustainability-report-2024-pdf_Original%20file.pdf,86,"SE methodology Calculating emissions from category 11 typically requires product design specifications and assumptions about how customers use our products (e.g., use profiles, assumed product lifetimes).",explicit primary secondary mention without ratio,Method-row source-mix inference,false,false,false,false,false,,seed_batch_10 | seed_batch_10 | seed_batch_10
r484_commonwealthbankofaustralia,COMMONWEALTH BANK OF AUSTRALIA,484,J,金融业,Finance,primary_secondary_mixed,explicit_primary_secondary_mention_without_ratio,,COMMONWEALTH BANK OF AUSTRALIA-2024-Climate-Report.pdf,18,"In Australia, reductions in emissions in the oil and gas sector are assumed to be supported by the Federal Government’s Safeguard Mechanism, which incentivises solutions to minimise Scope 1 emissions, including through carbon capture use an",explicit primary secondary mention without ratio,Method-row source-mix inference,false,false,false,false,false,,seed_batch_10 | seed_batch_10 | seed_batch_10
r484_commonwealthbankofaustralia,COMMONWEALTH BANK OF AUSTRALIA,484,J,金融业,Finance,primary_secondary_mixed,explicit_primary_secondary_mention_without_ratio,,COMMONWEALTH BANK OF AUSTRALIA-2024-Climate-Report.pdf,58,n of stay. • Monthly travel report Days/nights stay Transmission and distribution losses Indirect emissions associated with the generation of electricity purchased and natural gas that are consumed in transmission and distribution. • Emissi,explicit primary secondary mention without ratio,Method-row source-mix inference,false,false,false,false,false,,seed_batch_10 | seed_batch_10 | seed_batch_10
r484_commonwealthbankofaustralia,COMMONWEALTH BANK OF AUSTRALIA,484,J,金融业,Finance,primary_secondary_mixed,explicit_primary_secondary_mention_without_ratio,,COMMONWEALTH BANK OF AUSTRALIA-2024-Climate-Report.pdf,58,n of stay. • Monthly travel report Days/nights stay Transmission and distribution losses Indirect emissions associated with the generation of electricity purchased and natural gas that are consumed in transmission and distribution. • Emissi,explicit primary secondary mention without ratio,Method-row source-mix inference,false,false,false,false,false,,seed_batch_10 | seed_batch_10 | seed_batch_10
r004_saudiaramco,SAUDI ARAMCO,4,B,采矿业,Mining,primary_secondary_mixed,explicit_primary_secondary_mention_without_ratio,,2024-saudi-aramco-sustainability-report-full-en.pdf,13,"Scope 2 market-based emissions (million metric tons of CO subscript 2 e) 12.4 Note External limited assurance symbol 13.0 Note External limited assurance symbol Scope 2 emissions decreased by 4.6% compared to 2023, primarily due to a reduct",explicit primary secondary mention without ratio,Method-row source-mix inference,false,false,false,false,false,,seed_batch_01 | seed_batch_01
r004_saudiaramco,SAUDI ARAMCO,4,B,采矿业,Mining,primary_secondary_mixed,explicit_primary_secondary_mention_without_ratio,,2024-saudi-aramco-sustainability-report-full-en.pdf,16,"Scope 2 emissions (market- based) decreased by 4.6% compared to the previous year, primarily due to the decrease in grid emission factors for power and steam generation.",explicit primary secondary mention without ratio,Method-row source-mix inference,false,false,false,false,false,,seed_batch_01 | seed_batch_01
r005_sinopecgroup,SINOPEC GROUP,5,C,制造业,Manufacturing,primary_secondary_mixed,explicit_primary_secondary_mention_without_ratio,,Sinopec_Group_Annual_Report_2024_en.pdf,16,We deepened production-sales-research synergy. We strived to increase production and profitability by main- taining high utilization rates for aromatics and raising ethylene utilization rate to 90% along with the product chain margins im...,explicit primary secondary mention without ratio,Method-row source-mix inference,false,false,false,false,false,,auto_backfilled_needs_review | auto_backfilled_needs_review
r005_sinopecgroup,SINOPEC GROUP,5,C,制造业,Manufacturing,primary_secondary_mixed,explicit_primary_secondary_mention_without_ratio,,Sinopec_Group_Annual_Report_2024_en.pdf,18,"30 Fuel Oil In 2024, our supply in the bunker fuel adhered to the over- all approach of ""prioritizing profits and coordinating scale with profits"". We flexibly adjusted business strategies. The compre- hensive discount of low-sulfur bunk...",explicit primary secondary mention without ratio,Method-row source-mix inference,false,false,false,false,false,,auto_backfilled_needs_review | auto_backfilled_needs_review
r017_alphabet公司,Alphabet,17,I,信息传输、软件和信息技术服务业,"Information Transmission, Software and Information Technology Services",primary_secondary_mixed,explicit_primary_secondary_mention_without_ratio,,google-2025-environmental-report.pdf,112,"Furthermore, Scope 3 emissions are calculated based on a significant number of estimations and management assumptions due to the inherent nature of the Greenhouse Gas Protocol Corporate Value Chain (Scope 3) Accounting and Reporting Standar",explicit primary secondary mention without ratio,Method-row source-mix inference,false,false,false,false,false,,seed_batch_13 | seed_batch_13
r017_alphabet公司,Alphabet,17,I,信息传输、软件和信息技术服务业,"Information Transmission, Software and Information Technology Services",primary_secondary_mixed,explicit_primary_secondary_mention_without_ratio,,google-2025-environmental-report.pdf,112,"Furthermore, Scope 3 emissions are calculated based on a significant number of estimations and management assumptions due to the inherent nature of the Greenhouse Gas Protocol Corporate Value Chain (Scope 3) Accounting and Reporting Standar",explicit primary secondary mention without ratio,Method-row source-mix inference,false,false,false,false,false,,seed_batch_13 | seed_batch_13
r026_microsoft,MICROSOFT,26,I,信息传输、软件和信息技术服务业,"Information Transmission, Software and Information Technology Services",primary,explicit_reported_primary_data_percentage,70,2025-Microsoft-Environmental-Sustainability-Report-PDF.pdf,24,"epresentativeness of assessments, with 70%... By integrating this primary data into product environmental LCAs, Microsoft has increased the representativeness of assessments, with 70% of the carbon footprint for devices informed by primary data—a significant improvement over the typica",explicit reported primary data percentage,Explicit reported primary-data percentage,true,false,false,false,false,,seed_batch_01 | seed_batch_01 | seed_batch_01
r026_microsoft,MICROSOFT,26,I,信息传输、软件和信息技术服务业,"Information Transmission, Software and Information Technology Services",primary,explicit_reported_primary_data_percentage,70,2025-Microsoft-Environmental-Sustainability-Report-PDF.pdf,23,"In Azure hardware, Makersite supported our successful transition from spend-based to activity based carbon accounting in 2024—a critical milestone in precisely measuring Scope 3 emissions.",explicit reported primary data percentage,Explicit reported primary-data percentage,true,false,false,false,false,,seed_batch_01 | seed_batch_01 | seed_batch_01
r026_microsoft,MICROSOFT,26,I,信息传输、软件和信息技术服务业,"Information Transmission, Software and Information Technology Services",primary,explicit_reported_primary_data_percentage,70,2025-Microsoft-Environmental-Sustainability-Report-PDF.pdf,24,"By integrating this primary data into product environmental LCAs, Microsoft has increased the representativeness of assessments, with 70% of the carbon footprint for devices informed by primary data—a significant improvement over the typica",explicit reported primary data percentage,Explicit reported primary-data percentage,true,false,false,false,false,,seed_batch_01 | seed_batch_01 | seed_batch_01
r125_ptt,PTT,125,D,电力、热力、燃气及水生产和供应业,"Electricity, Heat, Gas and Water Production and Supply",primary_secondary_mixed,explicit_primary_secondary_mention_without_ratio,,PTT One Report ENG 2024.pdf,152,e not only the combustion of fuel products sold by PTT (Use of Sold Product) but also waste generated from production processes (Waste Generated in Operations) and business travel (Business Travel). • The indirect greenhouse gas emissions (,explicit primary secondary mention without ratio,Method-row source-mix inference,false,false,false,false,false,,seed_batch_13 | seed_batch_13
r125_ptt,PTT,125,D,电力、热力、燃气及水生产和供应业,"Electricity, Heat, Gas and Water Production and Supply",primary_secondary_mixed,explicit_primary_secondary_mention_without_ratio,,PTT One Report ENG 2024.pdf,152,"values used are referenced from IPCC AR6 for GWP calculations. • The standards, methodologies, assumptions, and/or calculation tools applied are based on the GHG Protocol and the API Compendium. • PTT’s greenhouse gas emissions targets are",explicit primary secondary mention without ratio,Method-row source-mix inference,false,false,false,false,false,,seed_batch_13 | seed_batch_13
r144_nipponlifeinsurance,NIPPON LIFE INSURANCE,144,J,金融业,Finance,primary_secondary_mixed,explicit_primary_secondary_mention_without_ratio,,NIPPON LIFE INSURANCE-2024_Sustainability_Report.pdf,134,2. CO2 emission factors for Scope 1 and 2 are based on energy-specific emission factors and emission factors by electric utility (adjusted emission factors) in accor- dance with the “Act on Promotion of Global Warming Countermeasures.” Tho,explicit primary secondary mention without ratio,Method-row source-mix inference,false,false,false,false,false,,seed_batch_04 | seed_batch_04
r144_nipponlifeinsurance,NIPPON LIFE INSURANCE,144,J,金融业,Finance,primary_secondary_mixed,explicit_primary_secondary_mention_without_ratio,,NIPPON LIFE INSURANCE-2024_Sustainability_Report.pdf,134,2. CO2 emission factors for Scope 1 and 2 are based on energy-specific emission factors and emission factors by electric utility (adjusted emission factors) in accor- dance with the “Act on Promotion of Global Warming Countermeasures.” Tho,explicit primary secondary mention without ratio,Method-row source-mix inference,false,false,false,false,false,,seed_batch_04 | seed_batch_04
r151_sevenandi控股公司,Seven & I Holdings,151,F,批发和零售业,Wholesale and Retail Trade,primary_secondary_mixed,explicit_primary_secondary_mention_without_ratio,,Seven & I 控股公司-2024_all_01.pdf,300,") Food waste recycling rate*6 % 50.3 51.6 58.5 *1 The period of the calculations was from April to March. *2 The data represents CO2 emissions stemming from the use of energy for store operations, Head Office, and training center. *3 Calcul",explicit primary secondary mention without ratio,Method-row source-mix inference,false,false,false,false,false,,seed_batch_04 | seed_batch_04
r151_sevenandi控股公司,Seven & I Holdings,151,F,批发和零售业,Wholesale and Retail Trade,primary_secondary_mixed,explicit_primary_secondary_mention_without_ratio,,Seven & I 控股公司-2024_all_01.pdf,300,") Food waste recycling rate*6 % 50.3 51.6 58.5 *1 The period of the calculations was from April to March. *2 The data represents CO2 emissions stemming from the use of energy for store operations, Head Office, and training center. *3 Calcul",explicit primary secondary mention without ratio,Method-row source-mix inference,false,false,false,false,false,,seed_batch_04 | seed_batch_04
r197_rochegroup,ROCHE GROUP,197,C,制造业,Manufacturing,primary_secondary_mixed,explicit_primary_secondary_mention_without_ratio,,Roche_Annual_Report_2024.pdf,107,Enhancement to data quality and management systems Scope 3 accounting is reliant on use of proxy data such as industry- averages and assumptions.,explicit primary secondary mention without ratio,Method-row source-mix inference,false,false,false,false,false,,seed_batch_12 | seed_batch_12
r197_rochegroup,ROCHE GROUP,197,C,制造业,Manufacturing,primary_secondary_mixed,explicit_primary_secondary_mention_without_ratio,,Roche_Annual_Report_2024.pdf,107,Enhancement to data quality and management systems Scope 3 accounting is reliant on use of proxy data such as industry- averages and assumptions.,explicit primary secondary mention without ratio,Method-row source-mix inference,false,false,false,false,false,,seed_batch_12 | seed_batch_12
r212_barclays,BARCLAYS,212,J,金融业,Finance,primary_secondary_mixed,explicit_primary_secondary_mention_without_ratio,,BARCLAYS TCFD BBPLC report 2024.pdf,28,"These limitations can be categorised as follows: Quality The ESG and climate data used is commonly based on estimations that are the output of our third‑party data vendors’ estimation methodologies, one example of this being the scope 3 GHG",explicit primary secondary mention without ratio,Method-row source-mix inference,false,false,false,false,false,,seed_batch_05 | seed_batch_05
r212_barclays,BARCLAYS,212,J,金融业,Finance,primary_secondary_mixed,explicit_primary_secondary_mention_without_ratio,,BARCLAYS TCFD BBPLC report 2024.pdf,28,"These limitations can be categorised as follows: Quality The ESG and climate data used is commonly based on estimations that are the output of our third‑party data vendors’ estimation methodologies, one example of this being the scope 3 GHG",explicit primary secondary mention without ratio,Method-row source-mix inference,false,false,false,false,false,,seed_batch_05 | seed_batch_05
r230_bungeglobal,BUNGE GLOBAL,230,C,制造业,Manufacturing,primary_secondary_mixed,explicit_primary_secondary_mention_without_ratio,,2025-Bunge-Global-Sustainability-Report.pdf,33,"flavor of traditional dairy butter and milkfats with a 50- 80% GHG emission reduction, depending on the specific recipe. ϭ ϭ As pioneers of cocoa butter alternatives (CBAs) and cocoa butter equivalents (CBEs), Bunge provides customers cost-",explicit primary secondary mention without ratio,Method-row source-mix inference,false,false,false,false,false,,seed_batch_06 | seed_batch_06
r230_bungeglobal,BUNGE GLOBAL,230,C,制造业,Manufacturing,primary_secondary_mixed,explicit_primary_secondary_mention_without_ratio,,2025-Bunge-Global-Sustainability-Report.pdf,33,"flavor of traditional dairy butter and milkfats with a 50- 80% GHG emission reduction, depending on the specific recipe. ϭ ϭ As pioneers of cocoa butter alternatives (CBAs) and cocoa butter equivalents (CBEs), Bunge provides customers cost-",explicit primary secondary mention without ratio,Method-row source-mix inference,false,false,false,false,false,,seed_batch_06 | seed_batch_06
r235_conocophillips,CONOCOPHILLIPS,235,B,采矿业,Mining,primary_secondary_mixed,explicit_primary_secondary_mention_without_ratio,,2024-sustainability-report CONOCOPHILLIPS.pdf,23,"Our 2024 emissions decreased compared to 2023 (on a gross operated basis) due to several factors,3 including the incorporation of updated Lower 48 field-wide survey data allowing for use of more accurate emission factors, the removal of pne",explicit primary secondary mention without ratio,Method-row source-mix inference,false,false,false,false,false,,seed_batch_06 | seed_batch_06
r235_conocophillips,CONOCOPHILLIPS,235,B,采矿业,Mining,primary_secondary_mixed,explicit_primary_secondary_mention_without_ratio,,2024-sustainability-report CONOCOPHILLIPS.pdf,23,"Our 2024 emissions decreased compared to 2023 (on a gross operated basis) due to several factors,3 including the incorporation of updated Lower 48 field-wide survey data allowing for use of more accurate emission factors, the removal of pne",explicit primary secondary mention without ratio,Method-row source-mix inference,false,false,false,false,false,,seed_batch_06 | seed_batch_06
r246_ciscosystems,CISCO SYSTEMS,246,C,制造业,Manufacturing,primary_secondary_mixed,explicit_primary_secondary_mention_without_ratio,,CISCO SYSTEMS purpose-report-2024.pdf,2,"The FY24 Purpose Report has been updated as of April 2025 to reflect changes based on limited assurance review of Scope 1-3 emissions, waste, and water usage data.",explicit primary secondary mention without ratio,Method-row source-mix inference,false,false,false,false,false,,seed_batch_06 | seed_batch_06
r246_ciscosystems,CISCO SYSTEMS,246,C,制造业,Manufacturing,primary_secondary_mixed,explicit_primary_secondary_mention_without_ratio,,CISCO SYSTEMS purpose-report-2024.pdf,56,"The FY24 Purpose Report has been updated as of April 2025 to reflect changes based on limited assurance review of Scope 1-3 emissions, waste, and water usage data.",explicit primary secondary mention without ratio,Method-row source-mix inference,false,false,false,false,false,,seed_batch_06 | seed_batch_06
r310_vodafonegroup,VODAFONE GROUP,310,I,信息传输、软件和信息技术服务业,"Information Transmission, Software and Information Technology Services",primary_secondary_mixed,explicit_primary_secondary_mention_without_ratio,,Vodafone 2025 Annual Report.pdf,37,"Currently, one of the key drivers of year-to-year trends in our Scope 3 emissions is improvements in the quality of data inputs, emission factors and/ or calculation methods.",explicit primary secondary mention without ratio,Method-row source-mix inference,false,false,false,false,false,,seed_batch_07 | seed_batch_07
r310_vodafonegroup,VODAFONE GROUP,310,I,信息传输、软件和信息技术服务业,"Information Transmission, Software and Information Technology Services",primary_secondary_mixed,explicit_primary_secondary_mention_without_ratio,,Vodafone 2025 Annual Report.pdf,55,"2 2.07 6% 1.98 0.13 2.11 6% Total GHG emissions per € million of revenue (tonnes of CO2e) 5.83 0.83 6.66 12% 14.90 1.00 15.90 6% Total energy consumption (GWh)2 5,346 660 6,006 11% 5,945 664 6,609 10% Notes: 1. Data is calculated using loc",explicit primary secondary mention without ratio,Method-row source-mix inference,false,false,false,false,false,,seed_batch_07 | seed_batch_07
r324_americaninternationalgroup,AMERICAN INTERNATIONAL GROUP,324,J,金融业,Finance,primary_secondary_mixed,explicit_primary_secondary_mention_without_ratio,,AMERICAN INTERNATIONAL GROUP-aig-sustainability-report-2024.pdf,31,"to control heating, ventilation, air conditioning and other equipment • Transition to more fuel-efficient fleet models • Switch to hybrid and electric vehicles where feasible Procuring renewable energy • In 2024, 11% of our energy consumpti",explicit primary secondary mention without ratio,Method-row source-mix inference,false,false,false,false,false,,seed_batch_08 | seed_batch_08
r324_americaninternationalgroup,AMERICAN INTERNATIONAL GROUP,324,J,金融业,Finance,primary_secondary_mixed,explicit_primary_secondary_mention_without_ratio,,AMERICAN INTERNATIONAL GROUP-aig-sustainability-report-2024.pdf,31,"to control heating, ventilation, air conditioning and other equipment • Transition to more fuel-efficient fleet models • Switch to hybrid and electric vehicles where feasible Procuring renewable energy • In 2024, 11% of our energy consumpti",explicit primary secondary mention without ratio,Method-row source-mix inference,false,false,false,false,false,,seed_batch_08 | seed_batch_08
r333_tiaa,TIAA,333,J,金融业,Finance,primary_secondary_mixed,explicit_primary_secondary_mention_without_ratio,,TIAA climate_report_2024.pdf,40,"Scope 3 refers to those emissions associated with actual energy obtained by the landlord but used by the tenant, if submeter data is available;",explicit primary secondary mention without ratio,Method-row source-mix inference,false,false,false,false,false,,seed_batch_14 | seed_batch_14
r333_tiaa,TIAA,333,J,金融业,Finance,primary_secondary_mixed,explicit_primary_secondary_mention_without_ratio,,TIAA climate_report_2024.pdf,45,"ate (Equity) Direct Commercial Real Estate Equity and Funds will target a reduction of area normalized (per square meter) total building operating emissions, which includes both landlord-controlled energy use (Scopes 1 and 2) and tenant-con",explicit primary secondary mention without ratio,Method-row source-mix inference,false,false,false,false,false,,seed_batch_14 | seed_batch_14
r357_magnainternational,MAGNA INTERNATIONAL,357,C,制造业,Manufacturing,primary_secondary_mixed,explicit_primary_secondary_mention_without_ratio,,101227_magna_sustainabilityreport_fy2024_final_cda.pdf,5,"in the tables above, in line with our science-based near-term and net-zero targets. (4) 2023 Scope 3 emissions compared to 2021 baseline. (5) Improvements in data collection or changes in methodology used to calculate Scope 3 emissions (e.g",explicit primary secondary mention without ratio,Method-row source-mix inference,false,false,false,false,false,,seed_batch_14 | seed_batch_14
r357_magnainternational,MAGNA INTERNATIONAL,357,C,制造业,Manufacturing,primary_secondary_mixed,explicit_primary_secondary_mention_without_ratio,,101227_magna_sustainabilityreport_fy2024_final_cda.pdf,5,"in the tables above, in line with our science-based near-term and net-zero targets. (4) 2023 Scope 3 emissions compared to 2021 baseline. (5) Improvements in data collection or changes in methodology used to calculate Scope 3 emissions (e.g",explicit primary secondary mention without ratio,Method-row source-mix inference,false,false,false,false,false,,seed_batch_14 | seed_batch_14
r369_jsainsbury,J. SAINSBURY,369,F,批发和零售业,Wholesale and Retail Trade,primary_secondary_mixed,explicit_primary_secondary_mention_without_ratio,,sainsburys-plan-for-better-report-2024-25.pdf,32,From this trial we learnt our suppliers are highly engaged in supporting us to improve our Scope 3 inventory calculations and we received quality primary data from majority of participants.,explicit primary secondary mention without ratio,Method-row source-mix inference,false,false,false,false,false,,seed_batch_08 | seed_batch_08
r369_jsainsbury,J. SAINSBURY,369,F,批发和零售业,Wholesale and Retail Trade,primary_secondary_mixed,explicit_primary_secondary_mention_without_ratio,,sainsburys-plan-for-better-report-2024-25.pdf,35,We recognise the challenge in reporting accurate Scope 3 emissions footprint and we are proactively engaging with key suppliers to obtain supplier specific primary data of the products they supply us.,explicit primary secondary mention without ratio,Method-row source-mix inference,false,false,false,false,false,,seed_batch_08 | seed_batch_08
r376_abbottlaboratories,ABBOTT LABORATORIES,376,C,制造业,Manufacturing,primary_secondary_mixed,explicit_primary_secondary_mention_without_ratio,,Abbott-2024-Global-Sustainability-Report-June-2025.pdf,85,"9 Regulated Air Emissions, Page 73 Energy and Greenhouse Gas Emissions, Pages 30-31 Environmental, Health, and Safety Policies 2025 Proxy Statement, Our Commitment to Sustainability, Page 7 Independent Assurance Statement GRI 305: Emissions",explicit primary secondary mention without ratio,Method-row source-mix inference,false,false,false,false,false,,seed_batch_14 | seed_batch_14
r376_abbottlaboratories,ABBOTT LABORATORIES,376,C,制造业,Manufacturing,primary_secondary_mixed,explicit_primary_secondary_mention_without_ratio,,Abbott-2024-Global-Sustainability-Report-June-2025.pdf,85,"9 Regulated Air Emissions, Page 73 Energy and Greenhouse Gas Emissions, Pages 30-31 Environmental, Health, and Safety Policies 2025 Proxy Statement, Our Commitment to Sustainability, Page 7 Independent Assurance Statement GRI 305: Emissions",explicit primary secondary mention without ratio,Method-row source-mix inference,false,false,false,false,false,,seed_batch_14 | seed_batch_14
r398_compassgroup,COMPASS GROUP,398,H,住宿和餐饮业,Accommodation and Catering,primary_secondary_mixed,explicit_primary_secondary_mention_without_ratio,,COMPASS GROUP sustainability-report_2024.pdf,10,"A significant portion of our global Scope 1 and 2 emissions are derived from the fleet of refrigerated trucks in the US, required to operate the Canteen vending business.",explicit primary secondary mention without ratio,Method-row source-mix inference,false,false,false,false,false,,seed_batch_09 | seed_batch_09
r398_compassgroup,COMPASS GROUP,398,H,住宿和餐饮业,Accommodation and Catering,primary_secondary_mixed,explicit_primary_secondary_mention_without_ratio,,COMPASS GROUP sustainability-report_2024.pdf,10,"A significant portion of our global Scope 1 and 2 emissions are derived from the fleet of refrigerated trucks in the US, required to operate the Canteen vending business.",explicit primary secondary mention without ratio,Method-row source-mix inference,false,false,false,false,false,,seed_batch_09 | seed_batch_09
r401_suncorenergy,SUNCOR ENERGY,401,D,电力、热力、燃气及水生产和供应业,"Electricity, Heat, Gas and Water Production and Supply",primary_secondary_mixed,explicit_primary_secondary_mention_without_ratio,,2023_SUNCOR ENERGY_sustainability_report.pdf,84,"Category 3 emissions are estimated based on the total volume of natural gas used in Suncor’s oil sands mining, in situ and refining operations, on an equity interest basis.",explicit primary secondary mention without ratio,Method-row source-mix inference,false,false,false,false,false,,seed_batch_09 | seed_batch_09
r401_suncorenergy,SUNCOR ENERGY,401,D,电力、热力、燃气及水生产和供应业,"Electricity, Heat, Gas and Water Production and Supply",primary_secondary_mixed,explicit_primary_secondary_mention_without_ratio,,2023_SUNCOR ENERGY_sustainability_report.pdf,84,"Category 3 emissions are estimated based on the total volume of natural gas used in Suncor’s oil sands mining, in situ and refining operations, on an equity interest basis.",explicit primary secondary mention without ratio,Method-row source-mix inference,false,false,false,false,false,,seed_batch_09 | seed_batch_09
r421_jardinematheson,JARDINE MATHESON,421,C,制造业,Manufacturing,primary_secondary_mixed,explicit_primary_secondary_mention_without_ratio,,2024_JARDINE MATHESON_sustainability_report.pdf,93,"Scope 1 GHG emissions are derived from combustion of fossil fuels and fugitive emissions (for example, refrigerants including R22, fire suppression, coalbed methane), and emissions resulting from the manufacture or processing of chemicals a",explicit primary secondary mention without ratio,Method-row source-mix inference,false,false,false,false,false,,seed_batch_09 | seed_batch_09
r421_jardinematheson,JARDINE MATHESON,421,C,制造业,Manufacturing,primary_secondary_mixed,explicit_primary_secondary_mention_without_ratio,,2024_JARDINE MATHESON_sustainability_report.pdf,93,"Scope 1 GHG emissions are derived from combustion of fossil fuels and fugitive emissions (for example, refrigerants including R22, fire suppression, coalbed methane), and emissions resulting from the manufacture or processing of chemicals a",explicit primary secondary mention without ratio,Method-row source-mix inference,false,false,false,false,false,,seed_batch_09 | seed_batch_09
r428_jfeholdings,JFE HOLDINGS,428,C,制造业,Manufacturing,primary_secondary_mixed,explicit_primary_secondary_mention_without_ratio,,JFE HOLDINGS sustainability2024e.pdf,20,"on from FY2013 levels • 47% reduction from FY2013 levels (FY2013: 15,600 tons, FY2023: 8,300 tons) ○ • Reduce CO2 emissions in its own plants and offices FY2024: 40% reduction from FY2013 levels SH • Reduce CO2 emissions through the procure",explicit primary secondary mention without ratio,Method-row source-mix inference,false,false,false,false,false,,seed_batch_09 | seed_batch_09
r428_jfeholdings,JFE HOLDINGS,428,C,制造业,Manufacturing,primary_secondary_mixed,explicit_primary_secondary_mention_without_ratio,,JFE HOLDINGS sustainability2024e.pdf,238,"EN • Reduce CO2 emissions in its own plants and offices FY2024: 40% reduction from FY2013 levels • Contribute to reduction in CO2 emissions (FY2023): 11.5 million tons per year PP.237-238,240 SH • Reduce CO2 emissions through the procure",explicit primary secondary mention without ratio,Method-row source-mix inference,false,false,false,false,false,,seed_batch_09 | seed_batch_09
r448_jabil,JABIL,448,C,制造业,Manufacturing,secondary,spend_based_data,,2024 Sustainability Report_Jabil.pdf,56,"4For fiscal years 2022 and 2023, Category 1 emissions were calculated using a hybrid approach with primary data from suppliers when available and spend-based data for the remainder.",spend based data,Method-row source-mix inference,false,false,true,false,false,,seed_batch_10 | seed_batch_10
r448_jabil,JABIL,448,C,制造业,Manufacturing,secondary,spend_based_data,,2024 Sustainability Report_Jabil.pdf,56,"4For fiscal years 2022 and 2023, Category 1 emissions were calculated using a hybrid approach with primary data from suppliers when available and spend-based data for the remainder.",spend based data,Method-row source-mix inference,false,false,true,false,false,,seed_batch_10 | seed_batch_10
r007_apple,APPLE,7,C,制造业,Manufacturing,primary_secondary_mixed,explicit_primary_secondary_mention_without_ratio,,Apple_Environmental_Progress_Report_2025.pdf,107,The review has not found assumptions or calculation errors on the carbon footprint data level that indicate the scope 3 carbon footprint has been materially misstated.,explicit primary secondary mention without ratio,Method-row source-mix inference,false,false,false,false,false,,seed_batch_01
r008_unitedhealthgroup,UNITEDHEALTH GROUP,8,J,金融业,Finance,secondary,spend_based_data,,UNITEDHEALTH GROUP—2024-sustainability-report.pdf,70,"Enrolling suppliers in the CDP program also helps them measure their climate impact and manage their emissions, while helping us measure our Scope 3 footprint, allowing us to improve upon our current spend-based method of measurement.",spend based data,Method-row source-mix inference,false,false,true,false,false,,seed_batch_01
r010_cvshealth公司,CVS Health,10,F,批发和零售业,Wholesale and Retail Trade,primary_secondary_mixed,explicit_primary_secondary_mention_without_ratio,,CVS Health-2024-Impact-Report-Appendix.pdf,83,Decarbon ization of operations through renewable energy generation Medium Opportunity All We can continue to reduce our Scope 2 emissions through entering into a power purchase agreement (PPA) or virtual PPA (provided the grid has higher em,explicit primary secondary mention without ratio,Method-row source-mix inference,false,false,false,false,false,,seed_batch_01
r065_mitsubishi,MITSUBISHI,65,L,租赁和商务服务业,Leasing and Business Services,primary_secondary_mixed,explicit_primary_secondary_mention_without_ratio,,MITSUBISHI-ESG-2024.pdf,66,"duction targets will be adjusted as required in line with progress of technological developments, economic viability and policy/ institutional support. *4 The increase in Scope 1 emissions in FY2023 compared to the previous year is mainly d",explicit primary secondary mention without ratio,Method-row source-mix inference,false,false,false,false,false,,seed_batch_02
r066_metaplatforms公司,Meta Platforms,66,F,批发和零售业,Wholesale and Retail Trade,primary_secondary_mixed,explicit_primary_secondary_mention_without_ratio,,Meta-2024-Sustainability-Report.pdf,89,A new Category 5 estimation methodology was developed to improve completeness across all operations. ii.,explicit primary secondary mention without ratio,Method-row source-mix inference,false,false,false,false,false,,seed_batch_13
r077_deutschetelekom,DEUTSCHE TELEKOM,77,I,信息传输、软件和信息技术服务业,"Information Transmission, Software and Information Technology Services",primary_secondary_mixed,explicit_primary_secondary_mention_without_ratio,,DEUTSCHE TELEKOM-cr_en_2022_dt_final.pdf,100,"It facilitates intelligent fleet design, using the pre- defined parameters of carbon budget (Scopes 1-3), number of vehicles, and planned usage in kilometers (for Scope 3 calcula­ tion) to recommend vehicle configurations and identifies pot",explicit primary secondary mention without ratio,Method-row source-mix inference,false,false,false,false,false,,seed_batch_02
r089_rosneftoil,ROSNEFT OIL,89,D,电力、热力、燃气及水生产和供应业,"Electricity, Heat, Gas and Water Production and Supply",primary_secondary_mixed,explicit_primary_secondary_mention_without_ratio,,ROSNEFT OIL-Rosneft_SR2024_ENG.pdf,63,"ption of primary energy and CO2 emissions Primary energy consumption, btoe CO2 emissions, bt of CO2 Multipolar World Scenario “Below 2 °C” Scenario 2050 2050 2022* 15 +28 % -9 % 34.3 +1 % -65 % 1 Categories of emission sources, recordable g",explicit primary secondary mention without ratio,Method-row source-mix inference,false,false,false,false,false,,seed_batch_03
r098_eni,ENI,98,D,电力、热力、燃气及水生产和供应业,"Electricity, Heat, Gas and Water Production and Supply",primary_secondary_mixed,explicit_primary_secondary_mention_without_ratio,,ENI-Annual-Report-2024.pdf,165,2) Renewables: 1.9 MtCO2eq. - The representative emission factors used were processed based on IEA (Emission Factors 2024) data.,explicit primary secondary mention without ratio,Method-row source-mix inference,false,false,false,false,false,,seed_batch_13
r101_eon,E.ON,101,D,电力、热力、燃气及水生产和供应业,"Electricity, Heat, Gas and Water Production and Supply",primary_secondary_mixed,explicit_primary_secondary_mention_without_ratio,,E.ON-GB24-gesamt-EN_final.pdf,42,We therefore quantify Scope 3 emissions from the generation of this power by using the official national emission factors of the countries in which we purchase the power that we resell to end-customers (see the “Progress and Measures” secti,explicit primary secondary mention without ratio,Method-row source-mix inference,false,false,false,false,false,,seed_batch_13
r119_christiandior,CHRISTIAN DIOR,119,C,制造业,Manufacturing,primary_secondary_mixed,explicit_primary_secondary_mention_without_ratio,,ChristianDior_2024_Annual_Report.pdf,103,"Environment Sustainability Report and Vigilance Plan 101 Annual Report as of December 31, 2024 The table below details planned actions to achieve the 2030 Scope 3 target: Priorities Actions Description and assumptions Reduction targeted rel",explicit primary secondary mention without ratio,Method-row source-mix inference,false,false,false,false,false,,seed_batch_11
r128_sony,SONY,128,C,制造业,Manufacturing,primary_secondary_mixed,explicit_primary_secondary_mention_without_ratio,,SONY-SustainabilityReport2025_E.pdf,25,ties in order to realize a sustainable society Climate Change • Annual energy consumption reduction rate per product: Down 4.6% (compared to fiscal year 2018) • Greenhouse gas emissions from sites: Down 5.3% (compared to fiscal year 2020) •,explicit primary secondary mention without ratio,Method-row source-mix inference,false,false,false,false,false,,seed_batch_13
r139_lowes,LOWE'S,139,F,批发和零售业,Wholesale and Retail Trade,primary_secondary_mixed,explicit_primary_secondary_mention_without_ratio,,Lowes_2024_CRR_6.30.25_1_0.pdf,10,"mes CUSTOMERS Helped RILA and other retailers launch the Direct-use Product Emission Database, which helps other retailers measure the energy impact products have during their use in customers’ homes Continued to work with our suppliers to",explicit primary secondary mention without ratio,Method-row source-mix inference,false,false,false,false,false,,seed_batch_04
r150_wuchanzhongdagroup,WUCHAN ZHONGDA GROUP,150,L,租赁和商务服务业,Leasing and Business Services,primary_secondary_mixed,explicit_primary_secondary_mention_without_ratio,,2024物产中大集团股份有限公司环境、社会及治理报告.pdf,90,这| (IN 2006,explicit primary secondary mention without ratio,Method-row source-mix inference,false,false,false,false,false,,auto_backfilled_needs_review
r150_wuchanzhongdagroup,WUCHAN ZHONGDA GROUP,150,L,租赁和商务服务业,Leasing and Business Services,primary_secondary_mixed,explicit_primary_secondary_mention_without_ratio,,,,"物产中大环境、社会和公司治理报告 \ 安全生产管理体系 一一 认真履行安全生产的监督管理职责，按照""党政同责、一岗双责、齐抓共管、失职追责""和""“管 元通 行业必须管安全、管业务必须管安全、管生产经营必须管安全""的原则，建立健全安全生产中 公司 管理工作体系和全员安全生产责任制，监督、指导各成员公司依法履行安全生产工作职责，及时 一 协调.解决安全生产工作中的重大问题, 切实筑牢安全防线, 保证元通汽车持续、健康、稳定发展。 一 健全安全责任...",explicit primary secondary mention without ratio,Method-row source-mix inference,false,false,false,false,false,,auto_backfilled_needs_review
r168_torontodominionbank,TORONTO-DOMINION BANK,168,J,金融业,Finance,primary_secondary_mixed,explicit_primary_secondary_mention_without_ratio,,2024-TORONTO-DOMINION BANK-sustainability-report-en.pdf,55,es the sources of our Scope 1 and 2 GHG emissions and shows that more than half of these emissions are derived from the generation of the electricity we purchase.,explicit primary secondary mention without ratio,Method-row source-mix inference,false,false,false,false,false,,seed_batch_05
r185_zhejianggeelyholdinggroup,ZHEJIANG GEELY HOLDING GROUP,185,C,制造业,Manufacturing,primary_secondary_mixed,explicit_primary_secondary_mention_without_ratio,,Geely-Holding-Group-Sustainability-Report-2024-ZH.pdf,39,Structured data-source tag: Secondary data; Structured assurance tag: Report disclosure,explicit primary secondary mention without ratio,Method-row source-mix inference,false,false,false,false,false,,manual_axis_backfill
r189_itaúunibancoholding,ITAÚ UNIBANCO HOLDING,189,J,金融业,Finance,primary_secondary_mixed,explicit_primary_secondary_mention_without_ratio,,ITAÚ UNIBANCO HOLDING ESG Report 2024.pdf,124,"85% 84% 100% 1 Following the PCAF recommendations, we measure residential emissions based on the residence's energy consumption, taking into account the Brazilian energy matrix (a score of 4 reflects the use of this information and the adop",explicit primary secondary mention without ratio,Method-row source-mix inference,false,false,false,false,false,,seed_batch_05
r226_mizuhofinancialgroup,MIZUHO FINANCIAL GROUP,226,J,金融业,Finance,primary_secondary_mixed,explicit_primary_secondary_mention_without_ratio,,MIZUHO FINANCIAL GROUP esg_databook_2024.pdf,14,"69 ガソリン*2海外分 Gasoline outside Japan t- CO2 962 753 663 ☆ 602 880 678 〇 1,135 小計 Subtotal t- CO2 14,756 ★ 14,053 ★ 11,306 ☆ 11,996 12,453 10,946 〇 11,566 間接的エネルギ ー消費 （スコープ２） Indirect energy consumption (Scope 2) 電力*3国内分（基礎排出係数）*10 Electricit",explicit primary secondary mention without ratio,Method-row source-mix inference,false,false,false,false,false,,seed_batch_06
r260_newyorklifeinsurance,NEW YORK LIFE INSURANCE,260,J,金融业,Finance,primary_secondary_mixed,explicit_primary_secondary_mention_without_ratio,,2024NEW YORK LIFE INSURANCE Corporate-Responsibility-Report.pdf,44,"Additionally, New York Life employs estimates for about 30% of our Scope 2 emissions (based on total square footage) for leased sites where direct usage data is unavailable.",explicit primary secondary mention without ratio,Method-row source-mix inference,false,false,false,false,false,,seed_batch_06
r290_phoenixpharma,PHOENIX PHARMA,290,F,批发和零售业,Wholesale and Retail Trade,primary_secondary_mixed,explicit_primary_secondary_mention_without_ratio,,PHOENIX_Sustainability_Report_2024_25.pdf,14,"828 69,843 Scope 2 District heating 3,867 4,323 961 5) Electricity (location-based) 68,181 74,929 2) 78,229 Electricity (market-based) 48,512 50,834 2) 52,812 Total (location-based) 72,053 79,252 79,190 Total (market-based) 52,384 55,157 53",explicit primary secondary mention without ratio,Method-row source-mix inference,false,false,false,false,false,,seed_batch_14
r302_chubb,CHUBB,302,J,金融业,Finance,primary_secondary_mixed,explicit_primary_secondary_mention_without_ratio,,Chubb-2024-Sustainability-Report.pdf,13,"Because Scope 3 emissions lack utility as a business planning tool and are not financially material, Chubb has concluded that Scope 3 emissions disclosures, which rely on aggregation of estimated data across our diverse lines of business, d",explicit primary secondary mention without ratio,Method-row source-mix inference,false,false,false,false,false,,seed_batch_07
r356_thermofisherscientific,THERMO FISHER SCIENTIFIC,356,C,制造业,Manufacturing,secondary,spend_based_data,,2023-THERMO FISHER SCIENTIFIC-CSR-Report.pdf,62,"In addition, we developed a greenhouse gas allocation report to support customers in transitioning from spend-based to primary data in their Scope 3 reporting.",spend based data,Method-row source-mix inference,false,false,true,false,false,,seed_batch_08
r379_日本kddi电信公司,KDDI,379,I,信息传输、软件和信息技术服务业,"Information Transmission, Software and Information Technology Services",primary_secondary_mixed,explicit_primary_secondary_mention_without_ratio,,kddi_sir2024_e.pdf,34,1 and Scope 2) 3 Additional*6 renewable energy ratio of 50% or more in KDDI Fiscal 2030 Achieve a ratio of at least 50% of additional renewable energy to the electricity consumed by KDDI 4 Switching 100% of power usage by TELEHOUSE data cen,explicit primary secondary mention without ratio,Method-row source-mix inference,false,false,false,false,false,,seed_batch_12
r427_broadcom,BROADCOM,427,C,制造业,Manufacturing,primary_secondary_mixed,explicit_primary_secondary_mention_without_ratio,,broadcom-2024-corpresponsibility-final.pdf,62,GREENHOUSE GAS EMISSIONS DATA Emission factors used in Scope 1 emissions calculations include the U.S.,explicit primary secondary mention without ratio,Method-row source-mix inference,false,false,false,false,false,,seed_batch_09
r446_aiagroup,AIA GROUP,446,J,金融业,Finance,primary_secondary_mixed,explicit_primary_secondary_mention_without_ratio,,AIA GROUP-Main-ESG-Report_CH.pdf,58,Structured data-source tag: Secondary data; Structured assurance tag: Assurance,explicit primary secondary mention without ratio,Method-row source-mix inference,false,false,false,false,false,,manual_axis_backfill
r462_aisin,AISIN,462,C,制造业,Manufacturing,primary_secondary_mixed,explicit_primary_secondary_mention_without_ratio,,2024 AISIN_integrated report.pdf,93,Greenhouse gas emissions (Scope 1 and 2) ■ Calculation method Total CO2 emissions = Σ (fuel consumed x CO2 emission factor) + Σ (energy purchased x CO2 emission factor) CO2 emission factor Emissions from FY2020 to FY2024 Domestic Fuel Emis,explicit primary secondary mention without ratio,Method-row source-mix inference,false,false,false,false,false,,seed_batch_10
r491_apolloglobalmanagement,APOLLO GLOBAL MANAGEMENT,491,J,金融业,Finance,primary_secondary_mixed,explicit_primary_secondary_mention_without_ratio,,apollo-2024-sustainability-report-june-2025.pdf,34,The offsets from these projects broadly reflect the regions where the Scope 1 emissions are estimated to have originated based on the accounting data available.,explicit primary secondary mention without ratio,Method-row source-mix inference,false,false,false,false,false,,seed_batch_14
r001_walmart,WALMART,1,F,批发和零售业,Wholesale and Retail Trade,primary_secondary_mixed,method_row_source_mix_inference,,,,,method row source mix inference,Method-row source-mix inference,false,false,false,false,true,,
r002_amazoncom,AMAZON.COM,2,F,批发和零售业,Wholesale and Retail Trade,primary_secondary_mixed,method_row_source_mix_inference,,,,,method row source mix inference,Method-row source-mix inference,false,false,false,false,true,,
r015_toyotamotor,TOYOTA MOTOR,15,C,制造业,Manufacturing,primary_secondary_mixed,method_row_source_mix_inference,,,,,method row source mix inference,Method-row source-mix inference,false,false,false,false,true,,
r018_cencora公司,Cencora,18,F,批发和零售业,Wholesale and Retail Trade,primary_secondary_mixed,method_row_source_mix_inference,,,,,method row source mix inference,Method-row source-mix inference,false,false,false,false,true,,
r019_trafiguragroup,TRAFIGURA GROUP,19,F,批发和零售业,Wholesale and Retail Trade,primary_secondary_mixed,method_row_source_mix_inference,,,,,method row source mix inference,Method-row source-mix inference,false,false,false,false,true,,
r020_costcowholesale,COSTCO WHOLESALE,20,F,批发和零售业,Wholesale and Retail Trade,primary_secondary_mixed,method_row_source_mix_inference,,,,,method row source mix inference,Method-row source-mix inference,false,false,false,false,true,,
r021_jpmorganchase,JPMORGAN CHASE,21,J,金融业,Finance,primary_secondary_mixed,method_row_source_mix_inference,,,,,method row source mix inference,Method-row source-mix inference,false,false,false,false,true,,
r025_bp,BP,25,D,电力、热力、燃气及水生产和供应业,"Electricity, Heat, Gas and Water Production and Supply",primary_secondary_mixed,method_row_source_mix_inference,,,,,method row source mix inference,Method-row source-mix inference,false,false,false,false,true,,
r029_chevron,CHEVRON,29,B,采矿业,Mining,primary_secondary_mixed,method_row_source_mix_inference,,,,,method row source mix inference,Method-row source-mix inference,false,false,false,false,true,,
r030_chinaconstructionbank,CHINA CONSTRUCTION BANK,30,J,金融业,Finance,primary_secondary_mixed,method_row_source_mix_inference,,,,,method row source mix inference,Method-row source-mix inference,false,false,false,false,true,,
r031_samsungelectronics,SAMSUNG ELECTRONICS,31,C,制造业,Manufacturing,primary_secondary_mixed,method_row_source_mix_inference,,,,,method row source mix inference,Method-row source-mix inference,false,false,false,false,true,,
r032_honhaiprecisionindustry,HON HAI PRECISION INDUSTRY,32,C,制造业,Manufacturing,primary_secondary_mixed,method_row_source_mix_inference,,,,,method row source mix inference,Method-row source-mix inference,false,false,false,false,true,,
r033_cignagroup,CIGNA GROUP,33,J,金融业,Finance,primary_secondary_mixed,method_row_source_mix_inference,,,,,method row source mix inference,Method-row source-mix inference,false,false,false,false,true,,
r041_bmwgroup,BMW GROUP,41,C,制造业,Manufacturing,primary_secondary_mixed,method_row_source_mix_inference,,,,,method row source mix inference,Method-row source-mix inference,false,false,false,false,true,,
r042_mercedesbenzgroup,MERCEDES-BENZ GROUP,42,C,制造业,Manufacturing,primary_secondary_mixed,method_row_source_mix_inference,,,,,method row source mix inference,Method-row source-mix inference,false,false,false,false,true,,
r045_citigroup,CITIGROUP,45,J,金融业,Finance,primary_secondary_mixed,method_row_source_mix_inference,,,,,method row source mix inference,Method-row source-mix inference,false,false,false,false,true,,
r046_centene公司,Centene,46,J,金融业,Finance,primary_secondary_mixed,method_row_source_mix_inference,,,,,method row source mix inference,Method-row source-mix inference,false,false,false,false,true,,
r047_jdcom,JD.COM,47,F,批发和零售业,Wholesale and Retail Trade,primary_secondary_mixed,method_row_source_mix_inference,,,,,method row source mix inference,Method-row source-mix inference,false,false,false,false,true,,
r048_homedepot,HOME DEPOT,48,F,批发和零售业,Wholesale and Retail Trade,primary_secondary_mixed,method_row_source_mix_inference,,,,,method row source mix inference,Method-row source-mix inference,false,false,false,false,true,,
r050_marathonpetroleum,MARATHON PETROLEUM,50,D,电力、热力、燃气及水生产和供应业,"Electricity, Heat, Gas and Water Production and Supply",primary_secondary_mixed,method_row_source_mix_inference,,,,,method row source mix inference,Method-row source-mix inference,false,false,false,false,true,,
r052_phillips66公司,Phillips 66,52,D,电力、热力、燃气及水生产和供应业,"Electricity, Heat, Gas and Water Production and Supply",primary_secondary_mixed,method_row_source_mix_inference,,,,,method row source mix inference,Method-row source-mix inference,false,false,false,false,true,,
r055_chinamobilecommunications,CHINA MOBILE COMMUNICATIONS,55,I,信息传输、软件和信息技术服务业,"Information Transmission, Software and Information Technology Services",primary_secondary_mixed,method_row_source_mix_inference,,,,,method row source mix inference,Method-row source-mix inference,false,false,false,false,true,,
r058_fanniemae,FANNIE MAE,58,J,金融业,Finance,primary_secondary_mixed,method_row_source_mix_inference,,,,,method row source mix inference,Method-row source-mix inference,false,false,false,false,true,,
r059_chinalifeinsurance,CHINA LIFE INSURANCE,59,J,金融业,Finance,primary_secondary_mixed,method_row_source_mix_inference,,,,,method row source mix inference,Method-row source-mix inference,false,false,false,false,true,,
r060_walgreensbootsalliance,WALGREENS BOOTS ALLIANCE,60,F,批发和零售业,Wholesale and Retail Trade,primary_secondary_mixed,method_row_source_mix_inference,,,,,method row source mix inference,Method-row source-mix inference,false,false,false,false,true,,
r063_chinacommunicationsconstruction,CHINA COMMUNICATIONS CONSTRUCTION,63,E,建筑业,Construction,primary_secondary_mixed,method_row_source_mix_inference,,,,,method row source mix inference,Method-row source-mix inference,false,false,false,false,true,,
r068_verizoncommunications,VERIZON COMMUNICATIONS,68,I,信息传输、软件和信息技术服务业,"Information Transmission, Software and Information Technology Services",primary_secondary_mixed,method_row_source_mix_inference,,,,,method row source mix inference,Method-row source-mix inference,false,false,false,false,true,,
r070_alibabagroupholding,ALIBABA GROUP HOLDING,70,F,批发和零售业,Wholesale and Retail Trade,primary_secondary_mixed,method_row_source_mix_inference,,,,,method row source mix inference,Method-row source-mix inference,false,false,false,false,true,,
r071_citicgroup,CITIC GROUP,71,J,金融业,Finance,primary_secondary_mixed,method_row_source_mix_inference,,,,,method row source mix inference,Method-row source-mix inference,false,false,false,false,true,,
r074_atandt,AT&T,74,I,信息传输、软件和信息技术服务业,"Information Transmission, Software and Information Technology Services",primary_secondary_mixed,method_row_source_mix_inference,,,,,method row source mix inference,Method-row source-mix inference,false,false,false,false,true,,
r079_uniper公司,Uniper,79,D,电力、热力、燃气及水生产和供应业,"Electricity, Heat, Gas and Water Production and Supply",primary_secondary_mixed,method_row_source_mix_inference,,,,,method row source mix inference,Method-row source-mix inference,false,false,false,false,true,,
r090_target,TARGET,90,L,租赁和商务服务业,Leasing and Business Services,primary_secondary_mixed,method_row_source_mix_inference,,,,,method row source mix inference,Method-row source-mix inference,false,false,false,false,true,,
r100_sk集团,SK,100,D,电力、热力、燃气及水生产和供应业,"Electricity, Heat, Gas and Water Production and Supply",primary_secondary_mixed,method_row_source_mix_inference,,,,,method row source mix inference,Method-row source-mix inference,false,false,false,false,true,,
r105_boschgroup,BOSCH GROUP,105,C,制造业,Manufacturing,primary_secondary_mixed,method_row_source_mix_inference,,,,,method row source mix inference,Method-row source-mix inference,false,false,false,false,true,,
r110_tesla,TESLA,110,C,制造业,Manufacturing,primary_secondary_mixed,method_row_source_mix_inference,,,,,method row source mix inference,Method-row source-mix inference,false,false,false,false,true,,
r113_brookfield,BROOKFIELD,113,J,金融业,Finance,primary_secondary_mixed,method_row_source_mix_inference,,,,,method row source mix inference,Method-row source-mix inference,false,false,false,false,true,,
r115_johnsonandjohnson,JOHNSON & JOHNSON,115,C,制造业,Manufacturing,primary_secondary_mixed,method_row_source_mix_inference,,,,,method row source mix inference,Method-row source-mix inference,false,false,false,false,true,,
r117_adm公司,ADM,117,C,制造业,Manufacturing,primary_secondary_mixed,method_row_source_mix_inference,,,,,method row source mix inference,Method-row source-mix inference,false,false,false,false,true,,
r120_nippontelegraphandtelephone,NIPPON TELEGRAPH AND TELEPHONE,120,I,信息传输、软件和信息技术服务业,"Information Transmission, Software and Information Technology Services",primary_secondary_mixed,method_row_source_mix_inference,,,,,method row source mix inference,Method-row source-mix inference,false,false,false,false,true,,
r122_carrefour,CARREFOUR,122,F,批发和零售业,Wholesale and Retail Trade,primary_secondary_mixed,method_row_source_mix_inference,,,,,method row source mix inference,Method-row source-mix inference,false,false,false,false,true,,
r123_pepsico,PEPSICO,123,C,制造业,Manufacturing,primary_secondary_mixed,method_row_source_mix_inference,,,,,method row source mix inference,Method-row source-mix inference,false,false,false,false,true,,
r127_fedex,FEDEX,127,G,交通运输、仓储和邮政业,"Transport, Storage and Post",primary_secondary_mixed,method_row_source_mix_inference,,,,,method row source mix inference,Method-row source-mix inference,false,false,false,false,true,,
r129_chinafawgroup,CHINA FAW GROUP,129,C,制造业,Manufacturing,primary_secondary_mixed,method_row_source_mix_inference,,,,,method row source mix inference,Method-row source-mix inference,false,false,false,false,true,,
r131_waltdisney,WALT DISNEY,131,R,文化、体育和娱乐业,"Culture, Sports and Entertainment",primary_secondary_mixed,method_row_source_mix_inference,,,,,method row source mix inference,Method-row source-mix inference,false,false,false,false,true,,
r133_delltechnologies,DELL TECHNOLOGIES,133,C,制造业,Manufacturing,primary_secondary_mixed,method_row_source_mix_inference,,,,,method row source mix inference,Method-row source-mix inference,false,false,false,false,true,,
r134_dhlgroup,DHL GROUP,134,G,交通运输、仓储和邮政业,"Transport, Storage and Post",primary_secondary_mixed,method_row_source_mix_inference,,,,,method row source mix inference,Method-row source-mix inference,false,false,false,false,true,,
r135_chinatelecommunications,CHINA TELECOMMUNICATIONS,135,I,信息传输、软件和信息技术服务业,"Information Transmission, Software and Information Technology Services",primary_secondary_mixed,method_row_source_mix_inference,,,,,method row source mix inference,Method-row source-mix inference,false,false,false,false,true,,
r136_nissanmotor,NISSAN MOTOR,136,C,制造业,Manufacturing,primary_secondary_mixed,method_row_source_mix_inference,,,,,method row source mix inference,Method-row source-mix inference,false,false,false,false,true,,
r140_tesco,TESCO,140,F,批发和零售业,Wholesale and Retail Trade,primary_secondary_mixed,method_row_source_mix_inference,,,,,method row source mix inference,Method-row source-mix inference,false,false,false,false,true,,
r141_tencentholdings,TENCENT HOLDINGS,141,F,批发和零售业,Wholesale and Retail Trade,primary_secondary_mixed,method_row_source_mix_inference,,,,,method row source mix inference,Method-row source-mix inference,false,false,false,false,true,,
r143_byd,BYD,143,C,制造业,Manufacturing,primary_secondary_mixed,method_row_source_mix_inference,,,,,method row source mix inference,Method-row source-mix inference,false,false,false,false,true,,
r152_albertsons,ALBERTSONS,152,F,批发和零售业,Wholesale and Retail Trade,primary_secondary_mixed,method_row_source_mix_inference,,,,,method row source mix inference,Method-row source-mix inference,false,false,false,false,true,,
r153_eneosholdings,ENEOS HOLDINGS,153,D,电力、热力、燃气及水生产和供应业,"Electricity, Heat, Gas and Water Production and Supply",primary_secondary_mixed,method_row_source_mix_inference,,,,,method row source mix inference,Method-row source-mix inference,false,false,false,false,true,,
r156_uspostalservice,U.S. POSTAL SERVICE,156,G,交通运输、仓储和邮政业,"Transport, Storage and Post",primary_secondary_mixed,method_row_source_mix_inference,,,,,method row source mix inference,Method-row source-mix inference,false,false,false,false,true,,
r157_jiangxicopper,JIANGXI COPPER,157,C,制造业,Manufacturing,primary_secondary_mixed,method_row_source_mix_inference,,,,,method row source mix inference,Method-row source-mix inference,false,false,false,false,true,,
r158_peoplesinsurancecoofchina,PEOPLE'S INSURANCE CO. OF CHINA,158,J,金融业,Finance,primary_secondary_mixed,method_row_source_mix_inference,,,,,method row source mix inference,Method-row source-mix inference,false,false,false,false,true,,
r159_boeing,BOEING,159,C,制造业,Manufacturing,primary_secondary_mixed,method_row_source_mix_inference,,,,,method row source mix inference,Method-row source-mix inference,false,false,false,false,true,,
r163_sysco,SYSCO,163,F,批发和零售业,Wholesale and Retail Trade,primary_secondary_mixed,method_row_source_mix_inference,,,,,method row source mix inference,Method-row source-mix inference,false,false,false,false,true,,
r165_pertamina,PERTAMINA,165,D,电力、热力、燃气及水生产和供应业,"Electricity, Heat, Gas and Water Production and Supply",primary_secondary_mixed,method_row_source_mix_inference,,,,,method row source mix inference,Method-row source-mix inference,false,false,false,false,true,,
r169_lukoil,LUKOIL,169,D,电力、热力、燃气及水生产和供应业,"Electricity, Heat, Gas and Water Production and Supply",primary_secondary_mixed,method_row_source_mix_inference,,,,,method row source mix inference,Method-row source-mix inference,false,false,false,false,true,,
r174_法国bpce银行集团,BPCE Group,174,J,金融业,Finance,primary_secondary_mixed,method_row_source_mix_inference,,,,,method row source mix inference,Method-row source-mix inference,false,false,false,false,true,,
r176_巴西jbs公司,JBS,176,C,制造业,Manufacturing,primary_secondary_mixed,method_row_source_mix_inference,,,,,method row source mix inference,Method-row source-mix inference,false,false,false,false,true,,
r177_alimentationcouchetard公司,Alimentation Couche-Tard,177,F,批发和零售业,Wholesale and Retail Trade,primary_secondary_mixed,method_row_source_mix_inference,,,,,method row source mix inference,Method-row source-mix inference,false,false,false,false,true,,
r178_statebankofindia,STATE BANK OF INDIA,178,J,金融业,Finance,primary_secondary_mixed,method_row_source_mix_inference,,,,,method row source mix inference,Method-row source-mix inference,false,false,false,false,true,,
r179_chinamerchantsbank,CHINA MERCHANTS BANK,179,J,金融业,Finance,primary_secondary_mixed,method_row_source_mix_inference,,,,,method row source mix inference,Method-row source-mix inference,false,false,false,false,true,,
r184_toyotatsusho,TOYOTA TSUSHO,184,L,租赁和商务服务业,Leasing and Business Services,primary_secondary_mixed,method_row_source_mix_inference,,,,,method row source mix inference,Method-row source-mix inference,false,false,false,false,true,,
r191_generalelectric,GENERAL ELECTRIC,191,C,制造业,Manufacturing,primary_secondary_mixed,method_row_source_mix_inference,,,,,method row source mix inference,Method-row source-mix inference,false,false,false,false,true,,
r195_americanexpress,AMERICAN EXPRESS,195,J,金融业,Finance,primary_secondary_mixed,method_row_source_mix_inference,,,,,method row source mix inference,Method-row source-mix inference,false,false,false,false,true,,
r198_wilmarinternational,WILMAR INTERNATIONAL,198,C,制造业,Manufacturing,primary_secondary_mixed,method_row_source_mix_inference,,,,,method row source mix inference,Method-row source-mix inference,false,false,false,false,true,,
r199_caterpillar,CATERPILLAR,199,C,制造业,Manufacturing,primary_secondary_mixed,method_row_source_mix_inference,,,,,method row source mix inference,Method-row source-mix inference,false,false,false,false,true,,
r203_aeon,AEON,203,F,批发和零售业,Wholesale and Retail Trade,primary_secondary_mixed,method_row_source_mix_inference,,,,,method row source mix inference,Method-row source-mix inference,false,false,false,false,true,,
r204_lloydsbankinggroup,LLOYDS BANKING GROUP,204,J,金融业,Finance,primary_secondary_mixed,method_row_source_mix_inference,,,,,method row source mix inference,Method-row source-mix inference,false,false,false,false,true,,
r207_hca医疗保健公司,HCA Healthcare,207,S,公共管理、社会保障和社会组织,"Public Administration, Social Security and Social Organizations",primary_secondary_mixed,method_row_source_mix_inference,,,,,method row source mix inference,Method-row source-mix inference,false,false,false,false,true,,
r211_accenture,ACCENTURE,211,I,信息传输、软件和信息技术服务业,"Information Transmission, Software and Information Technology Services",primary_secondary_mixed,method_row_source_mix_inference,,,,,method row source mix inference,Method-row source-mix inference,false,false,false,false,true,,
r215_munichregroup,MUNICH RE GROUP,215,J,金融业,Finance,primary_secondary_mixed,method_row_source_mix_inference,,,,,method row source mix inference,Method-row source-mix inference,false,false,false,false,true,,
r217_bancodobrasil,BANCO DO BRASIL,217,J,金融业,Finance,primary_secondary_mixed,method_row_source_mix_inference,,,,,method row source mix inference,Method-row source-mix inference,false,false,false,false,true,,
r220_nipponsteelcorporation,NIPPON STEEL CORPORATION,220,C,制造业,Manufacturing,primary_secondary_mixed,method_row_source_mix_inference,,,,,method row source mix inference,Method-row source-mix inference,false,false,false,false,true,,
r221_deere,DEERE,221,C,制造业,Manufacturing,primary_secondary_mixed,method_row_source_mix_inference,,,,,method row source mix inference,Method-row source-mix inference,false,false,false,false,true,,
r222_nvidia,NVIDIA,222,C,制造业,Manufacturing,primary_secondary_mixed,method_row_source_mix_inference,,,,,method row source mix inference,Method-row source-mix inference,false,false,false,false,true,,
r223_stonex集团,StoneX,223,J,金融业,Finance,primary_secondary_mixed,method_row_source_mix_inference,,,,,method row source mix inference,Method-row source-mix inference,false,false,false,false,true,,
r225_bouygues,BOUYGUES,225,E,建筑业,Construction,primary_secondary_mixed,method_row_source_mix_inference,,,,,method row source mix inference,Method-row source-mix inference,false,false,false,false,true,,
r227_daimlertruckholding,DAIMLER TRUCK HOLDING,227,C,制造业,Manufacturing,primary_secondary_mixed,method_row_source_mix_inference,,,,,method row source mix inference,Method-row source-mix inference,false,false,false,false,true,,
r228_inggroup,ING GROUP,228,J,金融业,Finance,primary_secondary_mixed,method_row_source_mix_inference,,,,,method row source mix inference,Method-row source-mix inference,false,false,false,false,true,,
r236_pfizer,PFIZER,236,C,制造业,Manufacturing,primary_secondary_mixed,method_row_source_mix_inference,,,,,method row source mix inference,Method-row source-mix inference,false,false,false,false,true,,
r244_allstate,ALLSTATE,244,J,金融业,Finance,primary_secondary_mixed,method_row_source_mix_inference,,,,,method row source mix inference,Method-row source-mix inference,false,false,false,false,true,,
r252_bancobradesco,BANCO BRADESCO,252,J,金融业,Finance,primary_secondary_mixed,method_row_source_mix_inference,,,,,method row source mix inference,Method-row source-mix inference,false,false,false,false,true,,
r255_chartercommunications,CHARTER COMMUNICATIONS,255,I,信息传输、软件和信息技术服务业,"Information Transmission, Software and Information Technology Services",primary_secondary_mixed,method_row_source_mix_inference,,,,,method row source mix inference,Method-row source-mix inference,false,false,false,false,true,,
r257_edekazentrale,EDEKA ZENTRALE,257,F,批发和零售业,Wholesale and Retail Trade,primary_secondary_mixed,method_row_source_mix_inference,,,,,method row source mix inference,Method-row source-mix inference,false,false,false,false,true,,
r259_abbvie,ABBVIE,259,C,制造业,Manufacturing,primary_secondary_mixed,method_row_source_mix_inference,,,,,method row source mix inference,Method-row source-mix inference,false,false,false,false,true,,
r261_intel,INTEL,261,C,制造业,Manufacturing,primary_secondary_mixed,method_row_source_mix_inference,,,,,method row source mix inference,Method-row source-mix inference,false,false,false,false,true,,
r262_tjx公司,TJX,262,F,批发和零售业,Wholesale and Retail Trade,primary_secondary_mixed,method_row_source_mix_inference,,,,,method row source mix inference,Method-row source-mix inference,false,false,false,false,true,,
r266_prudentialfinancial,PRUDENTIAL FINANCIAL,266,J,金融业,Finance,primary_secondary_mixed,method_row_source_mix_inference,,,,,method row source mix inference,Method-row source-mix inference,false,false,false,false,true,,
r272_performancefoodgroup公司,Performance Food Group,272,F,批发和零售业,Wholesale and Retail Trade,primary_secondary_mixed,method_row_source_mix_inference,,,,,method row source mix inference,Method-row source-mix inference,false,false,false,false,true,,
r286_bayer,BAYER,286,C,制造业,Manufacturing,primary_secondary_mixed,method_row_source_mix_inference,,,,,method row source mix inference,Method-row source-mix inference,false,false,false,false,true,,
r287_tokiomarineholdings,TOKIO MARINE HOLDINGS,287,J,金融业,Finance,primary_secondary_mixed,method_row_source_mix_inference,,,,,method row source mix inference,Method-row source-mix inference,false,false,false,false,true,,
r295_zffriedrichshafen,ZF FRIEDRICHSHAFEN,295,C,制造业,Manufacturing,primary_secondary_mixed,method_row_source_mix_inference,,,,,method row source mix inference,Method-row source-mix inference,false,false,false,false,true,,
r305_denso,DENSO,305,C,制造业,Manufacturing,primary_secondary_mixed,method_row_source_mix_inference,,,,,method row source mix inference,Method-row source-mix inference,false,false,false,false,true,,
r308_veoliaenvironnement,VEOLIA ENVIRONNEMENT,308,I,信息传输、软件和信息技术服务业,"Information Transmission, Software and Information Technology Services",primary_secondary_mixed,method_row_source_mix_inference,,,,,method row source mix inference,Method-row source-mix inference,false,false,false,false,true,,
r311_plainsgpholdings公司,Plains GP Holdings,311,G,交通运输、仓储和邮政业,"Transport, Storage and Post",primary_secondary_mixed,method_row_source_mix_inference,,,,,method row source mix inference,Method-row source-mix inference,false,false,false,false,true,,
r313_exor集团,EXOR,313,J,金融业,Finance,primary_secondary_mixed,method_row_source_mix_inference,,,,,method row source mix inference,Method-row source-mix inference,false,false,false,false,true,,
r319_worldkinect公司,World Kinect,319,D,电力、热力、燃气及水生产和供应业,"Electricity, Heat, Gas and Water Production and Supply",primary_secondary_mixed,method_row_source_mix_inference,,,,,method row source mix inference,Method-row source-mix inference,false,false,false,false,true,,
r327_talanx公司,Talanx,327,J,金融业,Finance,primary_secondary_mixed,method_row_source_mix_inference,,,,,method row source mix inference,Method-row source-mix inference,false,false,false,false,true,,
r335_chs公司,CHS,335,C,制造业,Manufacturing,primary_secondary_mixed,method_row_source_mix_inference,,,,,method row source mix inference,Method-row source-mix inference,false,false,false,false,true,,
r345_raízen公司,Raízen,345,D,电力、热力、燃气及水生产和供应业,"Electricity, Heat, Gas and Water Production and Supply",primary_secondary_mixed,method_row_source_mix_inference,,,,,method row source mix inference,Method-row source-mix inference,false,false,false,false,true,,
r348_loréal,L'ORÉAL,348,C,制造业,Manufacturing,primary_secondary_mixed,method_row_source_mix_inference,,,,,method row source mix inference,Method-row source-mix inference,false,false,false,false,true,,
r349_fomentoeconómicomexicano公司,Fomento Económico Mexicano,349,C,制造业,Manufacturing,primary_secondary_mixed,method_row_source_mix_inference,,,,,method row source mix inference,Method-row source-mix inference,false,false,false,false,true,,
r352_bestbuy,BEST BUY,352,F,批发和零售业,Wholesale and Retail Trade,primary_secondary_mixed,method_row_source_mix_inference,,,,,method row source mix inference,Method-row source-mix inference,false,false,false,false,true,,
r353_woolworthsgroup,WOOLWORTHS GROUP,353,F,批发和零售业,Wholesale and Retail Trade,primary_secondary_mixed,method_row_source_mix_inference,,,,,method row source mix inference,Method-row source-mix inference,false,false,false,false,true,,
r359_massachusettsmutuallifeinsurance,MASSACHUSETTS MUTUAL LIFE INSURANCE,359,J,金融业,Finance,primary_secondary_mixed,method_row_source_mix_inference,,,,,method row source mix inference,Method-row source-mix inference,false,false,false,false,true,,
r365_travelers公司,Travelers,365,J,金融业,Finance,primary_secondary_mixed,method_row_source_mix_inference,,,,,method row source mix inference,Method-row source-mix inference,false,false,false,false,true,,
r366_warnerbrosdiscovery,WARNER BROS. DISCOVERY,366,R,文化、体育和娱乐业,"Culture, Sports and Entertainment",primary_secondary_mixed,method_row_source_mix_inference,,,,,method row source mix inference,Method-row source-mix inference,false,false,false,false,true,,
r367_canadianimperialbankofcommerce,CANADIAN IMPERIAL BANK OF COMMERCE,367,J,金融业,Finance,primary_secondary_mixed,method_row_source_mix_inference,,,,,method row source mix inference,Method-row source-mix inference,false,false,false,false,true,,
r375_pegatron,PEGATRON,375,C,制造业,Manufacturing,primary_secondary_mixed,method_row_source_mix_inference,,,,,method row source mix inference,Method-row source-mix inference,false,false,false,false,true,,
r384_meituan,MEITUAN,384,F,批发和零售业,Wholesale and Retail Trade,primary_secondary_mixed,method_row_source_mix_inference,,,,,method row source mix inference,Method-row source-mix inference,false,false,false,false,true,,
r395_pbfenergy公司,PBF Energy,395,D,电力、热力、燃气及水生产和供应业,"Electricity, Heat, Gas and Water Production and Supply",primary_secondary_mixed,method_row_source_mix_inference,,,,,method row source mix inference,Method-row source-mix inference,false,false,false,false,true,,
r397_xiaomi,XIAOMI,397,C,制造业,Manufacturing,primary_secondary_mixed,method_row_source_mix_inference,,,,,method row source mix inference,Method-row source-mix inference,false,false,false,false,true,,
r400_gsk,GSK,400,C,制造业,Manufacturing,primary_secondary_mixed,method_row_source_mix_inference,,,,,method row source mix inference,Method-row source-mix inference,false,false,false,false,true,,
r403_ubertechnologies公司,Uber Technologies,403,F,批发和零售业,Wholesale and Retail Trade,primary_secondary_mixed,method_row_source_mix_inference,,,,,method row source mix inference,Method-row source-mix inference,false,false,false,false,true,,
r406_suzukimotor,SUZUKI MOTOR,406,C,制造业,Manufacturing,primary_secondary_mixed,method_row_source_mix_inference,,,,,method row source mix inference,Method-row source-mix inference,false,false,false,false,true,,
r407_haiersmarthome,HAIER SMART HOME,407,C,制造业,Manufacturing,primary_secondary_mixed,method_row_source_mix_inference,,,,,method row source mix inference,Method-row source-mix inference,false,false,false,false,true,,
r409_laposte,LA POSTE,409,G,交通运输、仓储和邮政业,"Transport, Storage and Post",primary_secondary_mixed,method_row_source_mix_inference,,,,,method row source mix inference,Method-row source-mix inference,false,false,false,false,true,,
r413_honeywellinternational,HONEYWELL INTERNATIONAL,413,C,制造业,Manufacturing,primary_secondary_mixed,method_row_source_mix_inference,,,,,method row source mix inference,Method-row source-mix inference,false,false,false,false,true,,
r415_sfholding,S.F. HOLDING,415,G,交通运输、仓储和邮政业,"Transport, Storage and Post",primary_secondary_mixed,method_row_source_mix_inference,,,,,method row source mix inference,Method-row source-mix inference,false,false,false,false,true,,
r422_mondelezinternational,MONDELEZ INTERNATIONAL,422,C,制造业,Manufacturing,primary_secondary_mixed,method_row_source_mix_inference,,,,,method row source mix inference,Method-row source-mix inference,false,false,false,false,true,,
r424_starbucks,STARBUCKS,424,H,住宿和餐饮业,Accommodation and Catering,primary_secondary_mixed,method_row_source_mix_inference,,,,,method row source mix inference,Method-row source-mix inference,false,false,false,false,true,,
r425_olamgroup,OLAM GROUP,425,C,制造业,Manufacturing,primary_secondary_mixed,method_row_source_mix_inference,,,,,method row source mix inference,Method-row source-mix inference,false,false,false,false,true,,
r426_qualcomm,QUALCOMM,426,C,制造业,Manufacturing,primary_secondary_mixed,method_row_source_mix_inference,,,,,method row source mix inference,Method-row source-mix inference,false,false,false,false,true,,
r434_drhorton公司,D.R. Horton,434,E,建筑业,Construction,primary_secondary_mixed,method_row_source_mix_inference,,,,,method row source mix inference,Method-row source-mix inference,false,false,false,false,true,,
r441_paccar,PACCAR,441,C,制造业,Manufacturing,primary_secondary_mixed,method_row_source_mix_inference,,,,,method row source mix inference,Method-row source-mix inference,false,false,false,false,true,,
r443_crh公司,CRH,443,C,制造业,Manufacturing,primary_secondary_mixed,method_row_source_mix_inference,,,,,method row source mix inference,Method-row source-mix inference,false,false,false,false,true,,
r450_sap公司,SAP,450,C,制造业,Manufacturing,primary_secondary_mixed,method_row_source_mix_inference,,,,,method row source mix inference,Method-row source-mix inference,false,false,false,false,true,,
r453_lennar,LENNAR,453,E,建筑业,Construction,primary_secondary_mixed,method_row_source_mix_inference,,,,,method row source mix inference,Method-row source-mix inference,false,false,false,false,true,,
r454_sompoholdings,SOMPO HOLDINGS,454,J,金融业,Finance,primary_secondary_mixed,method_row_source_mix_inference,,,,,method row source mix inference,Method-row source-mix inference,false,false,false,false,true,,
r459_cummins,CUMMINS,459,C,制造业,Manufacturing,primary_secondary_mixed,method_row_source_mix_inference,,,,,method row source mix inference,Method-row source-mix inference,false,false,false,false,true,,
r463_rajeshexports公司,Rajesh Exports,463,L,租赁和商务服务业,Leasing and Business Services,primary_secondary_mixed,method_row_source_mix_inference,,,,,method row source mix inference,Method-row source-mix inference,false,false,false,false,true,,
r464_britishamericantobacco,BRITISH AMERICAN TOBACCO,464,C,制造业,Manufacturing,primary_secondary_mixed,method_row_source_mix_inference,,,,,method row source mix inference,Method-row source-mix inference,false,false,false,false,true,,
r468_netflix公司,Netflix,468,R,文化、体育和娱乐业,"Culture, Sports and Entertainment",primary_secondary_mixed,method_row_source_mix_inference,,,,,method row source mix inference,Method-row source-mix inference,false,false,false,false,true,,
r473_vtbbank,VTB BANK,473,J,金融业,Finance,primary_secondary_mixed,method_row_source_mix_inference,,,,,method row source mix inference,Method-row source-mix inference,false,false,false,false,true,,
r477_truistfinancial公司,Truist Financial,477,J,金融业,Finance,primary_secondary_mixed,method_row_source_mix_inference,,,,,method row source mix inference,Method-row source-mix inference,false,false,false,false,true,,
r479_schlumberger,SCHLUMBERGER,479,D,电力、热力、燃气及水生产和供应业,"Electricity, Heat, Gas and Water Production and Supply",primary_secondary_mixed,method_row_source_mix_inference,,,,,method row source mix inference,Method-row source-mix inference,false,false,false,false,true,,
r485_centrica,CENTRICA,485,I,信息传输、软件和信息技术服务业,"Information Transmission, Software and Information Technology Services",primary_secondary_mixed,method_row_source_mix_inference,,,,,method row source mix inference,Method-row source-mix inference,false,false,false,false,true,,
r486_linde,LINDE,486,C,制造业,Manufacturing,primary_secondary_mixed,method_row_source_mix_inference,,,,,method row source mix inference,Method-row source-mix inference,false,false,false,false,true,,
r489_3m公司,3M,489,C,制造业,Manufacturing,primary_secondary_mixed,method_row_source_mix_inference,,,,,method row source mix inference,Method-row source-mix inference,false,false,false,false,true,,
r494_metro,METRO,494,F,批发和零售业,Wholesale and Retail Trade,primary_secondary_mixed,method_row_source_mix_inference,,,,,method row source mix inference,Method-row source-mix inference,false,false,false,false,true,,
r495_subaru,SUBARU,495,C,制造业,Manufacturing,primary_secondary_mixed,method_row_source_mix_inference,,,,,method row source mix inference,Method-row source-mix inference,false,false,false,false,true,,
