sankey_flow_key,company_id,company_name_en,company_name_zh,world500_rank,industry_section_code,industry_section_name_zh,industry_section_name_en,company_workbench_industry_section_code,company_workbench_industry_section_name_zh,company_workbench_industry_section_name_en,industry_consistency_status,standard_system,internal_standard_id,display_standard_name_zh,display_standard_name_en,decision_bucket,evidence_gate,evidence_mode,match_status,evidence_page,source_file,snippet_en,snippet_zh,confidence,review_status,matched_aliases
iso_14064::J,r252_bancobradesco,BANCO BRADESCO,巴西布拉德斯科银行,252,J,金融业,Finance,J,金融业,Finance,consistent_with_company_workbench,ISO,iso_14064,ISO 14064,ISO 14064,accepted,page_text_explicitly_names_standard_or_strong_alias,accepted_page_traceable_standard_source_link,explicit_standard_citation,46,2024 BANCO BRADESCO ESG Report.pdf,"Through the annual greenhouse gas inventory, we track the evolution of our operational emissions since 2006, following the guidelines of the ABNT ISO 14064-1 standard and, since 2008, incorporating the specifications of the Brazilian GHG Pr","Through the annual greenhouse gas inventory, we track the evolution of our operational emissions since 2006, following the guidelines of the ABNT ISO 14064-1...",medium,seed_batch_06,
iso_14064::F,r392_coop集团,Coop,Coop,392,F,批发和零售业,Wholesale and Retail Trade,F,批发和零售业,Wholesale and Retail Trade,consistent_with_company_workbench,ISO,iso_14064,ISO 14064,ISO 14064,accepted,page_text_explicitly_names_standard_or_strong_alias,accepted_page_traceable_standard_source_link,explicit_standard_citation,216,COOP GROUP Fortschrittsbericht-Nachhaltigkeit-2024_en.pdf,We used the “operational control” approach as per the Green­ house Gas (GHG) Protocol to calculate CO2e emissions. The Scope 3 emissions were calculated in accordance with ISO 14064 and the GHG Protocol guidelines. Detailed informa­ tion on,We used the “operational control” approach as per the Green­ house Gas (GHG) Protocol to calculate CO2e emissions. The Scope 3 emissions were calculated in a...,medium,seed_batch_08,
iso_14064::C,r444_quantacomputer,QUANTA COMPUTER,广达电脑公司,444,C,制造业,Manufacturing,C,制造业,Manufacturing,consistent_with_company_workbench,ISO,iso_14064,ISO 14064,ISO 14064,accepted,page_text_explicitly_names_standard_or_strong_alias,accepted_page_traceable_standard_source_link,explicit_standard_citation,14,Quanta_ESG_CN_2023.pdf,12 關於報告書 廣達承諾及利害關係人溝通 永續治理誠信經營 以人為本多元職場 關愛地球綠色永續 永續供應鏈管理 關愛社會文化均富 附錄 使命 聯合國永續目標 對應之廣達永續目標 2023年成果 環境保護 SDG 13 氣候行動 完備減緩調適行動，以因應 氣候變遷及其影響 致力減少廢棄物，降低對環境的 衝擊。 遵守各營運據點當地環保法規。 呼應全球控制升溫1.5℃，訂定並 達成科學減碳目標。 5. 各廠區均取得ISO 14064，ISO 14001。台灣、上海、重慶取得ISO,12 關於報告書 廣達承諾及利害關係人溝通 永續治理誠信經營 以人為本多元職場 關愛地球綠色永續 永續供應鏈管理 關愛社會文化均富 附錄 使命 聯合國永續目標 對應之廣達永續目標 2023年成果 環境保護 SDG 13 氣候行動 完備減緩調適行動，以因應 氣候變遷及其影響 致力減少廢棄物，降低對環境的 衝擊。 遵...,medium,seed_batch_14,
iso_14067::C,r451_crrcgroup,CRRC GROUP,中国中车集团有限公司,451,C,制造业,Manufacturing,C,制造业,Manufacturing,consistent_with_company_workbench,ISO,iso_14067,ISO 14067,ISO 14067,accepted,page_text_explicitly_names_standard_or_strong_alias,accepted_page_traceable_standard_source_link,explicit_standard_citation,49,中国中车2024ESG报告.pdf,48 ISO 14067 产品碳足迹证书 案例：公司举办碳资产碳足迹培训班 2024 年3 月，公司举办“碳资产碳足迹培训班”，65 家子公司共计124 人参 加。培训内容涉及碳市场现状与分析、碳资产交易与管理、绿电绿证申领、碳足迹 标准。 举办碳资产碳足迹培训班  零碳场景示范建设 开展零碳场景示范建设工作，打造4 个零碳工厂和5 个零碳车间。长客 股份公司、唐山公司2 家子公司荣获“2024 年中国工业碳达峰”“领跑者 企业”称号。  轨道交通装备绿色转型 持续促进能,48 ISO 14067 产品碳足迹证书 案例：公司举办碳资产碳足迹培训班 2024 年3 月，公司举办“碳资产碳足迹培训班”，65 家子公司共计124 人参 加。培训内容涉及碳市场现状与分析、碳资产交易与管理、绿电绿证申领、碳足迹 标准。 举办碳资产碳足迹培训班  零碳场景示范建设 开展零碳场景示范建设工作，...,medium,seed_batch_10,
gb_t_24067_2024::C,r467_tongweigroup,TONGWEI GROUP,通威集团有限公司,467,C,制造业,Manufacturing,C,制造业,Manufacturing,corrected_by_excel_industry_review,GB/T,gb_t_24067_2024,GB/T 24067-2024,GB/T 24067-2024,accepted,page_text_explicitly_names_standard_or_strong_alias,accepted_page_traceable_standard_source_link,explicit_standard_citation,14,2024 TONGWEI GROUP ESG report.pdf,"ng renew- able energy power production and consumption"". • In September 2024, MEE released the national standard GB/T 24067-2024, Greenhouse gases-Carbon footprint of products-Requirements and guidelines for quantiﬁcation. This standard suc","ng renew- able energy power production and consumption"". • In September 2024, MEE released the national standard GB/T 24067-2024, Greenhouse gases-Carbon foo...",medium,seed_batch_10,
iso_14067::B,r479_schlumberger,SCHLUMBERGER,斯伦贝谢公司,479,B,采矿业,Mining,B,采矿业,Mining,corrected_by_excel_industry_review,ISO,iso_14067,ISO 14067,ISO 14067,accepted,page_text_explicitly_names_standard_or_strong_alias,accepted_page_traceable_standard_source_link,explicit_standard_citation,16,SCHLUMBERGER-sustainability-report-2024.pdf,"Scope 3 in Our Value Chain continued The Environmental Steward (TES) Application Deployed in 2024 and to be adopted by all engineering teams, the TES app formalizes adherence to our ISO 14067-aligned Life Cycle Assessment (LCA) method, enab","Scope 3 in Our Value Chain continued The Environmental Steward (TES) Application Deployed in 2024 and to be adopted by all engineering teams, the TES app for...",medium,seed_batch_10,
iso_14064::B,r480_ecopetrol,ECOPETROL,哥伦比亚国家石油公司,480,B,采矿业,Mining,B,采矿业,Mining,consistent_with_company_workbench,ISO,iso_14064,ISO 14064,ISO 14064,accepted,page_text_explicitly_names_standard_or_strong_alias,accepted_page_traceable_standard_source_link,explicit_standard_citation,297,2024-ECOPETROL-integrated-management-report.pdf,"st prevention, revenues, tax incentives, among others 132,600,000,000 243,000,000,000 431,403,799,438 % of operations covered 100 100 100 Climate Change Ecopetrol’s atmospheric emissions inventory is structured in accordance with ISO 14064-","st prevention, revenues, tax incentives, among others 132,600,000,000 243,000,000,000 431,403,799,438 % of operations covered 100 100 100 Climate Change Ecop...",medium,seed_batch_10,
ghg_corporate_standard::F,r001_walmart,WALMART,沃尔玛,1,F,批发和零售业,Wholesale and Retail Trade,F,批发和零售业,Wholesale and Retail Trade,consistent_with_company_workbench,GHG Protocol,ghg_corporate_standard,GHG Protocol 企业核算与报告标准,GHG Protocol Corporate Accounting and Reporting Standard,accepted,source_text_explicitly_names_this_ghg_protocol_series,accepted_explicit_ghg_fine_series_edge,explicit_series_citation,7,FY2025-Walmart-ESG-Report.pdf,pleteness|Consistency|Transparency|Accuracy 相关性|完整性|一致性|透明性|准确性 rting Walmart Inc. calculates its GHG emissions footprint estimates in alignment with the Greenhouse Gas Protocol’s Corporate Accounting and Reporting Standard as well as the Corporate Value Chain (Scope 3) Accounting and Reporting Standard rting Walmart Inc. calculates its GHG emissions footpr…,pleteness|Consistency|Transparency|Accuracy 相关性|完整性|一致性|透明性|准确性 rting Walmart Inc. calculates its GHG emissions footprint estimates in alignment with the Greenhouse Gas Protocol’s Corporate Accounting and Reporting Standard as well as the Corporate Value Chain (Scope 3) Accounting and Reporting Standard rting Walmart Inc. calculates its GHG emissions footpr…,medium,accepted_explicit_named_series_edge,corporate accounting and reporting standard
ghg_scope3_standard::F,r001_walmart,WALMART,沃尔玛,1,F,批发和零售业,Wholesale and Retail Trade,F,批发和零售业,Wholesale and Retail Trade,consistent_with_company_workbench,GHG Protocol,ghg_scope3_standard,GHG Protocol 企业价值链（Scope 3）核算与报告标准,GHG Protocol Corporate Value Chain (Scope 3) Accounting and Reporting Standard,accepted,source_text_explicitly_names_this_ghg_protocol_series,accepted_explicit_ghg_fine_series_edge,explicit_series_citation,7 | 34,FY2025-Walmart-ESG-Report.pdf,|准确性 rting Walmart Inc. calculates its GHG emissions footprint estimates in alignment with the Greenhouse Gas Protocol’s Corporate Accounting and Reporting Standard as well as the Corporate Value Chain (Scope 3) Accounting and Reporting Standard rting Walmart Inc. calculates its GHG emissions footprint estimates in alignment with the Greenhouse Gas Protocol…,|准确性 rting Walmart Inc. calculates its GHG emissions footprint estimates in alignment with the Greenhouse Gas Protocol’s Corporate Accounting and Reporting Standard as well as the Corporate Value Chain (Scope 3) Accounting and Reporting Standard rting Walmart Inc. calculates its GHG emissions footprint estimates in alignment with the Greenhouse Gas Protocol…,medium,accepted_explicit_named_series_edge,corporate value chain\s*\(scope 3\)
ghg_corporate_standard::J,r008_unitedhealthgroup,UNITEDHEALTH GROUP,联合健康集团,8,J,金融业,Finance,J,金融业,Finance,consistent_with_company_workbench,GHG Protocol,ghg_corporate_standard,GHG Protocol 企业核算与报告标准,GHG Protocol Corporate Accounting and Reporting Standard,accepted,source_text_explicitly_names_this_ghg_protocol_series,accepted_explicit_ghg_fine_series_edge,explicit_series_citation,33 | 80,UNITEDHEALTH GROUP—2024-sustainability-report.pdf,"of our new science-aligned climate targets, we have re-established all climate targets and recasted the following values with a 2023 base year. In accordance with the GHG Protocol Corporate Accounting and Reporting Standard, Scope 3 Standard and the Science Based Targets initiative’s Corporate Near-Term Criteria, these base year values will be subject to re…","of our new science-aligned climate targets, we have re-established all climate targets and recasted the following values with a 2023 base year. In accordance with the GHG Protocol Corporate Accounting and Reporting Standard, Scope 3 Standard and the Science Based Targets initiative’s Corporate Near-Term Criteria, these base year values will be subject to re…",pdf_page_backfill,accepted_explicit_named_series_edge,corporate accounting and reporting standard
ghg_financial_industry_standard::J,r008_unitedhealthgroup,UNITEDHEALTH GROUP,联合健康集团,8,J,金融业,Finance,J,金融业,Finance,consistent_with_company_workbench,GHG Protocol,ghg_financial_industry_standard,金融行业全球温室气体核算与报告标准,Global GHG Accounting and Reporting Standard for the Financial Industry,accepted,source_text_explicitly_names_this_ghg_protocol_series,accepted_explicit_ghg_fine_series_edge,explicit_series_citation,33 | 35 | 82,UNITEDHEALTH GROUP—2024-sustainability-report.pdf,"lity-report.pdf Scope 3 范围 3 Expanded from source page text for direct-use Scope evidence. ons primarily from products sold by UHG’s retail pharmacy operations. 9 In line with the Partnership for Carbon Accounting Financials (PCAF) standard, estimated emissions are composed of asset classes such as corporate bonds, loans, equities, and sovereign debt and as…","lity-report.pdf Scope 3 范围 3 Expanded from source page text for direct-use Scope evidence. ons primarily from products sold by UHG’s retail pharmacy operations. 9 In line with the Partnership for Carbon Accounting Financials (PCAF) standard, estimated emissions are composed of asset classes such as corporate bonds, loans, equities, and sovereign debt and as…",medium,accepted_explicit_named_series_edge,partnership for carbon accounting financials
ghg_corporate_standard::F,r010_cvshealth公司,CVS Health,CVS Health,10,F,批发和零售业,Wholesale and Retail Trade,F,批发和零售业,Wholesale and Retail Trade,consistent_with_company_workbench,GHG Protocol,ghg_corporate_standard,GHG Protocol 企业核算与报告标准,GHG Protocol Corporate Accounting and Reporting Standard,accepted,source_text_explicitly_names_this_ghg_protocol_series,accepted_explicit_ghg_fine_series_edge,explicit_series_citation,36 | 90,CVS Health-2024-Impact-Report-Appendix.pdf,estment of infrastructure and maintenance. • Greenhouse Gas Emissions: CVS Health calculates its greenhouse gas emissions footprint in alignment with the Greenhouse Gas Protocol’s Corporate Accounting and Reporting Standard as well as the Corporate Value Chain (Scope 3) Accounting and Reporting Standard. Scope 2 emissions are calculated using both a locatio…,estment of infrastructure and maintenance. • Greenhouse Gas Emissions: CVS Health calculates its greenhouse gas emissions footprint in alignment with the Greenhouse Gas Protocol’s Corporate Accounting and Reporting Standard as well as the Corporate Value Chain (Scope 3) Accounting and Reporting Standard. Scope 2 emissions are calculated using both a locatio…,pdf_page_backfill,accepted_explicit_named_series_edge,corporate accounting and reporting standard
ghg_scope3_standard::F,r010_cvshealth公司,CVS Health,CVS Health,10,F,批发和零售业,Wholesale and Retail Trade,F,批发和零售业,Wholesale and Retail Trade,consistent_with_company_workbench,GHG Protocol,ghg_scope3_standard,GHG Protocol 企业价值链（Scope 3）核算与报告标准,GHG Protocol Corporate Value Chain (Scope 3) Accounting and Reporting Standard,accepted,source_text_explicitly_names_this_ghg_protocol_series,accepted_explicit_ghg_fine_series_edge,explicit_series_citation,36 | 90,CVS Health-2024-Impact-Report-Appendix.pdf,"Emissions: CVS Health calculates its greenhouse gas emissions footprint in alignment with the Greenhouse Gas Protocol’s Corporate Accounting and Reporting Standard as well as the Corporate Value Chain (Scope 3) Accounting and Reporting Standard. Scope 2 emissions are calculated using both a location-based and market-based approach, with an annual process in…","Emissions: CVS Health calculates its greenhouse gas emissions footprint in alignment with the Greenhouse Gas Protocol’s Corporate Accounting and Reporting Standard as well as the Corporate Value Chain (Scope 3) Accounting and Reporting Standard. Scope 2 emissions are calculated using both a location-based and market-based approach, with an annual process in…",pdf_page_backfill,accepted_explicit_named_series_edge,corporate value chain\s*\(scope 3\)
ghg_corporate_standard::B,r013_shell,SHELL,壳牌公司,13,B,采矿业,Mining,B,采矿业,Mining,consistent_with_company_workbench,GHG Protocol,ghg_corporate_standard,GHG Protocol 企业核算与报告标准,GHG Protocol Corporate Accounting and Reporting Standard,accepted,source_text_explicitly_names_this_ghg_protocol_series,accepted_explicit_ghg_fine_series_edge,explicit_series_citation,99 | 102 | 109 | 344,shell-annual-report-2024.pdf,"ent Report. [C] Emissions from the purchase of electricity, heat, steam and cooling for our own use globally, calculated using a market-based method as defined by the GHG Protocol Corporate Accounting and Reporting Standard. [D] Emi Page 109 reports market-based Total global energy indirect Scope 2 emissions under the operational control boundary at 8 MtCO2…","ent Report. [C] Emissions from the purchase of electricity, heat, steam and cooling for our own use globally, calculated using a market-based method as defined by the GHG Protocol Corporate Accounting and Reporting Standard. [D] Emi Page 109 reports market-based Total global energy indirect Scope 2 emissions under the operational control boundary at 8 MtCO2…",medium,accepted_explicit_named_series_edge,corporate accounting and reporting standard
ghg_scope2_guidance::B,r013_shell,SHELL,壳牌公司,13,B,采矿业,Mining,B,采矿业,Mining,consistent_with_company_workbench,GHG Protocol,ghg_scope2_guidance,GHG Protocol Scope 2 指南,GHG Protocol Scope 2 Guidance,accepted,source_text_explicitly_names_this_ghg_protocol_series,accepted_explicit_ghg_fine_series_edge,explicit_series_citation,102 | 376 | 99,shell-annual-report-2024.pdf,"mported cooling or compressed air used for energy purposes. Scope 2 emissions are calculated using the market- and location-based methods separately as defined by the GHG Protocol Scope 2 Guidance. Scope 2 emissions are presented on a gross basis. Carbon credits Our target to halve total Scope 1 and 2 GHG emissions by 2030 has been set on a net basis, inclu…","mported cooling or compressed air used for energy purposes. Scope 2 emissions are calculated using the market- and location-based methods separately as defined by the GHG Protocol Scope 2 Guidance. Scope 2 emissions are presented on a gross basis. Carbon credits Our target to halve total Scope 1 and 2 GHG emissions by 2030 has been set on a net basis, inclu…",pdf_page_backfill,accepted_explicit_named_series_edge,scope 2 guidance
ghg_scope3_standard::B,r013_shell,SHELL,壳牌公司,13,B,采矿业,Mining,B,采矿业,Mining,consistent_with_company_workbench,GHG Protocol,ghg_scope3_standard,GHG Protocol 企业价值链（Scope 3）核算与报告标准,GHG Protocol Corporate Value Chain (Scope 3) Accounting and Reporting Standard,accepted,source_text_explicitly_names_this_ghg_protocol_series,accepted_explicit_ghg_fine_series_edge,explicit_series_citation,99 | 102 | 344,shell-annual-report-2024.pdf,"distribution [E, F] 3 3 3 — Scope 3, Category 11: use of sold products [G] 845 878 909 1,252 1,084 1,123 1,163 1,520 [A] Categorised using the definitions from the GHG Protocol's Corporate Value Chain (Scope 3) Standard. [B] Ipieca notes that due to the diversity of Scope 3 emissions, sources and the fact that these emissions occur outside the company's bou…","distribution [E, F] 3 3 3 — Scope 3, Category 11: use of sold products [G] 845 878 909 1,252 1,084 1,123 1,163 1,520 [A] Categorised using the definitions from the GHG Protocol's Corporate Value Chain (Scope 3) Standard. [B] Ipieca notes that due to the diversity of Scope 3 emissions, sources and the fact that these emissions occur outside the company's bou…",pdf_page_backfill,accepted_explicit_named_series_edge,corporate value chain\s*\(scope 3\)
ghg_corporate_standard::F,r016_mckesson,MCKESSON,麦克森公司,16,F,批发和零售业,Wholesale and Retail Trade,F,批发和零售业,Wholesale and Retail Trade,consistent_with_company_workbench,GHG Protocol,ghg_corporate_standard,GHG Protocol 企业核算与报告标准,GHG Protocol Corporate Accounting and Reporting Standard,accepted,source_text_explicitly_names_this_ghg_protocol_series,accepted_explicit_ghg_fine_series_edge,explicit_series_citation,44 | 66,McKesson Impact Report 2024.pdf,"lieves provide objective bases for measuring and reporting. Management of McKesson asserts that the GHG disclosures are presented in accordance with the Greenhouse Gas Protocol: A Corporate Accounting and Reporting Standard (Revised Edition), published by the World Resources Institute/ World Business Council for Sustainable Development (the ‘GHG Protocol”).…","lieves provide objective bases for measuring and reporting. Management of McKesson asserts that the GHG disclosures are presented in accordance with the Greenhouse Gas Protocol: A Corporate Accounting and Reporting Standard (Revised Edition), published by the World Resources Institute/ World Business Council for Sustainable Development (the ‘GHG Protocol”).…",pdf_page_backfill,accepted_explicit_named_series_edge,corporate accounting and reporting standard
ghg_corporate_standard::I,r017_alphabet公司,Alphabet,Alphabet,17,I,信息传输、软件和信息技术服务业,"Information Transmission, Software and Information Technology Services",I,信息传输、软件和信息技术服务业,"Information Transmission, Software and Information Technology Services",consistent_with_company_workbench,GHG Protocol,ghg_corporate_standard,GHG Protocol 企业核算与报告标准,GHG Protocol Corporate Accounting and Reporting Standard,accepted,source_text_explicitly_names_this_ghg_protocol_series,accepted_explicit_ghg_fine_series_edge,explicit_series_citation,80 | 98 | 112,google-2025-environmental-report.pdf,"the Greenhouse Gas Protocol standards and guidance developed by the World Resources Institute (WRI) and The World Business Council for Sustainable Development (WBCSD), including A Corporate Accounting and Reporting Standard (Revised Edition) and the WRI/WBCSD GHG Protocol Scope 2 Guidance (an amendment to the GHG Protocol Corporate Standard)(collectively, t…","the Greenhouse Gas Protocol standards and guidance developed by the World Resources Institute (WRI) and The World Business Council for Sustainable Development (WBCSD), including A Corporate Accounting and Reporting Standard (Revised Edition) and the WRI/WBCSD GHG Protocol Scope 2 Guidance (an amendment to the GHG Protocol Corporate Standard)(collectively, t…",pdf_page_backfill,accepted_explicit_named_series_edge,corporate accounting and reporting standard | (?:ghg protocol | greenhouse gas protocol | wri | world resources institute
ghg_scope2_guidance::I,r017_alphabet公司,Alphabet,Alphabet,17,I,信息传输、软件和信息技术服务业,"Information Transmission, Software and Information Technology Services",I,信息传输、软件和信息技术服务业,"Information Transmission, Software and Information Technology Services",consistent_with_company_workbench,GHG Protocol,ghg_scope2_guidance,GHG Protocol Scope 2 指南,GHG Protocol Scope 2 Guidance,accepted,source_text_explicitly_names_this_ghg_protocol_series,accepted_explicit_ghg_fine_series_edge,explicit_series_citation,80 | 98 | 112,google-2025-environmental-report.pdf,"(WRI) and The World Business Council for Sustainable Development (WBCSD), including A Corporate Accounting and Reporting Standard (Revised Edition) and the WRI/WBCSD GHG Protocol Scope 2 Guidance (an amendment to the GHG Protocol Corporate Standard)(collectively, the “Corporate Standard”), as well as the Technical Guidance for Calculating Scope 3 Emissions …","(WRI) and The World Business Council for Sustainable Development (WBCSD), including A Corporate Accounting and Reporting Standard (Revised Edition) and the WRI/WBCSD GHG Protocol Scope 2 Guidance (an amendment to the GHG Protocol Corporate Standard)(collectively, the “Corporate Standard”), as well as the Technical Guidance for Calculating Scope 3 Emissions …",pdf_page_backfill,accepted_explicit_named_series_edge,scope 2 guidance
ghg_scope3_calculation_guidance::I,r017_alphabet公司,Alphabet,Alphabet,17,I,信息传输、软件和信息技术服务业,"Information Transmission, Software and Information Technology Services",I,信息传输、软件和信息技术服务业,"Information Transmission, Software and Information Technology Services",consistent_with_company_workbench,GHG Protocol,ghg_scope3_calculation_guidance,GHG Protocol Scope 3 计算指南,GHG Protocol Scope 3 Calculation Guidance,accepted,source_text_explicitly_names_this_ghg_protocol_series,accepted_explicit_ghg_fine_series_edge,explicit_series_citation,80 | 98 | 112,google-2025-environmental-report.pdf,"ard (Revised Edition) and the WRI/WBCSD GHG Protocol Scope 2 Guidance (an amendment to the GHG Protocol Corporate Standard)(collectively, the “Corporate Standard”), as well as the Technical Guidance for Calculating Scope 3 Emissions (“Scope 3 Technical Guidance”), and the Corporate Value Chain (Scope 3) Accounting and… PDF page backfill: mapped from the cit…","ard (Revised Edition) and the WRI/WBCSD GHG Protocol Scope 2 Guidance (an amendment to the GHG Protocol Corporate Standard)(collectively, the “Corporate Standard”), as well as the Technical Guidance for Calculating Scope 3 Emissions (“Scope 3 Technical Guidance”), and the Corporate Value Chain (Scope 3) Accounting and… PDF page backfill: mapped from the cit…",pdf_page_backfill,accepted_explicit_named_series_edge,technical guidance for calculating scope 3 emissions
ghg_scope3_standard::I,r017_alphabet公司,Alphabet,Alphabet,17,I,信息传输、软件和信息技术服务业,"Information Transmission, Software and Information Technology Services",I,信息传输、软件和信息技术服务业,"Information Transmission, Software and Information Technology Services",consistent_with_company_workbench,GHG Protocol,ghg_scope3_standard,GHG Protocol 企业价值链（Scope 3）核算与报告标准,GHG Protocol Corporate Value Chain (Scope 3) Accounting and Reporting Standard,accepted,source_text_explicitly_names_this_ghg_protocol_series,accepted_explicit_ghg_fine_series_edge,explicit_series_citation,80 | 98 | 112,google-2025-environmental-report.pdf,"G Protocol Corporate Standard)(collectively, the “Corporate Standard”), as well as the Technical Guidance for Calculating Scope 3 Emissions (“Scope 3 Technical Guidance”), and the Corporate Value Chain (Scope 3) Accounting and… PDF page backfill: mapped from the cited GHG Protocol evidence page plus adjacent page text; not promoted to direct-use emissions v…","G Protocol Corporate Standard)(collectively, the “Corporate Standard”), as well as the Technical Guidance for Calculating Scope 3 Emissions (“Scope 3 Technical Guidance”), and the Corporate Value Chain (Scope 3) Accounting and… PDF page backfill: mapped from the cited GHG Protocol evidence page plus adjacent page text; not promoted to direct-use emissions v…",pdf_page_backfill,accepted_explicit_named_series_edge,corporate value chain\s*\(scope 3\)
ghg_financial_industry_standard::J,r021_jpmorganchase,JPMORGAN CHASE,摩根大通公司,21,J,金融业,Finance,J,金融业,Finance,consistent_with_company_workbench,GHG Protocol,ghg_financial_industry_standard,金融行业全球温室气体核算与报告标准,Global GHG Accounting and Reporting Standard for the Financial Industry,accepted,source_text_explicitly_names_this_ghg_protocol_series,accepted_explicit_ghg_fine_series_edge,explicit_series_citation,25,JPMORGAN CHASE-Climate-Report-2024.pdf,"ns measurement to inform our methodology. While we believe that our approach correlates with real-world emissions performance, we also disclose a version of this metric aligned to PCAF within the appendix section of this report (refer to pages 32–33). For more information on our approach, refer to the “Absolute Financed Emissions” section in our Carbon Comp…","ns measurement to inform our methodology. While we believe that our approach correlates with real-world emissions performance, we also disclose a version of this metric aligned to PCAF within the appendix section of this report (refer to pages 32–33). For more information on our approach, refer to the “Absolute Financed Emissions” section in our Carbon Comp…",pdf_page_backfill,accepted_explicit_named_series_edge,\bpcaf\b
ghg_scope3_calculation_guidance::B,r023_totalenergies,TOTALENERGIES,道达尔能源公司,23,B,采矿业,Mining,B,采矿业,Mining,consistent_with_company_workbench,GHG Protocol,ghg_scope3_calculation_guidance,GHG Protocol Scope 3 计算指南,GHG Protocol Scope 3 Calculation Guidance,accepted,source_text_explicitly_names_this_ghg_protocol_series,accepted_explicit_ghg_fine_series_edge,explicit_series_citation,18 | 117,totalenergies_sustainability-climate-2025-progress-report_2025_en.pdf,ustomers). A stoichiometric emission factor (oxidation of molecules to carbon dioxide) is applied to these sales or production to obtain an emission volume. In accordance with the Technical Guidance for Calculating Scope 3 Emissions Supplement to the Corporate Value Chain (Scope 3) Accounting and Reporting Standard which defines end users as both consumers …,ustomers). A stoichiometric emission factor (oxidation of molecules to carbon dioxide) is applied to these sales or production to obtain an emission volume. In accordance with the Technical Guidance for Calculating Scope 3 Emissions Supplement to the Corporate Value Chain (Scope 3) Accounting and Reporting Standard which defines end users as both consumers …,pdf_page_backfill,accepted_explicit_named_series_edge,technical guidance for calculating scope 3 emissions
ghg_scope3_standard::B,r023_totalenergies,TOTALENERGIES,道达尔能源公司,23,B,采矿业,Mining,B,采矿业,Mining,consistent_with_company_workbench,GHG Protocol,ghg_scope3_standard,GHG Protocol 企业价值链（Scope 3）核算与报告标准,GHG Protocol Corporate Value Chain (Scope 3) Accounting and Reporting Standard,accepted,source_text_explicitly_names_this_ghg_protocol_series,accepted_explicit_ghg_fine_series_edge,explicit_series_citation,18 | 117,totalenergies_sustainability-climate-2025-progress-report_2025_en.pdf,"carbon dioxide) is applied to these sales or production to obtain an emission volume. In accordance with the Technical Guidance for Calculating Scope 3 Emissions Supplement to the Corporate Value Chain (Scope 3) Accounting and Reporting Standard which defines end users as both consumers and business customers that use final products, and with IPIECA’s Estim…","carbon dioxide) is applied to these sales or production to obtain an emission volume. In accordance with the Technical Guidance for Calculating Scope 3 Emissions Supplement to the Corporate Value Chain (Scope 3) Accounting and Reporting Standard which defines end users as both consumers and business customers that use final products, and with IPIECA’s Estim…",pdf_page_backfill,accepted_explicit_named_series_edge,corporate value chain\s*\(scope 3\)
ghg_corporate_standard::F,r027_cardinalhealth,CARDINAL HEALTH,嘉德诺健康集团,27,F,批发和零售业,Wholesale and Retail Trade,F,批发和零售业,Wholesale and Retail Trade,consistent_with_company_workbench,GHG Protocol,ghg_corporate_standard,GHG Protocol 企业核算与报告标准,GHG Protocol Corporate Accounting and Reporting Standard,accepted,source_text_explicitly_names_this_ghg_protocol_series,accepted_explicit_ghg_fine_series_edge,explicit_series_citation,54 | 80 | 103 | 104,cardinal-health-fy24-ESG-report.pdf,"e 1 GHG emissions were measured in accordance with the World Resources Institute (WRI)/World Business Council for Sustainable Development’s (WBCSD), The Greenhouse Gas Protocol: A Corporate Accounting and Reporting Standard (GHG Protocol). Cardinal Health selected an organizational boundary based on operational control and direct emissions sources include s…","e 1 GHG emissions were measured in accordance with the World Resources Institute (WRI)/World Business Council for Sustainable Development’s (WBCSD), The Greenhouse Gas Protocol: A Corporate Accounting and Reporting Standard (GHG Protocol). Cardinal Health selected an organizational boundary based on operational control and direct emissions sources include s…",medium,accepted_explicit_named_series_edge,corporate accounting and reporting standard
ghg_scope2_guidance::F,r027_cardinalhealth,CARDINAL HEALTH,嘉德诺健康集团,27,F,批发和零售业,Wholesale and Retail Trade,F,批发和零售业,Wholesale and Retail Trade,consistent_with_company_workbench,GHG Protocol,ghg_scope2_guidance,GHG Protocol Scope 2 指南,GHG Protocol Scope 2 Guidance,accepted,source_text_explicitly_names_this_ghg_protocol_series,accepted_explicit_ghg_fine_series_edge,explicit_series_citation,104 | 54,cardinal-health-fy24-ESG-report.pdf,"I)/World Business Council for Sustainable Development’s (WBCSD), The Greenhouse Gas Protocol: A Corporate Accounting and Reporting Standard (GHG Protocol) • WRI WBCSD GHG Protocol Scope 2 Guidance • WRI WBCSD GHG Protocol Corporate Value Chain (Scope 3) Accounting and Reporting Standard For Scope 1 and Scope 2 location- and market-based GHG emissions, Cardi…","I)/World Business Council for Sustainable Development’s (WBCSD), The Greenhouse Gas Protocol: A Corporate Accounting and Reporting Standard (GHG Protocol) • WRI WBCSD GHG Protocol Scope 2 Guidance • WRI WBCSD GHG Protocol Corporate Value Chain (Scope 3) Accounting and Reporting Standard For Scope 1 and Scope 2 location- and market-based GHG emissions, Cardi…",pdf_page_backfill,accepted_explicit_named_series_edge,scope 2 guidance
ghg_scope3_calculation_guidance::F,r027_cardinalhealth,CARDINAL HEALTH,嘉德诺健康集团,27,F,批发和零售业,Wholesale and Retail Trade,F,批发和零售业,Wholesale and Retail Trade,consistent_with_company_workbench,GHG Protocol,ghg_scope3_calculation_guidance,GHG Protocol Scope 3 计算指南,GHG Protocol Scope 3 Calculation Guidance,accepted,source_text_explicitly_names_this_ghg_protocol_series,accepted_explicit_ghg_fine_series_edge,explicit_series_citation,105 | 54,cardinal-health-fy24-ESG-report.pdf,"activities Emissions from fuel- and energy- related activities were calculated by fuel and energy type, by country, following the guidance set forth by the Greenhouse Gas Protocol Technical Guidance for Calculating Scope 3 Emissions Chapter 3 utilizing the average-data method requiring the quantities and types of fuel consumed and estimating emissions by us…","activities Emissions from fuel- and energy- related activities were calculated by fuel and energy type, by country, following the guidance set forth by the Greenhouse Gas Protocol Technical Guidance for Calculating Scope 3 Emissions Chapter 3 utilizing the average-data method requiring the quantities and types of fuel consumed and estimating emissions by us…",pdf_page_backfill,accepted_explicit_named_series_edge,technical guidance for calculating scope 3 emissions
ghg_scope3_standard::F,r027_cardinalhealth,CARDINAL HEALTH,嘉德诺健康集团,27,F,批发和零售业,Wholesale and Retail Trade,F,批发和零售业,Wholesale and Retail Trade,consistent_with_company_workbench,GHG Protocol,ghg_scope3_standard,GHG Protocol 企业价值链（Scope 3）核算与报告标准,GHG Protocol Corporate Value Chain (Scope 3) Accounting and Reporting Standard,accepted,source_text_explicitly_names_this_ghg_protocol_series,accepted_explicit_ghg_fine_series_edge,explicit_series_citation,104 | 54 | 105 | 103,cardinal-health-fy24-ESG-report.pdf,"Development’s (WBCSD), The Greenhouse Gas Protocol: A Corporate Accounting and Reporting Standard (GHG Protocol) • WRI WBCSD GHG Protocol Scope 2 Guidance • WRI WBCSD GHG Protocol Corporate Value Chain (Scope 3) Accounting and Reporting Standard For Scope 1 and Scope 2 location- and market-based GHG emissions, Cardinal Health selected an organizational boun…","Development’s (WBCSD), The Greenhouse Gas Protocol: A Corporate Accounting and Reporting Standard (GHG Protocol) • WRI WBCSD GHG Protocol Scope 2 Guidance • WRI WBCSD GHG Protocol Corporate Value Chain (Scope 3) Accounting and Reporting Standard For Scope 1 and Scope 2 location- and market-based GHG emissions, Cardinal Health selected an organizational boun…",pdf_page_backfill,accepted_explicit_named_series_edge,corporate value chain\s*\(scope 3\)
ghg_corporate_standard::B,r029_chevron,CHEVRON,雪佛龙,29,B,采矿业,Mining,B,采矿业,Mining,consistent_with_company_workbench,GHG Protocol,ghg_corporate_standard,GHG Protocol 企业核算与报告标准,GHG Protocol Corporate Accounting and Reporting Standard,accepted,source_text_explicitly_names_this_ghg_protocol_series,accepted_explicit_ghg_fine_series_edge,explicit_series_citation,28,chevron-sustainability-highlights-2024.pdf,"scopes but reported separately, as recommended by the World Business Council for Sustainable Development’s (WBCSD)/World Resources Institute’s (WRI) The Greenhouse Gas Protocol, A corporate accounting and reporting standard – Revised edition (2004) and Corporate Value Chain (Scope 3) Accounting and Reporting Standard (2011). 16 Scope 2 includes indirect emi…","scopes but reported separately, as recommended by the World Business Council for Sustainable Development’s (WBCSD)/World Resources Institute’s (WRI) The Greenhouse Gas Protocol, A corporate accounting and reporting standard – Revised edition (2004) and Corporate Value Chain (Scope 3) Accounting and Reporting Standard (2011). 16 Scope 2 includes indirect emi…",pdf_page_backfill,accepted_explicit_named_series_edge,corporate accounting and reporting standard
ghg_scope2_guidance::B,r029_chevron,CHEVRON,雪佛龙,29,B,采矿业,Mining,B,采矿业,Mining,consistent_with_company_workbench,GHG Protocol,ghg_scope2_guidance,GHG Protocol Scope 2 指南,GHG Protocol Scope 2 Guidance,accepted,source_text_explicitly_names_this_ghg_protocol_series,accepted_explicit_ghg_fine_series_edge,explicit_series_citation,28,chevron-sustainability-highlights-2024.pdf,"counted for in Chevron’s Scope 2 emissions. Scope 2 emissions are accounted for using the market- based approach as described in the World Resources Institute’s (WRI) GHG Protocol Scope 2 Guidance (2015), including calculating Scope 2 emissions net of contractual instruments such as renewable energy credits (RECs). Reporting of Scope 2 location-based emissi…","counted for in Chevron’s Scope 2 emissions. Scope 2 emissions are accounted for using the market- based approach as described in the World Resources Institute’s (WRI) GHG Protocol Scope 2 Guidance (2015), including calculating Scope 2 emissions net of contractual instruments such as renewable energy credits (RECs). Reporting of Scope 2 location-based emissi…",pdf_page_backfill,accepted_explicit_named_series_edge,scope 2 guidance
ghg_scope3_standard::B,r029_chevron,CHEVRON,雪佛龙,29,B,采矿业,Mining,B,采矿业,Mining,consistent_with_company_workbench,GHG Protocol,ghg_scope3_standard,GHG Protocol 企业价值链（Scope 3）核算与报告标准,GHG Protocol Corporate Value Chain (Scope 3) Accounting and Reporting Standard,accepted,source_text_explicitly_names_this_ghg_protocol_series,accepted_explicit_ghg_fine_series_edge,explicit_series_citation,28,chevron-sustainability-highlights-2024.pdf,"cil for Sustainable Development’s (WBCSD)/World Resources Institute’s (WRI) The Greenhouse Gas Protocol, A corporate accounting and reporting standard – Revised edition (2004) and Corporate Value Chain (Scope 3) Accounting and Reporting Standard (2011). 16 Scope 2 includes indirect emissions from imported electricity and steam. CO2, CH4 and N2O are accounte…","cil for Sustainable Development’s (WBCSD)/World Resources Institute’s (WRI) The Greenhouse Gas Protocol, A corporate accounting and reporting standard – Revised edition (2004) and Corporate Value Chain (Scope 3) Accounting and Reporting Standard (2011). 16 Scope 2 includes indirect emissions from imported electricity and steam. CO2, CH4 and N2O are accounte…",pdf_page_backfill,accepted_explicit_named_series_edge,corporate value chain\s*\(scope 3\)
ghg_scope2_guidance::C,r036_fordmotor,FORD MOTOR,福特汽车公司,36,C,制造业,Manufacturing,C,制造业,Manufacturing,consistent_with_company_workbench,GHG Protocol,ghg_scope2_guidance,GHG Protocol Scope 2 指南,GHG Protocol Scope 2 Guidance,accepted,source_text_explicitly_names_this_ghg_protocol_series,accepted_explicit_ghg_fine_series_edge,explicit_series_citation,44 | 195 | 239,2025-integrated-sustainability-and-financial-report-FORD MOTOR.pdf,"biogenic emissions. Ford’s Scope 2 calculations use the U.S. EPA eGRID and International Energy Agency (IEA) grid average emission factors and mixes, in line with the GHG Protocol Scope 2 Guidance. These location-based emission factor sources treat biomass for electricity generation as a zero emissions source, consistent with the GHG Protocol guidance for u…","biogenic emissions. Ford’s Scope 2 calculations use the U.S. EPA eGRID and International Energy Agency (IEA) grid average emission factors and mixes, in line with the GHG Protocol Scope 2 Guidance. These location-based emission factor sources treat biomass for electricity generation as a zero emissions source, consistent with the GHG Protocol guidance for u…",pdf_page_backfill,accepted_explicit_named_series_edge,scope 2 guidance
ghg_corporate_standard::J,r038_bankofamerica,BANK OF AMERICA,美国银行,38,J,金融业,Finance,J,金融业,Finance,consistent_with_company_workbench,GHG Protocol,ghg_corporate_standard,GHG Protocol 企业核算与报告标准,GHG Protocol Corporate Accounting and Reporting Standard,accepted,source_text_explicitly_names_this_ghg_protocol_series,accepted_explicit_ghg_fine_series_edge,explicit_series_citation,82 | 20,BankOfAmerica_Sustainability_2024_Report.pdf,"METHODOLOGY We follow the World Resources Institute (WRI) and World Business Council for Sustainable Development (WBCSD) Greenhouse Gas Protocol Corporate Accounting and Reporting Standard to calculate Scope 1, 2 and 3 emissions. We use an operational control approach to define our boundary. The base year for emissions reductions is 2010; the rationale for …","METHODOLOGY We follow the World Resources Institute (WRI) and World Business Council for Sustainable Development (WBCSD) Greenhouse Gas Protocol Corporate Accounting and Reporting Standard to calculate Scope 1, 2 and 3 emissions. We use an operational control approach to define our boundary. The base year for emissions reductions is 2010; the rationale for …",pdf_page_backfill,accepted_explicit_named_series_edge,corporate accounting and reporting standard
ghg_financial_industry_standard::J,r038_bankofamerica,BANK OF AMERICA,美国银行,38,J,金融业,Finance,J,金融业,Finance,consistent_with_company_workbench,GHG Protocol,ghg_financial_industry_standard,金融行业全球温室气体核算与报告标准,Global GHG Accounting and Reporting Standard for the Financial Industry,accepted,source_text_explicitly_names_this_ghg_protocol_series,accepted_explicit_ghg_fine_series_edge,explicit_series_citation,29 | 50 | 73 | 120 | 122,BankOfAmerica_Sustainability_2024_Report.pdf,"nderstand their plans and provide the right advice and solutions to help them advance their goals. Data Capture Framework Emissions Data Absolute emissions and emissions intensity PCAF data quality score Contribution to portfolio financed emissions metrics (based on sectoral targets) Relationship Metrics Revenues, returns or historical client relationship F…","nderstand their plans and provide the right advice and solutions to help them advance their goals. Data Capture Framework Emissions Data Absolute emissions and emissions intensity PCAF data quality score Contribution to portfolio financed emissions metrics (based on sectoral targets) Relationship Metrics Revenues, returns or historical client relationship F…",pdf_page_backfill,accepted_explicit_named_series_edge,\bpcaf\b | global ghg accounting and reporting standard for the financial industry | partnership for carbon accounting financials
ghg_scope2_guidance::J,r038_bankofamerica,BANK OF AMERICA,美国银行,38,J,金融业,Finance,J,金融业,Finance,consistent_with_company_workbench,GHG Protocol,ghg_scope2_guidance,GHG Protocol Scope 2 指南,GHG Protocol Scope 2 Guidance,accepted,source_text_explicitly_names_this_ghg_protocol_series,accepted_explicit_ghg_fine_series_edge,explicit_series_citation,82 | 20,BankOfAmerica_Sustainability_2024_Report.pdf,"ional RECs (I-RECs). All U.S. RECs purchased by Bank of America are Green-e certified. Emissions reflect supplier-specific emission rates where available, all of which comply with Scope 2 Guidance criteria. Emissions reflect residual mix factors for European facilities. Residual mix factors are not currently available for facilities outside of Europe. Locat…","ional RECs (I-RECs). All U.S. RECs purchased by Bank of America are Green-e certified. Emissions reflect supplier-specific emission rates where available, all of which comply with Scope 2 Guidance criteria. Emissions reflect residual mix factors for European facilities. Residual mix factors are not currently available for facilities outside of Europe. Locat…",pdf_page_backfill,accepted_explicit_named_series_edge,scope 2 guidance
ghg_scope3_standard::J,r038_bankofamerica,BANK OF AMERICA,美国银行,38,J,金融业,Finance,J,金融业,Finance,consistent_with_company_workbench,GHG Protocol,ghg_scope3_standard,GHG Protocol 企业价值链（Scope 3）核算与报告标准,GHG Protocol Corporate Value Chain (Scope 3) Accounting and Reporting Standard,accepted,source_text_explicitly_names_this_ghg_protocol_series,accepted_explicit_ghg_fine_series_edge,explicit_series_citation,120 | 122 | 123 | 20,BankOfAmerica_Sustainability_2024_Report.pdf,"Period covered by GHG emissions verification: • January 1, 2022 to December 31, 2022 Criteria against which verification was conducted: • WRI/WBCSD Greenhouse Gas Protocol Corporate Value Chain Accounting and Reporting Standard (Scope 3) • Partnership for Carbon Accounting Financials (PCAF) Global GHG Accounting & Reporting Standard for the Financial Indust…","Period covered by GHG emissions verification: • January 1, 2022 to December 31, 2022 Criteria against which verification was conducted: • WRI/WBCSD Greenhouse Gas Protocol Corporate Value Chain Accounting and Reporting Standard (Scope 3) • Partnership for Carbon Accounting Financials (PCAF) Global GHG Accounting & Reporting Standard for the Financial Indust…",pdf_page_backfill,accepted_explicit_named_series_edge,corporate value chain.*scope 3
ghg_corporate_standard::J,r045_citigroup,CITIGROUP,花旗集团,45,J,金融业,Finance,J,金融业,Finance,consistent_with_company_workbench,GHG Protocol,ghg_corporate_standard,GHG Protocol 企业核算与报告标准,GHG Protocol Corporate Accounting and Reporting Standard,accepted,source_text_explicitly_names_this_ghg_protocol_series,accepted_explicit_ghg_fine_series_edge,explicit_series_citation,26 | 64,global-sustainability-report-2024-CITIGROUP.pdf,We measure Scope 1 and 2 GHG emissions following the guidance in the World Resources Institute (WRI) and World Business Council for Sustainable Development (WBCSD) GHG Protocol: A Corporate Accounting and Reporting Standard (revised edition) and the guidance in the WRI/WBCSD GHG Protocol Scope 2 Guidance: An amendment to the GHG Protocol Corporate Standard.…,We measure Scope 1 and 2 GHG emissions following the guidance in the World Resources Institute (WRI) and World Business Council for Sustainable Development (WBCSD) GHG Protocol: A Corporate Accounting and Reporting Standard (revised edition) and the guidance in the WRI/WBCSD GHG Protocol Scope 2 Guidance: An amendment to the GHG Protocol Corporate Standard.…,pdf_page_backfill,accepted_explicit_named_series_edge,corporate accounting and reporting standard
ghg_scope2_guidance::J,r045_citigroup,CITIGROUP,花旗集团,45,J,金融业,Finance,J,金融业,Finance,consistent_with_company_workbench,GHG Protocol,ghg_scope2_guidance,GHG Protocol Scope 2 指南,GHG Protocol Scope 2 Guidance,accepted,source_text_explicitly_names_this_ghg_protocol_series,accepted_explicit_ghg_fine_series_edge,explicit_series_citation,26 | 64,global-sustainability-report-2024-CITIGROUP.pdf,"d Business Council for Sustainable Development (WBCSD) GHG Protocol: A Corporate Accounting and Reporting Standard (revised edition) and the guidance in the WRI/WBCSD GHG Protocol Scope 2 Guidance: An amendment to the GHG Protocol Corporate Standard. 2010 2022 2023 2024 Scope 1 CO2e: Real Estate (mt)3 36,281 52,676 47,354 47,459* Scope 1 CO2e: Transportatio…","d Business Council for Sustainable Development (WBCSD) GHG Protocol: A Corporate Accounting and Reporting Standard (revised edition) and the guidance in the WRI/WBCSD GHG Protocol Scope 2 Guidance: An amendment to the GHG Protocol Corporate Standard. 2010 2022 2023 2024 Scope 1 CO2e: Real Estate (mt)3 36,281 52,676 47,354 47,459* Scope 1 CO2e: Transportatio…",pdf_page_backfill,accepted_explicit_named_series_edge,scope 2 guidance
ghg_scope3_standard::J,r045_citigroup,CITIGROUP,花旗集团,45,J,金融业,Finance,J,金融业,Finance,consistent_with_company_workbench,GHG Protocol,ghg_scope3_standard,GHG Protocol 企业价值链（Scope 3）核算与报告标准,GHG Protocol Corporate Value Chain (Scope 3) Accounting and Reporting Standard,accepted,source_text_explicitly_names_this_ghg_protocol_series,accepted_explicit_ghg_fine_series_edge,explicit_series_citation,19 | 27,global-sustainability-report-2024-CITIGROUP.pdf,"nt, which outlines our metric calculation methodologies. Where possible, emissions metrics are calculated consistent with relevant standards including the Greenhouse Gas Protocol, Corporate Value Chain (Scope 3) Standard and the Partnership for Carbon Accounting Financials (PCAF) Standard. Our Approach to Managing Climate Risk Our Risk Management function i…","nt, which outlines our metric calculation methodologies. Where possible, emissions metrics are calculated consistent with relevant standards including the Greenhouse Gas Protocol, Corporate Value Chain (Scope 3) Standard and the Partnership for Carbon Accounting Financials (PCAF) Standard. Our Approach to Managing Climate Risk Our Risk Management function i…",pdf_page_backfill,accepted_explicit_named_series_edge,corporate value chain\s*\(scope 3\)
ghg_corporate_standard::F,r048_homedepot,HOME DEPOT,家得宝,48,F,批发和零售业,Wholesale and Retail Trade,F,批发和零售业,Wholesale and Retail Trade,consistent_with_company_workbench,GHG Protocol,ghg_corporate_standard,GHG Protocol 企业核算与报告标准,GHG Protocol Corporate Accounting and Reporting Standard,accepted,source_text_explicitly_names_this_ghg_protocol_series,accepted_explicit_ghg_fine_series_edge,explicit_series_citation,45,2024_ESG_Report_The_Home_Depot.pdf,"gh distribution optimization. Lastly, we partner with our suppliers to drive more energy-efficient product innovation. 2023 Reported Emissions The Home Depot uses the GHG Protocol Corporate Accounting and Reporting Standard, which is considered the most widely adopted standard for calculating metric tons of greenhouse gas emissions. We continually review an…","gh distribution optimization. Lastly, we partner with our suppliers to drive more energy-efficient product innovation. 2023 Reported Emissions The Home Depot uses the GHG Protocol Corporate Accounting and Reporting Standard, which is considered the most widely adopted standard for calculating metric tons of greenhouse gas emissions. We continually review an…",pdf_page_backfill,accepted_explicit_named_series_edge,corporate accounting and reporting standard
ghg_corporate_standard::D,r049_electricitédefrance,ELECTRICITÉ DE FRANCE,法国电力公司,49,D,电力、热力、燃气及水生产和供应业,"Electricity, Heat, Gas and Water Production and Supply",I,电力、热力、燃气及水生产和供应业,"Information Transmission, Software and Information Technology Services",corrected_by_gbt4754_code_name_rule,GHG Protocol,ghg_corporate_standard,GHG Protocol 企业核算与报告标准,GHG Protocol Corporate Accounting and Reporting Standard,accepted,source_text_explicitly_names_this_ghg_protocol_series,accepted_explicit_ghg_fine_series_edge,explicit_series_citation,674 | 193,edf-urd-annual-financial-report-2024-en-accessible.pdf,"r reactor refuelling. Scopes 1, 2 and 3 Every year, EDF draws up a GHG report (for Scopes 1, 2 and 3) covering the Group, with the emissions calculated under the principles of the GHG Protocol Corporate Standard: ●Scope 1 covers the direct emissions generated by EDF’s assets: CO2, CH4 and N2O emissions by thermal power and heat generation plants, consumptio…","r reactor refuelling. Scopes 1, 2 and 3 Every year, EDF draws up a GHG report (for Scopes 1, 2 and 3) covering the Group, with the emissions calculated under the principles of the GHG Protocol Corporate Standard: ●Scope 1 covers the direct emissions generated by EDF’s assets: CO2, CH4 and N2O emissions by thermal power and heat generation plants, consumptio…",pdf_page_backfill,accepted_explicit_named_series_edge,"(?:ghg protocol | greenhouse gas protocol | wri | world resources institute | world business council)[\s\S]{0,160}corporate standard"
ghg_corporate_standard::C,r050_marathonpetroleum,MARATHON PETROLEUM,马拉松原油公司,50,C,制造业,Manufacturing,C,制造业,Manufacturing,corrected_by_excel_industry_review,GHG Protocol,ghg_corporate_standard,GHG Protocol 企业核算与报告标准,GHG Protocol Corporate Accounting and Reporting Standard,accepted,source_text_explicitly_names_this_ghg_protocol_series,accepted_explicit_ghg_fine_series_edge,explicit_series_citation,56,2024_SustainabilityReport-MARATHON PETROLEUM.pdf,"calculated per the EPA’s Mandatory Greenhouse Gas Reporting Program, the World Resources Institute / World Business Council for Sustainable Development Greenhouse Gas Protocol: A corporate accounting and reporting standard, revised edition, or the 2009 API Compendium of Greenhouse Gas Emissions Methodologies for the Oil and Natural Gas Industry. Global Warm…","calculated per the EPA’s Mandatory Greenhouse Gas Reporting Program, the World Resources Institute / World Business Council for Sustainable Development Greenhouse Gas Protocol: A corporate accounting and reporting standard, revised edition, or the 2009 API Compendium of Greenhouse Gas Emissions Methodologies for the Oil and Natural Gas Industry. Global Warm…",pdf_page_backfill,accepted_explicit_named_series_edge,corporate accounting and reporting standard
ghg_corporate_standard::F,r060_walgreensbootsalliance,WALGREENS BOOTS ALLIANCE,沃博联,60,F,批发和零售业,Wholesale and Retail Trade,F,批发和零售业,Wholesale and Retail Trade,consistent_with_company_workbench,GHG Protocol,ghg_corporate_standard,GHG Protocol 企业核算与报告标准,GHG Protocol Corporate Accounting and Reporting Standard,accepted,source_text_explicitly_names_this_ghg_protocol_series,accepted_explicit_ghg_fine_series_edge,explicit_series_citation,68,WALGREENS BOOTS ALLIANCE-Impact-Report-2024.pdf,"Relevance|Completeness|Consistency|Transparency|Accuracy 相关性|完整性|一致性|透明性|准确性 ions for entities for which it has financial control, as defined by the Greenhouse Gas Protocol A Corporate Accounting and Reporting Standard, Revised Edition, published by the World Resources Institute/World Business Council for Sustainabl ions for entities for which it has financ…","Relevance|Completeness|Consistency|Transparency|Accuracy 相关性|完整性|一致性|透明性|准确性 ions for entities for which it has financial control, as defined by the Greenhouse Gas Protocol A Corporate Accounting and Reporting Standard, Revised Edition, published by the World Resources Institute/World Business Council for Sustainabl ions for entities for which it has financ…",medium,accepted_explicit_named_series_edge,corporate accounting and reporting standard
ghg_project_protocol::C,r061_valeroenergy,VALERO ENERGY,瓦莱罗能源公司,61,C,制造业,Manufacturing,C,制造业,Manufacturing,corrected_by_excel_industry_review,GHG Protocol,ghg_project_protocol,GHG Protocol 项目减排核算协议,GHG Protocol Project Protocol,accepted,source_text_explicitly_names_this_ghg_protocol_series,accepted_explicit_ghg_fine_series_edge,explicit_series_citation,14 | 21,VALERO ENERGY-2024 ESG Report 0823 FINAL pages.pdf,"f the consolidated entities that we operate. Scope 4: this calculation of avoided GHG emissions is used only in the 2050 Long-Term Ambition. It is informed by the GHG Protocol for Project Accounting and does not follow the LCA methodology. The calculation is based upon Valero's total production of, blending of and credits from ethanol, and sales of, blendin…","f the consolidated entities that we operate. Scope 4: this calculation of avoided GHG emissions is used only in the 2050 Long-Term Ambition. It is informed by the GHG Protocol for Project Accounting and does not follow the LCA methodology. The calculation is based upon Valero's total production of, blending of and credits from ethanol, and sales of, blendin…",pdf_page_backfill,accepted_explicit_named_series_edge,project accounting
ghg_financial_industry_standard::J,r062_bancosantander,BANCO SANTANDER,西班牙国家银行,62,J,金融业,Finance,J,金融业,Finance,consistent_with_company_workbench,GHG Protocol,ghg_financial_industry_standard,金融行业全球温室气体核算与报告标准,Global GHG Accounting and Reporting Standard for the Financial Industry,accepted,source_text_explicitly_names_this_ghg_protocol_series,accepted_explicit_ghg_fine_series_edge,explicit_series_citation,56 | 46,BANCO SANTANDER-estado-sostenibilidad-2024-es.pdf,"Structured standard tag: GHG Protocol; Standard role: Accounting standard; Matched keywords: PCAF financed emissions methodology n el sector agrícola aún están en desarrollo. Ante la falta de una metodología, Santander Brasil, en colaboración con WayCarbon, estimó sus emisione","Structured standard tag: GHG Protocol; Standard role: Accounting standard; Matched keywords: PCAF financed emissions methodology n el sector agrícola aún están en desarrollo. Ante la falta de una metodología, Santander Brasil, en colaboración con WayCarbon, estimó sus emisione",pdf_page_backfill,accepted_explicit_named_series_edge,partnership for carbon accounting financials | \bpcaf\b
ghg_corporate_standard::F,r065_mitsubishi,MITSUBISHI,三菱商事株式会社,65,F,批发和零售业,Wholesale and Retail Trade,F,批发和零售业,Wholesale and Retail Trade,corrected_by_excel_industry_review,GHG Protocol,ghg_corporate_standard,GHG Protocol 企业核算与报告标准,GHG Protocol Corporate Accounting and Reporting Standard,accepted,source_text_explicitly_names_this_ghg_protocol_series,accepted_explicit_ghg_fine_series_edge,explicit_series_citation,69 | 65,MITSUBISHI-ESG-2024.pdf,"ns and trends. [Examples of guidelines used as reference] GX League ""Basic Guidelines for Disclosure and Evaluation of Climate-related Opportunities""（2023） WBCSD/WRI ""GHG Protocol Corporate Accounting and Reporting Standard"" (2019) WBCSD/Net Zero Initiative ""Guidance on Avoided Emissions: Helping business drive innovations and scale solutions towards Net Ze…","ns and trends. [Examples of guidelines used as reference] GX League ""Basic Guidelines for Disclosure and Evaluation of Climate-related Opportunities""（2023） WBCSD/WRI ""GHG Protocol Corporate Accounting and Reporting Standard"" (2019) WBCSD/Net Zero Initiative ""Guidance on Avoided Emissions: Helping business drive innovations and scale solutions towards Net Ze…",pdf_page_backfill,accepted_explicit_named_series_edge,corporate accounting and reporting standard
ghg_financial_industry_standard::J,r067_hsbcholdings,HSBC HOLDINGS,汇丰银行控股公司,67,J,金融业,Finance,J,金融业,Finance,consistent_with_company_workbench,GHG Protocol,ghg_financial_industry_standard,金融行业全球温室气体核算与报告标准,Global GHG Accounting and Reporting Standard for the Financial Industry,accepted,source_text_explicitly_names_this_ghg_protocol_series,accepted_explicit_ghg_fine_series_edge,explicit_series_citation,50 | 52 | 55,HSBC HOLDINGS-250219-annual-report-and-accounts-2024.pdf,"ane and nitrous oxide, among others. These are reported as tonnes of CO2 equivalent (‘tCO2e’). To calculate annual on-balance sheet financed emissions, we follow guidance from the Partnership for Carbon Accounting Financials (‘PCAF’) standard. We use drawn balances as at 31 December in the year of analysis related to wholesale credit and lending, including …","ane and nitrous oxide, among others. These are reported as tonnes of CO2 equivalent (‘tCO2e’). To calculate annual on-balance sheet financed emissions, we follow guidance from the Partnership for Carbon Accounting Financials (‘PCAF’) standard. We use drawn balances as at 31 December in the year of analysis related to wholesale credit and lending, including …",pdf_page_backfill,accepted_explicit_named_series_edge,partnership for carbon accounting financials | \bpcaf\b
ghg_corporate_standard::C,r073_hyundaimotor,HYUNDAI MOTOR,现代汽车,73,C,制造业,Manufacturing,C,制造业,Manufacturing,consistent_with_company_workbench,GHG Protocol,ghg_corporate_standard,GHG Protocol 企业核算与报告标准,GHG Protocol Corporate Accounting and Reporting Standard,accepted,source_text_explicitly_names_this_ghg_protocol_series,accepted_explicit_ghg_fine_series_edge,explicit_series_citation,40 | 140,HYUNDAI MOTOR-hmc-2025-sustainability-report-en-v13.pdf,"as a monetary incentive based on the achievement and assessment of these key indicators. Measurement Approach Classification Guideline Scope 1, 2 • The Greenhouse Gas Protocol: A Corporate Accounting and Reporting Standard(Revised Edition) • The Greenhouse Gas Protocol: Scope 2 Guidance Framework Act on Carbon Neutrality and Green Growth(Guidelines for Re…","as a monetary incentive based on the achievement and assessment of these key indicators. Measurement Approach Classification Guideline Scope 1, 2 • The Greenhouse Gas Protocol: A Corporate Accounting and Reporting Standard(Revised Edition) • The Greenhouse Gas Protocol: Scope 2 Guidance Framework Act on Carbon Neutrality and Green Growth(Guidelines for Re…",pdf_page_backfill,accepted_explicit_named_series_edge,corporate accounting and reporting standard
ghg_scope2_guidance::C,r073_hyundaimotor,HYUNDAI MOTOR,现代汽车,73,C,制造业,Manufacturing,C,制造业,Manufacturing,consistent_with_company_workbench,GHG Protocol,ghg_scope2_guidance,GHG Protocol Scope 2 指南,GHG Protocol Scope 2 Guidance,accepted,source_text_explicitly_names_this_ghg_protocol_series,accepted_explicit_ghg_fine_series_edge,explicit_series_citation,40 | 141,HYUNDAI MOTOR-hmc-2025-sustainability-report-en-v13.pdf,"urement Approach Classification Guideline Scope 1, 2 • The Greenhouse Gas Protocol: A Corporate Accounting and Reporting Standard(Revised Edition) • The Greenhouse Gas Protocol: Scope 2 Guidance Framework Act on Carbon Neutrality and Green Growth(Guidelines for Reporting and Certification of GHG Emissions Trading Scheme) • IPCC Guidelines for National Gre…","urement Approach Classification Guideline Scope 1, 2 • The Greenhouse Gas Protocol: A Corporate Accounting and Reporting Standard(Revised Edition) • The Greenhouse Gas Protocol: Scope 2 Guidance Framework Act on Carbon Neutrality and Green Growth(Guidelines for Reporting and Certification of GHG Emissions Trading Scheme) • IPCC Guidelines for National Gre…",pdf_page_backfill,accepted_explicit_named_series_edge,scope 2 guidance
ghg_scope3_standard::C,r073_hyundaimotor,HYUNDAI MOTOR,现代汽车,73,C,制造业,Manufacturing,C,制造业,Manufacturing,consistent_with_company_workbench,GHG Protocol,ghg_scope3_standard,GHG Protocol 企业价值链（Scope 3）核算与报告标准,GHG Protocol Corporate Value Chain (Scope 3) Accounting and Reporting Standard,accepted,source_text_explicitly_names_this_ghg_protocol_series,accepted_explicit_ghg_fine_series_edge,explicit_series_citation,142 | 40,HYUNDAI MOTOR-hmc-2025-sustainability-report-en-v13.pdf,"ngagement covered Hyundai Motor Company’s domestic and overseas operations and activities, and specifically the following requirements: • Evaluating conformance with GHG Protocol, Corporate Value Chain (Scope 3) Accounting and Reporting Standard1) • Evaluating the accuracy and reliability of data and information for other indirect GHG emissions (Scope 3). 1…","ngagement covered Hyundai Motor Company’s domestic and overseas operations and activities, and specifically the following requirements: • Evaluating conformance with GHG Protocol, Corporate Value Chain (Scope 3) Accounting and Reporting Standard1) • Evaluating the accuracy and reliability of data and information for other indirect GHG emissions (Scope 3). 1…",pdf_page_backfill,accepted_explicit_named_series_edge,corporate value chain\s*\(scope 3\)
ghg_scope2_guidance::I,r077_deutschetelekom,DEUTSCHE TELEKOM,德国电信,77,I,信息传输、软件和信息技术服务业,"Information Transmission, Software and Information Technology Services",I,信息传输、软件和信息技术服务业,"Information Transmission, Software and Information Technology Services",consistent_with_company_workbench,GHG Protocol,ghg_scope2_guidance,GHG Protocol Scope 2 指南,GHG Protocol Scope 2 Guidance,accepted,source_text_explicitly_names_this_ghg_protocol_series,accepted_explicit_ghg_fine_series_edge,explicit_series_citation,25 | 116,DEUTSCHE TELEKOM-cr_en_2022_dt_final.pdf,"s for the Scope 2 emissions resulting from our electricity consumption. We differentiate between the market- based and location-based methods, thereby adhering to the GHG Protocol Scope 2 Guidance. Market- and location-based emissions are reported in CO₂ equivalents (CO₂e). This change was made in order to allow a transparent comparison between Scope 1 to 3…","s for the Scope 2 emissions resulting from our electricity consumption. We differentiate between the market- based and location-based methods, thereby adhering to the GHG Protocol Scope 2 Guidance. Market- and location-based emissions are reported in CO₂ equivalents (CO₂e). This change was made in order to allow a transparent comparison between Scope 1 to 3…",pdf_page_backfill,accepted_explicit_named_series_edge,scope 2 guidance
ghg_financial_industry_standard::J,r082_allianz,ALLIANZ,安联保险集团,82,J,金融业,Finance,J,金融业,Finance,consistent_with_company_workbench,GHG Protocol,ghg_financial_industry_standard,金融行业全球温室气体核算与报告标准,Global GHG Accounting and Reporting Standard for the Financial Industry,accepted,source_text_explicitly_names_this_ghg_protocol_series,accepted_explicit_ghg_fine_series_edge,explicit_series_citation,75 | 76 | 84 | 85,en-allianz-group-annual-report-2024.pdf,"on targets in 2023. While we deem IAE as not mandatory under E1 of the ESRS, we have developed an entity-specific metric to report these emissions, based on the methodology of the Partnership for Carbon Accounting Financials (PCAF) Insurance-Associated Emissions Standard. We will continue to enhance our carbon footprint disclosures and scope coverage as met…","on targets in 2023. While we deem IAE as not mandatory under E1 of the ESRS, we have developed an entity-specific metric to report these emissions, based on the methodology of the Partnership for Carbon Accounting Financials (PCAF) Insurance-Associated Emissions Standard. We will continue to enhance our carbon footprint disclosures and scope coverage as met…",pdf_page_backfill,accepted_explicit_named_series_edge,partnership for carbon accounting financials | \bpcaf\b
ghg_corporate_standard::F,r090_target,TARGET,塔吉特公司,90,F,批发和零售业,Wholesale and Retail Trade,F,批发和零售业,Wholesale and Retail Trade,corrected_by_excel_industry_review,GHG Protocol,ghg_corporate_standard,GHG Protocol 企业核算与报告标准,GHG Protocol Corporate Accounting and Reporting Standard,accepted,source_text_explicitly_names_this_ghg_protocol_series,accepted_explicit_ghg_fine_series_edge,explicit_series_citation,6,TARGET-2024-Sustainability-and-Governance-Report-Appendix.pdf,g Our Team Members Serving and Strengthening Communities Operating Ethically Responsible Supply Chains Climate 1 Target reports based on operational control method outlined in the GHG Protocol Corporate Standard. 2 Type of GHG emissions included in the intensity ratio: Direct (scope 1) and market-based indirect (scope 2) divided by the square footage of our…,g Our Team Members Serving and Strengthening Communities Operating Ethically Responsible Supply Chains Climate 1 Target reports based on operational control method outlined in the GHG Protocol Corporate Standard. 2 Type of GHG emissions included in the intensity ratio: Direct (scope 1) and market-based indirect (scope 2) divided by the square footage of our…,pdf_page_backfill,accepted_explicit_named_series_edge,"(?:ghg protocol | greenhouse gas protocol | wri | world resources institute | world business council)[\s\S]{0,160}corporate standard"
ghg_corporate_standard::C,r096_nestlé,NESTLÉ,雀巢公司,96,C,制造业,Manufacturing,C,制造业,Manufacturing,consistent_with_company_workbench,GHG Protocol,ghg_corporate_standard,GHG Protocol 企业核算与报告标准,GHG Protocol Corporate Accounting and Reporting Standard,accepted,source_text_explicitly_names_this_ghg_protocol_series,accepted_explicit_ghg_fine_series_edge,explicit_series_citation,21 | 109,NESTLÉ-non-financial-statement-2024.pdf,"unting system (Greenhouse Gas Performance System (GPS)). GPS was developed internally for GHG accounting and reporting and the methodology governing the system is aligned with the GHG Protocol Corporate Standard. GPS uses activity data directly from Nestlé’s central data systems (e.g. purchasing data from SAP, packaging data from its packaging tracker) and …","unting system (Greenhouse Gas Performance System (GPS)). GPS was developed internally for GHG accounting and reporting and the methodology governing the system is aligned with the GHG Protocol Corporate Standard. GPS uses activity data directly from Nestlé’s central data systems (e.g. purchasing data from SAP, packaging data from its packaging tracker) and …",pdf_page_backfill,accepted_explicit_named_series_edge,"(?:ghg protocol | greenhouse gas protocol | wri | world resources institute | world business council)[\s\S]{0,160}corporate standard"
ghg_project_protocol::C,r096_nestlé,NESTLÉ,雀巢公司,96,C,制造业,Manufacturing,C,制造业,Manufacturing,consistent_with_company_workbench,GHG Protocol,ghg_project_protocol,GHG Protocol 项目减排核算协议,GHG Protocol Project Protocol,accepted,source_text_explicitly_names_this_ghg_protocol_series,accepted_explicit_ghg_fine_series_edge,explicit_series_citation,41,NESTLÉ-non-financial-statement-2024.pdf,"nd Standards: – By following internationally recognized standards such as the Intergovernmental Panel on Climate Change (IPCC) and the World Resources Institute’s GHG Protocol for Project Accounting, accuracy, reproducibility and alignment with global reporting requirements is ensured. – For carbon credits, investments adhere to standards such as the VCS or…","nd Standards: – By following internationally recognized standards such as the Intergovernmental Panel on Climate Change (IPCC) and the World Resources Institute’s GHG Protocol for Project Accounting, accuracy, reproducibility and alignment with global reporting requirements is ensured. – For carbon credits, investments adhere to standards such as the VCS or…",pdf_page_backfill,accepted_explicit_named_series_edge,project accounting
ghg_corporate_standard::D,r097_enel,ENEL,意大利国家电力公司,97,D,电力、热力、燃气及水生产和供应业,"Electricity, Heat, Gas and Water Production and Supply",I,电力、热力、燃气及水生产和供应业,"Information Transmission, Software and Information Technology Services",corrected_by_gbt4754_code_name_rule,GHG Protocol,ghg_corporate_standard,GHG Protocol 企业核算与报告标准,GHG Protocol Corporate Accounting and Reporting Standard,accepted,source_text_explicitly_names_this_ghg_protocol_series,accepted_explicit_ghg_fine_series_edge,explicit_series_citation,131 | 145,ENEL-integrated-annual-report_2024.pdf,"the field of application of the in- ventory. The audit was conducted according to Stand- ard ISO 14064-3 for the compliance of greenhouse gas (GHG) inventories with the WBCSD/WRI Corporate Accounting and Reporting Standard (GHG Protocol). ESRS E1-6 – Gross Scopes 1, 2, 3 and Total GHG emissions Greenhouse gas emission trends in 2024 GREENHOUSE GAS EMISSION …","the field of application of the in- ventory. The audit was conducted according to Stand- ard ISO 14064-3 for the compliance of greenhouse gas (GHG) inventories with the WBCSD/WRI Corporate Accounting and Reporting Standard (GHG Protocol). ESRS E1-6 – Gross Scopes 1, 2, 3 and Total GHG emissions Greenhouse gas emission trends in 2024 GREENHOUSE GAS EMISSION …",pdf_page_backfill,accepted_explicit_named_series_edge,corporate accounting and reporting standard
ghg_corporate_standard::B,r098_eni,ENI,埃尼石油公司,98,B,采矿业,Mining,B,采矿业,Mining,corrected_by_excel_industry_review,GHG Protocol,ghg_corporate_standard,GHG Protocol 企业核算与报告标准,GHG Protocol Corporate Accounting and Reporting Standard,accepted,source_text_explicitly_names_this_ghg_protocol_series,accepted_explicit_ghg_fine_series_edge,explicit_series_citation,159 | 23,ENI-Annual-Report-2024.pdf,"efined by the reporting required by CSRD-ESRS. For more details on the reconciliation of boundaries, please refer to the Metrics section. (51) WBCSD/WRI GHG Protocol Initiative, A Corporate Accounting and Reporting Standard. (52) Estimating petroleum industry value chain (Scope 3) greenhouse gas emissions. Overview of methodologies, IPIECA - 2016. its pathw…","efined by the reporting required by CSRD-ESRS. For more details on the reconciliation of boundaries, please refer to the Metrics section. (51) WBCSD/WRI GHG Protocol Initiative, A Corporate Accounting and Reporting Standard. (52) Estimating petroleum industry value chain (Scope 3) greenhouse gas emissions. Overview of methodologies, IPIECA - 2016. its pathw…",pdf_page_backfill,accepted_explicit_named_series_edge,corporate accounting and reporting standard
ghg_scope3_standard::B,r098_eni,ENI,埃尼石油公司,98,B,采矿业,Mining,B,采矿业,Mining,corrected_by_excel_industry_review,GHG Protocol,ghg_scope3_standard,GHG Protocol 企业价值链（Scope 3）核算与报告标准,GHG Protocol Corporate Value Chain (Scope 3) Accounting and Reporting Standard,accepted,source_text_explicitly_names_this_ghg_protocol_series,accepted_explicit_ghg_fine_series_edge,explicit_series_citation,23 | 164 | 159,ENI-Annual-Report-2024.pdf,"quity bases. Considering the update of the Global Warming Potential coefficients by the IPCC in 2024, the 2023 and 2022 data are reported accordingly. b) GHG Protocol Category 11- Corporate Value Chain (Scope 3) Standard. Estimated on the basis of the upstream production (Eni’s share) in line with IPIECA methodologies. (c) KPIs refer to 100% of the operated…","quity bases. Considering the update of the Global Warming Potential coefficients by the IPCC in 2024, the 2023 and 2022 data are reported accordingly. b) GHG Protocol Category 11- Corporate Value Chain (Scope 3) Standard. Estimated on the basis of the upstream production (Eni’s share) in line with IPIECA methodologies. (c) KPIs refer to 100% of the operated…",pdf_page_backfill,accepted_explicit_named_series_edge,corporate value chain\s*\(scope 3\)
ghg_corporate_standard::D,r101_eon,E.ON,意昂集团,101,D,电力、热力、燃气及水生产和供应业,"Electricity, Heat, Gas and Water Production and Supply",D,电力、热力、燃气及水生产和供应业,"Electricity, Heat, Gas and Water Production and Supply",consistent_with_company_workbench,GHG Protocol,ghg_corporate_standard,GHG Protocol 企业核算与报告标准,GHG Protocol Corporate Accounting and Reporting Standard,accepted,source_text_explicitly_names_this_ghg_protocol_series,accepted_explicit_ghg_fine_series_edge,explicit_series_citation,41 | 43,E.ON-GB24-gesamt-EN_final.pdf,"energy- efficiency measures. Progress and Measures In line with ESRS E1 requirements, E.ON calculates its emissions using the globally recognized WRI/WBCSD Greenhouse Gas Protocol Corporate Accounting and Reporting Standard (“GHG Protocol”) for the now seven GHGs covered by the Kyoto Protocol: carbon dioxide (“CO2”), methane (“CH4”), nitrous oxide (“N2O”), …","energy- efficiency measures. Progress and Measures In line with ESRS E1 requirements, E.ON calculates its emissions using the globally recognized WRI/WBCSD Greenhouse Gas Protocol Corporate Accounting and Reporting Standard (“GHG Protocol”) for the now seven GHGs covered by the Kyoto Protocol: carbon dioxide (“CO2”), methane (“CH4”), nitrous oxide (“N2O”), …",pdf_page_backfill,accepted_explicit_named_series_edge,corporate accounting and reporting standard
ghg_scope3_standard::D,r101_eon,E.ON,意昂集团,101,D,电力、热力、燃气及水生产和供应业,"Electricity, Heat, Gas and Water Production and Supply",D,电力、热力、燃气及水生产和供应业,"Electricity, Heat, Gas and Water Production and Supply",consistent_with_company_workbench,GHG Protocol,ghg_scope3_standard,GHG Protocol 企业价值链（Scope 3）核算与报告标准,GHG Protocol Corporate Value Chain (Scope 3) Accounting and Reporting Standard,accepted,source_text_explicitly_names_this_ghg_protocol_series,accepted_explicit_ghg_fine_series_edge,explicit_series_citation,41 | 43,E.ON-GB24-gesamt-EN_final.pdf,"ch country’s residual generation mix. In most cases, this factor is significantly higher than the factor of the national generation mix. Alongside ESRS E1 requirements, we use the Corporate Value Chain (Scope 3) Accounting and Reporting Standard to calculate Scope 3 emissions. It defines 15 Scope 3 categories. E.ON conducts an analysis to identify the Scope…","ch country’s residual generation mix. In most cases, this factor is significantly higher than the factor of the national generation mix. Alongside ESRS E1 requirements, we use the Corporate Value Chain (Scope 3) Accounting and Reporting Standard to calculate Scope 3 emissions. It defines 15 Scope 3 categories. E.ON conducts an analysis to identify the Scope…",pdf_page_backfill,accepted_explicit_named_series_edge,corporate value chain\s*\(scope 3\)
ghg_corporate_standard::C,r105_boschgroup,BOSCH GROUP,博世集团,105,C,制造业,Manufacturing,C,制造业,Manufacturing,consistent_with_company_workbench,GHG Protocol,ghg_corporate_standard,GHG Protocol 企业核算与报告标准,GHG Protocol Corporate Accounting and Reporting Standard,accepted,source_text_explicitly_names_this_ghg_protocol_series,accepted_explicit_ghg_fine_series_edge,explicit_series_citation,8 | 17 | 29,bosch-sustainability-report-2024.pdf,"the current annual report. Bosch also supports the United Nations Sustainable Development Goals (SDG). 3 Scopes 1, 2, and 3 are used in accordance with the Greenhouse Gas Protocol Corporate Accounting and Reporting Standard. For further details about the Bosch Group’s carbon neutrality (scope 1 & 2), see the “Environment | Climate action” section. Sustainab…","the current annual report. Bosch also supports the United Nations Sustainable Development Goals (SDG). 3 Scopes 1, 2, and 3 are used in accordance with the Greenhouse Gas Protocol Corporate Accounting and Reporting Standard. For further details about the Bosch Group’s carbon neutrality (scope 1 & 2), see the “Environment | Climate action” section. Sustainab…",pdf_page_backfill,accepted_explicit_named_series_edge,corporate accounting and reporting standard
ghg_corporate_standard::J,r111_morganstanley,MORGAN STANLEY,摩根士丹利,111,J,金融业,Finance,J,金融业,Finance,consistent_with_company_workbench,GHG Protocol,ghg_corporate_standard,GHG Protocol 企业核算与报告标准,GHG Protocol Corporate Accounting and Reporting Standard,accepted,source_text_explicitly_names_this_ghg_protocol_series,accepted_explicit_ghg_fine_series_edge,explicit_series_citation,47 | 89 | 90,Morgan_Stanley_2023_ESG_Report.pdf,s to meet carbon neutrality do not align with the criteria required to reflect those purchases in our scope 2 market-based figure in accordance with the Greenhouse Gas Protocol: A Corporate Accounting and Reporting Standard ( for our purposes to meet carbon neutrality do not align with the criteria required to reflect those purchases in our scope 2 market-b…,s to meet carbon neutrality do not align with the criteria required to reflect those purchases in our scope 2 market-based figure in accordance with the Greenhouse Gas Protocol: A Corporate Accounting and Reporting Standard ( for our purposes to meet carbon neutrality do not align with the criteria required to reflect those purchases in our scope 2 market-b…,medium,accepted_explicit_named_series_edge,corporate accounting and reporting standard
ghg_financial_industry_standard::J,r111_morganstanley,MORGAN STANLEY,摩根士丹利,111,J,金融业,Finance,J,金融业,Finance,consistent_with_company_workbench,GHG Protocol,ghg_financial_industry_standard,金融行业全球温室气体核算与报告标准,Global GHG Accounting and Reporting Standard for the Financial Industry,accepted,source_text_explicitly_names_this_ghg_protocol_series,accepted_explicit_ghg_fine_series_edge,explicit_series_citation,56 | 57 | 82,Morgan_Stanley_2023_ESG_Report.pdf,"ur 2030 targets are based on emissions intensity. However, we recognize that absolute emissions provide helpful additional context, and so we also report them, using guidance from PCAF. Absolute Financed Emissions (AFE) SECTOR (tCO2e) 2019 2020 2021 202237,38 Auto Manufacturing 38,101 16,298 4,120 95,039 (Scope 1 + 2) 1,591 410 80 1,164 (Scope 3) 36,510 15,…","ur 2030 targets are based on emissions intensity. However, we recognize that absolute emissions provide helpful additional context, and so we also report them, using guidance from PCAF. Absolute Financed Emissions (AFE) SECTOR (tCO2e) 2019 2020 2021 202237,38 Auto Manufacturing 38,101 16,298 4,120 95,039 (Scope 1 + 2) 1,591 410 80 1,164 (Scope 3) 36,510 15,…",pdf_page_backfill,accepted_explicit_named_series_edge,\bpcaf\b
ghg_corporate_standard::J,r113_brookfield,BROOKFIELD,博枫公司,113,J,金融业,Finance,J,金融业,Finance,consistent_with_company_workbench,GHG Protocol,ghg_corporate_standard,GHG Protocol 企业核算与报告标准,GHG Protocol Corporate Accounting and Reporting Standard,accepted,source_text_explicitly_names_this_ghg_protocol_series,accepted_explicit_ghg_fine_series_edge,explicit_series_citation,96 | 97 | 105,BROOKFIELD-BAM Ltd. 2024 Sustainability Report.pdf,are included in the calculation. Base year: Key Performance Metrics. Our Direct (scope 1) GHG emissions are calculated following our internal methodology based on the GHG Protocol Corporate Accounting and Reporting Standard. Emissions from the combustion of natural gas and diesel are calculated by obtaining activity data on fuel consumption for facilities w…,are included in the calculation. Base year: Key Performance Metrics. Our Direct (scope 1) GHG emissions are calculated following our internal methodology based on the GHG Protocol Corporate Accounting and Reporting Standard. Emissions from the combustion of natural gas and diesel are calculated by obtaining activity data on fuel consumption for facilities w…,pdf_page_backfill,accepted_explicit_named_series_edge,corporate accounting and reporting standard
ghg_financial_industry_standard::J,r113_brookfield,BROOKFIELD,博枫公司,113,J,金融业,Finance,J,金融业,Finance,consistent_with_company_workbench,GHG Protocol,ghg_financial_industry_standard,金融行业全球温室气体核算与报告标准,Global GHG Accounting and Reporting Standard for the Financial Industry,accepted,source_text_explicitly_names_this_ghg_protocol_series,accepted_explicit_ghg_fine_series_edge,explicit_series_citation,105 | 62,BROOKFIELD-BAM Ltd. 2024 Sustainability Report.pdf,ty include private credit and private equity investments. 6 2023 financed emissions were restated in 2024 to reflect improvements in data quality and availability. 7 Refers to the Partnership for Carbon Accounting Financials (PCAF): The Global GHG Accounting & Reporting Standard Part A: Financed Emissions and its related data quality guidance. Where availab…,ty include private credit and private equity investments. 6 2023 financed emissions were restated in 2024 to reflect improvements in data quality and availability. 7 Refers to the Partnership for Carbon Accounting Financials (PCAF): The Global GHG Accounting & Reporting Standard Part A: Financed Emissions and its related data quality guidance. Where availab…,pdf_page_backfill,accepted_explicit_named_series_edge,\bpcaf\b | partnership for carbon accounting financials
ghg_scope2_guidance::J,r113_brookfield,BROOKFIELD,博枫公司,113,J,金融业,Finance,J,金融业,Finance,consistent_with_company_workbench,GHG Protocol,ghg_scope2_guidance,GHG Protocol Scope 2 指南,GHG Protocol Scope 2 Guidance,accepted,source_text_explicitly_names_this_ghg_protocol_series,accepted_explicit_ghg_fine_series_edge,explicit_series_citation,97,BROOKFIELD-BAM Ltd. 2024 Sustainability Report.pdf,"indirect (scope 2) GHG emissions are calculated following our internal methodology based on the (1) GHG Protocol Corporate Accounting and Reporting Standard and (2) GHG Protocol - scope 2 Guidance. This includes emissions from purchased electricity, heating, cooling and landlord paid heating in leased office space. Emissions from purchased electricity consu…","indirect (scope 2) GHG emissions are calculated following our internal methodology based on the (1) GHG Protocol Corporate Accounting and Reporting Standard and (2) GHG Protocol - scope 2 Guidance. This includes emissions from purchased electricity, heating, cooling and landlord paid heating in leased office space. Emissions from purchased electricity consu…",pdf_page_backfill,accepted_explicit_named_series_edge,scope 2 guidance
ghg_scope3_calculation_guidance::J,r113_brookfield,BROOKFIELD,博枫公司,113,J,金融业,Finance,J,金融业,Finance,consistent_with_company_workbench,GHG Protocol,ghg_scope3_calculation_guidance,GHG Protocol Scope 3 计算指南,GHG Protocol Scope 3 Calculation Guidance,accepted,source_text_explicitly_names_this_ghg_protocol_series,accepted_explicit_ghg_fine_series_edge,explicit_series_citation,97,BROOKFIELD-BAM Ltd. 2024 Sustainability Report.pdf,"n the (1) GHG Protocol Corporate Accounting and Reporting Standard, (2) GHG Protocol - The Corporate Value Chain (scope 3) Accounting and Reporting Standard and (3) GHG Protocol - Technical Guidance for Calculating Scope 3 Emissions. Emissions from waste generated in Brookfield operations (scope 3 category 5) are calculated by obtaining the amount of waste …","n the (1) GHG Protocol Corporate Accounting and Reporting Standard, (2) GHG Protocol - The Corporate Value Chain (scope 3) Accounting and Reporting Standard and (3) GHG Protocol - Technical Guidance for Calculating Scope 3 Emissions. Emissions from waste generated in Brookfield operations (scope 3 category 5) are calculated by obtaining the amount of waste …",pdf_page_backfill,accepted_explicit_named_series_edge,technical guidance for calculating scope 3 emissions
ghg_scope3_standard::J,r113_brookfield,BROOKFIELD,博枫公司,113,J,金融业,Finance,J,金融业,Finance,consistent_with_company_workbench,GHG Protocol,ghg_scope3_standard,GHG Protocol 企业价值链（Scope 3）核算与报告标准,GHG Protocol Corporate Value Chain (Scope 3) Accounting and Reporting Standard,accepted,source_text_explicitly_names_this_ghg_protocol_series,accepted_explicit_ghg_fine_series_edge,explicit_series_citation,97 | 105,BROOKFIELD-BAM Ltd. 2024 Sustainability Report.pdf,"scope 3) GHG emissions are calculated following our internal methodology based on the (1) GHG Protocol Corporate Accounting and Reporting Standard, (2) GHG Protocol - The Corporate Value Chain (scope 3) Accounting and Reporting Standard and (3) GHG Protocol - Technical Guidance for Calculating Scope 3 Emissions. Emissions from waste generated in Brookfield …","scope 3) GHG emissions are calculated following our internal methodology based on the (1) GHG Protocol Corporate Accounting and Reporting Standard, (2) GHG Protocol - The Corporate Value Chain (scope 3) Accounting and Reporting Standard and (3) GHG Protocol - Technical Guidance for Calculating Scope 3 Emissions. Emissions from waste generated in Brookfield …",pdf_page_backfill,accepted_explicit_named_series_edge,corporate value chain\s*\(scope 3\)
ghg_corporate_standard::F,r114_royalaholddelhaize,ROYAL AHOLD DELHAIZE,皇家阿霍德德尔海兹集团,114,F,批发和零售业,Wholesale and Retail Trade,F,批发和零售业,Wholesale and Retail Trade,consistent_with_company_workbench,GHG Protocol,ghg_corporate_standard,GHG Protocol 企业核算与报告标准,GHG Protocol Corporate Accounting and Reporting Standard,accepted,source_text_explicitly_names_this_ghg_protocol_series,accepted_explicit_ghg_fine_series_edge,explicit_series_citation,117 | 118 | 179,Ahold_Delhaize_Annual_Report_2024.pdf,"ogy follows the guidelines of the World Business Council for Sustainable Development (WBCSD)/WRI and we report our GHG emissions data with reference to the Greenhouse Gas Protocol Corporate Accounting and Reporting Standard. Our methodology, estimates and judgments around the metrics used are included in Sustainability notes. Energy consumption and mix For …","ogy follows the guidelines of the World Business Council for Sustainable Development (WBCSD)/WRI and we report our GHG emissions data with reference to the Greenhouse Gas Protocol Corporate Accounting and Reporting Standard. Our methodology, estimates and judgments around the metrics used are included in Sustainability notes. Energy consumption and mix For …",pdf_page_backfill,accepted_explicit_named_series_edge,corporate accounting and reporting standard
ghg_scope2_guidance::F,r114_royalaholddelhaize,ROYAL AHOLD DELHAIZE,皇家阿霍德德尔海兹集团,114,F,批发和零售业,Wholesale and Retail Trade,F,批发和零售业,Wholesale and Retail Trade,consistent_with_company_workbench,GHG Protocol,ghg_scope2_guidance,GHG Protocol Scope 2 指南,GHG Protocol Scope 2 Guidance,accepted,source_text_explicitly_names_this_ghg_protocol_series,accepted_explicit_ghg_fine_series_edge,explicit_series_citation,361 | 117,Ahold_Delhaize_Annual_Report_2024.pdf,"bisexual, transgender, queer or questioning and others. These terms are used to describe a person’s sexual orientation or gender identity. Location-based approach The GHG Protocol Scope 2 Guidance (version 2015) defines the location-based approach as “a method that reflects the average emissions intensity of grids on which energy consumption occurs (using m…","bisexual, transgender, queer or questioning and others. These terms are used to describe a person’s sexual orientation or gender identity. Location-based approach The GHG Protocol Scope 2 Guidance (version 2015) defines the location-based approach as “a method that reflects the average emissions intensity of grids on which energy consumption occurs (using m…",pdf_page_backfill,accepted_explicit_named_series_edge,scope 2 guidance
ghg_scope3_standard::F,r114_royalaholddelhaize,ROYAL AHOLD DELHAIZE,皇家阿霍德德尔海兹集团,114,F,批发和零售业,Wholesale and Retail Trade,F,批发和零售业,Wholesale and Retail Trade,consistent_with_company_workbench,GHG Protocol,ghg_scope3_standard,GHG Protocol 企业价值链（Scope 3）核算与报告标准,GHG Protocol Corporate Value Chain (Scope 3) Accounting and Reporting Standard,accepted,source_text_explicitly_names_this_ghg_protocol_series,accepted_explicit_ghg_fine_series_edge,explicit_series_citation,180 | 117 | 118,Ahold_Delhaize_Annual_Report_2024.pdf,"ur carbon footprint methodology follows the guidelines of the WBCSD/WRI and we report our scope 3 GHG emissions with reference to the latest version of the Greenhouse Gas Protocol Corporate Value Chain (scope 3) Accounting and Reporting Standard (version 2011). To calculate carbon-equivalent emissions, we use emission factors. GHG emissions data consists of…","ur carbon footprint methodology follows the guidelines of the WBCSD/WRI and we report our scope 3 GHG emissions with reference to the latest version of the Greenhouse Gas Protocol Corporate Value Chain (scope 3) Accounting and Reporting Standard (version 2011). To calculate carbon-equivalent emissions, we use emission factors. GHG emissions data consists of…",pdf_page_backfill,accepted_explicit_named_series_edge,corporate value chain\s*\(scope 3\)
ghg_scope3_standard::C,r117_adm公司,ADM,ADM,117,C,制造业,Manufacturing,C,制造业,Manufacturing,consistent_with_company_workbench,GHG Protocol,ghg_scope3_standard,GHG Protocol 企业价值链（Scope 3）核算与报告标准,GHG Protocol Corporate Value Chain (Scope 3) Accounting and Reporting Standard,accepted,source_text_explicitly_names_this_ghg_protocol_series,accepted_explicit_ghg_fine_series_edge,explicit_series_citation,25,final_archer-daniels-midland-adm_2023-corporate-sustainability-report.pdf,"3 to December 31, 2023 Criteria against which verification conducted: ‘+ The Climate Registry General Reporting Protocol (Scope 1 and Scope 2) * _WRIMWBCSD Greenhouse Gas Protocol Corporate Value Chain (Scope 3) A market-based Auto-verified from page 50; value 3,750,000 tCO2e. final_archer-daniels-midland-adm_2023-corporate-sustainability-report.pdf","3 to December 31, 2023 Criteria against which verification conducted: ‘+ The Climate Registry General Reporting Protocol (Scope 1 and Scope 2) * _WRIMWBCSD Greenhouse Gas Protocol Corporate Value Chain (Scope 3) A market-based Auto-verified from page 50; value 3,750,000 tCO2e. final_archer-daniels-midland-adm_2023-corporate-sustainability-report.pdf",medium,accepted_explicit_named_series_edge,corporate value chain\s*\(scope 3\)
ghg_financial_industry_standard::F,r121_mitsui,MITSUI,三井物产株式会社,121,F,批发和零售业,Wholesale and Retail Trade,F,批发和零售业,Wholesale and Retail Trade,corrected_by_excel_industry_review,GHG Protocol,ghg_financial_industry_standard,金融行业全球温室气体核算与报告标准,Global GHG Accounting and Reporting Standard for the Financial Industry,accepted,source_text_explicitly_names_this_ghg_protocol_series,accepted_explicit_ghg_fine_series_edge,explicit_series_citation,90 | 127 | 128,SUMITOMO MITSUI FINANCIAL GROUP sustainability_report_e_2025.pdf,"ng progress. ⚫ Calculates GHG emissions in the power and oil & gas sectors for underwriting, which is the core business of securities business. ⚫ Based on the final version of the PCAF guidelines, the calculation method has been advanced. ⚫Appendix: Methodology for calculating Underwriting Financed Emissions ⚫Sumitomo Mitsui DS Asset Management website > In…","ng progress. ⚫ Calculates GHG emissions in the power and oil & gas sectors for underwriting, which is the core business of securities business. ⚫ Based on the final version of the PCAF guidelines, the calculation method has been advanced. ⚫Appendix: Methodology for calculating Underwriting Financed Emissions ⚫Sumitomo Mitsui DS Asset Management website > In…",pdf_page_backfill,accepted_explicit_named_series_edge,\bpcaf\b
ghg_corporate_standard::G,r124_unitedparcelservice,UNITED PARCEL SERVICE,联合包裹速递服务公司,124,G,交通运输、仓储和邮政业,"Transport, Storage and Post",G,交通运输、仓储和邮政业,"Transport, Storage and Post",consistent_with_company_workbench,GHG Protocol,ghg_corporate_standard,GHG Protocol 企业核算与报告标准,GHG Protocol Corporate Accounting and Reporting Standard,accepted,source_text_explicitly_names_this_ghg_protocol_series,accepted_explicit_ghg_fine_series_edge,explicit_series_citation,10 | 49,2024-UPS-GRI-Report.pdf,GHG emissions information is prepared in accordance with the World Resources Institute (WRI)/World Business Council for Sustainable Development (WBCSD) Greenhouse Gas Protocol: A Corporate Accounting and Reporting Standard (Revised Edition). Scope 3 GHG emissions information is prepared in accordance with the WRI/WBCSD Greenhouse Gas Protocol: Corporate Val…,GHG emissions information is prepared in accordance with the World Resources Institute (WRI)/World Business Council for Sustainable Development (WBCSD) Greenhouse Gas Protocol: A Corporate Accounting and Reporting Standard (Revised Edition). Scope 3 GHG emissions information is prepared in accordance with the WRI/WBCSD Greenhouse Gas Protocol: Corporate Val…,pdf_page_backfill,accepted_explicit_named_series_edge,corporate accounting and reporting standard
ghg_scope3_standard::G,r124_unitedparcelservice,UNITED PARCEL SERVICE,联合包裹速递服务公司,124,G,交通运输、仓储和邮政业,"Transport, Storage and Post",G,交通运输、仓储和邮政业,"Transport, Storage and Post",consistent_with_company_workbench,GHG Protocol,ghg_scope3_standard,GHG Protocol 企业价值链（Scope 3）核算与报告标准,GHG Protocol Corporate Value Chain (Scope 3) Accounting and Reporting Standard,accepted,source_text_explicitly_names_this_ghg_protocol_series,accepted_explicit_ghg_fine_series_edge,explicit_series_citation,10 | 49,2024-UPS-GRI-Report.pdf,"Protocol: A Corporate Accounting and Reporting Standard (Revised Edition). Scope 3 GHG emissions information is prepared in accordance with the WRI/WBCSD Greenhouse Gas Protocol: Corporate Value Chain (Scope 3), Accounting and Reporting Standard. Collectively, the Corporate Accounting and Reporting Standard (Revised Edition) and the Corporate Value Chain (S…","Protocol: A Corporate Accounting and Reporting Standard (Revised Edition). Scope 3 GHG emissions information is prepared in accordance with the WRI/WBCSD Greenhouse Gas Protocol: Corporate Value Chain (Scope 3), Accounting and Reporting Standard. Collectively, the Corporate Accounting and Reporting Standard (Revised Edition) and the Corporate Value Chain (S…",pdf_page_backfill,accepted_explicit_named_series_edge,corporate value chain\s*\(scope 3\)
ghg_financial_industry_standard::J,r126_axa,AXA,安盛,126,J,金融业,Finance,J,金融业,Finance,consistent_with_company_workbench,GHG Protocol,ghg_financial_industry_standard,金融行业全球温室气体核算与报告标准,Global GHG Accounting and Reporting Standard for the Financial Industry,accepted,source_text_explicitly_names_this_ghg_protocol_series,accepted_explicit_ghg_fine_series_edge,explicit_series_citation,162 | 229,axa_urd2024_accessible_va.pdf,"ogies, protocols, and frameworks at the time of the target setting development in 2022 and 2023: ● ● ● ● Methodology for associating insured emissions to insurers developed by the PCAF, namely the PCAF Standard Part C (2) published in 2023 which outlines the Insurance‑Associated Emissions (""IAE"") methodologies for most, but not all, Commercial lines of busi…","ogies, protocols, and frameworks at the time of the target setting development in 2022 and 2023: ● ● ● ● Methodology for associating insured emissions to insurers developed by the PCAF, namely the PCAF Standard Part C (2) published in 2023 which outlines the Insurance‑Associated Emissions (""IAE"") methodologies for most, but not all, Commercial lines of busi…",pdf_page_backfill,accepted_explicit_named_series_edge,\bpcaf\b
ghg_scope2_guidance::J,r126_axa,AXA,安盛,126,J,金融业,Finance,J,金融业,Finance,consistent_with_company_workbench,GHG Protocol,ghg_scope2_guidance,GHG Protocol Scope 2 指南,GHG Protocol Scope 2 Guidance,accepted,source_text_explicitly_names_this_ghg_protocol_series,accepted_explicit_ghg_fine_series_edge,explicit_series_citation,234 | 152,axa_urd2024_accessible_va.pdf,"(category 12) and franchise (category 14) are inapplicable to AXA's operations. Calculation methodology AXA's calculation methodology applies GHG protocol, namely the GHG Protocol Scope 2 Guidance and the GHG Protocol Corporate Value Chain. In respect of Scope 3 emissions, the methodology does not take into account any removals, purchases, sales or transfer…","(category 12) and franchise (category 14) are inapplicable to AXA's operations. Calculation methodology AXA's calculation methodology applies GHG protocol, namely the GHG Protocol Scope 2 Guidance and the GHG Protocol Corporate Value Chain. In respect of Scope 3 emissions, the methodology does not take into account any removals, purchases, sales or transfer…",pdf_page_backfill,accepted_explicit_named_series_edge,scope 2 guidance
ghg_scope3_standard::J,r126_axa,AXA,安盛,126,J,金融业,Finance,J,金融业,Finance,consistent_with_company_workbench,GHG Protocol,ghg_scope3_standard,GHG Protocol 企业价值链（Scope 3）核算与报告标准,GHG Protocol Corporate Value Chain (Scope 3) Accounting and Reporting Standard,accepted,source_text_explicitly_names_this_ghg_protocol_series,accepted_explicit_ghg_fine_series_edge,explicit_series_citation,234 | 152,axa_urd2024_accessible_va.pdf,"14) are inapplicable to AXA's operations. Calculation methodology AXA's calculation methodology applies GHG protocol, namely the GHG Protocol Scope 2 Guidance and the GHG Protocol Corporate Value Chain. In respect of Scope 3 emissions, the methodology does not take into account any removals, purchases, sales or transfers of carbon credits or GHG allowances.…","14) are inapplicable to AXA's operations. Calculation methodology AXA's calculation methodology applies GHG protocol, namely the GHG Protocol Scope 2 Guidance and the GHG Protocol Corporate Value Chain. In respect of Scope 3 emissions, the methodology does not take into account any removals, purchases, sales or transfers of carbon credits or GHG allowances.…",pdf_page_backfill,accepted_explicit_named_series_edge,corporate value chain.*scope 3
ghg_corporate_standard::D,r130_engie集团,Engie,Engie,130,D,电力、热力、燃气及水生产和供应业,"Electricity, Heat, Gas and Water Production and Supply",D,电力、热力、燃气及水生产和供应业,"Electricity, Heat, Gas and Water Production and Supply",consistent_with_company_workbench,GHG Protocol,ghg_corporate_standard,GHG Protocol 企业核算与报告标准,GHG Protocol Corporate Accounting and Reporting Standard,accepted,source_text_explicitly_names_this_ghg_protocol_series,accepted_explicit_ghg_fine_series_edge,explicit_series_citation,112 | 119 | 120 | 513,ENGIE_DEU_2024_US__PDF_MEL_v3.pdf,"ogy used to calculate the Group’s total GHG emissions [AR 39a] The Group's GHG emissions calculation (Scopes 1, 2 and 3) relies on the principles, requirements and guidance of the GHG Protocol Corporate Standards (2004 version) and ISO 14064 (supplemented by ISO 14069). [AR 39b] The key assumptions and methodologies used to perform the Group’s GHG emissions…","ogy used to calculate the Group’s total GHG emissions [AR 39a] The Group's GHG emissions calculation (Scopes 1, 2 and 3) relies on the principles, requirements and guidance of the GHG Protocol Corporate Standards (2004 version) and ISO 14064 (supplemented by ISO 14069). [AR 39b] The key assumptions and methodologies used to perform the Group’s GHG emissions…",pdf_page_backfill,accepted_explicit_named_series_edge,"(?:ghg protocol | greenhouse gas protocol | wri | world resources institute | world business council)[\s\S]{0,160}corporate standard"
ghg_scope2_guidance::D,r130_engie集团,Engie,Engie,130,D,电力、热力、燃气及水生产和供应业,"Electricity, Heat, Gas and Water Production and Supply",D,电力、热力、燃气及水生产和供应业,"Electricity, Heat, Gas and Water Production and Supply",consistent_with_company_workbench,GHG Protocol,ghg_scope2_guidance,GHG Protocol Scope 2 指南,GHG Protocol Scope 2 Guidance,accepted,source_text_explicitly_names_this_ghg_protocol_series,accepted_explicit_ghg_fine_series_edge,explicit_series_citation,120 | 112,ENGIE_DEU_2024_US__PDF_MEL_v3.pdf,"4 (see Section 3.1.7). [AR 45] For the assessment of Scope 2 GHG emissions, the Group: • applies the principles, requirements and guidance of the GHG Protocol Corporate Standards (Scope 2 guidance document, 2015 version); • includes purchases of electricity, steam, heat and cooling; • excludes from Scope 2 any emissions reported in Scopes 1 and 3 to avoid d…","4 (see Section 3.1.7). [AR 45] For the assessment of Scope 2 GHG emissions, the Group: • applies the principles, requirements and guidance of the GHG Protocol Corporate Standards (Scope 2 guidance document, 2015 version); • includes purchases of electricity, steam, heat and cooling; • excludes from Scope 2 any emissions reported in Scopes 1 and 3 to avoid d…",pdf_page_backfill,accepted_explicit_named_series_edge,scope 2 guidance
ghg_scope3_standard::D,r130_engie集团,Engie,Engie,130,D,电力、热力、燃气及水生产和供应业,"Electricity, Heat, Gas and Water Production and Supply",D,电力、热力、燃气及水生产和供应业,"Electricity, Heat, Gas and Water Production and Supply",consistent_with_company_workbench,GHG Protocol,ghg_scope3_standard,GHG Protocol 企业价值链（Scope 3）核算与报告标准,GHG Protocol Corporate Value Chain (Scope 3) Accounting and Reporting Standard,accepted,source_text_explicitly_names_this_ghg_protocol_series,accepted_explicit_ghg_fine_series_edge,explicit_series_citation,112 | 120,ENGIE_DEU_2024_US__PDF_MEL_v3.pdf,"lation of Scope 2 GHG emissions. Scope 3 [AR 46] For the assessment of Scope 3 GHG emissions, the Group: • draws on the principles, requirements and guidelines of the GHG Protocol Corporate Value Chain (Scope 3) (Version 2011) and breaks down its total Scope 3 emissions into the 15 categories defined by the GHG Protocol; • performs an annual reassessment of…","lation of Scope 2 GHG emissions. Scope 3 [AR 46] For the assessment of Scope 3 GHG emissions, the Group: • draws on the principles, requirements and guidelines of the GHG Protocol Corporate Value Chain (Scope 3) (Version 2011) and breaks down its total Scope 3 emissions into the 15 categories defined by the GHG Protocol; • performs an annual reassessment of…",pdf_page_backfill,accepted_explicit_named_series_edge,corporate value chain\s*\(scope 3\)
ghg_corporate_standard::R,r131_waltdisney,WALT DISNEY,华特迪士尼公司,131,R,文化、体育和娱乐业,"Culture, Sports and Entertainment",R,文化、体育和娱乐业,"Culture, Sports and Entertainment",consistent_with_company_workbench,GHG Protocol,ghg_corporate_standard,GHG Protocol 企业核算与报告标准,GHG Protocol Corporate Accounting and Reporting Standard,accepted,source_text_explicitly_names_this_ghg_protocol_series,accepted_explicit_ghg_fine_series_edge,explicit_series_citation,23 | 34,华特迪士尼公司-2024-SSI-Report.pdf,"Gs are measured and calculated according to the principles in the World Resources Institute and the World Business Council for Sustainable Development Greenhouse Gas Protocolʼs “A Corporate Accounting and Reporting Standard, 2004 Revised Edition” (GHG Protocol). 4. The boundary for Disneyʼs GHG emissions reporting includes owned and operated assets (such as…","Gs are measured and calculated according to the principles in the World Resources Institute and the World Business Council for Sustainable Development Greenhouse Gas Protocolʼs “A Corporate Accounting and Reporting Standard, 2004 Revised Edition” (GHG Protocol). 4. The boundary for Disneyʼs GHG emissions reporting includes owned and operated assets (such as…",pdf_page_backfill,accepted_explicit_named_series_edge,corporate accounting and reporting standard
ghg_corporate_standard::C,r132_orlen,ORLEN,波兰国营石油公司,132,C,制造业,Manufacturing,C,制造业,Manufacturing,corrected_by_excel_industry_review,GHG Protocol,ghg_corporate_standard,GHG Protocol 企业核算与报告标准,GHG Protocol Corporate Accounting and Reporting Standard,accepted,source_text_explicitly_names_this_ghg_protocol_series,accepted_explicit_ghg_fine_series_edge,explicit_series_citation,119 | 162,Management Board on the Operations of ORLEN Group 2024.pdf.coredownload.pdf,"cor- dance with the guidelines of the Greenhouse Gas (GHG) Protocol: • World Resources Institute and World Business Council for Sustainable Development, Greenhouse Gas Protocol. A Corporate Accounting and Reporting Standard REVISED EDITION (Scope 1); market-based Auto-verified from page 161; value 2,510,119 tCO2e. Management Board on the Operations of ORLEN…","cor- dance with the guidelines of the Greenhouse Gas (GHG) Protocol: • World Resources Institute and World Business Council for Sustainable Development, Greenhouse Gas Protocol. A Corporate Accounting and Reporting Standard REVISED EDITION (Scope 1); market-based Auto-verified from page 161; value 2,510,119 tCO2e. Management Board on the Operations of ORLEN…",medium,accepted_explicit_named_series_edge,corporate accounting and reporting standard
ghg_scope2_guidance::C,r132_orlen,ORLEN,波兰国营石油公司,132,C,制造业,Manufacturing,C,制造业,Manufacturing,corrected_by_excel_industry_review,GHG Protocol,ghg_scope2_guidance,GHG Protocol Scope 2 指南,GHG Protocol Scope 2 Guidance,accepted,source_text_explicitly_names_this_ghg_protocol_series,accepted_explicit_ghg_fine_series_edge,explicit_series_citation,162 | 119,Management Board on the Operations of ORLEN Group 2024.pdf.coredownload.pdf,"ORLEN Group and ORLEN S.A. in 2024. Translation from the original Polish version. • World Resources Institute and World Business Council for Sustainable Development, GHG Protocol Scope 2 Guidance. An amendment to the GHG Protocol Corporate Standard (Scope 2); • World Resources Institute and World Business Council for Sustainable Development, Greenhouse Gas …","ORLEN Group and ORLEN S.A. in 2024. Translation from the original Polish version. • World Resources Institute and World Business Council for Sustainable Development, GHG Protocol Scope 2 Guidance. An amendment to the GHG Protocol Corporate Standard (Scope 2); • World Resources Institute and World Business Council for Sustainable Development, Greenhouse Gas …",pdf_page_backfill,accepted_explicit_named_series_edge,scope 2 guidance
ghg_scope3_standard::C,r132_orlen,ORLEN,波兰国营石油公司,132,C,制造业,Manufacturing,C,制造业,Manufacturing,corrected_by_excel_industry_review,GHG Protocol,ghg_scope3_standard,GHG Protocol 企业价值链（Scope 3）核算与报告标准,GHG Protocol Corporate Value Chain (Scope 3) Accounting and Reporting Standard,accepted,source_text_explicitly_names_this_ghg_protocol_series,accepted_explicit_ghg_fine_series_edge,explicit_series_citation,162 | 119 | 161,Management Board on the Operations of ORLEN Group 2024.pdf.coredownload.pdf,"nt to the GHG Protocol Corporate Standard (Scope 2); • World Resources Institute and World Business Council for Sustainable Development, Greenhouse Gas Protocol. Corporate Value Chain (Scope 3) Accounting and Reporting Standard. Supplement to the GHG Protocol Corporate Accounting and Reporting Standard (Scope 3). Additionally, the following industry-specifi…","nt to the GHG Protocol Corporate Standard (Scope 2); • World Resources Institute and World Business Council for Sustainable Development, Greenhouse Gas Protocol. Corporate Value Chain (Scope 3) Accounting and Reporting Standard. Supplement to the GHG Protocol Corporate Accounting and Reporting Standard (Scope 3). Additionally, the following industry-specifi…",pdf_page_backfill,accepted_explicit_named_series_edge,corporate value chain\s*\(scope 3\)
ghg_scope3_standard::C,r136_nissanmotor,NISSAN MOTOR,日产汽车,136,C,制造业,Manufacturing,C,制造业,Manufacturing,consistent_with_company_workbench,GHG Protocol,ghg_scope3_standard,GHG Protocol 企业价值链（Scope 3）核算与报告标准,GHG Protocol Corporate Value Chain (Scope 3) Accounting and Reporting Standard,accepted,source_text_explicitly_names_this_ghg_protocol_series,accepted_explicit_ghg_fine_series_edge,explicit_series_citation,63 | 150,NISSAN MOTOR-DB25_E_All.pdf,・・・・・・ 109 Health and safety ・・・・・・・・・・・・・・・・・・・・・・・・・・・・・・・・・・・・・・・・・・・・・・・・・・・・・・・・・・・・・・・・ 113 Scope 3 emissions by category We conducted a study based on standards such as the Corporate Value Chain （Scope 3） Accounting and Reporting Standard from the GHG Protocol and found that about 81％ of our Scope 3 emissions were from the use of sold products. （FY） …,・・・・・・ 109 Health and safety ・・・・・・・・・・・・・・・・・・・・・・・・・・・・・・・・・・・・・・・・・・・・・・・・・・・・・・・・・・・・・・・・ 113 Scope 3 emissions by category We conducted a study based on standards such as the Corporate Value Chain （Scope 3） Accounting and Reporting Standard from the GHG Protocol and found that about 81％ of our Scope 3 emissions were from the use of sold products. （FY） …,pdf_page_backfill,accepted_explicit_named_series_edge,corporate value chain.*scope 3
ghg_corporate_standard::J,r137_royalbankofcanada,ROYAL BANK OF CANADA,加拿大皇家银行,137,J,金融业,Finance,J,金融业,Finance,consistent_with_company_workbench,GHG Protocol,ghg_corporate_standard,GHG Protocol 企业核算与报告标准,GHG Protocol Corporate Accounting and Reporting Standard,accepted,source_text_explicitly_names_this_ghg_protocol_series,accepted_explicit_ghg_fine_series_edge,explicit_series_citation,108 | 127 | 58,ROYAL BANK OF CANADA-RBC-2024-sustainability-report.pdf,"budget is the amount of carbon dioxide emissions allowed over a period of time to limit the earth’s temperature from exceeding a certain threshold. Carbon credits The GHG Protocol Corporate Accounting and Reporting Standard33 defines carbon credits as discrete GHG reductions used to compensate for (i.e., offset) GHG emissions elsewhere. Credits are calculat…","budget is the amount of carbon dioxide emissions allowed over a period of time to limit the earth’s temperature from exceeding a certain threshold. Carbon credits The GHG Protocol Corporate Accounting and Reporting Standard33 defines carbon credits as discrete GHG reductions used to compensate for (i.e., offset) GHG emissions elsewhere. Credits are calculat…",pdf_page_backfill,accepted_explicit_named_series_edge,corporate accounting and reporting standard | (?:ghg protocol | greenhouse gas protocol | wri | world resources institute
ghg_financial_industry_standard::J,r137_royalbankofcanada,ROYAL BANK OF CANADA,加拿大皇家银行,137,J,金融业,Finance,J,金融业,Finance,consistent_with_company_workbench,GHG Protocol,ghg_financial_industry_standard,金融行业全球温室气体核算与报告标准,Global GHG Accounting and Reporting Standard for the Financial Industry,accepted,source_text_explicitly_names_this_ghg_protocol_series,accepted_explicit_ghg_fine_series_edge,explicit_series_citation,48 | 66 | 67,ROYAL BANK OF CANADA-RBC-2024-sustainability-report.pdf,"including how our approach differs from those of other banks and third-parties, refer to Appendix 5: Methodology and data challenges for relevant metrics. In addition, we disclose Partnership for Carbon Accounting Financials (PCAF) financed emissions on outstanding exposure in the Climate metrics section. These metrics are provided as they are common indust…","including how our approach differs from those of other banks and third-parties, refer to Appendix 5: Methodology and data challenges for relevant metrics. In addition, we disclose Partnership for Carbon Accounting Financials (PCAF) financed emissions on outstanding exposure in the Climate metrics section. These metrics are provided as they are common indust…",pdf_page_backfill,accepted_explicit_named_series_edge,partnership for carbon accounting financials | \bpcaf\b
ghg_scope2_guidance::J,r137_royalbankofcanada,ROYAL BANK OF CANADA,加拿大皇家银行,137,J,金融业,Finance,J,金融业,Finance,consistent_with_company_workbench,GHG Protocol,ghg_scope2_guidance,GHG Protocol Scope 2 指南,GHG Protocol Scope 2 Guidance,accepted,source_text_explicitly_names_this_ghg_protocol_series,accepted_explicit_ghg_fine_series_edge,explicit_series_citation,58 | 59,ROYAL BANK OF CANADA-RBC-2024-sustainability-report.pdf,"t limited assurance report. (1) Under the GHG Protocol 33, there are two methods to calculate Scope 2 emissions from electricity: location-based and market-based. The GHG Protocol Scope 2 Guidance defines the location-based method as a method for Scope 2 emissions accounting that reflects emissions from electricity using the average emission factors for the…","t limited assurance report. (1) Under the GHG Protocol 33, there are two methods to calculate Scope 2 emissions from electricity: location-based and market-based. The GHG Protocol Scope 2 Guidance defines the location-based method as a method for Scope 2 emissions accounting that reflects emissions from electricity using the average emission factors for the…",pdf_page_backfill,accepted_explicit_named_series_edge,scope 2 guidance
ghg_corporate_standard::C,r162_kia,KIA,起亚公司,162,C,制造业,Manufacturing,C,制造业,Manufacturing,consistent_with_company_workbench,GHG Protocol,ghg_corporate_standard,GHG Protocol 企业核算与报告标准,GHG Protocol Corporate Accounting and Reporting Standard,accepted,source_text_explicitly_names_this_ghg_protocol_series,accepted_explicit_ghg_fine_series_edge,explicit_series_citation,128 | 130,2025 KIA Sustainability Report.pdf,"t covered the operations and activities of domestic and overseas sites Kia, and specifically the following requirements: • Evaluating conformance with Greenhouse Gas Protocol1: A Corporate Accounting and Reporting Standard, revised edition • Evaluating conformance with Greenhouse Gas Protocol: Corporate Value Chain (Scope 3) Accounting and Reporting Stand…","t covered the operations and activities of domestic and overseas sites Kia, and specifically the following requirements: • Evaluating conformance with Greenhouse Gas Protocol1: A Corporate Accounting and Reporting Standard, revised edition • Evaluating conformance with Greenhouse Gas Protocol: Corporate Value Chain (Scope 3) Accounting and Reporting Stand…",pdf_page_backfill,accepted_explicit_named_series_edge,corporate accounting and reporting standard
ghg_scope2_guidance::C,r162_kia,KIA,起亚公司,162,C,制造业,Manufacturing,C,制造业,Manufacturing,consistent_with_company_workbench,GHG Protocol,ghg_scope2_guidance,GHG Protocol Scope 2 指南,GHG Protocol Scope 2 Guidance,accepted,source_text_explicitly_names_this_ghg_protocol_series,accepted_explicit_ghg_fine_series_edge,explicit_series_citation,128 | 131,2025 KIA Sustainability Report.pdf,"19,567 51,282 44,622 795 India 11,954 115,229 115,229 782 overseas offices3 16,179 7,121 7,121 117 Note 1: Scope 2, Location-based and Market-based are defined in the GHG Protocol Scope 2 Guidance, 2015 Scope of GHG emissions (tCO2e) Other Indirect GHG emissions (Scope 3) Purchased goods & services – Upstream emissions associated with the raw materials used…","19,567 51,282 44,622 795 India 11,954 115,229 115,229 782 overseas offices3 16,179 7,121 7,121 117 Note 1: Scope 2, Location-based and Market-based are defined in the GHG Protocol Scope 2 Guidance, 2015 Scope of GHG emissions (tCO2e) Other Indirect GHG emissions (Scope 3) Purchased goods & services – Upstream emissions associated with the raw materials used…",pdf_page_backfill,accepted_explicit_named_series_edge,scope 2 guidance
ghg_scope3_standard::C,r162_kia,KIA,起亚公司,162,C,制造业,Manufacturing,C,制造业,Manufacturing,consistent_with_company_workbench,GHG Protocol,ghg_scope3_standard,GHG Protocol 企业价值链（Scope 3）核算与报告标准,GHG Protocol Corporate Value Chain (Scope 3) Accounting and Reporting Standard,accepted,source_text_explicitly_names_this_ghg_protocol_series,accepted_explicit_ghg_fine_series_edge,explicit_series_citation,128 | 130,2025 KIA Sustainability Report.pdf,"ts: • Evaluating conformance with Greenhouse Gas Protocol1: A Corporate Accounting and Reporting Standard, revised edition • Evaluating conformance with Greenhouse Gas Protocol: Corporate Value Chain (Scope 3) Accounting and Reporting Standard • Evaluating the accuracy and reliability of data and information for direct GHG emissions (Scope 1), energy ind…","ts: • Evaluating conformance with Greenhouse Gas Protocol1: A Corporate Accounting and Reporting Standard, revised edition • Evaluating conformance with Greenhouse Gas Protocol: Corporate Value Chain (Scope 3) Accounting and Reporting Standard • Evaluating the accuracy and reliability of data and information for direct GHG emissions (Scope 1), energy ind…",pdf_page_backfill,accepted_explicit_named_series_edge,corporate value chain\s*\(scope 3\)
ghg_financial_industry_standard::J,r164_daiichilifeholdings,DAI-ICHI LIFE HOLDINGS,第一生命控股有限公司,164,J,金融业,Finance,J,金融业,Finance,consistent_with_company_workbench,GHG Protocol,ghg_financial_industry_standard,金融行业全球温室气体核算与报告标准,Global GHG Accounting and Reporting Standard for the Financial Industry,accepted,source_text_explicitly_names_this_ghg_protocol_series,accepted_explicit_ghg_fine_series_edge,explicit_series_citation,61 | 108,2024-DAI-ICHI LIFE HOLDINGS-index_001.pdf,"Attribution|Data quality hierarchy 归因原则|数据质量层级 h estimates can be made based on the amount of electricity generated (measured in accordance with PCAF standards), and green bonds that disclose their impact (data provided by ICE Data Services is included). Entire Group Dai-ichi Life Envir h estimates can be made based on the amou","Attribution|Data quality hierarchy 归因原则|数据质量层级 h estimates can be made based on the amount of electricity generated (measured in accordance with PCAF standards), and green bonds that disclose their impact (data provided by ICE Data Services is included). Entire Group Dai-ichi Life Envir h estimates can be made based on the amou",medium,accepted_explicit_named_series_edge,\bpcaf\b
ghg_scope3_calculation_guidance::E,r166_vinci,VINCI,万喜集团,166,E,建筑业,Construction,E,建筑业,Construction,consistent_with_company_workbench,GHG Protocol,ghg_scope3_calculation_guidance,GHG Protocol Scope 3 计算指南,GHG Protocol Scope 3 Calculation Guidance,accepted,source_text_explicitly_names_this_ghg_protocol_series,accepted_explicit_ghg_fine_series_edge,explicit_series_citation,19 | 88,VINCI-2024_workforce_related_environmental_and_social_information.pdf,"ewly acquired entities. 5.3.3.3 Scope 3 greenhouse gas emissions To calculate Scope 3 emissions, the recommendations published by the Greenhouse Gas Protocol (GHG Protocol) in its Technical Guidance for Calculating Scope 3 Emissions (version 1.0) were followed. Of the 15 emissions categories defined by the GHG Protocol, all but four were considered to be re…","ewly acquired entities. 5.3.3.3 Scope 3 greenhouse gas emissions To calculate Scope 3 emissions, the recommendations published by the Greenhouse Gas Protocol (GHG Protocol) in its Technical Guidance for Calculating Scope 3 Emissions (version 1.0) were followed. Of the 15 emissions categories defined by the GHG Protocol, all but four were considered to be re…",pdf_page_backfill,accepted_explicit_named_series_edge,technical guidance for calculating scope 3 emissions
ghg_corporate_standard::J,r168_torontodominionbank,TORONTO-DOMINION BANK,多伦多道明银行,168,J,金融业,Finance,J,金融业,Finance,consistent_with_company_workbench,GHG Protocol,ghg_corporate_standard,GHG Protocol 企业核算与报告标准,GHG Protocol Corporate Accounting and Reporting Standard,accepted,source_text_explicitly_names_this_ghg_protocol_series,accepted_explicit_ghg_fine_series_edge,explicit_series_citation,56 | 57 | 104 | 60,2024-TORONTO-DOMINION BANK-sustainability-report-en.pdf,"to Calculating Non-Financed GHG Emissions Reporting Standards Our non-financed GHG emissions inventory is prepared in accordance with the Greenhouse Gas Protocol (GHG Protocol): A Corporate Accounting and Reporting Standard, the GHG Protocol Scope 2 Guidance, and the Corporate Value Chain (Scope 3) Accounting and Reporting Standard. Organizational Boundary …","to Calculating Non-Financed GHG Emissions Reporting Standards Our non-financed GHG emissions inventory is prepared in accordance with the Greenhouse Gas Protocol (GHG Protocol): A Corporate Accounting and Reporting Standard, the GHG Protocol Scope 2 Guidance, and the Corporate Value Chain (Scope 3) Accounting and Reporting Standard. Organizational Boundary …",pdf_page_backfill,accepted_explicit_named_series_edge,corporate accounting and reporting standard | (?:ghg protocol | greenhouse gas protocol | wri | world resources institute
ghg_financial_industry_standard::J,r168_torontodominionbank,TORONTO-DOMINION BANK,多伦多道明银行,168,J,金融业,Finance,J,金融业,Finance,consistent_with_company_workbench,GHG Protocol,ghg_financial_industry_standard,金融行业全球温室气体核算与报告标准,Global GHG Accounting and Reporting Standard for the Financial Industry,accepted,source_text_explicitly_names_this_ghg_protocol_series,accepted_explicit_ghg_fine_series_edge,explicit_series_citation,60 | 61 | 62,2024-TORONTO-DOMINION BANK-sustainability-report-en.pdf,ributed to the Bank based on the proportion of the Bank’s lending to or investing in the client company. Financed emissions are calculated in accordance with the guidance from the Partnership for Carbon Accounting Financials (PCAF) wherever possible. Financed emissions help protect the Bank by providing a measure of the transition risk associated with our l…,ributed to the Bank based on the proportion of the Bank’s lending to or investing in the client company. Financed emissions are calculated in accordance with the guidance from the Partnership for Carbon Accounting Financials (PCAF) wherever possible. Financed emissions help protect the Bank by providing a measure of the transition risk associated with our l…,pdf_page_backfill,accepted_explicit_named_series_edge,partnership for carbon accounting financials | \bpcaf\b
ghg_scope2_guidance::J,r168_torontodominionbank,TORONTO-DOMINION BANK,多伦多道明银行,168,J,金融业,Finance,J,金融业,Finance,consistent_with_company_workbench,GHG Protocol,ghg_scope2_guidance,GHG Protocol Scope 2 指南,GHG Protocol Scope 2 Guidance,accepted,source_text_explicitly_names_this_ghg_protocol_series,accepted_explicit_ghg_fine_series_edge,explicit_series_citation,56 | 60 | 57 | 110,2024-TORONTO-DOMINION BANK-sustainability-report-en.pdf,"HG Emissions Intensity kgCO2e per square foot 2.0 2.1 2.2 2.5 Revenue GHG Emissions Intensity tCO2e per millions in revenue 0.8 0.9 1.0 1.4 2 In accordance with the GHG Protocol’s Scope 2 Guidance, TD reports both location-based and market-based Scope 2 GHG emis Manual PDF-page validation accepted this direct-use Scope value. Source file: 2024-TORONTO-DOMIN…","HG Emissions Intensity kgCO2e per square foot 2.0 2.1 2.2 2.5 Revenue GHG Emissions Intensity tCO2e per millions in revenue 0.8 0.9 1.0 1.4 2 In accordance with the GHG Protocol’s Scope 2 Guidance, TD reports both location-based and market-based Scope 2 GHG emis Manual PDF-page validation accepted this direct-use Scope value. Source file: 2024-TORONTO-DOMIN…",medium,accepted_explicit_named_series_edge,scope 2 guidance
ghg_scope3_standard::J,r168_torontodominionbank,TORONTO-DOMINION BANK,多伦多道明银行,168,J,金融业,Finance,J,金融业,Finance,consistent_with_company_workbench,GHG Protocol,ghg_scope3_standard,GHG Protocol 企业价值链（Scope 3）核算与报告标准,GHG Protocol Corporate Value Chain (Scope 3) Accounting and Reporting Standard,accepted,source_text_explicitly_names_this_ghg_protocol_series,accepted_explicit_ghg_fine_series_edge,explicit_series_citation,56 | 57 | 60,2024-TORONTO-DOMINION BANK-sustainability-report-en.pdf,"ions inventory is prepared in accordance with the Greenhouse Gas Protocol (GHG Protocol): A Corporate Accounting and Reporting Standard, the GHG Protocol Scope 2 Guidance, and the Corporate Value Chain (Scope 3) Accounting and Reporting Standard. Organizational Boundary The scope of our non-financed GHG emissions inventory encompasses all of TD’s wholly own…","ions inventory is prepared in accordance with the Greenhouse Gas Protocol (GHG Protocol): A Corporate Accounting and Reporting Standard, the GHG Protocol Scope 2 Guidance, and the Corporate Value Chain (Scope 3) Accounting and Reporting Standard. Organizational Boundary The scope of our non-financed GHG emissions inventory encompasses all of TD’s wholly own…",pdf_page_backfill,accepted_explicit_named_series_edge,corporate value chain\s*\(scope 3\)
ghg_corporate_standard::B,r169_lukoil,LUKOIL,卢克石油公司,169,B,采矿业,Mining,B,采矿业,Mining,corrected_by_excel_industry_review,GHG Protocol,ghg_corporate_standard,GHG Protocol 企业核算与报告标准,GHG Protocol Corporate Accounting and Reporting Standard,accepted,source_text_explicitly_names_this_ghg_protocol_series,accepted_explicit_ghg_fine_series_edge,explicit_series_citation,66,LUKOIL Group Sustainability Report 2024.pdf,"antify greenhouse gas emissions of LUKOIL Group for 2024 (Scope 1, 2, avoided and reduced greenhouse gas emissions from renewable energy sources): • The Greenhouse Gas Protocol: A Corporate Accounting and Reporting Standard. World Resources Institute and World Business Council for Sustainable Development, 2004 (revised); • The Greenhouse Gas Protocol: GHG P…","antify greenhouse gas emissions of LUKOIL Group for 2024 (Scope 1, 2, avoided and reduced greenhouse gas emissions from renewable energy sources): • The Greenhouse Gas Protocol: A Corporate Accounting and Reporting Standard. World Resources Institute and World Business Council for Sustainable Development, 2004 (revised); • The Greenhouse Gas Protocol: GHG P…",pdf_page_backfill,accepted_explicit_named_series_edge,corporate accounting and reporting standard
ghg_scope2_guidance::B,r169_lukoil,LUKOIL,卢克石油公司,169,B,采矿业,Mining,B,采矿业,Mining,corrected_by_excel_industry_review,GHG Protocol,ghg_scope2_guidance,GHG Protocol Scope 2 指南,GHG Protocol Scope 2 Guidance,accepted,source_text_explicitly_names_this_ghg_protocol_series,accepted_explicit_ghg_fine_series_edge,explicit_series_citation,66,LUKOIL Group Sustainability Report 2024.pdf,"te Accounting and Reporting Standard. World Resources Institute and World Business Council for Sustainable Development, 2004 (revised); • The Greenhouse Gas Protocol: GHG Protocol Scope 2 Guidance; • IPCC Guidelines for National Greenhouse Gas Inventories, 2006; • Methodology for quantifying greenhouse gas emissions. Approved by Order No. 371 of the … PDF f…","te Accounting and Reporting Standard. World Resources Institute and World Business Council for Sustainable Development, 2004 (revised); • The Greenhouse Gas Protocol: GHG Protocol Scope 2 Guidance; • IPCC Guidelines for National Greenhouse Gas Inventories, 2006; • Methodology for quantifying greenhouse gas emissions. Approved by Order No. 371 of the … PDF f…",pdf_page_backfill,accepted_explicit_named_series_edge,scope 2 guidance
ghg_financial_industry_standard::J,r174_法国bpce银行集团,BPCE Group,法国BPCE银行,174,J,金融业,Finance,J,金融业,Finance,consistent_with_company_workbench,GHG Protocol,ghg_financial_industry_standard,金融行业全球温室气体核算与报告标准,Global GHG Accounting and Reporting Standard for the Financial Industry,accepted,source_text_explicitly_names_this_ghg_protocol_series,accepted_explicit_ghg_fine_series_edge,explicit_series_citation,29 | 30 | 32,GROUPE BPCE-2023-240506-tcfd-version-uk.pdf,urces Carbone 4 (carbon emissions from corporate financing) I Care (data chiefly from ADEME for dedicated financing) ADEME (financing of renewables in light of their technologies) PCAF score Score: 2.3 Calculation method PACTA (average of customer intensities weighted by portfolio exposures) Metric Carbon intensity (g CO2eq / kWh) Scenario IEA NZE 2050 scen…,urces Carbone 4 (carbon emissions from corporate financing) I Care (data chiefly from ADEME for dedicated financing) ADEME (financing of renewables in light of their technologies) PCAF score Score: 2.3 Calculation method PACTA (average of customer intensities weighted by portfolio exposures) Metric Carbon intensity (g CO2eq / kWh) Scenario IEA NZE 2050 scen…,pdf_page_backfill,accepted_explicit_named_series_edge,\bpcaf\b
ghg_corporate_standard::C,r176_巴西jbs公司,JBS,巴西JBS,176,C,制造业,Manufacturing,C,制造业,Manufacturing,consistent_with_company_workbench,GHG Protocol,ghg_corporate_standard,GHG Protocol 企业核算与报告标准,GHG Protocol Corporate Accounting and Reporting Standard,accepted,source_text_explicitly_names_this_ghg_protocol_series,accepted_explicit_ghg_fine_series_edge,explicit_series_citation,30 | 21,JBS_Sustainability_Report_2023.pdf,2 and others. Our GHG emissions are calculated based on the World Resources Institute’s and the World Business Council for Sustainable Development’s The Greenhouse Gas Protocol: A Corporate Accounting and Reporting Standard SASB FB-MP-110a.2 and others. Our GHG emissions are calculated based on the World Resources Institute’s and the World Business Council …,2 and others. Our GHG emissions are calculated based on the World Resources Institute’s and the World Business Council for Sustainable Development’s The Greenhouse Gas Protocol: A Corporate Accounting and Reporting Standard SASB FB-MP-110a.2 and others. Our GHG emissions are calculated based on the World Resources Institute’s and the World Business Council …,medium,accepted_explicit_named_series_edge,corporate accounting and reporting standard
ghg_corporate_standard::F,r177_alimentationcouchetard公司,Alimentation Couche-Tard,Alimentation Couche-Tard,177,F,批发和零售业,Wholesale and Retail Trade,F,批发和零售业,Wholesale and Retail Trade,consistent_with_company_workbench,GHG Protocol,ghg_corporate_standard,GHG Protocol 企业核算与报告标准,GHG Protocol Corporate Accounting and Reporting Standard,accepted,source_text_explicitly_names_this_ghg_protocol_series,accepted_explicit_ghg_fine_series_edge,explicit_series_citation,52,ALIMENTATION COUCHE-TARD-COTA085_ACT_2025_Sustainability_Report_EN_20250625_v2.pdf,entation Couche-Tard Inc. Sustainability Report © 2025 52 Scope 1 & 2 GHG Emissions ACT’s Scope 1 and 2 GHG emissions are calculated in accordance with the Greenhouse Gas Protocol Corporate Accounting and Reporting Standard. Our 2025 re Alimentation Couche-Tard Inc. Sustainability Report © 2025 52 Scope 1 & 2 GHG Emissions ACT’s Scope 1 and 2 GHG emissions …,entation Couche-Tard Inc. Sustainability Report © 2025 52 Scope 1 & 2 GHG Emissions ACT’s Scope 1 and 2 GHG emissions are calculated in accordance with the Greenhouse Gas Protocol Corporate Accounting and Reporting Standard. Our 2025 re Alimentation Couche-Tard Inc. Sustainability Report © 2025 52 Scope 1 & 2 GHG Emissions ACT’s Scope 1 and 2 GHG emissions …,medium,accepted_explicit_named_series_edge,corporate accounting and reporting standard
ghg_scope3_standard::F,r177_alimentationcouchetard公司,Alimentation Couche-Tard,Alimentation Couche-Tard,177,F,批发和零售业,Wholesale and Retail Trade,F,批发和零售业,Wholesale and Retail Trade,consistent_with_company_workbench,GHG Protocol,ghg_scope3_standard,GHG Protocol 企业价值链（Scope 3）核算与报告标准,GHG Protocol Corporate Value Chain (Scope 3) Accounting and Reporting Standard,accepted,source_text_explicitly_names_this_ghg_protocol_series,accepted_explicit_ghg_fine_series_edge,explicit_series_citation,52 | 53,ALIMENTATION COUCHE-TARD-COTA085_ACT_2025_Sustainability_Report_EN_20250625_v2.pdf,"definitions). Scope 3 Emissions During 2023, we completed a screening-level assessment to better understand our relevant Scope 3 emission categories, in line with the GHG Protocol Corporate Value Chain (Scope 3) Standard. Results from this screening exercise revealed that, in total, upstream emissions from purchased goods and services (more specifically fue…","definitions). Scope 3 Emissions During 2023, we completed a screening-level assessment to better understand our relevant Scope 3 emission categories, in line with the GHG Protocol Corporate Value Chain (Scope 3) Standard. Results from this screening exercise revealed that, in total, upstream emissions from purchased goods and services (more specifically fue…",pdf_page_backfill,accepted_explicit_named_series_edge,corporate value chain\s*\(scope 3\)
ghg_corporate_standard::J,r182_ubsgroup,UBS GROUP,瑞银集团,182,J,金融业,Finance,J,金融业,Finance,consistent_with_company_workbench,GHG Protocol,ghg_corporate_standard,GHG Protocol 企业核算与报告标准,GHG Protocol Corporate Accounting and Reporting Standard,accepted,source_text_explicitly_names_this_ghg_protocol_series,accepted_explicit_ghg_fine_series_edge,explicit_series_citation,34,UBS GROUP-sustainability-report-2024.pdf,el and cement corporate sectors. Our approach to target-setting is based on industry guidance and our calculation methodology is based on global standards such as the GHG Protocol Corporate Accounting and Reporting Standard and the Partnership for Carbon Accounting Financials (the PCAF). Our 2030 targets were approved and are continued to be overseen by the…,el and cement corporate sectors. Our approach to target-setting is based on industry guidance and our calculation methodology is based on global standards such as the GHG Protocol Corporate Accounting and Reporting Standard and the Partnership for Carbon Accounting Financials (the PCAF). Our 2030 targets were approved and are continued to be overseen by the…,pdf_page_backfill,accepted_explicit_named_series_edge,corporate accounting and reporting standard
ghg_financial_industry_standard::J,r189_itaúunibancoholding,ITAÚ UNIBANCO HOLDING,伊塔乌联合银行控股公司,189,J,金融业,Finance,J,金融业,Finance,consistent_with_company_workbench,GHG Protocol,ghg_financial_industry_standard,金融行业全球温室气体核算与报告标准,Global GHG Accounting and Reporting Standard for the Financial Industry,accepted,source_text_explicitly_names_this_ghg_protocol_series,accepted_explicit_ghg_fine_series_edge,explicit_series_citation,122 | 124,ITAÚ UNIBANCO HOLDING ESG Report 2024.pdf,"fication in each tier of the score and the percentage of the credit portfolio in each of them, comparing the results of the last three years. It is important to highlight that the PCAF score evaluates the quality of the information used in the calculation of the financed issues, that is, the greater the availability of data from our clients, the better our …","fication in each tier of the score and the percentage of the credit portfolio in each of them, comparing the results of the last three years. It is important to highlight that the PCAF score evaluates the quality of the information used in the calculation of the financed issues, that is, the greater the availability of data from our clients, the better our …",pdf_page_backfill,accepted_explicit_named_series_edge,\bpcaf\b
ghg_corporate_standard::C,r191_generalelectric,GENERAL ELECTRIC,通用电气公司,191,C,制造业,Manufacturing,C,制造业,Manufacturing,consistent_with_company_workbench,GHG Protocol,ghg_corporate_standard,GHG Protocol 企业核算与报告标准,GHG Protocol Corporate Accounting and Reporting Standard,accepted,source_text_explicitly_names_this_ghg_protocol_series,accepted_explicit_ghg_fine_series_edge,explicit_series_citation,3 | 38,GENERAL ELECTRIC-Aerospace 2025-sustainability-report.pdf,"s (GHG) Inventory Management Plan, which primarily follows the World Resources Institute/ World Business Council for Sustainable Development (WRI/WBCSD) Greenhouse Gas Protocol: A Corporate Accounting and Reporting Standard, Re Greenhouse Gas (GHG) Inventory Management Plan, which primarily follows the World Resources Institute/ World Business Council for S…","s (GHG) Inventory Management Plan, which primarily follows the World Resources Institute/ World Business Council for Sustainable Development (WRI/WBCSD) Greenhouse Gas Protocol: A Corporate Accounting and Reporting Standard, Re Greenhouse Gas (GHG) Inventory Management Plan, which primarily follows the World Resources Institute/ World Business Council for S…",medium,accepted_explicit_named_series_edge,corporate accounting and reporting standard
ghg_corporate_standard::C,r193_lockheedmartin,LOCKHEED MARTIN,洛克希德－马丁,193,C,制造业,Manufacturing,C,制造业,Manufacturing,consistent_with_company_workbench,GHG Protocol,ghg_corporate_standard,GHG Protocol 企业核算与报告标准,GHG Protocol Corporate Accounting and Reporting Standard,accepted,source_text_explicitly_names_this_ghg_protocol_series,accepted_explicit_ghg_fine_series_edge,explicit_series_citation,28,2024-LOCKHEED MARTIN-Sustainability-Performance-Report.pdf,Relevance|Completeness|Consistency|Transparency|Accuracy 相关性|完整性|一致性|透明性|准确性 y in accordance with the World Business Council for Sustainable Development (WBCSD) and World Resources Institute (WRI) Greenhouse Gas – A Corporate Accounting Standard and Corporate Value Chain (Scope 3) Accounting and Reporting Standard ( y in accordance with the World Business C…,Relevance|Completeness|Consistency|Transparency|Accuracy 相关性|完整性|一致性|透明性|准确性 y in accordance with the World Business Council for Sustainable Development (WBCSD) and World Resources Institute (WRI) Greenhouse Gas – A Corporate Accounting Standard and Corporate Value Chain (Scope 3) Accounting and Reporting Standard ( y in accordance with the World Business C…,medium,accepted_explicit_named_series_edge,"(?:ghg protocol | greenhouse gas protocol | wri | world resources institute | world business council)[\s\S]{0,160}corporate accounting standard"
ghg_scope3_standard::C,r193_lockheedmartin,LOCKHEED MARTIN,洛克希德－马丁,193,C,制造业,Manufacturing,C,制造业,Manufacturing,consistent_with_company_workbench,GHG Protocol,ghg_scope3_standard,GHG Protocol 企业价值链（Scope 3）核算与报告标准,GHG Protocol Corporate Value Chain (Scope 3) Accounting and Reporting Standard,accepted,source_text_explicitly_names_this_ghg_protocol_series,accepted_explicit_ghg_fine_series_edge,explicit_series_citation,28,2024-LOCKHEED MARTIN-Sustainability-Performance-Report.pdf,明性|准确性 y in accordance with the World Business Council for Sustainable Development (WBCSD) and World Resources Institute (WRI) Greenhouse Gas – A Corporate Accounting Standard and Corporate Value Chain (Scope 3) Accounting and Reporting Standard ( y in accordance with the World Business Council for Sustainable Development (WBCSD) and World Resources Institu…,明性|准确性 y in accordance with the World Business Council for Sustainable Development (WBCSD) and World Resources Institute (WRI) Greenhouse Gas – A Corporate Accounting Standard and Corporate Value Chain (Scope 3) Accounting and Reporting Standard ( y in accordance with the World Business Council for Sustainable Development (WBCSD) and World Resources Institu…,medium,accepted_explicit_named_series_edge,corporate value chain\s*\(scope 3\)
ghg_corporate_standard::C,r199_caterpillar,CATERPILLAR,卡特彼勒,199,C,制造业,Manufacturing,C,制造业,Manufacturing,consistent_with_company_workbench,GHG Protocol,ghg_corporate_standard,GHG Protocol 企业核算与报告标准,GHG Protocol Corporate Accounting and Reporting Standard,accepted,source_text_explicitly_names_this_ghg_protocol_series,accepted_explicit_ghg_fine_series_edge,explicit_series_citation,29 | 71,CATERPILLAR 2024 SUSTAINABILITY REPORT.pdf,"States, Canada, Panama and Mexico paid in 2024. SUMMARY CUSTOMER ENVIRONMENT PEOPLE GOVERNANCE REPORTING Caterpillar Inc. 2024 Sustainability Report 69 Reporting criteria • WBCSD/WRI GHG Protocol: A Corporate Accounting Standard (2004, as updated January 2015) • The WBCSD/WRI GHG Protocol Corporate Value Chain (Scope 3) Accounting and Reporting Standard (20…","States, Canada, Panama and Mexico paid in 2024. SUMMARY CUSTOMER ENVIRONMENT PEOPLE GOVERNANCE REPORTING Caterpillar Inc. 2024 Sustainability Report 69 Reporting criteria • WBCSD/WRI GHG Protocol: A Corporate Accounting Standard (2004, as updated January 2015) • The WBCSD/WRI GHG Protocol Corporate Value Chain (Scope 3) Accounting and Reporting Standard (20…",pdf_page_backfill,accepted_explicit_named_series_edge,"(?:ghg protocol | greenhouse gas protocol | wri | world resources institute | world business council)[\s\S]{0,160}corporate accounting standard"
ghg_scope2_guidance::C,r199_caterpillar,CATERPILLAR,卡特彼勒,199,C,制造业,Manufacturing,C,制造业,Manufacturing,consistent_with_company_workbench,GHG Protocol,ghg_scope2_guidance,GHG Protocol Scope 2 指南,GHG Protocol Scope 2 Guidance,accepted,source_text_explicitly_names_this_ghg_protocol_series,accepted_explicit_ghg_fine_series_edge,explicit_series_citation,29 | 69,CATERPILLAR 2024 SUSTAINABILITY REPORT.pdf,hanged at 30% and is aligned to the SBTi methodology guidance at the time of goal setting. 9. Location-based Scope 2 GHG emissions are provided in accordance with the GHG Protocol Scope 2 guidance (2015). Our market- based Scope 2 emissions are calculated using the Scope 2 Quality Criteria. The following instruments were used in calculating our market-based…,hanged at 30% and is aligned to the SBTi methodology guidance at the time of goal setting. 9. Location-based Scope 2 GHG emissions are provided in accordance with the GHG Protocol Scope 2 guidance (2015). Our market- based Scope 2 emissions are calculated using the Scope 2 Quality Criteria. The following instruments were used in calculating our market-based…,pdf_page_backfill,accepted_explicit_named_series_edge,scope 2 guidance
ghg_scope3_standard::C,r199_caterpillar,CATERPILLAR,卡特彼勒,199,C,制造业,Manufacturing,C,制造业,Manufacturing,consistent_with_company_workbench,GHG Protocol,ghg_scope3_standard,GHG Protocol 企业价值链（Scope 3）核算与报告标准,GHG Protocol Corporate Value Chain (Scope 3) Accounting and Reporting Standard,accepted,source_text_explicitly_names_this_ghg_protocol_series,accepted_explicit_ghg_fine_series_edge,explicit_series_citation,29 | 71,CATERPILLAR 2024 SUSTAINABILITY REPORT.pdf,"pillar Inc. 2024 Sustainability Report 69 Reporting criteria • WBCSD/WRI GHG Protocol: A Corporate Accounting Standard (2004, as updated January 2015) • The WBCSD/WRI GHG Protocol Corporate Value Chain (Scope 3) Accounting and Reporting Standard (2011) • Caterpillar’s Basis of Reporting (as described in ‘About this Report’ on pg. 61 and endnotes on pg. 69 o…","pillar Inc. 2024 Sustainability Report 69 Reporting criteria • WBCSD/WRI GHG Protocol: A Corporate Accounting Standard (2004, as updated January 2015) • The WBCSD/WRI GHG Protocol Corporate Value Chain (Scope 3) Accounting and Reporting Standard (2011) • Caterpillar’s Basis of Reporting (as described in ‘About this Report’ on pg. 61 and endnotes on pg. 69 o…",pdf_page_backfill,accepted_explicit_named_series_edge,corporate value chain\s*\(scope 3\)
ghg_financial_industry_standard::J,r200_bancobilbaovizcayaargentaria,BANCO BILBAO VIZCAYA ARGENTARIA,西班牙对外银行,200,J,金融业,Finance,J,金融业,Finance,consistent_with_company_workbench,GHG Protocol,ghg_financial_industry_standard,金融行业全球温室气体核算与报告标准,Global GHG Accounting and Reporting Standard for the Financial Industry,accepted,source_text_explicitly_names_this_ghg_protocol_series,accepted_explicit_ghg_fine_series_edge,explicit_series_citation,107 | 108 | 109,BBVA_Annual_Report_2024_ENG.pdf,"ed with our financing and direct investment activities, also known as Scope 3 Category 15 greenhouse gas (GHG) emissions. To carry out this measurement, BBVA has adopted the PCAF (Partnership for Carbon Accounting Financials) methodology. This calculation will cover all portfolios included in the scope of the PCAF standard (first edition) and the Group's si…","ed with our financing and direct investment activities, also known as Scope 3 Category 15 greenhouse gas (GHG) emissions. To carry out this measurement, BBVA has adopted the PCAF (Partnership for Carbon Accounting Financials) methodology. This calculation will cover all portfolios included in the scope of the PCAF standard (first edition) and the Group's si…",pdf_page_backfill,accepted_explicit_named_series_edge,partnership for carbon accounting financials | \bpcaf\b
ghg_corporate_standard::J,r202_metlife,METLIFE,美国大都会集团,202,J,金融业,Finance,J,金融业,Finance,consistent_with_company_workbench,GHG Protocol,ghg_corporate_standard,GHG Protocol 企业核算与报告标准,GHG Protocol Corporate Accounting and Reporting Standard,accepted,source_text_explicitly_names_this_ghg_protocol_series,accepted_explicit_ghg_fine_series_edge,explicit_series_citation,76,metlife_sustainability_report_2024.pdf,"MetLife. These financed emissions are lastly aggregated at the portfolio level. All calculations are performed in accordance with Partnership for Carbon Accounting Financials and Greenhouse Gas Protocol Corporate Standard guidance. Physical Risk Exposure FN-IN-450a.1, Probable Maximum Loss (PML) of insured products from weather-related natural catastrophes …","MetLife. These financed emissions are lastly aggregated at the portfolio level. All calculations are performed in accordance with Partnership for Carbon Accounting Financials and Greenhouse Gas Protocol Corporate Standard guidance. Physical Risk Exposure FN-IN-450a.1, Probable Maximum Loss (PML) of insured products from weather-related natural catastrophes …",pdf_page_backfill,accepted_explicit_named_series_edge,"(?:ghg protocol | greenhouse gas protocol | wri | world resources institute | world business council)[\s\S]{0,160}corporate standard"
ghg_financial_industry_standard::J,r202_metlife,METLIFE,美国大都会集团,202,J,金融业,Finance,J,金融业,Finance,consistent_with_company_workbench,GHG Protocol,ghg_financial_industry_standard,金融行业全球温室气体核算与报告标准,Global GHG Accounting and Reporting Standard for the Financial Industry,accepted,source_text_explicitly_names_this_ghg_protocol_series,accepted_explicit_ghg_fine_series_edge,explicit_series_citation,76 | 11 | 28,metlife_sustainability_report_2024.pdf,"age to get the financed emissions attributable to MetLife. These financed emissions are lastly aggregated at the portfolio level. All calculations are performed in accordance with Partnership for Carbon Accounting Financials and Greenhouse Gas Protocol Corporate Standard guidance. Physical Risk Exposure FN-IN-450a.1, Probable Maximum Loss (PML) of insured p…","age to get the financed emissions attributable to MetLife. These financed emissions are lastly aggregated at the portfolio level. All calculations are performed in accordance with Partnership for Carbon Accounting Financials and Greenhouse Gas Protocol Corporate Standard guidance. Physical Risk Exposure FN-IN-450a.1, Probable Maximum Loss (PML) of insured p…",pdf_page_backfill,accepted_explicit_named_series_edge,partnership for carbon accounting financials
ghg_corporate_standard::J,r204_lloydsbankinggroup,LLOYDS BANKING GROUP,英国劳埃德银行集团,204,J,金融业,Finance,J,金融业,Finance,consistent_with_company_workbench,GHG Protocol,ghg_corporate_standard,GHG Protocol 企业核算与报告标准,GHG Protocol Corporate Accounting and Reporting Standard,accepted,source_text_explicitly_names_this_ghg_protocol_series,accepted_explicit_ghg_fine_series_edge,explicit_series_citation,63 | 47,Lloyds_Banking_Group_Annual_Report_2024.pdf,"Streamlined energy carbon reporting Methodology The Group follows the principles of the Greenhouse Gas (GHG) Protocol Corporate Accounting and Reporting Standard to calculate Scope 1, 2 and 3 emissions from our worldwide operations. Energy consumption is calculated according to guidance set out by the Department for Energy Security and Net","Streamlined energy carbon reporting Methodology The Group follows the principles of the Greenhouse Gas (GHG) Protocol Corporate Accounting and Reporting Standard to calculate Scope 1, 2 and 3 emissions from our worldwide operations. Energy consumption is calculated according to guidance set out by the Department for Energy Security and Net",pdf_page_backfill,accepted_explicit_named_series_edge,corporate accounting and reporting standard
ghg_financial_industry_standard::J,r205_deutschebank,DEUTSCHE BANK,德意志银行,205,J,金融业,Finance,J,金融业,Finance,consistent_with_company_workbench,GHG Protocol,ghg_financial_industry_standard,金融行业全球温室气体核算与报告标准,Global GHG Accounting and Reporting Standard for the Financial Industry,accepted,source_text_explicitly_names_this_ghg_protocol_series,accepted_explicit_ghg_fine_series_edge,explicit_series_citation,308 | 311 | 316 | 312,Deutsche_Bank_Annual_Report_2024.pdf,276 Deutsche Bank Environmental information Annual Report 2024 Climate change Financed Emissions: Scope 3 Category 15 ESRS E1-6 The financed emissions calculations follow the Partnership for Carbon Accounting Financials (“PCAF”) Standard as detailed in the Methodological Notes in this section and are in line with the recommendations of the Task Force on Cli…,276 Deutsche Bank Environmental information Annual Report 2024 Climate change Financed Emissions: Scope 3 Category 15 ESRS E1-6 The financed emissions calculations follow the Partnership for Carbon Accounting Financials (“PCAF”) Standard as detailed in the Methodological Notes in this section and are in line with the recommendations of the Task Force on Cli…,pdf_page_backfill,accepted_explicit_named_series_edge,partnership for carbon accounting financials | \bpcaf\b
ghg_financial_industry_standard::J,r208_sumitomomitsuifinancialgroup,SUMITOMO MITSUI FINANCIAL GROUP,日本三井住友金融集团,208,J,金融业,Finance,J,金融业,Finance,consistent_with_company_workbench,GHG Protocol,ghg_financial_industry_standard,金融行业全球温室气体核算与报告标准,Global GHG Accounting and Reporting Standard for the Financial Industry,accepted,source_text_explicitly_names_this_ghg_protocol_series,accepted_explicit_ghg_fine_series_edge,explicit_series_citation,90 | 127 | 128,SUMITOMO MITSUI FINANCIAL GROUP sustainability_report_e_2025.pdf,"ng progress. ⚫ Calculates GHG emissions in the power and oil & gas sectors for underwriting, which is the core business of securities business. ⚫ Based on the final version of the PCAF guidelines, the calculation method has been advanced. ⚫Appendix: Methodology for calculating Underwriting Financed Emissions ⚫Sumitomo Mitsui DS Asset Management website > In…","ng progress. ⚫ Calculates GHG emissions in the power and oil & gas sectors for underwriting, which is the core business of securities business. ⚫ Based on the final version of the PCAF guidelines, the calculation method has been advanced. ⚫Appendix: Methodology for calculating Underwriting Financed Emissions ⚫Sumitomo Mitsui DS Asset Management website > In…",pdf_page_backfill,accepted_explicit_named_series_edge,\bpcaf\b
ghg_corporate_standard::C,r209_lg电子,LG Electronics,LG电子,209,C,制造业,Manufacturing,C,制造业,Manufacturing,consistent_with_company_workbench,GHG Protocol,ghg_corporate_standard,GHG Protocol 企业核算与报告标准,GHG Protocol Corporate Accounting and Reporting Standard,accepted,source_text_explicitly_names_this_ghg_protocol_series,accepted_explicit_ghg_fine_series_edge,explicit_series_citation,165 | 164,2024-2025_LGE_Sustainability_Report_English.pdf,"the Company’s Greenhouse Gas Statement. The Company is responsible for the preparation of the GHG statement on the basis set out within Audit Standard, ‘WRI/WBCSD GHG Protocol: A Corporate Accounting and Reporting Standard ’, ‘The Corporate Value Chain (Scope 3) Accounting and Reporting Standard’, ‘IPCC Guidelines: 2006’ The Company has full responsibility …","the Company’s Greenhouse Gas Statement. The Company is responsible for the preparation of the GHG statement on the basis set out within Audit Standard, ‘WRI/WBCSD GHG Protocol: A Corporate Accounting and Reporting Standard ’, ‘The Corporate Value Chain (Scope 3) Accounting and Reporting Standard’, ‘IPCC Guidelines: 2006’ The Company has full responsibility …",pdf_page_backfill,accepted_explicit_named_series_edge,corporate accounting and reporting standard
ghg_scope3_standard::C,r209_lg电子,LG Electronics,LG电子,209,C,制造业,Manufacturing,C,制造业,Manufacturing,consistent_with_company_workbench,GHG Protocol,ghg_scope3_standard,GHG Protocol 企业价值链（Scope 3）核算与报告标准,GHG Protocol Corporate Value Chain (Scope 3) Accounting and Reporting Standard,accepted,source_text_explicitly_names_this_ghg_protocol_series,accepted_explicit_ghg_fine_series_edge,explicit_series_citation,165 | 164,2024-2025_LGE_Sustainability_Report_English.pdf,"is responsible for the preparation of the GHG statement on the basis set out within Audit Standard, ‘WRI/WBCSD GHG Protocol: A Corporate Accounting and Reporting Standard ’, ‘The Corporate Value Chain (Scope 3) Accounting and Reporting Standard’, ‘IPCC Guidelines: 2006’ The Company has full responsibility of the GHG statement. According to terms of contract…","is responsible for the preparation of the GHG statement on the basis set out within Audit Standard, ‘WRI/WBCSD GHG Protocol: A Corporate Accounting and Reporting Standard ’, ‘The Corporate Value Chain (Scope 3) Accounting and Reporting Standard’, ‘IPCC Guidelines: 2006’ The Company has full responsibility of the GHG statement. According to terms of contract…",pdf_page_backfill,accepted_explicit_named_series_edge,corporate value chain\s*\(scope 3\)
ghg_financial_industry_standard::J,r215_munichregroup,MUNICH RE GROUP,慕尼黑再保险集团,215,J,金融业,Finance,J,金融业,Finance,consistent_with_company_workbench,GHG Protocol,ghg_financial_industry_standard,金融行业全球温室气体核算与报告标准,Global GHG Accounting and Reporting Standard for the Financial Industry,accepted,source_text_explicitly_names_this_ghg_protocol_series,accepted_explicit_ghg_fine_series_edge,explicit_series_citation,101 | 104 | 105,MunichRe-Group-Annual-Report-2024-en.pdf,"Structured standard tag: GHG Protocol; Standard role: Accounting standard; Matched keywords: PCAF financed emissions methodology CO2e for thermal coal and 1,032,872 t CO2e for oil and gas. The asset classes covered by the Munich Re Group Ambition 2025 targets are currently not","Structured standard tag: GHG Protocol; Standard role: Accounting standard; Matched keywords: PCAF financed emissions methodology CO2e for thermal coal and 1,032,872 t CO2e for oil and gas. The asset classes covered by the Munich Re Group Ambition 2025 targets are currently not",pdf_page_backfill,accepted_explicit_named_series_edge,\bpcaf\b | partnership for carbon accounting financials
ghg_scope3_standard::J,r215_munichregroup,MUNICH RE GROUP,慕尼黑再保险集团,215,J,金融业,Finance,J,金融业,Finance,consistent_with_company_workbench,GHG Protocol,ghg_scope3_standard,GHG Protocol 企业价值链（Scope 3）核算与报告标准,GHG Protocol Corporate Value Chain (Scope 3) Accounting and Reporting Standard,accepted,source_text_explicitly_names_this_ghg_protocol_series,accepted_explicit_ghg_fine_series_edge,explicit_series_citation,104,MunichRe-Group-Annual-Report-2024-en.pdf,"–2 3 246 121 19 100 Project finance 1–2 536 394 28 100 Total financed emissions 7284057 In accordance with the principles and provisions of the Green House Gas Protocol (GHGP) Corporate Value Chain (Scope 3) Accounting and Reporting Standard (2011), the financed emissions comprise our equity instruments, debt instruments in companies with known and unkn…","–2 3 246 121 19 100 Project finance 1–2 536 394 28 100 Total financed emissions 7284057 In accordance with the principles and provisions of the Green House Gas Protocol (GHGP) Corporate Value Chain (Scope 3) Accounting and Reporting Standard (2011), the financed emissions comprise our equity instruments, debt instruments in companies with known and unkn…",pdf_page_backfill,accepted_explicit_named_series_edge,corporate value chain\s*\(scope 3\)
ghg_corporate_standard::J,r224_zurichinsurancegroup,ZURICH INSURANCE GROUP,苏黎世保险集团,224,J,金融业,Finance,J,金融业,Finance,consistent_with_company_workbench,GHG Protocol,ghg_corporate_standard,GHG Protocol 企业核算与报告标准,GHG Protocol Corporate Accounting and Reporting Standard,accepted,source_text_explicitly_names_this_ghg_protocol_series,accepted_explicit_ghg_fine_series_edge,explicit_series_citation,63,ZURICH INSURANCE GROUP sustainability-report-2024.pdf,"sustainability/planet/sustainable-operations 3 3Our environmental reporting methodology follows the GRI Standard, which is based on the requirements of the Greenhouse Gas Protocol Corporate Accounting and Reporting Standard. For more details on methodology, visit our website: www.zurich.com/sustainability/planet/sustainable-operations PDF full-document exac…","sustainability/planet/sustainable-operations 3 3Our environmental reporting methodology follows the GRI Standard, which is based on the requirements of the Greenhouse Gas Protocol Corporate Accounting and Reporting Standard. For more details on methodology, visit our website: www.zurich.com/sustainability/planet/sustainable-operations PDF full-document exac…",pdf_page_backfill,accepted_explicit_named_series_edge,corporate accounting and reporting standard
ghg_financial_industry_standard::J,r224_zurichinsurancegroup,ZURICH INSURANCE GROUP,苏黎世保险集团,224,J,金融业,Finance,J,金融业,Finance,consistent_with_company_workbench,GHG Protocol,ghg_financial_industry_standard,金融行业全球温室气体核算与报告标准,Global GHG Accounting and Reporting Standard for the Financial Industry,accepted,source_text_explicitly_names_this_ghg_protocol_series,accepted_explicit_ghg_fine_series_edge,explicit_series_citation,57 | 13 | 46 | 48,ZURICH INSURANCE GROUP sustainability-report-2024.pdf,"Structured standard tag: GHG Protocol; Standard role: Accounting standard; Matched keywords: PCAF financed emissions methodology is can be attributed to a company’s underlying equity and/or debt investors, who are ready to take additional responsibility for the emissions. To c","Structured standard tag: GHG Protocol; Standard role: Accounting standard; Matched keywords: PCAF financed emissions methodology is can be attributed to a company’s underlying equity and/or debt investors, who are ready to take additional responsibility for the emissions. To c",pdf_page_backfill,accepted_explicit_named_series_edge,\bpcaf\b | partnership for carbon accounting financials
ghg_scope3_standard::C,r230_bungeglobal,BUNGE GLOBAL,邦吉公司,230,C,制造业,Manufacturing,C,制造业,Manufacturing,consistent_with_company_workbench,GHG Protocol,ghg_scope3_standard,GHG Protocol 企业价值链（Scope 3）核算与报告标准,GHG Protocol Corporate Value Chain (Scope 3) Accounting and Reporting Standard,accepted,source_text_explicitly_names_this_ghg_protocol_series,accepted_explicit_ghg_fine_series_edge,explicit_series_citation,7 | 24,2025-Bunge-Global-Sustainability-Report.pdf,"or vessel performance and cargo ship routes, which help us achieve speed and route optimization, promote safety during the voyage and lower consumption of fuel. 1 The GHG Protocol Corporate Value Chain Accounting and Reporting Standard divides Scope 3 in 15 categories of emission. Bunge’s inventory includes 13 of these categories. Downstream leased assets a…","or vessel performance and cargo ship routes, which help us achieve speed and route optimization, promote safety during the voyage and lower consumption of fuel. 1 The GHG Protocol Corporate Value Chain Accounting and Reporting Standard divides Scope 3 in 15 categories of emission. Bunge’s inventory includes 13 of these categories. Downstream leased assets a…",pdf_page_backfill,accepted_explicit_named_series_edge,corporate value chain.*scope 3
ghg_corporate_standard::B,r235_conocophillips,CONOCOPHILLIPS,康菲石油公司,235,B,采矿业,Mining,B,采矿业,Mining,consistent_with_company_workbench,GHG Protocol,ghg_corporate_standard,GHG Protocol 企业核算与报告标准,GHG Protocol Corporate Accounting and Reporting Standard,accepted,source_text_explicitly_names_this_ghg_protocol_series,accepted_explicit_ghg_fine_series_edge,explicit_series_citation,23 | 27,2024-sustainability-report CONOCOPHILLIPS.pdf,Managing climate-related risks 21 3 In support of our company reporting practices that are based on the data principles from the World Resources Institute Greenhouse Gas Protocol Corporate Accounting and Reporting Standard. SCOPE 1 — Direct GHG emissions from sources owned or controlled by ConocoPhillips. SCOPE 2 — GHG emissions from the generation of purch…,Managing climate-related risks 21 3 In support of our company reporting practices that are based on the data principles from the World Resources Institute Greenhouse Gas Protocol Corporate Accounting and Reporting Standard. SCOPE 1 — Direct GHG emissions from sources owned or controlled by ConocoPhillips. SCOPE 2 — GHG emissions from the generation of purch…,pdf_page_backfill,accepted_explicit_named_series_edge,corporate accounting and reporting standard
ghg_corporate_standard::C,r236_pfizer,PFIZER,辉瑞制药有限公司,236,C,制造业,Manufacturing,C,制造业,Manufacturing,consistent_with_company_workbench,GHG Protocol,ghg_corporate_standard,GHG Protocol 企业核算与报告标准,GHG Protocol Corporate Accounting and Reporting Standard,accepted,source_text_explicitly_names_this_ghg_protocol_series,accepted_explicit_ghg_fine_series_edge,explicit_series_citation,33 | 53,Pfizer_2024_Impact_Report_02JUN2025.pdf,"9 data is independently verified to the limited assurance level. Data for 2022-2024 is independently verified to the reasonable assurance level. 2 Scopes 1 and 2 as defined by the GHG Protocol Corporate Standard: • Scope 1: Direct GHG emissions. Direct GHG emissions occur from sources that are owned or controlled by the company, for example, emissions from …","9 data is independently verified to the limited assurance level. Data for 2022-2024 is independently verified to the reasonable assurance level. 2 Scopes 1 and 2 as defined by the GHG Protocol Corporate Standard: • Scope 1: Direct GHG emissions. Direct GHG emissions occur from sources that are owned or controlled by the company, for example, emissions from …",pdf_page_backfill,accepted_explicit_named_series_edge,"(?:ghg protocol | greenhouse gas protocol | wri | world resources institute | world business council)[\s\S]{0,160}corporate standard"
ghg_corporate_standard::G,r237_deltaairlines,DELTA AIR LINES,达美航空,237,G,交通运输、仓储和邮政业,"Transport, Storage and Post",G,交通运输、仓储和邮政业,"Transport, Storage and Post",consistent_with_company_workbench,GHG Protocol,ghg_corporate_standard,GHG Protocol 企业核算与报告标准,GHG Protocol Corporate Accounting and Reporting Standard,accepted,source_text_explicitly_names_this_ghg_protocol_series,accepted_explicit_ghg_fine_series_edge,explicit_series_citation,8 | 56,delta-difference-2024-report.pdf,"ne’s 2024 greenhouse gas emissions inventory according to the World Business Council for Sustainable Development and the World Resource Institute’s “The Greenhouse Gas Protocol: A Corporate Accounting and Reporting Standard” (Revised Edition). Dillon conducted the veriﬁcation according to ISO 14064-3: 2019 Standard. Based on the procedures undertaken, Dillo…","ne’s 2024 greenhouse gas emissions inventory according to the World Business Council for Sustainable Development and the World Resource Institute’s “The Greenhouse Gas Protocol: A Corporate Accounting and Reporting Standard” (Revised Edition). Dillon conducted the veriﬁcation according to ISO 14064-3: 2019 Standard. Based on the procedures undertaken, Dillo…",pdf_page_backfill,accepted_explicit_named_series_edge,corporate accounting and reporting standard
ghg_corporate_standard::D,r238_chinahuanenggroup,CHINA HUANENG GROUP,中国华能集团有限公司,238,D,电力、热力、燃气及水生产和供应业,"Electricity, Heat, Gas and Water Production and Supply",D,电力、热力、燃气及水生产和供应业,,consistent_with_company_workbench,GHG Protocol,ghg_corporate_standard,GHG Protocol 企业核算与报告标准,GHG Protocol Corporate Accounting and Reporting Standard,accepted,source_text_explicitly_names_this_ghg_protocol_series,accepted_explicit_ghg_fine_series_edge,explicit_series_citation,58,AIA GROUP-Main-ESG-Report_CH.pdf,標，包括按 性別和年齡劃分的員工流失率（第6 頁）以及按市場、性別、年齡及職級 劃分的員工結構概覽（第10 頁）依 據獨立執業會計師就友邦保險控股有 限公司的經識別的可持續發展資料的 有限保證鑒證報告進行鑒證。請參閱 第32 頁以獲取此數據鑒證工作中涵 蓋的細分營運範圍。 數據計量方法 友邦保險根據溫室氣體協議企業會計 和報告標準（GHG Protocol Corporate Accounting and Reporting Standard）、溫室氣體協議範圍2 指 南及香港特別行政區政府環保署提供 的指引計算排放量，亦會透過公用事 業公司可持續發展報告、溫室氣體協 議數據庫及國際能源總署（IEA） 2024 年排放因子數據庫，確定各個 營運地區溫室氣體排放（範圍1 和 2）的排放因子。我們參照英國政府 環…,標，包括按 性別和年齡劃分的員工流失率（第6 頁）以及按市場、性別、年齡及職級 劃分的員工結構概覽（第10 頁）依 據獨立執業會計師就友邦保險控股有 限公司的經識別的可持續發展資料的 有限保證鑒證報告進行鑒證。請參閱 第32 頁以獲取此數據鑒證工作中涵 蓋的細分營運範圍。 數據計量方法 友邦保險根據溫室氣體協議企業會計 和報告標準（GHG Protocol Corporate Accounting and Reporting Standard）、溫室氣體協議範圍2 指 南及香港特別行政區政府環保署提供 的指引計算排放量，亦會透過公用事 業公司可持續發展報告、溫室氣體協 議數據庫及國際能源總署（IEA） 2024 年排放因子數據庫，確定各個 營運地區溫室氣體排放（範圍1 和 2）的排放因子。我們參照英國政府 環…,pdf_page_backfill,accepted_explicit_named_series_edge,corporate accounting and reporting standard
ghg_scope3_standard::J,r245_assicurazionigenerali,ASSICURAZIONI GENERALI,意大利忠利保险公司,245,J,金融业,Finance,J,金融业,,consistent_with_company_workbench,GHG Protocol,ghg_scope3_standard,GHG Protocol 企业价值链（Scope 3）核算与报告标准,GHG Protocol Corporate Value Chain (Scope 3) Accounting and Reporting Standard,accepted,source_text_explicitly_names_this_ghg_protocol_series,accepted_explicit_ghg_fine_series_edge,explicit_series_citation,92,daimler-truck-ir-annual-report-2024-incl-combined-management-report-dth-ag.pdf,"particular note are the material Scope 3 categories, which were identified based on the magnitude of their estimated greenhouse gas emissions and the criteria of the GHG Protocol Corporate Value Chain (Scope 3) Accounting and Reporting Standard. These categories include emissions from purchased goods and services (3.1) and the use of products sold (3.11). 1…","particular note are the material Scope 3 categories, which were identified based on the magnitude of their estimated greenhouse gas emissions and the criteria of the GHG Protocol Corporate Value Chain (Scope 3) Accounting and Reporting Standard. These categories include emissions from purchased goods and services (3.1) and the use of products sold (3.11). 1…",pdf_page_backfill,accepted_explicit_named_series_edge,corporate value chain\s*\(scope 3\)
ghg_corporate_standard::C,r247_repsol,REPSOL,雷普索尔公司,247,C,制造业,Manufacturing,C,制造业,Manufacturing,corrected_by_excel_industry_review,GHG Protocol,ghg_corporate_standard,GHG Protocol 企业核算与报告标准,GHG Protocol Corporate Accounting and Reporting Standard,accepted,source_text_explicitly_names_this_ghg_protocol_series,accepted_explicit_ghg_fine_series_edge,explicit_series_citation,40 | 21,REPSOL consolidated-statement-non-financial-information-sustainability-information-2024.pdf,"monitor compliance with the Company's decarbonization targets. Environmental information / Climate Change 2024 Non-Financial and Sustainability Information 40 Repsol Group 36 The GHG Protocol guides for Scope 1, 2 and 3 can be found at: Corporate standard; Scope 2; Scope 3. PDF full-document exact-series scan: the report page names a controlled GHG Protocol…","monitor compliance with the Company's decarbonization targets. Environmental information / Climate Change 2024 Non-Financial and Sustainability Information 40 Repsol Group 36 The GHG Protocol guides for Scope 1, 2 and 3 can be found at: Corporate standard; Scope 2; Scope 3. PDF full-document exact-series scan: the report page names a controlled GHG Protocol…",pdf_page_backfill,accepted_explicit_named_series_edge,"(?:ghg protocol | greenhouse gas protocol | wri | world resources institute | world business council)[\s\S]{0,160}corporate standard"
ghg_scope3_standard::C,r247_repsol,REPSOL,雷普索尔公司,247,C,制造业,Manufacturing,C,制造业,Manufacturing,corrected_by_excel_industry_review,GHG Protocol,ghg_scope3_standard,GHG Protocol 企业价值链（Scope 3）核算与报告标准,GHG Protocol Corporate Value Chain (Scope 3) Accounting and Reporting Standard,accepted,source_text_explicitly_names_this_ghg_protocol_series,accepted_explicit_ghg_fine_series_edge,explicit_series_citation,21 | 134,REPSOL consolidated-statement-non-financial-information-sustainability-information-2024.pdf,imate impact of these gases is greater compared to CO₂. Indirect emissions (Scope 3) The reported Scope 3 emissions are aligned with the principles established by the GHG Protocol Corporate Value Chain (Scope 3) Accounting and Reporting Standard and reflect the methodological approach followed to quantify the Company's indirect value chain emissions. The ca…,imate impact of these gases is greater compared to CO₂. Indirect emissions (Scope 3) The reported Scope 3 emissions are aligned with the principles established by the GHG Protocol Corporate Value Chain (Scope 3) Accounting and Reporting Standard and reflect the methodological approach followed to quantify the Company's indirect value chain emissions. The ca…,pdf_page_backfill,accepted_explicit_named_series_edge,corporate value chain\s*\(scope 3\)
ghg_corporate_standard::C,r248_lenovogroup,LENOVO GROUP,联想集团有限公司,248,C,制造业,Manufacturing,C,制造业,Manufacturing,consistent_with_company_workbench,GHG Protocol,ghg_corporate_standard,GHG Protocol 企业核算与报告标准,GHG Protocol Corporate Accounting and Reporting Standard,accepted,source_text_explicitly_names_this_ghg_protocol_series,accepted_explicit_ghg_fine_series_edge,explicit_series_citation,100,FY2025-lenovo-sustainability-report.pdf,"Accuracy 相关性|完整性|一致性|透明性|准确性 100 Lenovo Group Limited 2024/25 Environmental, Social and Governance Report GHG emissions measurement approach Approach Standards used • GHG Protocol Corporate Accounting and Reporting Standard (2004) • GHG Protocol Scope 2 Guidance (2015) 100 Lenovo Group Limited 2024/25 Environmental, Social and Governance Report GHG emission…","Accuracy 相关性|完整性|一致性|透明性|准确性 100 Lenovo Group Limited 2024/25 Environmental, Social and Governance Report GHG emissions measurement approach Approach Standards used • GHG Protocol Corporate Accounting and Reporting Standard (2004) • GHG Protocol Scope 2 Guidance (2015) 100 Lenovo Group Limited 2024/25 Environmental, Social and Governance Report GHG emission…",medium,accepted_explicit_named_series_edge,corporate accounting and reporting standard
ghg_scope2_guidance::C,r248_lenovogroup,LENOVO GROUP,联想集团有限公司,248,C,制造业,Manufacturing,C,制造业,Manufacturing,consistent_with_company_workbench,GHG Protocol,ghg_scope2_guidance,GHG Protocol Scope 2 指南,GHG Protocol Scope 2 Guidance,accepted,source_text_explicitly_names_this_ghg_protocol_series,accepted_explicit_ghg_fine_series_edge,explicit_series_citation,100,FY2025-lenovo-sustainability-report.pdf,"ronmental, Social and Governance Report GHG emissions measurement approach Approach Standards used • GHG Protocol Corporate Accounting and Reporting Standard (2004) • GHG Protocol Scope 2 Guidance (2015) 100 Lenovo Group Limited 2024/25 Environmental, Social and Governance Report GHG emissions measurement approach Approach Standards used • GHG Protocol Corp…","ronmental, Social and Governance Report GHG emissions measurement approach Approach Standards used • GHG Protocol Corporate Accounting and Reporting Standard (2004) • GHG Protocol Scope 2 Guidance (2015) 100 Lenovo Group Limited 2024/25 Environmental, Social and Governance Report GHG emissions measurement approach Approach Standards used • GHG Protocol Corp…",medium,accepted_explicit_named_series_edge,scope 2 guidance
ghg_scope3_standard::C,r248_lenovogroup,LENOVO GROUP,联想集团有限公司,248,C,制造业,Manufacturing,C,制造业,Manufacturing,consistent_with_company_workbench,GHG Protocol,ghg_scope3_standard,GHG Protocol 企业价值链（Scope 3）核算与报告标准,GHG Protocol Corporate Value Chain (Scope 3) Accounting and Reporting Standard,accepted,source_text_explicitly_names_this_ghg_protocol_series,accepted_explicit_ghg_fine_series_edge,explicit_series_citation,100,FY2025-lenovo-sustainability-report.pdf,GHG emissions measurement approach Approach Standards used • GHG Protocol Corporate Accounting and Reporting Standard (2004) • GHG Protocol Scope 2 Guidance (2015) • GHG Protocol Corporate Value Chain (Scope 3) Accounting and Reporting Standard (2011) Measurement approach Operational control due to the ability to take full ownership of all GHG emissions Len…,GHG emissions measurement approach Approach Standards used • GHG Protocol Corporate Accounting and Reporting Standard (2004) • GHG Protocol Scope 2 Guidance (2015) • GHG Protocol Corporate Value Chain (Scope 3) Accounting and Reporting Standard (2011) Measurement approach Operational control due to the ability to take full ownership of all GHG emissions Len…,pdf_page_backfill,accepted_explicit_named_series_edge,corporate value chain\s*\(scope 3\)
ghg_corporate_standard::J,r260_newyorklifeinsurance,NEW YORK LIFE INSURANCE,美国纽约人寿保险公司,260,J,金融业,Finance,J,金融业,Finance,consistent_with_company_workbench,GHG Protocol,ghg_corporate_standard,GHG Protocol 企业核算与报告标准,GHG Protocol Corporate Accounting and Reporting Standard,accepted,source_text_explicitly_names_this_ghg_protocol_series,accepted_explicit_ghg_fine_series_edge,explicit_series_citation,44 | 61,2024NEW YORK LIFE INSURANCE Corporate-Responsibility-Report.pdf,"nal Scope 1 and 2 were down 16% compared to our 2019 baseline. This is due to reduced energy usage and the addition of new sites with actual data to our footprint. We leverage the GHG Protocol Corporate Standardxvii to calculate our emissions. Additionally, New York Life employs estimates for about 30% of our Scope 2 emissions (based on total square footage…","nal Scope 1 and 2 were down 16% compared to our 2019 baseline. This is due to reduced energy usage and the addition of new sites with actual data to our footprint. We leverage the GHG Protocol Corporate Standardxvii to calculate our emissions. Additionally, New York Life employs estimates for about 30% of our Scope 2 emissions (based on total square footage…",pdf_page_backfill,accepted_explicit_named_series_edge,"(?:ghg protocol | greenhouse gas protocol | wri | world resources institute | world business council)[\s\S]{0,160}corporate standard"
ghg_financial_industry_standard::J,r260_newyorklifeinsurance,NEW YORK LIFE INSURANCE,美国纽约人寿保险公司,260,J,金融业,Finance,J,金融业,Finance,consistent_with_company_workbench,GHG Protocol,ghg_financial_industry_standard,金融行业全球温室气体核算与报告标准,Global GHG Accounting and Reporting Standard for the Financial Industry,accepted,source_text_explicitly_names_this_ghg_protocol_series,accepted_explicit_ghg_fine_series_edge,explicit_series_citation,44 | 62 | 64,2024NEW YORK LIFE INSURANCE Corporate-Responsibility-Report.pdf,"s. We are actively working to assess the financed emissions for our General Account and within our asset management boutiques, and leverage, where methodologies are available, the Partnership for Carbon Accounting Financials (PCAF), to gain a better understanding of portfolio- level emissions profiles. PDF full-document exact-series scan: the report page na…","s. We are actively working to assess the financed emissions for our General Account and within our asset management boutiques, and leverage, where methodologies are available, the Partnership for Carbon Accounting Financials (PCAF), to gain a better understanding of portfolio- level emissions profiles. PDF full-document exact-series scan: the report page na…",pdf_page_backfill,accepted_explicit_named_series_edge,partnership for carbon accounting financials | \bpcaf\b
ghg_scope3_calculation_guidance::J,r260_newyorklifeinsurance,NEW YORK LIFE INSURANCE,美国纽约人寿保险公司,260,J,金融业,Finance,J,金融业,Finance,consistent_with_company_workbench,GHG Protocol,ghg_scope3_calculation_guidance,GHG Protocol Scope 3 计算指南,GHG Protocol Scope 3 Calculation Guidance,accepted,source_text_explicitly_names_this_ghg_protocol_series,accepted_explicit_ghg_fine_series_edge,explicit_series_citation,72 | 44,2024NEW YORK LIFE INSURANCE Corporate-Responsibility-Report.pdf,"ntended to align with their definitions in financial statements, financial reporting, or SEC rules. xvii ghgprotocol.org/corporate-standard xviii Calculated using the GHG Protocol Technical Guidance for Calculating Scope 3 Emissions Supplement to the Corporate Value Chain (Scope 3) Accounting and Reporting Standards. PDF full-document exact-series scan: the…","ntended to align with their definitions in financial statements, financial reporting, or SEC rules. xvii ghgprotocol.org/corporate-standard xviii Calculated using the GHG Protocol Technical Guidance for Calculating Scope 3 Emissions Supplement to the Corporate Value Chain (Scope 3) Accounting and Reporting Standards. PDF full-document exact-series scan: the…",pdf_page_backfill,accepted_explicit_named_series_edge,technical guidance for calculating scope 3 emissions
ghg_scope3_standard::J,r260_newyorklifeinsurance,NEW YORK LIFE INSURANCE,美国纽约人寿保险公司,260,J,金融业,Finance,J,金融业,Finance,consistent_with_company_workbench,GHG Protocol,ghg_scope3_standard,GHG Protocol 企业价值链（Scope 3）核算与报告标准,GHG Protocol Corporate Value Chain (Scope 3) Accounting and Reporting Standard,accepted,source_text_explicitly_names_this_ghg_protocol_series,accepted_explicit_ghg_fine_series_edge,explicit_series_citation,72 | 44,2024NEW YORK LIFE INSURANCE Corporate-Responsibility-Report.pdf,"ial reporting, or SEC rules. xvii ghgprotocol.org/corporate-standard xviii Calculated using the GHG Protocol Technical Guidance for Calculating Scope 3 Emissions Supplement to the Corporate Value Chain (Scope 3) Accounting and Reporting Standards. PDF full-document exact-series scan: the report page names a controlled GHG Protocol/PCAF fine standard in an a…","ial reporting, or SEC rules. xvii ghgprotocol.org/corporate-standard xviii Calculated using the GHG Protocol Technical Guidance for Calculating Scope 3 Emissions Supplement to the Corporate Value Chain (Scope 3) Accounting and Reporting Standards. PDF full-document exact-series scan: the report page names a controlled GHG Protocol/PCAF fine standard in an a…",pdf_page_backfill,accepted_explicit_named_series_edge,corporate value chain\s*\(scope 3\)
ghg_corporate_standard::C,r261_intel,INTEL,英特尔公司,261,C,制造业,Manufacturing,C,制造业,Manufacturing,consistent_with_company_workbench,GHG Protocol,ghg_corporate_standard,GHG Protocol 企业核算与报告标准,GHG Protocol Corporate Accounting and Reporting Standard,accepted,source_text_explicitly_names_this_ghg_protocol_series,accepted_explicit_ghg_fine_series_edge,explicit_series_citation,36 | 56 | 62,INTEL CSR-2024-25-Full-Report.pdf,"lations are based on Global Reporting Initiative (GRI) Standards, the World Resources Institute/World Business Council for Sustainable Development’s The Greenhouse Gas Protocol: A Corporate Accounting and Reporting Standard, and internal criteria defined by Intel management. 2024 Scope 1 and 2 Greenhouse Gas Inventory by Location and Category is included in…","lations are based on Global Reporting Initiative (GRI) Standards, the World Resources Institute/World Business Council for Sustainable Development’s The Greenhouse Gas Protocol: A Corporate Accounting and Reporting Standard, and internal criteria defined by Intel management. 2024 Scope 1 and 2 Greenhouse Gas Inventory by Location and Category is included in…",pdf_page_backfill,accepted_explicit_named_series_edge,corporate accounting and reporting standard
ghg_corporate_standard::B,r264_riotintogroup,RIO TINTO GROUP,力拓集团,264,B,采矿业,Mining,B,采矿业,Mining,consistent_with_company_workbench,GHG Protocol,ghg_corporate_standard,GHG Protocol 企业核算与报告标准,GHG Protocol Corporate Accounting and Reporting Standard,accepted,source_text_explicitly_names_this_ghg_protocol_series,accepted_explicit_ghg_fine_series_edge,explicit_series_citation,55 | 73 | 74 | 75 | 324,2024-RIO TINTO GROUP-annual-report.pdf,(indirect emissions). This is consistent with the World Resources Institute (WRI) and World Business Council for Sustainable Development (WBCSD)’s Greenhouse Gas (GHG) Protocol: A Corporate Accounting and Reporting Standard (Revised Edition) (2015). Strategic report | Our approach to ESG | Climate Action Plan Annual Report 2024 71 riotinto.com Performance a…,(indirect emissions). This is consistent with the World Resources Institute (WRI) and World Business Council for Sustainable Development (WBCSD)’s Greenhouse Gas (GHG) Protocol: A Corporate Accounting and Reporting Standard (Revised Edition) (2015). Strategic report | Our approach to ESG | Climate Action Plan Annual Report 2024 71 riotinto.com Performance a…,pdf_page_backfill,accepted_explicit_named_series_edge,corporate accounting and reporting standard
ghg_scope2_guidance::B,r264_riotintogroup,RIO TINTO GROUP,力拓集团,264,B,采矿业,Mining,B,采矿业,Mining,consistent_with_company_workbench,GHG Protocol,ghg_scope2_guidance,GHG Protocol Scope 2 指南,GHG Protocol Scope 2 Guidance,accepted,source_text_explicitly_names_this_ghg_protocol_series,accepted_explicit_ghg_fine_series_edge,explicit_series_citation,324 | 55,2024-RIO TINTO GROUP-annual-report.pdf,"Institute (WRI) and World Business Council for Sustainable Development (WBCSD)’s GHG Protocol: A Corporate Accounting and Reporting Standard (Revised Edition (2015); GHG Protocol: Scope 2 Guidance; and Basis of Preparation (BoP) as described and presented within the Scope 1, 2 and 3 Emissions Calculation and Climate Methodology available on Rio Tinto’s webs…","Institute (WRI) and World Business Council for Sustainable Development (WBCSD)’s GHG Protocol: A Corporate Accounting and Reporting Standard (Revised Edition (2015); GHG Protocol: Scope 2 Guidance; and Basis of Preparation (BoP) as described and presented within the Scope 1, 2 and 3 Emissions Calculation and Climate Methodology available on Rio Tinto’s webs…",pdf_page_backfill,accepted_explicit_named_series_edge,scope 2 guidance
ghg_scope3_calculation_guidance::B,r264_riotintogroup,RIO TINTO GROUP,力拓集团,264,B,采矿业,Mining,B,采矿业,Mining,consistent_with_company_workbench,GHG Protocol,ghg_scope3_calculation_guidance,GHG Protocol Scope 3 计算指南,GHG Protocol Scope 3 Calculation Guidance,accepted,source_text_explicitly_names_this_ghg_protocol_series,accepted_explicit_ghg_fine_series_edge,explicit_series_citation,75 | 55 | 324,2024-RIO TINTO GROUP-annual-report.pdf,"HG) Protocol: A Corporate Accounting and Reporting Standard (Revised Edition) (2015), GHG Protocol Corporate Value Chain (Scope 3) Accounting and Reporting Standard (2013) and the Technical Guidance for Calculating Scope 3 Emissions (version 1.0). We estimate the emissions from our customers' processing of iron ore, bauxite, alumina, titanium dioxide, salt …","HG) Protocol: A Corporate Accounting and Reporting Standard (Revised Edition) (2015), GHG Protocol Corporate Value Chain (Scope 3) Accounting and Reporting Standard (2013) and the Technical Guidance for Calculating Scope 3 Emissions (version 1.0). We estimate the emissions from our customers' processing of iron ore, bauxite, alumina, titanium dioxide, salt …",pdf_page_backfill,accepted_explicit_named_series_edge,technical guidance for calculating scope 3 emissions
ghg_scope3_standard::B,r264_riotintogroup,RIO TINTO GROUP,力拓集团,264,B,采矿业,Mining,B,采矿业,Mining,consistent_with_company_workbench,GHG Protocol,ghg_scope3_standard,GHG Protocol 企业价值链（Scope 3）核算与报告标准,GHG Protocol Corporate Value Chain (Scope 3) Accounting and Reporting Standard,accepted,source_text_explicitly_names_this_ghg_protocol_series,accepted_explicit_ghg_fine_series_edge,explicit_series_citation,75 | 55 | 324 | 73 | 74,2024-RIO TINTO GROUP-annual-report.pdf,"sources across our operations, we have used the WRI and WBCSD, Greenhouse Gas (GHG) Protocol: A Corporate Accounting and Reporting Standard (Revised Edition) (2015), GHG Protocol Corporate Value Chain (Scope 3) Accounting and Reporting Standard (2013) and the Technical Guidance for Calculating Scope 3 Emissions (version 1.0). We estimate the emissions from …","sources across our operations, we have used the WRI and WBCSD, Greenhouse Gas (GHG) Protocol: A Corporate Accounting and Reporting Standard (Revised Edition) (2015), GHG Protocol Corporate Value Chain (Scope 3) Accounting and Reporting Standard (2013) and the Technical Guidance for Calculating Scope 3 Emissions (version 1.0). We estimate the emissions from …",pdf_page_backfill,accepted_explicit_named_series_edge,corporate value chain\s*\(scope 3\)
ghg_corporate_standard::J,r266_prudentialfinancial,PRUDENTIAL FINANCIAL,保德信金融集团,266,J,金融业,Finance,J,金融业,Finance,consistent_with_company_workbench,GHG Protocol,ghg_corporate_standard,GHG Protocol 企业核算与报告标准,GHG Protocol Corporate Accounting and Reporting Standard,accepted,source_text_explicitly_names_this_ghg_protocol_series,accepted_explicit_ghg_fine_series_edge,explicit_series_citation,47 | 56,Prudential-s-2024-Sustainability-Report.pdf,h we report. Prudential utilized a third-party platform to collect and calculate its 2024 GHG emissions data. The platform’s methodology is designed to align with the GHG Protocol Corporate Accounting and Reporting Standard and the Corporate Value Chain (Scope 3) Accounting and Reporting Standard. The platform’s methodologies and emission factors are update…,h we report. Prudential utilized a third-party platform to collect and calculate its 2024 GHG emissions data. The platform’s methodology is designed to align with the GHG Protocol Corporate Accounting and Reporting Standard and the Corporate Value Chain (Scope 3) Accounting and Reporting Standard. The platform’s methodologies and emission factors are update…,pdf_page_backfill,accepted_explicit_named_series_edge,corporate accounting and reporting standard
ghg_scope3_standard::J,r266_prudentialfinancial,PRUDENTIAL FINANCIAL,保德信金融集团,266,J,金融业,Finance,J,金融业,Finance,consistent_with_company_workbench,GHG Protocol,ghg_scope3_standard,GHG Protocol 企业价值链（Scope 3）核算与报告标准,GHG Protocol Corporate Value Chain (Scope 3) Accounting and Reporting Standard,accepted,source_text_explicitly_names_this_ghg_protocol_series,accepted_explicit_ghg_fine_series_edge,explicit_series_citation,47 | 56,Prudential-s-2024-Sustainability-Report.pdf,orm to collect and calculate its 2024 GHG emissions data. The platform’s methodology is designed to align with the GHG Protocol Corporate Accounting and Reporting Standard and the Corporate Value Chain (Scope 3) Accounting and Reporting Standard. The platform’s methodologies and emission factors are updated and reviewed by a third party at least annually. P…,orm to collect and calculate its 2024 GHG emissions data. The platform’s methodology is designed to align with the GHG Protocol Corporate Accounting and Reporting Standard and the Corporate Value Chain (Scope 3) Accounting and Reporting Standard. The platform’s methodologies and emission factors are updated and reviewed by a third party at least annually. P…,pdf_page_backfill,accepted_explicit_named_series_edge,corporate value chain\s*\(scope 3\)
ghg_corporate_standard::B,r268_bhpgroup,BHP GROUP,必和必拓集团,268,B,采矿业,Mining,B,采矿业,Mining,consistent_with_company_workbench,GHG Protocol,ghg_corporate_standard,GHG Protocol 企业核算与报告标准,GHG Protocol Corporate Accounting and Reporting Standard,accepted,source_text_explicitly_names_this_ghg_protocol_series,accepted_explicit_ghg_fine_series_edge,explicit_series_citation,51 | 64,250819_bhpannualreport2025.pdf,ng consumed by our operated assets. – Organisational boundary: We have made our calculations based on an operational control approach in alignment with the Greenhouse Gas Protocol Corporate Accounting and Reporting Standard. – Rounding: Data has been rounded to the nearest 1 PJ. – Operational energy consumption from renewable sources includes third-party su…,ng consumed by our operated assets. – Organisational boundary: We have made our calculations based on an operational control approach in alignment with the Greenhouse Gas Protocol Corporate Accounting and Reporting Standard. – Rounding: Data has been rounded to the nearest 1 PJ. – Operational energy consumption from renewable sources includes third-party su…,pdf_page_backfill,accepted_explicit_named_series_edge,corporate accounting and reporting standard
ghg_financial_industry_standard::B,r268_bhpgroup,BHP GROUP,必和必拓集团,268,B,采矿业,Mining,B,采矿业,Mining,consistent_with_company_workbench,GHG Protocol,ghg_financial_industry_standard,金融行业全球温室气体核算与报告标准,Global GHG Accounting and Reporting Standard for the Financial Industry,accepted,source_text_explicitly_names_this_ghg_protocol_series,accepted_explicit_ghg_fine_series_edge,explicit_series_citation,51,250819_bhpannualreport2025.pdf,"oundaries are defined on a category-by-category (and in some cases, sub-category) basis due t… PDF full-document exact-series scan: the report page names a controlled GHG Protocol/PCAF fine standard in an accounting, reporting, methodology, or assurance context; this does not promote emissions values. PDF 全文精确系列扫描：报告页在核算、报告、方法或鉴证语境中命名受控 GHG Protocol/PCAF 细分…","oundaries are defined on a category-by-category (and in some cases, sub-category) basis due t… PDF full-document exact-series scan: the report page names a controlled GHG Protocol/PCAF fine standard in an accounting, reporting, methodology, or assurance context; this does not promote emissions values. PDF 全文精确系列扫描：报告页在核算、报告、方法或鉴证语境中命名受控 GHG Protocol/PCAF 细分…",pdf_page_backfill,accepted_explicit_named_series_edge,\bpcaf\b
ghg_scope2_guidance::B,r268_bhpgroup,BHP GROUP,必和必拓集团,268,B,采矿业,Mining,B,采矿业,Mining,consistent_with_company_workbench,GHG Protocol,ghg_scope2_guidance,GHG Protocol Scope 2 指南,GHG Protocol Scope 2 Guidance,accepted,source_text_explicitly_names_this_ghg_protocol_series,accepted_explicit_ghg_fine_series_edge,explicit_series_citation,51 | 64,250819_bhpannualreport2025.pdf,"is consumed by our operated assets. Scope 2 emissions have been calculated using the market-based method, unless otherwise specified, in alignment with the Greenhouse Gas Protocol Scope 2 Guidance. – Organisational boundary: Scopes 1 and 2 emissions have been calculated based on an operational control approach in alignment with the Greenhouse Gas Protocol C…","is consumed by our operated assets. Scope 2 emissions have been calculated using the market-based method, unless otherwise specified, in alignment with the Greenhouse Gas Protocol Scope 2 Guidance. – Organisational boundary: Scopes 1 and 2 emissions have been calculated based on an operational control approach in alignment with the Greenhouse Gas Protocol C…",pdf_page_backfill,accepted_explicit_named_series_edge,scope 2 guidance
ghg_scope3_standard::B,r268_bhpgroup,BHP GROUP,必和必拓集团,268,B,采矿业,Mining,B,采矿业,Mining,consistent_with_company_workbench,GHG Protocol,ghg_scope3_standard,GHG Protocol 企业价值链（Scope 3）核算与报告标准,GHG Protocol Corporate Value Chain (Scope 3) Accounting and Reporting Standard,accepted,source_text_explicitly_names_this_ghg_protocol_series,accepted_explicit_ghg_fine_series_edge,explicit_series_citation,64 | 51,250819_bhpannualreport2025.pdf,"esource Institute/World Business Council for Sustainable Development Greenhouse Gas Protocol: A Corporate Accounting and Reporting Standard, including the Greenhouse Gas Protocol: Corporate Value Chain Scope 3 Accounting and Reporting Standard – The Australian Government’s National Greenhouse and Energy Reporting (Measurement) Determination 2008 for Scope 1…","esource Institute/World Business Council for Sustainable Development Greenhouse Gas Protocol: A Corporate Accounting and Reporting Standard, including the Greenhouse Gas Protocol: Corporate Value Chain Scope 3 Accounting and Reporting Standard – The Australian Government’s National Greenhouse and Energy Reporting (Measurement) Determination 2008 for Scope 1…",pdf_page_backfill,accepted_explicit_named_series_edge,corporate value chain.*scope 3 | corporate value chain\s*\(scope 3\)
ghg_corporate_standard::C,r269_hp,HP,惠普公司,269,C,制造业,Manufacturing,C,制造业,Manufacturing,consistent_with_company_workbench,GHG Protocol,ghg_corporate_standard,GHG Protocol 企业核算与报告标准,GHG Protocol Corporate Accounting and Reporting Standard,accepted,source_text_explicitly_names_this_ghg_protocol_series,accepted_explicit_ghg_fine_series_edge,explicit_series_citation,42 | 160,2024_HP_sustainability_report.pdf,"s2 Global Tonnes of CO2e (tCO2e) 48,400 World Resources Institute (“WRI”) / World Business Council for Sustainable Development’s (“WBCSD”)’s The Greenhouse Gas (“GHG”) Protocol: A Corporate Accounting and Reporting Standard as amended by the GHG Protocol Scope 2 Guidance, Global Reporting Initiative (“GRI”) Standard 305-1 Direct (Scope 1) GHG Emissions, GRI…","s2 Global Tonnes of CO2e (tCO2e) 48,400 World Resources Institute (“WRI”) / World Business Council for Sustainable Development’s (“WBCSD”)’s The Greenhouse Gas (“GHG”) Protocol: A Corporate Accounting and Reporting Standard as amended by the GHG Protocol Scope 2 Guidance, Global Reporting Initiative (“GRI”) Standard 305-1 Direct (Scope 1) GHG Emissions, GRI…",medium,accepted_explicit_named_series_edge,corporate accounting and reporting standard
ghg_scope2_guidance::C,r269_hp,HP,惠普公司,269,C,制造业,Manufacturing,C,制造业,Manufacturing,consistent_with_company_workbench,GHG Protocol,ghg_scope2_guidance,GHG Protocol Scope 2 指南,GHG Protocol Scope 2 Guidance,accepted,source_text_explicitly_names_this_ghg_protocol_series,accepted_explicit_ghg_fine_series_edge,explicit_series_citation,42 | 160,2024_HP_sustainability_report.pdf,"World Business Council for Sustainable Development’s (“WBCSD”)’s The Greenhouse Gas (“GHG”) Protocol: A Corporate Accounting and Reporting Standard as amended by the GHG Protocol Scope 2 Guidance, Global Reporting Initiative (“GRI”) Standard 305-1 Direct (Scope 1) GHG Emissions, GRI Standard 305-2 Energy Indirect (Scope 2) GHG Emissions and HP Inc.’s (“HP”)…","World Business Council for Sustainable Development’s (“WBCSD”)’s The Greenhouse Gas (“GHG”) Protocol: A Corporate Accounting and Reporting Standard as amended by the GHG Protocol Scope 2 Guidance, Global Reporting Initiative (“GRI”) Standard 305-1 Direct (Scope 1) GHG Emissions, GRI Standard 305-2 Energy Indirect (Scope 2) GHG Emissions and HP Inc.’s (“HP”)…",medium,accepted_explicit_named_series_edge,scope 2 guidance
ghg_scope3_calculation_guidance::C,r269_hp,HP,惠普公司,269,C,制造业,Manufacturing,C,制造业,Manufacturing,consistent_with_company_workbench,GHG Protocol,ghg_scope3_calculation_guidance,GHG Protocol Scope 3 计算指南,GHG Protocol Scope 3 Calculation Guidance,accepted,source_text_explicitly_names_this_ghg_protocol_series,accepted_explicit_ghg_fine_series_edge,explicit_series_citation,42 | 159,2024_HP_sustainability_report.pdf,"f estimations and management assumptions due to the inherent nature of the Greenhouse Gas Protocol Corporate Value Chain (Scope 3) Accounting and Reporting Standard as well as the Technical Guidance for Calculating Scope 3 Emissions criteria. The information included in HP’s 2024 Sustainable Impact Report, other than the Subject Matter, has not been subject…","f estimations and management assumptions due to the inherent nature of the Greenhouse Gas Protocol Corporate Value Chain (Scope 3) Accounting and Reporting Standard as well as the Technical Guidance for Calculating Scope 3 Emissions criteria. The information included in HP’s 2024 Sustainable Impact Report, other than the Subject Matter, has not been subject…",pdf_page_backfill,accepted_explicit_named_series_edge,technical guidance for calculating scope 3 emissions
ghg_scope3_standard::C,r269_hp,HP,惠普公司,269,C,制造业,Manufacturing,C,制造业,Manufacturing,consistent_with_company_workbench,GHG Protocol,ghg_scope3_standard,GHG Protocol 企业价值链（Scope 3）核算与报告标准,GHG Protocol Corporate Value Chain (Scope 3) Accounting and Reporting Standard,accepted,source_text_explicitly_names_this_ghg_protocol_series,accepted_explicit_ghg_fine_series_edge,explicit_series_citation,42 | 159,2024_HP_sustainability_report.pdf,"y. Furthermore, Scope 3 emissions are calculated based on a significant number of estimations and management assumptions due to the inherent nature of the Greenhouse Gas Protocol Corporate Value Chain (Scope 3) Accounting and Reporting Standard as well as the Technical Guidance for Calculating Scope 3 Emissions criteria. The information included in HP’s 202…","y. Furthermore, Scope 3 emissions are calculated based on a significant number of estimations and management assumptions due to the inherent nature of the Greenhouse Gas Protocol Corporate Value Chain (Scope 3) Accounting and Reporting Standard as well as the Technical Guidance for Calculating Scope 3 Emissions criteria. The information included in HP’s 202…",pdf_page_backfill,accepted_explicit_named_series_edge,corporate value chain\s*\(scope 3\)
ghg_corporate_standard::G,r278_americanairlinesgroup,AMERICAN AIRLINES GROUP,美国航空集团,278,G,交通运输、仓储和邮政业,"Transport, Storage and Post",G,交通运输、仓储和邮政业,"Transport, Storage and Post",consistent_with_company_workbench,GHG Protocol,ghg_corporate_standard,GHG Protocol 企业核算与报告标准,GHG Protocol Corporate Accounting and Reporting Standard,accepted,source_text_explicitly_names_this_ghg_protocol_series,accepted_explicit_ghg_fine_series_edge,explicit_series_citation,81 | 91,American-Airlines-Sustainability-Report-2024.pdf,"orld Resources Institute’s and World Business Council for Sustainable Development’s Greenhouse Gas Protocol standards and guidance (collectively, the GHG Protocol): • GHG Protocol Corporate Accounting and Reporting Standard (revised edition) • GHG Protocol Scope 2 Guidance: An Amendment to the GHG Protocol Corporate Standard In addition to Scope 1, biogenic…","orld Resources Institute’s and World Business Council for Sustainable Development’s Greenhouse Gas Protocol standards and guidance (collectively, the GHG Protocol): • GHG Protocol Corporate Accounting and Reporting Standard (revised edition) • GHG Protocol Scope 2 Guidance: An Amendment to the GHG Protocol Corporate Standard In addition to Scope 1, biogenic…",pdf_page_backfill,accepted_explicit_named_series_edge,corporate accounting and reporting standard
ghg_scope2_guidance::G,r278_americanairlinesgroup,AMERICAN AIRLINES GROUP,美国航空集团,278,G,交通运输、仓储和邮政业,"Transport, Storage and Post",G,交通运输、仓储和邮政业,"Transport, Storage and Post",consistent_with_company_workbench,GHG Protocol,ghg_scope2_guidance,GHG Protocol Scope 2 指南,GHG Protocol Scope 2 Guidance,accepted,source_text_explicitly_names_this_ghg_protocol_series,accepted_explicit_ghg_fine_series_edge,explicit_series_citation,81 | 91,American-Airlines-Sustainability-Report-2024.pdf,"ment’s Greenhouse Gas Protocol standards and guidance (collectively, the GHG Protocol): • GHG Protocol Corporate Accounting and Reporting Standard (revised edition) • GHG Protocol Scope 2 Guidance: An Amendment to the GHG Protocol Corporate Standard In addition to Scope 1, biogenic and Scope 2 emissions, American has elected to present categories 3 and 4 of…","ment’s Greenhouse Gas Protocol standards and guidance (collectively, the GHG Protocol): • GHG Protocol Corporate Accounting and Reporting Standard (revised edition) • GHG Protocol Scope 2 Guidance: An Amendment to the GHG Protocol Corporate Standard In addition to Scope 1, biogenic and Scope 2 emissions, American has elected to present categories 3 and 4 of…",pdf_page_backfill,accepted_explicit_named_series_edge,scope 2 guidance
ghg_scope3_calculation_guidance::G,r278_americanairlinesgroup,AMERICAN AIRLINES GROUP,美国航空集团,278,G,交通运输、仓储和邮政业,"Transport, Storage and Post",G,交通运输、仓储和邮政业,"Transport, Storage and Post",consistent_with_company_workbench,GHG Protocol,ghg_scope3_calculation_guidance,GHG Protocol Scope 3 计算指南,GHG Protocol Scope 3 Calculation Guidance,accepted,source_text_explicitly_names_this_ghg_protocol_series,accepted_explicit_ghg_fine_series_edge,explicit_series_citation,81 | 91,American-Airlines-Sustainability-Report-2024.pdf,". These Scope 3 emissions have been calculated in accordance with the GHG Protocol Corporate Value Chain (Scope 3) Accounting and Reporting Standard and following the GHG Protocol Technical Guidance for Calculating Scope 3 Emissions. III. Organizational boundary American presents its emissions under the operational control approach, accounting for emissions…",". These Scope 3 emissions have been calculated in accordance with the GHG Protocol Corporate Value Chain (Scope 3) Accounting and Reporting Standard and following the GHG Protocol Technical Guidance for Calculating Scope 3 Emissions. III. Organizational boundary American presents its emissions under the operational control approach, accounting for emissions…",pdf_page_backfill,accepted_explicit_named_series_edge,technical guidance for calculating scope 3 emissions
ghg_scope3_standard::G,r278_americanairlinesgroup,AMERICAN AIRLINES GROUP,美国航空集团,278,G,交通运输、仓储和邮政业,"Transport, Storage and Post",G,交通运输、仓储和邮政业,"Transport, Storage and Post",consistent_with_company_workbench,GHG Protocol,ghg_scope3_standard,GHG Protocol 企业价值链（Scope 3）核算与报告标准,GHG Protocol Corporate Value Chain (Scope 3) Accounting and Reporting Standard,accepted,source_text_explicitly_names_this_ghg_protocol_series,accepted_explicit_ghg_fine_series_edge,explicit_series_citation,81 | 91,American-Airlines-Sustainability-Report-2024.pdf,"3 emissions in its GHG emissions statement for the year ended December 31, 2024. These Scope 3 emissions have been calculated in accordance with the GHG Protocol Corporate Value Chain (Scope 3) Accounting and Reporting Standard and following the GHG Protocol Technical Guidance for Calculating Scope 3 Emissions. III. Organizational boundary American presents…","3 emissions in its GHG emissions statement for the year ended December 31, 2024. These Scope 3 emissions have been calculated in accordance with the GHG Protocol Corporate Value Chain (Scope 3) Accounting and Reporting Standard and following the GHG Protocol Technical Guidance for Calculating Scope 3 Emissions. III. Organizational boundary American presents…",pdf_page_backfill,accepted_explicit_named_series_edge,corporate value chain\s*\(scope 3\)
ghg_corporate_standard::C,r282_volvo,VOLVO,沃尔沃集团,282,C,制造业,Manufacturing,C,制造业,Manufacturing,consistent_with_company_workbench,GHG Protocol,ghg_corporate_standard,GHG Protocol 企业核算与报告标准,GHG Protocol Corporate Accounting and Reporting Standard,accepted,source_text_explicitly_names_this_ghg_protocol_series,accepted_explicit_ghg_fine_series_edge,explicit_series_citation,152 | 158 | 182,volvo-group-annual-report-2024.pdf,"initiated in 2020. Scope 1 and 2 emissions method and data collection Environmental impacts and greenhouse gas inventory are established according to the Greenhouse Gas Protocolʼs Corporate Accounting and Reporting Standard Revised Edition, which is a standardized framework for quantifying and reporting the seven greenhouse gases covered by the Kyoto Protoc…","initiated in 2020. Scope 1 and 2 emissions method and data collection Environmental impacts and greenhouse gas inventory are established according to the Greenhouse Gas Protocolʼs Corporate Accounting and Reporting Standard Revised Edition, which is a standardized framework for quantifying and reporting the seven greenhouse gases covered by the Kyoto Protoc…",pdf_page_backfill,accepted_explicit_named_series_edge,corporate accounting and reporting standard | (?:ghg protocol | greenhouse gas protocol | wri | world resources institute
ghg_scope3_calculation_guidance::C,r282_volvo,VOLVO,沃尔沃集团,282,C,制造业,Manufacturing,C,制造业,Manufacturing,consistent_with_company_workbench,GHG Protocol,ghg_scope3_calculation_guidance,GHG Protocol Scope 3 计算指南,GHG Protocol Scope 3 Calculation Guidance,accepted,source_text_explicitly_names_this_ghg_protocol_series,accepted_explicit_ghg_fine_series_edge,explicit_series_citation,152 | 158,volvo-group-annual-report-2024.pdf,"in the relevant standards of the GHG Protocol; namely the GHG Protocol Corporate Standard, the GHG Protocol Corporate Value Chain (Scope 3) Accounting and Reporting Standard, and Technical Guidance for Calculating Scope 3 Emissions, which include expected lifetime emissions from all applicable products sold in the reporting period. The target methodology an…","in the relevant standards of the GHG Protocol; namely the GHG Protocol Corporate Standard, the GHG Protocol Corporate Value Chain (Scope 3) Accounting and Reporting Standard, and Technical Guidance for Calculating Scope 3 Emissions, which include expected lifetime emissions from all applicable products sold in the reporting period. The target methodology an…",pdf_page_backfill,accepted_explicit_named_series_edge,technical guidance for calculating scope 3 emissions
ghg_scope3_standard::C,r282_volvo,VOLVO,沃尔沃集团,282,C,制造业,Manufacturing,C,制造业,Manufacturing,consistent_with_company_workbench,GHG Protocol,ghg_scope3_standard,GHG Protocol 企业价值链（Scope 3）核算与报告标准,GHG Protocol Corporate Value Chain (Scope 3) Accounting and Reporting Standard,accepted,source_text_explicitly_names_this_ghg_protocol_series,accepted_explicit_ghg_fine_series_edge,explicit_series_citation,152 | 158,volvo-group-annual-report-2024.pdf,"se of sold products has been designed to meet the requirements provided in the relevant standards of the GHG Protocol; namely the GHG Protocol Corporate Standard, the GHG Protocol Corporate Value Chain (Scope 3) Accounting and Reporting Standard, and Technical Guidance for Calculating Scope 3 Emissions, which include expected lifetime emissions from all app…","se of sold products has been designed to meet the requirements provided in the relevant standards of the GHG Protocol; namely the GHG Protocol Corporate Standard, the GHG Protocol Corporate Value Chain (Scope 3) Accounting and Reporting Standard, and Technical Guidance for Calculating Scope 3 Emissions, which include expected lifetime emissions from all app…",pdf_page_backfill,accepted_explicit_named_series_edge,corporate value chain\s*\(scope 3\)
ghg_financial_industry_standard::J,r283_intesasanpaolo,INTESA SANPAOLO,意大利联合圣保罗银行,283,J,金融业,Finance,J,金融业,Finance,consistent_with_company_workbench,GHG Protocol,ghg_financial_industry_standard,金融行业全球温室气体核算与报告标准,Global GHG Accounting and Reporting Standard for the Financial Industry,accepted,source_text_explicitly_names_this_ghg_protocol_series,accepted_explicit_ghg_fine_series_edge,explicit_series_citation,130 | 129,2024_INTESA SANPAOLO-Climate_Report.pdf,proportional to the revenue attributable to Intesa Sanpaolo. Revenue-adjusted exposure is calculated as an attribution factor multiplied by revenue. This approach is aligned with PCAF recommendations. Counterparties fully dedicated to renewable activities and project finance dedicated to “green” activities receive an emission intensity equal to zero in the …,proportional to the revenue attributable to Intesa Sanpaolo. Revenue-adjusted exposure is calculated as an attribution factor multiplied by revenue. This approach is aligned with PCAF recommendations. Counterparties fully dedicated to renewable activities and project finance dedicated to “green” activities receive an emission intensity equal to zero in the …,pdf_page_backfill,accepted_explicit_named_series_edge,partnership for carbon accounting financials | \bpcaf\b
ghg_scope3_standard::C,r286_bayer,BAYER,拜耳集团,286,C,制造业,Manufacturing,C,制造业,Manufacturing,consistent_with_company_workbench,GHG Protocol,ghg_scope3_standard,GHG Protocol 企业价值链（Scope 3）核算与报告标准,GHG Protocol Corporate Value Chain (Scope 3) Accounting and Reporting Standard,accepted,source_text_explicitly_names_this_ghg_protocol_series,accepted_explicit_ghg_fine_series_edge,explicit_series_citation,4 | 7 | 18 | 142,bayer-impact-report-2024.pdf,"on exceeds 1.5 terajoules 5 In accordance with the criteria set out by the Science Based Targets initiative (SBTi), the following Scope 3 categories of the Greenhouse Gas Protocol Corporate Value Chain (Scope 3) Accounting & Reporting Standard are relevant for Bayer: (3.1) purchased goods and services, (3.2) capital goods, (3.3) fuel- and energy-related act…","on exceeds 1.5 terajoules 5 In accordance with the criteria set out by the Science Based Targets initiative (SBTi), the following Scope 3 categories of the Greenhouse Gas Protocol Corporate Value Chain (Scope 3) Accounting & Reporting Standard are relevant for Bayer: (3.1) purchased goods and services, (3.2) capital goods, (3.3) fuel- and energy-related act…",pdf_page_backfill,accepted_explicit_named_series_edge,corporate value chain\s*\(scope 3\) | corporate value chain.*scope 3
ghg_corporate_standard::J,r294_bankofmontreal,BANK OF MONTREAL,蒙特利尔银行,294,J,金融业,Finance,J,金融业,Finance,consistent_with_company_workbench,GHG Protocol,ghg_corporate_standard,GHG Protocol 企业核算与报告标准,GHG Protocol Corporate Accounting and Reporting Standard,accepted,source_text_explicitly_names_this_ghg_protocol_series,accepted_explicit_ghg_fine_series_edge,explicit_series_citation,77 | 112 | 4,BMO_2024_SCR_EN_interactive.pdf,operational sources relevant to our business to inform and monitor the actions we are taking to reduce GHG emissions in our own operations and in our value chain. The GHG Protocol Corporate Accounting and Reporting Standard and Corporate Value Chain (Scope 3) Standard (collectively the GHG Protocol) provide guidance for companies in preparing their GHG emis…,operational sources relevant to our business to inform and monitor the actions we are taking to reduce GHG emissions in our own operations and in our value chain. The GHG Protocol Corporate Accounting and Reporting Standard and Corporate Value Chain (Scope 3) Standard (collectively the GHG Protocol) provide guidance for companies in preparing their GHG emis…,pdf_page_backfill,accepted_explicit_named_series_edge,corporate accounting and reporting standard | (?:ghg protocol | greenhouse gas protocol | wri | world resources institute
ghg_financial_industry_standard::J,r294_bankofmontreal,BANK OF MONTREAL,蒙特利尔银行,294,J,金融业,Finance,J,金融业,Finance,consistent_with_company_workbench,GHG Protocol,ghg_financial_industry_standard,金融行业全球温室气体核算与报告标准,Global GHG Accounting and Reporting Standard for the Financial Industry,accepted,source_text_explicitly_names_this_ghg_protocol_series,accepted_explicit_ghg_fine_series_edge,explicit_series_citation,80 | 82 | 86 | 4,BMO_2024_SCR_EN_interactive.pdf,"ons are GHG emissions that, under applicable international standards, are attributable to financial institutions as a result of their lending and investment activities. We use the PCAF Global GHG Accounting and Reporting Standard Part A: Financed Emissions (Second Edition) (the PCAF Standard) to inform our calculation methodology. We quantify and disclose f…","ons are GHG emissions that, under applicable international standards, are attributable to financial institutions as a result of their lending and investment activities. We use the PCAF Global GHG Accounting and Reporting Standard Part A: Financed Emissions (Second Edition) (the PCAF Standard) to inform our calculation methodology. We quantify and disclose f…",pdf_page_backfill,accepted_explicit_named_series_edge,\bpcaf\b
ghg_scope3_standard::J,r294_bankofmontreal,BANK OF MONTREAL,蒙特利尔银行,294,J,金融业,Finance,J,金融业,Finance,consistent_with_company_workbench,GHG Protocol,ghg_scope3_standard,GHG Protocol 企业价值链（Scope 3）核算与报告标准,GHG Protocol Corporate Value Chain (Scope 3) Accounting and Reporting Standard,accepted,source_text_explicitly_names_this_ghg_protocol_series,accepted_explicit_ghg_fine_series_edge,explicit_series_citation,77 | 4,BMO_2024_SCR_EN_interactive.pdf,inform and monitor the actions we are taking to reduce GHG emissions in our own operations and in our value chain. The GHG Protocol Corporate Accounting and Reporting Standard and Corporate Value Chain (Scope 3) Standard (collectively the GHG Protocol) provide guidance for companies in preparing their GHG emissions inventories. We have developed an operatio…,inform and monitor the actions we are taking to reduce GHG emissions in our own operations and in our value chain. The GHG Protocol Corporate Accounting and Reporting Standard and Corporate Value Chain (Scope 3) Standard (collectively the GHG Protocol) provide guidance for companies in preparing their GHG emissions inventories. We have developed an operatio…,pdf_page_backfill,accepted_explicit_named_series_edge,corporate value chain\s*\(scope 3\)
ghg_corporate_standard::C,r297_sanofi,SANOFI,赛诺菲,297,C,制造业,Manufacturing,C,制造业,Manufacturing,consistent_with_company_workbench,GHG Protocol,ghg_corporate_standard,GHG Protocol 企业核算与报告标准,GHG Protocol Corporate Accounting and Reporting Standard,accepted,source_text_explicitly_names_this_ghg_protocol_series,accepted_explicit_ghg_fine_series_edge,explicit_series_citation,29 | 132,SANOFI-sustainability-statement-2024--ESG-Report-.pdf,"o the Greenhouse Gas Protocol standards and guidance developed by the World Resources Institute (WRI) and the World Business Council for Sustainable Development (WBCSD), including Corporate Accounting and Reporting Standard (Revised Edition), the Corporate Value Chain (Scope 3) Standard, Scope 2 Guidance, and Technical Guidance for Calculating Scope 3 Emiss…","o the Greenhouse Gas Protocol standards and guidance developed by the World Resources Institute (WRI) and the World Business Council for Sustainable Development (WBCSD), including Corporate Accounting and Reporting Standard (Revised Edition), the Corporate Value Chain (Scope 3) Standard, Scope 2 Guidance, and Technical Guidance for Calculating Scope 3 Emiss…",pdf_page_backfill,accepted_explicit_named_series_edge,corporate accounting and reporting standard
ghg_scope2_guidance::C,r297_sanofi,SANOFI,赛诺菲,297,C,制造业,Manufacturing,C,制造业,Manufacturing,consistent_with_company_workbench,GHG Protocol,ghg_scope2_guidance,GHG Protocol Scope 2 指南,GHG Protocol Scope 2 Guidance,accepted,source_text_explicitly_names_this_ghg_protocol_series,accepted_explicit_ghg_fine_series_edge,explicit_series_citation,29 | 132,SANOFI-sustainability-statement-2024--ESG-Report-.pdf,"World Business Council for Sustainable Development (WBCSD), including Corporate Accounting and Reporting Standard (Revised Edition), the Corporate Value Chain (Scope 3) Standard, Scope 2 Guidance, and Technical Guidance for Calculating Scope 3 Emissions (collectively, “the Greenhouse Gas Protocol”). When preparing the information for reporting GHG emissions…","World Business Council for Sustainable Development (WBCSD), including Corporate Accounting and Reporting Standard (Revised Edition), the Corporate Value Chain (Scope 3) Standard, Scope 2 Guidance, and Technical Guidance for Calculating Scope 3 Emissions (collectively, “the Greenhouse Gas Protocol”). When preparing the information for reporting GHG emissions…",pdf_page_backfill,accepted_explicit_named_series_edge,scope 2 guidance
ghg_scope3_calculation_guidance::C,r297_sanofi,SANOFI,赛诺菲,297,C,制造业,Manufacturing,C,制造业,Manufacturing,consistent_with_company_workbench,GHG Protocol,ghg_scope3_calculation_guidance,GHG Protocol Scope 3 计算指南,GHG Protocol Scope 3 Calculation Guidance,accepted,source_text_explicitly_names_this_ghg_protocol_series,accepted_explicit_ghg_fine_series_edge,explicit_series_citation,29 | 132 | 133,SANOFI-sustainability-statement-2024--ESG-Report-.pdf,"l for Sustainable Development (WBCSD), including Corporate Accounting and Reporting Standard (Revised Edition), the Corporate Value Chain (Scope 3) Standard, Scope 2 Guidance, and Technical Guidance for Calculating Scope 3 Emissions (collectively, “the Greenhouse Gas Protocol”). When preparing the information for reporting GHG emissions, we consider the pri…","l for Sustainable Development (WBCSD), including Corporate Accounting and Reporting Standard (Revised Edition), the Corporate Value Chain (Scope 3) Standard, Scope 2 Guidance, and Technical Guidance for Calculating Scope 3 Emissions (collectively, “the Greenhouse Gas Protocol”). When preparing the information for reporting GHG emissions, we consider the pri…",pdf_page_backfill,accepted_explicit_named_series_edge,technical guidance for calculating scope 3 emissions
ghg_scope3_standard::C,r297_sanofi,SANOFI,赛诺菲,297,C,制造业,Manufacturing,C,制造业,Manufacturing,consistent_with_company_workbench,GHG Protocol,ghg_scope3_standard,GHG Protocol 企业价值链（Scope 3）核算与报告标准,GHG Protocol Corporate Value Chain (Scope 3) Accounting and Reporting Standard,accepted,source_text_explicitly_names_this_ghg_protocol_series,accepted_explicit_ghg_fine_series_edge,explicit_series_citation,29 | 132,SANOFI-sustainability-statement-2024--ESG-Report-.pdf,"he World Resources Institute (WRI) and the World Business Council for Sustainable Development (WBCSD), including Corporate Accounting and Reporting Standard (Revised Edition), the Corporate Value Chain (Scope 3) Standard, Scope 2 Guidance, and Technical Guidance for Calculating Scope 3 Emissions (collectively, “the Greenhouse Gas Protocol”). When preparing …","he World Resources Institute (WRI) and the World Business Council for Sustainable Development (WBCSD), including Corporate Accounting and Reporting Standard (Revised Edition), the Corporate Value Chain (Scope 3) Standard, Scope 2 Guidance, and Technical Guidance for Calculating Scope 3 Emissions (collectively, “the Greenhouse Gas Protocol”). When preparing …",pdf_page_backfill,accepted_explicit_named_series_edge,corporate value chain\s*\(scope 3\)
ghg_financial_industry_standard::J,r301_swissre,SWISS RE,瑞士再保险股份有限公司,301,J,金融业,Finance,J,金融业,Finance,consistent_with_company_workbench,GHG Protocol,ghg_financial_industry_standard,金融行业全球温室气体核算与报告标准,Global GHG Accounting and Reporting Standard for the Financial Industry,accepted,source_text_explicitly_names_this_ghg_protocol_series,accepted_explicit_ghg_fine_series_edge,explicit_series_citation,76 | 9 | 72 | 98,2024-SWISS RE-sustainability-report-en.pdf,"n-based) tonnes CO2e 2 n/a n/a n/a 1 For further details, see Appendix, Sustainability data, page 99. 2 As per the Global GHG Accounting & Reporting Standard Part C for IAE by the PCAF, financed and insurance-associated emissions must not be aggregated, due to their different nature and to avoid double counting. Scope 3 – Indirect is therefore reported as n…","n-based) tonnes CO2e 2 n/a n/a n/a 1 For further details, see Appendix, Sustainability data, page 99. 2 As per the Global GHG Accounting & Reporting Standard Part C for IAE by the PCAF, financed and insurance-associated emissions must not be aggregated, due to their different nature and to avoid double counting. Scope 3 – Indirect is therefore reported as n…",medium,accepted_explicit_named_series_edge,\bpcaf\b | partnership for carbon accounting financials
ghg_financial_industry_standard::J,r315_unicreditgroup,UNICREDIT GROUP,联合信贷集团,315,J,金融业,Finance,J,金融业,Finance,consistent_with_company_workbench,GHG Protocol,ghg_financial_industry_standard,金融行业全球温室气体核算与报告标准,Global GHG Accounting and Reporting Standard for the Financial Industry,accepted,source_text_explicitly_names_this_ghg_protocol_series,accepted_explicit_ghg_fine_series_edge,explicit_series_citation,140 | 263 | 273,2024-UNICREDIT GROUP-Annual-Reports-and-Accounts.pdf,"oss reporting periods. The primary frameworks used included: • Greenhouse Gas (GHG) Protocol for calculating Scope 3 emissions, covering both upstream and downstream activities; • Partnership for Carbon Accounting Financials (PCAF) for estimating Scope 3 emissions related to loans and investments in the financial portfolio. These methodologies provide struc…","oss reporting periods. The primary frameworks used included: • Greenhouse Gas (GHG) Protocol for calculating Scope 3 emissions, covering both upstream and downstream activities; • Partnership for Carbon Accounting Financials (PCAF) for estimating Scope 3 emissions related to loans and investments in the financial portfolio. These methodologies provide struc…",pdf_page_backfill,accepted_explicit_named_series_edge,partnership for carbon accounting financials | \bpcaf\b
ghg_scope3_calculation_guidance::J,r315_unicreditgroup,UNICREDIT GROUP,联合信贷集团,315,J,金融业,Finance,J,金融业,Finance,consistent_with_company_workbench,GHG Protocol,ghg_scope3_calculation_guidance,GHG Protocol Scope 3 计算指南,GHG Protocol Scope 3 Calculation Guidance,accepted,source_text_explicitly_names_this_ghg_protocol_series,accepted_explicit_ghg_fine_series_edge,explicit_series_citation,273,2024-UNICREDIT GROUP-Annual-Reports-and-Accounts.pdf,"data method has been applied. Emissions are calculated based on the hours of homeworking completed by employees during the year, as registered in our HR systems. The GHG Protocol, Technical Guidance for Calculating Scope 3 Emissions indicates that emissions arising from employees working remotely may be accounted under this category, although a specific cal…","data method has been applied. Emissions are calculated based on the hours of homeworking completed by employees during the year, as registered in our HR systems. The GHG Protocol, Technical Guidance for Calculating Scope 3 Emissions indicates that emissions arising from employees working remotely may be accounted under this category, although a specific cal…",pdf_page_backfill,accepted_explicit_named_series_edge,technical guidance for calculating scope 3 emissions
ghg_scope3_standard::D,r317_tokyoelectricpower,TOKYO ELECTRIC POWER,东京电力公司,317,D,电力、热力、燃气及水生产和供应业,"Electricity, Heat, Gas and Water Production and Supply",I,电力、热力、燃气及水生产和供应业,"Information Transmission, Software and Information Technology Services",corrected_by_gbt4754_code_name_rule,GHG Protocol,ghg_scope3_standard,GHG Protocol 企业价值链（Scope 3）核算与报告标准,GHG Protocol Corporate Value Chain (Scope 3) Accounting and Reporting Standard,accepted,source_text_explicitly_names_this_ghg_protocol_series,accepted_explicit_ghg_fine_series_edge,explicit_series_citation,102,TOKYO ELECTRIC POWER TP2024_en_web_print.pdf,tor for power transmission and distribution operators. *17 Indirect greenhouse gas emissions from business Approach to calculation We follow major guidelines have been published: “Corporate Value Chain (Scope 3) Accounting and emissions factor for power transmission and distribution operators. *17 Indirect greenhouse gas emissions from business Approach to …,tor for power transmission and distribution operators. *17 Indirect greenhouse gas emissions from business Approach to calculation We follow major guidelines have been published: “Corporate Value Chain (Scope 3) Accounting and emissions factor for power transmission and distribution operators. *17 Indirect greenhouse gas emissions from business Approach to …,medium,accepted_explicit_named_series_edge,corporate value chain\s*\(scope 3\)
ghg_corporate_standard::F,r322_ingkagroup,INGKA GROUP,英格卡集团,322,F,批发和零售业,Wholesale and Retail Trade,F,批发和零售业,Wholesale and Retail Trade,consistent_with_company_workbench,GHG Protocol,ghg_corporate_standard,GHG Protocol 企业核算与报告标准,GHG Protocol Corporate Accounting and Reporting Standard,accepted,source_text_explicitly_names_this_ghg_protocol_series,accepted_explicit_ghg_fine_series_edge,explicit_series_citation,56 | 113,ingkagroup_annualsummaryandsustainabilityreport_fy24.pdf,"up to the totals shown due to rounding. Calculating our greenhouse gas emissions We calculate our energy and climate footprint in accordance with the Greenhouse Gas (GHG) Protocol Corporate Accounting and Reporting Standard, including emissions arising from our operations (scope 1 and 2) and across our value chain (scope 3). Our data is consolidated using t…","up to the totals shown due to rounding. Calculating our greenhouse gas emissions We calculate our energy and climate footprint in accordance with the Greenhouse Gas (GHG) Protocol Corporate Accounting and Reporting Standard, including emissions arising from our operations (scope 1 and 2) and across our value chain (scope 3). Our data is consolidated using t…",pdf_page_backfill,accepted_explicit_named_series_edge,corporate accounting and reporting standard
ghg_financial_industry_standard::F,r322_ingkagroup,INGKA GROUP,英格卡集团,322,F,批发和零售业,Wholesale and Retail Trade,F,批发和零售业,Wholesale and Retail Trade,consistent_with_company_workbench,GHG Protocol,ghg_financial_industry_standard,金融行业全球温室气体核算与报告标准,Global GHG Accounting and Reporting Standard for the Financial Industry,accepted,source_text_explicitly_names_this_ghg_protocol_series,accepted_explicit_ghg_fine_series_edge,explicit_series_citation,113,ingkagroup_annualsummaryandsustainabilityreport_fy24.pdf,"ent portfolios (category 15 emissions). We report on these emissions in line with guidance pr… PDF full-document exact-series scan: the report page names a controlled GHG Protocol/PCAF fine standard in an accounting, reporting, methodology, or assurance context; this does not promote emissions values. PDF 全文精确系列扫描：报告页在核算、报告、方法或鉴证语境中命名受控 GHG Protocol/PCAF 细分…","ent portfolios (category 15 emissions). We report on these emissions in line with guidance pr… PDF full-document exact-series scan: the report page names a controlled GHG Protocol/PCAF fine standard in an accounting, reporting, methodology, or assurance context; this does not promote emissions values. PDF 全文精确系列扫描：报告页在核算、报告、方法或鉴证语境中命名受控 GHG Protocol/PCAF 细分…",pdf_page_backfill,accepted_explicit_named_series_edge,\bpcaf\b
ghg_scope2_guidance::F,r322_ingkagroup,INGKA GROUP,英格卡集团,322,F,批发和零售业,Wholesale and Retail Trade,F,批发和零售业,Wholesale and Retail Trade,consistent_with_company_workbench,GHG Protocol,ghg_scope2_guidance,GHG Protocol Scope 2 指南,GHG Protocol Scope 2 Guidance,accepted,source_text_explicitly_names_this_ghg_protocol_series,accepted_explicit_ghg_fine_series_edge,explicit_series_citation,56 | 113,ingkagroup_annualsummaryandsustainabilityreport_fy24.pdf,"om publicly available databases are integrated into our reporting system and are regularly updated. Scope 2 emissions are calculated in accordance with the Greenhouse Gas Protocol scope 2 Guidance. Our climate target is based on our market-based scope 2 emissions, which take the purchase of renewable electricity attribute certificates and supplier specific …","om publicly available databases are integrated into our reporting system and are regularly updated. Scope 2 emissions are calculated in accordance with the Greenhouse Gas Protocol scope 2 Guidance. Our climate target is based on our market-based scope 2 emissions, which take the purchase of renewable electricity attribute certificates and supplier specific …",pdf_page_backfill,accepted_explicit_named_series_edge,scope 2 guidance
ghg_scope3_standard::F,r322_ingkagroup,INGKA GROUP,英格卡集团,322,F,批发和零售业,Wholesale and Retail Trade,F,批发和零售业,Wholesale and Retail Trade,consistent_with_company_workbench,GHG Protocol,ghg_scope3_standard,GHG Protocol 企业价值链（Scope 3）核算与报告标准,GHG Protocol Corporate Value Chain (Scope 3) Accounting and Reporting Standard,accepted,source_text_explicitly_names_this_ghg_protocol_series,accepted_explicit_ghg_fine_series_edge,explicit_series_citation,56 | 113,ingkagroup_annualsummaryandsustainabilityreport_fy24.pdf,"operations (scope 1 and 2) and across our value chain (scope 3). Our data is consolidated using the GHG Protocol operational control approach. For scope 3 emissions, we follow the Corporate Value Chain (Scope 3) Accounting and Reporting Standard and measure and report our impa… PDF page backfill: mapped from the cited GHG Protocol evidence page plus adjacen…","operations (scope 1 and 2) and across our value chain (scope 3). Our data is consolidated using the GHG Protocol operational control approach. For scope 3 emissions, we follow the Corporate Value Chain (Scope 3) Accounting and Reporting Standard and measure and report our impa… PDF page backfill: mapped from the cited GHG Protocol evidence page plus adjacen…",pdf_page_backfill,accepted_explicit_named_series_edge,corporate value chain\s*\(scope 3\)
ghg_financial_industry_standard::J,r324_americaninternationalgroup,AMERICAN INTERNATIONAL GROUP,美国国际集团,324,J,金融业,Finance,J,金融业,Finance,consistent_with_company_workbench,GHG Protocol,ghg_financial_industry_standard,金融行业全球温室气体核算与报告标准,Global GHG Accounting and Reporting Standard for the Financial Industry,accepted,source_text_explicitly_names_this_ghg_protocol_series,accepted_explicit_ghg_fine_series_edge,explicit_series_citation,35 | 36 | 40 | 33,AMERICAN INTERNATIONAL GROUP-aig-sustainability-report-2024.pdf,"Integration 15 Emissions intensity = Absolute emissions divided by a monetary unit reflecting the insured’s size of business, expressed in tCO2e/insured’s revenue or asset value. PCAF (2022). The Global GHG Accounting and Reporting Standard Part A: Financed Emissions. Second Edition. PDF full-document exact-series scan: the report page names a controlled GH…","Integration 15 Emissions intensity = Absolute emissions divided by a monetary unit reflecting the insured’s size of business, expressed in tCO2e/insured’s revenue or asset value. PCAF (2022). The Global GHG Accounting and Reporting Standard Part A: Financed Emissions. Second Edition. PDF full-document exact-series scan: the report page names a controlled GH…",pdf_page_backfill,accepted_explicit_named_series_edge,\bpcaf\b | partnership for carbon accounting financials
ghg_scope3_standard::J,r324_americaninternationalgroup,AMERICAN INTERNATIONAL GROUP,美国国际集团,324,J,金融业,Finance,J,金融业,Finance,consistent_with_company_workbench,GHG Protocol,ghg_scope3_standard,GHG Protocol 企业价值链（Scope 3）核算与报告标准,GHG Protocol Corporate Value Chain (Scope 3) Accounting and Reporting Standard,accepted,source_text_explicitly_names_this_ghg_protocol_series,accepted_explicit_ghg_fine_series_edge,explicit_series_citation,33,AMERICAN INTERNATIONAL GROUP-aig-sustainability-report-2024.pdf,"as value chain emissions, are the result of activities from assets not directly owned or controlled by AIG, but that AIG indirectly affects in its value chain activities. The GHG Corporate Value Chain (Scope 3) Accounting and Reporting Standard defines 15 categories of scope 3 emissions. We are currently measuring eight of the 15 categories. Categories 1–6 …","as value chain emissions, are the result of activities from assets not directly owned or controlled by AIG, but that AIG indirectly affects in its value chain activities. The GHG Corporate Value Chain (Scope 3) Accounting and Reporting Standard defines 15 categories of scope 3 emissions. We are currently measuring eight of the 15 categories. Categories 1–6 …",pdf_page_backfill,accepted_explicit_named_series_edge,corporate value chain\s*\(scope 3\)
ghg_financial_industry_standard::J,r327_talanx公司,Talanx,Talanx,327,J,金融业,Finance,J,金融业,Finance,consistent_with_company_workbench,GHG Protocol,ghg_financial_industry_standard,金融行业全球温室气体核算与报告标准,Global GHG Accounting and Reporting Standard for the Financial Industry,accepted,source_text_explicitly_names_this_ghg_protocol_series,accepted_explicit_ghg_fine_series_edge,explicit_series_citation,32 | 21,Talanx_Nachhaltigkeitsbericht_2023_en.pdf,"s prevents changes relating to the market values of the divisions’ portfolios ­affecting how their carbon intensity is managed. In 2023, the Partnership for Accounting Financials (PCAF) framework was used to calculate financed emissions. Information on the ­financed emissions and on other steps to be taken to reduce carbon emissions will be published in 202…","s prevents changes relating to the market values of the divisions’ portfolios ­affecting how their carbon intensity is managed. In 2023, the Partnership for Accounting Financials (PCAF) framework was used to calculate financed emissions. Information on the ­financed emissions and on other steps to be taken to reduce carbon emissions will be published in 202…",pdf_page_backfill,accepted_explicit_named_series_edge,\bpcaf\b
ghg_corporate_standard::C,r329_astrazeneca,ASTRAZENECA,阿斯利康,329,C,制造业,Manufacturing,C,制造业,Manufacturing,consistent_with_company_workbench,GHG Protocol,ghg_corporate_standard,GHG Protocol 企业核算与报告标准,GHG Protocol Corporate Accounting and Reporting Standard,accepted,source_text_explicitly_names_this_ghg_protocol_series,accepted_explicit_ghg_fine_series_edge,explicit_series_citation,128 | 235 | 237,AstraZeneca_AR_2024.pdf,"142.73 1 The Group reports GHG emissions in accordance with the World Resources Institute/World Business Council for Sustainable Development (WRI/WBCSD) Greenhouse Gas Protocol: A Corporate Accounting and Reporting Standard, Revised Edition (2015) and Corporate Value Chain (Scope 3), Accounting and Reporting Standard (2011). 2 Under the Companies (Directors…","142.73 1 The Group reports GHG emissions in accordance with the World Resources Institute/World Business Council for Sustainable Development (WRI/WBCSD) Greenhouse Gas Protocol: A Corporate Accounting and Reporting Standard, Revised Edition (2015) and Corporate Value Chain (Scope 3), Accounting and Reporting Standard (2011). 2 Under the Companies (Directors…",medium,accepted_explicit_named_series_edge,corporate accounting and reporting standard
ghg_scope2_guidance::C,r329_astrazeneca,ASTRAZENECA,阿斯利康,329,C,制造业,Manufacturing,C,制造业,Manufacturing,consistent_with_company_workbench,GHG Protocol,ghg_scope2_guidance,GHG Protocol Scope 2 指南,GHG Protocol Scope 2 Guidance,accepted,source_text_explicitly_names_this_ghg_protocol_series,accepted_explicit_ghg_fine_series_edge,explicit_series_citation,128 | 235,AstraZeneca_AR_2024.pdf,"eme. In the US, Renewable Thermal Certificates are tracked via the Midwest Renewable Energy Tracking System. 4 GHGs from imported electricity are calculated using the GHG Protocol Scope 2 Guidance (January 2015) requiring dual reporting using two emissions factors for each site – Market-based and Location-based. Our corporate emissions reporting and targets…","eme. In the US, Renewable Thermal Certificates are tracked via the Midwest Renewable Energy Tracking System. 4 GHGs from imported electricity are calculated using the GHG Protocol Scope 2 Guidance (January 2015) requiring dual reporting using two emissions factors for each site – Market-based and Location-based. Our corporate emissions reporting and targets…",medium,accepted_explicit_named_series_edge,scope 2 guidance
ghg_scope3_standard::C,r329_astrazeneca,ASTRAZENECA,阿斯利康,329,C,制造业,Manufacturing,C,制造业,Manufacturing,consistent_with_company_workbench,GHG Protocol,ghg_scope3_standard,GHG Protocol 企业价值链（Scope 3）核算与报告标准,GHG Protocol Corporate Value Chain (Scope 3) Accounting and Reporting Standard,accepted,source_text_explicitly_names_this_ghg_protocol_series,accepted_explicit_ghg_fine_series_edge,explicit_series_citation,128 | 235,AstraZeneca_AR_2024.pdf,"sources Institute/World Business Council for Sustainable Development (WRI/WBCSD) Greenhouse Gas Protocol: A Corporate Accounting and Reporting Standard, Revised Edition (2015) and Corporate Value Chain (Scope 3), Accounting and Reporting Standard (2011). 2 Under the Companies (Directors’ Report) and Limited Liability Partnerships (Energy and Carbon Report) …","sources Institute/World Business Council for Sustainable Development (WRI/WBCSD) Greenhouse Gas Protocol: A Corporate Accounting and Reporting Standard, Revised Edition (2015) and Corporate Value Chain (Scope 3), Accounting and Reporting Standard (2011). 2 Under the Companies (Directors’ Report) and Limited Liability Partnerships (Energy and Carbon Report) …",medium,accepted_explicit_named_series_edge,corporate value chain\s*\(scope 3\)
ghg_financial_industry_standard::J,r333_tiaa,TIAA,美国教师退休基金会,333,J,金融业,Finance,J,金融业,Finance,consistent_with_company_workbench,GHG Protocol,ghg_financial_industry_standard,金融行业全球温室气体核算与报告标准,Global GHG Accounting and Reporting Standard for the Financial Industry,accepted,source_text_explicitly_names_this_ghg_protocol_series,accepted_explicit_ghg_fine_series_edge,explicit_series_citation,37 | 43,TIAA climate_report_2024.pdf,e importance of these solutions and technologies to the low-carbon transition and reiterates our belief toward gaining increasing exposure to these opportunities. PCAF Scoring The Partnership for Carbon Accounting Financials (PCAF) is a global partnership of financial institutions that work together to develop and implement a harmonized approach to assess a…,e importance of these solutions and technologies to the low-carbon transition and reiterates our belief toward gaining increasing exposure to these opportunities. PCAF Scoring The Partnership for Carbon Accounting Financials (PCAF) is a global partnership of financial institutions that work together to develop and implement a harmonized approach to assess a…,pdf_page_backfill,accepted_explicit_named_series_edge,\bpcaf\b | partnership for carbon accounting financials
ghg_corporate_standard::D,r336_chinahuadian,CHINA HUADIAN,中国华电集团有限公司,336,D,电力、热力、燃气及水生产和供应业,"Electricity, Heat, Gas and Water Production and Supply",I,电力、热力、燃气及水生产和供应业,,corrected_by_gbt4754_code_name_rule,GHG Protocol,ghg_corporate_standard,GHG Protocol 企业核算与报告标准,GHG Protocol Corporate Accounting and Reporting Standard,accepted,source_text_explicitly_names_this_ghg_protocol_series,accepted_explicit_ghg_fine_series_edge,explicit_series_citation,58,AIA GROUP-Main-ESG-Report_CH.pdf,標，包括按 性別和年齡劃分的員工流失率（第6 頁）以及按市場、性別、年齡及職級 劃分的員工結構概覽（第10 頁）依 據獨立執業會計師就友邦保險控股有 限公司的經識別的可持續發展資料的 有限保證鑒證報告進行鑒證。請參閱 第32 頁以獲取此數據鑒證工作中涵 蓋的細分營運範圍。 數據計量方法 友邦保險根據溫室氣體協議企業會計 和報告標準（GHG Protocol Corporate Accounting and Reporting Standard）、溫室氣體協議範圍2 指 南及香港特別行政區政府環保署提供 的指引計算排放量，亦會透過公用事 業公司可持續發展報告、溫室氣體協 議數據庫及國際能源總署（IEA） 2024 年排放因子數據庫，確定各個 營運地區溫室氣體排放（範圍1 和 2）的排放因子。我們參照英國政府 環…,標，包括按 性別和年齡劃分的員工流失率（第6 頁）以及按市場、性別、年齡及職級 劃分的員工結構概覽（第10 頁）依 據獨立執業會計師就友邦保險控股有 限公司的經識別的可持續發展資料的 有限保證鑒證報告進行鑒證。請參閱 第32 頁以獲取此數據鑒證工作中涵 蓋的細分營運範圍。 數據計量方法 友邦保險根據溫室氣體協議企業會計 和報告標準（GHG Protocol Corporate Accounting and Reporting Standard）、溫室氣體協議範圍2 指 南及香港特別行政區政府環保署提供 的指引計算排放量，亦會透過公用事 業公司可持續發展報告、溫室氣體協 議數據庫及國際能源總署（IEA） 2024 年排放因子數據庫，確定各個 營運地區溫室氣體排放（範圍1 和 2）的排放因子。我們參照英國政府 環…,pdf_page_backfill,accepted_explicit_named_series_edge,corporate accounting and reporting standard
ghg_corporate_standard::C,r339_hyundaimobis,HYUNDAI MOBIS,现代摩比斯公司,339,C,制造业,Manufacturing,C,制造业,Manufacturing,consistent_with_company_workbench,GHG Protocol,ghg_corporate_standard,GHG Protocol 企业核算与报告标准,GHG Protocol Corporate Accounting and Reporting Standard,accepted,source_text_explicitly_names_this_ghg_protocol_series,accepted_explicit_ghg_fine_series_edge,explicit_series_citation,161 | 46,HYUNDAI MOBIS sustainability report 2025.pdf,"owing criteria and coefficients used by the company were applied. • Criteria - ISO 14064-1:2018, ISO 14064-3:2019 - 2006 IPCC Guidelines for National Greenhouse Gas Inventories - GHG Protocol Corporate Standard - Rule for emission reporting and certification of greenhouse gas emission trading Scheme (Notification No. 2025-28 of Ministry of Environment) • …","owing criteria and coefficients used by the company were applied. • Criteria - ISO 14064-1:2018, ISO 14064-3:2019 - 2006 IPCC Guidelines for National Greenhouse Gas Inventories - GHG Protocol Corporate Standard - Rule for emission reporting and certification of greenhouse gas emission trading Scheme (Notification No. 2025-28 of Ministry of Environment) • …",pdf_page_backfill,accepted_explicit_named_series_edge,"(?:ghg protocol | greenhouse gas protocol | wri | world resources institute | world business council)[\s\S]{0,160}corporate standard"
ghg_scope3_standard::C,r339_hyundaimobis,HYUNDAI MOBIS,现代摩比斯公司,339,C,制造业,Manufacturing,C,制造业,Manufacturing,consistent_with_company_workbench,GHG Protocol,ghg_scope3_standard,GHG Protocol 企业价值链（Scope 3）核算与报告标准,GHG Protocol Corporate Value Chain (Scope 3) Accounting and Reporting Standard,accepted,source_text_explicitly_names_this_ghg_protocol_series,accepted_explicit_ghg_fine_series_edge,explicit_series_citation,46 | 52,HYUNDAI MOBIS sustainability report 2025.pdf,missions by Scope 3 category to ensure systemic GHG emissions management across the entire value chain. We quantify and disclose category-specific emissions in accordance with the Corporate Value Chain (Scope 3) Accounting and Report s GHG emissions by Scope 3 category to ensure systemic GHG emissions management across the entire value chain. We quantify an…,missions by Scope 3 category to ensure systemic GHG emissions management across the entire value chain. We quantify and disclose category-specific emissions in accordance with the Corporate Value Chain (Scope 3) Accounting and Report s GHG emissions by Scope 3 category to ensure systemic GHG emissions management across the entire value chain. We quantify an…,medium,accepted_explicit_named_series_edge,corporate value chain\s*\(scope 3\)
ghg_corporate_standard::C,r342_bristolmyerssquibb,BRISTOL-MYERS SQUIBB,百时美施贵宝公司,342,C,制造业,Manufacturing,C,制造业,Manufacturing,consistent_with_company_workbench,GHG Protocol,ghg_corporate_standard,GHG Protocol 企业核算与报告标准,GHG Protocol Corporate Accounting and Reporting Standard,accepted,source_text_explicitly_names_this_ghg_protocol_series,accepted_explicit_ghg_fine_series_edge,explicit_series_citation,80,BRISTOL-MYERS SQUIBB BMS-Building-a-Better-Future-Report-2024.pdf,and • Evaluation of the GHG emissions data against the requirements of the World Resources Institute (WRI)/World Business Council for Sustainable Development (WBCSD) GHG Protocol Corporate Accounting and Reporting Standards. Reporting Boundaries The following are the boundaries used by Bristol Myers Squibb for reporting sustainability data: • Operational Co…,and • Evaluation of the GHG emissions data against the requirements of the World Resources Institute (WRI)/World Business Council for Sustainable Development (WBCSD) GHG Protocol Corporate Accounting and Reporting Standards. Reporting Boundaries The following are the boundaries used by Bristol Myers Squibb for reporting sustainability data: • Operational Co…,pdf_page_backfill,accepted_explicit_named_series_edge,corporate accounting and reporting standard
ghg_corporate_standard::C,r344_continental,CONTINENTAL,德国大陆集团,344,C,制造业,Manufacturing,C,制造业,Manufacturing,consistent_with_company_workbench,GHG Protocol,ghg_corporate_standard,GHG Protocol 企业核算与报告标准,GHG Protocol Corporate Accounting and Reporting Standard,accepted,source_text_explicitly_names_this_ghg_protocol_series,accepted_explicit_ghg_fine_series_edge,explicit_series_citation,133 | 142,CONTINENTAL annual-report-2024.pdf,"ed with contractual instruments, in % — — 84.7 — — — — — Definitions, assumptions, and calculation methods: Gross Scope 1 GHG emissions - Definitions and calculations according to GHG Protocol Corporate Standard (version 2004). - Emissions factors for refrigerants in accordance with Regulation (EU) 2024/573 of the European Parliament and of the Council from…","ed with contractual instruments, in % — — 84.7 — — — — — Definitions, assumptions, and calculation methods: Gross Scope 1 GHG emissions - Definitions and calculations according to GHG Protocol Corporate Standard (version 2004). - Emissions factors for refrigerants in accordance with Regulation (EU) 2024/573 of the European Parliament and of the Council from…",medium,accepted_explicit_named_series_edge,"(?:ghg protocol | greenhouse gas protocol | wri | world resources institute | world business council)[\s\S]{0,160}corporate standard"
ghg_scope3_standard::C,r344_continental,CONTINENTAL,德国大陆集团,344,C,制造业,Manufacturing,C,制造业,Manufacturing,consistent_with_company_workbench,GHG Protocol,ghg_scope3_standard,GHG Protocol 企业价值链（Scope 3）核算与报告标准,GHG Protocol Corporate Value Chain (Scope 3) Accounting and Reporting Standard,accepted,source_text_explicitly_names_this_ghg_protocol_series,accepted_explicit_ghg_fine_series_edge,explicit_series_citation,133 | 143,CONTINENTAL annual-report-2024.pdf,"internal rules apply directly or indi- rectly addressing climate change mitigation. In addition, the management approach is based on the GHG Proto- col and related standards (e.g. Corporate Value Chain (Scope 3) ac- counting and reporting standard) as external frameworks for CO2 emissions accounting. The management approach and associated measures take into…","internal rules apply directly or indi- rectly addressing climate change mitigation. In addition, the management approach is based on the GHG Proto- col and related standards (e.g. Corporate Value Chain (Scope 3) ac- counting and reporting standard) as external frameworks for CO2 emissions accounting. The management approach and associated measures take into…",pdf_page_backfill,accepted_explicit_named_series_edge,corporate value chain\s*\(scope 3\)
ghg_corporate_standard::C,r346_dow,DOW,陶氏公司,346,C,制造业,Manufacturing,C,制造业,Manufacturing,consistent_with_company_workbench,GHG Protocol,ghg_corporate_standard,GHG Protocol 企业核算与报告标准,GHG Protocol Corporate Accounting and Reporting Standard,accepted,source_text_explicitly_names_this_ghg_protocol_series,accepted_explicit_ghg_fine_series_edge,explicit_series_citation,2 | 30 | 31 | 74,DOW-2024-progress-report.pdf,"Standards and GHG disclosures referenced or included in the GHG Protocol disclosure report for the year ended December 31, 2024, are presented in accordance with the GHG Protocol Corporate Accounting and Reporting Standard (Revised Edition) published by the World Resources Institute (WRI)/World Business Council for Sustainable Development (WBCSD). For the S…","Standards and GHG disclosures referenced or included in the GHG Protocol disclosure report for the year ended December 31, 2024, are presented in accordance with the GHG Protocol Corporate Accounting and Reporting Standard (Revised Edition) published by the World Resources Institute (WRI)/World Business Council for Sustainable Development (WBCSD). For the S…",pdf_page_backfill,accepted_explicit_named_series_edge,corporate accounting and reporting standard
ghg_product_standard::C,r346_dow,DOW,陶氏公司,346,C,制造业,Manufacturing,C,制造业,Manufacturing,consistent_with_company_workbench,GHG Protocol,ghg_product_standard,GHG Protocol 产品生命周期核算与报告标准,GHG Protocol Product Life Cycle Accounting and Reporting Standard,accepted,source_text_explicitly_names_this_ghg_protocol_series,accepted_explicit_ghg_fine_series_edge,explicit_series_citation,116,DOW-2024-progress-report.pdf,"ines like the TfS Guidelines for the chemical sector and the GLEC Framework for transportation. Supplier-reported product and transport carbon footprint data is verified using the GHG Protocol Product Standard, ISO 14067, TfS Guidelines/Catena-X, WBCSD Pathfinder Met… PDF full-document exact-series scan: the report page names a controlled GHG Protocol/PCAF …","ines like the TfS Guidelines for the chemical sector and the GLEC Framework for transportation. Supplier-reported product and transport carbon footprint data is verified using the GHG Protocol Product Standard, ISO 14067, TfS Guidelines/Catena-X, WBCSD Pathfinder Met… PDF full-document exact-series scan: the report page names a controlled GHG Protocol/PCAF …",pdf_page_backfill,accepted_explicit_named_series_edge,ghg protocol product standard
ghg_scope3_standard::C,r346_dow,DOW,陶氏公司,346,C,制造业,Manufacturing,C,制造业,Manufacturing,consistent_with_company_workbench,GHG Protocol,ghg_scope3_standard,GHG Protocol 企业价值链（Scope 3）核算与报告标准,GHG Protocol Corporate Value Chain (Scope 3) Accounting and Reporting Standard,accepted,source_text_explicitly_names_this_ghg_protocol_series,accepted_explicit_ghg_fine_series_edge,explicit_series_citation,116 | 2 | 30,DOW-2024-progress-report.pdf,"in Category 4, travel agency booking data in Category 6, and investment emissions in Category 15. Dow Scope 3 accounting follows leading methodologies, including the GHG Protocol Corporate Value Chain (Scope 3) Accounting and Reporting Standard and sector-specific guidelines like the TfS Guidelines for the chemical sector and the GLEC Framework for transpor…","in Category 4, travel agency booking data in Category 6, and investment emissions in Category 15. Dow Scope 3 accounting follows leading methodologies, including the GHG Protocol Corporate Value Chain (Scope 3) Accounting and Reporting Standard and sector-specific guidelines like the TfS Guidelines for the chemical sector and the GLEC Framework for transpor…",pdf_page_backfill,accepted_explicit_named_series_edge,corporate value chain\s*\(scope 3\)
ghg_corporate_standard::I,r350_telefónica,TELEFÓNICA,西班牙电话公司,350,I,信息传输、软件和信息技术服务业,"Information Transmission, Software and Information Technology Services",I,信息传输、软件和信息技术服务业,"Information Transmission, Software and Information Technology Services",consistent_with_company_workbench,GHG Protocol,ghg_corporate_standard,GHG Protocol 企业核算与报告标准,GHG Protocol Corporate Accounting and Reporting Standard,accepted,source_text_explicitly_names_this_ghg_protocol_series,accepted_explicit_ghg_fine_series_edge,explicit_series_citation,63 | 108 | 109,2024TELEFÓNICA consolidated-management-report.pdf,"ventory E1-6_15 Telefónica calculates the carbon footprint for its operations (Scopes 1 and 2) and its value chain (Scope 3), using the methodology established in the GHG Protocol Corporate Accounting and Reporting Standard (revised edition). The emissions inventory follows the methodological guidelines based on the principles of relevance, completeness, co…","ventory E1-6_15 Telefónica calculates the carbon footprint for its operations (Scopes 1 and 2) and its value chain (Scope 3), using the methodology established in the GHG Protocol Corporate Accounting and Reporting Standard (revised edition). The emissions inventory follows the methodological guidelines based on the principles of relevance, completeness, co…",pdf_page_backfill,accepted_explicit_named_series_edge,corporate accounting and reporting standard | (?:ghg protocol | greenhouse gas protocol | wri | world resources institute
ghg_scope3_standard::I,r350_telefónica,TELEFÓNICA,西班牙电话公司,350,I,信息传输、软件和信息技术服务业,"Information Transmission, Software and Information Technology Services",I,信息传输、软件和信息技术服务业,"Information Transmission, Software and Information Technology Services",consistent_with_company_workbench,GHG Protocol,ghg_scope3_standard,GHG Protocol 企业价值链（Scope 3）核算与报告标准,GHG Protocol Corporate Value Chain (Scope 3) Accounting and Reporting Standard,accepted,source_text_explicitly_names_this_ghg_protocol_series,accepted_explicit_ghg_fine_series_edge,explicit_series_citation,109 | 63,2024TELEFÓNICA consolidated-management-report.pdf,"a of the Net Zero corporate standard of the SBTi initiative. E1-6_29 The methodology used for Scope 3 emissions accounting complies with the recommendations from the GHG Protocol (Corporate Value Chain (Scope 3) Accounting and Reporting Standard) and from the sectoral guidance provided by ITU-T, GeSI and GSMA (Guidance for … PDF full-document exact-series s…","a of the Net Zero corporate standard of the SBTi initiative. E1-6_29 The methodology used for Scope 3 emissions accounting complies with the recommendations from the GHG Protocol (Corporate Value Chain (Scope 3) Accounting and Reporting Standard) and from the sectoral guidance provided by ITU-T, GeSI and GSMA (Guidance for … PDF full-document exact-series s…",pdf_page_backfill,accepted_explicit_named_series_edge,corporate value chain\s*\(scope 3\)
ghg_corporate_standard::J,r351_chinaminshengbanking,CHINA MINSHENG BANKING,中国民生银行股份有限公司,351,J,金融业,Finance,J,金融业,,consistent_with_company_workbench,GHG Protocol,ghg_corporate_standard,GHG Protocol 企业核算与报告标准,GHG Protocol Corporate Accounting and Reporting Standard,accepted,source_text_explicitly_names_this_ghg_protocol_series,accepted_explicit_ghg_fine_series_edge,explicit_series_citation,63,Lloyds_Banking_Group_Annual_Report_2024.pdf,"Streamlined energy carbon reporting Methodology The Group follows the principles of the Greenhouse Gas (GHG) Protocol Corporate Accounting and Reporting Standard to calculate Scope 1, 2 and 3 emissions from our worldwide operations. Energy consumption is calculated according to guidance set out by the Department for Energy Security and Net","Streamlined energy carbon reporting Methodology The Group follows the principles of the Greenhouse Gas (GHG) Protocol Corporate Accounting and Reporting Standard to calculate Scope 1, 2 and 3 emissions from our worldwide operations. Energy consumption is calculated according to guidance set out by the Department for Energy Security and Net",pdf_page_backfill,accepted_explicit_named_series_edge,corporate accounting and reporting standard
ghg_corporate_standard::C,r357_magnainternational,MAGNA INTERNATIONAL,麦格纳国际,357,C,制造业,Manufacturing,C,制造业,Manufacturing,consistent_with_company_workbench,GHG Protocol,ghg_corporate_standard,GHG Protocol 企业核算与报告标准,GHG Protocol Corporate Accounting and Reporting Standard,accepted,source_text_explicitly_names_this_ghg_protocol_series,accepted_explicit_ghg_fine_series_edge,explicit_series_citation,99,101227_magna_sustainabilityreport_fy2024_final_cda.pdf,"r of sales, per employee and per square footage basis. The raw data for Scope 1 & 2 emissions, together with intensity metrics are set out below. Magna adheres to the GHG Protocol Corporate Accounting and Reporting Standard (“GHG Protocol”) for its Scope 1 and 2 reporting. Magna adheres to the GHG Protocol Corporate Value Chain (Scope 3) Standard and guidan…","r of sales, per employee and per square footage basis. The raw data for Scope 1 & 2 emissions, together with intensity metrics are set out below. Magna adheres to the GHG Protocol Corporate Accounting and Reporting Standard (“GHG Protocol”) for its Scope 1 and 2 reporting. Magna adheres to the GHG Protocol Corporate Value Chain (Scope 3) Standard and guidan…",pdf_page_backfill,accepted_explicit_named_series_edge,corporate accounting and reporting standard
ghg_scope3_standard::C,r357_magnainternational,MAGNA INTERNATIONAL,麦格纳国际,357,C,制造业,Manufacturing,C,制造业,Manufacturing,consistent_with_company_workbench,GHG Protocol,ghg_scope3_standard,GHG Protocol 企业价值链（Scope 3）核算与报告标准,GHG Protocol Corporate Value Chain (Scope 3) Accounting and Reporting Standard,accepted,source_text_explicitly_names_this_ghg_protocol_series,accepted_explicit_ghg_fine_series_edge,explicit_series_citation,99,101227_magna_sustainabilityreport_fy2024_final_cda.pdf,re set out below. Magna adheres to the GHG Protocol Corporate Accounting and Reporting Standard (“GHG Protocol”) for its Scope 1 and 2 reporting. Magna adheres to the GHG Protocol Corporate Value Chain (Scope 3) Standard and guidance from the SBTi for its Scope 3 reporting. We use commonly accepted emission factors such as those available from the GHG Proto…,re set out below. Magna adheres to the GHG Protocol Corporate Accounting and Reporting Standard (“GHG Protocol”) for its Scope 1 and 2 reporting. Magna adheres to the GHG Protocol Corporate Value Chain (Scope 3) Standard and guidance from the SBTi for its Scope 3 reporting. We use commonly accepted emission factors such as those available from the GHG Proto…,pdf_page_backfill,accepted_explicit_named_series_edge,corporate value chain\s*\(scope 3\)
ghg_corporate_standard::C,r358_omvgroup,OMV GROUP,奥地利石油天然气集团,358,C,制造业,Manufacturing,C,制造业,Manufacturing,corrected_by_excel_industry_review,GHG Protocol,ghg_corporate_standard,GHG Protocol 企业核算与报告标准,GHG Protocol Corporate Accounting and Reporting Standard,accepted,source_text_explicitly_names_this_ghg_protocol_series,accepted_explicit_ghg_fine_series_edge,explicit_series_citation,196 | 213,entire-omv-ar24.pdf,"luded in the appropriate category. OMV calculates its corporate carbon footprint (Scope 1, 2, and 3 emissions) following the principles, requirements, and guidance provided by the GHG Protocol Corporate Standard (version 2004), the GHG Protocol Scope 2 Guidance (version 2015), and the GHG Protocol Corporate Value Chain (Scope 3) Accounting and Reporting Sta…","luded in the appropriate category. OMV calculates its corporate carbon footprint (Scope 1, 2, and 3 emissions) following the principles, requirements, and guidance provided by the GHG Protocol Corporate Standard (version 2004), the GHG Protocol Scope 2 Guidance (version 2015), and the GHG Protocol Corporate Value Chain (Scope 3) Accounting and Reporting Sta…",pdf_page_backfill,accepted_explicit_named_series_edge,"(?:ghg protocol | greenhouse gas protocol | wri | world resources institute | world business council)[\s\S]{0,160}corporate standard"
ghg_scope2_guidance::C,r358_omvgroup,OMV GROUP,奥地利石油天然气集团,358,C,制造业,Manufacturing,C,制造业,Manufacturing,corrected_by_excel_industry_review,GHG Protocol,ghg_scope2_guidance,GHG Protocol Scope 2 指南,GHG Protocol Scope 2 Guidance,accepted,source_text_explicitly_names_this_ghg_protocol_series,accepted_explicit_ghg_fine_series_edge,explicit_series_citation,196 | 213,entire-omv-ar24.pdf,"arbon footprint (Scope 1, 2, and 3 emissions) following the principles, requirements, and guidance provided by the GHG Protocol Corporate Standard (version 2004), the GHG Protocol Scope 2 Guidance (version 2015), and the GHG Protocol Corporate Value Chain (Scope 3) Accounting and Reporting Standard (Version 2011).  Scope 1: This refers to direct emissions …","arbon footprint (Scope 1, 2, and 3 emissions) following the principles, requirements, and guidance provided by the GHG Protocol Corporate Standard (version 2004), the GHG Protocol Scope 2 Guidance (version 2015), and the GHG Protocol Corporate Value Chain (Scope 3) Accounting and Reporting Standard (Version 2011).  Scope 1: This refers to direct emissions …",pdf_page_backfill,accepted_explicit_named_series_edge,scope 2 guidance
ghg_scope3_standard::C,r358_omvgroup,OMV GROUP,奥地利石油天然气集团,358,C,制造业,Manufacturing,C,制造业,Manufacturing,corrected_by_excel_industry_review,GHG Protocol,ghg_scope3_standard,GHG Protocol 企业价值链（Scope 3）核算与报告标准,GHG Protocol Corporate Value Chain (Scope 3) Accounting and Reporting Standard,accepted,source_text_explicitly_names_this_ghg_protocol_series,accepted_explicit_ghg_fine_series_edge,explicit_series_citation,196 | 213,entire-omv-ar24.pdf,"g the principles, requirements, and guidance provided by the GHG Protocol Corporate Standard (version 2004), the GHG Protocol Scope 2 Guidance (version 2015), and the GHG Protocol Corporate Value Chain (Scope 3) Accounting and Reporting Standard (Version 2011).  Scope 1: This refers to direct emissions from sources that are owned or controlled by OMV. OMV …","g the principles, requirements, and guidance provided by the GHG Protocol Corporate Standard (version 2004), the GHG Protocol Scope 2 Guidance (version 2015), and the GHG Protocol Corporate Value Chain (Scope 3) Accounting and Reporting Standard (Version 2011).  Scope 1: This refers to direct emissions from sources that are owned or controlled by OMV. OMV …",pdf_page_backfill,accepted_explicit_named_series_edge,corporate value chain\s*\(scope 3\)
ghg_financial_industry_standard::J,r359_massachusettsmutuallifeinsurance,MASSACHUSETTS MUTUAL LIFE INSURANCE,万通互惠理财公司,359,J,金融业,Finance,J,金融业,Finance,consistent_with_company_workbench,GHG Protocol,ghg_financial_industry_standard,金融行业全球温室气体核算与报告标准,Global GHG Accounting and Reporting Standard for the Financial Industry,accepted,source_text_explicitly_names_this_ghg_protocol_series,accepted_explicit_ghg_fine_series_edge,explicit_series_citation,16,2024-MASSACHUSETTS MUTUAL LIFE INSURANCE-sustainabilityreport.pdf,"nsity metrics, we disclose absolute financed emissions for our commercial mortgage loans and our public corporate power and energy portfolios. Our calculation approach follows the Partnership for Carbon Accounting Financials (PCAF) financed emissions standard, to align with industry best practices. We use data from several sources to calculate absolute fina…","nsity metrics, we disclose absolute financed emissions for our commercial mortgage loans and our public corporate power and energy portfolios. Our calculation approach follows the Partnership for Carbon Accounting Financials (PCAF) financed emissions standard, to align with industry best practices. We use data from several sources to calculate absolute fina…",pdf_page_backfill,accepted_explicit_named_series_edge,partnership for carbon accounting financials
ghg_corporate_standard::J,r365_travelers公司,Travelers,Travelers,365,J,金融业,Finance,J,金融业,Finance,consistent_with_company_workbench,GHG Protocol,ghg_corporate_standard,GHG Protocol 企业核算与报告标准,GHG Protocol Corporate Accounting and Reporting Standard,accepted,source_text_explicitly_names_this_ghg_protocol_series,accepted_explicit_ghg_fine_series_edge,explicit_series_citation,77,Travelers_SustainabilityReport2024.pdf,"t third party. In addition, we include data for 2011 since it serves as the base year for the company’s initial GHG emissions reduction goal. We use The Greenhouse Gas Protocol: A Corporate Accounting and Reporting Standard to calculate our Scope 1 and 2 GHG emissions; we use The Greenhouse Gas Protocol Corporate Value Chain (Scope 3) Accounting and Reporti…","t third party. In addition, we include data for 2011 since it serves as the base year for the company’s initial GHG emissions reduction goal. We use The Greenhouse Gas Protocol: A Corporate Accounting and Reporting Standard to calculate our Scope 1 and 2 GHG emissions; we use The Greenhouse Gas Protocol Corporate Value Chain (Scope 3) Accounting and Reporti…",pdf_page_backfill,accepted_explicit_named_series_edge,corporate accounting and reporting standard
ghg_scope3_standard::J,r365_travelers公司,Travelers,Travelers,365,J,金融业,Finance,J,金融业,Finance,consistent_with_company_workbench,GHG Protocol,ghg_scope3_standard,GHG Protocol 企业价值链（Scope 3）核算与报告标准,GHG Protocol Corporate Value Chain (Scope 3) Accounting and Reporting Standard,accepted,source_text_explicitly_names_this_ghg_protocol_series,accepted_explicit_ghg_fine_series_edge,explicit_series_citation,77,Travelers_SustainabilityReport2024.pdf,reduction goal. We use The Greenhouse Gas Protocol: A Corporate Accounting and Reporting Standard to calculate our Scope 1 and 2 GHG emissions; we use The Greenhouse Gas Protocol Corporate Value Chain (Scope 3) Accounting and Reporting Standard to calculate our Scope 3 GHG emissions. 1 1 Refers to Scope 1 and Scope 2 GHG emissions from owned operations. Own…,reduction goal. We use The Greenhouse Gas Protocol: A Corporate Accounting and Reporting Standard to calculate our Scope 1 and 2 GHG emissions; we use The Greenhouse Gas Protocol Corporate Value Chain (Scope 3) Accounting and Reporting Standard to calculate our Scope 3 GHG emissions. 1 1 Refers to Scope 1 and Scope 2 GHG emissions from owned operations. Own…,pdf_page_backfill,accepted_explicit_named_series_edge,corporate value chain\s*\(scope 3\)
ghg_corporate_standard::R,r366_warnerbrosdiscovery,WARNER BROS. DISCOVERY,华纳兄弟探索公司,366,R,文化、体育和娱乐业,"Culture, Sports and Entertainment",R,文化、体育和娱乐业,"Culture, Sports and Entertainment",consistent_with_company_workbench,GHG Protocol,ghg_corporate_standard,GHG Protocol 企业核算与报告标准,GHG Protocol Corporate Accounting and Reporting Standard,accepted,source_text_explicitly_names_this_ghg_protocol_series,accepted_explicit_ghg_fine_series_edge,explicit_series_citation,25,WARNER BROS. DISCOVERY_2024_impact_report.pdf,"ata related to fugitive emissions and improve data granularity. 9. The Scope 3 GHG emissions inventory has been prepared using the guidance set forth in the WRI/WBCSD GHG Protocol Corporate Accounting and Reporting Standard under which a company can choose which Scope 3 emissions to report. 10. In line with revised methodology and emissions factors, the tot…","ata related to fugitive emissions and improve data granularity. 9. The Scope 3 GHG emissions inventory has been prepared using the guidance set forth in the WRI/WBCSD GHG Protocol Corporate Accounting and Reporting Standard under which a company can choose which Scope 3 emissions to report. 10. In line with revised methodology and emissions factors, the tot…",medium,accepted_explicit_named_series_edge,corporate accounting and reporting standard
ghg_scope2_guidance::R,r366_warnerbrosdiscovery,WARNER BROS. DISCOVERY,华纳兄弟探索公司,366,R,文化、体育和娱乐业,"Culture, Sports and Entertainment",R,文化、体育和娱乐业,"Culture, Sports and Entertainment",consistent_with_company_workbench,GHG Protocol,ghg_scope2_guidance,GHG Protocol Scope 2 指南,GHG Protocol Scope 2 Guidance,accepted,source_text_explicitly_names_this_ghg_protocol_series,accepted_explicit_ghg_fine_series_edge,explicit_series_citation,25,WARNER BROS. DISCOVERY_2024_impact_report.pdf,ns that occur from sources that are owned or controlled by WBD. 3. The Scope 2 GHG emissions inventory has been prepared using the guidance set forth in the WRI/WBCSD GHG Protocol Scope 2 Guidance: An amendment to the GHG Protocol Corporate Accounting and Repo… PDF full-document exact-series scan: the report page names a controlled GHG Protocol/PCAF fine st…,ns that occur from sources that are owned or controlled by WBD. 3. The Scope 2 GHG emissions inventory has been prepared using the guidance set forth in the WRI/WBCSD GHG Protocol Scope 2 Guidance: An amendment to the GHG Protocol Corporate Accounting and Repo… PDF full-document exact-series scan: the report page names a controlled GHG Protocol/PCAF fine st…,pdf_page_backfill,accepted_explicit_named_series_edge,scope 2 guidance
ghg_corporate_standard::J,r367_canadianimperialbankofcommerce,CANADIAN IMPERIAL BANK OF COMMERCE,加拿大帝国商业银行,367,J,金融业,Finance,J,金融业,Finance,consistent_with_company_workbench,GHG Protocol,ghg_corporate_standard,GHG Protocol 企业核算与报告标准,GHG Protocol Corporate Accounting and Reporting Standard,accepted,source_text_explicitly_names_this_ghg_protocol_series,accepted_explicit_ghg_fine_series_edge,explicit_series_citation,100 | 101 | 102,CANADIAN IMPERIAL BANK OF COMMERCE-sustainability-report-2024-en.pdf,"ed and disclosed using the following reporting standard: World Resources Institute (WRI)/World Business Council for Sustainable Development (WBCSD), The Greenhouse Gas Protocol: A Corporate Accounting and Reporting Standard (Revised Edition) March 2004. (4) 2024 purchased carbon removals relate to reforestation projects that adhere to the AB32 Compliance; C…","ed and disclosed using the following reporting standard: World Resources Institute (WRI)/World Business Council for Sustainable Development (WBCSD), The Greenhouse Gas Protocol: A Corporate Accounting and Reporting Standard (Revised Edition) March 2004. (4) 2024 purchased carbon removals relate to reforestation projects that adhere to the AB32 Compliance; C…",pdf_page_backfill,accepted_explicit_named_series_edge,corporate accounting and reporting standard
ghg_financial_industry_standard::J,r367_canadianimperialbankofcommerce,CANADIAN IMPERIAL BANK OF COMMERCE,加拿大帝国商业银行,367,J,金融业,Finance,J,金融业,Finance,consistent_with_company_workbench,GHG Protocol,ghg_financial_industry_standard,金融行业全球温室气体核算与报告标准,Global GHG Accounting and Reporting Standard for the Financial Industry,accepted,source_text_explicitly_names_this_ghg_protocol_series,accepted_explicit_ghg_fine_series_edge,explicit_series_citation,129 | 130,CANADIAN IMPERIAL BANK OF COMMERCE-sustainability-report-2024-en.pdf,"missions, disaggregated by (1) Scope 1, (2) Scope 2 and (3) Scope 3 FN-CB-410b.1 2024 Climate Report CIBC 2024 ESG Data Tables CIBC discloses absolute financed emissions using the Partnership for Carbon Accounting Financials (PCAF) Global GHG Accounting and Reporting Standard (Second Edition). We calculate the absolute financed emissions for our clients bas…","missions, disaggregated by (1) Scope 1, (2) Scope 2 and (3) Scope 3 FN-CB-410b.1 2024 Climate Report CIBC 2024 ESG Data Tables CIBC discloses absolute financed emissions using the Partnership for Carbon Accounting Financials (PCAF) Global GHG Accounting and Reporting Standard (Second Edition). We calculate the absolute financed emissions for our clients bas…",pdf_page_backfill,accepted_explicit_named_series_edge,partnership for carbon accounting financials | \bpcaf\b
ghg_scope3_standard::J,r367_canadianimperialbankofcommerce,CANADIAN IMPERIAL BANK OF COMMERCE,加拿大帝国商业银行,367,J,金融业,Finance,J,金融业,Finance,consistent_with_company_workbench,GHG Protocol,ghg_scope3_standard,GHG Protocol 企业价值链（Scope 3）核算与报告标准,GHG Protocol Corporate Value Chain (Scope 3) Accounting and Reporting Standard,accepted,source_text_explicitly_names_this_ghg_protocol_series,accepted_explicit_ghg_fine_series_edge,explicit_series_citation,100 | 101 | 102,CANADIAN IMPERIAL BANK OF COMMERCE-sustainability-report-2024-en.pdf,"Climate Action Reserve voluntary market standard. (2) All Scope 3 emissions are calculated and disclosed using the following reporting standard: WRI/WBCSD, Greenhouse Gas Protocol Corporate Value Chain (Scope 3) Accounting and Reporting Standard, 2011. PDF full-document exact-series scan: the report page names a controlled GHG Protocol/PCAF fine standard in…","Climate Action Reserve voluntary market standard. (2) All Scope 3 emissions are calculated and disclosed using the following reporting standard: WRI/WBCSD, Greenhouse Gas Protocol Corporate Value Chain (Scope 3) Accounting and Reporting Standard, 2011. PDF full-document exact-series scan: the report page names a controlled GHG Protocol/PCAF fine standard in…",pdf_page_backfill,accepted_explicit_named_series_edge,corporate value chain\s*\(scope 3\)
ghg_scope3_calculation_guidance::C,r368_lyondellbasellindustries,LYONDELLBASELL INDUSTRIES,利安德巴塞尔工业公司,368,C,制造业,Manufacturing,C,制造业,Manufacturing,consistent_with_company_workbench,GHG Protocol,ghg_scope3_calculation_guidance,GHG Protocol Scope 3 计算指南,GHG Protocol Scope 3 Calculation Guidance,accepted,source_text_explicitly_names_this_ghg_protocol_series,accepted_explicit_ghg_fine_series_edge,explicit_series_citation,3 | 127,2024-LYONDELLBASELL INDUSTRIES-sustainability-report.pdf,"to, crude oil, naphtha, natural gas, ethane, butane, isobutane, propylene, or ethylene). • Emissions were calculated using the average-data method from The Greenhouse Gas Protocol Technical Guidance for Calculating Scope 3 Emissions. • Feedstock and raw material volumes purchased or acquired were collected from purchase orders recorded in the LyondellBasell…","to, crude oil, naphtha, natural gas, ethane, butane, isobutane, propylene, or ethylene). • Emissions were calculated using the average-data method from The Greenhouse Gas Protocol Technical Guidance for Calculating Scope 3 Emissions. • Feedstock and raw material volumes purchased or acquired were collected from purchase orders recorded in the LyondellBasell…",pdf_page_backfill,accepted_explicit_named_series_edge,technical guidance for calculating scope 3 emissions
ghg_scope3_standard::C,r376_abbottlaboratories,ABBOTT LABORATORIES,雅培公司,376,C,制造业,Manufacturing,C,制造业,Manufacturing,consistent_with_company_workbench,GHG Protocol,ghg_scope3_standard,GHG Protocol 企业价值链（Scope 3）核算与报告标准,GHG Protocol Corporate Value Chain (Scope 3) Accounting and Reporting Standard,accepted,source_text_explicitly_names_this_ghg_protocol_series,accepted_explicit_ghg_fine_series_edge,explicit_series_citation,30 | 47 | 65,Abbott-2024-Global-Sustainability-Report-June-2025.pdf,"ieve our targets are driven by our energy policy, practices, and strategic plan. For more information, see Page 71. Scope 3 emissions are estimated annually using the GHG Protocol Corporate Value Chain (Scope 3) Accounting and Reporting Standard, referring to the categories4 applicable to Abbott. We are working with key carbon-intensive suppliers to reduce …","ieve our targets are driven by our energy policy, practices, and strategic plan. For more information, see Page 71. Scope 3 emissions are estimated annually using the GHG Protocol Corporate Value Chain (Scope 3) Accounting and Reporting Standard, referring to the categories4 applicable to Abbott. We are working with key carbon-intensive suppliers to reduce …",pdf_page_backfill,accepted_explicit_named_series_edge,corporate value chain\s*\(scope 3\)
ghg_corporate_standard::C,r387_schneiderelectric,SCHNEIDER ELECTRIC,施耐德电气,387,C,制造业,Manufacturing,C,制造业,Manufacturing,consistent_with_company_workbench,GHG Protocol,ghg_corporate_standard,GHG Protocol 企业核算与报告标准,GHG Protocol Corporate Accounting and Reporting Standard,accepted,source_text_explicitly_names_this_ghg_protocol_series,accepted_explicit_ghg_fine_series_edge,explicit_series_citation,14 | 32,2024-SCHNEIDER ELECTRIC-sustainability-report_tcm564-513141.pdf,"s emission sources, the Group systematically calculates, discloses and manages its end-to-end carbon footprint, across Scopes 1, 2, and 3, in alignment with the Standards from the Greenhouse Gas Protocol: The Corporate Accounting Standard and the Corporate Value Chain (Scope 3) Standard. Independent third-party verification ensures the accuracy of GHG emiss…","s emission sources, the Group systematically calculates, discloses and manages its end-to-end carbon footprint, across Scopes 1, 2, and 3, in alignment with the Standards from the Greenhouse Gas Protocol: The Corporate Accounting Standard and the Corporate Value Chain (Scope 3) Standard. Independent third-party verification ensures the accuracy of GHG emiss…",pdf_page_backfill,accepted_explicit_named_series_edge,"(?:ghg protocol | greenhouse gas protocol | wri | world resources institute | world business council)[\s\S]{0,160}corporate accounting standard"
ghg_scope2_guidance::C,r387_schneiderelectric,SCHNEIDER ELECTRIC,施耐德电气,387,C,制造业,Manufacturing,C,制造业,Manufacturing,consistent_with_company_workbench,GHG Protocol,ghg_scope2_guidance,GHG Protocol Scope 2 指南,GHG Protocol Scope 2 Guidance,accepted,source_text_explicitly_names_this_ghg_protocol_series,accepted_explicit_ghg_fine_series_edge,explicit_series_citation,14 | 142,2024-SCHNEIDER ELECTRIC-sustainability-report_tcm564-513141.pdf,"es were excluded from Group results in this table (2) Scope 2 emissions are quantified with the market-based methodology and the location-based methodology, following GHG Protocol scope 2 guidance, and the results from both approaches are disclosed. Values calculated with market-based and location-based methodologies should not be added. Market-based electr…","es were excluded from Group results in this table (2) Scope 2 emissions are quantified with the market-based methodology and the location-based methodology, following GHG Protocol scope 2 guidance, and the results from both approaches are disclosed. Values calculated with market-based and location-based methodologies should not be added. Market-based electr…",pdf_page_backfill,accepted_explicit_named_series_edge,scope 2 guidance
ghg_scope3_standard::C,r387_schneiderelectric,SCHNEIDER ELECTRIC,施耐德电气,387,C,制造业,Manufacturing,C,制造业,Manufacturing,consistent_with_company_workbench,GHG Protocol,ghg_scope3_standard,GHG Protocol 企业价值链（Scope 3）核算与报告标准,GHG Protocol Corporate Value Chain (Scope 3) Accounting and Reporting Standard,accepted,source_text_explicitly_names_this_ghg_protocol_series,accepted_explicit_ghg_fine_series_edge,explicit_series_citation,14 | 32,2024-SCHNEIDER ELECTRIC-sustainability-report_tcm564-513141.pdf,"and manages its end-to-end carbon footprint, across Scopes 1, 2, and 3, in alignment with the Standards from the Greenhouse Gas Protocol: The Corporate Accounting Standard and the Corporate Value Chain (Scope 3) Standard. Independent third-party verification ensures the accuracy of GHG emissions data. Schneider Electric has integrated climate-related scenar…","and manages its end-to-end carbon footprint, across Scopes 1, 2, and 3, in alignment with the Standards from the Greenhouse Gas Protocol: The Corporate Accounting Standard and the Corporate Value Chain (Scope 3) Standard. Independent third-party verification ensures the accuracy of GHG emissions data. Schneider Electric has integrated climate-related scenar…",pdf_page_backfill,accepted_explicit_named_series_edge,corporate value chain\s*\(scope 3\)
ghg_corporate_standard::J,r388_northwesternmutual,NORTHWESTERN MUTUAL,西北互助人寿保险公司,388,J,金融业,Finance,J,金融业,Finance,consistent_with_company_workbench,GHG Protocol,ghg_corporate_standard,GHG Protocol 企业核算与报告标准,GHG Protocol Corporate Accounting and Reporting Standard,accepted,source_text_explicitly_names_this_ghg_protocol_series,accepted_explicit_ghg_fine_series_edge,explicit_series_citation,45 | 61,2024-NORTHWESTERN MUTUAL-sustainability-and-impact-report.pdf,"te office space includes Milwaukee, Franklin and New York campuses, and hanger. 40 For more information regarding operational control, see chapter 3 of the Greenhouse Gas Protocol Corporate Accounting and Reporting Standard. 41 Benchmarking ordinance. 42 City of Milwaukee Climate & Equity Plan. 43 Waste data includes Milwaukee and Franklin campuses. Compost…","te office space includes Milwaukee, Franklin and New York campuses, and hanger. 40 For more information regarding operational control, see chapter 3 of the Greenhouse Gas Protocol Corporate Accounting and Reporting Standard. 41 Benchmarking ordinance. 42 City of Milwaukee Climate & Equity Plan. 43 Waste data includes Milwaukee and Franklin campuses. Compost…",pdf_page_backfill,accepted_explicit_named_series_edge,corporate accounting and reporting standard
ghg_financial_industry_standard::J,r396_standardchartered,STANDARD CHARTERED,渣打银行,396,J,金融业,Finance,J,金融业,Finance,consistent_with_company_workbench,GHG Protocol,ghg_financial_industry_standard,金融行业全球温室气体核算与报告标准,Global GHG Accounting and Reporting Standard for the Financial Industry,accepted,source_text_explicitly_names_this_ghg_protocol_series,accepted_explicit_ghg_fine_series_edge,explicit_series_citation,30,2024 STANDARD CHARTERED sustainable-finance-impact-report.pdf,"companies, or other organisations. If such data is unavailable, we apply the GHG Accounting and Reporting Standard for the Financial Industry (“The Standard”) as developed by the Partnership for Carbon Accounting Financials (PCAF). The Standard sets out methodological guidance to measure and disclose GHG emissions across various asset classes ranging from c…","companies, or other organisations. If such data is unavailable, we apply the GHG Accounting and Reporting Standard for the Financial Industry (“The Standard”) as developed by the Partnership for Carbon Accounting Financials (PCAF). The Standard sets out methodological guidance to measure and disclose GHG emissions across various asset classes ranging from c…",pdf_page_backfill,accepted_explicit_named_series_edge,partnership for carbon accounting financials
ghg_corporate_standard::C,r397_xiaomi,XIAOMI,小米集团,397,C,制造业,Manufacturing,C,制造业,Manufacturing,consistent_with_company_workbench,GHG Protocol,ghg_corporate_standard,GHG Protocol 企业核算与报告标准,GHG Protocol Corporate Accounting and Reporting Standard,accepted,source_text_explicitly_names_this_ghg_protocol_series,accepted_explicit_ghg_fine_series_edge,explicit_series_citation,37 | 85 | 88,"Xiaomi 2023 Environmental, Social, and Governance Report.pdf","ets accordingly during the year. 28 GHG emissions: Refers to the Company’s GHG emissions (absolute value) calculated in accordance with standards such as Greenhouse Gas Protocol: Corporate Accounting and Reporting Standard, ISO 14064-1:2018—Specification with Guidance at the Organization Level for Quantification and Reporting of Greenhouse Gas Emissions an…","ets accordingly during the year. 28 GHG emissions: Refers to the Company’s GHG emissions (absolute value) calculated in accordance with standards such as Greenhouse Gas Protocol: Corporate Accounting and Reporting Standard, ISO 14064-1:2018—Specification with Guidance at the Organization Level for Quantification and Reporting of Greenhouse Gas Emissions an…",pdf_page_backfill,accepted_explicit_named_series_edge,corporate accounting and reporting standard
ghg_corporate_standard::B,r401_suncorenergy,SUNCOR ENERGY,森科能源公司,401,B,采矿业,Mining,B,采矿业,Mining,corrected_by_excel_industry_review,GHG Protocol,ghg_corporate_standard,GHG Protocol 企业核算与报告标准,GHG Protocol Corporate Accounting and Reporting Standard,accepted,source_text_explicitly_names_this_ghg_protocol_series,accepted_explicit_ghg_fine_series_edge,explicit_series_citation,68 | 83 | 91,2023_SUNCOR ENERGY_sustainability_report.pdf,"gases listed in the Kyoto Protocol: carbon dioxide (CO2); methane (CH4); nitrous oxide (N2O); hydrofluorocarbons (HFCs); perfluorocarbons (PFCs); and sulphur hexafluoride (SF6). (GHG Protocol Corporate Standard, 2004) Terms Environment Appendix Social Our approach Governance Suncor Energy Inc. | Report on Sustainability 2023 | 69 Term Definition Hydrogen Hy…","gases listed in the Kyoto Protocol: carbon dioxide (CO2); methane (CH4); nitrous oxide (N2O); hydrofluorocarbons (HFCs); perfluorocarbons (PFCs); and sulphur hexafluoride (SF6). (GHG Protocol Corporate Standard, 2004) Terms Environment Appendix Social Our approach Governance Suncor Energy Inc. | Report on Sustainability 2023 | 69 Term Definition Hydrogen Hy…",pdf_page_backfill,accepted_explicit_named_series_edge,"(?:ghg protocol | greenhouse gas protocol | wri | world resources institute | world business council)[\s\S]{0,160}corporate standard"
ghg_scope2_guidance::B,r401_suncorenergy,SUNCOR ENERGY,森科能源公司,401,B,采矿业,Mining,B,采矿业,Mining,corrected_by_excel_industry_review,GHG Protocol,ghg_scope2_guidance,GHG Protocol Scope 2 指南,GHG Protocol Scope 2 Guidance,accepted,source_text_explicitly_names_this_ghg_protocol_series,accepted_explicit_ghg_fine_series_edge,explicit_series_citation,91 | 68,2023_SUNCOR ENERGY_sustainability_report.pdf,f CO2e The World Resources Institute/ World Business Council for Sustainable Development GHG Protocol A Corporate Accounting and Reporting Standard (‘GHG Protocol’) & GHG Protocol Scope 2 Guidance (Supplement to the GHG Protocol) Sum of liquid hydrocarbon production GHG (scope 1 & 2) intensity 0.28 tonnes of CO2e/m3 of liquid hydrocarbon GHG Protocol & Inte…,f CO2e The World Resources Institute/ World Business Council for Sustainable Development GHG Protocol A Corporate Accounting and Reporting Standard (‘GHG Protocol’) & GHG Protocol Scope 2 Guidance (Supplement to the GHG Protocol) Sum of liquid hydrocarbon production GHG (scope 1 & 2) intensity 0.28 tonnes of CO2e/m3 of liquid hydrocarbon GHG Protocol & Inte…,pdf_page_backfill,accepted_explicit_named_series_edge,scope 2 guidance
ghg_scope2_guidance::I,r403_ubertechnologies公司,Uber Technologies,Uber Technologies,403,I,信息传输、软件和信息技术服务业,"Information Transmission, Software and Information Technology Services",I,信息传输、软件和信息技术服务业,"Information Transmission, Software and Information Technology Services",corrected_by_excel_industry_review,GHG Protocol,ghg_scope2_guidance,GHG Protocol Scope 2 指南,GHG Protocol Scope 2 Guidance,accepted,source_text_explicitly_names_this_ghg_protocol_series,accepted_explicit_ghg_fine_series_edge,explicit_series_citation,48 | 55 | 56,uber-technologies-inc-2023-esg-report.pdf,"our offices and data centers. Scope 2 emissions are calculated from electricity consumption data. Scope 2, location-based and Scope 2, market-based are defined in the GHG Protocol Scope 2 Guidance, 2015. Where data were not available, assumptions were applied. The greenhouse gas emissions data in this report has received third-party verification by LRQA. Th…","our offices and data centers. Scope 2 emissions are calculated from electricity consumption data. Scope 2, location-based and Scope 2, market-based are defined in the GHG Protocol Scope 2 Guidance, 2015. Where data were not available, assumptions were applied. The greenhouse gas emissions data in this report has received third-party verification by LRQA. Th…",pdf_page_backfill,accepted_explicit_named_series_edge,scope 2 guidance
ghg_corporate_standard::L,r421_jardinematheson,JARDINE MATHESON,怡和集团,421,L,租赁和商务服务业,Leasing and Business Services,L,租赁和商务服务业,Leasing and Business Services,corrected_by_excel_industry_review,GHG Protocol,ghg_corporate_standard,GHG Protocol 企业核算与报告标准,GHG Protocol Corporate Accounting and Reporting Standard,accepted,source_text_explicitly_names_this_ghg_protocol_series,accepted_explicit_ghg_fine_series_edge,explicit_series_citation,29 | 93,2024_JARDINE MATHESON_sustainability_report.pdf,"missions are calculated and consolidated based on the Group’s internal guidance, which has been developed with reference to GRI 305: Emissions and is aligned with the GHG Protocol Corporate Accounting and Reporting Standard. Total GHG emissions include scope 1 and market-based scope 2 emissions. 14. Scope 1 GHG emissions are derived from combustion of fossi…","missions are calculated and consolidated based on the Group’s internal guidance, which has been developed with reference to GRI 305: Emissions and is aligned with the GHG Protocol Corporate Accounting and Reporting Standard. Total GHG emissions include scope 1 and market-based scope 2 emissions. 14. Scope 1 GHG emissions are derived from combustion of fossi…",pdf_page_backfill,accepted_explicit_named_series_edge,corporate accounting and reporting standard
ghg_corporate_standard::C,r422_mondelezinternational,MONDELEZ INTERNATIONAL,亿滋国际,422,C,制造业,Manufacturing,C,制造业,Manufacturing,consistent_with_company_workbench,GHG Protocol,ghg_corporate_standard,GHG Protocol 企业核算与报告标准,GHG Protocol Corporate Accounting and Reporting Standard,accepted,source_text_explicitly_names_this_ghg_protocol_series,accepted_explicit_ghg_fine_series_edge,explicit_series_citation,20 | 58,2024-MONDELEZ INTERNATIONAL-Snacking-Made-Right-ESG-Report.pdf,"ustainable Packaging Waste MONDELĒZ INTERNATIONAL Snacking Made Right 2024 Report 20 ENDNOTES (1) In the reporting year 2024, our annual GHG emissions were accounted following the GHG Protocol Corporate Standards and using the operational control approach. Reported information following Science Based Targets initiative (SBTi) guidelines for near-term target…","ustainable Packaging Waste MONDELĒZ INTERNATIONAL Snacking Made Right 2024 Report 20 ENDNOTES (1) In the reporting year 2024, our annual GHG emissions were accounted following the GHG Protocol Corporate Standards and using the operational control approach. Reported information following Science Based Targets initiative (SBTi) guidelines for near-term target…",pdf_page_backfill,accepted_explicit_named_series_edge,"(?:ghg protocol | greenhouse gas protocol | wri | world resources institute | world business council)[\s\S]{0,160}corporate standard"
ghg_corporate_standard::I,r426_qualcomm,QUALCOMM,高通,426,I,信息传输、软件和信息技术服务业,"Information Transmission, Software and Information Technology Services",I,信息传输、软件和信息技术服务业,"Information Transmission, Software and Information Technology Services",corrected_by_excel_industry_review,GHG Protocol,ghg_corporate_standard,GHG Protocol 企业核算与报告标准,GHG Protocol Corporate Accounting and Reporting Standard,accepted,source_text_explicitly_names_this_ghg_protocol_series,accepted_explicit_ghg_fine_series_edge,explicit_series_citation,50 | 51,2024-qualcomm-corporate-responsibility-report.pdf,准确性 30 Annual avoided emissions of CO2e due to cumulative investments made for energy efficiency for global facilities. 31 GHG emissions data are calculated using the GHG Protocol Corporate Accounting and Reporting Standard. Our Environment Uni 30 Annual avoided emissions of CO2e due to cumulative investments made for energy efficiency for global facilities…,准确性 30 Annual avoided emissions of CO2e due to cumulative investments made for energy efficiency for global facilities. 31 GHG emissions data are calculated using the GHG Protocol Corporate Accounting and Reporting Standard. Our Environment Uni 30 Annual avoided emissions of CO2e due to cumulative investments made for energy efficiency for global facilities…,medium,accepted_explicit_named_series_edge,corporate accounting and reporting standard
ghg_corporate_standard::I,r427_broadcom,BROADCOM,博通公司,427,I,信息传输、软件和信息技术服务业,"Information Transmission, Software and Information Technology Services",I,信息传输、软件和信息技术服务业,"Information Transmission, Software and Information Technology Services",corrected_by_excel_industry_review,GHG Protocol,ghg_corporate_standard,GHG Protocol 企业核算与报告标准,GHG Protocol Corporate Accounting and Reporting Standard,accepted,source_text_explicitly_names_this_ghg_protocol_series,accepted_explicit_ghg_fine_series_edge,explicit_series_citation,2 | 61,broadcom-2024-corpresponsibility-final.pdf,"ional control boundary. We use the methodology outlined in the World Resources Institute (WRI) and the World Business Council for Sustainable Development’s (WBCSD) GHG Protocol: A Corporate Accounting and Reporting Standard (Revised Edition) and the WRI/WBSCD’s GHG Protocol Scope 2 Guidance, an amendment to the GHG Protocol Corporate Standard, to calculate …","ional control boundary. We use the methodology outlined in the World Resources Institute (WRI) and the World Business Council for Sustainable Development’s (WBCSD) GHG Protocol: A Corporate Accounting and Reporting Standard (Revised Edition) and the WRI/WBSCD’s GHG Protocol Scope 2 Guidance, an amendment to the GHG Protocol Corporate Standard, to calculate …",pdf_page_backfill,accepted_explicit_named_series_edge,corporate accounting and reporting standard
ghg_scope2_guidance::I,r427_broadcom,BROADCOM,博通公司,427,I,信息传输、软件和信息技术服务业,"Information Transmission, Software and Information Technology Services",I,信息传输、软件和信息技术服务业,"Information Transmission, Software and Information Technology Services",corrected_by_excel_industry_review,GHG Protocol,ghg_scope2_guidance,GHG Protocol Scope 2 指南,GHG Protocol Scope 2 Guidance,accepted,source_text_explicitly_names_this_ghg_protocol_series,accepted_explicit_ghg_fine_series_edge,explicit_series_citation,2 | 61 | 62,broadcom-2024-corpresponsibility-final.pdf,"and the World Business Council for Sustainable Development’s (WBCSD) GHG Protocol: A Corporate Accounting and Reporting Standard (Revised Edition) and the WRI/WBSCD’s GHG Protocol Scope 2 Guidance, an amendment to the GHG Protocol Corporate Standard, to calculate Scope 1 and Scope 2 GHG emissions generated by our global facilities. We calculate the GHG emis…","and the World Business Council for Sustainable Development’s (WBCSD) GHG Protocol: A Corporate Accounting and Reporting Standard (Revised Edition) and the WRI/WBSCD’s GHG Protocol Scope 2 Guidance, an amendment to the GHG Protocol Corporate Standard, to calculate Scope 1 and Scope 2 GHG emissions generated by our global facilities. We calculate the GHG emis…",pdf_page_backfill,accepted_explicit_named_series_edge,scope 2 guidance
ghg_scope3_calculation_guidance::I,r427_broadcom,BROADCOM,博通公司,427,I,信息传输、软件和信息技术服务业,"Information Transmission, Software and Information Technology Services",I,信息传输、软件和信息技术服务业,"Information Transmission, Software and Information Technology Services",corrected_by_excel_industry_review,GHG Protocol,ghg_scope3_calculation_guidance,GHG Protocol Scope 3 计算指南,GHG Protocol Scope 3 Calculation Guidance,accepted,source_text_explicitly_names_this_ghg_protocol_series,accepted_explicit_ghg_fine_series_edge,explicit_series_citation,2 | 61,broadcom-2024-corpresponsibility-final.pdf,"lfur hexafluoride and nitrogen trifluoride. To measure the other indirect emissions occurring in our value chain, we used the methodology outlined in the WRI/WBCSD’s GHG Protocol: Technical Guidance for Calculating Scope 3 Emissions (version 1.0). GHG emissions are calculated using the Intergovernmental Panel on Climate Change (IPCC) Fifth Assessment Report…","lfur hexafluoride and nitrogen trifluoride. To measure the other indirect emissions occurring in our value chain, we used the methodology outlined in the WRI/WBCSD’s GHG Protocol: Technical Guidance for Calculating Scope 3 Emissions (version 1.0). GHG emissions are calculated using the Intergovernmental Panel on Climate Change (IPCC) Fifth Assessment Report…",pdf_page_backfill,accepted_explicit_named_series_edge,technical guidance for calculating scope 3 emissions
ghg_corporate_standard::C,r443_crh公司,CRH,CRH,443,C,制造业,Manufacturing,C,制造业,Manufacturing,consistent_with_company_workbench,GHG Protocol,ghg_corporate_standard,GHG Protocol 企业核算与报告标准,GHG Protocol Corporate Accounting and Reporting Standard,accepted,source_text_explicitly_names_this_ghg_protocol_series,accepted_explicit_ghg_fine_series_edge,explicit_series_citation,105,crh-2024-sustainability-performance-report_final_interactive-1.pdf,"reporting period or for previous periods. Assurance Scope and Approach For the Selected Information, we performed a limited assurance engagement using the ‘Greenhouse Protocol – A Corporate Accounting and Reporting Standard’ (revised 2015), the Consolidated set of GRI Standards 2021, the AA1000 Assurance Standard (AA1000AS v3) and international assurance be…","reporting period or for previous periods. Assurance Scope and Approach For the Selected Information, we performed a limited assurance engagement using the ‘Greenhouse Protocol – A Corporate Accounting and Reporting Standard’ (revised 2015), the Consolidated set of GRI Standards 2021, the AA1000 Assurance Standard (AA1000AS v3) and international assurance be…",pdf_page_backfill,accepted_explicit_named_series_edge,corporate accounting and reporting standard
ghg_corporate_standard::I,r445_salesforce,SALESFORCE,赛富时,445,I,信息传输、软件和信息技术服务业,"Information Transmission, Software and Information Technology Services",C,制造业,Manufacturing,corrected_by_gbt4754_business_activity_rule,GHG Protocol,ghg_corporate_standard,GHG Protocol 企业核算与报告标准,GHG Protocol Corporate Accounting and Reporting Standard,accepted,source_text_explicitly_names_this_ghg_protocol_series,accepted_explicit_ghg_fine_series_edge,explicit_series_citation,25 | 95,salesforce-fy24-stakeholder-impact-report.pdf,"tion has been prepared in accordance with the World Resources Institute (""WRl"") I World Business Council for Sustainable Development's (""WBCSD"") Greenhouse Gas (""GHG"") Protocol: A Corporate Accounting and Reporting Standard, Revised. Scope 2 indirect emissions information, calculated using the location-based and market-based methods, have been prepared in a…","tion has been prepared in accordance with the World Resources Institute (""WRl"") I World Business Council for Sustainable Development's (""WBCSD"") Greenhouse Gas (""GHG"") Protocol: A Corporate Accounting and Reporting Standard, Revised. Scope 2 indirect emissions information, calculated using the location-based and market-based methods, have been prepared in a…",pdf_page_backfill,accepted_explicit_named_series_edge,corporate accounting and reporting standard
ghg_financial_industry_standard::I,r445_salesforce,SALESFORCE,赛富时,445,I,信息传输、软件和信息技术服务业,"Information Transmission, Software and Information Technology Services",C,制造业,Manufacturing,corrected_by_gbt4754_business_activity_rule,GHG Protocol,ghg_financial_industry_standard,金融行业全球温室气体核算与报告标准,Global GHG Accounting and Reporting Standard for the Financial Industry,accepted,source_text_explicitly_names_this_ghg_protocol_series,accepted_explicit_ghg_fine_series_edge,explicit_series_citation,105,salesforce-fy24-stakeholder-impact-report.pdf,lizes a methodology based on the Investments emission factor average-data approach from the GHG Protocol Scope 3 Calculation Guidance and economic activity-based approach from the Partnership for Carbon Accounting Financials (PCAF) Guidance which utilizes company revenue to obtain the estimated emissions from investments. Revenue data is not available for a…,lizes a methodology based on the Investments emission factor average-data approach from the GHG Protocol Scope 3 Calculation Guidance and economic activity-based approach from the Partnership for Carbon Accounting Financials (PCAF) Guidance which utilizes company revenue to obtain the estimated emissions from investments. Revenue data is not available for a…,pdf_page_backfill,accepted_explicit_named_series_edge,partnership for carbon accounting financials
ghg_scope2_guidance::I,r445_salesforce,SALESFORCE,赛富时,445,I,信息传输、软件和信息技术服务业,"Information Transmission, Software and Information Technology Services",C,制造业,Manufacturing,corrected_by_gbt4754_business_activity_rule,GHG Protocol,ghg_scope2_guidance,GHG Protocol Scope 2 指南,GHG Protocol Scope 2 Guidance,accepted,source_text_explicitly_names_this_ghg_protocol_series,accepted_explicit_ghg_fine_series_edge,explicit_series_citation,25 | 95 | 102,salesforce-fy24-stakeholder-impact-report.pdf,"d and market-based methods, have been prepared in accordance with the WRl WBCSD GHG Protocol: A Corporate Accounting and Reporting Standard, Revised and the WRl WBCSD GHG Protocol Scope 2 Guidance: An amendment to the GHG Protocol … PDF page backfill: mapped from the cited GHG Protocol evidence page plus adjacent page text; not promoted to direct-use emissi…","d and market-based methods, have been prepared in accordance with the WRl WBCSD GHG Protocol: A Corporate Accounting and Reporting Standard, Revised and the WRl WBCSD GHG Protocol Scope 2 Guidance: An amendment to the GHG Protocol … PDF page backfill: mapped from the cited GHG Protocol evidence page plus adjacent page text; not promoted to direct-use emissi…",pdf_page_backfill,accepted_explicit_named_series_edge,scope 2 guidance
ghg_scope3_calculation_guidance::I,r445_salesforce,SALESFORCE,赛富时,445,I,信息传输、软件和信息技术服务业,"Information Transmission, Software and Information Technology Services",C,制造业,Manufacturing,corrected_by_gbt4754_business_activity_rule,GHG Protocol,ghg_scope3_calculation_guidance,GHG Protocol Scope 3 计算指南,GHG Protocol Scope 3 Calculation Guidance,accepted,source_text_explicitly_names_this_ghg_protocol_series,accepted_explicit_ghg_fine_series_edge,explicit_series_citation,105 | 25 | 88 | 92 | 97,salesforce-fy24-stakeholder-impact-report.pdf,calculated. Franchises Category 15: 0% Internally-developed The Company utilizes a methodology based on the Investments emission factor average-data approach from the GHG Protocol Scope 3 Calculation Guidance and economic activity-based approach from the Partnership for Carbon Accounting Financials (PCAF) Guidance which utilizes company revenue to obtain th…,calculated. Franchises Category 15: 0% Internally-developed The Company utilizes a methodology based on the Investments emission factor average-data approach from the GHG Protocol Scope 3 Calculation Guidance and economic activity-based approach from the Partnership for Carbon Accounting Financials (PCAF) Guidance which utilizes company revenue to obtain th…,pdf_page_backfill,accepted_explicit_named_series_edge,scope 3 calculation guidance | technical guidance for calculating scope 3 emissions
ghg_scope3_standard::I,r445_salesforce,SALESFORCE,赛富时,445,I,信息传输、软件和信息技术服务业,"Information Transmission, Software and Information Technology Services",C,制造业,Manufacturing,corrected_by_gbt4754_business_activity_rule,GHG Protocol,ghg_scope3_standard,GHG Protocol 企业价值链（Scope 3）核算与报告标准,GHG Protocol Corporate Value Chain (Scope 3) Accounting and Reporting Standard,accepted,source_text_explicitly_names_this_ghg_protocol_series,accepted_explicit_ghg_fine_series_edge,explicit_series_citation,25 | 95 | 92 | 96,salesforce-fy24-stakeholder-impact-report.pdf,"WRl WBCSD GHG Protocol Scope 2 Guidance: An amendment to the GHG Protocol Corporate Standard. Scope 3 GHG emissions information has been prepared in accordance with the WRl WBCSD Corporate Value Chain (Scope 3), Accounting and Reporting Standard and the Scope 3 Technical Guidance. Collectively, the Greenhouse Gas Protocol: A Corporate Accounting and Reporti…","WRl WBCSD GHG Protocol Scope 2 Guidance: An amendment to the GHG Protocol Corporate Standard. Scope 3 GHG emissions information has been prepared in accordance with the WRl WBCSD Corporate Value Chain (Scope 3), Accounting and Reporting Standard and the Scope 3 Technical Guidance. Collectively, the Greenhouse Gas Protocol: A Corporate Accounting and Reporti…",pdf_page_backfill,accepted_explicit_named_series_edge,corporate value chain\s*\(scope 3\)
ghg_corporate_standard::J,r446_aiagroup,AIA GROUP,友邦保险控股有限公司,446,J,金融业,Finance,J,金融业,Finance,consistent_with_company_workbench,GHG Protocol,ghg_corporate_standard,GHG Protocol 企业核算与报告标准,GHG Protocol Corporate Accounting and Reporting Standard,accepted,source_text_explicitly_names_this_ghg_protocol_series,accepted_explicit_ghg_fine_series_edge,explicit_series_citation,58,AIA GROUP-Main-ESG-Report_CH.pdf,標，包括按 性別和年齡劃分的員工流失率（第6 頁）以及按市場、性別、年齡及職級 劃分的員工結構概覽（第10 頁）依 據獨立執業會計師就友邦保險控股有 限公司的經識別的可持續發展資料的 有限保證鑒證報告進行鑒證。請參閱 第32 頁以獲取此數據鑒證工作中涵 蓋的細分營運範圍。 數據計量方法 友邦保險根據溫室氣體協議企業會計 和報告標準（GHG Protocol Corporate Accounting and Reporting Standard）、溫室氣體協議範圍2 指 南及香港特別行政區政府環保署提供 的指引計算排放量，亦會透過公用事 業公司可持續發展報告、溫室氣體協 議數據庫及國際能源總署（IEA） 2024 年排放因子數據庫，確定各個 營運地區溫室氣體排放（範圍1 和 2）的排放因子。我們參照英國政府 環…,標，包括按 性別和年齡劃分的員工流失率（第6 頁）以及按市場、性別、年齡及職級 劃分的員工結構概覽（第10 頁）依 據獨立執業會計師就友邦保險控股有 限公司的經識別的可持續發展資料的 有限保證鑒證報告進行鑒證。請參閱 第32 頁以獲取此數據鑒證工作中涵 蓋的細分營運範圍。 數據計量方法 友邦保險根據溫室氣體協議企業會計 和報告標準（GHG Protocol Corporate Accounting and Reporting Standard）、溫室氣體協議範圍2 指 南及香港特別行政區政府環保署提供 的指引計算排放量，亦會透過公用事 業公司可持續發展報告、溫室氣體協 議數據庫及國際能源總署（IEA） 2024 年排放因子數據庫，確定各個 營運地區溫室氣體排放（範圍1 和 2）的排放因子。我們參照英國政府 環…,pdf_page_backfill,accepted_explicit_named_series_edge,corporate accounting and reporting standard
ghg_corporate_standard::J,r449_nationalaustraliabank,NATIONAL AUSTRALIA BANK,澳大利亚国民银行,449,J,金融业,Finance,J,金融业,Finance,consistent_with_company_workbench,GHG Protocol,ghg_corporate_standard,GHG Protocol 企业核算与报告标准,GHG Protocol Corporate Accounting and Reporting Standard,accepted,source_text_explicitly_names_this_ghg_protocol_series,accepted_explicit_ghg_fine_series_edge,explicit_series_citation,66 | 97,2024-NATIONAL AUSTRALIA BANK-climate-report.pdf,d distribution • Waste generated in operations • Business travel • Working from home • Upstream leased assets • Employee commuting (new in 2024) (1) The Greenhouse Gas Protocol: A Corporate Accounting and Reporting Standard (2004) and the Greenhouse Gas Protocol Corporate Value Chain (Scope 3) Accounting and Reporting Standard (2011) are referred to in this…,d distribution • Waste generated in operations • Business travel • Working from home • Upstream leased assets • Employee commuting (new in 2024) (1) The Greenhouse Gas Protocol: A Corporate Accounting and Reporting Standard (2004) and the Greenhouse Gas Protocol Corporate Value Chain (Scope 3) Accounting and Reporting Standard (2011) are referred to in this…,pdf_page_backfill,accepted_explicit_named_series_edge,corporate accounting and reporting standard | (?:ghg protocol | greenhouse gas protocol | wri | world resources institute
ghg_financial_industry_standard::J,r449_nationalaustraliabank,NATIONAL AUSTRALIA BANK,澳大利亚国民银行,449,J,金融业,Finance,J,金融业,Finance,consistent_with_company_workbench,GHG Protocol,ghg_financial_industry_standard,金融行业全球温室气体核算与报告标准,Global GHG Accounting and Reporting Standard for the Financial Industry,accepted,source_text_explicitly_names_this_ghg_protocol_series,accepted_explicit_ghg_fine_series_edge,explicit_series_citation,49 | 51 | 52,2024-NATIONAL AUSTRALIA BANK-climate-report.pdf,2-e/MWh) Emissions Scope Scope 1 and 2 2030 Target(1) 0.14 tCO2-e/MWh (18% reduction against 2021 baseline) Reference pathway IEA NZE 2050 (2021) Data quality score (2023) Average PCAF score: 1.8 (Scope 1 and 2) (1) Updated for changes to methodology and boundaries as summarised below. Portfolio update NAB's portfolio emissions for power generation are as f…,2-e/MWh) Emissions Scope Scope 1 and 2 2030 Target(1) 0.14 tCO2-e/MWh (18% reduction against 2021 baseline) Reference pathway IEA NZE 2050 (2021) Data quality score (2023) Average PCAF score: 1.8 (Scope 1 and 2) (1) Updated for changes to methodology and boundaries as summarised below. Portfolio update NAB's portfolio emissions for power generation are as f…,pdf_page_backfill,accepted_explicit_named_series_edge,\bpcaf\b
ghg_scope3_standard::J,r449_nationalaustraliabank,NATIONAL AUSTRALIA BANK,澳大利亚国民银行,449,J,金融业,Finance,J,金融业,Finance,consistent_with_company_workbench,GHG Protocol,ghg_scope3_standard,GHG Protocol 企业价值链（Scope 3）核算与报告标准,GHG Protocol Corporate Value Chain (Scope 3) Accounting and Reporting Standard,accepted,source_text_explicitly_names_this_ghg_protocol_series,accepted_explicit_ghg_fine_series_edge,explicit_series_citation,66,2024-NATIONAL AUSTRALIA BANK-climate-report.pdf,e • Upstream leased assets • Employee commuting (new in 2024) (1) The Greenhouse Gas Protocol: A Corporate Accounting and Reporting Standard (2004) and the Greenhouse Gas Protocol Corporate Value Chain (Scope 3) Accounting and Reporting Standard (2011) are referred to in this Basis for Conclusions as “GHG Protocol”. (2) This target is science-based and has …,e • Upstream leased assets • Employee commuting (new in 2024) (1) The Greenhouse Gas Protocol: A Corporate Accounting and Reporting Standard (2004) and the Greenhouse Gas Protocol Corporate Value Chain (Scope 3) Accounting and Reporting Standard (2011) are referred to in this Basis for Conclusions as “GHG Protocol”. (2) This target is science-based and has …,pdf_page_backfill,accepted_explicit_named_series_edge,corporate value chain\s*\(scope 3\)
ghg_corporate_standard::I,r450_sap公司,SAP,SAP,450,I,信息传输、软件和信息技术服务业,"Information Transmission, Software and Information Technology Services",C,制造业,Manufacturing,corrected_by_gbt4754_business_activity_rule,GHG Protocol,ghg_corporate_standard,GHG Protocol 企业核算与报告标准,GHG Protocol Corporate Accounting and Reporting Standard,accepted,source_text_explicitly_names_this_ghg_protocol_series,accepted_explicit_ghg_fine_series_edge,explicit_series_citation,2 | 152,SAP integrated_report2024.pdf,"ss GHG Emissions (market-based). For more information, see the Energy Consumption and Mix section. Reporting Principles SAP’s preparation of the GHG emissions data is based on the Corporate Accounting and Reporting Standard, the GHG (Greenhouse Gas) Protocol Scope 2 Guidance, and the Corporate Value Chain (Scope 3) Accounting and Reporting Standard of the W…","ss GHG Emissions (market-based). For more information, see the Energy Consumption and Mix section. Reporting Principles SAP’s preparation of the GHG emissions data is based on the Corporate Accounting and Reporting Standard, the GHG (Greenhouse Gas) Protocol Scope 2 Guidance, and the Corporate Value Chain (Scope 3) Accounting and Reporting Standard of the W…",pdf_page_backfill,accepted_explicit_named_series_edge,corporate accounting and reporting standard
ghg_scope2_guidance::I,r450_sap公司,SAP,SAP,450,I,信息传输、软件和信息技术服务业,"Information Transmission, Software and Information Technology Services",C,制造业,Manufacturing,corrected_by_gbt4754_business_activity_rule,GHG Protocol,ghg_scope2_guidance,GHG Protocol Scope 2 指南,GHG Protocol Scope 2 Guidance,accepted,source_text_explicitly_names_this_ghg_protocol_series,accepted_explicit_ghg_fine_series_edge,explicit_series_citation,2 | 152 | 164,SAP integrated_report2024.pdf,"on and Mix section. Reporting Principles SAP’s preparation of the GHG emissions data is based on the Corporate Accounting and Reporting Standard, the GHG (Greenhouse Gas) Protocol Scope 2 Guidance, and the Corporate Value Chain (Scope 3) Accounting and Reporting Standard of the World Resources Institute/World Business Council for Sustainable Development. In…","on and Mix section. Reporting Principles SAP’s preparation of the GHG emissions data is based on the Corporate Accounting and Reporting Standard, the GHG (Greenhouse Gas) Protocol Scope 2 Guidance, and the Corporate Value Chain (Scope 3) Accounting and Reporting Standard of the World Resources Institute/World Business Council for Sustainable Development. In…",pdf_page_backfill,accepted_explicit_named_series_edge,scope 2 guidance
ghg_scope3_standard::I,r450_sap公司,SAP,SAP,450,I,信息传输、软件和信息技术服务业,"Information Transmission, Software and Information Technology Services",C,制造业,Manufacturing,corrected_by_gbt4754_business_activity_rule,GHG Protocol,ghg_scope3_standard,GHG Protocol 企业价值链（Scope 3）核算与报告标准,GHG Protocol Corporate Value Chain (Scope 3) Accounting and Reporting Standard,accepted,source_text_explicitly_names_this_ghg_protocol_series,accepted_explicit_ghg_fine_series_edge,explicit_series_citation,2 | 152,SAP integrated_report2024.pdf,"ing Principles SAP’s preparation of the GHG emissions data is based on the Corporate Accounting and Reporting Standard, the GHG (Greenhouse Gas) Protocol Scope 2 Guidance, and the Corporate Value Chain (Scope 3) Accounting and Reporting Standard of the World Resources Institute/World Business Council for Sustainable Development. In alignment with the GHG Pr…","ing Principles SAP’s preparation of the GHG emissions data is based on the Corporate Accounting and Reporting Standard, the GHG (Greenhouse Gas) Protocol Scope 2 Guidance, and the Corporate Value Chain (Scope 3) Accounting and Reporting Standard of the World Resources Institute/World Business Council for Sustainable Development. In alignment with the GHG Pr…",pdf_page_backfill,accepted_explicit_named_series_edge,corporate value chain\s*\(scope 3\)
ghg_financial_industry_standard::J,r454_sompoholdings,SOMPO HOLDINGS,损保控股有限公司,454,J,金融业,Finance,J,金融业,Finance,consistent_with_company_workbench,GHG Protocol,ghg_financial_industry_standard,金融行业全球温室气体核算与报告标准,Global GHG Accounting and Reporting Standard for the Financial Industry,accepted,source_text_explicitly_names_this_ghg_protocol_series,accepted_explicit_ghg_fine_series_edge,explicit_series_citation,40 | 51 | 146,2024_SOMPO HOLDINGS_sustainability_report.pdf,"d Emissions) using data from com- panies that disclose GHG emissions (Scope 1, 2) by utilizing a method for measuring GHG emissions in the commercial insurance sector developed by Partnership for Carbon Accounting Financials (PCAF) in November 2022. In accordance with the principles of the Japanese Stewardship Code, Sompo Japan con- ducts an ESG survey (“Su…","d Emissions) using data from com- panies that disclose GHG emissions (Scope 1, 2) by utilizing a method for measuring GHG emissions in the commercial insurance sector developed by Partnership for Carbon Accounting Financials (PCAF) in November 2022. In accordance with the principles of the Japanese Stewardship Code, Sompo Japan con- ducts an ESG survey (“Su…",pdf_page_backfill,accepted_explicit_named_series_edge,\bpcaf\b | partnership for carbon accounting financials
ghg_corporate_standard::C,r455_elililly,ELI LILLY,美国礼来公司,455,C,制造业,Manufacturing,C,制造业,Manufacturing,consistent_with_company_workbench,GHG Protocol,ghg_corporate_standard,GHG Protocol 企业核算与报告标准,GHG Protocol Corporate Accounting and Reporting Standard,accepted,source_text_explicitly_names_this_ghg_protocol_series,accepted_explicit_ghg_fine_series_edge,explicit_series_citation,15,2024_ELI LILLY-SustainabilityReport-20251020_FINAL.pdf,"ent fuel economy (e.g., hybrids and plug-in hybrids) and emphasizing sustainable driving and work practices in training programs. Scope 3 Emissions and Supply Chain Engagement The Greenhouse Gas Protocol Corporate Standard classifies Scope 3 emissions as indirect greenhouse gas emissions (not included in Scope 2) that occur in an organization’s value chain.…","ent fuel economy (e.g., hybrids and plug-in hybrids) and emphasizing sustainable driving and work practices in training programs. Scope 3 Emissions and Supply Chain Engagement The Greenhouse Gas Protocol Corporate Standard classifies Scope 3 emissions as indirect greenhouse gas emissions (not included in Scope 2) that occur in an organization’s value chain.…",pdf_page_backfill,accepted_explicit_named_series_edge,"(?:ghg protocol | greenhouse gas protocol | wri | world resources institute | world business council)[\s\S]{0,160}corporate standard"
ghg_corporate_standard::C,r459_cummins,CUMMINS,康明斯公司,459,C,制造业,Manufacturing,C,制造业,Manufacturing,consistent_with_company_workbench,GHG Protocol,ghg_corporate_standard,GHG Protocol 企业核算与报告标准,GHG Protocol Corporate Accounting and Reporting Standard,accepted,source_text_explicitly_names_this_ghg_protocol_series,accepted_explicit_ghg_fine_series_edge,explicit_series_citation,5 | 17,2024-25-cummins-sustainability-progress-report.pdf,"foundry located in Monclova, Mexico, which primarily forges blocks and heads used in Cummins’ and other manufacturers’ engines. The recalculation of this data is in line with the GHG Protocol Corporate Standards which lay out the principles governing baseline adjustments. Financial data comes from the company’s Annual Report on Form 10-K timed to 2024. The …","foundry located in Monclova, Mexico, which primarily forges blocks and heads used in Cummins’ and other manufacturers’ engines. The recalculation of this data is in line with the GHG Protocol Corporate Standards which lay out the principles governing baseline adjustments. Financial data comes from the company’s Annual Report on Form 10-K timed to 2024. The …",pdf_page_backfill,accepted_explicit_named_series_edge,"(?:ghg protocol | greenhouse gas protocol | wri | world resources institute | world business council)[\s\S]{0,160}corporate standard"
ghg_financial_industry_standard::J,r461_rabobankgroup,RABOBANK GROUP,荷兰合作银行集团,461,J,金融业,Finance,J,金融业,Finance,consistent_with_company_workbench,GHG Protocol,ghg_financial_industry_standard,金融行业全球温室气体核算与报告标准,Global GHG Accounting and Reporting Standard for the Financial Industry,accepted,source_text_explicitly_names_this_ghg_protocol_series,accepted_explicit_ghg_fine_series_edge,explicit_series_citation,41 | 74,rabobank_impact_report_2024.pdf,"Attribution|Data quality hierarchy 归因原则|数据质量层级 At Rabobank, we use the PCAF (Partnership for Carbon Accounting Financials) standard for accounting and disclosing financed emissions. Benchmarks (Sector, national, industry) Identifying science-based sectoral decarbonization pathways (such At Rabobank,","Attribution|Data quality hierarchy 归因原则|数据质量层级 At Rabobank, we use the PCAF (Partnership for Carbon Accounting Financials) standard for accounting and disclosing financed emissions. Benchmarks (Sector, national, industry) Identifying science-based sectoral decarbonization pathways (such At Rabobank,",medium,accepted_explicit_named_series_edge,partnership for carbon accounting financials | \bpcaf\b
ghg_corporate_standard::C,r464_britishamericantobacco,BRITISH AMERICAN TOBACCO,英美烟草集团,464,C,制造业,Manufacturing,C,制造业,Manufacturing,consistent_with_company_workbench,GHG Protocol,ghg_corporate_standard,GHG Protocol 企业核算与报告标准,GHG Protocol Corporate Accounting and Reporting Standard,accepted,source_text_explicitly_names_this_ghg_protocol_series,accepted_explicit_ghg_fine_series_edge,explicit_series_citation,140,BRITISH AMERICAN TOBACCO_Annual_Report_on_Form_20-F_2024.pdf,Relevance|Completeness|Consistency|Transparency|Accuracy 相关性|完整性|一致性|透明性|准确性 Reporting methodology for CO2e emissions We use the World Business Council for Sustainable Development GHG Protocol Corporate Standard to guide our reporting of carbon dioxide equivalent (CO2e) emissions. We also use supporting standards in Reporting methodology for CO2e emissions …,Relevance|Completeness|Consistency|Transparency|Accuracy 相关性|完整性|一致性|透明性|准确性 Reporting methodology for CO2e emissions We use the World Business Council for Sustainable Development GHG Protocol Corporate Standard to guide our reporting of carbon dioxide equivalent (CO2e) emissions. We also use supporting standards in Reporting methodology for CO2e emissions …,medium,accepted_explicit_named_series_edge,"(?:ghg protocol | greenhouse gas protocol | wri | world resources institute | world business council)[\s\S]{0,160}corporate standard"
ghg_scope2_guidance::C,r464_britishamericantobacco,BRITISH AMERICAN TOBACCO,英美烟草集团,464,C,制造业,Manufacturing,C,制造业,Manufacturing,consistent_with_company_workbench,GHG Protocol,ghg_scope2_guidance,GHG Protocol Scope 2 指南,GHG Protocol Scope 2 Guidance,accepted,source_text_explicitly_names_this_ghg_protocol_series,accepted_explicit_ghg_fine_series_edge,explicit_series_citation,140,BRITISH AMERICAN TOBACCO_Annual_Report_on_Form_20-F_2024.pdf,"inable Development GHG Protocol Corporate Standard to guide our reporting of carbon dioxide equivalent (CO2e) emissions. We also use supporting standards including: – GHG Protocol Scope 2 Guidance, 2015 – GHG Protocol Corporate Value Chain (Scope 3) Standard, 2011 Where we have operational control, we include emissions from energy use, the Dry Ice Expanded …","inable Development GHG Protocol Corporate Standard to guide our reporting of carbon dioxide equivalent (CO2e) emissions. We also use supporting standards including: – GHG Protocol Scope 2 Guidance, 2015 – GHG Protocol Corporate Value Chain (Scope 3) Standard, 2011 Where we have operational control, we include emissions from energy use, the Dry Ice Expanded …",pdf_page_backfill,accepted_explicit_named_series_edge,scope 2 guidance
ghg_scope3_standard::C,r464_britishamericantobacco,BRITISH AMERICAN TOBACCO,英美烟草集团,464,C,制造业,Manufacturing,C,制造业,Manufacturing,consistent_with_company_workbench,GHG Protocol,ghg_scope3_standard,GHG Protocol 企业价值链（Scope 3）核算与报告标准,GHG Protocol Corporate Value Chain (Scope 3) Accounting and Reporting Standard,accepted,source_text_explicitly_names_this_ghg_protocol_series,accepted_explicit_ghg_fine_series_edge,explicit_series_citation,140,BRITISH AMERICAN TOBACCO_Annual_Report_on_Form_20-F_2024.pdf,d within our internal EHS Reporting system; it includes 180 reporting units located across 85 countries. BAT’s Scope 3 GHG emissions reporting process aligns with the GHG Protocol Corporate Value Chain (Scope 3) Accounting and Reporting Standard. Read more about our Scope 3 Simplified Methodology document at www.bat.com/sustainabilityreport + A full breakdo…,d within our internal EHS Reporting system; it includes 180 reporting units located across 85 countries. BAT’s Scope 3 GHG emissions reporting process aligns with the GHG Protocol Corporate Value Chain (Scope 3) Accounting and Reporting Standard. Read more about our Scope 3 Simplified Methodology document at www.bat.com/sustainabilityreport + A full breakdo…,medium,accepted_explicit_named_series_edge,corporate value chain\s*\(scope 3\)
ghg_corporate_standard::J,r466_bankofnewyorkmellon,BANK OF NEW YORK MELLON,纽约梅隆银行,466,J,金融业,Finance,J,金融业,Finance,consistent_with_company_workbench,GHG Protocol,ghg_corporate_standard,GHG Protocol 企业核算与报告标准,GHG Protocol Corporate Accounting and Reporting Standard,accepted,source_text_explicitly_names_this_ghg_protocol_series,accepted_explicit_ghg_fine_series_edge,explicit_series_citation,129 | 66 | 130,2023-BANK OF NEW YORK MELLON sustainability-report.pdf,"性|可信性 31, 2023 Criteria against which verification conducted: • World Resources Institute (WRI)/World Business Council for Sustainable Development (WBCSD) Greenhouse Gas Protocol, Corporate Accounting and Reporting Standard, Revised Edition (Scop 31, 2023 Criteria against which verification conducted: • World Resources Institute (WRI)/World Business Council…","性|可信性 31, 2023 Criteria against which verification conducted: • World Resources Institute (WRI)/World Business Council for Sustainable Development (WBCSD) Greenhouse Gas Protocol, Corporate Accounting and Reporting Standard, Revised Edition (Scop 31, 2023 Criteria against which verification conducted: • World Resources Institute (WRI)/World Business Council…",medium,accepted_explicit_named_series_edge,corporate accounting and reporting standard
ghg_financial_industry_standard::J,r466_bankofnewyorkmellon,BANK OF NEW YORK MELLON,纽约梅隆银行,466,J,金融业,Finance,J,金融业,Finance,consistent_with_company_workbench,GHG Protocol,ghg_financial_industry_standard,金融行业全球温室气体核算与报告标准,Global GHG Accounting and Reporting Standard for the Financial Industry,accepted,source_text_explicitly_names_this_ghg_protocol_series,accepted_explicit_ghg_fine_series_edge,explicit_series_citation,66 | 67 | 68,2023-BANK OF NEW YORK MELLON sustainability-report.pdf,"arily driven by the Category 15 emissions associated with our financing activities. However, … PDF full-document exact-series scan: the report page names a controlled GHG Protocol/PCAF fine standard in an accounting, reporting, methodology, or assurance context; this does not promote emissions values. PDF 全文精确系列扫描：报告页在核算、报告、方法或鉴证语境中命名受控 GHG Protocol/PCAF 细分…","arily driven by the Category 15 emissions associated with our financing activities. However, … PDF full-document exact-series scan: the report page names a controlled GHG Protocol/PCAF fine standard in an accounting, reporting, methodology, or assurance context; this does not promote emissions values. PDF 全文精确系列扫描：报告页在核算、报告、方法或鉴证语境中命名受控 GHG Protocol/PCAF 细分…",pdf_page_backfill,accepted_explicit_named_series_edge,\bpcaf\b | partnership for carbon accounting financials
ghg_scope2_guidance::J,r466_bankofnewyorkmellon,BANK OF NEW YORK MELLON,纽约梅隆银行,466,J,金融业,Finance,J,金融业,Finance,consistent_with_company_workbench,GHG Protocol,ghg_scope2_guidance,GHG Protocol Scope 2 指南,GHG Protocol Scope 2 Guidance,accepted,source_text_explicitly_names_this_ghg_protocol_series,accepted_explicit_ghg_fine_series_edge,explicit_series_citation,129 | 66,2023-BANK OF NEW YORK MELLON sustainability-report.pdf,"rld Business Council for Sustainable Development (WBCSD) Greenhouse Gas Protocol, Corporate Accounting and Reporting Standard, Revised Edition (Scope 1 and 2) and the GHG Protocol Scope 2 Guidance, an amendment to the GHG Protocol Corporate Standard • WRI/WBCSD Corporate Value Chain (Scope 3) Accounting and Reporting Standard Reference Standard: • ISO 14064…","rld Business Council for Sustainable Development (WBCSD) Greenhouse Gas Protocol, Corporate Accounting and Reporting Standard, Revised Edition (Scope 1 and 2) and the GHG Protocol Scope 2 Guidance, an amendment to the GHG Protocol Corporate Standard • WRI/WBCSD Corporate Value Chain (Scope 3) Accounting and Reporting Standard Reference Standard: • ISO 14064…",pdf_page_backfill,accepted_explicit_named_series_edge,scope 2 guidance
ghg_scope3_standard::J,r466_bankofnewyorkmellon,BANK OF NEW YORK MELLON,纽约梅隆银行,466,J,金融业,Finance,J,金融业,Finance,consistent_with_company_workbench,GHG Protocol,ghg_scope3_standard,GHG Protocol 企业价值链（Scope 3）核算与报告标准,GHG Protocol Corporate Value Chain (Scope 3) Accounting and Reporting Standard,accepted,source_text_explicitly_names_this_ghg_protocol_series,accepted_explicit_ghg_fine_series_edge,explicit_series_citation,129 | 130 | 66,2023-BANK OF NEW YORK MELLON sustainability-report.pdf,"Corporate Accounting and Reporting Standard, Revised Edition (Scope 1 and 2) and the GHG Protocol Scope 2 Guidance, an amendment to the GHG Protocol Corporate Standard • WRI/WBCSD Corporate Value Chain (Scope 3) Accounting and Reporting Standard Reference Standard: • ISO 14064-3 Second Edition 2019-04: Greenhouse gases -- Part 3: Specification with guidance…","Corporate Accounting and Reporting Standard, Revised Edition (Scope 1 and 2) and the GHG Protocol Scope 2 Guidance, an amendment to the GHG Protocol Corporate Standard • WRI/WBCSD Corporate Value Chain (Scope 3) Accounting and Reporting Standard Reference Standard: • ISO 14064-3 Second Edition 2019-04: Greenhouse gases -- Part 3: Specification with guidance…",pdf_page_backfill,accepted_explicit_named_series_edge,corporate value chain\s*\(scope 3\) | corporate value chain.*scope 3
ghg_corporate_standard::I,r468_netflix公司,Netflix,Netflix,468,I,信息传输、软件和信息技术服务业,"Information Transmission, Software and Information Technology Services",I,信息传输、软件和信息技术服务业,"Information Transmission, Software and Information Technology Services",corrected_by_excel_industry_review,GHG Protocol,ghg_corporate_standard,GHG Protocol 企业核算与报告标准,GHG Protocol Corporate Accounting and Reporting Standard,accepted,source_text_explicitly_names_this_ghg_protocol_series,accepted_explicit_ghg_fine_series_edge,explicit_series_citation,5 | 43,2024-Netflix-Environmental-Social-Governance-Report.pdf,"al Building Energy Consumption Survey (2018). Netflix greenhouse gas (GHG) emissions reporting is consistent with the “operational control” approach as set out by the GHG Protocol Corporate Accounting and Reporting Standard: Revised Edition. The organizational and operational boundary applies to the global company including its subsidiaries, the office and …","al Building Energy Consumption Survey (2018). Netflix greenhouse gas (GHG) emissions reporting is consistent with the “operational control” approach as set out by the GHG Protocol Corporate Accounting and Reporting Standard: Revised Edition. The organizational and operational boundary applies to the global company including its subsidiaries, the office and …",pdf_page_backfill,accepted_explicit_named_series_edge,corporate accounting and reporting standard | (?:ghg protocol | greenhouse gas protocol | wri | world resources institute
ghg_project_protocol::I,r468_netflix公司,Netflix,Netflix,468,I,信息传输、软件和信息技术服务业,"Information Transmission, Software and Information Technology Services",I,信息传输、软件和信息技术服务业,"Information Transmission, Software and Information Technology Services",corrected_by_excel_industry_review,GHG Protocol,ghg_project_protocol,GHG Protocol 项目减排核算协议,GHG Protocol Project Protocol,accepted,source_text_explicitly_names_this_ghg_protocol_series,accepted_explicit_ghg_fine_series_edge,explicit_series_citation,5 | 44,2024-Netflix-Environmental-Social-Governance-Report.pdf,"to another) These criteria align with the 2024 Core Carbon Principles (CCPs) defined by the Integrity Council for the Voluntary Carbon Market (ICVCM), as well as with foundational project accounting standards, such as the GHG Protocol for Project Accounting and ISO 14064 Part 2. SCREEN 3 Deep project-level diligence and impact screening Our team conducts du…","to another) These criteria align with the 2024 Core Carbon Principles (CCPs) defined by the Integrity Council for the Voluntary Carbon Market (ICVCM), as well as with foundational project accounting standards, such as the GHG Protocol for Project Accounting and ISO 14064 Part 2. SCREEN 3 Deep project-level diligence and impact screening Our team conducts du…",pdf_page_backfill,accepted_explicit_named_series_edge,project accounting
ghg_scope2_guidance::I,r468_netflix公司,Netflix,Netflix,468,I,信息传输、软件和信息技术服务业,"Information Transmission, Software and Information Technology Services",I,信息传输、软件和信息技术服务业,"Information Transmission, Software and Information Technology Services",corrected_by_excel_industry_review,GHG Protocol,ghg_scope2_guidance,GHG Protocol Scope 2 指南,GHG Protocol Scope 2 Guidance,accepted,source_text_explicitly_names_this_ghg_protocol_series,accepted_explicit_ghg_fine_series_edge,explicit_series_citation,5 | 43,2024-Netflix-Environmental-Social-Governance-Report.pdf,"owing the World Resources Institute (WRI) / World Business Council for Sustainable Development’s (WBCSD) Greenhouse Gas Protocol Corporate Standard, as amended by the GHG Protocol Scope 2 Guidance, as well as WRI / WBCSD’s Greenhouse Gas Protocol Corporate Value Chain (Scope 3) Accounting and Reporting Standard and Technical Guidance for Calculating Scope 3…","owing the World Resources Institute (WRI) / World Business Council for Sustainable Development’s (WBCSD) Greenhouse Gas Protocol Corporate Standard, as amended by the GHG Protocol Scope 2 Guidance, as well as WRI / WBCSD’s Greenhouse Gas Protocol Corporate Value Chain (Scope 3) Accounting and Reporting Standard and Technical Guidance for Calculating Scope 3…",pdf_page_backfill,accepted_explicit_named_series_edge,scope 2 guidance
ghg_scope3_calculation_guidance::I,r468_netflix公司,Netflix,Netflix,468,I,信息传输、软件和信息技术服务业,"Information Transmission, Software and Information Technology Services",I,信息传输、软件和信息技术服务业,"Information Transmission, Software and Information Technology Services",corrected_by_excel_industry_review,GHG Protocol,ghg_scope3_calculation_guidance,GHG Protocol Scope 3 计算指南,GHG Protocol Scope 3 Calculation Guidance,accepted,source_text_explicitly_names_this_ghg_protocol_series,accepted_explicit_ghg_fine_series_edge,explicit_series_citation,5 | 43,2024-Netflix-Environmental-Social-Governance-Report.pdf,"e Standard, as amended by the GHG Protocol Scope 2 Guidance, as well as WRI / WBCSD’s Greenhouse Gas Protocol Corporate Value Chain (Scope 3) Accounting and Reporting Standard and Technical Guidance for Calculating Scope 3 Emissions (collectively, the GHG Protocol). Netflix GHG emissions reporting follows the operational control approach set out by the GHGP…","e Standard, as amended by the GHG Protocol Scope 2 Guidance, as well as WRI / WBCSD’s Greenhouse Gas Protocol Corporate Value Chain (Scope 3) Accounting and Reporting Standard and Technical Guidance for Calculating Scope 3 Emissions (collectively, the GHG Protocol). Netflix GHG emissions reporting follows the operational control approach set out by the GHGP…",pdf_page_backfill,accepted_explicit_named_series_edge,technical guidance for calculating scope 3 emissions
ghg_scope3_standard::I,r468_netflix公司,Netflix,Netflix,468,I,信息传输、软件和信息技术服务业,"Information Transmission, Software and Information Technology Services",I,信息传输、软件和信息技术服务业,"Information Transmission, Software and Information Technology Services",corrected_by_excel_industry_review,GHG Protocol,ghg_scope3_standard,GHG Protocol 企业价值链（Scope 3）核算与报告标准,GHG Protocol Corporate Value Chain (Scope 3) Accounting and Reporting Standard,accepted,source_text_explicitly_names_this_ghg_protocol_series,accepted_explicit_ghg_fine_series_edge,explicit_series_citation,5 | 43,2024-Netflix-Environmental-Social-Governance-Report.pdf,"for Sustainable Development’s (WBCSD) Greenhouse Gas Protocol Corporate Standard, as amended by the GHG Protocol Scope 2 Guidance, as well as WRI / WBCSD’s Greenhouse Gas Protocol Corporate Value Chain (Scope 3) Accounting and Reporting Standard and Technical Guidance for Calculating Scope 3 Emissions (collectively, the GHG Protocol). Netflix GHG emissions …","for Sustainable Development’s (WBCSD) Greenhouse Gas Protocol Corporate Standard, as amended by the GHG Protocol Scope 2 Guidance, as well as WRI / WBCSD’s Greenhouse Gas Protocol Corporate Value Chain (Scope 3) Accounting and Reporting Standard and Technical Guidance for Calculating Scope 3 Emissions (collectively, the GHG Protocol). Netflix GHG emissions …",pdf_page_backfill,accepted_explicit_named_series_edge,corporate value chain\s*\(scope 3\)
ghg_corporate_standard::B,r479_schlumberger,SCHLUMBERGER,斯伦贝谢公司,479,B,采矿业,Mining,B,采矿业,Mining,corrected_by_excel_industry_review,GHG Protocol,ghg_corporate_standard,GHG Protocol 企业核算与报告标准,GHG Protocol Corporate Accounting and Reporting Standard,accepted,source_text_explicitly_names_this_ghg_protocol_series,accepted_explicit_ghg_fine_series_edge,explicit_series_citation,51,SCHLUMBERGER-sustainability-report-2024.pdf,"y to perform attest procedures with respect to certain GHG emissions. Emissions calculations are based on the principles and guidance established in The Greenhouse Gas Protocol: A Corporate Accounting and Reporting Standard (Revised Edition) to calculate our annual CO2e emissions. As part of that process, we apply emissions factors and global warming potent…","y to perform attest procedures with respect to certain GHG emissions. Emissions calculations are based on the principles and guidance established in The Greenhouse Gas Protocol: A Corporate Accounting and Reporting Standard (Revised Edition) to calculate our annual CO2e emissions. As part of that process, we apply emissions factors and global warming potent…",pdf_page_backfill,accepted_explicit_named_series_edge,corporate accounting and reporting standard
ghg_corporate_standard::J,r484_commonwealthbankofaustralia,COMMONWEALTH BANK OF AUSTRALIA,澳洲联邦银行,484,J,金融业,Finance,J,金融业,Finance,consistent_with_company_workbench,GHG Protocol,ghg_corporate_standard,GHG Protocol 企业核算与报告标准,GHG Protocol Corporate Accounting and Reporting Standard,accepted,source_text_explicitly_names_this_ghg_protocol_series,accepted_explicit_ghg_fine_series_edge,explicit_series_citation,57 | 60 | 21,COMMONWEALTH BANK OF AUSTRALIA-2024-Climate-Report.pdf,"For New Zealand, ASB’s operational emissions for 2024 have been measured and prepared, in all material respects, in accordance with the Greenhouse Gas Protocol: A Corporate Accounting and Reporting Standard (revised edition) and the Greenhouse Gas Protocol: Corporate Value Chain (Scope 3) Accounting and Reporting Standard (GHG Protocol). Invoices or reports…","For New Zealand, ASB’s operational emissions for 2024 have been measured and prepared, in all material respects, in accordance with the Greenhouse Gas Protocol: A Corporate Accounting and Reporting Standard (revised edition) and the Greenhouse Gas Protocol: Corporate Value Chain (Scope 3) Accounting and Reporting Standard (GHG Protocol). Invoices or reports…",pdf_page_backfill,accepted_explicit_named_series_edge,corporate accounting and reporting standard | (?:ghg protocol | greenhouse gas protocol | wri | world resources institute
ghg_financial_industry_standard::J,r484_commonwealthbankofaustralia,COMMONWEALTH BANK OF AUSTRALIA,澳洲联邦银行,484,J,金融业,Finance,J,金融业,Finance,consistent_with_company_workbench,GHG Protocol,ghg_financial_industry_standard,金融行业全球温室气体核算与报告标准,Global GHG Accounting and Reporting Standard for the Financial Industry,accepted,source_text_explicitly_names_this_ghg_protocol_series,accepted_explicit_ghg_fine_series_edge,explicit_series_citation,21 | 3 | 5 | 7,COMMONWEALTH BANK OF AUSTRALIA-2024-Climate-Report.pdf,ng to refer to the on-balance sheet exposure to the sectors included within the scope of our financed emissions calculations. The use of on-balance sheet lending is set out in the Partnership for Carbon Accounting Financials (PCAF) Standard. Some sectors we lend to are currently excluded from the scope of our financed emissions calculations due to lack of a…,ng to refer to the on-balance sheet exposure to the sectors included within the scope of our financed emissions calculations. The use of on-balance sheet lending is set out in the Partnership for Carbon Accounting Financials (PCAF) Standard. Some sectors we lend to are currently excluded from the scope of our financed emissions calculations due to lack of a…,pdf_page_backfill,accepted_explicit_named_series_edge,partnership for carbon accounting financials | \bpcaf\b
ghg_scope3_standard::J,r484_commonwealthbankofaustralia,COMMONWEALTH BANK OF AUSTRALIA,澳洲联邦银行,484,J,金融业,Finance,J,金融业,Finance,consistent_with_company_workbench,GHG Protocol,ghg_scope3_standard,GHG Protocol 企业价值链（Scope 3）核算与报告标准,GHG Protocol Corporate Value Chain (Scope 3) Accounting and Reporting Standard,accepted,source_text_explicitly_names_this_ghg_protocol_series,accepted_explicit_ghg_fine_series_edge,explicit_series_citation,57 | 41,COMMONWEALTH BANK OF AUSTRALIA-2024-Climate-Report.pdf,"repared, in all material respects, in accordance with the Greenhouse Gas Protocol: A Corporate Accounting and Reporting Standard (revised edition) and the Greenhouse Gas Protocol: Corporate Value Chain (Scope 3) Accounting and Reporting Standard (GHG Protocol). Invoices or reports are received from the relevant data source and the relevant emissions factors…","repared, in all material respects, in accordance with the Greenhouse Gas Protocol: A Corporate Accounting and Reporting Standard (revised edition) and the Greenhouse Gas Protocol: Corporate Value Chain (Scope 3) Accounting and Reporting Standard (GHG Protocol). Invoices or reports are received from the relevant data source and the relevant emissions factors…",pdf_page_backfill,accepted_explicit_named_series_edge,corporate value chain\s*\(scope 3\)
ghg_corporate_standard::C,r486_linde,LINDE,林德集团,486,C,制造业,Manufacturing,C,制造业,Manufacturing,consistent_with_company_workbench,GHG Protocol,ghg_corporate_standard,GHG Protocol 企业核算与报告标准,GHG Protocol Corporate Accounting and Reporting Standard,accepted,source_text_explicitly_names_this_ghg_protocol_series,accepted_explicit_ghg_fine_series_edge,explicit_series_citation,58,2024-LINDE-sustainable-development-report.pdf,"F₆). Linde’s GHG emissions information was prepared with reference to the World Resources Institute/World Business Council for Sustainable Development’s Greenhouse Gas Protocol: A Corporate Accounting and Reporting Standard, r exafluoride (SF₆). Linde’s GHG emissions information was prepared with reference to the World Resources Institute/World Business Cou…","F₆). Linde’s GHG emissions information was prepared with reference to the World Resources Institute/World Business Council for Sustainable Development’s Greenhouse Gas Protocol: A Corporate Accounting and Reporting Standard, r exafluoride (SF₆). Linde’s GHG emissions information was prepared with reference to the World Resources Institute/World Business Cou…",medium,accepted_explicit_named_series_edge,corporate accounting and reporting standard
ghg_scope3_standard::C,r486_linde,LINDE,林德集团,486,C,制造业,Manufacturing,C,制造业,Manufacturing,consistent_with_company_workbench,GHG Protocol,ghg_scope3_standard,GHG Protocol 企业价值链（Scope 3）核算与报告标准,GHG Protocol Corporate Value Chain (Scope 3) Accounting and Reporting Standard,accepted,source_text_explicitly_names_this_ghg_protocol_series,accepted_explicit_ghg_fine_series_edge,explicit_series_citation,60 | 58,2024-LINDE-sustainable-development-report.pdf,"’s AR 5 (2013) for a 100-year time horizon, including carbon feedback. To calculate Scope 3 from natural gas feedstock, Linde applies a fuel-based method based on the GHG Protocol Corporate Value Chain (Scope 3) Accounting and Reporting Standard, Category 3 for Scope 3 emissions caused in the extraction, production and transportation of fuels and energy. Li…","’s AR 5 (2013) for a 100-year time horizon, including carbon feedback. To calculate Scope 3 from natural gas feedstock, Linde applies a fuel-based method based on the GHG Protocol Corporate Value Chain (Scope 3) Accounting and Reporting Standard, Category 3 for Scope 3 emissions caused in the extraction, production and transportation of fuels and energy. Li…",pdf_page_backfill,accepted_explicit_named_series_edge,corporate value chain\s*\(scope 3\)
ghg_corporate_standard::C,r487_heineken,HEINEKEN,喜力公司,487,C,制造业,Manufacturing,C,制造业,Manufacturing,consistent_with_company_workbench,GHG Protocol,ghg_corporate_standard,GHG Protocol 企业核算与报告标准,GHG Protocol Corporate Accounting and Reporting Standard,accepted,source_text_explicitly_names_this_ghg_protocol_series,accepted_explicit_ghg_fine_series_edge,explicit_series_citation,172 | 251,heineken_n_v_annual_report_2024_final_20feb2025.pdf,"neral methodology – Scope 1 and 2 GHG emissions measurement applies to GHG emissions from entities HEINEKEN operationally controls. – To calculate Scope 1 and 2 GHG emissions, the GHG Protocol Corporate Standard (version 2004) and Scope 2 Guidance (version 2015) methodology are applied. – Energy consumption is considered as derived from a renewable source o…","neral methodology – Scope 1 and 2 GHG emissions measurement applies to GHG emissions from entities HEINEKEN operationally controls. – To calculate Scope 1 and 2 GHG emissions, the GHG Protocol Corporate Standard (version 2004) and Scope 2 Guidance (version 2015) methodology are applied. – Energy consumption is considered as derived from a renewable source o…",pdf_page_backfill,accepted_explicit_named_series_edge,"(?:ghg protocol | greenhouse gas protocol | wri | world resources institute | world business council)[\s\S]{0,160}corporate standard"
ghg_scope2_guidance::C,r487_heineken,HEINEKEN,喜力公司,487,C,制造业,Manufacturing,C,制造业,Manufacturing,consistent_with_company_workbench,GHG Protocol,ghg_scope2_guidance,GHG Protocol Scope 2 指南,GHG Protocol Scope 2 Guidance,accepted,source_text_explicitly_names_this_ghg_protocol_series,accepted_explicit_ghg_fine_series_edge,explicit_series_citation,172 | 251,heineken_n_v_annual_report_2024_final_20feb2025.pdf,"surement applies to GHG emissions from entities HEINEKEN operationally controls. – To calculate Scope 1 and 2 GHG emissions, the GHG Protocol Corporate Standard (version 2004) and Scope 2 Guidance (version 2015) methodology are applied. – Energy consumption is considered as derived from a renewable source only when the purchased energy is clearly defined in…","surement applies to GHG emissions from entities HEINEKEN operationally controls. – To calculate Scope 1 and 2 GHG emissions, the GHG Protocol Corporate Standard (version 2004) and Scope 2 Guidance (version 2015) methodology are applied. – Energy consumption is considered as derived from a renewable source only when the purchased energy is clearly defined in…",pdf_page_backfill,accepted_explicit_named_series_edge,scope 2 guidance
ghg_scope3_standard::C,r487_heineken,HEINEKEN,喜力公司,487,C,制造业,Manufacturing,C,制造业,Manufacturing,consistent_with_company_workbench,GHG Protocol,ghg_scope3_standard,GHG Protocol 企业价值链（Scope 3）核算与报告标准,GHG Protocol Corporate Value Chain (Scope 3) Accounting and Reporting Standard,accepted,source_text_explicitly_names_this_ghg_protocol_series,accepted_explicit_ghg_fine_series_edge,explicit_series_citation,172 | 253,heineken_n_v_annual_report_2024_final_20feb2025.pdf,"tements Other Information E1 Scope 3 GHG emissions Metrics E1-6.51 Scope 3 GHG emissions Methodologies Significant Scope 3 categories are based on the criteria of the GHG Protocol Corporate Value Chain (Scope 3) Accounting and Reporting Standard (Version 2011). Scope 3 categories are consistent with the GHG Protocol. For HEINEKEN, this includes: – Indirect …","tements Other Information E1 Scope 3 GHG emissions Metrics E1-6.51 Scope 3 GHG emissions Methodologies Significant Scope 3 categories are based on the criteria of the GHG Protocol Corporate Value Chain (Scope 3) Accounting and Reporting Standard (Version 2011). Scope 3 categories are consistent with the GHG Protocol. For HEINEKEN, this includes: – Indirect …",pdf_page_backfill,accepted_explicit_named_series_edge,corporate value chain\s*\(scope 3\)
ghg_corporate_standard::C,r489_3m公司,3M,3M,489,C,制造业,Manufacturing,C,制造业,Manufacturing,consistent_with_company_workbench,GHG Protocol,ghg_corporate_standard,GHG Protocol 企业核算与报告标准,GHG Protocol Corporate Accounting and Reporting Standard,accepted,source_text_explicitly_names_this_ghg_protocol_series,accepted_explicit_ghg_fine_series_edge,explicit_series_citation,44 | 27,3m-2025-global-impact-report.pdf,"y has calculated 3M’s greenhouse gas (GHG) inventory in accordance with the World Resources Institute (WRI)/World Business Council for Sustainable Development (WBCSD) GHG Protocol Corporate Accounting and Reporting Standard. The 3M EHS Laboratory maintains an accreditation to ANSI/ISO/IEC 17025 through A2LA, a signatory to the International Laboratory Accre…","y has calculated 3M’s greenhouse gas (GHG) inventory in accordance with the World Resources Institute (WRI)/World Business Council for Sustainable Development (WBCSD) GHG Protocol Corporate Accounting and Reporting Standard. The 3M EHS Laboratory maintains an accreditation to ANSI/ISO/IEC 17025 through A2LA, a signatory to the International Laboratory Accre…",pdf_page_backfill,accepted_explicit_named_series_edge,corporate accounting and reporting standard
ghg_scope3_standard::C,r489_3m公司,3M,3M,489,C,制造业,Manufacturing,C,制造业,Manufacturing,consistent_with_company_workbench,GHG Protocol,ghg_scope3_standard,GHG Protocol 企业价值链（Scope 3）核算与报告标准,GHG Protocol Corporate Value Chain (Scope 3) Accounting and Reporting Standard,accepted,source_text_explicitly_names_this_ghg_protocol_series,accepted_explicit_ghg_fine_series_edge,explicit_series_citation,27,3m-2025-global-impact-report.pdf,"ity and efficiency of renewable electricity. Scope 3 GHG emissions 3M has been developing our scope 3 GHG emission inventory since the WRI and the WBCSD published the GHG Protocol Corporate Value Chain (Scope 3) Accounting and Reporting Standard in September 2011. Even before its release, 3M participated in the pilot of the standard, which includes requirem…","ity and efficiency of renewable electricity. Scope 3 GHG emissions 3M has been developing our scope 3 GHG emission inventory since the WRI and the WBCSD published the GHG Protocol Corporate Value Chain (Scope 3) Accounting and Reporting Standard in September 2011. Even before its release, 3M participated in the pilot of the standard, which includes requirem…",pdf_page_backfill,accepted_explicit_named_series_edge,corporate value chain\s*\(scope 3\)
ghg_corporate_standard::J,r491_apolloglobalmanagement,APOLLO GLOBAL MANAGEMENT,阿波罗全球管理公司,491,J,金融业,Finance,J,金融业,Finance,consistent_with_company_workbench,GHG Protocol,ghg_corporate_standard,GHG Protocol 企业核算与报告标准,GHG Protocol Corporate Accounting and Reporting Standard,accepted,source_text_explicitly_names_this_ghg_protocol_series,accepted_explicit_ghg_fine_series_edge,explicit_series_citation,31 | 32 | 65,apollo-2024-sustainability-report-june-2025.pdf,"tual data is unavailable. 16 2023 energy figure has been restated due to methodology improvements. 17 2022 and 2023 Scope 1 GHG emissions data is calculated in accordance with the GHG Protocol corporate standard methodology. Data includes emissions from the on-site combustion of natural gas for heating, on-site combustion of generator fuel and mobile combus…","tual data is unavailable. 16 2023 energy figure has been restated due to methodology improvements. 17 2022 and 2023 Scope 1 GHG emissions data is calculated in accordance with the GHG Protocol corporate standard methodology. Data includes emissions from the on-site combustion of natural gas for heating, on-site combustion of generator fuel and mobile combus…",pdf_page_backfill,accepted_explicit_named_series_edge,"(?:ghg protocol | greenhouse gas protocol | wri | world resources institute | world business council)[\s\S]{0,160}corporate standard"
ghg_financial_industry_standard::J,r491_apolloglobalmanagement,APOLLO GLOBAL MANAGEMENT,阿波罗全球管理公司,491,J,金融业,Finance,J,金融业,Finance,consistent_with_company_workbench,GHG Protocol,ghg_financial_industry_standard,金融行业全球温室气体核算与报告标准,Global GHG Accounting and Reporting Standard for the Financial Industry,accepted,source_text_explicitly_names_this_ghg_protocol_series,accepted_explicit_ghg_fine_series_edge,explicit_series_citation,111,apollo-2024-sustainability-report-june-2025.pdf,"is Report, particularly due to a lack of available data, data lags and relevant underlying methodologies that may utilize a number of assumptions. For example, with respect to the PCAF methodology used to measure certain investments’ financed emissions, carbon footprint, weighted average carbon intensity and weighted average data quality scores, data challe…","is Report, particularly due to a lack of available data, data lags and relevant underlying methodologies that may utilize a number of assumptions. For example, with respect to the PCAF methodology used to measure certain investments’ financed emissions, carbon footprint, weighted average carbon intensity and weighted average data quality scores, data challe…",pdf_page_backfill,accepted_explicit_named_series_edge,\bpcaf\b
ghg_corporate_standard::G,r492_emiratesgroup,EMIRATES GROUP,阿联酋航空集团,492,G,交通运输、仓储和邮政业,"Transport, Storage and Post",G,交通运输、仓储和邮政业,"Transport, Storage and Post",consistent_with_company_workbench,GHG Protocol,ghg_corporate_standard,GHG Protocol 企业核算与报告标准,GHG Protocol Corporate Accounting and Reporting Standard,accepted,source_text_explicitly_names_this_ghg_protocol_series,accepted_explicit_ghg_fine_series_edge,explicit_series_citation,71 | 73,2023-2024-EMIRATES GROUP-annual-report.pdf,"businesses of Emirates are excluded in the below metrics. References to Scope 1 and 2 emissions below are based on definitions from the Greenhouse Gas Protocol – revised edition (Corporate Accounting and Reporting Standard – Revised Edition, 2004), while references to Scope 3 emissions are based on the Greenhouse Gas Protocol Corporate Value Chain (Scope 3)…","businesses of Emirates are excluded in the below metrics. References to Scope 1 and 2 emissions below are based on definitions from the Greenhouse Gas Protocol – revised edition (Corporate Accounting and Reporting Standard – Revised Edition, 2004), while references to Scope 3 emissions are based on the Greenhouse Gas Protocol Corporate Value Chain (Scope 3)…",pdf_page_backfill,accepted_explicit_named_series_edge,corporate accounting and reporting standard
ghg_scope3_standard::G,r492_emiratesgroup,EMIRATES GROUP,阿联酋航空集团,492,G,交通运输、仓储和邮政业,"Transport, Storage and Post",G,交通运输、仓储和邮政业,"Transport, Storage and Post",consistent_with_company_workbench,GHG Protocol,ghg_scope3_standard,GHG Protocol 企业价值链（Scope 3）核算与报告标准,GHG Protocol Corporate Value Chain (Scope 3) Accounting and Reporting Standard,accepted,source_text_explicitly_names_this_ghg_protocol_series,accepted_explicit_ghg_fine_series_edge,explicit_series_citation,71 | 73,2023-2024-EMIRATES GROUP-annual-report.pdf,"as Protocol – revised edition (Corporate Accounting and Reporting Standard – Revised Edition, 2004), while references to Scope 3 emissions are based on the Greenhouse Gas Protocol Corporate Value Chain (Scope 3) Standard. ENVIRONMENTAL SUSTAINABILITY PERFORMANCE - EMIRATES The Emirates Group Annual Report 2023-2024 Overview Emirates dnata Group Group Sustai…","as Protocol – revised edition (Corporate Accounting and Reporting Standard – Revised Edition, 2004), while references to Scope 3 emissions are based on the Greenhouse Gas Protocol Corporate Value Chain (Scope 3) Standard. ENVIRONMENTAL SUSTAINABILITY PERFORMANCE - EMIRATES The Emirates Group Annual Report 2023-2024 Overview Emirates dnata Group Group Sustai…",pdf_page_backfill,accepted_explicit_named_series_edge,corporate value chain\s*\(scope 3\)
ghg_corporate_standard::C,r498_瑞士abb集团,ABB,瑞士ABB,498,C,制造业,Manufacturing,C,制造业,Manufacturing,consistent_with_company_workbench,GHG Protocol,ghg_corporate_standard,GHG Protocol 企业核算与报告标准,GHG Protocol Corporate Accounting and Reporting Standard,accepted,source_text_explicitly_names_this_ghg_protocol_series,accepted_explicit_ghg_fine_series_edge,explicit_series_citation,39 | 37,ABB Sustainability Statement 2024.pdf,"ded in our inventory are shown in the table “Overview of scope 1, 2 and 3 GHG emissions”. We report scope 3 GHG emissions following the boundaries and methodologies defined by the GHG Protocol Corporate Standard. The reporting scope covers both upstream and downstream activities, including categories as defined in ESRS E1-6, AR 46.i, ensuring comprehensive …","ded in our inventory are shown in the table “Overview of scope 1, 2 and 3 GHG emissions”. We report scope 3 GHG emissions following the boundaries and methodologies defined by the GHG Protocol Corporate Standard. The reporting scope covers both upstream and downstream activities, including categories as defined in ESRS E1-6, AR 46.i, ensuring comprehensive …",pdf_page_backfill,accepted_explicit_named_series_edge,"(?:ghg protocol | greenhouse gas protocol | wri | world resources institute | world business council)[\s\S]{0,160}corporate standard"
ghg_scope3_standard::C,r498_瑞士abb集团,ABB,瑞士ABB,498,C,制造业,Manufacturing,C,制造业,Manufacturing,consistent_with_company_workbench,GHG Protocol,ghg_scope3_standard,GHG Protocol 企业价值链（Scope 3）核算与报告标准,GHG Protocol Corporate Value Chain (Scope 3) Accounting and Reporting Standard,accepted,source_text_explicitly_names_this_ghg_protocol_series,accepted_explicit_ghg_fine_series_edge,explicit_series_citation,37,ABB Sustainability Statement 2024.pdf,"te all other scope 3 categories relevant to ABB to ensure comprehensive reporting. When assessing the materiality of the different scope 3 categories, we refer to the GHG Protocol Corporate Value Chain Accounting and Reporting Standard. The calculation of scope 3, category 11 emissions is based on a bottom-up model for the diverse offering across our divisi…","te all other scope 3 categories relevant to ABB to ensure comprehensive reporting. When assessing the materiality of the different scope 3 categories, we refer to the GHG Protocol Corporate Value Chain Accounting and Reporting Standard. The calculation of scope 3, category 11 emissions is based on a bottom-up model for the diverse offering across our divisi…",pdf_page_backfill,accepted_explicit_named_series_edge,corporate value chain.*scope 3
ghg_scope3_standard::E,r500_三星candt公司,Samsung C&T,三星C&T,500,E,建筑业,Construction,E,建筑业,Construction,consistent_with_company_workbench,GHG Protocol,ghg_scope3_standard,GHG Protocol 企业价值链（Scope 3）核算与报告标准,GHG Protocol Corporate Value Chain (Scope 3) Accounting and Reporting Standard,accepted,source_text_explicitly_names_this_ghg_protocol_series,accepted_explicit_ghg_fine_series_edge,explicit_series_citation,111 | 119,2025 Samsung C&T Sustainability Report.pdf,24 Verification Criteria and Protocol The verification was performed at the request of Samsung C&T Corporation using the following verification standards. ‧ WRI/WBCSD GHG Protocol Corporate Value Chain (Scope 3) Standard ‧ IPCC 2006 Guideline for National Greenhouse Gas Inventories ‧ ISO 14064-1:2018 & ISO14064-3:2019 ‧ Guideline for Reporting and Certific…,24 Verification Criteria and Protocol The verification was performed at the request of Samsung C&T Corporation using the following verification standards. ‧ WRI/WBCSD GHG Protocol Corporate Value Chain (Scope 3) Standard ‧ IPCC 2006 Guideline for National Greenhouse Gas Inventories ‧ ISO 14064-1:2018 & ISO14064-3:2019 ‧ Guideline for Reporting and Certific…,pdf_page_backfill,accepted_explicit_named_series_edge,corporate value chain\s*\(scope 3\)
gb_t_32150_2015::C,r451_crrcgroup,CRRC GROUP,中国中车集团有限公司,451,C,制造业,Manufacturing,C,制造业,Manufacturing,consistent_with_company_workbench,GB/T,gb_t_32150_2015,GB/T 32150-2015,GB/T 32150-2015,accepted,page_text_explicitly_names_standard_or_strong_alias,accepted_page_traceable_standard_source_link,explicit_standard_citation,52,中国中车2024ESG报告.pdf,"09.88 温室气体排放量（范围一） 4 吨二氧化碳当量 317,759.04 温室气体排放量（范围二） 5 吨二氧化碳当量 1,682,342.06 温室气体排放强度 （万元产值温室气体排放量） 吨二氧化碳当量/万元 0.0707 温室气体排放强度（范围一） 吨二氧化碳当量/万元 0.0112 温室气体排放强度（范围二） 吨二氧化碳当量/万元 0.0595 温室气体减排量 吨二氧化碳当量 8,604.56 4 根据GB/T 《32150-2015 工业企业温室气体排放核算和",,medium,manual_validated_gbt32150_page_text_recheck,GB/T 32150-2015
gb_t_32150_2015::C,r451_crrcgroup,CRRC GROUP,中国中车集团有限公司,451,C,制造业,Manufacturing,C,制造业,Manufacturing,consistent_with_company_workbench,GB/T,gb_t_32150_2015,GB/T 32150-2015,GB/T 32150-2015,accepted,page_text_explicitly_names_standard_or_strong_alias,accepted_page_traceable_standard_source_link,explicit_standard_citation,97,中国中车2024ESG报告.pdf,"二氧化 碳当量 1,703,599.84 1,682,342.06 温室气体排放强度 （万元产值温室气体排放量） 吨二氧化 碳当量/万 元 0.0788 0.0707 温室气体排放强度（范围一） 吨二氧化 碳当量/万 元 0.0120 0.0112 温室气体排放强度（范围二） 吨二氧化 碳当量/万 元 0.0668 0.0595 温室气体减排量 吨二氧化 碳当量 95,048.29 8,604.56 温室气体排放量计算根据GB/T 《32150-2015 工业企业温室气体排放",,medium,manual_validated_gbt32150_page_text_recheck,GB/T 32150-2015
