review_priority,recommended_action,accepted_edge,strict_named_series_ids,accepted_replacement_series_ids,company_id,company_name_en,company_name_zh,world500_rank,series_id,name_en,name_zh,match_status,source_file,page,page_window,document_match_pages,snippet_en,recognition_basis_en,recognition_basis_zh
P1,P1_demote_raw_explicit_to_contextual_review_no_strict_alias,no,,,r007_apple,APPLE,苹果公司,7,ghg_scope3_standard,GHG Protocol Corporate Value Chain (Scope 3) Accounting and Reporting Standard,GHG Protocol 企业价值链（Scope 3）核算与报告标准,pdf_explicit_series_citation,Apple_Environmental_Progress_Report_2025.pdf,100,"[99, 100, 101]","[106, 125]","Advocacy Environmental Initiatives Introduction Contents Green Bond Impact Report Data 101 2025 Environmental Progress Report Appendix Comprehensive Carbon Footprint Letter of Assurance Client: Apple Inc. 1 Letter of Assurance Comprehensive Carbon Footprint – Scope 3: Product related Carbon Footprint for Fiscal Year 2024 Fraunhofer IZM reviewed Apple’s scope 3 carbon footprint data related to the products manufactured and sold by Apple Inc. in fiscal year 2024. 1 Summary This review checks transparency of data and calculations, appropriateness of supporting product related data and assumptions, and overall plaus…",PDF page backfill: mapped from the cited GHG Protocol evidence page plus adjacent page text; not promoted to direct-use emissions value.,PDF 页级回查：基于已引用的 GHG Protocol 证据页及相邻页文本映射；不提升为直接采信排放值。
P1,P1_demote_raw_explicit_to_contextual_review_no_strict_alias,no,,,r007_apple,APPLE,苹果公司,7,ghg_scope3_standard,GHG Protocol Corporate Value Chain (Scope 3) Accounting and Reporting Standard,GHG Protocol 企业价值链（Scope 3）核算与报告标准,pdf_explicit_series_citation,Apple_Environmental_Progress_Report_2025.pdf,106,[106],[106],"Comprehensive Carbon Footprint Letter of Assurance Client: Apple Inc. 1 Letter of Assurance Comprehensive Carbon Footprint – Scope 3: Product related Carbon Footprint for Fiscal Year 2024 Fraunhofer IZM reviewed Apple’s scope 3 carbon footprint data related to the products manufactured and sold by Apple Inc. in fiscal year 2024. 1 Summary This review checks transparency of data and calculations, appropriateness of supporting product related data and assumptions, and overall plausibility of the calculated comprehensive annual carbon footprint comprised of emissions derived from the life cycle assessment (LCA) of …","PDF full-document exact-series scan: the report page names a controlled GHG Protocol/PCAF fine standard in an accounting, reporting, methodology, or assurance context; this does not promote emissions values.",PDF 全文精确系列扫描：报告页在核算、报告、方法或鉴证语境中命名受控 GHG Protocol/PCAF 细分标准；该记录不提升排放数值。
P1,P1_demote_raw_explicit_to_contextual_review_no_strict_alias,no,,,r008_unitedhealthgroup,UNITEDHEALTH GROUP,联合健康集团,8,ghg_scope3_standard,GHG Protocol Corporate Value Chain (Scope 3) Accounting and Reporting Standard,GHG Protocol 企业价值链（Scope 3）核算与报告标准,pdf_explicit_series_citation,UNITEDHEALTH GROUP—2024-sustainability-report.pdf,33,"[32, 33, 34]","[35, 80, 82]","ess is aligned with climate science. By 2030, we expect 77% of our suppliers by emissions covering purchased goods and services and upstream transportation and distribution will have set their own science-based targets. This is a critical step toward reducing Scope 3 emissions — the largest portion of our carbon footprint — and achieving net zero. • Our updated Supplier Code of Conduct encourages suppliers to track, report and minimize their emissions, set science-based reduction targets aligned with limiting global warming to 1.5°C above preindustrial levels and engage with their own value chain partners on sus…",PDF page backfill: mapped from the cited GHG Protocol evidence page plus adjacent page text; not promoted to direct-use emissions value.,PDF 页级回查：基于已引用的 GHG Protocol 证据页及相邻页文本映射；不提升为直接采信排放值。
P1,P1_demote_raw_explicit_to_contextual_review_no_strict_alias,no,,,r016_mckesson,MCKESSON,麦克森公司,16,ghg_scope3_standard,GHG Protocol Corporate Value Chain (Scope 3) Accounting and Reporting Standard,GHG Protocol 企业价值链（Scope 3）核算与报告标准,pdf_explicit_series_citation,McKesson Impact Report 2024.pdf,44,"[43, 44, 45]",[66],e GHG emissions across our value chain and to work with our suppliers in connection with our SBTi targets. McKesson is taking steps designed to reduce both our direct (Scope 1 and 2) GHG emissions and those produced in our upstream and downstream value chain (Scope 3). We also engage with the National Academies of Medicine and the Association for Health Care Resource & Materials Management of the American Hospital Association on reducing GHG emissions. See Overview in ESG Markers section of this report for more fiscal year reported data and details about our assurance process and Scope 3 category-specific inform…,PDF page backfill: mapped from the cited GHG Protocol evidence page plus adjacent page text; not promoted to direct-use emissions value.,PDF 页级回查：基于已引用的 GHG Protocol 证据页及相邻页文本映射；不提升为直接采信排放值。
P1,P1_demote_raw_explicit_to_contextual_review_no_strict_alias,no,,,r030_chinaconstructionbank,CHINA CONSTRUCTION BANK,中国建设银行股份有限公司,30,ghg_scope3_standard,GHG Protocol Corporate Value Chain (Scope 3) Accounting and Reporting Standard,GHG Protocol 企业价值链（Scope 3）核算与报告标准,pdf_explicit_series_citation,CCB_2024_Sustainability_Report.pdf,54,[54],[54],"onal Power Grids in China were used. In 2024, electricity emission factors were updated to provincial emission factors in the Announcement on the Release of 2022 Electricity Carbon Dioxide Emission Factors. 3. Others include ethanol, fuel oil, and other fuel. Scope 3 2024 2023 Greenhouse gas emissions (tons of carbon dioxide) 20,288.51 17,602.43 Annual emissions per employee (Scope 3) (tons of carbon dioxide/person) 0.05 0.05 Purchased goods and services-paper Paper emissions (tons of carbon dioxide) 19,415.90 17,602.43 Annual paper emissions per employee (tons of carbon dioxide) 0.05 0.05 Waste from operation E…","PDF full-document exact-series scan: the report page names a controlled GHG Protocol/PCAF fine standard in an accounting, reporting, methodology, or assurance context; this does not promote emissions values.",PDF 全文精确系列扫描：报告页在核算、报告、方法或鉴证语境中命名受控 GHG Protocol/PCAF 细分标准；该记录不提升排放数值。
P1,P1_demote_raw_explicit_to_contextual_review_no_strict_alias,no,,,r048_homedepot,HOME DEPOT,家得宝,48,ghg_scope3_standard,GHG Protocol Corporate Value Chain (Scope 3) Accounting and Reporting Standard,GHG Protocol 企业价值链（Scope 3）核算与报告标准,pdf_explicit_series_citation,2024_ESG_Report_The_Home_Depot.pdf,45,"[44, 45, 46]",,"Building on our prior climate action initiatives, we also recently updated our carbon emissions reduction targets to align with climate science and a 1.5-degree trajectory. We now plan to reduce our combined absolute Scopes 1 and 2 emissions and our absolute Scope 3 Category 11 (“Use of Sold Products”) emissions by 42%, each by the end of fiscal year 2030 from a fiscal 2020 base year. Our new targets were validated by the Science Based Targets initiative (SBTi) and continue our momentum to drive climate action throughout our value chain. Our Company’s ability to achieve our carbon emissions reduction targets wil…",PDF page backfill: mapped from the cited GHG Protocol evidence page plus adjacent page text; not promoted to direct-use emissions value.,PDF 页级回查：基于已引用的 GHG Protocol 证据页及相邻页文本映射；不提升为直接采信排放值。
P1,P1_demote_raw_explicit_to_contextual_review_no_acceptance_context,no,ghg_corporate_standard,,r049_electricitédefrance,ELECTRICITÉ DE FRANCE,法国电力公司,49,ghg_scope3_standard,GHG Protocol Corporate Value Chain (Scope 3) Accounting and Reporting Standard,GHG Protocol 企业价值链（Scope 3）核算与报告标准,pdf_explicit_series_citation,edf-urd-annual-financial-report-2024-en-accessible.pdf,193,"[192, 193, 194]","[193, 674]","iples/ (3) GHG Protocol Corporate Accounting and Reporting Standard, WRI-WBCSD, 2015. Sustainability Statement and Vigilance plan Support the decarbonisation of the gas customer portfolio EDF’s fossil gas sales to end customers contribute significantly to its Scope 3 emissions (see section 3.2.2.1.3.1 “Group carbon footprint - annual GHG emissions”). However, reducing the Group’s emissions by simply transferring gas sales contracts to other suppliers is of little value in terms of overall emissions to the atmosphere. The EDF group is therefore committed to actively supporting its gas customers in their journey t…",PDF page backfill: mapped from the cited GHG Protocol evidence page plus adjacent page text; not promoted to direct-use emissions value.,PDF 页级回查：基于已引用的 GHG Protocol 证据页及相邻页文本映射；不提升为直接采信排放值。
P1,P1_demote_raw_explicit_to_contextual_review_no_strict_alias,no,,,r097_enel,ENEL,意大利国家电力公司,97,ghg_scope3_standard,GHG Protocol Corporate Value Chain (Scope 3) Accounting and Reporting Standard,GHG Protocol 企业价值链（Scope 3）核算与报告标准,pdf_explicit_series_citation,ENEL-integrated-annual-report_2024.pdf,131,"[130, 131, 132]",[145],"Structured standard tag: GHG Protocol; Standard role: Accounting standard pe 1, including CO2, CH4 and N2O) from power generation and the Group’s indirect GHG emissions (Scope 3) from the generation of electricity purchased and sold to end customers (which is an element of subcategory 3 - Fuel- and Energy- Relate ENEL-integrated-annual-report_2024.pdf Actions for managing the impacts, risks and opportunities connected with climate change 130 INTEGRATED ANNUAL REPORT 2024 SCOPE 1 AND 3 GHG EMISSIONS INTENSITY RELATING TO INTEGRATED POWER (gCO2eq/kWh) 2017(¹) 2023(2) 2024(3) 2025 2026 2027 2030 2040 135 135 125 73…",PDF page backfill: mapped from the cited GHG Protocol evidence page plus adjacent page text; not promoted to direct-use emissions value.,PDF 页级回查：基于已引用的 GHG Protocol 证据页及相邻页文本映射；不提升为直接采信排放值。
P1,P1_demote_raw_explicit_to_contextual_review_no_strict_alias,no,,,r097_enel,ENEL,意大利国家电力公司,97,ghg_scope3_standard,GHG Protocol Corporate Value Chain (Scope 3) Accounting and Reporting Standard,GHG Protocol 企业价值链（Scope 3）核算与报告标准,pdf_explicit_series_citation,ENEL-integrated-annual-report_2024.pdf,145,[145],[145],"climate change 145 4. Climate change INTEGRATED ANNUAL REPORT 2024 The following Scope 3 categories of the GHG Proto- col are currently excluded from the Enel inventory of greenhouse gas (GHG) emissions. • Category 5 (waste generated in operations): Enel is currently developing the calculation method and the process for collecting the data, therefore it may be reported in the future if relevant. • Category 8 (upstream leased assets): the GHG emis- sions related to buildings and offices are already considered in the Scope 1 and Scope 2 calculations. • Category 9 (downstream transportation and dis- tribution): not…","PDF full-document exact-series scan: the report page names a controlled GHG Protocol/PCAF fine standard in an accounting, reporting, methodology, or assurance context; this does not promote emissions values.",PDF 全文精确系列扫描：报告页在核算、报告、方法或鉴证语境中命名受控 GHG Protocol/PCAF 细分标准；该记录不提升排放数值。
P1,P1_demote_raw_explicit_to_contextual_review_no_strict_alias,no,,,r105_boschgroup,BOSCH GROUP,博世集团,105,ghg_scope3_standard,GHG Protocol Corporate Value Chain (Scope 3) Accounting and Reporting Standard,GHG Protocol 企业价值链（Scope 3）核算与报告标准,pdf_explicit_series_citation,bosch-sustainability-report-2024.pdf,17,[17],[17],"sions with carbon credits. In 2024, residual emissions of roughly 531,300 metric tons of CO₂ were offset by carbon credits. This represents a decrease of 8.5 percent on the prior year’s level (see the “Environment | Climate action” section). Lowering absolute scope 3 CO₂ emissions by 30 percent by 2030 (baseline year 2018) Since 2018, we have cut our scope 3 emissions by around 27 percent, down to 335 million metric tons of CO₂ in 2023. In this process, we are focusing on the categories that make up around 98 percent of our scope 3 emissions: upstream emissions in the Bosch value chain primarily concern purchase…","PDF full-document exact-series scan: the report page names a controlled GHG Protocol/PCAF fine standard in an accounting, reporting, methodology, or assurance context; this does not promote emissions values.",PDF 全文精确系列扫描：报告页在核算、报告、方法或鉴证语境中命名受控 GHG Protocol/PCAF 细分标准；该记录不提升排放数值。
P1,P1_demote_raw_explicit_to_contextual_review_no_strict_alias,no,,,r105_boschgroup,BOSCH GROUP,博世集团,105,ghg_scope3_standard,GHG Protocol Corporate Value Chain (Scope 3) Accounting and Reporting Standard,GHG Protocol 企业价值链（Scope 3）核算与报告标准,pdf_explicit_series_citation,bosch-sustainability-report-2024.pdf,29,[29],[29],"– using carbon credits to offset residual CO₂ emissions. In 2024, residual emissions of roughly 531,300 metric tons of CO₂ were offset by carbon credits. At the same time, we also want to reduce emissions pro- duced outside Bosch’s direct sphere of influence (scope 3), for example at suppliers, in logistics, or when our products are used. Our aim is to reduce these upstream and down- stream emissions by 30 percent in absolute terms by 2030, compared with the baseline year 2018 – irrespective of our company’s growth. The Science Based Targets initiative (SBTi) has endorsed our climate targets for the 1.5 degree p…","PDF full-document exact-series scan: the report page names a controlled GHG Protocol/PCAF fine standard in an accounting, reporting, methodology, or assurance context; this does not promote emissions values.",PDF 全文精确系列扫描：报告页在核算、报告、方法或鉴证语境中命名受控 GHG Protocol/PCAF 细分标准；该记录不提升排放数值。
P1,P1_demote_raw_explicit_to_contextual_review_no_strict_alias,no,,,r105_boschgroup,BOSCH GROUP,博世集团,105,ghg_scope3_standard,GHG Protocol Corporate Value Chain (Scope 3) Accounting and Reporting Standard,GHG Protocol 企业价值链（Scope 3）核算与报告标准,pdf_explicit_series_citation,bosch-sustainability-report-2024.pdf,34,[34],[34],"Encouraged by this success, we have decided to signifi- cantly increase our previous reduction target of 15 percent. Compared to the baseline year 2018, we now intend to cut our scope 3 emissions by 30 percent in absolute terms by 2030. The challenge we are still facing is to mitigate future emissions relating to the anticipated sales growth by 2030. This is because the new percentage target value for reduc- ing emissions was also purposefully set independently of sales growth, which means that the absolute amount to be mitigated will increase steadily as the company grows in fu- ture. We can directly influence …","PDF full-document exact-series scan: the report page names a controlled GHG Protocol/PCAF fine standard in an accounting, reporting, methodology, or assurance context; this does not promote emissions values.",PDF 全文精确系列扫描：报告页在核算、报告、方法或鉴证语境中命名受控 GHG Protocol/PCAF 细分标准；该记录不提升排放数值。
P1,P1_demote_raw_explicit_to_contextual_review_no_strict_alias,no,,,r111_morganstanley,MORGAN STANLEY,摩根士丹利,111,ghg_scope3_standard,GHG Protocol Corporate Value Chain (Scope 3) Accounting and Reporting Standard,GHG Protocol 企业价值链（Scope 3）核算与报告标准,pdf_explicit_series_citation,Morgan_Stanley_2023_ESG_Report.pdf,47,[47],[47],"ement-determined metric that may be viewed or calculated differently by others who may use the same “carbon neutral” terminology. Morgan Stanley has determined that the boundary around our carbon neutrality status is scope 1, scope 2 location-based emissions, scope 3 business travel and downstream leased assets, carbon offsets purchased from the voluntary carbon market, green power contracts, and market instruments (e.g., renewable energy certificates (RECs), energy attribute certificates (EACs)). There are instances where green power contracts and instruments that we accept for our purposes to meet carbon neutr…","PDF full-document exact-series scan: the report page names a controlled GHG Protocol/PCAF fine standard in an accounting, reporting, methodology, or assurance context; this does not promote emissions values.",PDF 全文精确系列扫描：报告页在核算、报告、方法或鉴证语境中命名受控 GHG Protocol/PCAF 细分标准；该记录不提升排放数值。
P1,P1_demote_raw_explicit_to_contextual_review_no_acceptance_context,no,ghg_financial_industry_standard,,r111_morganstanley,MORGAN STANLEY,摩根士丹利,111,ghg_scope3_standard,GHG Protocol Corporate Value Chain (Scope 3) Accounting and Reporting Standard,GHG Protocol 企业价值链（Scope 3）核算与报告标准,pdf_explicit_series_citation,Morgan_Stanley_2023_ESG_Report.pdf,82,[82],[82],". Morgan Stanley accounts for the firm’s proportional share of the emissions associated with outstanding relationship and event-driven client lending facilities, for which the firm does not have operational control, as absolute financed emissions (AFE) within Scope 3, Category 15. The lending facilities included in our AFE calculation are limited to those within the Auto Manufacturing, Power, and Energy sectors within our corporate lending portfolio. As informed by the Business Loans asset class guidance within the PCAF Global GHG Accounting and Reporting Standard (2022), AFE related to these outstanding facilit…","PDF full-document exact-series scan: the report page names a controlled GHG Protocol/PCAF fine standard in an accounting, reporting, methodology, or assurance context; this does not promote emissions values.",PDF 全文精确系列扫描：报告页在核算、报告、方法或鉴证语境中命名受控 GHG Protocol/PCAF 细分标准；该记录不提升排放数值。
P1,P1_demote_raw_explicit_to_contextual_review_no_strict_alias,no,,,r128_sony,SONY,索尼,128,ghg_scope3_standard,GHG Protocol Corporate Value Chain (Scope 3) Accounting and Reporting Standard,GHG Protocol 企业价值链（Scope 3）核算与报告标准,pdf_explicit_series_citation,SONY-SustainabilityReport2025_E.pdf,115,[115],[115],"also those throughout their entire value chain.*1 Sony has determined emissions from its major component suppliers and manufacturing contractors. Climate Change Other 413,000 metric tons Sites (Scope 1) 235,000 metric tons Sites (Scope 2) 810,000 metric tons Scope 3 17,112,000 metric tons Upstream transportation and distribution [category 4] 122,000 metric tons Capital goods [category 2] 2,053,000 metric tons Purchased goods and services [category 1] 4,305,000 metric tons Use of sold products [category 11] 10,219,000 metric tons GHG Emissions from the Value Chain Reducing Greenhouse Gas Emissions Across the Supp…","PDF full-document exact-series scan: the report page names a controlled GHG Protocol/PCAF fine standard in an accounting, reporting, methodology, or assurance context; this does not promote emissions values.",PDF 全文精确系列扫描：报告页在核算、报告、方法或鉴证语境中命名受控 GHG Protocol/PCAF 细分标准；该记录不提升排放数值。
P1,P1_demote_raw_explicit_to_contextual_review_no_strict_alias,no,,,r131_waltdisney,WALT DISNEY,华特迪士尼公司,131,ghg_scope3_standard,GHG Protocol Corporate Value Chain (Scope 3) Accounting and Reporting Standard,GHG Protocol 企业价值链（Scope 3）核算与报告标准,pdf_explicit_series_citation,华特迪士尼公司-2024-SSI-Report.pdf,23,"[22, 23, 24]",[34],"anges, process changes, and other factors. We expect to follow SBTi methodology recommendations that companies use to check the validity of their target projections annually, and, at a minimum, reassess targets every five years. EMISSIONS (continued) Reducing Scope 3 Emissions and Engaging Suppliers and Licensees Recognizing the complex challenge of achieving our Scope 3 GHG emissions targets, we have collaborated extensively across the company to develop our pathway and identify levers for a Scope 3 emissions reduction journey. Strategies to reduce our broader value chain emissions include: working with strateg…",PDF page backfill: mapped from the cited GHG Protocol evidence page plus adjacent page text; not promoted to direct-use emissions value.,PDF 页级回查：基于已引用的 GHG Protocol 证据页及相邻页文本映射；不提升为直接采信排放值。
P1,P1_demote_raw_explicit_to_contextual_review_no_strict_alias,no,,,r176_巴西jbs公司,JBS,巴西JBS,176,ghg_scope3_standard,GHG Protocol Corporate Value Chain (Scope 3) Accounting and Reporting Standard,GHG Protocol 企业价值链（Scope 3）核算与报告标准,pdf_explicit_series_citation,JBS_Sustainability_Report_2023.pdf,30,"[29, 30, 31]",,"L GOALS 2023 PROGRESS Energy & Emissions Achieve net-zero greenhouse gas (GHG) emissions by 2040 • US$ 150MM+ invested across hundreds of projects in JBS facilities to reduce Scope 1 & 2 GHG emissions • US$ 5MM+ approved in partnership projects to further our Scope 3 GHG emissions reduction strategy throughout our value chain • Individual JBS businesses around the world are also actively engaged in research endeavors focused on animal welfare, animal nutrition, and farm management, which can reduce GHG emissions through improved efficiencies Reduce Scope 1 & 2 GHG emission intensity by 30% by 2030 vs. 2019 basel…",PDF page backfill: mapped from the cited GHG Protocol evidence page plus adjacent page text; not promoted to direct-use emissions value.,PDF 页级回查：基于已引用的 GHG Protocol 证据页及相邻页文本映射；不提升为直接采信排放值。
P1,P1_demote_raw_explicit_to_contextual_review_no_strict_alias,no,,,r189_itaúunibancoholding,ITAÚ UNIBANCO HOLDING,伊塔乌联合银行控股公司,189,ghg_brazilian_program,Brazilian GHG Protocol Program,巴西 GHG Protocol 项目/计划,pdf_explicit_series_citation,ITAÚ UNIBANCO HOLDING ESG Report 2024.pdf,112,[112],[112],"ffsetting of our own emissions, and the implementation of a decarbonization plan for our operations and businesses as a means to reduce our environmental impacts. Since 2008, we have conducted our GHG emissions inventory annually, using the methodology of the Brazilian GHG Protocol Program, and disclosed the results in the Public Emissions Registry. Our GHG inventory includes Scope 1, 2 and 3 emissions, and is prepared based on verifiable internal procedures, including audits by an independent third party, certified by the National Institute of Metrology, Quality and Technology (Inmetro), which repeatedly allows…","PDF full-document exact-series scan: the report page names a controlled GHG Protocol/PCAF fine standard in an accounting, reporting, methodology, or assurance context; this does not promote emissions values.",PDF 全文精确系列扫描：报告页在核算、报告、方法或鉴证语境中命名受控 GHG Protocol/PCAF 细分标准；该记录不提升排放数值。
P1,P1_demote_raw_explicit_to_contextual_review_no_strict_alias,no,,,r189_itaúunibancoholding,ITAÚ UNIBANCO HOLDING,伊塔乌联合银行控股公司,189,ghg_brazilian_program,Brazilian GHG Protocol Program,巴西 GHG Protocol 项目/计划,pdf_explicit_series_citation,ITAÚ UNIBANCO HOLDING ESG Report 2024.pdf,118,[118],[118],"es directly from the electrical system, the average emissions required to generate electrical energy through the integrated system are used as the emissions factor, considering certain geographic limits and a given period. This approach is mandatory under the Brazilian GHG Protocol Program. Market based When the company chooses to consume energy from cleaner sources, the specific emissions factor associated with each such source is used, such as, for example, for purchases of energy from renewable and zero-emissions sources, which receive a Renewable Energy Certificate (REC). Reporting this approach is optional …","PDF full-document exact-series scan: the report page names a controlled GHG Protocol/PCAF fine standard in an accounting, reporting, methodology, or assurance context; this does not promote emissions values.",PDF 全文精确系列扫描：报告页在核算、报告、方法或鉴证语境中命名受控 GHG Protocol/PCAF 细分标准；该记录不提升排放数值。
P1,P1_demote_raw_explicit_to_contextual_review_no_acceptance_context,no,ghg_financial_industry_standard,,r205_deutschebank,DEUTSCHE BANK,德意志银行,205,ghg_scope3_standard,GHG Protocol Corporate Value Chain (Scope 3) Accounting and Reporting Standard,GHG Protocol 企业价值链（Scope 3）核算与报告标准,pdf_explicit_series_citation,Deutsche_Bank_Annual_Report_2024.pdf,312,[312],[312],"tal information Annual Report 2024 Climate change – The financed emissions figures rely on client-specific data as well as proxy emissions factors. Scope 1 and 2 client- specific emissions data is sourced from MSCI and is always reported data from the client. Scope 3 client-specific emissions data is sourced from MSCI and can be either reported or estimated using MSCI’s proprietary logic. Scope 1 and 2 proxy emission factors are sourced from PCAF and use the 2019 Exiobase dataset (Exiobase v3.7, base year 2015) version as recommended by PCAF given these proxies were used in the baseline reference year. Scope 3 p…","PDF full-document exact-series scan: the report page names a controlled GHG Protocol/PCAF fine standard in an accounting, reporting, methodology, or assurance context; this does not promote emissions values.",PDF 全文精确系列扫描：报告页在核算、报告、方法或鉴证语境中命名受控 GHG Protocol/PCAF 细分标准；该记录不提升排放数值。
P1,P1_demote_raw_explicit_to_contextual_review_no_strict_alias,no,,,r252_bancobradesco,BANCO BRADESCO,巴西布拉德斯科银行,252,ghg_brazilian_program,Brazilian GHG Protocol Program,巴西 GHG Protocol 项目/计划,pdf_explicit_series_citation,2024 BANCO BRADESCO ESG Report.pdf,46,"[45, 46, 47]",,"nt Energy management Eco-efficiency Through the annual greenhouse gas inventory, we track the evolution of our operational emissions since 2006, following the guidelines of the ABNT ISO 14064-1 standard and, since 2008, incorporating the specifications of the Brazilian GHG Protocol Program. Through the Operational Eco-efficiency Master Plan, we set targets and monitor the aspects that make up our inventory, including energy and fuel consumption, waste generation, among others. For the current cycle (2022-2030), we have set targets for reducing our operational greenhouse gas emissions, in alignment with the Scien…",PDF page backfill: mapped from the cited GHG Protocol evidence page plus adjacent page text; not promoted to direct-use emissions value.,PDF 页级回查：基于已引用的 GHG Protocol 证据页及相邻页文本映射；不提升为直接采信排放值。
P1,P1_demote_raw_explicit_to_contextual_review_no_strict_alias,no,,,r261_intel,INTEL,英特尔公司,261,ghg_scope3_standard,GHG Protocol Corporate Value Chain (Scope 3) Accounting and Reporting Standard,GHG Protocol 企业价值链（Scope 3）核算与报告标准,pdf_explicit_series_citation,INTEL CSR-2024-25-Full-Report.pdf,36,[36],[36],"s Scope 1 (Direct) Emissions 1,105,000 Manufacturing process, on-site fuel combustion, refrigerants, on-site fleet/air travel. Scope 2 (Indirect, Electricity) 97,000 Market-based method;1 includes renewable electricity purchases. Scope 1 and 2 Total 1,202,000 Scope 3 Total 25,059,000 Indirect/value chain. Leased Vehicles and Commuting 263,000 Employee leased vehicles and commuting.2 Logistics and Distribution 104,000 Upstream and downstream transport and distribution.3 Employee Business Travel 25,000 Air travel, car rentals, and hotel stays. Purchased Goods and Services 7,730,000 Hybrid methodology based on key …","PDF full-document exact-series scan: the report page names a controlled GHG Protocol/PCAF fine standard in an accounting, reporting, methodology, or assurance context; this does not promote emissions values.",PDF 全文精确系列扫描：报告页在核算、报告、方法或鉴证语境中命名受控 GHG Protocol/PCAF 细分标准；该记录不提升排放数值。
P1,P1_demote_raw_explicit_to_contextual_review_no_strict_alias,no,,,r261_intel,INTEL,英特尔公司,261,ghg_scope3_standard,GHG Protocol Corporate Value Chain (Scope 3) Accounting and Reporting Standard,GHG Protocol 企业价值链（Scope 3）核算与报告标准,pdf_explicit_series_citation,INTEL CSR-2024-25-Full-Report.pdf,56,[56],[56],"ety, supplier, and diversity data included within Intel’s 2024 Corporate Responsibility Report (‘the Report’) for the period of calendar year 2024 (the ‘Subject Matter’): ▪ Global Greenhouse Gas Emissions (Scope 1, Scope 2 location-based and market-based, and Scope 3, Category 10 – Processing of Sold Products) ▪ Renewable Energy Percentage ▪ Energy Use ▪ Water Withdrawal (fresh water and reclaimed water) ▪ Water Conservation ▪ Energy Conservation ▪ Number of Responsible Business Alliance (RBA) Validated Audit Program (VAP) supplier audits conducted ▪ Priority/Major Findings by Category for RBA VAP supplier audit…","PDF full-document exact-series scan: the report page names a controlled GHG Protocol/PCAF fine standard in an accounting, reporting, methodology, or assurance context; this does not promote emissions values.",PDF 全文精确系列扫描：报告页在核算、报告、方法或鉴证语境中命名受控 GHG Protocol/PCAF 细分标准；该记录不提升排放数值。
P1,P1_demote_raw_explicit_to_contextual_review_no_strict_alias,no,,,r315_unicreditgroup,UNICREDIT GROUP,联合信贷集团,315,ghg_scope3_standard,GHG Protocol Corporate Value Chain (Scope 3) Accounting and Reporting Standard,GHG Protocol 企业价值链（Scope 3）核算与报告标准,pdf_explicit_series_citation,2024-UNICREDIT GROUP-Annual-Reports-and-Accounts.pdf,272,[272],[272],"the extension of our reporting perimeter. Indeed, in converging our reporting process to the CSRD requirements, we aligned the perimeter of our sustainability statement to that of our financial statement. Moreover, further categories have been included in our Scope 3 own emissions accounting. Scope 1 includes emissions arising from sources owned or controlled by our Group, which include direct energy consumption, road business travel and refrigerant gas leakages. Scope 2 includes indirect emissions arising from purchased electricity, steam and heating/cooling consumed by equipment or systems owned or controlled …","PDF full-document exact-series scan: the report page names a controlled GHG Protocol/PCAF fine standard in an accounting, reporting, methodology, or assurance context; this does not promote emissions values.",PDF 全文精确系列扫描：报告页在核算、报告、方法或鉴证语境中命名受控 GHG Protocol/PCAF 细分标准；该记录不提升排放数值。
P1,P1_demote_raw_explicit_to_contextual_review_no_strict_alias,no,,,r315_unicreditgroup,UNICREDIT GROUP,联合信贷集团,315,ghg_scope3_standard,GHG Protocol Corporate Value Chain (Scope 3) Accounting and Reporting Standard,GHG Protocol 企业价值链（Scope 3）核算与报告标准,pdf_explicit_series_citation,2024-UNICREDIT GROUP-Annual-Reports-and-Accounts.pdf,273,[273],[273],"ions, currently no significant events or changes occur between the reporting dates of entities in our value chain and the date of our financial statement, since our reporting period does not differ from the reporting period of the entities in our value chain. Scope 3 GHG emissions categories that have been excluded Category 3, Fuel and energy-related activities not included in Scope 1 or Scope 2: this category is deemed not sufficiently relevant considering our use of energy as a financial institution. Category 4, Upstream transportation and distribution: as a financial institution, this category is not consider…","PDF full-document exact-series scan: the report page names a controlled GHG Protocol/PCAF fine standard in an accounting, reporting, methodology, or assurance context; this does not promote emissions values.",PDF 全文精确系列扫描：报告页在核算、报告、方法或鉴证语境中命名受控 GHG Protocol/PCAF 细分标准；该记录不提升排放数值。
P1,P1_demote_raw_explicit_to_contextual_review_no_strict_alias,no,,,r334_caixaeconômicafederal,CAIXA ECONÔMICA FEDERAL,巴西联邦储蓄银行,334,ghg_brazilian_program,Brazilian GHG Protocol Program,巴西 GHG Protocol 项目/计划,pdf_explicit_series_citation,CAIXA ECONÔMICA FEDERAL relatorio-sustentabilidade-2024.pdf,9,"[8, 9, 10]",,"com o 3º lugar no Prêmio Inovativos, na categoria Reinvenção das Organizações Capacitação Digital. A premiação ocorreu no dia 1/11, em São Paulo. O Prêmio Inovativos é uma celebração da inovação digital aplicada ao desenvolvimento sustentável dos negócios. ² Programa Brasileiro GHG Protocol: iniciativa que visa promover a mensuração e a gestão das emissões de Gases de Efeito Estufa (GEE) no Brasil, adaptando a metodologia internacional GHG Protocol para a realidade nacional. Para mais informações, acesse www.ghgprotocol.org.br. 10 RELATÓRIO DE SUSTENTABILIDADE 2024 SUSTENTABILIDADE NOS NEGÓCIOS RELACIONAMENTO DA…",PDF page backfill: mapped from the cited GHG Protocol evidence page plus adjacent page text; not promoted to direct-use emissions value.,PDF 页级回查：基于已引用的 GHG Protocol 证据页及相邻页文本映射；不提升为直接采信排放值。
P1,P1_demote_raw_explicit_to_contextual_review_no_strict_alias,no,,,r342_bristolmyerssquibb,BRISTOL-MYERS SQUIBB,百时美施贵宝公司,342,ghg_scope3_standard,GHG Protocol Corporate Value Chain (Scope 3) Accounting and Reporting Standard,GHG Protocol 企业价值链（Scope 3）核算与报告标准,pdf_explicit_series_citation,BRISTOL-MYERS SQUIBB BMS-Building-a-Better-Future-Report-2024.pdf,80,[80],[80],"s (Scope 1) associated with manufacturing and R&D facilities, global sales vehicle fleet, distribution centers, and offices • Indirect GHG emissions (Scope 2) associated with manufacturing and R&D facilities, distribution centers, and offices • GHG emissions (Scope 3) associated with: o Purchased Goods and Services (Market-based) o Capital Goods o Fuel and Energy Related Activities (Market-based) o Upstream Transportation and Distribution o Waste Generated in Operations o Business Travel o Employee Commuting o Downstream Transportation and Distribution o End of Life of Sold Products o Investments • Biogenic emis…","PDF full-document exact-series scan: the report page names a controlled GHG Protocol/PCAF fine standard in an accounting, reporting, methodology, or assurance context; this does not promote emissions values.",PDF 全文精确系列扫描：报告页在核算、报告、方法或鉴证语境中命名受控 GHG Protocol/PCAF 细分标准；该记录不提升排放数值。
P1,P1_demote_raw_explicit_to_contextual_review_no_strict_alias,no,,,r366_warnerbrosdiscovery,WARNER BROS. DISCOVERY,华纳兄弟探索公司,366,ghg_scope3_standard,GHG Protocol Corporate Value Chain (Scope 3) Accounting and Reporting Standard,GHG Protocol 企业价值链（Scope 3）核算与报告标准,pdf_explicit_series_citation,WARNER BROS. DISCOVERY_2024_impact_report.pdf,25,[25],[25],"Greenhouse Gas Emissions (MT CO2e) Scope 12 130,342 Outside of Scopes (Biogenic Emissions) 401 Scope 2 (Location-Based)3 139,622 Scope 2 (Market-Based)3,4,5 147,622 Total Scope 1 + 2 (Location-Based)6,7,8 269,964 Total Scope 1 + 2 (Market-Based)6,7,8 277,964 Scope 3 Emissions Breakdown9,10 FY 2024 Greenhouse Gas Emissions (MT CO2e) Scope 3 Categories 1 & 2: Purchased Goods and Services and Capital Goods11 941,623 Scope 3 Category 3: Fuel- and Energy-Related Activities (Location-Based) 39,719 Scope 3 Category 3: Fuel- and Energy-Related Activities (Market-Based) 38,145 Scope 3 Category 6: Business Travel 78,805 S…","PDF full-document exact-series scan: the report page names a controlled GHG Protocol/PCAF fine standard in an accounting, reporting, methodology, or assurance context; this does not promote emissions values.",PDF 全文精确系列扫描：报告页在核算、报告、方法或鉴证语境中命名受控 GHG Protocol/PCAF 细分标准；该记录不提升排放数值。
P1,P1_demote_raw_explicit_to_contextual_review_no_strict_alias,no,,,r397_xiaomi,XIAOMI,小米集团,397,ghg_scope3_standard,GHG Protocol Corporate Value Chain (Scope 3) Accounting and Reporting Standard,GHG Protocol 企业价值链（Scope 3）核算与报告标准,pdf_explicit_series_citation,"Xiaomi 2023 Environmental, Social, and Governance Report.pdf",37,"[36, 37, 38]",,greements to reduce GHG emissions throughout our target period; Encourage key suppliers to establish renewable energy usage and GHG emission reduction targets that are comparable to or more ambitious than those of Xiaomi to deliver continuous reduction in our Scope 3 emissions. 35 About this Report Chariman's Address About Xiaomi Board Statement Stakeholder Engagement Materiality Assessment Technology Created to Better Lives Shared Success for Partners Governance and Compliance Key Performance hy 36 About this Report Chariman's Address About Xiaomi Board Statement Stakeholder Engagement Materiality Assessment Te…,PDF page backfill: mapped from the cited GHG Protocol evidence page plus adjacent page text; not promoted to direct-use emissions value.,PDF 页级回查：基于已引用的 GHG Protocol 证据页及相邻页文本映射；不提升为直接采信排放值。
P1,P1_demote_raw_explicit_to_contextual_review_no_strict_alias,no,,,r397_xiaomi,XIAOMI,小米集团,397,ghg_scope3_standard,GHG Protocol Corporate Value Chain (Scope 3) Accounting and Reporting Standard,GHG Protocol 企业价值链（Scope 3）核算与报告标准,pdf_explicit_series_citation,"Xiaomi 2023 Environmental, Social, and Governance Report.pdf",88,[88],[88],"eneration to reduce GHG emissions throughout our target period; Encourage key suppliers to establish renewable energy usage and GHG emission reduction targets that are comparable to or more ambitious than those of Xiaomi to deliver continuous reduction in our Scope 3 emissions. GHG emissions reduction is being progressed towards the 2030 and 2040 targets. For details, please refer to the ""Tackling Climate Change"" section and 2023 Xiaomi Corporation TCFD report. 82 By no later than 2030, reduce GHG emissions from our main operating segments to at least 30% of the base year level; By 2035, use 100% renewable elect…","PDF full-document exact-series scan: the report page names a controlled GHG Protocol/PCAF fine standard in an accounting, reporting, methodology, or assurance context; this does not promote emissions values.",PDF 全文精确系列扫描：报告页在核算、报告、方法或鉴证语境中命名受控 GHG Protocol/PCAF 细分标准；该记录不提升排放数值。
P1,P1_demote_raw_explicit_to_contextual_review_no_strict_alias,no,,,r426_qualcomm,QUALCOMM,高通,426,ghg_scope3_standard,GHG Protocol Corporate Value Chain (Scope 3) Accounting and Reporting Standard,GHG Protocol 企业价值链（Scope 3）核算与报告标准,pdf_explicit_series_citation,2024-qualcomm-corporate-responsibility-report.pdf,50,"[49, 50, 51]",,"oxide (N2O) CO2e metric tons 1,056 NR NR 50 Appendix Operating Sustainably Acting Responsibly Digital Transformation About Qualcomm 2024 QUALCOMM CORPORATE RESPONSIBILITY REPORT | Progress Our Environment Units 2024 2023 2022 GHG Emissions31 (Continued) Total Scope 3-Other indirect GHG emissions by weight32 CO2e metric tons 3,935,138 5,070,086 6,394,094 Purchased goods and services33 CO2e metric tons 2,779,307 3,796,564 4,699,435 Capital goods CO2e metric tons 18,442 83,228 184,637 Fuel-and energy-related activities (not included in Scope 1 or Scope 2) CO2e metric tons 84,938 82,068 75,894 Upstream transportatio…",PDF page backfill: mapped from the cited GHG Protocol evidence page plus adjacent page text; not promoted to direct-use emissions value.,PDF 页级回查：基于已引用的 GHG Protocol 证据页及相邻页文本映射；不提升为直接采信排放值。
P1,P1_demote_raw_explicit_to_contextual_review_no_strict_alias,no,,,r426_qualcomm,QUALCOMM,高通,426,ghg_scope3_standard,GHG Protocol Corporate Value Chain (Scope 3) Accounting and Reporting Standard,GHG Protocol 企业价值链（Scope 3）核算与报告标准,pdf_explicit_series_citation,2024-qualcomm-corporate-responsibility-report.pdf,51,[51],[51],"Our Environment Units 2024 2023 2022 GHG Emissions31 (Continued) Total Scope 3-Other indirect GHG emissions by weight32 CO2e metric tons 3,935,138 5,070,086 6,394,094 Purchased goods and services33 CO2e metric tons 2,779,307 3,796,564 4,699,435 Capital goods CO2e metric tons 18,442 83,228 184,637 Fuel-and energy-related activities (not included in Scope 1 or Scope 2) CO2e metric tons 84,938 82,068 75,894 Upstream transportation and distribution CO2e metric tons 25,541 22,650 40,727 Waste generated in operations CO2e metric tons 2,749 2,365 1,172 Business travel CO2e metric tons 37,678 24,770 19,385 Employee comm…","PDF full-document exact-series scan: the report page names a controlled GHG Protocol/PCAF fine standard in an accounting, reporting, methodology, or assurance context; this does not promote emissions values.",PDF 全文精确系列扫描：报告页在核算、报告、方法或鉴证语境中命名受控 GHG Protocol/PCAF 细分标准；该记录不提升排放数值。
P1,P1_demote_raw_explicit_to_contextual_review_no_strict_alias,no,,,r427_broadcom,BROADCOM,博通公司,427,ghg_scope3_standard,GHG Protocol Corporate Value Chain (Scope 3) Accounting and Reporting Standard,GHG Protocol 企业价值链（Scope 3）核算与报告标准,pdf_explicit_series_citation,broadcom-2024-corpresponsibility-final.pdf,2,"[1, 2, 3]","[61, 62]","rocurement. In 2024, USA Today named us one of America’s Climate Leaders, reflecting the commitments and values we hold throughout our company. We have made strides in calculating our GHG emissions inventory and have disclosed six additional categories of our Scope 3 GHG emissions in this Corporate Responsibility Report. We have now largely completed the integration of the VMware business and employees. Together, our integrated and extraordinarily talented global workforce continues to be the foundation of our success. As we build the world’s leading infrastructure technology company, we strive to support our cu…",PDF page backfill: mapped from the cited GHG Protocol evidence page plus adjacent page text; not promoted to direct-use emissions value.,PDF 页级回查：基于已引用的 GHG Protocol 证据页及相邻页文本映射；不提升为直接采信排放值。
P1,P1_demote_raw_explicit_to_contextual_review_no_strict_alias,no,,,r427_broadcom,BROADCOM,博通公司,427,ghg_scope3_standard,GHG Protocol Corporate Value Chain (Scope 3) Accounting and Reporting Standard,GHG Protocol 企业价值链（Scope 3）核算与报告标准,pdf_explicit_series_citation,broadcom-2024-corpresponsibility-final.pdf,61,[61],[61],"e 1 and 2 Emissions (location-based) 301,030 244,825 278,443 Total Scope 1 and 2 Emissions (market-based) 220,401 198,769 249,715 Total Scope 1 and 2 Emissions (market-based) per million dollars of revenue 4.3 tCO2e/$M 5.5 tCO2e/$M 7.5 tCO2e/$M Total Reported Scope 3 Emissions 2,410,880 1,847,962 27,177 Category 1: Purchased Goods and Services 2,181,575 1,678,073 Not calculated Category 2: Capital Goods 49,232 95,283 Not calculated Category 3: Fuel- and Energy-Related Activities 50,346 42,882 12,063 Category 4: Upstream Transportation and Distribution 34,392 Not calculated Not calculated Category 5: Waste Genera…","PDF full-document exact-series scan: the report page names a controlled GHG Protocol/PCAF fine standard in an accounting, reporting, methodology, or assurance context; this does not promote emissions values.",PDF 全文精确系列扫描：报告页在核算、报告、方法或鉴证语境中命名受控 GHG Protocol/PCAF 细分标准；该记录不提升排放数值。
P1,P1_demote_raw_explicit_to_contextual_review_no_strict_alias,no,,,r493_vibraenergia公司,Vibra Energia,Vibra Energia,493,ghg_brazilian_program,Brazilian GHG Protocol Program,巴西 GHG Protocol 项目/计划,pdf_explicit_series_citation,Relatório Integrado_Vibra_2024_PTBR.pdf,104,"[103, 104, 105]",,"de mitigação e adaptação, adotando uma abordagem robusta e estratégica para enfrentar os desafios climáticos. Transparência Priorizamos a transparência em nossas ações relacionadas às mudanças climáticas. Nossa participação no Registro Público de Emissões do Programa Brasileiro GHG Protocol, com a publicação anual do inventário de emissões de GEE, foi reconhecida com o selo ouro, dado à cobertura completa de nossas instalações e à verificação realizada por terceira parte. Além disso, respondemos ao questionário de mudanças climáticas do CDP, atingindo pontuação B, com manutenção ou melhora dos itens avaliados. R…",PDF page backfill: mapped from the cited GHG Protocol evidence page plus adjacent page text; not promoted to direct-use emissions value.,PDF 页级回查：基于已引用的 GHG Protocol 证据页及相邻页文本映射；不提升为直接采信排放值。
closed,already_accepted,yes,ghg_corporate_standard|ghg_scope3_standard,ghg_scope3_standard,r001_walmart,WALMART,沃尔玛,1,ghg_corporate_standard,GHG Protocol Corporate Accounting and Reporting Standard,GHG Protocol 企业核算与报告标准,pdf_explicit_series_citation,FY2025-Walmart-ESG-Report.pdf,7,[7],[7],"ent methodologies or data sources, and where applicable, those explanations are provided in the relevant sections of this report. Emissions Reporting Walmart Inc. calculates its GHG emissions footprint estimates in alignment with the Greenhouse Gas Protocol’s Corporate Accounting and Reporting Standard as well as the Corporate Value Chain (Scope 3) Accounting and Reporting Standard, collectively the “GHG Protocol.” Annually, Walmart engages with a third party to conduct assurance over its Scope 1 & 2 emissions calculations aligning with the ISO 14064-3 standard. See, 2024 Limited Assurance Statement. With guidan…","PDF full-document exact-series scan: the report page names a controlled GHG Protocol/PCAF fine standard in an accounting, reporting, methodology, or assurance context; this does not promote emissions values.",PDF 全文精确系列扫描：报告页在核算、报告、方法或鉴证语境中命名受控 GHG Protocol/PCAF 细分标准；该记录不提升排放数值。
closed,already_accepted,yes,ghg_corporate_standard|ghg_scope3_standard,ghg_corporate_standard,r001_walmart,WALMART,沃尔玛,1,ghg_scope3_standard,GHG Protocol Corporate Value Chain (Scope 3) Accounting and Reporting Standard,GHG Protocol 企业价值链（Scope 3）核算与报告标准,pdf_explicit_series_citation,FY2025-Walmart-ESG-Report.pdf,7,[7],[7],"ose explanations are provided in the relevant sections of this report. Emissions Reporting Walmart Inc. calculates its GHG emissions footprint estimates in alignment with the Greenhouse Gas Protocol’s Corporate Accounting and Reporting Standard as well as the Corporate Value Chain (Scope 3) Accounting and Reporting Standard, collectively the “GHG Protocol.” Annually, Walmart engages with a third party to conduct assurance over its Scope 1 & 2 emissions calculations aligning with the ISO 14064-3 standard. See, 2024 Limited Assurance Statement. With guidance provided by the GHG Protocol, Walmart uses a hybrid appr…","PDF full-document exact-series scan: the report page names a controlled GHG Protocol/PCAF fine standard in an accounting, reporting, methodology, or assurance context; this does not promote emissions values.",PDF 全文精确系列扫描：报告页在核算、报告、方法或鉴证语境中命名受控 GHG Protocol/PCAF 细分标准；该记录不提升排放数值。
closed,already_accepted,yes,,,r001_walmart,WALMART,沃尔玛,1,ghg_scope3_standard,GHG Protocol Corporate Value Chain (Scope 3) Accounting and Reporting Standard,GHG Protocol 企业价值链（Scope 3）核算与报告标准,pdf_explicit_series_citation,FY2025-Walmart-ESG-Report.pdf,34,[34],[34],"orted broad estimates of our Scope 3 emissions footprint since 2017, using evolving and increasingly more comprehensive methodologies over time. Since 2022, the Walmart global Scope 3 emissions footprint estimate has been aligned with the current GHG Protocol Corporate Value Chain (Scope 3) Standard. The metric represents a very broad, order-of-magnitude estimate, based on aggregate product category sales and publicly available emissions factors for the production and consumption of our assortment, including (based on the accounting protocol) the lifetime emissions of energy-using products based on the electrici…","PDF full-document exact-series scan: the report page names a controlled GHG Protocol/PCAF fine standard in an accounting, reporting, methodology, or assurance context; this does not promote emissions values.",PDF 全文精确系列扫描：报告页在核算、报告、方法或鉴证语境中命名受控 GHG Protocol/PCAF 细分标准；该记录不提升排放数值。
closed,already_accepted,yes,ghg_corporate_standard,,r008_unitedhealthgroup,UNITEDHEALTH GROUP,联合健康集团,8,ghg_corporate_standard,GHG Protocol Corporate Accounting and Reporting Standard,GHG Protocol 企业核算与报告标准,pdf_explicit_series_citation,UNITEDHEALTH GROUP—2024-sustainability-report.pdf,33,"[32, 33, 34]","[35, 80, 82]","ed in UnitedHealth Group’s Form 10-K. Healthy environment With the announcement of our new science-aligned climate targets, we have re-established all climate targets and recasted the following values with a 2023 base year. In accordance with the GHG Protocol Corporate Accounting and Reporting Standard, Scope 3 Standard and the Science Based Targets initiative’s Corporate Near-Term Criteria, these base year values will be subject to recalculation in subsequent reporting if significant changes occur to UnitedHealth Group’s operating structure or calculation methodologies. Energy (MWh)*1,2 2021 2022 2023 2024 Tota…",PDF page backfill: mapped from the cited GHG Protocol evidence page plus adjacent page text; not promoted to direct-use emissions value.,PDF 页级回查：基于已引用的 GHG Protocol 证据页及相邻页文本映射；不提升为直接采信排放值。
closed,already_accepted,yes,ghg_corporate_standard,,r008_unitedhealthgroup,UNITEDHEALTH GROUP,联合健康集团,8,ghg_corporate_standard,GHG Protocol Corporate Accounting and Reporting Standard,GHG Protocol 企业核算与报告标准,pdf_explicit_series_citation,UNITEDHEALTH GROUP—2024-sustainability-report.pdf,80,[80],[80],"ed in UnitedHealth Group’s Form 10-K. Healthy environment With the announcement of our new science-aligned climate targets, we have re-established all climate targets and recasted the following values with a 2023 base year. In accordance with the GHG Protocol Corporate Accounting and Reporting Standard, Scope 3 Standard and the Science Based Targets initiative’s Corporate Near-Term Criteria, these base year values will be subject to recalculation in subsequent reporting if significant changes occur to UnitedHealth Group’s operating structure or calculation methodologies. Energy (MWh)*1,2 2021 2022 2023 2024 Tota…","PDF full-document exact-series scan: the report page names a controlled GHG Protocol/PCAF fine standard in an accounting, reporting, methodology, or assurance context; this does not promote emissions values.",PDF 全文精确系列扫描：报告页在核算、报告、方法或鉴证语境中命名受控 GHG Protocol/PCAF 细分标准；该记录不提升排放数值。
closed,already_accepted,yes,ghg_financial_industry_standard,,r008_unitedhealthgroup,UNITEDHEALTH GROUP,联合健康集团,8,ghg_financial_industry_standard,Global GHG Accounting and Reporting Standard for the Financial Industry,金融行业全球温室气体核算与报告标准,pdf_explicit_series_citation,UNITEDHEALTH GROUP—2024-sustainability-report.pdf,33,"[32, 33, 34]","[35, 80, 82]","ent decisions not only supports our sustainability goals, but it also enhances returns by mitigating risks associated with climate change. We measure financed emissions that are derived from our investments that support our health insurance business using the Partnership for Carbon Accounting Financials framework. In 2024, we introduced science-aligned targets for reducing these emissions. These targets will guide our efforts in addressing this part of our carbon footprint, ultimately ensuring we achieve net zero across our value chain. In 2024, we made a $15 million investment in a climate-focused fund, the Ali…",PDF page backfill: mapped from the cited GHG Protocol evidence page plus adjacent page text; not promoted to direct-use emissions value.,PDF 页级回查：基于已引用的 GHG Protocol 证据页及相邻页文本映射；不提升为直接采信排放值。
closed,already_accepted,yes,ghg_financial_industry_standard,,r008_unitedhealthgroup,UNITEDHEALTH GROUP,联合健康集团,8,ghg_financial_industry_standard,Global GHG Accounting and Reporting Standard for the Financial Industry,金融行业全球温室气体核算与报告标准,pdf_explicit_series_citation,UNITEDHEALTH GROUP—2024-sustainability-report.pdf,35,[35],[35],"ent decisions not only supports our sustainability goals, but it also enhances returns by mitigating risks associated with climate change. We measure financed emissions that are derived from our investments that support our health insurance business using the Partnership for Carbon Accounting Financials framework. In 2024, we introduced science-aligned targets for reducing these emissions. These targets will guide our efforts in addressing this part of our carbon footprint, ultimately ensuring we achieve net zero across our value chain. In 2024, we made a $15 million investment in a climate-focused fund, the Ali…","PDF full-document exact-series scan: the report page names a controlled GHG Protocol/PCAF fine standard in an accounting, reporting, methodology, or assurance context; this does not promote emissions values.",PDF 全文精确系列扫描：报告页在核算、报告、方法或鉴证语境中命名受控 GHG Protocol/PCAF 细分标准；该记录不提升排放数值。
closed,already_accepted,yes,ghg_financial_industry_standard,,r008_unitedhealthgroup,UNITEDHEALTH GROUP,联合健康集团,8,ghg_financial_industry_standard,Global GHG Accounting and Reporting Standard for the Financial Industry,金融行业全球温室气体核算与报告标准,pdf_explicit_series_citation,UNITEDHEALTH GROUP—2024-sustainability-report.pdf,82,[82],[82],"ased employees, estimated using an average sedan. As of 2023, all values are updated to include full lifecycle/ well-to-wheel emissions. 8 Includes direct use-phase emissions primarily from products sold by UHG’s retail pharmacy operations. 9 In line with the Partnership for Carbon Accounting Financials (PCAF) standard, estimated emissions are composed of asset classes such as corporate bonds, loans, equities, and sovereign debt and asset emission calculations specified in PCAF. Reported asset classes covered 47% in 2024, 44% in 2023, and 39% in 2022 and 2021. 10 Please see UHG’s California Assembly Bill 1305 Di…","PDF full-document exact-series scan: the report page names a controlled GHG Protocol/PCAF fine standard in an accounting, reporting, methodology, or assurance context; this does not promote emissions values.",PDF 全文精确系列扫描：报告页在核算、报告、方法或鉴证语境中命名受控 GHG Protocol/PCAF 细分标准；该记录不提升排放数值。
closed,already_accepted,yes,ghg_corporate_standard|ghg_scope3_standard,ghg_scope3_standard,r010_cvshealth公司,CVS Health,CVS Health,10,ghg_corporate_standard,GHG Protocol Corporate Accounting and Reporting Standard,GHG Protocol 企业核算与报告标准,pdf_explicit_series_citation,CVS Health-2024-Impact-Report-Appendix.pdf,36,"[35, 36, 37]",[90],"ons were used, such as not including other capital costs relating to upfront investment of infrastructure and maintenance. • Greenhouse Gas Emissions: CVS Health calculates its greenhouse gas emissions footprint in alignment with the Greenhouse Gas Protocol’s Corporate Accounting and Reporting Standard as well as the Corporate Value Chain (Scope 3) Accounting and Reporting Standard. Scope 2 emissions are calculated using both a location-based and market-based approach, with an annual process in place for third-party reasonable assurance of Scope 1 and 2 emissions aligning with the ISO 14064-3 standard. With guid…",PDF page backfill: mapped from the cited GHG Protocol evidence page plus adjacent page text; not promoted to direct-use emissions value.,PDF 页级回查：基于已引用的 GHG Protocol 证据页及相邻页文本映射；不提升为直接采信排放值。
closed,already_accepted,yes,ghg_corporate_standard|ghg_scope3_standard,ghg_scope3_standard,r010_cvshealth公司,CVS Health,CVS Health,10,ghg_corporate_standard,GHG Protocol Corporate Accounting and Reporting Standard,GHG Protocol 企业核算与报告标准,pdf_explicit_series_citation,CVS Health-2024-Impact-Report-Appendix.pdf,90,[90],[90],"ons were used, such as not including other capital costs relating to upfront investment of infrastructure and maintenance. • Greenhouse Gas Emissions: CVS Health calculates its greenhouse gas emissions footprint in alignment with the Greenhouse Gas Protocol’s Corporate Accounting and Reporting Standard as well as the Corporate Value Chain (Scope 3) Accounting and Reporting Standard. Scope 2 emissions are calculated using both a location-based and market-based approach, with an annual process in place for third-party reasonable assurance of Scope 1 and 2 emissions aligning with the ISO 14064-3 standard. With guid…","PDF full-document exact-series scan: the report page names a controlled GHG Protocol/PCAF fine standard in an accounting, reporting, methodology, or assurance context; this does not promote emissions values.",PDF 全文精确系列扫描：报告页在核算、报告、方法或鉴证语境中命名受控 GHG Protocol/PCAF 细分标准；该记录不提升排放数值。
closed,already_accepted,yes,ghg_corporate_standard|ghg_scope3_standard,ghg_corporate_standard,r010_cvshealth公司,CVS Health,CVS Health,10,ghg_scope3_standard,GHG Protocol Corporate Value Chain (Scope 3) Accounting and Reporting Standard,GHG Protocol 企业价值链（Scope 3）核算与报告标准,pdf_explicit_series_citation,CVS Health-2024-Impact-Report-Appendix.pdf,36,"[35, 36, 37]",[90],"lating to upfront investment of infrastructure and maintenance. • Greenhouse Gas Emissions: CVS Health calculates its greenhouse gas emissions footprint in alignment with the Greenhouse Gas Protocol’s Corporate Accounting and Reporting Standard as well as the Corporate Value Chain (Scope 3) Accounting and Reporting Standard. Scope 2 emissions are calculated using both a location-based and market-based approach, with an annual process in place for third-party reasonable assurance of Scope 1 and 2 emissions aligning with the ISO 14064-3 standard. With guidance provided by the Corporate Value Chain (Scope 3) Accoun…",PDF page backfill: mapped from the cited GHG Protocol evidence page plus adjacent page text; not promoted to direct-use emissions value.,PDF 页级回查：基于已引用的 GHG Protocol 证据页及相邻页文本映射；不提升为直接采信排放值。
closed,already_accepted,yes,ghg_corporate_standard|ghg_scope3_standard,ghg_corporate_standard,r010_cvshealth公司,CVS Health,CVS Health,10,ghg_scope3_standard,GHG Protocol Corporate Value Chain (Scope 3) Accounting and Reporting Standard,GHG Protocol 企业价值链（Scope 3）核算与报告标准,pdf_explicit_series_citation,CVS Health-2024-Impact-Report-Appendix.pdf,90,[90],[90],"lating to upfront investment of infrastructure and maintenance. • Greenhouse Gas Emissions: CVS Health calculates its greenhouse gas emissions footprint in alignment with the Greenhouse Gas Protocol’s Corporate Accounting and Reporting Standard as well as the Corporate Value Chain (Scope 3) Accounting and Reporting Standard. Scope 2 emissions are calculated using both a location-based and market-based approach, with an annual process in place for third-party reasonable assurance of Scope 1 and 2 emissions aligning with the ISO 14064-3 standard. With guidance provided by the Corporate Value Chain (Scope 3) Accoun…","PDF full-document exact-series scan: the report page names a controlled GHG Protocol/PCAF fine standard in an accounting, reporting, methodology, or assurance context; this does not promote emissions values.",PDF 全文精确系列扫描：报告页在核算、报告、方法或鉴证语境中命名受控 GHG Protocol/PCAF 细分标准；该记录不提升排放数值。
closed,already_accepted,yes,ghg_corporate_standard,,r013_shell,SHELL,壳牌公司,13,ghg_corporate_standard,GHG Protocol Corporate Accounting and Reporting Standard,GHG Protocol 企业核算与报告标准,pdf_explicit_series_citation,shell-annual-report-2024.pdf,102,[102],[102],"Basis of preparation – absolute Scope 1, 2 and 3 emissions We follow the GHG Protocol's Corporate Accounting and Reporting Standard, which defines three scopes of GHG emissions: ￮Scope 1: direct GHG emissions from sources under Shell's operational control. ￮Scope 2: indirect GHG emissions from the generation of purchased energy consumed by Shell assets under operational control. ￮Scope 3: other indirect GHG emissions, including emissions associated with the use of energy products sold b","PDF full-document exact-series scan: the report page names a controlled GHG Protocol/PCAF fine standard in an accounting, reporting, methodology, or assurance context; this does not promote emissions values.",PDF 全文精确系列扫描：报告页在核算、报告、方法或鉴证语境中命名受控 GHG Protocol/PCAF 细分标准；该记录不提升排放数值。
closed,already_accepted,yes,ghg_corporate_standard,,r013_shell,SHELL,壳牌公司,13,ghg_corporate_standard,GHG Protocol Corporate Accounting and Reporting Standard,GHG Protocol 企业核算与报告标准,pdf_explicit_series_citation,shell-annual-report-2024.pdf,109,[109],[109],"nd its offshore area, calculated using GWP factors from the IPCC's Fifth Assessment Report. [C] Emissions from the purchase of electricity, heat, steam and cooling for our own use globally, calculated using a market-based method as defined by the GHG Protocol Corporate Accounting and Reporting Standard. [D] Emissions from the purchase of electricity, heat, steam and cooling for our own use globally, calculated using a location-based method as defined by the GHG Protocol Corporate Accounting and Reporting Standard. [E] In tonnes of total Scope 1 and Scope 2 gross emissions per tonne of crude oil and feedstocks pr…","PDF full-document exact-series scan: the report page names a controlled GHG Protocol/PCAF fine standard in an accounting, reporting, methodology, or assurance context; this does not promote emissions values.",PDF 全文精确系列扫描：报告页在核算、报告、方法或鉴证语境中命名受控 GHG Protocol/PCAF 细分标准；该记录不提升排放数值。
closed,already_accepted,yes,ghg_corporate_standard,,r013_shell,SHELL,壳牌公司,13,ghg_corporate_standard,GHG Protocol Corporate Accounting and Reporting Standard,GHG Protocol 企业核算与报告标准,pdf_explicit_series_citation,shell-annual-report-2024.pdf,344,[344],[344],"hat of the ""Consolidated Financial Statements"" on pages 241-312. The basis of consolidation specified by the ESRS varies per topic and is not consistent with Shell's historical reporting, which is informed by industry standards and the Greenhouse Gas Protocol Corporate Accounting and Reporting Standard. In line with industry practice, Shell has historically reported sustainability data using the operational control boundary, whereby data are reported on a 100% basis for assets under operational control. This approach reflects the prevalence of joint operations in the oil and gas sector and the common industry pr…","PDF full-document exact-series scan: the report page names a controlled GHG Protocol/PCAF fine standard in an accounting, reporting, methodology, or assurance context; this does not promote emissions values.",PDF 全文精确系列扫描：报告页在核算、报告、方法或鉴证语境中命名受控 GHG Protocol/PCAF 细分标准；该记录不提升排放数值。
closed,already_accepted,yes,ghg_scope2_guidance,,r013_shell,SHELL,壳牌公司,13,ghg_scope2_guidance,GHG Protocol Scope 2 Guidance,GHG Protocol Scope 2 指南,pdf_explicit_series_citation,shell-annual-report-2024.pdf,102,[102],[102],"and consumed electricity, steam and heat. We did not identify any assets with imported cooling or compressed air used for energy purposes. Scope 2 emissions are calculated using the market- and location-based methods separately as defined by the GHG Protocol Scope 2 Guidance. Scope 2 emissions are presented on a gross basis. Carbon credits Our target to halve total Scope 1 and 2 GHG emissions by 2030 has been set on a net basis, including emissions offset by carbon credits. In 2024, carbon credits were used for compliance with the requirements of the Australian Safeguard Mechanism, resulting in an offset of 0.1 …","PDF full-document exact-series scan: the report page names a controlled GHG Protocol/PCAF fine standard in an accounting, reporting, methodology, or assurance context; this does not promote emissions values.",PDF 全文精确系列扫描：报告页在核算、报告、方法或鉴证语境中命名受控 GHG Protocol/PCAF 细分标准；该记录不提升排放数值。
closed,already_accepted,yes,ghg_scope2_guidance,,r013_shell,SHELL,壳牌公司,13,ghg_scope2_guidance,GHG Protocol Scope 2 Guidance,GHG Protocol Scope 2 指南,pdf_explicit_series_citation,shell-annual-report-2024.pdf,376,[376],[376],"and consumed electricity, steam and heat. We did not identify any assets with imported cooling or compressed air used for energy purposes. Scope 2 emissions are calculated using the market- and location-based methods separately as defined by the GHG Protocol Scope 2 Guidance. Scope 2 emissions are presented on a gross basis. Basis of preparation – Scope 3 emissions See ""Basis of preparation – Scope 3 emissions"" on page 100 for the basis of preparation of the Scope 3 emissions we report on an equity basis. Contractual instruments used in relation to Scope 2 GHG emissions We consider energy to be derived from rene…","PDF full-document exact-series scan: the report page names a controlled GHG Protocol/PCAF fine standard in an accounting, reporting, methodology, or assurance context; this does not promote emissions values.",PDF 全文精确系列扫描：报告页在核算、报告、方法或鉴证语境中命名受控 GHG Protocol/PCAF 细分标准；该记录不提升排放数值。
closed,already_accepted,yes,,,r013_shell,SHELL,壳牌公司,13,ghg_scope3_standard,GHG Protocol Corporate Value Chain (Scope 3) Accounting and Reporting Standard,GHG Protocol 企业价值链（Scope 3）核算与报告标准,pdf_explicit_series_citation,shell-annual-report-2024.pdf,99,[99],[99],"related activities 117 112 115 89 Scope 3, Category 9: downstream transport and distribution [E, F] 3 3 3 — Scope 3, Category 11: use of sold products [G] 845 878 909 1,252 1,084 1,123 1,163 1,520 [A] Categorised using the definitions from the GHG Protocol's Corporate Value Chain (Scope 3) Standard. [B] Ipieca notes that due to the diversity of Scope 3 emissions, sources and the fact that these emissions occur outside the company's boundaries, the emissions estimates may be less accurate or may have a high uncertainty. [C] In 2024, the total of Scope 3 Categories 1,3,9 and 11 was revised for 2023 (from 1,147 mil…","PDF full-document exact-series scan: the report page names a controlled GHG Protocol/PCAF fine standard in an accounting, reporting, methodology, or assurance context; this does not promote emissions values.",PDF 全文精确系列扫描：报告页在核算、报告、方法或鉴证语境中命名受控 GHG Protocol/PCAF 细分标准；该记录不提升排放数值。
closed,already_accepted,yes,,,r013_shell,SHELL,壳牌公司,13,ghg_scope3_standard,GHG Protocol Corporate Value Chain (Scope 3) Accounting and Reporting Standard,GHG Protocol 企业价值链（Scope 3）核算与报告标准,pdf_explicit_series_citation,shell-annual-report-2024.pdf,102,[102],[102],"Standard, which defines three scopes of GHG emissions: ￮Scope 1: direct GHG emissions from sources under Shell's operational control. ￮Scope 2: indirect GHG emissions from the generation of purchased energy consumed by Shell assets under operational control. ￮Scope 3: other indirect GHG emissions, including emissions associated with the use of energy products sold by Shell. GHG emissions comprise CO2, methane, nitrous oxide, hydrofluorocarbons, perfluorocarbons, sulphur hexafluoride and nitrogen trifluoride, with CO2 and methane being the most significant contributors. Scope 1 and 2 emissions Our GHG inventory i…","PDF full-document exact-series scan: the report page names a controlled GHG Protocol/PCAF fine standard in an accounting, reporting, methodology, or assurance context; this does not promote emissions values.",PDF 全文精确系列扫描：报告页在核算、报告、方法或鉴证语境中命名受控 GHG Protocol/PCAF 细分标准；该记录不提升排放数值。
closed,already_accepted,yes,,,r013_shell,SHELL,壳牌公司,13,ghg_scope3_standard,GHG Protocol Corporate Value Chain (Scope 3) Accounting and Reporting Standard,GHG Protocol 企业价值链（Scope 3）核算与报告标准,pdf_explicit_series_citation,shell-annual-report-2024.pdf,344,[344],[344],"operations 100% 0% JVs and associates 100% 0% Financial control Subsidiaries 100% 100% Joint operations Shell share Shell share JVs and associates 0% 0% ESRS Subsidiaries 100% 100% Joint operations 100% Shell share JVs and associates 100% 0% [A] Shell reports Scope 3 emissions using an equity boundary. Under this approach, we report the Shell share of emissions from energy products sold, including those sourced from third parties. For the E1 Climate change standard, we report in 2024 against all required boundaries, as shown in the table ""Scope of Consolidation"" below. This includes the new ESRS boundary applied…","PDF full-document exact-series scan: the report page names a controlled GHG Protocol/PCAF fine standard in an accounting, reporting, methodology, or assurance context; this does not promote emissions values.",PDF 全文精确系列扫描：报告页在核算、报告、方法或鉴证语境中命名受控 GHG Protocol/PCAF 细分标准；该记录不提升排放数值。
closed,already_accepted,yes,ghg_corporate_standard,,r016_mckesson,MCKESSON,麦克森公司,16,ghg_corporate_standard,GHG Protocol Corporate Accounting and Reporting Standard,GHG Protocol 企业核算与报告标准,pdf_explicit_series_citation,McKesson Impact Report 2024.pdf,44,"[43, 44, 45]",[66],"ion of the Statements and for the selection of the criteria, which management believes provide objective bases for measuring and reporting. Management of McKesson asserts that the GHG disclosures are presented in accordance with the Greenhouse Gas Protocol: A Corporate Accounting and Reporting Standard (Revised Edition), published by the World Resources Institute/ World Business Council for Sustainable Development (the ‘GHG Protocol”). This document sets out the principles, boundaries, methodologies, and assumptions used by McKesson in the preparation and reporting of its Greenhouse Gas (GHG) emissions data. Org…",PDF page backfill: mapped from the cited GHG Protocol evidence page plus adjacent page text; not promoted to direct-use emissions value.,PDF 页级回查：基于已引用的 GHG Protocol 证据页及相邻页文本映射；不提升为直接采信排放值。
closed,already_accepted,yes,ghg_corporate_standard,,r016_mckesson,MCKESSON,麦克森公司,16,ghg_corporate_standard,GHG Protocol Corporate Accounting and Reporting Standard,GHG Protocol 企业核算与报告标准,pdf_explicit_series_citation,McKesson Impact Report 2024.pdf,66,[66],[66],"ion of the Statements and for the selection of the criteria, which management believes provide objective bases for measuring and reporting. Management of McKesson asserts that the GHG disclosures are presented in accordance with the Greenhouse Gas Protocol: A Corporate Accounting and Reporting Standard (Revised Edition), published by the World Resources Institute/ World Business Council for Sustainable Development (the ‘GHG Protocol”). This document sets out the principles, boundaries, methodologies, and assumptions used by McKesson in the preparation and reporting of its Greenhouse Gas (GHG) emissions data. Org…","PDF full-document exact-series scan: the report page names a controlled GHG Protocol/PCAF fine standard in an accounting, reporting, methodology, or assurance context; this does not promote emissions values.",PDF 全文精确系列扫描：报告页在核算、报告、方法或鉴证语境中命名受控 GHG Protocol/PCAF 细分标准；该记录不提升排放数值。
closed,already_accepted,yes,ghg_corporate_standard|ghg_scope2_guidance|ghg_scope3_calculation_guidance,ghg_scope2_guidance,r017_alphabet公司,Alphabet,Alphabet,17,ghg_corporate_standard,GHG Protocol Corporate Accounting and Reporting Standard,GHG Protocol 企业核算与报告标准,pdf_explicit_series_citation,google-2025-environmental-report.pdf,80,"[79, 80, 81]","[98, 112]","ons GHG emissions reporting standards GHG emissions are calculated according to the Greenhouse Gas Protocol standards and guidance developed by the World Resources Institute (WRI) and The World Business Council for Sustainable Development (WBCSD), including A Corporate Accounting and Reporting Standard (Revised Edition) and the WRI/WBCSD GHG Protocol Scope 2 Guidance (an amendment to the GHG Protocol Corporate Standard)(collectively, the “Corporate Standard”), as well as the Technical Guidance for Calculating Scope 3 Emissions (“Scope 3 Technical Guidance”), and the Corporate Value Chain (Scope 3) Accounting and…",PDF page backfill: mapped from the cited GHG Protocol evidence page plus adjacent page text; not promoted to direct-use emissions value.,PDF 页级回查：基于已引用的 GHG Protocol 证据页及相邻页文本映射；不提升为直接采信排放值。
closed,already_accepted,yes,ghg_corporate_standard|ghg_scope2_guidance|ghg_scope3_calculation_guidance,ghg_scope2_guidance,r017_alphabet公司,Alphabet,Alphabet,17,ghg_corporate_standard,GHG Protocol Corporate Accounting and Reporting Standard,GHG Protocol 企业核算与报告标准,pdf_explicit_series_citation,google-2025-environmental-report.pdf,98,[98],[98],"ons GHG emissions reporting standards GHG emissions are calculated according to the Greenhouse Gas Protocol standards and guidance developed by the World Resources Institute (WRI) and The World Business Council for Sustainable Development (WBCSD), including A Corporate Accounting and Reporting Standard (Revised Edition) and the WRI/WBCSD GHG Protocol Scope 2 Guidance (an amendment to the GHG Protocol Corporate Standard)(collectively, the “Corporate Standard”), as well as the Technical Guidance for Calculating Scope 3 Emissions (“Scope 3 Technical Guidance”), and the Corporate Value Chain (Scope 3) Accounting and…","PDF full-document exact-series scan: the report page names a controlled GHG Protocol/PCAF fine standard in an accounting, reporting, methodology, or assurance context; this does not promote emissions values.",PDF 全文精确系列扫描：报告页在核算、报告、方法或鉴证语境中命名受控 GHG Protocol/PCAF 细分标准；该记录不提升排放数值。
closed,already_accepted,yes,ghg_corporate_standard|ghg_scope2_guidance|ghg_scope3_calculation_guidance|ghg_scope3_standard,ghg_scope2_guidance|ghg_scope3_standard,r017_alphabet公司,Alphabet,Alphabet,17,ghg_corporate_standard,GHG Protocol Corporate Accounting and Reporting Standard,GHG Protocol 企业核算与报告标准,pdf_explicit_series_citation,google-2025-environmental-report.pdf,112,[112],[112],"eported Value Unit Criteria GREENHOUSE GAS (GHG) EMISSIONS Emissions Inventory Scope 1 73,100 Metric tons of carbon dioxide equivalent (tCO2e) World Resources Institute (WRI)/World Business Council for Sustainable Development’s (WBCSD): 1. The GHG Protocol: A Corporate Accounting and Reporting Standard as amended by the GHG Protocol Scope 2 Guidance (Corporate Standard) 2. Corporate Value Chain (Scope 3) Accounting and Reporting Standard (Scope 3 Standard) 3. Technical Guidance for Calculating Scope 3 Emissions (Scope 3 Technical Guidance) Collectively, these are referred to as the GHG Protocol. Biogenic emissio…","PDF full-document exact-series scan: the report page names a controlled GHG Protocol/PCAF fine standard in an accounting, reporting, methodology, or assurance context; this does not promote emissions values.",PDF 全文精确系列扫描：报告页在核算、报告、方法或鉴证语境中命名受控 GHG Protocol/PCAF 细分标准；该记录不提升排放数值。
closed,already_accepted,yes,ghg_corporate_standard|ghg_scope2_guidance|ghg_scope3_calculation_guidance|ghg_scope3_standard,,r017_alphabet公司,Alphabet,Alphabet,17,ghg_scope2_guidance,GHG Protocol Scope 2 Guidance,GHG Protocol Scope 2 指南,pdf_explicit_series_citation,google-2025-environmental-report.pdf,80,"[79, 80, 81]","[98, 112]","e Gas Protocol standards and guidance developed by the World Resources Institute (WRI) and The World Business Council for Sustainable Development (WBCSD), including A Corporate Accounting and Reporting Standard (Revised Edition) and the WRI/WBCSD GHG Protocol Scope 2 Guidance (an amendment to the GHG Protocol Corporate Standard)(collectively, the “Corporate Standard”), as well as the Technical Guidance for Calculating Scope 3 Emissions (“Scope 3 Technical Guidance”), and the Corporate Value Chain (Scope 3) Accounting and Reporting Standard (“Scope 3 Standard”)(collectively, “the Greenhouse Gas Protocol”). Our in…",PDF page backfill: mapped from the cited GHG Protocol evidence page plus adjacent page text; not promoted to direct-use emissions value.,PDF 页级回查：基于已引用的 GHG Protocol 证据页及相邻页文本映射；不提升为直接采信排放值。
closed,already_accepted,yes,ghg_corporate_standard|ghg_scope2_guidance|ghg_scope3_calculation_guidance|ghg_scope3_standard,,r017_alphabet公司,Alphabet,Alphabet,17,ghg_scope2_guidance,GHG Protocol Scope 2 Guidance,GHG Protocol Scope 2 指南,pdf_explicit_series_citation,google-2025-environmental-report.pdf,98,[98],[98],"e Gas Protocol standards and guidance developed by the World Resources Institute (WRI) and The World Business Council for Sustainable Development (WBCSD), including A Corporate Accounting and Reporting Standard (Revised Edition) and the WRI/WBCSD GHG Protocol Scope 2 Guidance (an amendment to the GHG Protocol Corporate Standard)(collectively, the “Corporate Standard”), as well as the Technical Guidance for Calculating Scope 3 Emissions (“Scope 3 Technical Guidance”), and the Corporate Value Chain (Scope 3) Accounting and Reporting Standard (“Scope 3 Standard”)(collectively, “the Greenhouse Gas Protocol”). Our in…","PDF full-document exact-series scan: the report page names a controlled GHG Protocol/PCAF fine standard in an accounting, reporting, methodology, or assurance context; this does not promote emissions values.",PDF 全文精确系列扫描：报告页在核算、报告、方法或鉴证语境中命名受控 GHG Protocol/PCAF 细分标准；该记录不提升排放数值。
closed,already_accepted,yes,ghg_corporate_standard|ghg_scope2_guidance|ghg_scope3_calculation_guidance|ghg_scope3_standard,,r017_alphabet公司,Alphabet,Alphabet,17,ghg_scope2_guidance,GHG Protocol Scope 2 Guidance,GHG Protocol Scope 2 指南,pdf_explicit_series_citation,google-2025-environmental-report.pdf,112,[112],[112],"ory Scope 1 73,100 Metric tons of carbon dioxide equivalent (tCO2e) World Resources Institute (WRI)/World Business Council for Sustainable Development’s (WBCSD): 1. The GHG Protocol: A Corporate Accounting and Reporting Standard as amended by the GHG Protocol Scope 2 Guidance (Corporate Standard) 2. Corporate Value Chain (Scope 3) Accounting and Reporting Standard (Scope 3 Standard) 3. Technical Guidance for Calculating Scope 3 Emissions (Scope 3 Technical Guidance) Collectively, these are referred to as the GHG Protocol. Biogenic emissions 17,200 Metric tons of carbon dioxide (tCO2) Scope 2 location-based 11,28…","PDF full-document exact-series scan: the report page names a controlled GHG Protocol/PCAF fine standard in an accounting, reporting, methodology, or assurance context; this does not promote emissions values.",PDF 全文精确系列扫描：报告页在核算、报告、方法或鉴证语境中命名受控 GHG Protocol/PCAF 细分标准；该记录不提升排放数值。
closed,already_accepted,yes,ghg_corporate_standard|ghg_scope2_guidance|ghg_scope3_calculation_guidance|ghg_scope3_standard,ghg_scope2_guidance|ghg_scope3_standard,r017_alphabet公司,Alphabet,Alphabet,17,ghg_scope3_calculation_guidance,GHG Protocol Scope 3 Calculation Guidance,GHG Protocol Scope 3 计算指南,pdf_explicit_series_citation,google-2025-environmental-report.pdf,80,"[79, 80, 81]","[98, 112]","inable Development (WBCSD), including A Corporate Accounting and Reporting Standard (Revised Edition) and the WRI/WBCSD GHG Protocol Scope 2 Guidance (an amendment to the GHG Protocol Corporate Standard)(collectively, the “Corporate Standard”), as well as the Technical Guidance for Calculating Scope 3 Emissions (“Scope 3 Technical Guidance”), and the Corporate Value Chain (Scope 3) Accounting and Reporting Standard (“Scope 3 Standard”)(collectively, “the Greenhouse Gas Protocol”). Our inventory We use the operational control approach to define our organizational boundary, which means that we account for all emis…",PDF page backfill: mapped from the cited GHG Protocol evidence page plus adjacent page text; not promoted to direct-use emissions value.,PDF 页级回查：基于已引用的 GHG Protocol 证据页及相邻页文本映射；不提升为直接采信排放值。
closed,already_accepted,yes,ghg_corporate_standard|ghg_scope2_guidance|ghg_scope3_calculation_guidance|ghg_scope3_standard,ghg_scope2_guidance|ghg_scope3_standard,r017_alphabet公司,Alphabet,Alphabet,17,ghg_scope3_calculation_guidance,GHG Protocol Scope 3 Calculation Guidance,GHG Protocol Scope 3 计算指南,pdf_explicit_series_citation,google-2025-environmental-report.pdf,98,[98],[98],"inable Development (WBCSD), including A Corporate Accounting and Reporting Standard (Revised Edition) and the WRI/WBCSD GHG Protocol Scope 2 Guidance (an amendment to the GHG Protocol Corporate Standard)(collectively, the “Corporate Standard”), as well as the Technical Guidance for Calculating Scope 3 Emissions (“Scope 3 Technical Guidance”), and the Corporate Value Chain (Scope 3) Accounting and Reporting Standard (“Scope 3 Standard”)(collectively, “the Greenhouse Gas Protocol”). Our inventory We use the operational control approach to define our organizational boundary, which means that we account for all emis…","PDF full-document exact-series scan: the report page names a controlled GHG Protocol/PCAF fine standard in an accounting, reporting, methodology, or assurance context; this does not promote emissions values.",PDF 全文精确系列扫描：报告页在核算、报告、方法或鉴证语境中命名受控 GHG Protocol/PCAF 细分标准；该记录不提升排放数值。
closed,already_accepted,yes,ghg_scope3_calculation_guidance|ghg_scope3_standard,ghg_scope3_standard,r017_alphabet公司,Alphabet,Alphabet,17,ghg_scope3_calculation_guidance,GHG Protocol Scope 3 Calculation Guidance,GHG Protocol Scope 3 计算指南,pdf_explicit_series_citation,google-2025-environmental-report.pdf,112,[112],[112],"y. Furthermore, Scope 3 emissions are calculated based on a significant number of estimations and management assumptions due to the inherent nature of the Greenhouse Gas Protocol Corporate Value Chain (Scope 3) Accounting and Reporting Standard as well as the Technical Guidance for Calculating Scope 3 Emissions criteria. The information included in the Company’s annual Environmental Report and submission to the CDP, formerly known as the Carbon Disclosure Project, other than the Subject Matter, has not been subjected to the procedures applied in our review and, accordingly, we express no conclusion on it. Based …","PDF full-document exact-series scan: the report page names a controlled GHG Protocol/PCAF fine standard in an accounting, reporting, methodology, or assurance context; this does not promote emissions values.",PDF 全文精确系列扫描：报告页在核算、报告、方法或鉴证语境中命名受控 GHG Protocol/PCAF 细分标准；该记录不提升排放数值。
closed,already_accepted,yes,ghg_scope2_guidance|ghg_scope3_calculation_guidance|ghg_scope3_standard,ghg_scope2_guidance|ghg_scope3_calculation_guidance,r017_alphabet公司,Alphabet,Alphabet,17,ghg_scope3_standard,GHG Protocol Corporate Value Chain (Scope 3) Accounting and Reporting Standard,GHG Protocol 企业价值链（Scope 3）核算与报告标准,pdf_explicit_series_citation,google-2025-environmental-report.pdf,80,"[79, 80, 81]","[98, 112]","Edition) and the WRI/WBCSD GHG Protocol Scope 2 Guidance (an amendment to the GHG Protocol Corporate Standard)(collectively, the “Corporate Standard”), as well as the Technical Guidance for Calculating Scope 3 Emissions (“Scope 3 Technical Guidance”), and the Corporate Value Chain (Scope 3) Accounting and Reporting Standard (“Scope 3 Standard”)(collectively, “the Greenhouse Gas Protocol”). Our inventory We use the operational control approach to define our organizational boundary, which means that we account for all emissions from operations over which we have control. The Greenhouse Gas Protocol defines operati…",PDF page backfill: mapped from the cited GHG Protocol evidence page plus adjacent page text; not promoted to direct-use emissions value.,PDF 页级回查：基于已引用的 GHG Protocol 证据页及相邻页文本映射；不提升为直接采信排放值。
closed,already_accepted,yes,ghg_scope2_guidance|ghg_scope3_calculation_guidance|ghg_scope3_standard,ghg_scope2_guidance|ghg_scope3_calculation_guidance,r017_alphabet公司,Alphabet,Alphabet,17,ghg_scope3_standard,GHG Protocol Corporate Value Chain (Scope 3) Accounting and Reporting Standard,GHG Protocol 企业价值链（Scope 3）核算与报告标准,pdf_explicit_series_citation,google-2025-environmental-report.pdf,98,[98],[98],"Edition) and the WRI/WBCSD GHG Protocol Scope 2 Guidance (an amendment to the GHG Protocol Corporate Standard)(collectively, the “Corporate Standard”), as well as the Technical Guidance for Calculating Scope 3 Emissions (“Scope 3 Technical Guidance”), and the Corporate Value Chain (Scope 3) Accounting and Reporting Standard (“Scope 3 Standard”)(collectively, “the Greenhouse Gas Protocol”). Our inventory We use the operational control approach to define our organizational boundary, which means that we account for all emissions from operations over which we have control. The Greenhouse Gas Protocol defines operati…","PDF full-document exact-series scan: the report page names a controlled GHG Protocol/PCAF fine standard in an accounting, reporting, methodology, or assurance context; this does not promote emissions values.",PDF 全文精确系列扫描：报告页在核算、报告、方法或鉴证语境中命名受控 GHG Protocol/PCAF 细分标准；该记录不提升排放数值。
closed,already_accepted,yes,ghg_scope3_calculation_guidance|ghg_scope3_standard,ghg_scope3_calculation_guidance,r017_alphabet公司,Alphabet,Alphabet,17,ghg_scope3_standard,GHG Protocol Corporate Value Chain (Scope 3) Accounting and Reporting Standard,GHG Protocol 企业价值链（Scope 3）核算与报告标准,pdf_explicit_series_citation,google-2025-environmental-report.pdf,112,[112],[112],"rent measurements. The precision of different measurement techniques may also vary. Furthermore, Scope 3 emissions are calculated based on a significant number of estimations and management assumptions due to the inherent nature of the Greenhouse Gas Protocol Corporate Value Chain (Scope 3) Accounting and Reporting Standard as well as the Technical Guidance for Calculating Scope 3 Emissions criteria. The information included in the Company’s annual Environmental Report and submission to the CDP, formerly known as the Carbon Disclosure Project, other than the Subject Matter, has not been subjected to the procedur…","PDF full-document exact-series scan: the report page names a controlled GHG Protocol/PCAF fine standard in an accounting, reporting, methodology, or assurance context; this does not promote emissions values.",PDF 全文精确系列扫描：报告页在核算、报告、方法或鉴证语境中命名受控 GHG Protocol/PCAF 细分标准；该记录不提升排放数值。
closed,already_accepted,yes,ghg_financial_industry_standard,,r021_jpmorganchase,JPMORGAN CHASE,摩根大通公司,21,ghg_financial_industry_standard,Global GHG Accounting and Reporting Standard for the Financial Industry,金融行业全球温室气体核算与报告标准,pdf_explicit_series_citation,JPMORGAN CHASE-Climate-Report-2024.pdf,25,[25],[25],"to monitor evolving best practices on absolute financed and facilitated emissions measurement to inform our methodology. While we believe that our approach correlates with real-world emissions performance, we also disclose a version of this metric aligned to PCAF within the appendix section of this report (refer to pages 32–33). For more information on our approach, refer to the “Absolute Financed Emissions” section in our Carbon Compass® methodology. SECTOR SCOPE(S) INCLUDED ABSOLUTE FINANCED AND FACILITATED EMISSIONS (million tCO2e) ECONOMIC INTENSITY (per US$1 million of lending/capital markets) DATA QUALITY …","PDF full-document exact-series scan: the report page names a controlled GHG Protocol/PCAF fine standard in an accounting, reporting, methodology, or assurance context; this does not promote emissions values.",PDF 全文精确系列扫描：报告页在核算、报告、方法或鉴证语境中命名受控 GHG Protocol/PCAF 细分标准；该记录不提升排放数值。
closed,already_accepted,yes,ghg_scope3_calculation_guidance|ghg_scope3_standard,ghg_scope3_standard,r023_totalenergies,TOTALENERGIES,道达尔能源公司,23,ghg_scope3_calculation_guidance,GHG Protocol Scope 3 Calculation Guidance,GHG Protocol Scope 3 计算指南,pdf_explicit_series_citation,totalenergies_sustainability-climate-2025-progress-report_2025_en.pdf,18,"[17, 18, 19]",[117],"production (higher than gas sales, either as LNG or as direct sales to B2B/B2C customers). A stoichiometric emission factor (oxidation of molecules to carbon dioxide) is applied to these sales or production to obtain an emission volume. In accordance with the Technical Guidance for Calculating Scope 3 Emissions Supplement to the Corporate Value Chain (Scope 3) Accounting and Reporting Standard which defines end users as both consumers and business customers that use final products, and with IPIECA’s Estimating petroleum industry value chain (Scope 3) greenhouse gas emissions guidelines, under which reporting of …",PDF page backfill: mapped from the cited GHG Protocol evidence page plus adjacent page text; not promoted to direct-use emissions value.,PDF 页级回查：基于已引用的 GHG Protocol 证据页及相邻页文本映射；不提升为直接采信排放值。
closed,already_accepted,yes,ghg_scope3_calculation_guidance|ghg_scope3_standard,ghg_scope3_standard,r023_totalenergies,TOTALENERGIES,道达尔能源公司,23,ghg_scope3_calculation_guidance,GHG Protocol Scope 3 Calculation Guidance,GHG Protocol Scope 3 计算指南,pdf_explicit_series_citation,totalenergies_sustainability-climate-2025-progress-report_2025_en.pdf,117,[117],[117],"production (higher than gas sales, either as LNG or as direct sales to B2B/B2C customers). A stoichiometric emission factor (oxidation of molecules to carbon dioxide) is applied to these sales or production to obtain an emission volume. In accordance with the Technical Guidance for Calculating Scope 3 Emissions Supplement to the Corporate Value Chain (Scope 3) Accounting and Reporting Standard which defines end users as both consumers and business customers that use final products, and with IPIECA’s Estimating petroleum industry value chain (Scope 3) greenhouse gas emissions guidelines, under which reporting of …","PDF full-document exact-series scan: the report page names a controlled GHG Protocol/PCAF fine standard in an accounting, reporting, methodology, or assurance context; this does not promote emissions values.",PDF 全文精确系列扫描：报告页在核算、报告、方法或鉴证语境中命名受控 GHG Protocol/PCAF 细分标准；该记录不提升排放数值。
closed,already_accepted,yes,ghg_scope3_standard,,r023_totalenergies,TOTALENERGIES,道达尔能源公司,23,ghg_scope3_standard,GHG Protocol Corporate Value Chain (Scope 3) Accounting and Reporting Standard,GHG Protocol 企业价值链（Scope 3）核算与报告标准,pdf_explicit_series_citation,totalenergies_sustainability-climate-2025-progress-report_2025_en.pdf,18,"[17, 18, 19]",[117],"indirect GHG emissions related to the direct use-phase emissions of sold products over their expected lifetime (i.e., the Scope 1 and Scope 2 emissions of end users that occur from the combustion of fuels) in accordance with the definition of the GHG Protocol Corporate Value Chain (Scope 3) Accounting and Reporting Standard Supplement. The Company follows the Oil & Gas industry reporting guidelines published by IPIECA, which comply with the GHG Protocol methodologies. In order to avoid double counting, this methodology accounts for the largest volume in the oil and gas value chains, i.e. the higher of the two pr…",PDF page backfill: mapped from the cited GHG Protocol evidence page plus adjacent page text; not promoted to direct-use emissions value.,PDF 页级回查：基于已引用的 GHG Protocol 证据页及相邻页文本映射；不提升为直接采信排放值。
closed,already_accepted,yes,ghg_scope3_standard,,r023_totalenergies,TOTALENERGIES,道达尔能源公司,23,ghg_scope3_standard,GHG Protocol Corporate Value Chain (Scope 3) Accounting and Reporting Standard,GHG Protocol 企业价值链（Scope 3）核算与报告标准,pdf_explicit_series_citation,totalenergies_sustainability-climate-2025-progress-report_2025_en.pdf,117,[117],[117],"indirect GHG emissions related to the direct use-phase emissions of sold products over their expected lifetime (i.e., the Scope 1 and Scope 2 emissions of end users that occur from the combustion of fuels) in accordance with the definition of the GHG Protocol Corporate Value Chain (Scope 3) Accounting and Reporting Standard Supplement. The Company follows the Oil & Gas industry reporting guidelines published by IPIECA, which comply with the GHG Protocol methodologies. In order to avoid double counting, this methodology accounts for the largest volume in the oil and gas value chains, i.e. the higher of the two pr…","PDF full-document exact-series scan: the report page names a controlled GHG Protocol/PCAF fine standard in an accounting, reporting, methodology, or assurance context; this does not promote emissions values.",PDF 全文精确系列扫描：报告页在核算、报告、方法或鉴证语境中命名受控 GHG Protocol/PCAF 细分标准；该记录不提升排放数值。
closed,already_accepted,yes,ghg_corporate_standard,,r027_cardinalhealth,CARDINAL HEALTH,嘉德诺健康集团,27,ghg_corporate_standard,GHG Protocol Corporate Accounting and Reporting Standard,GHG Protocol 企业核算与报告标准,pdf_explicit_series_citation,cardinal-health-fy24-ESG-report.pdf,54,"[53, 54, 55]","[80, 103, 104]","05 – Emissions 2016 GRI 305-1 Direct (Scope 1) GHG emissions 160,150 mtCO2e Scope 1 GHG emissions were measured in accordance with the World Resources Institute (WRI)/World Business Council for Sustainable Development’s (WBCSD), The Greenhouse Gas Protocol: A Corporate Accounting and Reporting Standard (GHG Protocol). Cardinal Health selected an organizational boundary based on operational control and direct emissions sources include stationary and mobile combustion. Fuel sources included in Cardinal Health’s calculation of Scope 1 GHG emissions include natural gas, gasoline, diesel, jet fuel, liquified petroleu…",PDF page backfill: mapped from the cited GHG Protocol evidence page plus adjacent page text; not promoted to direct-use emissions value.,PDF 页级回查：基于已引用的 GHG Protocol 证据页及相邻页文本映射；不提升为直接采信排放值。
closed,already_accepted,yes,ghg_corporate_standard,,r027_cardinalhealth,CARDINAL HEALTH,嘉德诺健康集团,27,ghg_corporate_standard,GHG Protocol Corporate Accounting and Reporting Standard,GHG Protocol 企业核算与报告标准,pdf_explicit_series_citation,cardinal-health-fy24-ESG-report.pdf,80,[80],[80],"05 – Emissions 2016 GRI 305-1 Direct (Scope 1) GHG emissions 160,150 mtCO2e Scope 1 GHG emissions were measured in accordance with the World Resources Institute (WRI)/World Business Council for Sustainable Development’s (WBCSD), The Greenhouse Gas Protocol: A Corporate Accounting and Reporting Standard (GHG Protocol). Cardinal Health selected an organizational boundary based on operational control and direct emissions sources include stationary and mobile combustion. Fuel sources included in Cardinal Health’s calculation of Scope 1 GHG emissions include natural gas, gasoline, diesel, jet fuel, liquified petroleu…","PDF full-document exact-series scan: the report page names a controlled GHG Protocol/PCAF fine standard in an accounting, reporting, methodology, or assurance context; this does not promote emissions values.",PDF 全文精确系列扫描：报告页在核算、报告、方法或鉴证语境中命名受控 GHG Protocol/PCAF 细分标准；该记录不提升排放数值。
closed,already_accepted,yes,ghg_corporate_standard,,r027_cardinalhealth,CARDINAL HEALTH,嘉德诺健康集团,27,ghg_corporate_standard,GHG Protocol Corporate Accounting and Reporting Standard,GHG Protocol 企业核算与报告标准,pdf_explicit_series_citation,cardinal-health-fy24-ESG-report.pdf,103,[103],[103],"ns, and the related risks Cardinal Health measures our Scope 1 and 2 GHG emissions using the market-based method in accordance with the World Resources Institute (WRI)/World Business Council for Sustainable Development's (WBCSD) The Greenhouse Gas Protocol: A Corporate Accounting and Reporting Standard (GHG Protocol). We also measure our Scope 3 GHG emissions across the categories that the ESG team at Cardinal Health determined to be relevant in accordance with the WRI/WBCSD’s Greenhouse Gas Protocol. We receive limited assurance on Scopes 1, 2 and 3 annually from an independent third party. Please see our fisca…","PDF full-document exact-series scan: the report page names a controlled GHG Protocol/PCAF fine standard in an accounting, reporting, methodology, or assurance context; this does not promote emissions values.",PDF 全文精确系列扫描：报告页在核算、报告、方法或鉴证语境中命名受控 GHG Protocol/PCAF 细分标准；该记录不提升排放数值。
closed,already_accepted,yes,ghg_corporate_standard|ghg_scope2_guidance|ghg_scope3_standard,ghg_scope2_guidance|ghg_scope3_standard,r027_cardinalhealth,CARDINAL HEALTH,嘉德诺健康集团,27,ghg_corporate_standard,GHG Protocol Corporate Accounting and Reporting Standard,GHG Protocol 企业核算与报告标准,pdf_explicit_series_citation,cardinal-health-fy24-ESG-report.pdf,104,[104],[104],"ompany’s Scope 1, Scope 2, and relevant categories of Scope 3 GHG emissions in accordance with the following guidance and standards: • World Resources Institute (WRI)/World Business Council for Sustainable Development’s (WBCSD), The Greenhouse Gas Protocol: A Corporate Accounting and Reporting Standard (GHG Protocol) • WRI WBCSD GHG Protocol Scope 2 Guidance • WRI WBCSD GHG Protocol Corporate Value Chain (Scope 3) Accounting and Reporting Standard For Scope 1 and Scope 2 location- and market-based GHG emissions, Cardinal Health selected an organizational boundary based on operational control. Therefore, only ass…","PDF full-document exact-series scan: the report page names a controlled GHG Protocol/PCAF fine standard in an accounting, reporting, methodology, or assurance context; this does not promote emissions values.",PDF 全文精确系列扫描：报告页在核算、报告、方法或鉴证语境中命名受控 GHG Protocol/PCAF 细分标准；该记录不提升排放数值。
closed,already_accepted,yes,ghg_corporate_standard|ghg_scope2_guidance|ghg_scope3_standard,ghg_corporate_standard|ghg_scope3_standard,r027_cardinalhealth,CARDINAL HEALTH,嘉德诺健康集团,27,ghg_scope2_guidance,GHG Protocol Scope 2 Guidance,GHG Protocol Scope 2 指南,pdf_explicit_series_citation,cardinal-health-fy24-ESG-report.pdf,54,"[53, 54, 55]","[80, 103, 104]","dance with the following guidance and standards: • World Resources Institute (WRI)/World Business Council for Sustainable Development’s (WBCSD), The Greenhouse Gas Protocol: A Corporate Accounting and Reporting Standard (GHG Protocol) • WRI WBCSD GHG Protocol Scope 2 Guidance • WRI WBCSD GHG Protocol Corporate Value Chain (Scope 3) Accounting and Reporting Standard For Scope 1 and Scope 2 location- and market-based GHG emissions, Cardinal Health selected an organizational boundary based on operational control. Therefore, only assets or facilities where our business operates and has the ability to directly influe…",PDF page backfill: mapped from the cited GHG Protocol evidence page plus adjacent page text; not promoted to direct-use emissions value.,PDF 页级回查：基于已引用的 GHG Protocol 证据页及相邻页文本映射；不提升为直接采信排放值。
closed,already_accepted,yes,ghg_corporate_standard|ghg_scope2_guidance|ghg_scope3_standard,ghg_corporate_standard|ghg_scope3_standard,r027_cardinalhealth,CARDINAL HEALTH,嘉德诺健康集团,27,ghg_scope2_guidance,GHG Protocol Scope 2 Guidance,GHG Protocol Scope 2 指南,pdf_explicit_series_citation,cardinal-health-fy24-ESG-report.pdf,104,[104],[104],"dance with the following guidance and standards: • World Resources Institute (WRI)/World Business Council for Sustainable Development’s (WBCSD), The Greenhouse Gas Protocol: A Corporate Accounting and Reporting Standard (GHG Protocol) • WRI WBCSD GHG Protocol Scope 2 Guidance • WRI WBCSD GHG Protocol Corporate Value Chain (Scope 3) Accounting and Reporting Standard For Scope 1 and Scope 2 location- and market-based GHG emissions, Cardinal Health selected an organizational boundary based on operational control. Therefore, only assets or facilities where our business operates and has the ability to directly influe…","PDF full-document exact-series scan: the report page names a controlled GHG Protocol/PCAF fine standard in an accounting, reporting, methodology, or assurance context; this does not promote emissions values.",PDF 全文精确系列扫描：报告页在核算、报告、方法或鉴证语境中命名受控 GHG Protocol/PCAF 细分标准；该记录不提升排放数值。
closed,already_accepted,yes,ghg_scope3_calculation_guidance,,r027_cardinalhealth,CARDINAL HEALTH,嘉德诺健康集团,27,ghg_scope3_calculation_guidance,GHG Protocol Scope 3 Calculation Guidance,GHG Protocol Scope 3 计算指南,pdf_explicit_series_citation,cardinal-health-fy24-ESG-report.pdf,105,[105],[105],"Chain Greenhouse Gas Emission Factors v1.3 by NAICS-6 Fuel- and energy- related activities Emissions from fuel- and energy- related activities were calculated by fuel and energy type, by country, following the guidance set forth by the Greenhouse Gas Protocol Technical Guidance for Calculating Scope 3 Emissions Chapter 3 utilizing the average-data method requiring the quantities and types of fuel consumed and estimating emissions by using secondary (e.g., industry average) emissions factors. 2023 IEA Life Cycle Upstream Emissions Factors (Pilot Edition) DEFRA UK Government GHG Conversion Factors for Company Repo…","PDF full-document exact-series scan: the report page names a controlled GHG Protocol/PCAF fine standard in an accounting, reporting, methodology, or assurance context; this does not promote emissions values.",PDF 全文精确系列扫描：报告页在核算、报告、方法或鉴证语境中命名受控 GHG Protocol/PCAF 细分标准；该记录不提升排放数值。
closed,already_accepted,yes,ghg_corporate_standard|ghg_scope2_guidance|ghg_scope3_standard,ghg_corporate_standard|ghg_scope2_guidance,r027_cardinalhealth,CARDINAL HEALTH,嘉德诺健康集团,27,ghg_scope3_standard,GHG Protocol Corporate Value Chain (Scope 3) Accounting and Reporting Standard,GHG Protocol 企业价值链（Scope 3）核算与报告标准,pdf_explicit_series_citation,cardinal-health-fy24-ESG-report.pdf,54,"[53, 54, 55]","[80, 103, 104]","dards: • World Resources Institute (WRI)/World Business Council for Sustainable Development’s (WBCSD), The Greenhouse Gas Protocol: A Corporate Accounting and Reporting Standard (GHG Protocol) • WRI WBCSD GHG Protocol Scope 2 Guidance • WRI WBCSD GHG Protocol Corporate Value Chain (Scope 3) Accounting and Reporting Standard For Scope 1 and Scope 2 location- and market-based GHG emissions, Cardinal Health selected an organizational boundary based on operational control. Therefore, only assets or facilities where our business operates and has the ability to directly influence emissions-generating activities are in…",PDF page backfill: mapped from the cited GHG Protocol evidence page plus adjacent page text; not promoted to direct-use emissions value.,PDF 页级回查：基于已引用的 GHG Protocol 证据页及相邻页文本映射；不提升为直接采信排放值。
closed,already_accepted,yes,ghg_corporate_standard,ghg_corporate_standard,r027_cardinalhealth,CARDINAL HEALTH,嘉德诺健康集团,27,ghg_scope3_standard,GHG Protocol Corporate Value Chain (Scope 3) Accounting and Reporting Standard,GHG Protocol 企业价值链（Scope 3）核算与报告标准,pdf_explicit_series_citation,cardinal-health-fy24-ESG-report.pdf,103,[103],[103],"Recommended Disclosure Disclosure Metrics & Targets (continued) Disclose Scope 1, Scope 2, and, if appropriate, Scope 3 GHG emissions, and the related risks Cardinal Health measures our Scope 1 and 2 GHG emissions using the market-based method in accordance with the World Resources Institute (WRI)/World Business Council for Sustainable Development's (WBCSD) The Greenhouse Gas Protocol: A Corporate Accounting and Reporting Standard (GHG Protocol). We also measure our Scope 3 GHG emissions across the categories that the ESG team at Cardinal Health determined to be relevant in accordance with the WRI/WBCSD’s Greenh…","PDF full-document exact-series scan: the report page names a controlled GHG Protocol/PCAF fine standard in an accounting, reporting, methodology, or assurance context; this does not promote emissions values.",PDF 全文精确系列扫描：报告页在核算、报告、方法或鉴证语境中命名受控 GHG Protocol/PCAF 细分标准；该记录不提升排放数值。
closed,already_accepted,yes,ghg_corporate_standard|ghg_scope2_guidance|ghg_scope3_standard,ghg_corporate_standard|ghg_scope2_guidance,r027_cardinalhealth,CARDINAL HEALTH,嘉德诺健康集团,27,ghg_scope3_standard,GHG Protocol Corporate Value Chain (Scope 3) Accounting and Reporting Standard,GHG Protocol 企业价值链（Scope 3）核算与报告标准,pdf_explicit_series_citation,cardinal-health-fy24-ESG-report.pdf,104,[104],[104],"dards: • World Resources Institute (WRI)/World Business Council for Sustainable Development’s (WBCSD), The Greenhouse Gas Protocol: A Corporate Accounting and Reporting Standard (GHG Protocol) • WRI WBCSD GHG Protocol Scope 2 Guidance • WRI WBCSD GHG Protocol Corporate Value Chain (Scope 3) Accounting and Reporting Standard For Scope 1 and Scope 2 location- and market-based GHG emissions, Cardinal Health selected an organizational boundary based on operational control. Therefore, only assets or facilities where our business operates and has the ability to directly influence emissions-generating activities are in…","PDF full-document exact-series scan: the report page names a controlled GHG Protocol/PCAF fine standard in an accounting, reporting, methodology, or assurance context; this does not promote emissions values.",PDF 全文精确系列扫描：报告页在核算、报告、方法或鉴证语境中命名受控 GHG Protocol/PCAF 细分标准；该记录不提升排放数值。
closed,already_accepted,yes,ghg_scope3_standard,,r027_cardinalhealth,CARDINAL HEALTH,嘉德诺健康集团,27,ghg_scope3_standard,GHG Protocol Corporate Value Chain (Scope 3) Accounting and Reporting Standard,GHG Protocol 企业价值链（Scope 3）核算与报告标准,pdf_explicit_series_citation,cardinal-health-fy24-ESG-report.pdf,105,[105],[105],"th pays for the transportation and distribution of goods to the retailer, we include emissions related to this business activity within Category 4: Upstream Transportation and Distribution, which aligns with the guidance provided by the WRI WBCSD GHG Protocol Corporate Value Chain (Scope 3) Accounting and Reporting Standard. • Category 10 – Processing of Sold Product – Cardinal Health does not manufacture intermediate goods that require additional processing following sale to customers. • Category 14 – Franchises – Cardinal Health does not operate as a franchisor or franchisee. The following table contains detai…","PDF full-document exact-series scan: the report page names a controlled GHG Protocol/PCAF fine standard in an accounting, reporting, methodology, or assurance context; this does not promote emissions values.",PDF 全文精确系列扫描：报告页在核算、报告、方法或鉴证语境中命名受控 GHG Protocol/PCAF 细分标准；该记录不提升排放数值。
closed,already_accepted,yes,ghg_corporate_standard|ghg_scope3_standard,ghg_scope3_standard,r029_chevron,CHEVRON,雪佛龙,29,ghg_corporate_standard,GHG Protocol Corporate Accounting and Reporting Standard,GHG Protocol 企业核算与报告标准,pdf_explicit_series_citation,chevron-sustainability-highlights-2024.pdf,28,[28],[28],"emissions from the combustion or bio-degradation of biomass are not included in scopes but reported separately, as recommended by the World Business Council for Sustainable Development’s (WBCSD)/World Resources Institute’s (WRI) The Greenhouse Gas Protocol, A corporate accounting and reporting standard – Revised edition (2004) and Corporate Value Chain (Scope 3) Accounting and Reporting Standard (2011). 16 Scope 2 includes indirect emissions from imported electricity and steam. CO2, CH4 and N2O are accounted for in Chevron’s Scope 2 emissions. Scope 2 emissions are accounted for using the market- based approach …","PDF full-document exact-series scan: the report page names a controlled GHG Protocol/PCAF fine standard in an accounting, reporting, methodology, or assurance context; this does not promote emissions values.",PDF 全文精确系列扫描：报告页在核算、报告、方法或鉴证语境中命名受控 GHG Protocol/PCAF 细分标准；该记录不提升排放数值。
closed,already_accepted,yes,ghg_scope2_guidance,,r029_chevron,CHEVRON,雪佛龙,29,ghg_scope2_guidance,GHG Protocol Scope 2 Guidance,GHG Protocol Scope 2 指南,pdf_explicit_series_citation,chevron-sustainability-highlights-2024.pdf,28,[28],[28],"indirect emissions from imported electricity and steam. CO2, CH4 and N2O are accounted for in Chevron’s Scope 2 emissions. Scope 2 emissions are accounted for using the market- based approach as described in the World Resources Institute’s (WRI) GHG Protocol Scope 2 Guidance (2015), including calculating Scope 2 emissions net of contractual instruments such as renewable energy credits (RECs). Reporting of Scope 2 location-based emissions started in 2023. 17 Chevron calculates emissions from third-party use of sold products in alignment with methods in Category 11 of Ipieca’s Estimating Petroleum Industry Value C…","PDF full-document exact-series scan: the report page names a controlled GHG Protocol/PCAF fine standard in an accounting, reporting, methodology, or assurance context; this does not promote emissions values.",PDF 全文精确系列扫描：报告页在核算、报告、方法或鉴证语境中命名受控 GHG Protocol/PCAF 细分标准；该记录不提升排放数值。
closed,already_accepted,yes,ghg_corporate_standard|ghg_scope3_standard,ghg_corporate_standard,r029_chevron,CHEVRON,雪佛龙,29,ghg_scope3_standard,GHG Protocol Corporate Value Chain (Scope 3) Accounting and Reporting Standard,GHG Protocol 企业价值链（Scope 3）核算与报告标准,pdf_explicit_series_citation,chevron-sustainability-highlights-2024.pdf,28,[28],[28],"ded in scopes but reported separately, as recommended by the World Business Council for Sustainable Development’s (WBCSD)/World Resources Institute’s (WRI) The Greenhouse Gas Protocol, A corporate accounting and reporting standard – Revised edition (2004) and Corporate Value Chain (Scope 3) Accounting and Reporting Standard (2011). 16 Scope 2 includes indirect emissions from imported electricity and steam. CO2, CH4 and N2O are accounted for in Chevron’s Scope 2 emissions. Scope 2 emissions are accounted for using the market- based approach as described in the World Resources Institute’s (WRI) GHG Protocol Scope …","PDF full-document exact-series scan: the report page names a controlled GHG Protocol/PCAF fine standard in an accounting, reporting, methodology, or assurance context; this does not promote emissions values.",PDF 全文精确系列扫描：报告页在核算、报告、方法或鉴证语境中命名受控 GHG Protocol/PCAF 细分标准；该记录不提升排放数值。
closed,already_accepted,yes,ghg_scope2_guidance,,r036_fordmotor,FORD MOTOR,福特汽车公司,36,ghg_scope2_guidance,GHG Protocol Scope 2 Guidance,GHG Protocol Scope 2 指南,pdf_explicit_series_citation,2025-integrated-sustainability-and-financial-report-FORD MOTOR.pdf,44,"[43, 44, 45]","[195, 239]","ly. Ford is not reporting our unconsolidated investee manufacturing facilities’ biogenic emissions. Ford’s Scope 2 calculations use the U.S. EPA eGRID and International Energy Agency (IEA) grid average emission factors and mixes, in line with the GHG Protocol Scope 2 Guidance. These location-based emission factor sources treat biomass for electricity generation as a zero emissions source, consistent with the GHG Protocol guidance for using U.S. EPA eGRID and IEA average emission factors. Biogenic Emissions of Scope 3 CO2: Scope 3 biogenic CO2 emissions are from combustion of bioethanol, biodiesel and renewable d…",PDF page backfill: mapped from the cited GHG Protocol evidence page plus adjacent page text; not promoted to direct-use emissions value.,PDF 页级回查：基于已引用的 GHG Protocol 证据页及相邻页文本映射；不提升为直接采信排放值。
closed,already_accepted,yes,ghg_scope2_guidance,,r036_fordmotor,FORD MOTOR,福特汽车公司,36,ghg_scope2_guidance,GHG Protocol Scope 2 Guidance,GHG Protocol Scope 2 指南,pdf_explicit_series_citation,2025-integrated-sustainability-and-financial-report-FORD MOTOR.pdf,195,[195],[195],"ly. Ford is not reporting our unconsolidated investee manufacturing facilities’ biogenic emissions. Ford’s Scope 2 calculations use the U.S. EPA eGRID and International Energy Agency (IEA) grid average emission factors and mixes, in line with the GHG Protocol Scope 2 Guidance. These location-based emission factor sources treat biomass for electricity generation as a zero emissions source, consistent with the GHG Protocol guidance for using U.S. EPA eGRID and IEA average emission factors. Biogenic Emissions of Scope 3 CO2: Scope 3 biogenic CO2 emissions are from combustion of bioethanol, biodiesel and renewable d…","PDF full-document exact-series scan: the report page names a controlled GHG Protocol/PCAF fine standard in an accounting, reporting, methodology, or assurance context; this does not promote emissions values.",PDF 全文精确系列扫描：报告页在核算、报告、方法或鉴证语境中命名受控 GHG Protocol/PCAF 细分标准；该记录不提升排放数值。
closed,already_accepted,yes,ghg_scope2_guidance,,r036_fordmotor,FORD MOTOR,福特汽车公司,36,ghg_scope2_guidance,GHG Protocol Scope 2 Guidance,GHG Protocol Scope 2 指南,pdf_explicit_series_citation,2025-integrated-sustainability-and-financial-report-FORD MOTOR.pdf,239,[239],[239],"ly. Ford is not reporting its unconsolidated investee manufacturing facilities’ biogenic emissions. Ford’s Scope 2 calculations use the U.S. EPA eGRID and International Energy Agency (IEA) grid average emission factors and mixes, in line with the GHG Protocol Scope 2 Guidance. These location-based emission factor sources treat biomass for electricity generation as a zero emissions source, consistent with the GHG Protocol guidance for using U.S. EPA eGRID and IEA average emission factors. Biogenic Emissions of Scope 3 CO2: Scope 3 biogenic CO2 emissions are from combustion of bioethanol, biodiesel and renewable d…","PDF full-document exact-series scan: the report page names a controlled GHG Protocol/PCAF fine standard in an accounting, reporting, methodology, or assurance context; this does not promote emissions values.",PDF 全文精确系列扫描：报告页在核算、报告、方法或鉴证语境中命名受控 GHG Protocol/PCAF 细分标准；该记录不提升排放数值。
closed,already_accepted,yes,ghg_corporate_standard,,r038_bankofamerica,BANK OF AMERICA,美国银行,38,ghg_corporate_standard,GHG Protocol Corporate Accounting and Reporting Standard,GHG Protocol 企业核算与报告标准,pdf_explicit_series_citation,BankOfAmerica_Sustainability_2024_Report.pdf,82,[82],[82],"METHODOLOGY We follow the World Resources Institute (WRI) and World Business Council for Sustainable Development (WBCSD) Greenhouse Gas Protocol Corporate Accounting and Reporting Standard to calculate Scope 1, 2 and 3 emissions. We use an operational control approach to define our boundary. The base year for emissions reductions is 2010; the rationale for choosing 2010 as the base year is that 2010 is the earliest year with comprehensive data. Scope 1 and 2 calculations are based on site-specific data for fuel consumed and utilities purchase","PDF full-document exact-series scan: the report page names a controlled GHG Protocol/PCAF fine standard in an accounting, reporting, methodology, or assurance context; this does not promote emissions values.",PDF 全文精确系列扫描：报告页在核算、报告、方法或鉴证语境中命名受控 GHG Protocol/PCAF 细分标准；该记录不提升排放数值。
closed,already_accepted,yes,ghg_financial_industry_standard,,r038_bankofamerica,BANK OF AMERICA,美国银行,38,ghg_financial_industry_standard,Global GHG Accounting and Reporting Standard for the Financial Industry,金融行业全球温室气体核算与报告标准,pdf_explicit_series_citation,BankOfAmerica_Sustainability_2024_Report.pdf,29,[29],[29],"supply chain in their transition goals. The intelligence we gather helps us to understand their plans and provide the right advice and solutions to help them advance their goals. Data Capture Framework Emissions Data Absolute emissions and emissions intensity PCAF data quality score Contribution to portfolio financed emissions metrics (based on sectoral targets) Relationship Metrics Revenues, returns or historical client relationship Future business opportunities Output from Climate and Environmental Risk Assessment Overall composite CERA score Awareness disclosure score Physical risk score Transition risk score…","PDF full-document exact-series scan: the report page names a controlled GHG Protocol/PCAF fine standard in an accounting, reporting, methodology, or assurance context; this does not promote emissions values.",PDF 全文精确系列扫描：报告页在核算、报告、方法或鉴证语境中命名受控 GHG Protocol/PCAF 细分标准；该记录不提升排放数值。
closed,already_accepted,yes,ghg_financial_industry_standard,,r038_bankofamerica,BANK OF AMERICA,美国银行,38,ghg_financial_industry_standard,Global GHG Accounting and Reporting Standard for the Financial Industry,金融行业全球温室气体核算与报告标准,pdf_explicit_series_citation,BankOfAmerica_Sustainability_2024_Report.pdf,50,[50],[50],"p of more than 500 financial institutions to develop a consistent methodology to assess and disclose emissions associated with financial activities. In collaboration with 15 other financial institutions, Bank of America helped develop the first version of the Global GHG Accounting and Reporting Standard for the Financial Industry. We have participated in the development of PCAF’s various accounting methodologies. In 2022, we began quantifying and disclosing emissions related to our business loan portfolio (financed emissions) based on the PCAF standard. We work with environmental partners to support science-base…","PDF full-document exact-series scan: the report page names a controlled GHG Protocol/PCAF fine standard in an accounting, reporting, methodology, or assurance context; this does not promote emissions values.",PDF 全文精确系列扫描：报告页在核算、报告、方法或鉴证语境中命名受控 GHG Protocol/PCAF 细分标准；该记录不提升排放数值。
closed,already_accepted,yes,ghg_financial_industry_standard,,r038_bankofamerica,BANK OF AMERICA,美国银行,38,ghg_financial_industry_standard,Global GHG Accounting and Reporting Standard for the Financial Industry,金融行业全球温室气体核算与报告标准,pdf_explicit_series_citation,BankOfAmerica_Sustainability_2024_Report.pdf,73,[73],[73],"6 448 Iron and Steel Crude steel production 1 and 2 — 3,682 2,708 1,496 0.210% 2.6 1,810 Power Generation Power generation 1 3,894 3,909 3,496 9,417 1.34% 2.9 371 47 Updated from previously published value. Please refer to Other Data Challenges on page 80. 48 PCAF provides a scoring mechanism for emissions calculations to evaluate data quality. Under this system, the use of verified client-reported emissions achieves a data quality score of 1, unverified emissions achieve a score of 2 and estimated emissions range from a score of 3 to 5 based on the information used to conduct estimations. Per the PCAF standard,…","PDF full-document exact-series scan: the report page names a controlled GHG Protocol/PCAF fine standard in an accounting, reporting, methodology, or assurance context; this does not promote emissions values.",PDF 全文精确系列扫描：报告页在核算、报告、方法或鉴证语境中命名受控 GHG Protocol/PCAF 细分标准；该记录不提升排放数值。
closed,already_accepted,yes,ghg_scope2_guidance,,r038_bankofamerica,BANK OF AMERICA,美国银行,38,ghg_scope2_guidance,GHG Protocol Scope 2 Guidance,GHG Protocol Scope 2 指南,pdf_explicit_series_citation,BankOfAmerica_Sustainability_2024_Report.pdf,82,[82],[82],"ificates (NFCs) purchased for Japan, PowerPlus purchased for India, and International RECs (I-RECs). All U.S. RECs purchased by Bank of America are Green-e certified. Emissions reflect supplier-specific emission rates where available, all of which comply with Scope 2 Guidance criteria. Emissions reflect residual mix factors for European facilities. Residual mix factors are not currently available for facilities outside of Europe. Location-based emission factors are used to quantify electricity-related Scope 3 emissions. Emissions are recalculated back to the base year when a change to a prior inventory would res…","PDF full-document exact-series scan: the report page names a controlled GHG Protocol/PCAF fine standard in an accounting, reporting, methodology, or assurance context; this does not promote emissions values.",PDF 全文精确系列扫描：报告页在核算、报告、方法或鉴证语境中命名受控 GHG Protocol/PCAF 细分标准；该记录不提升排放数值。
closed,already_accepted,yes,ghg_financial_industry_standard,ghg_financial_industry_standard,r038_bankofamerica,BANK OF AMERICA,美国银行,38,ghg_scope3_standard,GHG Protocol Corporate Value Chain (Scope 3) Accounting and Reporting Standard,GHG Protocol 企业价值链（Scope 3）核算与报告标准,pdf_explicit_series_citation,BankOfAmerica_Sustainability_2024_Report.pdf,120,[120],[120],"Period covered by GHG emissions verification: • January 1, 2022 to December 31, 2022 Criteria against which verification was conducted: • WRI/WBCSD Greenhouse Gas Protocol Corporate Value Chain Accounting and Reporting Standard (Scope 3) • Partnership for Carbon Accounting Financials (PCAF) Global GHG Accounting & Reporting Standard for the Financial Industry • Bank of America’s Internal Protocol for calculating Financed Emissions Reference Standard: ISO 14064-3 Second edition 2019-04: Greenhouse gases -- Part 3: Specification with guidance for the verification and validation of greenhouse gas statements Level o…","PDF full-document exact-series scan: the report page names a controlled GHG Protocol/PCAF fine standard in an accounting, reporting, methodology, or assurance context; this does not promote emissions values.",PDF 全文精确系列扫描：报告页在核算、报告、方法或鉴证语境中命名受控 GHG Protocol/PCAF 细分标准；该记录不提升排放数值。
closed,already_accepted,yes,ghg_financial_industry_standard,ghg_financial_industry_standard,r038_bankofamerica,BANK OF AMERICA,美国银行,38,ghg_scope3_standard,GHG Protocol Corporate Value Chain (Scope 3) Accounting and Reporting Standard,GHG Protocol 企业价值链（Scope 3）核算与报告标准,pdf_explicit_series_citation,BankOfAmerica_Sustainability_2024_Report.pdf,122,[122],[122],"GHG emissions statement were in some cases estimated rather than historical in nature. Period covered by GHG emissions verification: • January 1, 2021 to December 31, 2021 Criteria against which verification was conducted: • WRI/WBCSD Greenhouse Gas Protocol Corporate Value Chain Accounting and Reporting Standard (Scope 3) • Partnership for Carbon Accounting Financials (PCAF) Global GHG Accounting & Reporting Standard for the Financial Industry • Bank of America’s Internal Protocol for calculating Financed Emissions Reference Standard: • ISO 14064-3 Second edition 2019-04: Greenhouse gases -- Part 3: Specificati…","PDF full-document exact-series scan: the report page names a controlled GHG Protocol/PCAF fine standard in an accounting, reporting, methodology, or assurance context; this does not promote emissions values.",PDF 全文精确系列扫描：报告页在核算、报告、方法或鉴证语境中命名受控 GHG Protocol/PCAF 细分标准；该记录不提升排放数值。
closed,already_accepted,yes,,,r038_bankofamerica,BANK OF AMERICA,美国银行,38,ghg_scope3_standard,GHG Protocol Corporate Value Chain (Scope 3) Accounting and Reporting Standard,GHG Protocol 企业价值链（Scope 3）核算与报告标准,pdf_explicit_series_citation,BankOfAmerica_Sustainability_2024_Report.pdf,123,[123],[123],"and procedures conducted, there is no evidence that the Scope 3 GHG emissions statement shown above: • is not a fair representation of the GHG emissions data and information; and • has not been prepared in accordance with the WRI/WBCSD Greenhouse Gas Protocol Corporate Value Chain Accounting and Reporting Standard (Scope 3). It is our opinion that Bank of America has established appropriate systems for the collection, aggregation and analysis of quantitative data for determination of these GHG emissions for the stated period and boundaries. Statement of independence, impartiality and competence Apex is an indepe…","PDF full-document exact-series scan: the report page names a controlled GHG Protocol/PCAF fine standard in an accounting, reporting, methodology, or assurance context; this does not promote emissions values.",PDF 全文精确系列扫描：报告页在核算、报告、方法或鉴证语境中命名受控 GHG Protocol/PCAF 细分标准；该记录不提升排放数值。
closed,already_accepted,yes,ghg_corporate_standard|ghg_scope2_guidance,ghg_scope2_guidance,r045_citigroup,CITIGROUP,花旗集团,45,ghg_corporate_standard,GHG Protocol Corporate Accounting and Reporting Standard,GHG Protocol 企业核算与报告标准,pdf_explicit_series_citation,global-sustainability-report-2024-CITIGROUP.pdf,26,[26],[26],"fleet when determining the 2010 base year. Environmental Metrics for Operations We measure Scope 1 and 2 GHG emissions following the guidance in the World Resources Institute (WRI) and World Business Council for Sustainable Development (WBCSD) GHG Protocol: A Corporate Accounting and Reporting Standard (revised edition) and the guidance in the WRI/WBCSD GHG Protocol Scope 2 Guidance: An amendment to the GHG Protocol Corporate Standard. 2010 2022 2023 2024 Scope 1 CO2e: Real Estate (mt)3 36,281 52,676 47,354 47,459* Scope 1 CO2e: Transportation Fleet (mt) N/A7 6,817 7,527 5,996* Scope 2 Location-Based CO2e (mt) 9…","PDF full-document exact-series scan: the report page names a controlled GHG Protocol/PCAF fine standard in an accounting, reporting, methodology, or assurance context; this does not promote emissions values.",PDF 全文精确系列扫描：报告页在核算、报告、方法或鉴证语境中命名受控 GHG Protocol/PCAF 细分标准；该记录不提升排放数值。
closed,already_accepted,yes,ghg_corporate_standard|ghg_scope2_guidance,ghg_scope2_guidance,r045_citigroup,CITIGROUP,花旗集团,45,ghg_corporate_standard,GHG Protocol Corporate Accounting and Reporting Standard,GHG Protocol 企业核算与报告标准,pdf_explicit_series_citation,global-sustainability-report-2024-CITIGROUP.pdf,64,[64],[64],"e Company’s) 2024 Sustainability Report for the year ended December 31, 2024 (the Selected Metrics) have been measured following the guidance in the World Resources Institute (WRI) and World Business Council for Sustainable Development (WBCSD) GHG Protocol: A Corporate Accounting and Reporting Standard (revised edition) and the guidance in the WRI/WBCSD GHG Protocol Scope 2 Guidance: An amendment to the GHG Protocol Corporate Standard (the Criteria). Based on our review, we are not aware of any material modifications that should be made to the Selected Metrics for the year ended December 31, 2024 in order for th…","PDF full-document exact-series scan: the report page names a controlled GHG Protocol/PCAF fine standard in an accounting, reporting, methodology, or assurance context; this does not promote emissions values.",PDF 全文精确系列扫描：报告页在核算、报告、方法或鉴证语境中命名受控 GHG Protocol/PCAF 细分标准；该记录不提升排放数值。
closed,already_accepted,yes,ghg_corporate_standard|ghg_scope2_guidance,ghg_corporate_standard,r045_citigroup,CITIGROUP,花旗集团,45,ghg_scope2_guidance,GHG Protocol Scope 2 Guidance,GHG Protocol Scope 2 指南,pdf_explicit_series_citation,global-sustainability-report-2024-CITIGROUP.pdf,26,[26],[26],"emissions following the guidance in the World Resources Institute (WRI) and World Business Council for Sustainable Development (WBCSD) GHG Protocol: A Corporate Accounting and Reporting Standard (revised edition) and the guidance in the WRI/WBCSD GHG Protocol Scope 2 Guidance: An amendment to the GHG Protocol Corporate Standard. 2010 2022 2023 2024 Scope 1 CO2e: Real Estate (mt)3 36,281 52,676 47,354 47,459* Scope 1 CO2e: Transportation Fleet (mt) N/A7 6,817 7,527 5,996* Scope 2 Location-Based CO2e (mt) 938,414 438,192 447,587 437,127* Scope 1 and 2 GHG Emissions CO2e Location-Based (mt) 974,695 497,684 502,468 …","PDF full-document exact-series scan: the report page names a controlled GHG Protocol/PCAF fine standard in an accounting, reporting, methodology, or assurance context; this does not promote emissions values.",PDF 全文精确系列扫描：报告页在核算、报告、方法或鉴证语境中命名受控 GHG Protocol/PCAF 细分标准；该记录不提升排放数值。
closed,already_accepted,yes,ghg_corporate_standard|ghg_scope2_guidance,ghg_corporate_standard,r045_citigroup,CITIGROUP,花旗集团,45,ghg_scope2_guidance,GHG Protocol Scope 2 Guidance,GHG Protocol Scope 2 指南,pdf_explicit_series_citation,global-sustainability-report-2024-CITIGROUP.pdf,64,[64],[64],"measured following the guidance in the World Resources Institute (WRI) and World Business Council for Sustainable Development (WBCSD) GHG Protocol: A Corporate Accounting and Reporting Standard (revised edition) and the guidance in the WRI/WBCSD GHG Protocol Scope 2 Guidance: An amendment to the GHG Protocol Corporate Standard (the Criteria). Based on our review, we are not aware of any material modifications that should be made to the Selected Metrics for the year ended December 31, 2024 in order for them to be prepared in accordance with the Criteria. Our conclusion on the Selected Metrics does not extend to a…","PDF full-document exact-series scan: the report page names a controlled GHG Protocol/PCAF fine standard in an accounting, reporting, methodology, or assurance context; this does not promote emissions values.",PDF 全文精确系列扫描：报告页在核算、报告、方法或鉴证语境中命名受控 GHG Protocol/PCAF 细分标准；该记录不提升排放数值。
closed,already_accepted,yes,ghg_financial_industry_standard,,r045_citigroup,CITIGROUP,花旗集团,45,ghg_scope3_standard,GHG Protocol Corporate Value Chain (Scope 3) Accounting and Reporting Standard,GHG Protocol 企业价值链（Scope 3）核算与报告标准,pdf_explicit_series_citation,global-sustainability-report-2024-CITIGROUP.pdf,19,[19],[19],"and progress against interim targets and our Net Zero Metrics Methodology document, which outlines our metric calculation methodologies. Where possible, emissions metrics are calculated consistent with relevant standards including the Greenhouse Gas Protocol, Corporate Value Chain (Scope 3) Standard and the Partnership for Carbon Accounting Financials (PCAF) Standard. Our Approach to Managing Climate Risk Our Risk Management function is responsible for identifying, measuring, monitoring, controlling and reporting risks to the company. Citi continues to view climate risk as a cross-cutting risk under our Enterpri…","PDF full-document exact-series scan: the report page names a controlled GHG Protocol/PCAF fine standard in an accounting, reporting, methodology, or assurance context; this does not promote emissions values.",PDF 全文精确系列扫描：报告页在核算、报告、方法或鉴证语境中命名受控 GHG Protocol/PCAF 细分标准；该记录不提升排放数值。
closed,already_accepted,yes,,,r045_citigroup,CITIGROUP,花旗集团,45,ghg_scope3_standard,GHG Protocol Corporate Value Chain (Scope 3) Accounting and Reporting Standard,GHG Protocol 企业价值链（Scope 3）核算与报告标准,pdf_explicit_series_citation,global-sustainability-report-2024-CITIGROUP.pdf,27,[27],[27],") 106 117 81 Total Scope 3 – Category 6: Business Travel CO2e (mt) 63,787 77,004 70,805 Scope 3 – Category 6: Business Travel Emissions We measure select Scope 3 emissions (for air and rail business travel) following the guidance in the WRI/WBCSD GHG Protocol Corporate Value Chain (Scope 3) Standard. The WRI/WBCSD GHG Protocol standards and guidance are collectively referred to as the GHG Protocol (GHGP). Our Scope 3 GHG screening inventory, associated with employee activity, supply chain and financing activities, is included in our 2023 Climate Report Supplement.","PDF full-document exact-series scan: the report page names a controlled GHG Protocol/PCAF fine standard in an accounting, reporting, methodology, or assurance context; this does not promote emissions values.",PDF 全文精确系列扫描：报告页在核算、报告、方法或鉴证语境中命名受控 GHG Protocol/PCAF 细分标准；该记录不提升排放数值。
closed,already_accepted,yes,ghg_corporate_standard,,r048_homedepot,HOME DEPOT,家得宝,48,ghg_corporate_standard,GHG Protocol Corporate Accounting and Reporting Standard,GHG Protocol 企业核算与报告标准,pdf_explicit_series_citation,2024_ESG_Report_The_Home_Depot.pdf,45,[45],[45],"opted strategies to minimize our supply chain and transportation emissions through distribution optimization. Lastly, we partner with our suppliers to drive more energy-efficient product innovation. 2023 Reported Emissions The Home Depot uses the GHG Protocol Corporate Accounting and Reporting Standard, which is considered the most widely adopted standard for calculating metric tons of greenhouse gas emissions. We continually review and refine our emissions measurements to reflect changes to our business and improvements in data collection and reporting. We partner with third-party experts in this space to help …","PDF full-document exact-series scan: the report page names a controlled GHG Protocol/PCAF fine standard in an accounting, reporting, methodology, or assurance context; this does not promote emissions values.",PDF 全文精确系列扫描：报告页在核算、报告、方法或鉴证语境中命名受控 GHG Protocol/PCAF 细分标准；该记录不提升排放数值。
closed,already_accepted,yes,,,r049_electricitédefrance,ELECTRICITÉ DE FRANCE,法国电力公司,49,ghg_corporate_standard,GHG Protocol Corporate Accounting and Reporting Standard,GHG Protocol 企业核算与报告标准,pdf_explicit_series_citation,edf-urd-annual-financial-report-2024-en-accessible.pdf,674,[674],[674],"r uranium isotopes. It is recyclable, and RepU fuel assemblies are often used for reactor refuelling. Scopes 1, 2 and 3 Every year, EDF draws up a GHG report (for Scopes 1, 2 and 3) covering the Group, with the emissions calculated under the principles of the GHG Protocol Corporate Standard: ●Scope 1 covers the direct emissions generated by EDF’s assets: CO2, CH4 and N2O emissions by thermal power and heat generation plants, consumption of fossil fuels for heating occupied premises, fuel consumption by the fleet of vehicles and machinery, fugitive emissions from hydropower plant reservoirs, fugitive emissions of…","PDF full-document exact-series scan: the report page names a controlled GHG Protocol/PCAF fine standard in an accounting, reporting, methodology, or assurance context; this does not promote emissions values.",PDF 全文精确系列扫描：报告页在核算、报告、方法或鉴证语境中命名受控 GHG Protocol/PCAF 细分标准；该记录不提升排放数值。
closed,already_accepted,yes,ghg_corporate_standard,,r050_marathonpetroleum,MARATHON PETROLEUM,马拉松原油公司,50,ghg_corporate_standard,GHG Protocol Corporate Accounting and Reporting Standard,GHG Protocol 企业核算与报告标准,pdf_explicit_series_citation,2024_SustainabilityReport-MARATHON PETROLEUM.pdf,56,[56],[56],"pe 1 direct GHG emissions include those from Refining and MPLX and are generally calculated per the EPA’s Mandatory Greenhouse Gas Reporting Program, the World Resources Institute / World Business Council for Sustainable Development Greenhouse Gas Protocol: A corporate accounting and reporting standard, revised edition, or the 2009 API Compendium of Greenhouse Gas Emissions Methodologies for the Oil and Natural Gas Industry. Global Warming Potentials used are from Table A-1 to Subpart A of 40 CFR Part 98 as of February 2022. (8) Inclusive of carbon dioxide (CO2), methane (CH4), nitrous oxide (N2O) and sulfur hex…","PDF full-document exact-series scan: the report page names a controlled GHG Protocol/PCAF fine standard in an accounting, reporting, methodology, or assurance context; this does not promote emissions values.",PDF 全文精确系列扫描：报告页在核算、报告、方法或鉴证语境中命名受控 GHG Protocol/PCAF 细分标准；该记录不提升排放数值。
closed,already_accepted,yes,ghg_corporate_standard,,r060_walgreensbootsalliance,WALGREENS BOOTS ALLIANCE,沃博联,60,ghg_corporate_standard,GHG Protocol Corporate Accounting and Reporting Standard,GHG Protocol 企业核算与报告标准,pdf_explicit_series_citation,WALGREENS BOOTS ALLIANCE-Impact-Report-2024.pdf,68,[68],[68],"ssions that are a consequence of Company activities but occur from sources not owned or controlled by the Company). The Company reports greenhouse gas (GHG) emissions for entities for which it has financial control, as defined by the Greenhouse Gas Protocol A Corporate Accounting and Reporting Standard, Revised Edition, published by the World Resources Institute/World Business Council for Sustainable Development (the “GHG Protocol”). WBA has set fiscal 2019 as the GHG baseline year for Scope 1, Scope 2 and Scope 3 emissions and intends to report emissions against this baseline year going forward. Our carbon emis…","PDF full-document exact-series scan: the report page names a controlled GHG Protocol/PCAF fine standard in an accounting, reporting, methodology, or assurance context; this does not promote emissions values.",PDF 全文精确系列扫描：报告页在核算、报告、方法或鉴证语境中命名受控 GHG Protocol/PCAF 细分标准；该记录不提升排放数值。
closed,current_edge_demoted_reassignment_already_accepted,no,ghg_corporate_standard,ghg_corporate_standard,r060_walgreensbootsalliance,WALGREENS BOOTS ALLIANCE,沃博联,60,ghg_scope3_standard,GHG Protocol Corporate Value Chain (Scope 3) Accounting and Reporting Standard,GHG Protocol 企业价值链（Scope 3）核算与报告标准,pdf_explicit_series_citation,WALGREENS BOOTS ALLIANCE-Impact-Report-2024.pdf,68,[68],[68],"nd Scope 2 emissions (resulting from purchased electricity, heat and steam consumed by the Company) are related to energy use for light and heat. We also report business travel and the portion of downstream transportation and distribution in our management of Scope 3 emissions (indirect emissions that are a consequence of Company activities but occur from sources not owned or controlled by the Company). The Company reports greenhouse gas (GHG) emissions for entities for which it has financial control, as defined by the Greenhouse Gas Protocol A Corporate Accounting and Reporting Standard, Revised Edition, publis…","PDF full-document exact-series scan: the report page names a controlled GHG Protocol/PCAF fine standard in an accounting, reporting, methodology, or assurance context; this does not promote emissions values.",PDF 全文精确系列扫描：报告页在核算、报告、方法或鉴证语境中命名受控 GHG Protocol/PCAF 细分标准；该记录不提升排放数值。
closed,already_accepted,yes,ghg_project_protocol,,r061_valeroenergy,VALERO ENERGY,瓦莱罗能源公司,61,ghg_project_protocol,GHG Protocol Project Protocol,GHG Protocol 项目减排核算协议,pdf_explicit_series_citation,VALERO ENERGY-2024 ESG Report 0823 FINAL pages.pdf,14,"[13, 14, 15]",[21],"the entire production of renewable diesel, renewable naphtha, renewable propane and SPK or neat SAF of the consolidated entities that we operate. Scope 4: this calculation of avoided GHG emissions is used only in the 2050 Long-Term Ambition. It is informed by the GHG Protocol for Project Accounting and does not follow the LCA methodology. The calculation is based upon Valero's total production of, blending of and credits from ethanol, and sales of, blending of and credits from renewable diesel, renewable naphtha and biodiesel. The low-carbon fuels volumes were converted to energy-equivalent volumes of the corres…",PDF page backfill: mapped from the cited GHG Protocol evidence page plus adjacent page text; not promoted to direct-use emissions value.,PDF 页级回查：基于已引用的 GHG Protocol 证据页及相邻页文本映射；不提升为直接采信排放值。
closed,already_accepted,yes,ghg_project_protocol,,r061_valeroenergy,VALERO ENERGY,瓦莱罗能源公司,61,ghg_project_protocol,GHG Protocol Project Protocol,GHG Protocol 项目减排核算协议,pdf_explicit_series_citation,VALERO ENERGY-2024 ESG Report 0823 FINAL pages.pdf,21,[21],[21],"the entire production of renewable diesel, renewable naphtha, renewable propane and SPK or neat SAF of the consolidated entities that we operate. Scope 4: this calculation of avoided GHG emissions is used only in the 2050 Long-Term Ambition. It is informed by the GHG Protocol for Project Accounting and does not follow the LCA methodology. The calculation is based upon Valero's total production of, blending of and credits from ethanol, and sales of, blending of and credits from renewable diesel, renewable naphtha and biodiesel. The low-carbon fuels volumes were converted to energy-equivalent volumes of the corres…","PDF full-document exact-series scan: the report page names a controlled GHG Protocol/PCAF fine standard in an accounting, reporting, methodology, or assurance context; this does not promote emissions values.",PDF 全文精确系列扫描：报告页在核算、报告、方法或鉴证语境中命名受控 GHG Protocol/PCAF 细分标准；该记录不提升排放数值。
closed,already_accepted,yes,ghg_financial_industry_standard,,r062_bancosantander,BANCO SANTANDER,西班牙国家银行,62,ghg_financial_industry_standard,Global GHG Accounting and Reporting Standard for the Financial Industry,金融行业全球温室气体核算与报告标准,pdf_explicit_series_citation,BANCO SANTANDER-estado-sostenibilidad-2024-es.pdf,56,"[55, 56, 57]",,"Structured standard tag: GHG Protocol; Standard role: Accounting standard; Matched keywords: PCAF financed emissions methodology n el sector agrícola aún están en desarrollo. Ante la falta de una metodología, Santander Brasil, en colaboración con WayCarbon, estimó sus emisiones financiadas en base a la categoría de activos de financiación de proyectos de PCAF, la Guí BANCO SANTANDER-estado-sostenibilidad-2024-es.pdf Índice Modelo de negocio Estado de Go",PDF page backfill: mapped from the cited GHG Protocol evidence page plus adjacent page text; not promoted to direct-use emissions value.,PDF 页级回查：基于已引用的 GHG Protocol 证据页及相邻页文本映射；不提升为直接采信排放值。
closed,already_accepted,yes,ghg_corporate_standard,,r065_mitsubishi,MITSUBISHI,三菱商事株式会社,65,ghg_corporate_standard,GHG Protocol Corporate Accounting and Reporting Standard,GHG Protocol 企业核算与报告标准,pdf_explicit_series_citation,MITSUBISHI-ESG-2024.pdf,69,[69],[69],"disclosure of avoided emissions based on related ongoing international discussions and trends. [Examples of guidelines used as reference] GX League ""Basic Guidelines for Disclosure and Evaluation of Climate-related Opportunities""（2023） WBCSD/WRI ""GHG Protocol Corporate Accounting and Reporting Standard"" (2019) WBCSD/Net Zero Initiative ""Guidance on Avoided Emissions: Helping business drive innovations and scale solutions towards Net Zero""（2023） Ministry of Economy, Trade and Industry ""Guidelines for Quantifying GHG emission reductions of goods or services through Global Value Chain"" (2018) The Institute of Life …","PDF full-document exact-series scan: the report page names a controlled GHG Protocol/PCAF fine standard in an accounting, reporting, methodology, or assurance context; this does not promote emissions values.",PDF 全文精确系列扫描：报告页在核算、报告、方法或鉴证语境中命名受控 GHG Protocol/PCAF 细分标准；该记录不提升排放数值。
closed,already_accepted,yes,ghg_financial_industry_standard,,r067_hsbcholdings,HSBC HOLDINGS,汇丰银行控股公司,67,ghg_financial_industry_standard,Global GHG Accounting and Reporting Standard for the Financial Industry,金融行业全球温室气体核算与报告标准,pdf_explicit_series_citation,HSBC HOLDINGS-250219-annual-report-and-accounts-2024.pdf,50,[50],[50],"typically include all the major greenhouse gases, including carbon dioxide, methane and nitrous oxide, among others. These are reported as tonnes of CO2 equivalent (‘tCO2e’). To calculate annual on-balance sheet financed emissions, we follow guidance from the Partnership for Carbon Accounting Financials (‘PCAF’) standard. We use drawn balances as at 31 December in the year of analysis related to wholesale credit and lending, including business loans and project finance, as the value of finance provided to customers. We excluded products that were short term by design and typically less than 12 months in duration…","PDF full-document exact-series scan: the report page names a controlled GHG Protocol/PCAF fine standard in an accounting, reporting, methodology, or assurance context; this does not promote emissions values.",PDF 全文精确系列扫描：报告页在核算、报告、方法或鉴证语境中命名受控 GHG Protocol/PCAF 细分标准；该记录不提升排放数值。
closed,already_accepted,yes,ghg_financial_industry_standard,,r067_hsbcholdings,HSBC HOLDINGS,汇丰银行控股公司,67,ghg_financial_industry_standard,Global GHG Accounting and Reporting Standard for the Financial Industry,金融行业全球温室气体核算与报告标准,pdf_explicit_series_citation,HSBC HOLDINGS-250219-annual-report-and-accounts-2024.pdf,52,[52],[52],"Financed emissions continued Data and methodology limitations Our financed emissions estimates and methodological choices are shaped by the availability of data for the sectors we analyse. We are members of the PCAF, which defines and develops greenhouse gas accounting standards for financial institutions. Its Global GHG Accounting and Reporting Standards for Financed Emissions and for Facilitated Emissions provide detailed methodological guidance to measure and disclose financed and facilitated emissions. – We have found that data quality scores vary across the differ","PDF full-document exact-series scan: the report page names a controlled GHG Protocol/PCAF fine standard in an accounting, reporting, methodology, or assurance context; this does not promote emissions values.",PDF 全文精确系列扫描：报告页在核算、报告、方法或鉴证语境中命名受控 GHG Protocol/PCAF 细分标准；该记录不提升排放数值。
closed,already_accepted,yes,ghg_financial_industry_standard,,r067_hsbcholdings,HSBC HOLDINGS,汇丰银行控股公司,67,ghg_financial_industry_standard,Global GHG Accounting and Reporting Standard for the Financial Industry,金融行业全球温室气体核算与报告标准,pdf_explicit_series_citation,HSBC HOLDINGS-250219-annual-report-and-accounts-2024.pdf,55,[55],[55],"hallenges or dependencies. However, financed emissions figures may not be reconcilable or comparable year-on-year in future, and baselines and targets may require updates or revisions as data, methodologies and reference scenarios develop. Consistent with the PCAF guidance on financed emissions accounting, we only consider the outstanding drawn financing amount given this has a direct link to real economy emissions. A number of clients have material undrawn balances that, if drawn, could significantly increase the financed emissions related to those clients. We expect to assess how to manage these exposures on a…","PDF full-document exact-series scan: the report page names a controlled GHG Protocol/PCAF fine standard in an accounting, reporting, methodology, or assurance context; this does not promote emissions values.",PDF 全文精确系列扫描：报告页在核算、报告、方法或鉴证语境中命名受控 GHG Protocol/PCAF 细分标准；该记录不提升排放数值。
closed,already_accepted,yes,ghg_corporate_standard|ghg_scope2_guidance,ghg_scope2_guidance,r073_hyundaimotor,HYUNDAI MOTOR,现代汽车,73,ghg_corporate_standard,GHG Protocol Corporate Accounting and Reporting Standard,GHG Protocol 企业核算与报告标准,pdf_explicit_series_citation,HYUNDAI MOTOR-hmc-2025-sustainability-report-en-v13.pdf,40,[40],[40],"rmance evaluations. Annually, a certain percentage of their salary is allocated as a monetary incentive based on the achievement and assessment of these key indicators. Measurement Approach Classification Guideline Scope 1, 2 • The Greenhouse Gas Protocol: A Corporate Accounting and Reporting Standard(Revised Edition) • The Greenhouse Gas Protocol: Scope 2 Guidance Framework Act on Carbon Neutrality and Green Growth(Guidelines for Reporting and Certification of GHG Emissions Trading Scheme) • IPCC Guidelines for National Greenhouse Gas Protocol and Accounting Tool • Standards for calculating GHG emissions requ…","PDF full-document exact-series scan: the report page names a controlled GHG Protocol/PCAF fine standard in an accounting, reporting, methodology, or assurance context; this does not promote emissions values.",PDF 全文精确系列扫描：报告页在核算、报告、方法或鉴证语境中命名受控 GHG Protocol/PCAF 细分标准；该记录不提升排放数值。
closed,already_accepted,yes,ghg_corporate_standard,,r073_hyundaimotor,HYUNDAI MOTOR,现代汽车,73,ghg_corporate_standard,GHG Protocol Corporate Accounting and Reporting Standard,GHG Protocol 企业核算与报告标准,pdf_explicit_series_citation,HYUNDAI MOTOR-hmc-2025-sustainability-report-en-v13.pdf,140,[140],[140],"ed Hyundai Motor Company’s operations and activities in overseas factories1), and specifically the following requirements: • Evaluating conformance with World Resources Institute / World Business Council for Sustainable Development Greenhouse Gas Protocol: A Corporate Accounting and Reporting Standard, revised edition2) • Evaluating the accuracy and reliability of data and information for direct GHG emissions (Scope 1), energy indirect GHG emissions (Scope 2) and energy consumption in operations of overseas factories. 1) HMGICS was excluded from the verification scope. 2) https://www.ghgprotocol.org The main a…","PDF full-document exact-series scan: the report page names a controlled GHG Protocol/PCAF fine standard in an accounting, reporting, methodology, or assurance context; this does not promote emissions values.",PDF 全文精确系列扫描：报告页在核算、报告、方法或鉴证语境中命名受控 GHG Protocol/PCAF 细分标准；该记录不提升排放数值。
closed,already_accepted,yes,ghg_corporate_standard|ghg_scope2_guidance,ghg_corporate_standard,r073_hyundaimotor,HYUNDAI MOTOR,现代汽车,73,ghg_scope2_guidance,GHG Protocol Scope 2 Guidance,GHG Protocol Scope 2 指南,pdf_explicit_series_citation,HYUNDAI MOTOR-hmc-2025-sustainability-report-en-v13.pdf,40,[40],[40],"incentive based on the achievement and assessment of these key indicators. Measurement Approach Classification Guideline Scope 1, 2 • The Greenhouse Gas Protocol: A Corporate Accounting and Reporting Standard(Revised Edition) • The Greenhouse Gas Protocol: Scope 2 Guidance Framework Act on Carbon Neutrality and Green Growth(Guidelines for Reporting and Certification of GHG Emissions Trading Scheme) • IPCC Guidelines for National Greenhouse Gas Protocol and Accounting Tool • Standards for calculating GHG emissions required by other regulatory authorities and stock exchanges Scope 3 • GHG Protocol Corporate Val…","PDF full-document exact-series scan: the report page names a controlled GHG Protocol/PCAF fine standard in an accounting, reporting, methodology, or assurance context; this does not promote emissions values.",PDF 全文精确系列扫描：报告页在核算、报告、方法或鉴证语境中命名受控 GHG Protocol/PCAF 细分标准；该记录不提升排放数值。
closed,already_accepted,yes,ghg_scope2_guidance,,r073_hyundaimotor,HYUNDAI MOTOR,现代汽车,73,ghg_scope2_guidance,GHG Protocol Scope 2 Guidance,GHG Protocol Scope 2 指南,pdf_explicit_series_citation,HYUNDAI MOTOR-hmc-2025-sustainability-report-en-v13.pdf,141,[141],[141],"i Motor Company’s overseas factories, Scope 1 and Scope 2 GHG emissions for CY 2024 Table 2. Summary of Hyundai Motor Company’s overseas factories, energy consumption for CY 2024 Note 1: Scope 2, Location-based and market-based are defined in the GHG Protocol Scope 2 Guidance, 2015 LRQA Group Limited, its affiliates and subsidiaries, and their respective officers, employees or agents are, individually and collectively, referred to in this clause as ‘LRQA’. LRQA assumes no responsibility and shall not be liable to any person for any loss, damage or expense caused by reliance on the information or advice in this d…","PDF full-document exact-series scan: the report page names a controlled GHG Protocol/PCAF fine standard in an accounting, reporting, methodology, or assurance context; this does not promote emissions values.",PDF 全文精确系列扫描：报告页在核算、报告、方法或鉴证语境中命名受控 GHG Protocol/PCAF 细分标准；该记录不提升排放数值。
closed,already_accepted,yes,ghg_scope3_standard,,r073_hyundaimotor,HYUNDAI MOTOR,现代汽车,73,ghg_scope3_standard,GHG Protocol Corporate Value Chain (Scope 3) Accounting and Reporting Standard,GHG Protocol 企业价值链（Scope 3）核算与报告标准,pdf_explicit_series_citation,HYUNDAI MOTOR-hmc-2025-sustainability-report-en-v13.pdf,142,[142],[142],"riality of professional judgement using ISAE 3000 and ISAE 3410. Our assurance engagement covered Hyundai Motor Company’s domestic and overseas operations and activities, and specifically the following requirements: • Evaluating conformance with GHG Protocol, Corporate Value Chain (Scope 3) Accounting and Reporting Standard1) • Evaluating the accuracy and reliability of data and information for other indirect GHG emissions (Scope 3). 1) https://www.ghgprotocol.org The main activities of Hyundai Motor Company include manufacturing of vehicles and the GHG emissions have been consolidated using an operational contr…","PDF full-document exact-series scan: the report page names a controlled GHG Protocol/PCAF fine standard in an accounting, reporting, methodology, or assurance context; this does not promote emissions values.",PDF 全文精确系列扫描：报告页在核算、报告、方法或鉴证语境中命名受控 GHG Protocol/PCAF 细分标准；该记录不提升排放数值。
closed,already_accepted,yes,ghg_scope2_guidance,,r077_deutschetelekom,DEUTSCHE TELEKOM,德国电信,77,ghg_scope2_guidance,GHG Protocol Scope 2 Guidance,GHG Protocol Scope 2 指南,pdf_explicit_series_citation,DEUTSCHE TELEKOM-cr_en_2022_dt_final.pdf,25,"[24, 25, 26]",[116],"’s why the table below contains very detailed information about the Group numbers for the Scope 2 emissions resulting from our electricity consumption. We differentiate between the market- based and location-based methods, thereby adhering to the GHG Protocol Scope 2 Guidance. Market- and location-based emissions are reported in CO₂ equivalents (CO₂e). This change was made in order to allow a transparent comparison between Scope 1 to 3 emissions and to be consistent with the requirements of the Sci­ ence-Based Targets Initiative, to which the new target is also geared. The leading reporting method is the market-…",PDF page backfill: mapped from the cited GHG Protocol evidence page plus adjacent page text; not promoted to direct-use emissions value.,PDF 页级回查：基于已引用的 GHG Protocol 证据页及相邻页文本映射；不提升为直接采信排放值。
closed,already_accepted,yes,ghg_scope2_guidance,,r077_deutschetelekom,DEUTSCHE TELEKOM,德国电信,77,ghg_scope2_guidance,GHG Protocol Scope 2 Guidance,GHG Protocol Scope 2 指南,pdf_explicit_series_citation,DEUTSCHE TELEKOM-cr_en_2022_dt_final.pdf,116,[116],[116],"’s why the table below contains very detailed information about the Group numbers for the Scope 2 emissions resulting from our electricity consumption. We differentiate between the market- based and location-based methods, thereby adhering to the GHG Protocol Scope 2 Guidance. Market- and location-based emissions are reported in CO₂ equivalents (CO₂e). This change was made in order to allow a transparent comparison between Scope 1 to 3 emissions and to be consistent with the requirements of the Sci­ ence-Based Targets Initiative, to which the new target is also geared. The leading reporting method is the market-…","PDF full-document exact-series scan: the report page names a controlled GHG Protocol/PCAF fine standard in an accounting, reporting, methodology, or assurance context; this does not promote emissions values.",PDF 全文精确系列扫描：报告页在核算、报告、方法或鉴证语境中命名受控 GHG Protocol/PCAF 细分标准；该记录不提升排放数值。
closed,already_accepted,yes,ghg_financial_industry_standard,,r082_allianz,ALLIANZ,安联保险集团,82,ghg_financial_industry_standard,Global GHG Accounting and Reporting Standard for the Financial Industry,金融行业全球温室气体核算与报告标准,pdf_explicit_series_citation,en-allianz-group-annual-report-2024.pdf,75,"[74, 75, 76]",,"in measuring insurance-associated emissions (IAE) and have set emission reduction targets in 2023. While we deem IAE as not mandatory under E1 of the ESRS, we have developed an entity-specific metric to report these emissions, based on the methodology of the Partnership for Carbon Accounting Financials (PCAF) Insurance-Associated Emissions Standard. We will continue to enhance our carbon footprint disclosures and scope coverage as methodologies, data, and standards improve. For more information, please see section Methodology information for climate metrics. Our targets have not been separately validated by an e…",PDF page backfill: mapped from the cited GHG Protocol evidence page plus adjacent page text; not promoted to direct-use emissions value.,PDF 页级回查：基于已引用的 GHG Protocol 证据页及相邻页文本映射；不提升为直接采信排放值。
closed,already_accepted,yes,ghg_financial_industry_standard,,r082_allianz,ALLIANZ,安联保险集团,82,ghg_financial_industry_standard,Global GHG Accounting and Reporting Standard for the Financial Industry,金融行业全球温室气体核算与报告标准,pdf_explicit_series_citation,en-allianz-group-annual-report-2024.pdf,76,[76],[76],"in measuring insurance-associated emissions (IAE) and have set emission reduction targets in 2023. While we deem IAE as not mandatory under E1 of the ESRS, we have developed an entity-specific metric to report these emissions, based on the methodology of the Partnership for Carbon Accounting Financials (PCAF) Insurance-Associated Emissions Standard. We will continue to enhance our carbon footprint disclosures and scope coverage as methodologies, data, and standards improve. For more information, please see section Methodology information for climate metrics. Our targets have not been separately validated by an e…","PDF full-document exact-series scan: the report page names a controlled GHG Protocol/PCAF fine standard in an accounting, reporting, methodology, or assurance context; this does not promote emissions values.",PDF 全文精确系列扫描：报告页在核算、报告、方法或鉴证语境中命名受控 GHG Protocol/PCAF 细分标准；该记录不提升排放数值。
closed,already_accepted,yes,ghg_financial_industry_standard,,r082_allianz,ALLIANZ,安联保险集团,82,ghg_financial_industry_standard,Global GHG Accounting and Reporting Standard for the Financial Industry,金融行业全球温室气体核算与报告标准,pdf_explicit_series_citation,en-allianz-group-annual-report-2024.pdf,84,[84],[84],"in the table ""Proprietary investments GHG emissions (Scope 1-3) - TOTAL."" These assets are also excluded from the calculation of coverage. 2023 figures are restated accordingly. 3_In 2024, the carbon intensity methodology was revised to align with the latest PCAF guidance. Previously, the methodology adhered to the calculation approach outlined in the SFDR RTS, published on 6 April 2022, where carbon intensity was determined by dividing absolute financed emissions by the total value of all investments. The updated methodology now calculates carbon intensity by dividing absolute financed emissions by the value of…","PDF full-document exact-series scan: the report page names a controlled GHG Protocol/PCAF fine standard in an accounting, reporting, methodology, or assurance context; this does not promote emissions values.",PDF 全文精确系列扫描：报告页在核算、报告、方法或鉴证语境中命名受控 GHG Protocol/PCAF 细分标准；该记录不提升排放数值。
closed,already_accepted,yes,ghg_financial_industry_standard,,r082_allianz,ALLIANZ,安联保险集团,82,ghg_financial_industry_standard,Global GHG Accounting and Reporting Standard for the Financial Industry,金融行业全球温室气体核算与报告标准,pdf_explicit_series_citation,en-allianz-group-annual-report-2024.pdf,85,[85],[85],"in the table ""Proprietary investments GHG emissions (Scope 1-3) - TOTAL."" These assets are also excluded from the calculation of coverage. 2023 figures are restated accordingly. 2_In 2024, the carbon intensity methodology was revised to align with the latest PCAF guidance. Previously, the methodology adhered to the calculation approach outlined in the SFDR RTS, published on 6 April 2022, where carbon intensity was determined by dividing absolute financed emissions by the total value of all investments. The updated methodology now calculates carbon intensity by dividing absolute financed emissions by the value of…","PDF full-document exact-series scan: the report page names a controlled GHG Protocol/PCAF fine standard in an accounting, reporting, methodology, or assurance context; this does not promote emissions values.",PDF 全文精确系列扫描：报告页在核算、报告、方法或鉴证语境中命名受控 GHG Protocol/PCAF 细分标准；该记录不提升排放数值。
closed,already_accepted,yes,,,r090_target,TARGET,塔吉特公司,90,ghg_corporate_standard,GHG Protocol Corporate Accounting and Reporting Standard,GHG Protocol 企业核算与报告标准,pdf_explicit_series_citation,TARGET-2024-Sustainability-and-Governance-Report-Appendix.pdf,6,[6],[6],"tainability and Governance Report | 5 Climate Circularity Resource Use Supporting Our Team Members Serving and Strengthening Communities Operating Ethically Responsible Supply Chains Climate 1 Target reports based on operational control method outlined in the GHG Protocol Corporate Standard. 2 Type of GHG emissions included in the intensity ratio: Direct (scope 1) and market-based indirect (scope 2) divided by the square footage of our U.S. properties. Gases included in the calculation: CO 2 , CH 4 , N 2 O and HFCs. Data has been independently verified or calculated using independently verified data. 3 We conver…","PDF full-document exact-series scan: the report page names a controlled GHG Protocol/PCAF fine standard in an accounting, reporting, methodology, or assurance context; this does not promote emissions values.",PDF 全文精确系列扫描：报告页在核算、报告、方法或鉴证语境中命名受控 GHG Protocol/PCAF 细分标准；该记录不提升排放数值。
closed,already_accepted,yes,,,r096_nestlé,NESTLÉ,雀巢公司,96,ghg_corporate_standard,GHG Protocol Corporate Accounting and Reporting Standard,GHG Protocol 企业核算与报告标准,pdf_explicit_series_citation,NESTLÉ-non-financial-statement-2024.pdf,21,[21],[21],"ual GHG emissions for Scopes 1, 2 and 3 are tracked through an internal GHG accounting system (Greenhouse Gas Performance System (GPS)). GPS was developed internally for GHG accounting and reporting and the methodology governing the system is aligned with the GHG Protocol Corporate Standard. GPS uses activity data directly from Nestlé’s central data systems (e.g. purchasing data from SAP, packaging data from its packaging tracker) and it is updated on a quarterly basis. Nestlé’s manufacturing IT system SHE-PM collects the activity data and emission factors, and performs the calculation of the Group Scopes 1 and …","PDF full-document exact-series scan: the report page names a controlled GHG Protocol/PCAF fine standard in an accounting, reporting, methodology, or assurance context; this does not promote emissions values.",PDF 全文精确系列扫描：报告页在核算、报告、方法或鉴证语境中命名受控 GHG Protocol/PCAF 细分标准；该记录不提升排放数值。
closed,already_accepted,yes,,,r096_nestlé,NESTLÉ,雀巢公司,96,ghg_corporate_standard,GHG Protocol Corporate Accounting and Reporting Standard,GHG Protocol 企业核算与报告标准,pdf_explicit_series_citation,NESTLÉ-non-financial-statement-2024.pdf,109,[109],[109],"2 greenhouse gas emissions. KPI #7: Gross Scope 3 greenhouse gas emissions. Methodology, calculation and data collection Annual greenhouse gas (GHG) emissions from Scope 1 and Scope 2 (Market-based), and Scope 3, are calculated following the latest version of GHG Protocol Corporate Standard and guidance provided by the Science Based Targets initiative (SBTi). Actual GHG emissions for Scopes 1, 2 and 3 are tracked through Nestlé’s internal GHG accounting system, GPS. The GPS system was developed internally for GHG accounting and reporting and the methodology governing the system is aligned with the GHG Protocol C…","PDF full-document exact-series scan: the report page names a controlled GHG Protocol/PCAF fine standard in an accounting, reporting, methodology, or assurance context; this does not promote emissions values.",PDF 全文精确系列扫描：报告页在核算、报告、方法或鉴证语境中命名受控 GHG Protocol/PCAF 细分标准；该记录不提升排放数值。
closed,already_accepted,yes,ghg_project_protocol,,r096_nestlé,NESTLÉ,雀巢公司,96,ghg_project_protocol,GHG Protocol Project Protocol,GHG Protocol 项目减排核算协议,pdf_explicit_series_citation,NESTLÉ-non-financial-statement-2024.pdf,41,[41],[41],"nhanced farming practices, based on laboratory analysis and field data collection. – Frameworks and Standards: – By following internationally recognized standards such as the Intergovernmental Panel on Climate Change (IPCC) and the World Resources Institute’s GHG Protocol for Project Accounting, accuracy, reproducibility and alignment with global reporting requirements is ensured. – For carbon credits, investments adhere to standards such as the VCS or the Gold Standard, which verify that the credits represent actual, verifiable GHG reductions or removals. Part 2 – Environmental Disclosures","PDF full-document exact-series scan: the report page names a controlled GHG Protocol/PCAF fine standard in an accounting, reporting, methodology, or assurance context; this does not promote emissions values.",PDF 全文精确系列扫描：报告页在核算、报告、方法或鉴证语境中命名受控 GHG Protocol/PCAF 细分标准；该记录不提升排放数值。
closed,already_accepted,yes,ghg_corporate_standard,,r097_enel,ENEL,意大利国家电力公司,97,ghg_corporate_standard,GHG Protocol Corporate Accounting and Reporting Standard,GHG Protocol 企业核算与报告标准,pdf_explicit_series_citation,ENEL-integrated-annual-report_2024.pdf,131,"[130, 131, 132]",[145],"2 emissions, and a limited level of assurance for Scope 3 emissions included in the field of application of the in- ventory. The audit was conducted according to Stand- ard ISO 14064-3 for the compliance of greenhouse gas (GHG) inventories with the WBCSD/WRI Corporate Accounting and Reporting Standard (GHG Protocol). ESRS E1-6 – Gross Scopes 1, 2, 3 and Total GHG emissions Greenhouse gas emission trends in 2024 GREENHOUSE GAS EMISSION TRENDS IN 2024 (MtCO2eq) 20.21 34.51 56.53 3.28 94.32 69.60 -0.10 0.21 34.51 94.43 3.18 56.74 3.13 46.26 -0.47 -3.81 -2.18 0.16 -0.71 -0.10 -11.32 -2.17 -1.42 -0.40 -0.15 -0.85 -1.…",PDF page backfill: mapped from the cited GHG Protocol evidence page plus adjacent page text; not promoted to direct-use emissions value.,PDF 页级回查：基于已引用的 GHG Protocol 证据页及相邻页文本映射；不提升为直接采信排放值。
closed,already_accepted,yes,ghg_corporate_standard,,r097_enel,ENEL,意大利国家电力公司,97,ghg_corporate_standard,GHG Protocol Corporate Accounting and Reporting Standard,GHG Protocol 企业核算与报告标准,pdf_explicit_series_citation,ENEL-integrated-annual-report_2024.pdf,145,[145],[145],"2 emissions, and a limited level of assurance for Scope 3 emissions included in the field of application of the in- ventory. The audit was conducted according to Stand- ard ISO 14064-3 for the compliance of greenhouse gas (GHG) inventories with the WBCSD/WRI Corporate Accounting and Reporting Standard (GHG Protocol). ESRS E1-6 – Gross Scopes 1, 2, 3 and Total GHG emissions Greenhouse gas emission trends in 2024 GREENHOUSE GAS EMISSION TRENDS IN 2024 (MtCO2eq) 20.21 34.51 56.53 3.28 94.32 69.60 -0.10 0.21 34.51 94.43 3.18 56.74 3.13 46.26 -0.47 -3.81 -2.18 0.16 -0.71 -0.10 -11.32 -2.17 -1.42 -0.40 -0.15 -0.85 -1.…","PDF full-document exact-series scan: the report page names a controlled GHG Protocol/PCAF fine standard in an accounting, reporting, methodology, or assurance context; this does not promote emissions values.",PDF 全文精确系列扫描：报告页在核算、报告、方法或鉴证语境中命名受控 GHG Protocol/PCAF 细分标准；该记录不提升排放数值。
closed,already_accepted,yes,ghg_corporate_standard,,r098_eni,ENI,埃尼石油公司,98,ghg_corporate_standard,GHG Protocol Corporate Accounting and Reporting Standard,GHG Protocol 企业核算与报告标准,pdf_explicit_series_citation,ENI-Annual-Report-2024.pdf,159,[159],[159],"defined on an equity basis and, therefore, have a different boundary from that defined by the reporting required by CSRD-ESRS. For more details on the reconciliation of boundaries, please refer to the Metrics section. (51) WBCSD/WRI GHG Protocol Initiative, A Corporate Accounting and Reporting Standard. (52) Estimating petroleum industry value chain (Scope 3) greenhouse gas emissions. Overview of methodologies, IPIECA - 2016. its pathway towards Carbon Neutrality through targets based on indicators defined on an equity-basis50. The Lifecycle indicators (Net GHG Lifecycle Emissions and Net Carbon Intensity) are c…","PDF full-document exact-series scan: the report page names a controlled GHG Protocol/PCAF fine standard in an accounting, reporting, methodology, or assurance context; this does not promote emissions values.",PDF 全文精确系列扫描：报告页在核算、报告、方法或鉴证语境中命名受控 GHG Protocol/PCAF 细分标准；该记录不提升排放数值。
closed,already_accepted,yes,,,r098_eni,ENI,埃尼石油公司,98,ghg_scope3_standard,GHG Protocol Corporate Value Chain (Scope 3) Accounting and Reporting Standard,GHG Protocol 企业价值链（Scope 3）核算与报告标准,pdf_explicit_series_citation,ENI-Annual-Report-2024.pdf,23,[23],[23],"09 101 Re-injected production water (%) 51 42 43 (a) KPIs are calculated on an equity bases. Considering the update of the Global Warming Potential coefficients by the IPCC in 2024, the 2023 and 2022 data are reported accordingly. b) GHG Protocol Category 11- Corporate Value Chain (Scope 3) Standard. Estimated on the basis of the upstream production (Eni’s share) in line with IPIECA methodologies. (c) KPIs refer to 100% of the operated assets, consolidated and unconsolidated, with reference to the operatorship criteria expressed in the standards of the Sustainability Statement. The 2023 and 2022 data are reporte…","PDF full-document exact-series scan: the report page names a controlled GHG Protocol/PCAF fine standard in an accounting, reporting, methodology, or assurance context; this does not promote emissions values.",PDF 全文精确系列扫描：报告页在核算、报告、方法或鉴证语境中命名受控 GHG Protocol/PCAF 细分标准；该记录不提升排放数值。
closed,already_accepted,yes,,,r098_eni,ENI,埃尼石油公司,98,ghg_scope3_standard,GHG Protocol Corporate Value Chain (Scope 3) Accounting and Reporting Standard,GHG Protocol 企业价值链（Scope 3）核算与报告标准,pdf_explicit_series_citation,ENI-Annual-Report-2024.pdf,159,[159],[159],"in terms of intensity (Net Zero Carbon Intensity)49. Eni’s decarbonization strategy, which includes the commitments to reduce emissions mainly related to the use of sold products, also contributes to promoting the decarbonization of the value chain (reducing Scope 3 emissions). Eni seeks to develop new, high-potential businesses related to the energy transition by creating independent companies able to access the capital market with autonomy, allowing them to finance their growth by attracting specialized investors. MAIN GHG EMISSION REDUCTION TARGETS In continuity with previously declared commitments and consid…","PDF full-document exact-series scan: the report page names a controlled GHG Protocol/PCAF fine standard in an accounting, reporting, methodology, or assurance context; this does not promote emissions values.",PDF 全文精确系列扫描：报告页在核算、报告、方法或鉴证语境中命名受控 GHG Protocol/PCAF 细分标准；该记录不提升排放数值。
closed,already_accepted,yes,,,r098_eni,ENI,埃尼石油公司,98,ghg_scope3_standard,GHG Protocol Corporate Value Chain (Scope 3) Accounting and Reporting Standard,GHG Protocol 企业价值链（Scope 3）核算与报告标准,pdf_explicit_series_citation,ENI-Annual-Report-2024.pdf,164,[164],[164],"16.0 16.6 -3% of which: upstream fugitives 1.7 2.0 -15% Upstream methane emission intensity (%) 0.09 0.10 -10% Volumes of hydrocarbons sent to flaring (billion Sm3) 0.84 0.89 -6% of which: routine Upstream 0.12 0.24 -51% (a) Category 11 of the GHG Protocol - Corporate Value Chain (Scope 3) Standard. Estimated based on upstream production sold as Eni’s share in line with IPIECA methodologies. The emissions of consolidated companies alone amount to 137.2 MtCO2eq. in 2024. (b) GHG emissions associated with the life cycle of energy products sold by Eni. For more information, see Metrics: methodology. (c) The indicat…","PDF full-document exact-series scan: the report page names a controlled GHG Protocol/PCAF fine standard in an accounting, reporting, methodology, or assurance context; this does not promote emissions values.",PDF 全文精确系列扫描：报告页在核算、报告、方法或鉴证语境中命名受控 GHG Protocol/PCAF 细分标准；该记录不提升排放数值。
closed,already_accepted,yes,ghg_corporate_standard,,r101_eon,E.ON,意昂集团,101,ghg_corporate_standard,GHG Protocol Corporate Accounting and Reporting Standard,GHG Protocol 企业核算与报告标准,pdf_explicit_series_citation,E.ON-GB24-gesamt-EN_final.pdf,41,"[40, 41, 42]",[43],"e other measures and targets relating to climate-friendly energy generation and energy- efficiency measures. Progress and Measures In line with ESRS E1 requirements, E.ON calculates its emissions using the globally recognized WRI/WBCSD Greenhouse Gas Protocol Corporate Accounting and Reporting Standard (“GHG Protocol”) for the now seven GHGs covered by the Kyoto Protocol: carbon dioxide (“CO2”), methane (“CH4”), nitrous oxide (“N2O”), hydrofluorocarbons (“HFCs”), perfluorocarbons (“PFCs”), sulfur hexafluoride (“SF6”) and also nitrogen trifluoride (“NF3”). CO2 is by far our biggest GHG. Other GHGs like SF6 and CH…",PDF page backfill: mapped from the cited GHG Protocol evidence page plus adjacent page text; not promoted to direct-use emissions value.,PDF 页级回查：基于已引用的 GHG Protocol 证据页及相邻页文本映射；不提升为直接采信排放值。
closed,already_accepted,yes,ghg_corporate_standard,,r101_eon,E.ON,意昂集团,101,ghg_corporate_standard,GHG Protocol Corporate Accounting and Reporting Standard,GHG Protocol 企业核算与报告标准,pdf_explicit_series_citation,E.ON-GB24-gesamt-EN_final.pdf,43,[43],[43],"e other measures and targets relating to climate-friendly energy generation and energy- efficiency measures. Progress and Measures In line with ESRS E1 requirements, E.ON calculates its emissions using the globally recognized WRI/WBCSD Greenhouse Gas Protocol Corporate Accounting and Reporting Standard (“GHG Protocol”) for the now seven GHGs covered by the Kyoto Protocol: carbon dioxide (“CO2”), methane (“CH4”), nitrous oxide (“N2O”), hydrofluorocarbons (“HFCs”), perfluorocarbons (“PFCs”), sulfur hexafluoride (“SF6”) and also nitrogen trifluoride (“NF3”). CO2 is by far our biggest GHG. Other GHGs like SF6 and CH…","PDF full-document exact-series scan: the report page names a controlled GHG Protocol/PCAF fine standard in an accounting, reporting, methodology, or assurance context; this does not promote emissions values.",PDF 全文精确系列扫描：报告页在核算、报告、方法或鉴证语境中命名受控 GHG Protocol/PCAF 细分标准；该记录不提升排放数值。
closed,already_accepted,yes,ghg_scope3_standard,,r101_eon,E.ON,意昂集团,101,ghg_scope3_standard,GHG Protocol Corporate Value Chain (Scope 3) Accounting and Reporting Standard,GHG Protocol 企业价值链（Scope 3）核算与报告标准,pdf_explicit_series_citation,E.ON-GB24-gesamt-EN_final.pdf,41,"[40, 41, 42]",[43],".ON’s networks would be considerable. We therefore use the emission factor of each country’s residual generation mix. In most cases, this factor is significantly higher than the factor of the national generation mix. Alongside ESRS E1 requirements, we use the Corporate Value Chain (Scope 3) Accounting and Reporting Standard to calculate Scope 3 emissions. It defines 15 Scope 3 categories. E.ON conducts an analysis to identify the Scope 3 categories that are significant for the Group. We define as material those categories that account for more than 10 percent of E.ON’s Scope 3 footprint. These are E.ON’s emissio…",PDF page backfill: mapped from the cited GHG Protocol evidence page plus adjacent page text; not promoted to direct-use emissions value.,PDF 页级回查：基于已引用的 GHG Protocol 证据页及相邻页文本映射；不提升为直接采信排放值。
closed,already_accepted,yes,ghg_scope3_standard,,r101_eon,E.ON,意昂集团,101,ghg_scope3_standard,GHG Protocol Corporate Value Chain (Scope 3) Accounting and Reporting Standard,GHG Protocol 企业价值链（Scope 3）核算与报告标准,pdf_explicit_series_citation,E.ON-GB24-gesamt-EN_final.pdf,43,[43],[43],".ON’s networks would be considerable. We therefore use the emission factor of each country’s residual generation mix. In most cases, this factor is significantly higher than the factor of the national generation mix. Alongside ESRS E1 requirements, we use the Corporate Value Chain (Scope 3) Accounting and Reporting Standard to calculate Scope 3 emissions. It defines 15 Scope 3 categories. E.ON conducts an analysis to identify the Scope 3 categories that are significant for the Group. We define as material those categories that account for more than 10 percent of E.ON’s Scope 3 footprint. These are E.ON’s emissio…","PDF full-document exact-series scan: the report page names a controlled GHG Protocol/PCAF fine standard in an accounting, reporting, methodology, or assurance context; this does not promote emissions values.",PDF 全文精确系列扫描：报告页在核算、报告、方法或鉴证语境中命名受控 GHG Protocol/PCAF 细分标准；该记录不提升排放数值。
closed,already_accepted,yes,ghg_corporate_standard,,r105_boschgroup,BOSCH GROUP,博世集团,105,ghg_corporate_standard,GHG Protocol Corporate Accounting and Reporting Standard,GHG Protocol 企业核算与报告标准,pdf_explicit_series_citation,bosch-sustainability-report-2024.pdf,8,[8],[8],"of the business sectors, and the company’s economic situation, can be found in the current annual report. Bosch also supports the United Nations Sustainable Development Goals (SDG). 3 Scopes 1, 2, and 3 are used in accordance with the Greenhouse Gas Protocol Corporate Accounting and Reporting Standard. For further details about the Bosch Group’s carbon neutrality (scope 1 & 2), see the “Environment | Climate action” section. Sustainability report 2024 Environment Governance Social Annex 08 Strategy and management Bosch Group profile","PDF full-document exact-series scan: the report page names a controlled GHG Protocol/PCAF fine standard in an accounting, reporting, methodology, or assurance context; this does not promote emissions values.",PDF 全文精确系列扫描：报告页在核算、报告、方法或鉴证语境中命名受控 GHG Protocol/PCAF 细分标准；该记录不提升排放数值。
closed,already_accepted,yes,ghg_corporate_standard,,r105_boschgroup,BOSCH GROUP,博世集团,105,ghg_corporate_standard,GHG Protocol Corporate Accounting and Reporting Standard,GHG Protocol 企业核算与报告标准,pdf_explicit_series_citation,bosch-sustainability-report-2024.pdf,17,[17],[17],"in the company for monitoring local wastewater quality requirements and standards (see the “Environment | Other environmental impacts” section). Goals and goal achievement T 03 4 Scopes 1, 2, and 3 are used here in accordance with the Greenhouse Gas Protocol Corporate Accounting and Reporting Standard. We have taken into account the effects of CO₂ and of other greenhouse gases, as well as climate-relevant substances, to the extent that these are of relevance for the analysis. To enable comparability between the climate impact of the various greenhouse gases and substances of relevance for the climate, emissions …","PDF full-document exact-series scan: the report page names a controlled GHG Protocol/PCAF fine standard in an accounting, reporting, methodology, or assurance context; this does not promote emissions values.",PDF 全文精确系列扫描：报告页在核算、报告、方法或鉴证语境中命名受控 GHG Protocol/PCAF 细分标准；该记录不提升排放数值。
closed,already_accepted,yes,ghg_corporate_standard,,r105_boschgroup,BOSCH GROUP,博世集团,105,ghg_corporate_standard,GHG Protocol Corporate Accounting and Reporting Standard,GHG Protocol 企业核算与报告标准,pdf_explicit_series_citation,bosch-sustainability-report-2024.pdf,29,[29],[29],"ng 328 295 269 Vehicle fleet 117 129 135 Volatile GHG 78 77 57 Scope 1 523 501 460 Electricity 119 15 9 District heat, steam, cooling energy 75 65 63 Scope 2 194 80 71 T 05 T 06 8 Scopes 1, 2, and 3 are used here in accordance with the Greenhouse Gas Protocol Corporate Accounting and Reporting Standard. We have taken into account the effects of CO₂ and of other greenhouse gases, as well as climate-relevant substances, to the extent that these are of relevance for the analysis. To enable comparability between the climate impact of the various greenhouse gases and substances of relevance for the climate, emissions…","PDF full-document exact-series scan: the report page names a controlled GHG Protocol/PCAF fine standard in an accounting, reporting, methodology, or assurance context; this does not promote emissions values.",PDF 全文精确系列扫描：报告页在核算、报告、方法或鉴证语境中命名受控 GHG Protocol/PCAF 细分标准；该记录不提升排放数值。
closed,already_accepted,yes,ghg_corporate_standard,,r111_morganstanley,MORGAN STANLEY,摩根士丹利,111,ghg_corporate_standard,GHG Protocol Corporate Accounting and Reporting Standard,GHG Protocol 企业核算与报告标准,pdf_explicit_series_citation,Morgan_Stanley_2023_ESG_Report.pdf,47,[47],[47],"ances where green power contracts and instruments that we accept for our purposes to meet carbon neutrality do not align with the criteria required to reflect those purchases in our scope 2 market-based figure in accordance with the Greenhouse Gas Protocol: A Corporate Accounting and Reporting Standard (Revised Edition) (“GHG Protocol”). For our GHG emissions table aligned with the GHG protocol, please see the Operational Emissions section. MORGAN STANLEY | 2023 ESG REPORT 47 INTRODUCTION SUSTAINABLE FINANCE HUMAN CAPITAL CLIMATE GOVERNANCE AND RISK MANAGEMENT APPENDICES","PDF full-document exact-series scan: the report page names a controlled GHG Protocol/PCAF fine standard in an accounting, reporting, methodology, or assurance context; this does not promote emissions values.",PDF 全文精确系列扫描：报告页在核算、报告、方法或鉴证语境中命名受控 GHG Protocol/PCAF 细分标准；该记录不提升排放数值。
closed,already_accepted,yes,ghg_corporate_standard,,r111_morganstanley,MORGAN STANLEY,摩根士丹利,111,ghg_corporate_standard,GHG Protocol Corporate Accounting and Reporting Standard,GHG Protocol 企业核算与报告标准,pdf_explicit_series_citation,Morgan_Stanley_2023_ESG_Report.pdf,89,[89],[89],"issions for the Auto Manufacturing, Energy and Power sectors for the year ended December 31, 2022 included within the Morgan Stanley 2023 ESG Report (referred to as “Absolute Financed Emissions”) are presented in accordance with the Greenhouse Gas Protocol: A Corporate Accounting and Reporting Standard (Revised Edition) published by the World Resources Institute/World Business Council for Sustainable Development (the “GHG Protocol”), (2) the Scope 1, Scope 2, Scope 3, Category 6 (Business travel) and Scope 3, Category 13 (Downstream leased assets) Greenhouse Gas Emissions metrics for the year ended December 31, …","PDF full-document exact-series scan: the report page names a controlled GHG Protocol/PCAF fine standard in an accounting, reporting, methodology, or assurance context; this does not promote emissions values.",PDF 全文精确系列扫描：报告页在核算、报告、方法或鉴证语境中命名受控 GHG Protocol/PCAF 细分标准；该记录不提升排放数值。
closed,already_accepted,yes,ghg_corporate_standard,,r111_morganstanley,MORGAN STANLEY,摩根士丹利,111,ghg_corporate_standard,GHG Protocol Corporate Accounting and Reporting Standard,GHG Protocol 企业核算与报告标准,pdf_explicit_series_citation,Morgan_Stanley_2023_ESG_Report.pdf,90,[90],[90],"issions for the Auto Manufacturing, Energy and Power sectors for the year ended December 31, 2022 included within the Morgan Stanley 2023 ESG Report (referred to as “Absolute Financed Emissions”) are presented in accordance with the Greenhouse Gas Protocol: A Corporate Accounting and Reporting Standard (Revised Edition) published by the World Resources Institute/World Business Council for Sustainable Development (the “GHG Protocol”), (2) its Scope 1, Scope 2, Scope 3, Category 6 (Business travel) and Scope 3, Category 13 (Downstream leased assets) Greenhouse Gas Emissions metrics for the year ended December 31, …","PDF full-document exact-series scan: the report page names a controlled GHG Protocol/PCAF fine standard in an accounting, reporting, methodology, or assurance context; this does not promote emissions values.",PDF 全文精确系列扫描：报告页在核算、报告、方法或鉴证语境中命名受控 GHG Protocol/PCAF 细分标准；该记录不提升排放数值。
closed,already_accepted,yes,ghg_financial_industry_standard,,r111_morganstanley,MORGAN STANLEY,摩根士丹利,111,ghg_financial_industry_standard,Global GHG Accounting and Reporting Standard for the Financial Industry,金融行业全球温室气体核算与报告标准,pdf_explicit_series_citation,Morgan_Stanley_2023_ESG_Report.pdf,56,[56],[56],"Our 2030 targets are based on emissions intensity. However, we recognize that absolute emissions provide helpful additional context, and so we also report them, using guidance from PCAF. Absolute Financed Emissions (AFE) SECTOR (tCO2e) 2019 2020 2021 202237,38 Auto Manufacturing 38,101 16,298 4,120 95,039 (Scope 1 + 2) 1,591 410 80 1,164 (Scope 3) 36,510 15,888 4,040 93,875 Energy 1,473,781 2,362,679 1,144,234 3,602,827 (Scope 1 + 2) 165,401 207,880 125,511 209,604 (Scope 3) 1,308,380 2,154,799 1,018,723 3,393,223 Power 882,542 394,107 843","PDF full-document exact-series scan: the report page names a controlled GHG Protocol/PCAF fine standard in an accounting, reporting, methodology, or assurance context; this does not promote emissions values.",PDF 全文精确系列扫描：报告页在核算、报告、方法或鉴证语境中命名受控 GHG Protocol/PCAF 细分标准；该记录不提升排放数值。
closed,already_accepted,yes,ghg_financial_industry_standard,,r111_morganstanley,MORGAN STANLEY,摩根士丹利,111,ghg_financial_industry_standard,Global GHG Accounting and Reporting Standard for the Financial Industry,金融行业全球温室气体核算与报告标准,pdf_explicit_series_citation,Morgan_Stanley_2023_ESG_Report.pdf,57,[57],[57],"PCAF Data Quality Scores Morgan Stanley’s calculation of data quality scores for our financed emissions reporting is informed by the PCAF guidance, but also based on the methodology of our third-party data vendor. This includes use of third-party data inputs, and sometimes requires estimates and assumptions based on the availability of data. These scores indicat","PDF full-document exact-series scan: the report page names a controlled GHG Protocol/PCAF fine standard in an accounting, reporting, methodology, or assurance context; this does not promote emissions values.",PDF 全文精确系列扫描：报告页在核算、报告、方法或鉴证语境中命名受控 GHG Protocol/PCAF 细分标准；该记录不提升排放数值。
closed,already_accepted,yes,ghg_financial_industry_standard,,r111_morganstanley,MORGAN STANLEY,摩根士丹利,111,ghg_financial_industry_standard,Global GHG Accounting and Reporting Standard for the Financial Industry,金融行业全球温室气体核算与报告标准,pdf_explicit_series_citation,Morgan_Stanley_2023_ESG_Report.pdf,82,[82],[82],"cope 3, Category 15. The lending facilities included in our AFE calculation are limited to those within the Auto Manufacturing, Power, and Energy sectors within our corporate lending portfolio. As informed by the Business Loans asset class guidance within the PCAF Global GHG Accounting and Reporting Standard (2022), AFE related to these outstanding facilities are attributed to Morgan Stanley on the basis of our share of lending relative to the client’s company value for public companies (i.e. Enterprise Value Including Cash (EVIC) (based on our third-party vendor’s methodology)) or total company debt plus total …","PDF full-document exact-series scan: the report page names a controlled GHG Protocol/PCAF fine standard in an accounting, reporting, methodology, or assurance context; this does not promote emissions values.",PDF 全文精确系列扫描：报告页在核算、报告、方法或鉴证语境中命名受控 GHG Protocol/PCAF 细分标准；该记录不提升排放数值。
closed,current_edge_demoted_reassignment_already_accepted,no,ghg_financial_industry_standard,ghg_financial_industry_standard,r111_morganstanley,MORGAN STANLEY,摩根士丹利,111,ghg_scope3_standard,GHG Protocol Corporate Value Chain (Scope 3) Accounting and Reporting Standard,GHG Protocol 企业价值链（Scope 3）核算与报告标准,pdf_explicit_series_citation,Morgan_Stanley_2023_ESG_Report.pdf,57,[57],[57],"e third- party verified, whereas economic activity-based emissions factors, which are used to estimate company emissions, are considered lower data quality. PCAF guidance recommends calculating a data quality score for scopes 1 and 2 separate from a score for scope 3. For more information on the PCAF methodology document.39 Application of our third-party data vendor’s methodology may result in data quality scores which are not reflective of all emissions data within any given emissions scope. For example, if a company reports emissions for just one single scope 3 category, the overall data quality score for scop…","PDF full-document exact-series scan: the report page names a controlled GHG Protocol/PCAF fine standard in an accounting, reporting, methodology, or assurance context; this does not promote emissions values.",PDF 全文精确系列扫描：报告页在核算、报告、方法或鉴证语境中命名受控 GHG Protocol/PCAF 细分标准；该记录不提升排放数值。
closed,already_accepted,yes,ghg_corporate_standard,,r113_brookfield,BROOKFIELD,博枫公司,113,ghg_corporate_standard,GHG Protocol Corporate Accounting and Reporting Standard,GHG Protocol 企业核算与报告标准,pdf_explicit_series_citation,BROOKFIELD-BAM Ltd. 2024 Sustainability Report.pdf,96,[96],[96],"ope 1) GHG emissions: 322 mtCO2e Gases (CO2, CH4, N2O, HFCs), where applicable, are included in the calculation. Base year: Key Performance Metrics. Our Direct (scope 1) GHG emissions are calculated following our internal methodology based on the GHG Protocol Corporate Accounting and Reporting Standard. Emissions from the combustion of natural gas and diesel are calculated by obtaining activity data on fuel consumption for facilities where data is available. Geographic-specific emission factors are utilized where available, including NIR, NGER, USEPA, and DEFRA. GWP factors may differ depending on emission facto…","PDF full-document exact-series scan: the report page names a controlled GHG Protocol/PCAF fine standard in an accounting, reporting, methodology, or assurance context; this does not promote emissions values.",PDF 全文精确系列扫描：报告页在核算、报告、方法或鉴证语境中命名受控 GHG Protocol/PCAF 细分标准；该记录不提升排放数值。
closed,already_accepted,yes,ghg_corporate_standard|ghg_scope2_guidance,ghg_scope2_guidance,r113_brookfield,BROOKFIELD,博枫公司,113,ghg_corporate_standard,GHG Protocol Corporate Accounting and Reporting Standard,GHG Protocol 企业核算与报告标准,pdf_explicit_series_citation,BROOKFIELD-BAM Ltd. 2024 Sustainability Report.pdf,97,[97],[97],"e 2) GHG emissions: 2,445 mtCO2e Gases (CO2, CH4, N2O), where applicable, are included in the calculation. Base year: Key Performance Metrics. Our indirect (scope 2) GHG emissions are calculated following our internal methodology based on the (1) GHG Protocol Corporate Accounting and Reporting Standard and (2) GHG Protocol - scope 2 Guidance. This includes emissions from purchased electricity, heating, cooling and landlord paid heating in leased office space. Emissions from purchased electricity consumption are calculated by obtaining activity data for facilities where data is available. When data is not availab…","PDF full-document exact-series scan: the report page names a controlled GHG Protocol/PCAF fine standard in an accounting, reporting, methodology, or assurance context; this does not promote emissions values.",PDF 全文精确系列扫描：报告页在核算、报告、方法或鉴证语境中命名受控 GHG Protocol/PCAF 细分标准；该记录不提升排放数值。
closed,already_accepted,yes,ghg_corporate_standard,,r113_brookfield,BROOKFIELD,博枫公司,113,ghg_corporate_standard,GHG Protocol Corporate Accounting and Reporting Standard,GHG Protocol 企业核算与报告标准,pdf_explicit_series_citation,BROOKFIELD-BAM Ltd. 2024 Sustainability Report.pdf,105,[105],[105],"ays. 3 2024 Emission factor database. 4 Refers to portfolio companies where Brookfield has a position of financial control, representing 51% of Invested AUM as of December 31, 2024. Our GHG emissions calculation is guided by the principles of the GHG Protocol Corporate Accounting and Reporting Standard issued by the World Business Council for Sustainable Development and the World Resource Institute. Scope 2 emissions are a combination of location-based and market-based emissions in the base year and are market-based in 2023 and 2024. We intend to include material scope 3 emissions at a future time when we are ab…","PDF full-document exact-series scan: the report page names a controlled GHG Protocol/PCAF fine standard in an accounting, reporting, methodology, or assurance context; this does not promote emissions values.",PDF 全文精确系列扫描：报告页在核算、报告、方法或鉴证语境中命名受控 GHG Protocol/PCAF 细分标准；该记录不提升排放数值。
closed,already_accepted,yes,ghg_financial_industry_standard,,r113_brookfield,BROOKFIELD,博枫公司,113,ghg_financial_industry_standard,Global GHG Accounting and Reporting Standard for the Financial Industry,金融行业全球温室气体核算与报告标准,pdf_explicit_series_citation,BROOKFIELD-BAM Ltd. 2024 Sustainability Report.pdf,62,[62],[62],"lidated industry proxies, where possible. Internal estimates undergo reasonability checks, but limitations in data visibility mean figures are best estimates and subject to change. We continue to face data availability challenges in certain asset classes, and PCAF’s Financed Emissions Standard 6 lacks guidance for some private equity funds and other products. We use a PCAF-like scoring framework to assess data quality for our financed emissions. For investments where data quality scores are available—covering approximately 50% of total financed emissions—data quality scores generally fall between 2 and 4. In thi…","PDF full-document exact-series scan: the report page names a controlled GHG Protocol/PCAF fine standard in an accounting, reporting, methodology, or assurance context; this does not promote emissions values.",PDF 全文精确系列扫描：报告页在核算、报告、方法或鉴证语境中命名受控 GHG Protocol/PCAF 细分标准；该记录不提升排放数值。
closed,already_accepted,yes,ghg_financial_industry_standard,,r113_brookfield,BROOKFIELD,博枫公司,113,ghg_financial_industry_standard,Global GHG Accounting and Reporting Standard for the Financial Industry,金融行业全球温室气体核算与报告标准,pdf_explicit_series_citation,BROOKFIELD-BAM Ltd. 2024 Sustainability Report.pdf,105,[105],[105],"sed on our ownership as of December 31, 2024. 5 Business loans and unlisted equity include private credit and private equity investments. 6 2023 financed emissions were restated in 2024 to reflect improvements in data quality and availability. 7 Refers to the Partnership for Carbon Accounting Financials (PCAF): The Global GHG Accounting & Reporting Standard Part A: Financed Emissions and its related data quality guidance. Where available from third-party systems and/or company reported data, we have assessed the quality of our data referencing a similar scoring system. 8 Data quality score is provided for 43% of…","PDF full-document exact-series scan: the report page names a controlled GHG Protocol/PCAF fine standard in an accounting, reporting, methodology, or assurance context; this does not promote emissions values.",PDF 全文精确系列扫描：报告页在核算、报告、方法或鉴证语境中命名受控 GHG Protocol/PCAF 细分标准；该记录不提升排放数值。
closed,already_accepted,yes,ghg_corporate_standard|ghg_scope2_guidance,ghg_corporate_standard,r113_brookfield,BROOKFIELD,博枫公司,113,ghg_scope2_guidance,GHG Protocol Scope 2 Guidance,GHG Protocol Scope 2 指南,pdf_explicit_series_citation,BROOKFIELD-BAM Ltd. 2024 Sustainability Report.pdf,97,[97],[97],"cable, are included in the calculation. Base year: Key Performance Metrics. Our indirect (scope 2) GHG emissions are calculated following our internal methodology based on the (1) GHG Protocol Corporate Accounting and Reporting Standard and (2) GHG Protocol - scope 2 Guidance. This includes emissions from purchased electricity, heating, cooling and landlord paid heating in leased office space. Emissions from purchased electricity consumption are calculated by obtaining activity data for facilities where data is available. When data is not available, consumption is estimated based on: (1) the total 2024 employee …","PDF full-document exact-series scan: the report page names a controlled GHG Protocol/PCAF fine standard in an accounting, reporting, methodology, or assurance context; this does not promote emissions values.",PDF 全文精确系列扫描：报告页在核算、报告、方法或鉴证语境中命名受控 GHG Protocol/PCAF 细分标准；该记录不提升排放数值。
closed,already_accepted,yes,ghg_corporate_standard|ghg_scope3_calculation_guidance|ghg_scope3_standard,ghg_corporate_standard|ghg_scope3_standard,r113_brookfield,BROOKFIELD,博枫公司,113,ghg_scope3_calculation_guidance,GHG Protocol Scope 3 Calculation Guidance,GHG Protocol Scope 3 计算指南,pdf_explicit_series_citation,BROOKFIELD-BAM Ltd. 2024 Sustainability Report.pdf,97,[97],[97],"scope 3) GHG emissions are calculated following our internal methodology based on the (1) GHG Protocol Corporate Accounting and Reporting Standard, (2) GHG Protocol - The Corporate Value Chain (scope 3) Accounting and Reporting Standard and (3) GHG Protocol - Technical Guidance for Calculating Scope 3 Emissions. Emissions from waste generated in Brookfield operations (scope 3 category 5) are calculated by obtaining the amount of waste generated annually, categorized by waste type and disposal method (recycled, landfilled, combusted, composted), where data is available. Emission factors are sourced from the U.K. …","PDF full-document exact-series scan: the report page names a controlled GHG Protocol/PCAF fine standard in an accounting, reporting, methodology, or assurance context; this does not promote emissions values.",PDF 全文精确系列扫描：报告页在核算、报告、方法或鉴证语境中命名受控 GHG Protocol/PCAF 细分标准；该记录不提升排放数值。
closed,already_accepted,yes,ghg_corporate_standard|ghg_scope3_calculation_guidance|ghg_scope3_standard,ghg_corporate_standard|ghg_scope3_calculation_guidance,r113_brookfield,BROOKFIELD,博枫公司,113,ghg_scope3_standard,GHG Protocol Corporate Value Chain (Scope 3) Accounting and Reporting Standard,GHG Protocol 企业价值链（Scope 3）核算与报告标准,pdf_explicit_series_citation,BROOKFIELD-BAM Ltd. 2024 Sustainability Report.pdf,97,[97],[97],"inanced emissions. Base year: Key Performance Metrics, Metrics and Targets Our indirect (scope 3) GHG emissions are calculated following our internal methodology based on the (1) GHG Protocol Corporate Accounting and Reporting Standard, (2) GHG Protocol - The Corporate Value Chain (scope 3) Accounting and Reporting Standard and (3) GHG Protocol - Technical Guidance for Calculating Scope 3 Emissions. Emissions from waste generated in Brookfield operations (scope 3 category 5) are calculated by obtaining the amount of waste generated annually, categorized by waste type and disposal method (recycled, landfilled, co…","PDF full-document exact-series scan: the report page names a controlled GHG Protocol/PCAF fine standard in an accounting, reporting, methodology, or assurance context; this does not promote emissions values.",PDF 全文精确系列扫描：报告页在核算、报告、方法或鉴证语境中命名受控 GHG Protocol/PCAF 细分标准；该记录不提升排放数值。
closed,already_accepted,yes,,,r113_brookfield,BROOKFIELD,博枫公司,113,ghg_scope3_standard,GHG Protocol Corporate Value Chain (Scope 3) Accounting and Reporting Standard,GHG Protocol 企业价值链（Scope 3）核算与报告标准,pdf_explicit_series_citation,BROOKFIELD-BAM Ltd. 2024 Sustainability Report.pdf,105,[105],[105],"ed in scope 2. In 2023, using guidance from the GHG Protocol, we started reporting fugitive emissions from all facilities (owned & leased) under scope 1. 2019 figures have been restated to provide a consistent year-over-year comparison. 3 In determining which scope 3 activities could be relevant, we considered emissions size, influence, risk, our stakeholders, outsourcing, sector guidance and data availability. 4 Base year data is not available for scope 3, category 5. 5 Air travel emissions include both direct (CO2, CH4 and N2O) and indirect (non-CO2 emissions e.g., water vapor, contrails, NOx) climate change e…","PDF full-document exact-series scan: the report page names a controlled GHG Protocol/PCAF fine standard in an accounting, reporting, methodology, or assurance context; this does not promote emissions values.",PDF 全文精确系列扫描：报告页在核算、报告、方法或鉴证语境中命名受控 GHG Protocol/PCAF 细分标准；该记录不提升排放数值。
closed,already_accepted,yes,ghg_corporate_standard,,r114_royalaholddelhaize,ROYAL AHOLD DELHAIZE,皇家阿霍德德尔海兹集团,114,ghg_corporate_standard,GHG Protocol Corporate Accounting and Reporting Standard,GHG Protocol 企业核算与报告标准,pdf_explicit_series_citation,Ahold_Delhaize_Annual_Report_2024.pdf,117,"[116, 117, 118]",,"GHG emissions from the private and public sectors. Our carbon footprint methodology follows the guidelines of the World Business Council for Sustainable Development (WBCSD)/WRI and we report our GHG emissions data with reference to the Greenhouse Gas Protocol Corporate Accounting and Reporting Standard. Our methodology, estimates and judgments around the metrics used are included in Sustainability notes. Energy consumption and mix For details on the energy consumption and mix and energy intensity, see Climate change in the Sustainability notes. Gross scope 1, 2, 3 and total GHG emissions For details on the GHG e…",PDF page backfill: mapped from the cited GHG Protocol evidence page plus adjacent page text; not promoted to direct-use emissions value.,PDF 页级回查：基于已引用的 GHG Protocol 证据页及相邻页文本映射；不提升为直接采信排放值。
closed,already_accepted,yes,ghg_corporate_standard,,r114_royalaholddelhaize,ROYAL AHOLD DELHAIZE,皇家阿霍德德尔海兹集团,114,ghg_corporate_standard,GHG Protocol Corporate Accounting and Reporting Standard,GHG Protocol 企业核算与报告标准,pdf_explicit_series_citation,Ahold_Delhaize_Annual_Report_2024.pdf,118,[118],[118],"GHG emissions from the private and public sectors. Our carbon footprint methodology follows the guidelines of the World Business Council for Sustainable Development (WBCSD)/WRI and we report our GHG emissions data with reference to the Greenhouse Gas Protocol Corporate Accounting and Reporting Standard. Our methodology, estimates and judgments around the metrics used are included in Sustainability notes. Energy consumption and mix For details on the energy consumption and mix and energy intensity, see Climate change in the Sustainability notes. Gross scope 1, 2, 3 and total GHG emissions For details on the GHG e…","PDF full-document exact-series scan: the report page names a controlled GHG Protocol/PCAF fine standard in an accounting, reporting, methodology, or assurance context; this does not promote emissions values.",PDF 全文精确系列扫描：报告页在核算、报告、方法或鉴证语境中命名受控 GHG Protocol/PCAF 细分标准；该记录不提升排放数值。
closed,already_accepted,yes,ghg_corporate_standard,,r114_royalaholddelhaize,ROYAL AHOLD DELHAIZE,皇家阿霍德德尔海兹集团,114,ghg_corporate_standard,GHG Protocol Corporate Accounting and Reporting Standard,GHG Protocol 企业核算与报告标准,pdf_explicit_series_citation,Ahold_Delhaize_Annual_Report_2024.pdf,179,[179],[179],"t. Scope 1 and 2 emissions For our approach and progress on the material sustainability matter climate change, which also addresses GHG emissions, see Climate change. We report our scope 1 and 2 GHG emissions data with reference to the Greenhouse Gas Protocol Corporate Accounting and Reporting Standard. Our main sources of GHG emissions are fuel combustion, energy consumption and refrigerant leakages. To calculate carbon-equivalent emissions based on these sources, we use emission factors. GHG-emission data consists of a calculated CO2 equivalent, defined as actual CO2 emitted plus equivalent emission from other…","PDF full-document exact-series scan: the report page names a controlled GHG Protocol/PCAF fine standard in an accounting, reporting, methodology, or assurance context; this does not promote emissions values.",PDF 全文精确系列扫描：报告页在核算、报告、方法或鉴证语境中命名受控 GHG Protocol/PCAF 细分标准；该记录不提升排放数值。
closed,already_accepted,yes,ghg_scope2_guidance,,r114_royalaholddelhaize,ROYAL AHOLD DELHAIZE,皇家阿霍德德尔海兹集团,114,ghg_scope2_guidance,GHG Protocol Scope 2 Guidance,GHG Protocol Scope 2 指南,pdf_explicit_series_citation,Ahold_Delhaize_Annual_Report_2024.pdf,361,[361],[361],"ss of whether or not it is legal. LGBTQ+ LGBTQ+ is an acronym for lesbian, gay, bisexual, transgender, queer or questioning and others. These terms are used to describe a person’s sexual orientation or gender identity. Location-based approach The GHG Protocol Scope 2 Guidance (version 2015) defines the location-based approach as “a method that reflects the average emissions intensity of grids on which energy consumption occurs (using mostly grid-average emission factor data).” Market-based approach The GHG Protocol Scope 2 Guidance defines the market-based approach as “a method that reflects emissions from elect…","PDF full-document exact-series scan: the report page names a controlled GHG Protocol/PCAF fine standard in an accounting, reporting, methodology, or assurance context; this does not promote emissions values.",PDF 全文精确系列扫描：报告页在核算、报告、方法或鉴证语境中命名受控 GHG Protocol/PCAF 细分标准；该记录不提升排放数值。
closed,already_accepted,yes,,,r114_royalaholddelhaize,ROYAL AHOLD DELHAIZE,皇家阿霍德德尔海兹集团,114,ghg_scope3_standard,GHG Protocol Corporate Value Chain (Scope 3) Accounting and Reporting Standard,GHG Protocol 企业价值链（Scope 3）核算与报告标准,pdf_explicit_series_citation,Ahold_Delhaize_Annual_Report_2024.pdf,117,"[116, 117, 118]",,robust scope 1 and 2 footprint data. The 2018 (restated) baseline for SBTi target setting is 4.0 MtCO2e; see Sustainability notes for further details. Environmental information: climate continued Climate change continued Ahold Delhaize Annual Report 2024 116 Scope 3 targets Scope 3 (2020 SBTi-methodology baseline) Short term ó Suppliers representing 70% of our footprint will be asked to commit to the SBTi by 2025. ó All our suppliers will be asked to report on scope 3 by 2025. Near term1 ó We commit to reduce absolute scope 3 FLAG GHG emissions by 30.3% by 2030 from the 2020 SBTi baseline for near-term target (o…,PDF page backfill: mapped from the cited GHG Protocol evidence page plus adjacent page text; not promoted to direct-use emissions value.,PDF 页级回查：基于已引用的 GHG Protocol 证据页及相邻页文本映射；不提升为直接采信排放值。
closed,already_accepted,yes,,,r114_royalaholddelhaize,ROYAL AHOLD DELHAIZE,皇家阿霍德德尔海兹集团,114,ghg_scope3_standard,GHG Protocol Corporate Value Chain (Scope 3) Accounting and Reporting Standard,GHG Protocol 企业价值链（Scope 3）核算与报告标准,pdf_explicit_series_citation,Ahold_Delhaize_Annual_Report_2024.pdf,118,[118],[118],Scope 3 targets Scope 3 (2020 SBTi-methodology baseline) Short term ó Suppliers representing 70% of our footprint will be asked to commit to the SBTi by 2025. ó All our suppliers will be asked to report on scope 3 by 2025. Near term1 ó We commit to reduce absolute scope 3 FLAG GHG emissions by 30.3% by 2030 from the 2020 SBTi baseline for near-term target (of 16.8 MtCO2e)1. ó We commit to reduce absolute scope 3 E&I GHG emissions by 42.0% by 2030 from the 2020 SBTi baseline for near-term target (of 23.7 MtCO2e)1. Long term2 ó We commit to reduce absolute scope 3 FLAG GHG emissions by at least 72% by 2050 from th…,"PDF full-document exact-series scan: the report page names a controlled GHG Protocol/PCAF fine standard in an accounting, reporting, methodology, or assurance context; this does not promote emissions values.",PDF 全文精确系列扫描：报告页在核算、报告、方法或鉴证语境中命名受控 GHG Protocol/PCAF 细分标准；该记录不提升排放数值。
closed,already_accepted,yes,ghg_scope3_standard,,r114_royalaholddelhaize,ROYAL AHOLD DELHAIZE,皇家阿霍德德尔海兹集团,114,ghg_scope3_standard,GHG Protocol Corporate Value Chain (Scope 3) Accounting and Reporting Standard,GHG Protocol 企业价值链（Scope 3）核算与报告标准,pdf_explicit_series_citation,Ahold_Delhaize_Annual_Report_2024.pdf,180,[180],[180],"s as newly reported figures, with 2022 as the previously reported comparative. Our carbon footprint methodology follows the guidelines of the WBCSD/WRI and we report our scope 3 GHG emissions with reference to the latest version of the Greenhouse Gas Protocol Corporate Value Chain (scope 3) Accounting and Reporting Standard (version 2011). To calculate carbon-equivalent emissions, we use emission factors. GHG emissions data consists of a calculated CO2 equivalent, as defined above under scope 1 and 2 emissions methodology. Calculating scope 3 emissions is complex. Our grocery retail brands have hundreds of thous…","PDF full-document exact-series scan: the report page names a controlled GHG Protocol/PCAF fine standard in an accounting, reporting, methodology, or assurance context; this does not promote emissions values.",PDF 全文精确系列扫描：报告页在核算、报告、方法或鉴证语境中命名受控 GHG Protocol/PCAF 细分标准；该记录不提升排放数值。
closed,already_accepted,yes,ghg_financial_industry_standard,,r121_mitsui,MITSUI,三井物产株式会社,121,ghg_financial_industry_standard,Global GHG Accounting and Reporting Standard for the Financial Industry,金融行业全球温室气体核算与报告标准,pdf_explicit_series_citation,SUMITOMO MITSUI FINANCIAL GROUP sustainability_report_e_2025.pdf,90,[90],[90],"Setting 2030 medium-term targets as well as 2050 long-term targets and disclosing progress. ⚫ Calculates GHG emissions in the power and oil & gas sectors for underwriting, which is the core business of securities business. ⚫ Based on the final version of the PCAF guidelines, the calculation method has been advanced. ⚫Appendix: Methodology for calculating Underwriting Financed Emissions ⚫Sumitomo Mitsui DS Asset Management website > Information disclosure based on TCFD (https://www.smd-am.co.jp/corporate/vision/fiduciary/03/) P. 137 P. 137 SMDAM: Reduction targets and results SMBC Nikko Securities: Underwriting F…","PDF full-document exact-series scan: the report page names a controlled GHG Protocol/PCAF fine standard in an accounting, reporting, methodology, or assurance context; this does not promote emissions values.",PDF 全文精确系列扫描：报告页在核算、报告、方法或鉴证语境中命名受控 GHG Protocol/PCAF 细分标准；该记录不提升排放数值。
closed,already_accepted,yes,ghg_financial_industry_standard,,r121_mitsui,MITSUI,三井物产株式会社,121,ghg_financial_industry_standard,Global GHG Accounting and Reporting Standard for the Financial Industry,金融行业全球温室气体核算与报告标准,pdf_explicit_series_citation,SUMITOMO MITSUI FINANCIAL GROUP sustainability_report_e_2025.pdf,127,[127],[127],"uity + Debt of each customer/project)*6 • Company emissions (GHG emissions) = Each customer’s revenue* 7 × Emission factor per revenue amount Calculated using a unified method for all sectors using emission coefficients per revenue/asset amount cited from the PCAF database *1. Loan balances at SMBC and its main overseas subsidiaries, etc. (on an internal control basis) *2. Machinery, electrical equipment, construction, etc. *3. Excluding mortgage loans *4. Including packaged food manufacturing such as dairy products and meat *5. If there is no consolidated financial data, single- entity financial data is used *6…","PDF full-document exact-series scan: the report page names a controlled GHG Protocol/PCAF fine standard in an accounting, reporting, methodology, or assurance context; this does not promote emissions values.",PDF 全文精确系列扫描：报告页在核算、报告、方法或鉴证语境中命名受控 GHG Protocol/PCAF 细分标准；该记录不提升排放数值。
closed,already_accepted,yes,ghg_financial_industry_standard,,r121_mitsui,MITSUI,三井物产株式会社,121,ghg_financial_industry_standard,Global GHG Accounting and Reporting Standard for the Financial Industry,金融行业全球温室气体核算与报告标准,pdf_explicit_series_citation,SUMITOMO MITSUI FINANCIAL GROUP sustainability_report_e_2025.pdf,128,[128],[128],"rgets 01. Message from the Group CEO 02. Editorial policy Scope 3, Category 15 (FE) calculation results FY2024 actual FY2023 actual * This calculation, performed using a uniform approach for inter-sector comparisons, utilizes estimated values derived from the PCAF database. We acknowledge that these estimates may deviate from the actual GHG emissions. Sector Loan exposure (JPY trillion) Financed emissions (Mt-CO2e)* PCAF score Cover- age ratio (%) Scope 1, 2 Scope 3 Power 6.2 160.0 58.8 4.5 100% Oil & gas 3.6 290.8 60.9 4.4 100% Coal (thermal coal) 0.0 0.1 0.1 4.4 100% Energy (including power) subtotal 9.9 450.9…","PDF full-document exact-series scan: the report page names a controlled GHG Protocol/PCAF fine standard in an accounting, reporting, methodology, or assurance context; this does not promote emissions values.",PDF 全文精确系列扫描：报告页在核算、报告、方法或鉴证语境中命名受控 GHG Protocol/PCAF 细分标准；该记录不提升排放数值。
closed,already_accepted,yes,ghg_corporate_standard,,r124_unitedparcelservice,UNITED PARCEL SERVICE,联合包裹速递服务公司,124,ghg_corporate_standard,GHG Protocol Corporate Accounting and Reporting Standard,GHG Protocol 企业核算与报告标准,pdf_explicit_series_citation,2024-UPS-GRI-Report.pdf,10,"[9, 10, 11]",[49],"G Emissions reporting rests with our Chief Sustainability Officer. Scope 1 and 2 GHG emissions information is prepared in accordance with the World Resources Institute (WRI)/World Business Council for Sustainable Development (WBCSD) Greenhouse Gas Protocol: A Corporate Accounting and Reporting Standard (Revised Edition). Scope 3 GHG emissions information is prepared in accordance with the WRI/WBCSD Greenhouse Gas Protocol: Corporate Value Chain (Scope 3), Accounting and Reporting Standard. Collectively, the Corporate Accounting and Reporting Standard (Revised Edition) and the Corporate Value Chain (Scope 3), Acc…",PDF page backfill: mapped from the cited GHG Protocol evidence page plus adjacent page text; not promoted to direct-use emissions value.,PDF 页级回查：基于已引用的 GHG Protocol 证据页及相邻页文本映射；不提升为直接采信排放值。
closed,already_accepted,yes,ghg_corporate_standard,,r124_unitedparcelservice,UNITED PARCEL SERVICE,联合包裹速递服务公司,124,ghg_corporate_standard,GHG Protocol Corporate Accounting and Reporting Standard,GHG Protocol 企业核算与报告标准,pdf_explicit_series_citation,2024-UPS-GRI-Report.pdf,49,[49],[49],"G Emissions reporting rests with our Chief Sustainability Officer. Scope 1 and 2 GHG emissions information is prepared in accordance with the World Resources Institute (WRI)/World Business Council for Sustainable Development (WBCSD) Greenhouse Gas Protocol: A Corporate Accounting and Reporting Standard (Revised Edition). Scope 3 GHG emissions information is prepared in accordance with the WRI/WBCSD Greenhouse Gas Protocol: Corporate Value Chain (Scope 3), Accounting and Reporting Standard. Collectively, the Corporate Accounting and Reporting Standard (Revised Edition) and the Corporate Value Chain (Scope 3), Acc…","PDF full-document exact-series scan: the report page names a controlled GHG Protocol/PCAF fine standard in an accounting, reporting, methodology, or assurance context; this does not promote emissions values.",PDF 全文精确系列扫描：报告页在核算、报告、方法或鉴证语境中命名受控 GHG Protocol/PCAF 细分标准；该记录不提升排放数值。
closed,already_accepted,yes,ghg_corporate_standard,ghg_corporate_standard,r124_unitedparcelservice,UNITED PARCEL SERVICE,联合包裹速递服务公司,124,ghg_scope3_standard,GHG Protocol Corporate Value Chain (Scope 3) Accounting and Reporting Standard,GHG Protocol 企业价值链（Scope 3）核算与报告标准,pdf_explicit_series_citation,2024-UPS-GRI-Report.pdf,10,"[9, 10, 11]",[49],"(WRI)/World Business Council for Sustainable Development (WBCSD) Greenhouse Gas Protocol: A Corporate Accounting and Reporting Standard (Revised Edition). Scope 3 GHG emissions information is prepared in accordance with the WRI/WBCSD Greenhouse Gas Protocol: Corporate Value Chain (Scope 3), Accounting and Reporting Standard. Collectively, the Corporate Accounting and Reporting Standard (Revised Edition) and the Corporate Value Chain (Scope 3), Accounting and Reporting Standard are referred to as the “GHG Protocol” in this document. The following includes information on GHG emissions by business unit and emission…",PDF page backfill: mapped from the cited GHG Protocol evidence page plus adjacent page text; not promoted to direct-use emissions value.,PDF 页级回查：基于已引用的 GHG Protocol 证据页及相邻页文本映射；不提升为直接采信排放值。
closed,already_accepted,yes,ghg_corporate_standard,ghg_corporate_standard,r124_unitedparcelservice,UNITED PARCEL SERVICE,联合包裹速递服务公司,124,ghg_scope3_standard,GHG Protocol Corporate Value Chain (Scope 3) Accounting and Reporting Standard,GHG Protocol 企业价值链（Scope 3）核算与报告标准,pdf_explicit_series_citation,2024-UPS-GRI-Report.pdf,49,[49],[49],"(WRI)/World Business Council for Sustainable Development (WBCSD) Greenhouse Gas Protocol: A Corporate Accounting and Reporting Standard (Revised Edition). Scope 3 GHG emissions information is prepared in accordance with the WRI/WBCSD Greenhouse Gas Protocol: Corporate Value Chain (Scope 3), Accounting and Reporting Standard. Collectively, the Corporate Accounting and Reporting Standard (Revised Edition) and the Corporate Value Chain (Scope 3), Accounting and Reporting Standard are referred to as the “GHG Protocol” in this document. The following includes information on GHG emissions by business unit and emission…","PDF full-document exact-series scan: the report page names a controlled GHG Protocol/PCAF fine standard in an accounting, reporting, methodology, or assurance context; this does not promote emissions values.",PDF 全文精确系列扫描：报告页在核算、报告、方法或鉴证语境中命名受控 GHG Protocol/PCAF 细分标准；该记录不提升排放数值。
closed,already_accepted,yes,ghg_financial_industry_standard,,r126_axa,AXA,安盛,126,ghg_financial_industry_standard,Global GHG Accounting and Reporting Standard for the Financial Industry,金融行业全球温室气体核算与报告标准,pdf_explicit_series_citation,axa_urd2024_accessible_va.pdf,162,[162],[162],"lients to encourage insured transition efforts). AXA used the following methodologies, protocols, and frameworks at the time of the target setting development in 2022 and 2023: ● ● ● ● Methodology for associating insured emissions to insurers developed by the PCAF, namely the PCAF Standard Part C (2) published in 2023 which outlines the Insurance‑Associated Emissions (""IAE"") methodologies for most, but not all, Commercial lines of business and for the retail motor line of business; Target Setting Protocol version 1 (3) developed by the former net‑zero Insurance Alliance and published in 2023; and EU Taxonomy Env…","PDF full-document exact-series scan: the report page names a controlled GHG Protocol/PCAF fine standard in an accounting, reporting, methodology, or assurance context; this does not promote emissions values.",PDF 全文精确系列扫描：报告页在核算、报告、方法或鉴证语境中命名受控 GHG Protocol/PCAF 细分标准；该记录不提升排放数值。
closed,already_accepted,yes,ghg_financial_industry_standard,,r126_axa,AXA,安盛,126,ghg_financial_industry_standard,Global GHG Accounting and Reporting Standard for the Financial Industry,金融行业全球温室气体核算与报告标准,pdf_explicit_series_citation,axa_urd2024_accessible_va.pdf,229,[229],[229],"bles. Carbon intensity on sovereign debt In 2023, AXA reshaped its methodology to compute the carbon intensity of its sovereign debt (1) portfolio in accordance with the accounting methodology recommended by NZAOA, which is based on the current version of the PCAF’s Global GHG Accounting and Reporting Standard (2). The GHG emissions and GDP data sources used by AXA are public (PRIMAP and World Bank datasets respectively). Based on this approach, the carbon intensity of AXA’s sovereign assets is defined as the production emissions (tCO2e) per Purchase Power Parity (3) (PPP) - adjusted GDP (million €). Carbon inte…","PDF full-document exact-series scan: the report page names a controlled GHG Protocol/PCAF fine standard in an accounting, reporting, methodology, or assurance context; this does not promote emissions values.",PDF 全文精确系列扫描：报告页在核算、报告、方法或鉴证语境中命名受控 GHG Protocol/PCAF 细分标准；该记录不提升排放数值。
closed,already_accepted,yes,ghg_scope2_guidance,,r126_axa,AXA,安盛,126,ghg_scope2_guidance,GHG Protocol Scope 2 Guidance,GHG Protocol Scope 2 指南,pdf_explicit_series_citation,axa_urd2024_accessible_va.pdf,234,[234],[234],"ocessing of sold products (category 10), end‑of‑life treatment of sold products (category 12) and franchise (category 14) are inapplicable to AXA's operations. Calculation methodology AXA's calculation methodology applies GHG protocol, namely the GHG Protocol Scope 2 Guidance and the GHG Protocol Corporate Value Chain. In respect of Scope 3 emissions, the methodology does not take into account any removals, purchases, sales or transfers of carbon credits or GHG allowances. GHG emissions related to own operations are calculated using third‑party software (from Tennaxia) that collects data from entities within sco…","PDF full-document exact-series scan: the report page names a controlled GHG Protocol/PCAF fine standard in an accounting, reporting, methodology, or assurance context; this does not promote emissions values.",PDF 全文精确系列扫描：报告页在核算、报告、方法或鉴证语境中命名受控 GHG Protocol/PCAF 细分标准；该记录不提升排放数值。
closed,already_accepted,yes,,,r126_axa,AXA,安盛,126,ghg_scope3_standard,GHG Protocol Corporate Value Chain (Scope 3) Accounting and Reporting Standard,GHG Protocol 企业价值链（Scope 3）核算与报告标准,pdf_explicit_series_citation,axa_urd2024_accessible_va.pdf,152,"[151, 152, 153]","[147, 148, 155]","ions according to the GHG Protocol, and is based on carbon intensity per Enterprise Value including Cash (“EVIC”) for listed corporate assets and carbon intensity per Gross Asset Value (“GAV”) for real estate equity. This target on AXA's investment emissions (Scope 3.15) has been determined on a bottom‑up approach relying on investment opportunities assumptions and portfolio composition and constraints and is in line with NZAOA (4) recommendation and interpretation from the IPCC Sixth Assessment Report (AR6) for a +1.5°C pathways. As an insurer, in 2023, AXA extended its decarbonization commitments to its insura…",PDF page backfill: mapped from the cited GHG Protocol evidence page plus adjacent page text; not promoted to direct-use emissions value.,PDF 页级回查：基于已引用的 GHG Protocol 证据页及相邻页文本映射；不提升为直接采信排放值。
closed,already_accepted,yes,ghg_scope2_guidance,ghg_scope2_guidance,r126_axa,AXA,安盛,126,ghg_scope3_standard,GHG Protocol Corporate Value Chain (Scope 3) Accounting and Reporting Standard,GHG Protocol 企业价值链（Scope 3）核算与报告标准,pdf_explicit_series_citation,axa_urd2024_accessible_va.pdf,234,[234],[234],"), end‑of‑life treatment of sold products (category 12) and franchise (category 14) are inapplicable to AXA's operations. Calculation methodology AXA's calculation methodology applies GHG protocol, namely the GHG Protocol Scope 2 Guidance and the GHG Protocol Corporate Value Chain. In respect of Scope 3 emissions, the methodology does not take into account any removals, purchases, sales or transfers of carbon credits or GHG allowances. GHG emissions related to own operations are calculated using third‑party software (from Tennaxia) that collects data from entities within scope including distance travelled and el…","PDF full-document exact-series scan: the report page names a controlled GHG Protocol/PCAF fine standard in an accounting, reporting, methodology, or assurance context; this does not promote emissions values.",PDF 全文精确系列扫描：报告页在核算、报告、方法或鉴证语境中命名受控 GHG Protocol/PCAF 细分标准；该记录不提升排放数值。
closed,already_accepted,yes,,,r130_engie集团,Engie,Engie,130,ghg_corporate_standard,GHG Protocol Corporate Accounting and Reporting Standard,GHG Protocol 企业核算与报告标准,pdf_explicit_series_citation,ENGIE_DEU_2024_US__PDF_MEL_v3.pdf,112,"[111, 112, 113]","[119, 120, 513]","e 7 of Section 6.2.2. “Notes to the consolidated financial statements”. Methodology used to calculate the Group’s total GHG emissions [AR 39a] The Group's GHG emissions calculation (Scopes 1, 2 and 3) relies on the principles, requirements and guidance of the GHG Protocol Corporate Standards (2004 version) and ISO 14064 (supplemented by ISO 14069). [AR 39b] The key assumptions and methodologies used to perform the Group’s GHG emissions assessment are described below for each of scope (1, 2 and 3). [AR 39c] The Group’s GHG emissions assessment includes emissions of the Kyoto Protocol greenhouse gases: CO2, CH4, N…",PDF page backfill: mapped from the cited GHG Protocol evidence page plus adjacent page text; not promoted to direct-use emissions value.,PDF 页级回查：基于已引用的 GHG Protocol 证据页及相邻页文本映射；不提升为直接采信排放值。
closed,already_accepted,yes,,,r130_engie集团,Engie,Engie,130,ghg_corporate_standard,GHG Protocol Corporate Accounting and Reporting Standard,GHG Protocol 企业核算与报告标准,pdf_explicit_series_citation,ENGIE_DEU_2024_US__PDF_MEL_v3.pdf,119,[119],[119],"e 7 of Section 6.2.2. “Notes to the consolidated financial statements”. Methodology used to calculate the Group’s total GHG emissions [AR 39a] The Group's GHG emissions calculation (Scopes 1, 2 and 3) relies on the principles, requirements and guidance of the GHG Protocol Corporate Standards (2004 version) and ISO 14064 (supplemented by ISO 14069). [AR 39b] The key assumptions and methodologies used to perform the Group’s GHG emissions assessment are described below for each of scope (1, 2 and 3). [AR 39c] The Group’s GHG emissions assessment includes emissions of the Kyoto Protocol greenhouse gases: CO2, CH4, N…","PDF full-document exact-series scan: the report page names a controlled GHG Protocol/PCAF fine standard in an accounting, reporting, methodology, or assurance context; this does not promote emissions values.",PDF 全文精确系列扫描：报告页在核算、报告、方法或鉴证语境中命名受控 GHG Protocol/PCAF 细分标准；该记录不提升排放数值。
closed,already_accepted,yes,ghg_scope2_guidance,ghg_scope2_guidance,r130_engie集团,Engie,Engie,130,ghg_corporate_standard,GHG Protocol Corporate Accounting and Reporting Standard,GHG Protocol 企业核算与报告标准,pdf_explicit_series_citation,ENGIE_DEU_2024_US__PDF_MEL_v3.pdf,120,[120],[120],"q.). Scope 2 Scope 2 location-based emissions verified by the Statutory Auditors with reasonable assurance for 2024 (see Section 3.1.7). [AR 45] For the assessment of Scope 2 GHG emissions, the Group: • applies the principles, requirements and guidance of the GHG Protocol Corporate Standards (Scope 2 guidance document, 2015 version); • includes purchases of electricity, steam, heat and cooling; • excludes from Scope 2 any emissions reported in Scopes 1 and 3 to avoid double counting; • applies the same principles to pumped storage facilities as to batteries, in accordance with the European Taxonomy recommendatio…","PDF full-document exact-series scan: the report page names a controlled GHG Protocol/PCAF fine standard in an accounting, reporting, methodology, or assurance context; this does not promote emissions values.",PDF 全文精确系列扫描：报告页在核算、报告、方法或鉴证语境中命名受控 GHG Protocol/PCAF 细分标准；该记录不提升排放数值。
closed,already_accepted,yes,,,r130_engie集团,Engie,Engie,130,ghg_corporate_standard,GHG Protocol Corporate Accounting and Reporting Standard,GHG Protocol 企业核算与报告标准,pdf_explicit_series_citation,ENGIE_DEU_2024_US__PDF_MEL_v3.pdf,513,[513],[513],"e temperature to well below 2°C above pre‑industrial levels, and to continue efforts to limit the temperature increase to 1.5°C. Scopes 1, 2 and 3 ENGIE prepares an annual Group-wide GHG report (Scopes 1, 2 and 3) calculated according to the principles of the GHG Protocol Corporate Standard: • Scope 1 covers the production of electricity through the combustion of fossil fuels in power plants owned or controlled by ENGIE, methane emissions from networks controlled by ENGIE, and ENGIE vehicle fleets; • Scope 2 covers the production of electricity, heating or cooling purchased and consumed by ENGIE for own use; • S…","PDF full-document exact-series scan: the report page names a controlled GHG Protocol/PCAF fine standard in an accounting, reporting, methodology, or assurance context; this does not promote emissions values.",PDF 全文精确系列扫描：报告页在核算、报告、方法或鉴证语境中命名受控 GHG Protocol/PCAF 细分标准；该记录不提升排放数值。
closed,already_accepted,yes,ghg_scope2_guidance,,r130_engie集团,Engie,Engie,130,ghg_scope2_guidance,GHG Protocol Scope 2 Guidance,GHG Protocol Scope 2 指南,pdf_explicit_series_citation,ENGIE_DEU_2024_US__PDF_MEL_v3.pdf,112,"[111, 112, 113]","[119, 120, 513]","d emissions verified by the Statutory Auditors with reasonable assurance for 2024 (see Section 3.1.7). [AR 45] For the assessment of Scope 2 GHG emissions, the Group: • applies the principles, requirements and guidance of the GHG Protocol Corporate Standards (Scope 2 guidance document, 2015 version); • includes purchases of electricity, steam, heat and cooling; • excludes from Scope 2 any emissions reported in Scopes 1 and 3 to avoid double counting; • applies the same principles to pumped storage facilities as to batteries, in accordance with the European Taxonomy recommendations. Accordingly, electricity consu…",PDF page backfill: mapped from the cited GHG Protocol evidence page plus adjacent page text; not promoted to direct-use emissions value.,PDF 页级回查：基于已引用的 GHG Protocol 证据页及相邻页文本映射；不提升为直接采信排放值。
closed,already_accepted,yes,ghg_scope2_guidance,,r130_engie集团,Engie,Engie,130,ghg_scope2_guidance,GHG Protocol Scope 2 Guidance,GHG Protocol Scope 2 指南,pdf_explicit_series_citation,ENGIE_DEU_2024_US__PDF_MEL_v3.pdf,120,[120],[120],"d emissions verified by the Statutory Auditors with reasonable assurance for 2024 (see Section 3.1.7). [AR 45] For the assessment of Scope 2 GHG emissions, the Group: • applies the principles, requirements and guidance of the GHG Protocol Corporate Standards (Scope 2 guidance document, 2015 version); • includes purchases of electricity, steam, heat and cooling; • excludes from Scope 2 any emissions reported in Scopes 1 and 3 to avoid double counting; • applies the same principles to pumped storage facilities as to batteries, in accordance with the European Taxonomy recommendations. Accordingly, electricity consu…","PDF full-document exact-series scan: the report page names a controlled GHG Protocol/PCAF fine standard in an accounting, reporting, methodology, or assurance context; this does not promote emissions values.",PDF 全文精确系列扫描：报告页在核算、报告、方法或鉴证语境中命名受控 GHG Protocol/PCAF 细分标准；该记录不提升排放数值。
closed,already_accepted,yes,,,r130_engie集团,Engie,Engie,130,ghg_scope3_standard,GHG Protocol Corporate Value Chain (Scope 3) Accounting and Reporting Standard,GHG Protocol 企业价值链（Scope 3）核算与报告标准,pdf_explicit_series_citation,ENGIE_DEU_2024_US__PDF_MEL_v3.pdf,112,"[111, 112, 113]","[119, 120, 513]","any purchased, sold or transferred carbon credits or GHG allowances in the calculation of Scope 2 GHG emissions. Scope 3 [AR 46] For the assessment of Scope 3 GHG emissions, the Group: • draws on the principles, requirements and guidelines of the GHG Protocol Corporate Value Chain (Scope 3) (Version 2011) and breaks down its total Scope 3 emissions into the 15 categories defined by the GHG Protocol; • performs an annual reassessment of Scope 3 emissions for each reported category; • identifies and discloses the significant Scope 3 categories in relation to the Group’s total GHG emissions and according to the cri…",PDF page backfill: mapped from the cited GHG Protocol evidence page plus adjacent page text; not promoted to direct-use emissions value.,PDF 页级回查：基于已引用的 GHG Protocol 证据页及相邻页文本映射；不提升为直接采信排放值。
closed,already_accepted,yes,,,r130_engie集团,Engie,Engie,130,ghg_scope3_standard,GHG Protocol Corporate Value Chain (Scope 3) Accounting and Reporting Standard,GHG Protocol 企业价值链（Scope 3）核算与报告标准,pdf_explicit_series_citation,ENGIE_DEU_2024_US__PDF_MEL_v3.pdf,120,[120],[120],"any purchased, sold or transferred carbon credits or GHG allowances in the calculation of Scope 2 GHG emissions. Scope 3 [AR 46] For the assessment of Scope 3 GHG emissions, the Group: • draws on the principles, requirements and guidelines of the GHG Protocol Corporate Value Chain (Scope 3) (Version 2011) and breaks down its total Scope 3 emissions into the 15 categories defined by the GHG Protocol; • performs an annual reassessment of Scope 3 emissions for each reported category; • identifies and discloses the significant Scope 3 categories in relation to the Group’s total GHG emissions and according to the cri…","PDF full-document exact-series scan: the report page names a controlled GHG Protocol/PCAF fine standard in an accounting, reporting, methodology, or assurance context; this does not promote emissions values.",PDF 全文精确系列扫描：报告页在核算、报告、方法或鉴证语境中命名受控 GHG Protocol/PCAF 细分标准；该记录不提升排放数值。
closed,already_accepted,yes,ghg_corporate_standard,,r131_waltdisney,WALT DISNEY,华特迪士尼公司,131,ghg_corporate_standard,GHG Protocol Corporate Accounting and Reporting Standard,GHG Protocol 企业核算与报告标准,pdf_explicit_series_citation,华特迪士尼公司-2024-SSI-Report.pdf,23,"[22, 23, 24]",[34],"t corrections, updates to methodology, and/or changes in emission factors. 3. GHGs are measured and calculated according to the principles in the World Resources Institute and the World Business Council for Sustainable Development Greenhouse Gas Protocolʼs “A Corporate Accounting and Reporting Standard, 2004 Revised Edition” (GHG Protocol). 4. The boundary for Disneyʼs GHG emissions reporting includes owned and operated assets (such as theme parks and resorts, Disney Cruise Line, and commercial spaces), leased assets (such as office locations), as well as Productions (including feature films, television, theatri…",PDF page backfill: mapped from the cited GHG Protocol evidence page plus adjacent page text; not promoted to direct-use emissions value.,PDF 页级回查：基于已引用的 GHG Protocol 证据页及相邻页文本映射；不提升为直接采信排放值。
closed,already_accepted,yes,ghg_corporate_standard,,r131_waltdisney,WALT DISNEY,华特迪士尼公司,131,ghg_corporate_standard,GHG Protocol Corporate Accounting and Reporting Standard,GHG Protocol 企业核算与报告标准,pdf_explicit_series_citation,华特迪士尼公司-2024-SSI-Report.pdf,34,[34],[34],"t corrections, updates to methodology, and/or changes in emission factors. 3. GHGs are measured and calculated according to the principles in the World Resources Institute and the World Business Council for Sustainable Development Greenhouse Gas Protocolʼs “A Corporate Accounting and Reporting Standard, 2004 Revised Edition” (GHG Protocol). 4. The boundary for Disneyʼs GHG emissions reporting includes owned and operated assets (such as theme parks and resorts, Disney Cruise Line, and commercial spaces), leased assets (such as office locations), as well as Productions (including feature films, television, theatri…","PDF full-document exact-series scan: the report page names a controlled GHG Protocol/PCAF fine standard in an accounting, reporting, methodology, or assurance context; this does not promote emissions values.",PDF 全文精确系列扫描：报告页在核算、报告、方法或鉴证语境中命名受控 GHG Protocol/PCAF 细分标准；该记录不提升排放数值。
closed,already_accepted,yes,ghg_corporate_standard|ghg_scope3_standard,ghg_scope3_standard,r132_orlen,ORLEN,波兰国营石油公司,132,ghg_corporate_standard,GHG Protocol Corporate Accounting and Reporting Standard,GHG Protocol 企业核算与报告标准,pdf_explicit_series_citation,Management Board on the Operations of ORLEN Group 2024.pdf.coredownload.pdf,162,[162],[162],"nt to the GHG Protocol Corporate Standard (Scope 2); • World Resources Institute and World Business Council for Sustainable Development, Greenhouse Gas Protocol. Corporate Value Chain (Scope 3) Accounting and Reporting Standard. Supplement to the GHG Protocol Corporate Accounting and Reporting Standard (Scope 3). Additionally, the following industry-specific guidelines for the oil and gas sector were applied: • Compendium of Greenhouse Gas Emissions Methodologies for the Natural Gas and Oil Industry issued by API (American Petroleum Institute) Edition 2; • Petroleum industry guidelines for reporting greenhouse g…","PDF full-document exact-series scan: the report page names a controlled GHG Protocol/PCAF fine standard in an accounting, reporting, methodology, or assurance context; this does not promote emissions values.",PDF 全文精确系列扫描：报告页在核算、报告、方法或鉴证语境中命名受控 GHG Protocol/PCAF 细分标准；该记录不提升排放数值。
closed,already_accepted,yes,ghg_corporate_standard|ghg_scope2_guidance|ghg_scope3_standard,,r132_orlen,ORLEN,波兰国营石油公司,132,ghg_scope2_guidance,GHG Protocol Scope 2 Guidance,GHG Protocol Scope 2 指南,pdf_explicit_series_citation,Management Board on the Operations of ORLEN Group 2024.pdf.coredownload.pdf,119,"[118, 119, 120]","[161, 162]","y Statement 162 ORLEN Group | Management Board’s Report on the operations of the ORLEN Group and ORLEN S.A. in 2024. Translation from the original Polish version. • World Resources Institute and World Business Council for Sustainable Development, GHG Protocol Scope 2 Guidance. An amendment to the GHG Protocol Corporate Standard (Scope 2); • World Resources Institute and World Business Council for Sustainable Development, Greenhouse Gas Protocol. Corporate Value Chain (Scope 3) Accounting and Reporting Standard. Supplement to the GHG Protocol Corporate Accounting and Reporting Standard (Scope 3). Additionally, th…",PDF page backfill: mapped from the cited GHG Protocol evidence page plus adjacent page text; not promoted to direct-use emissions value.,PDF 页级回查：基于已引用的 GHG Protocol 证据页及相邻页文本映射；不提升为直接采信排放值。
closed,already_accepted,yes,ghg_corporate_standard|ghg_scope2_guidance|ghg_scope3_standard,,r132_orlen,ORLEN,波兰国营石油公司,132,ghg_scope2_guidance,GHG Protocol Scope 2 Guidance,GHG Protocol Scope 2 指南,pdf_explicit_series_citation,Management Board on the Operations of ORLEN Group 2024.pdf.coredownload.pdf,162,[162],[162],"y Statement 162 ORLEN Group | Management Board’s Report on the operations of the ORLEN Group and ORLEN S.A. in 2024. Translation from the original Polish version. • World Resources Institute and World Business Council for Sustainable Development, GHG Protocol Scope 2 Guidance. An amendment to the GHG Protocol Corporate Standard (Scope 2); • World Resources Institute and World Business Council for Sustainable Development, Greenhouse Gas Protocol. Corporate Value Chain (Scope 3) Accounting and Reporting Standard. Supplement to the GHG Protocol Corporate Accounting and Reporting Standard (Scope 3). Additionally, th…","PDF full-document exact-series scan: the report page names a controlled GHG Protocol/PCAF fine standard in an accounting, reporting, methodology, or assurance context; this does not promote emissions values.",PDF 全文精确系列扫描：报告页在核算、报告、方法或鉴证语境中命名受控 GHG Protocol/PCAF 细分标准；该记录不提升排放数值。
closed,already_accepted,yes,ghg_corporate_standard|ghg_scope2_guidance|ghg_scope3_standard,ghg_corporate_standard|ghg_scope2_guidance,r132_orlen,ORLEN,波兰国营石油公司,132,ghg_scope3_standard,GHG Protocol Corporate Value Chain (Scope 3) Accounting and Reporting Standard,GHG Protocol 企业价值链（Scope 3）核算与报告标准,pdf_explicit_series_citation,Management Board on the Operations of ORLEN Group 2024.pdf.coredownload.pdf,119,"[118, 119, 120]","[161, 162]","and World Business Council for Sustainable Development, GHG Protocol Scope 2 Guidance. An amendment to the GHG Protocol Corporate Standard (Scope 2); • World Resources Institute and World Business Council for Sustainable Development, Greenhouse Gas Protocol. Corporate Value Chain (Scope 3) Accounting and Reporting Standard. Supplement to the GHG Protocol Corporate Accounting and Reporting Standard (Scope 3). Additionally, the following industry-specific guidelines for the oil and gas sector were applied: • Compendium of Greenhouse Gas Emissions Methodologies for the Natural Gas and Oil Industry issued by API (Am…",PDF page backfill: mapped from the cited GHG Protocol evidence page plus adjacent page text; not promoted to direct-use emissions value.,PDF 页级回查：基于已引用的 GHG Protocol 证据页及相邻页文本映射；不提升为直接采信排放值。
closed,already_accepted,yes,,,r132_orlen,ORLEN,波兰国营石油公司,132,ghg_scope3_standard,GHG Protocol Corporate Value Chain (Scope 3) Accounting and Reporting Standard,GHG Protocol 企业价值链（Scope 3）核算与报告标准,pdf_explicit_series_citation,Management Board on the Operations of ORLEN Group 2024.pdf.coredownload.pdf,161,[161],[161],"of organisational restructuring, a corresponding recalculation of emissions in the base year and the interim years is performed. Data for the calculations is obtained through dedicated Survey Forms (Excel files), prepared separately for each scope and for key Scope 3 categories material from the Company’s perspective. For all scopes, calculations of annual emissions are carried out in accordance with the general formula: EMISIONS [tCO2e] = annual volume [unit] · emission factor [tCO2e/unit]. In line with reporting guidelines, wherever feasible, calculations have been performed in a manner that allows the present…","PDF full-document exact-series scan: the report page names a controlled GHG Protocol/PCAF fine standard in an accounting, reporting, methodology, or assurance context; this does not promote emissions values.",PDF 全文精确系列扫描：报告页在核算、报告、方法或鉴证语境中命名受控 GHG Protocol/PCAF 细分标准；该记录不提升排放数值。
closed,already_accepted,yes,ghg_corporate_standard|ghg_scope2_guidance|ghg_scope3_standard,ghg_corporate_standard|ghg_scope2_guidance,r132_orlen,ORLEN,波兰国营石油公司,132,ghg_scope3_standard,GHG Protocol Corporate Value Chain (Scope 3) Accounting and Reporting Standard,GHG Protocol 企业价值链（Scope 3）核算与报告标准,pdf_explicit_series_citation,Management Board on the Operations of ORLEN Group 2024.pdf.coredownload.pdf,162,[162],[162],"and World Business Council for Sustainable Development, GHG Protocol Scope 2 Guidance. An amendment to the GHG Protocol Corporate Standard (Scope 2); • World Resources Institute and World Business Council for Sustainable Development, Greenhouse Gas Protocol. Corporate Value Chain (Scope 3) Accounting and Reporting Standard. Supplement to the GHG Protocol Corporate Accounting and Reporting Standard (Scope 3). Additionally, the following industry-specific guidelines for the oil and gas sector were applied: • Compendium of Greenhouse Gas Emissions Methodologies for the Natural Gas and Oil Industry issued by API (Am…","PDF full-document exact-series scan: the report page names a controlled GHG Protocol/PCAF fine standard in an accounting, reporting, methodology, or assurance context; this does not promote emissions values.",PDF 全文精确系列扫描：报告页在核算、报告、方法或鉴证语境中命名受控 GHG Protocol/PCAF 细分标准；该记录不提升排放数值。
closed,already_accepted,yes,,,r136_nissanmotor,NISSAN MOTOR,日产汽车,136,ghg_scope3_standard,GHG Protocol Corporate Value Chain (Scope 3) Accounting and Reporting Standard,GHG Protocol 企业价值链（Scope 3）核算与报告标准,pdf_explicit_series_citation,NISSAN MOTOR-DB25_E_All.pdf,63,"[62, 63, 64]",[150],"・・・ 097 Learning and development ・・・・・・・・・・・・・・・・・・・・・・・・・・・・・・・・・・・・・・・・・・・・・・・・・・・・・ 109 Health and safety ・・・・・・・・・・・・・・・・・・・・・・・・・・・・・・・・・・・・・・・・・・・・・・・・・・・・・・・・・・・・・・・・ 113 Scope 3 emissions by category We conducted a study based on standards such as the Corporate Value Chain （Scope 3） Accounting and Reporting Standard from the GHG Protocol and found that about 81％ of our Scope 3 emissions were from the use of sold products. （FY） Category Unit 2024 1. Purchased goods & services*1 kt-CO2 23,365★ 2. Capital goods kt-CO2 1,271 3. Fuel- and energy-related activities kt-CO2 225 4. Upstream transportation & distr…",PDF page backfill: mapped from the cited GHG Protocol evidence page plus adjacent page text; not promoted to direct-use emissions value.,PDF 页级回查：基于已引用的 GHG Protocol 证据页及相邻页文本映射；不提升为直接采信排放值。
closed,already_accepted,yes,,,r136_nissanmotor,NISSAN MOTOR,日产汽车,136,ghg_scope3_standard,GHG Protocol Corporate Value Chain (Scope 3) Accounting and Reporting Standard,GHG Protocol 企业价值链（Scope 3）核算与报告标准,pdf_explicit_series_citation,NISSAN MOTOR-DB25_E_All.pdf,150,[150],[150],"Scope 3 emissions by category We conducted a study based on standards such as the Corporate Value Chain （Scope 3） Accounting and Reporting Standard from the GHG Protocol and found that about 81％ of our Scope 3 emissions were from the use of sold products. （FY） Category Unit 2024 1. Purchased goods & services*1 kt-CO2 23,365★ 2. Capital goods kt-CO2 1,271 3. Fuel- and energy-related activities kt-CO2 225 4. Upstream transportation & distribution kt-CO2 1,643 5. Waste generated in operations kt-CO2 109 6. Business travel kt-CO2 178 7. Employee commuting kt-CO2 153","PDF full-document exact-series scan: the report page names a controlled GHG Protocol/PCAF fine standard in an accounting, reporting, methodology, or assurance context; this does not promote emissions values.",PDF 全文精确系列扫描：报告页在核算、报告、方法或鉴证语境中命名受控 GHG Protocol/PCAF 细分标准；该记录不提升排放数值。
closed,already_accepted,yes,ghg_corporate_standard,,r137_royalbankofcanada,ROYAL BANK OF CANADA,加拿大皇家银行,137,ghg_corporate_standard,GHG Protocol Corporate Accounting and Reporting Standard,GHG Protocol 企业核算与报告标准,pdf_explicit_series_citation,ROYAL BANK OF CANADA-RBC-2024-sustainability-report.pdf,108,[108],[108],"e/ethnicity other than White or who “prefer not to say”. Carbon budget A carbon budget is the amount of carbon dioxide emissions allowed over a period of time to limit the earth’s temperature from exceeding a certain threshold. Carbon credits The GHG Protocol Corporate Accounting and Reporting Standard33 defines carbon credits as discrete GHG reductions used to compensate for (i.e., offset) GHG emissions elsewhere. Credits are calculated relative to a baseline that represents a hypothetical scenario for what emissions would have been in the absence of the mitigation project that generates the credits. Carbon cre…","PDF full-document exact-series scan: the report page names a controlled GHG Protocol/PCAF fine standard in an accounting, reporting, methodology, or assurance context; this does not promote emissions values.",PDF 全文精确系列扫描：报告页在核算、报告、方法或鉴证语境中命名受控 GHG Protocol/PCAF 细分标准；该记录不提升排放数值。
closed,already_accepted,yes,,,r137_royalbankofcanada,ROYAL BANK OF CANADA,加拿大皇家银行,137,ghg_corporate_standard,GHG Protocol Corporate Accounting and Reporting Standard,GHG Protocol 企业核算与报告标准,pdf_explicit_series_citation,ROYAL BANK OF CANADA-RBC-2024-sustainability-report.pdf,127,[127],[127],"ons the FRFI uses to measure its Scope 1 and Scope 2 GHG emissions, and the underlying reasons for these decisions. Disclose the reporting standard used by the FRFI to calculate and disclose GHG emissions. If the reporting standard used by the FRFI is not the GHG Protocol Corporate Standard, disclose how the reporting standard used by the FRFI is comparable. Climate: Integrate climate considerations into our business and operations Appendix 5: Methodology and data challenges for relevant climate metrics c) Disclose any quantitative and qualitative climate-related targets the FRFI has set to monitor progress towa…","PDF full-document exact-series scan: the report page names a controlled GHG Protocol/PCAF fine standard in an accounting, reporting, methodology, or assurance context; this does not promote emissions values.",PDF 全文精确系列扫描：报告页在核算、报告、方法或鉴证语境中命名受控 GHG Protocol/PCAF 细分标准；该记录不提升排放数值。
closed,already_accepted,yes,ghg_financial_industry_standard,,r137_royalbankofcanada,ROYAL BANK OF CANADA,加拿大皇家银行,137,ghg_financial_industry_standard,Global GHG Accounting and Reporting Standard for the Financial Industry,金融行业全球温室气体核算与报告标准,pdf_explicit_series_citation,ROYAL BANK OF CANADA-RBC-2024-sustainability-report.pdf,48,[48],[48],"islative and regulatory environment. For additional details on our methodology, including how our approach differs from those of other banks and third-parties, refer to Appendix 5: Methodology and data challenges for relevant metrics. In addition, we disclose Partnership for Carbon Accounting Financials (PCAF) financed emissions on outstanding exposure in the Climate metrics section. These metrics are provided as they are common industry metrics. For details on our methodologies for climate-related metrics and measurement challenges, refer to Appendix 5: Methodology and data challenges for relevant metrics. 1. I…","PDF full-document exact-series scan: the report page names a controlled GHG Protocol/PCAF fine standard in an accounting, reporting, methodology, or assurance context; this does not promote emissions values.",PDF 全文精确系列扫描：报告页在核算、报告、方法或鉴证语境中命名受控 GHG Protocol/PCAF 细分标准；该记录不提升排放数值。
closed,already_accepted,yes,ghg_financial_industry_standard,,r137_royalbankofcanada,ROYAL BANK OF CANADA,加拿大皇家银行,137,ghg_financial_industry_standard,Global GHG Accounting and Reporting Standard for the Financial Industry,金融行业全球温室气体核算与报告标准,pdf_explicit_series_citation,ROYAL BANK OF CANADA-RBC-2024-sustainability-report.pdf,66,[66],[66],"on our performance against certain of our climate commitments, goals and targets, as well as other measures that reflect our climate strategy. We also provide metrics recommended by industry standards and consistent with our previous disclosures, such as our PCAF financed emissions and carbon- related assets, as defined in the TCFD36 Implementation Guidelines. Measuring climate performance presents many challenges related to data availability (including temporal lags), data quality and evolving methodologies. We continue to invest in our data capabilities to improve our measurement capabilities. To help address …","PDF full-document exact-series scan: the report page names a controlled GHG Protocol/PCAF fine standard in an accounting, reporting, methodology, or assurance context; this does not promote emissions values.",PDF 全文精确系列扫描：报告页在核算、报告、方法或鉴证语境中命名受控 GHG Protocol/PCAF 细分标准；该记录不提升排放数值。
closed,already_accepted,yes,ghg_financial_industry_standard,,r137_royalbankofcanada,ROYAL BANK OF CANADA,加拿大皇家银行,137,ghg_financial_industry_standard,Global GHG Accounting and Reporting Standard for the Financial Industry,金融行业全球温室气体核算与报告标准,pdf_explicit_series_citation,ROYAL BANK OF CANADA-RBC-2024-sustainability-report.pdf,67,[67],[67],"ead, timely, and accurate client reporting, evolving standards and methodologies, and availability of additional data sources. Metrics index Summary of metrics to measure progress against our climate strategy . . . . . . . . . . . . . . . . . . . . . . . . 68 PCAF financed emissions . . . . . . . . . . . . . . . . . . . . . . . . . . . . . . . . . . . . . . . . . . . . . . . . . . . . . . . . . . . . . . . . . . . 70 Carbon-related assets . . . . . . . . . . . . . . . . . . . . . . . . . . . . . . . . . . . . . . . . . . . . . . . . . . . . . . . . . . . . . . . . . . . . . 71 Other environmental metrics . . . .…","PDF full-document exact-series scan: the report page names a controlled GHG Protocol/PCAF fine standard in an accounting, reporting, methodology, or assurance context; this does not promote emissions values.",PDF 全文精确系列扫描：报告页在核算、报告、方法或鉴证语境中命名受控 GHG Protocol/PCAF 细分标准；该记录不提升排放数值。
closed,already_accepted,yes,ghg_scope2_guidance,,r137_royalbankofcanada,ROYAL BANK OF CANADA,加拿大皇家银行,137,ghg_scope2_guidance,GHG Protocol Scope 2 Guidance,GHG Protocol Scope 2 指南,pdf_explicit_series_citation,ROYAL BANK OF CANADA-RBC-2024-sustainability-report.pdf,58,"[57, 58, 59]",,"ided limited assurance over this figure in 2024. Refer to Appendix 7: Independent limited assurance report. (1) Under the GHG Protocol 33, there are two methods to calculate Scope 2 emissions from electricity: location-based and market-based. The GHG Protocol Scope 2 Guidance defines the location-based method as a method for Scope 2 emissions accounting that reflects emissions from electricity using the average emission factors for the electricity grids that are providing electricity to the organization's facilities. The GHG Protocol Scope 2 Guidance defines the market-based method as a method for Scope 2 emissi…",PDF page backfill: mapped from the cited GHG Protocol evidence page plus adjacent page text; not promoted to direct-use emissions value.,PDF 页级回查：基于已引用的 GHG Protocol 证据页及相邻页文本映射；不提升为直接采信排放值。
closed,already_accepted,yes,ghg_scope2_guidance,,r137_royalbankofcanada,ROYAL BANK OF CANADA,加拿大皇家银行,137,ghg_scope2_guidance,GHG Protocol Scope 2 Guidance,GHG Protocol Scope 2 指南,pdf_explicit_series_citation,ROYAL BANK OF CANADA-RBC-2024-sustainability-report.pdf,59,[59],[59],"ided limited assurance over this figure in 2024. Refer to Appendix 7: Independent limited assurance report. (1) Under the GHG Protocol 33, there are two methods to calculate Scope 2 emissions from electricity: location-based and market-based. The GHG Protocol Scope 2 Guidance defines the location-based method as a method for Scope 2 emissions accounting that reflects emissions from electricity using the average emission factors for the electricity grids that are providing electricity to the organization's facilities. The GHG Protocol Scope 2 Guidance defines the market-based method as a method for Scope 2 emissi…","PDF full-document exact-series scan: the report page names a controlled GHG Protocol/PCAF fine standard in an accounting, reporting, methodology, or assurance context; this does not promote emissions values.",PDF 全文精确系列扫描：报告页在核算、报告、方法或鉴证语境中命名受控 GHG Protocol/PCAF 细分标准；该记录不提升排放数值。
closed,already_accepted,yes,ghg_corporate_standard|ghg_scope3_standard,ghg_scope3_standard,r162_kia,KIA,起亚公司,162,ghg_corporate_standard,GHG Protocol Corporate Accounting and Reporting Standard,GHG Protocol 企业核算与报告标准,pdf_explicit_series_citation,2025 KIA Sustainability Report.pdf,128,"[127, 128, 129]","[130, 131]","rification and validation of greenhouse gas statements’. Our assurance engagement covered the operations and activities of domestic and overseas sites Kia, and specifically the following requirements: • Evaluating conformance with Greenhouse Gas Protocol1: A Corporate Accounting and Reporting Standard, revised edition • Evaluating conformance with Greenhouse Gas Protocol: Corporate Value Chain (Scope 3) Accounting and Reporting Standard • Evaluating the accuracy and reliability of data and information for direct GHG emissions (Scope 1), energy indirect GHG emissions (Scope 2) and other indirect GHG emissions …",PDF page backfill: mapped from the cited GHG Protocol evidence page plus adjacent page text; not promoted to direct-use emissions value.,PDF 页级回查：基于已引用的 GHG Protocol 证据页及相邻页文本映射；不提升为直接采信排放值。
closed,already_accepted,yes,ghg_corporate_standard|ghg_scope3_standard,ghg_scope3_standard,r162_kia,KIA,起亚公司,162,ghg_corporate_standard,GHG Protocol Corporate Accounting and Reporting Standard,GHG Protocol 企业核算与报告标准,pdf_explicit_series_citation,2025 KIA Sustainability Report.pdf,130,[130],[130],"rification and validation of greenhouse gas statements’. Our assurance engagement covered the operations and activities of domestic and overseas sites Kia, and specifically the following requirements: • Evaluating conformance with Greenhouse Gas Protocol1: A Corporate Accounting and Reporting Standard, revised edition • Evaluating conformance with Greenhouse Gas Protocol: Corporate Value Chain (Scope 3) Accounting and Reporting Standard • Evaluating the accuracy and reliability of data and information for direct GHG emissions (Scope 1), energy indirect GHG emissions (Scope 2) and other indirect GHG emissions …","PDF full-document exact-series scan: the report page names a controlled GHG Protocol/PCAF fine standard in an accounting, reporting, methodology, or assurance context; this does not promote emissions values.",PDF 全文精确系列扫描：报告页在核算、报告、方法或鉴证语境中命名受控 GHG Protocol/PCAF 细分标准；该记录不提升排放数值。
closed,already_accepted,yes,ghg_scope2_guidance,,r162_kia,KIA,起亚公司,162,ghg_scope2_guidance,GHG Protocol Scope 2 Guidance,GHG Protocol Scope 2 指南,pdf_explicit_series_citation,2025 KIA Sustainability Report.pdf,128,"[127, 128, 129]","[130, 131]","057 Slovakia 27,724 32,631 3,394 1,077 China 43,743 119,623 97,284 1,726 Mexico 19,567 51,282 44,622 795 India 11,954 115,229 115,229 782 overseas offices3 16,179 7,121 7,121 117 Note 1: Scope 2, Location-based and Market-based are defined in the GHG Protocol Scope 2 Guidance, 2015 Scope of GHG emissions (tCO2e) Other Indirect GHG emissions (Scope 3) Purchased goods & services – Upstream emissions associated with the raw materials used in the production of each vehicle model 18,437,870 Capital goods – Capital goods – Buildings, infrastructure, machinery and transportation equipment 112,343 Fuel and energy relate…",PDF page backfill: mapped from the cited GHG Protocol evidence page plus adjacent page text; not promoted to direct-use emissions value.,PDF 页级回查：基于已引用的 GHG Protocol 证据页及相邻页文本映射；不提升为直接采信排放值。
closed,already_accepted,yes,ghg_scope2_guidance,,r162_kia,KIA,起亚公司,162,ghg_scope2_guidance,GHG Protocol Scope 2 Guidance,GHG Protocol Scope 2 指南,pdf_explicit_series_citation,2025 KIA Sustainability Report.pdf,131,[131],[131],"057 Slovakia 27,724 32,631 3,394 1,077 China 43,743 119,623 97,284 1,726 Mexico 19,567 51,282 44,622 795 India 11,954 115,229 115,229 782 overseas offices3 16,179 7,121 7,121 117 Note 1: Scope 2, Location-based and Market-based are defined in the GHG Protocol Scope 2 Guidance, 2015 Scope of GHG emissions (tCO2e) Other Indirect GHG emissions (Scope 3) Purchased goods & services – Upstream emissions associated with the raw materials used in the production of each vehicle model 18,437,870 Capital goods – Capital goods – Buildings, infrastructure, machinery and transportation equipment 112,343 Fuel and energy relate…","PDF full-document exact-series scan: the report page names a controlled GHG Protocol/PCAF fine standard in an accounting, reporting, methodology, or assurance context; this does not promote emissions values.",PDF 全文精确系列扫描：报告页在核算、报告、方法或鉴证语境中命名受控 GHG Protocol/PCAF 细分标准；该记录不提升排放数值。
closed,already_accepted,yes,ghg_corporate_standard|ghg_scope3_standard,ghg_corporate_standard,r162_kia,KIA,起亚公司,162,ghg_scope3_standard,GHG Protocol Corporate Value Chain (Scope 3) Accounting and Reporting Standard,GHG Protocol 企业价值链（Scope 3）核算与报告标准,pdf_explicit_series_citation,2025 KIA Sustainability Report.pdf,128,"[127, 128, 129]","[130, 131]","es of domestic and overseas sites Kia, and specifically the following requirements: • Evaluating conformance with Greenhouse Gas Protocol1: A Corporate Accounting and Reporting Standard, revised edition • Evaluating conformance with Greenhouse Gas Protocol: Corporate Value Chain (Scope 3) Accounting and Reporting Standard • Evaluating the accuracy and reliability of data and information for direct GHG emissions (Scope 1), energy indirect GHG emissions (Scope 2) and other indirect GHG emissions (Scope 3) The main activities of Kia include manufacturing of vehicles, and the GHG emissions have been consolidated …",PDF page backfill: mapped from the cited GHG Protocol evidence page plus adjacent page text; not promoted to direct-use emissions value.,PDF 页级回查：基于已引用的 GHG Protocol 证据页及相邻页文本映射；不提升为直接采信排放值。
closed,already_accepted,yes,ghg_corporate_standard|ghg_scope3_standard,ghg_corporate_standard,r162_kia,KIA,起亚公司,162,ghg_scope3_standard,GHG Protocol Corporate Value Chain (Scope 3) Accounting and Reporting Standard,GHG Protocol 企业价值链（Scope 3）核算与报告标准,pdf_explicit_series_citation,2025 KIA Sustainability Report.pdf,130,[130],[130],"es of domestic and overseas sites Kia, and specifically the following requirements: • Evaluating conformance with Greenhouse Gas Protocol1: A Corporate Accounting and Reporting Standard, revised edition • Evaluating conformance with Greenhouse Gas Protocol: Corporate Value Chain (Scope 3) Accounting and Reporting Standard • Evaluating the accuracy and reliability of data and information for direct GHG emissions (Scope 1), energy indirect GHG emissions (Scope 2) and other indirect GHG emissions (Scope 3) The main activities of Kia include manufacturing of vehicles, and the GHG emissions have been consolidated …","PDF full-document exact-series scan: the report page names a controlled GHG Protocol/PCAF fine standard in an accounting, reporting, methodology, or assurance context; this does not promote emissions values.",PDF 全文精确系列扫描：报告页在核算、报告、方法或鉴证语境中命名受控 GHG Protocol/PCAF 细分标准；该记录不提升排放数值。
closed,already_accepted,yes,ghg_financial_industry_standard,,r164_daiichilifeholdings,DAI-ICHI LIFE HOLDINGS,第一生命控股有限公司,164,ghg_financial_industry_standard,Global GHG Accounting and Reporting Standard for the Financial Industry,金融行业全球温室气体核算与报告标准,pdf_explicit_series_citation,2024-DAI-ICHI LIFE HOLDINGS-index_001.pdf,108,[108],[108],"limate change issues, such as investments in green bonds and renewable energy power plants *4 Projects for which estimates can be made from the amount of electricity generated in renewable energy power generation projects, etc. (calculated in accordance with PCAF standards), and projects for which data is disclosed in green bonds, etc. (Some of the measurement results include data provided by ICE Data Services.) DL+DFL for FY2023 and DL on a non-consolidated basis prior to FY2023. *5 Coverage for emissions of DL. Up to FY2022, coverage for the portfolios of listed equities and corporate bonds; and for FY2023, …","PDF full-document exact-series scan: the report page names a controlled GHG Protocol/PCAF fine standard in an accounting, reporting, methodology, or assurance context; this does not promote emissions values.",PDF 全文精确系列扫描：报告页在核算、报告、方法或鉴证语境中命名受控 GHG Protocol/PCAF 细分标准；该记录不提升排放数值。
closed,already_accepted,yes,ghg_scope3_calculation_guidance,,r166_vinci,VINCI,万喜集团,166,ghg_scope3_calculation_guidance,GHG Protocol Scope 3 Calculation Guidance,GHG Protocol Scope 3 计算指南,pdf_explicit_series_citation,VINCI-2024_workforce_related_environmental_and_social_information.pdf,19,"[18, 19, 20]",[88],"he percentage of emissions remaining to be reduced by the business line to the newly acquired entities. 5.3.3.3 Scope 3 greenhouse gas emissions To calculate Scope 3 emissions, the recommendations published by the Greenhouse Gas Protocol (GHG Protocol) in its Technical Guidance for Calculating Scope 3 Emissions (version 1.0) were followed. Of the 15 emissions categories defined by the GHG Protocol, all but four were considered to be relevant to VINCI’s activities. The exceptions are Category 9, Downstream transportation and distribution; Category 10, Processing of sold products; Category 13, Downstream leased as…",PDF page backfill: mapped from the cited GHG Protocol evidence page plus adjacent page text; not promoted to direct-use emissions value.,PDF 页级回查：基于已引用的 GHG Protocol 证据页及相邻页文本映射；不提升为直接采信排放值。
closed,already_accepted,yes,ghg_scope3_calculation_guidance,,r166_vinci,VINCI,万喜集团,166,ghg_scope3_calculation_guidance,GHG Protocol Scope 3 Calculation Guidance,GHG Protocol Scope 3 计算指南,pdf_explicit_series_citation,VINCI-2024_workforce_related_environmental_and_social_information.pdf,88,[88],[88],"he percentage of emissions remaining to be reduced by the business line to the newly acquired entities. 5.3.3.3 Scope 3 greenhouse gas emissions To calculate Scope 3 emissions, the recommendations published by the Greenhouse Gas Protocol (GHG Protocol) in its Technical Guidance for Calculating Scope 3 Emissions (version 1.0) were followed. Of the 15 emissions categories defined by the GHG Protocol, all but four were considered to be relevant to VINCI’s activities. The exceptions are Category 9, Downstream transportation and distribution; Category 10, Processing of sold products; Category 13, Downstream leased as…","PDF full-document exact-series scan: the report page names a controlled GHG Protocol/PCAF fine standard in an accounting, reporting, methodology, or assurance context; this does not promote emissions values.",PDF 全文精确系列扫描：报告页在核算、报告、方法或鉴证语境中命名受控 GHG Protocol/PCAF 细分标准；该记录不提升排放数值。
closed,already_accepted,yes,ghg_corporate_standard|ghg_scope2_guidance|ghg_scope3_standard,ghg_scope2_guidance|ghg_scope3_standard,r168_torontodominionbank,TORONTO-DOMINION BANK,多伦多道明银行,168,ghg_corporate_standard,GHG Protocol Corporate Accounting and Reporting Standard,GHG Protocol 企业核算与报告标准,pdf_explicit_series_citation,2024-TORONTO-DOMINION BANK-sustainability-report-en.pdf,56,"[55, 56, 57]",,"xternal Engagement Governance and Oversight TD Climate Action Plan Our Approach to Calculating Non-Financed GHG Emissions Reporting Standards Our non-financed GHG emissions inventory is prepared in accordance with the Greenhouse Gas Protocol (GHG Protocol): A Corporate Accounting and Reporting Standard, the GHG Protocol Scope 2 Guidance, and the Corporate Value Chain (Scope 3) Accounting and Reporting Standard. Organizational Boundary The scope of our non-financed GHG emissions inventory encompasses all of TD’s wholly owned operations and activities. TD uses the operational control method to determine the organi…",PDF page backfill: mapped from the cited GHG Protocol evidence page plus adjacent page text; not promoted to direct-use emissions value.,PDF 页级回查：基于已引用的 GHG Protocol 证据页及相邻页文本映射；不提升为直接采信排放值。
closed,already_accepted,yes,ghg_corporate_standard|ghg_scope2_guidance|ghg_scope3_standard,ghg_scope2_guidance|ghg_scope3_standard,r168_torontodominionbank,TORONTO-DOMINION BANK,多伦多道明银行,168,ghg_corporate_standard,GHG Protocol Corporate Accounting and Reporting Standard,GHG Protocol 企业核算与报告标准,pdf_explicit_series_citation,2024-TORONTO-DOMINION BANK-sustainability-report-en.pdf,57,[57],[57],"xternal Engagement Governance and Oversight TD Climate Action Plan Our Approach to Calculating Non-Financed GHG Emissions Reporting Standards Our non-financed GHG emissions inventory is prepared in accordance with the Greenhouse Gas Protocol (GHG Protocol): A Corporate Accounting and Reporting Standard, the GHG Protocol Scope 2 Guidance, and the Corporate Value Chain (Scope 3) Accounting and Reporting Standard. Organizational Boundary The scope of our non-financed GHG emissions inventory encompasses all of TD’s wholly owned operations and activities. TD uses the operational control method to determine the organi…","PDF full-document exact-series scan: the report page names a controlled GHG Protocol/PCAF fine standard in an accounting, reporting, methodology, or assurance context; this does not promote emissions values.",PDF 全文精确系列扫描：报告页在核算、报告、方法或鉴证语境中命名受控 GHG Protocol/PCAF 细分标准；该记录不提升排放数值。
closed,already_accepted,yes,,,r168_torontodominionbank,TORONTO-DOMINION BANK,多伦多道明银行,168,ghg_corporate_standard,GHG Protocol Corporate Accounting and Reporting Standard,GHG Protocol 企业核算与报告标准,pdf_explicit_series_citation,2024-TORONTO-DOMINION BANK-sustainability-report-en.pdf,104,[104],[104],"ons the FRFI uses to measure its Scope 1 and Scope 2 GHG emissions, and the underlying reasons for these decisions. Disclose the reporting standard used by the FRFI to calculate and disclose GHG emissions. If the reporting standard used by the FRFI is not the GHG Protocol Corporate Standard, disclose how the reporting standard used by the FRFI is comparable. Details on the FRFI’s Scope 1 and location-based Scope 2 absolute gross GHG emissions, including basis of measurement and reporting standard: • See Scope 1 and 2 GHG Emissions: Pages 55–57 • See 2024 Sustainability Performance Data Pack & Indices: Located ex…","PDF full-document exact-series scan: the report page names a controlled GHG Protocol/PCAF fine standard in an accounting, reporting, methodology, or assurance context; this does not promote emissions values.",PDF 全文精确系列扫描：报告页在核算、报告、方法或鉴证语境中命名受控 GHG Protocol/PCAF 细分标准；该记录不提升排放数值。
closed,already_accepted,yes,ghg_financial_industry_standard,,r168_torontodominionbank,TORONTO-DOMINION BANK,多伦多道明银行,168,ghg_financial_industry_standard,Global GHG Accounting and Reporting Standard for the Financial Industry,金融行业全球温室气体核算与报告标准,pdf_explicit_series_citation,2024-TORONTO-DOMINION BANK-sustainability-report-en.pdf,60,[60],[60],"ents’ Scope 1 and 2 emissions, and in some sectors, their Scope 3 emissions, attributed to the Bank based on the proportion of the Bank’s lending to or investing in the client company. Financed emissions are calculated in accordance with the guidance from the Partnership for Carbon Accounting Financials (PCAF) wherever possible. Financed emissions help protect the Bank by providing a measure of the transition risk associated with our lending and investment portfolios, while also helping to adapt the Bank’s business activities in the face of climate change. For example, understanding our clients’ GHG emissions pr…","PDF full-document exact-series scan: the report page names a controlled GHG Protocol/PCAF fine standard in an accounting, reporting, methodology, or assurance context; this does not promote emissions values.",PDF 全文精确系列扫描：报告页在核算、报告、方法或鉴证语境中命名受控 GHG Protocol/PCAF 细分标准；该记录不提升排放数值。
closed,already_accepted,yes,ghg_financial_industry_standard,,r168_torontodominionbank,TORONTO-DOMINION BANK,多伦多道明银行,168,ghg_financial_industry_standard,Global GHG Accounting and Reporting Standard for the Financial Industry,金融行业全球温室气体核算与报告标准,pdf_explicit_series_citation,2024-TORONTO-DOMINION BANK-sustainability-report-en.pdf,61,[61],[61],"3 emissions data was available at the time of our calculation. For this reason, we report fiscal year-end 2019–2023 results for the Consumer Auto Loans and Residential Mortgages asset classes. We estimate and publish the emissions footprint in accordance with PCAF guidance, and disclose it on an asset class and sector basis. For each sector, we aim to provide an estimate that includes most parts of the value chain, even if client-reported data is not available, by using PCAF emission factors and/or our third-party data provider estimates (see the Data Quality section for more information). We also disclose infor…","PDF full-document exact-series scan: the report page names a controlled GHG Protocol/PCAF fine standard in an accounting, reporting, methodology, or assurance context; this does not promote emissions values.",PDF 全文精确系列扫描：报告页在核算、报告、方法或鉴证语境中命名受控 GHG Protocol/PCAF 细分标准；该记录不提升排放数值。
closed,already_accepted,yes,ghg_financial_industry_standard,,r168_torontodominionbank,TORONTO-DOMINION BANK,多伦多道明银行,168,ghg_financial_industry_standard,Global GHG Accounting and Reporting Standard for the Financial Industry,金融行业全球温室气体核算与报告标准,pdf_explicit_series_citation,2024-TORONTO-DOMINION BANK-sustainability-report-en.pdf,62,[62],[62],"tements of previously disclosed data or changes to future disclosures as we work to enhance the accuracy and precision of the emissions footprint. Asset classes under consideration for future disclosures are noted in the right- hand column of the table below. Partnership for Carbon Accounting Financials (PCAF) Asset Classes1 1 These reflect asset classes for which PCAF has published a methodology. Additional asset classes exist (e.g., Asset-backed Securities, Derivatives) for which PCAF has yet to release a methodology. Asset Classes Included in TD’s Financed Emissions Footprint Listed Equity and Corporate Bonds…","PDF full-document exact-series scan: the report page names a controlled GHG Protocol/PCAF fine standard in an accounting, reporting, methodology, or assurance context; this does not promote emissions values.",PDF 全文精确系列扫描：报告页在核算、报告、方法或鉴证语境中命名受控 GHG Protocol/PCAF 细分标准；该记录不提升排放数值。
closed,already_accepted,yes,ghg_scope2_guidance,,r168_torontodominionbank,TORONTO-DOMINION BANK,多伦多道明银行,168,ghg_scope2_guidance,GHG Protocol Scope 2 Guidance,GHG Protocol Scope 2 指南,pdf_explicit_series_citation,2024-TORONTO-DOMINION BANK-sustainability-report-en.pdf,56,[56],[56],"indicators for which EY provided a limited level of assurance 60,728 Facility GHG Emissions Intensity kgCO2e per square foot 2.0 2.1 2.2 2.5 Revenue GHG Emissions Intensity tCO2e per millions in revenue 0.8 0.9 1.0 1.4 2 In accordance with the GHG Protocol’s Scope 2 Guidance, TD reports both location-based and market-based Scope 2 GHG emissions figures. The location-based approach accounts for emissions from the electricity physically delivered to a company (i.e., it reflects the average emissions intensity of grids on which energy consumption occurs). The market-based approach represents Scope 2 emissions based…","PDF full-document exact-series scan: the report page names a controlled GHG Protocol/PCAF fine standard in an accounting, reporting, methodology, or assurance context; this does not promote emissions values.",PDF 全文精确系列扫描：报告页在核算、报告、方法或鉴证语境中命名受控 GHG Protocol/PCAF 细分标准；该记录不提升排放数值。
closed,already_accepted,yes,ghg_corporate_standard|ghg_scope2_guidance|ghg_scope3_standard,ghg_corporate_standard|ghg_scope3_standard,r168_torontodominionbank,TORONTO-DOMINION BANK,多伦多道明银行,168,ghg_scope2_guidance,GHG Protocol Scope 2 Guidance,GHG Protocol Scope 2 指南,pdf_explicit_series_citation,2024-TORONTO-DOMINION BANK-sustainability-report-en.pdf,57,[57],[57],"Plan Our Approach to Calculating Non-Financed GHG Emissions Reporting Standards Our non-financed GHG emissions inventory is prepared in accordance with the Greenhouse Gas Protocol (GHG Protocol): A Corporate Accounting and Reporting Standard, the GHG Protocol Scope 2 Guidance, and the Corporate Value Chain (Scope 3) Accounting and Reporting Standard. Organizational Boundary The scope of our non-financed GHG emissions inventory encompasses all of TD’s wholly owned operations and activities. TD uses the operational control method to determine the organizational boundary for its GHG inventory. Reporting Period All …","PDF full-document exact-series scan: the report page names a controlled GHG Protocol/PCAF fine standard in an accounting, reporting, methodology, or assurance context; this does not promote emissions values.",PDF 全文精确系列扫描：报告页在核算、报告、方法或鉴证语境中命名受控 GHG Protocol/PCAF 细分标准；该记录不提升排放数值。
closed,already_accepted,yes,ghg_scope2_guidance,,r168_torontodominionbank,TORONTO-DOMINION BANK,多伦多道明银行,168,ghg_scope2_guidance,GHG Protocol Scope 2 Guidance,GHG Protocol Scope 2 指南,pdf_explicit_series_citation,2024-TORONTO-DOMINION BANK-sustainability-report-en.pdf,110,[110],[110],"ns and not values relating to avoided emissions or emission removals. Gross emissions represent the total GHG emissions before any deductions are made to take account of offset credits or renewable energy certificates. 51 In accordance with the GHG Protocol’s Scope 2 Guidance, TD reports both location-based and market-based Scope 2 GHG emissions figures. The location-based approach accounts for emissions from the electricity physically delivered to a company (i.e., it reflects the average emissions intensity of grids on which energy consumption occurs). The market-based approach represents Scope 2 emissions base…","PDF full-document exact-series scan: the report page names a controlled GHG Protocol/PCAF fine standard in an accounting, reporting, methodology, or assurance context; this does not promote emissions values.",PDF 全文精确系列扫描：报告页在核算、报告、方法或鉴证语境中命名受控 GHG Protocol/PCAF 细分标准；该记录不提升排放数值。
closed,already_accepted,yes,ghg_corporate_standard|ghg_scope2_guidance|ghg_scope3_standard,ghg_corporate_standard|ghg_scope2_guidance,r168_torontodominionbank,TORONTO-DOMINION BANK,多伦多道明银行,168,ghg_scope3_standard,GHG Protocol Corporate Value Chain (Scope 3) Accounting and Reporting Standard,GHG Protocol 企业价值链（Scope 3）核算与报告标准,pdf_explicit_series_citation,2024-TORONTO-DOMINION BANK-sustainability-report-en.pdf,56,"[55, 56, 57]",,"lating Non-Financed GHG Emissions Reporting Standards Our non-financed GHG emissions inventory is prepared in accordance with the Greenhouse Gas Protocol (GHG Protocol): A Corporate Accounting and Reporting Standard, the GHG Protocol Scope 2 Guidance, and the Corporate Value Chain (Scope 3) Accounting and Reporting Standard. Organizational Boundary The scope of our non-financed GHG emissions inventory encompasses all of TD’s wholly owned operations and activities. TD uses the operational control method to determine the organizational boundary for its GHG inventory. Reporting Period All GHG emissions data reflect…",PDF page backfill: mapped from the cited GHG Protocol evidence page plus adjacent page text; not promoted to direct-use emissions value.,PDF 页级回查：基于已引用的 GHG Protocol 证据页及相邻页文本映射；不提升为直接采信排放值。
closed,already_accepted,yes,ghg_corporate_standard|ghg_scope2_guidance|ghg_scope3_standard,ghg_corporate_standard|ghg_scope2_guidance,r168_torontodominionbank,TORONTO-DOMINION BANK,多伦多道明银行,168,ghg_scope3_standard,GHG Protocol Corporate Value Chain (Scope 3) Accounting and Reporting Standard,GHG Protocol 企业价值链（Scope 3）核算与报告标准,pdf_explicit_series_citation,2024-TORONTO-DOMINION BANK-sustainability-report-en.pdf,57,[57],[57],"lating Non-Financed GHG Emissions Reporting Standards Our non-financed GHG emissions inventory is prepared in accordance with the Greenhouse Gas Protocol (GHG Protocol): A Corporate Accounting and Reporting Standard, the GHG Protocol Scope 2 Guidance, and the Corporate Value Chain (Scope 3) Accounting and Reporting Standard. Organizational Boundary The scope of our non-financed GHG emissions inventory encompasses all of TD’s wholly owned operations and activities. TD uses the operational control method to determine the organizational boundary for its GHG inventory. Reporting Period All GHG emissions data reflect…","PDF full-document exact-series scan: the report page names a controlled GHG Protocol/PCAF fine standard in an accounting, reporting, methodology, or assurance context; this does not promote emissions values.",PDF 全文精确系列扫描：报告页在核算、报告、方法或鉴证语境中命名受控 GHG Protocol/PCAF 细分标准；该记录不提升排放数值。
closed,already_accepted,yes,ghg_corporate_standard|ghg_scope2_guidance,ghg_scope2_guidance,r169_lukoil,LUKOIL,卢克石油公司,169,ghg_corporate_standard,GHG Protocol Corporate Accounting and Reporting Standard,GHG Protocol 企业核算与报告标准,pdf_explicit_series_citation,LUKOIL Group Sustainability Report 2024.pdf,66,[66],[66],"for determining greenhouse gas emissions The following documents were used to quantify greenhouse gas emissions of LUKOIL Group for 2024 (Scope 1, 2, avoided and reduced greenhouse gas emissions from renewable energy sources): • The Greenhouse Gas Protocol: A Corporate Accounting and Reporting Standard. World Resources Institute and World Business Council for Sustainable Development, 2004 (revised); • The Greenhouse Gas Protocol: GHG Protocol Scope 2 Guidance; • IPCC Guidelines for National Greenhouse Gas Inventories, 2006; • Methodology for quantifying greenhouse gas emissions. Approved by Order No. 371 of the …","PDF full-document exact-series scan: the report page names a controlled GHG Protocol/PCAF fine standard in an accounting, reporting, methodology, or assurance context; this does not promote emissions values.",PDF 全文精确系列扫描：报告页在核算、报告、方法或鉴证语境中命名受控 GHG Protocol/PCAF 细分标准；该记录不提升排放数值。
closed,already_accepted,yes,ghg_corporate_standard|ghg_scope2_guidance,ghg_corporate_standard,r169_lukoil,LUKOIL,卢克石油公司,169,ghg_scope2_guidance,GHG Protocol Scope 2 Guidance,GHG Protocol Scope 2 指南,pdf_explicit_series_citation,LUKOIL Group Sustainability Report 2024.pdf,66,[66],[66],"issions from renewable energy sources): • The Greenhouse Gas Protocol: A Corporate Accounting and Reporting Standard. World Resources Institute and World Business Council for Sustainable Development, 2004 (revised); • The Greenhouse Gas Protocol: GHG Protocol Scope 2 Guidance; • IPCC Guidelines for National Greenhouse Gas Inventories, 2006; • Methodology for quantifying greenhouse gas emissions. Approved by Order No. 371 of the Ministry of Natural Resources and Environment of the Russian Federation dated May 27, 2022; • Methodological guidelines for the quantitative determination of the volume of indirect energy…","PDF full-document exact-series scan: the report page names a controlled GHG Protocol/PCAF fine standard in an accounting, reporting, methodology, or assurance context; this does not promote emissions values.",PDF 全文精确系列扫描：报告页在核算、报告、方法或鉴证语境中命名受控 GHG Protocol/PCAF 细分标准；该记录不提升排放数值。
closed,already_accepted,yes,ghg_financial_industry_standard,,r174_法国bpce银行集团,BPCE Group,法国BPCE银行,174,ghg_financial_industry_standard,Global GHG Accounting and Reporting Standard for the Financial Industry,金融行业全球温室气体核算与报告标准,pdf_explicit_series_citation,GROUPE BPCE-2023-240506-tcfd-version-uk.pdf,29,[29],[29],"ne (2020) 156g CO2eq/kWh 3 2030 target <90g CO2eq/kWh Scope Scopes 1 & 2 Data sources Carbone 4 (carbon emissions from corporate financing) I Care (data chiefly from ADEME for dedicated financing) ADEME (financing of renewables in light of their technologies) PCAF score Score: 2.3 Calculation method PACTA (average of customer intensities weighted by portfolio exposures) Metric Carbon intensity (g CO2eq / kWh) Scenario IEA NZE 2050 scenario published in 2021 Production Transmission Distribution ASSUMPTIONS & LIMITS The IEA’s NZE 2050 scenario is designed for a global worldwide. It is notably focused on France, Eu…","PDF full-document exact-series scan: the report page names a controlled GHG Protocol/PCAF fine standard in an accounting, reporting, methodology, or assurance context; this does not promote emissions values.",PDF 全文精确系列扫描：报告页在核算、报告、方法或鉴证语境中命名受控 GHG Protocol/PCAF 细分标准；该记录不提升排放数值。
closed,already_accepted,yes,ghg_financial_industry_standard,,r174_法国bpce银行集团,BPCE Group,法国BPCE银行,174,ghg_financial_industry_standard,Global GHG Accounting and Reporting Standard for the Financial Industry,金融行业全球温室气体核算与报告标准,pdf_explicit_series_citation,GROUPE BPCE-2023-240506-tcfd-version-uk.pdf,30,[30],[30],"r subsidiaries are ex- cluded Summary overview 2022 exposures €1.6bn (100% covered) Entities Natixis CIB Baseline (2022) 167g CO2eq/km 2030 target -40% or 100g CO2eq/km Scope Scope 3 TTW, Real Fuel Use Light-duty vehicles Data sources Published data Carbone 4 PCAF score Score: 3 Calculation method PCAF Metric g CO2eq/km, using the ‘real fuel use’ standard. Factors have been applied to convert emissions into NEDC 4 and WLTP 5 standards Scenario IEA NZE 2050 published in 2021 Manufacturers Equipment manufacturers Dealers Vehicle use The ﬁnanced carbon footprint is estimated using the PCAF method. This is correlate…","PDF full-document exact-series scan: the report page names a controlled GHG Protocol/PCAF fine standard in an accounting, reporting, methodology, or assurance context; this does not promote emissions values.",PDF 全文精确系列扫描：报告页在核算、报告、方法或鉴证语境中命名受控 GHG Protocol/PCAF 细分标准；该记录不提升排放数值。
closed,already_accepted,yes,ghg_financial_industry_standard,,r174_法国bpce银行集团,BPCE Group,法国BPCE银行,174,ghg_financial_industry_standard,Global GHG Accounting and Reporting Standard for the Financial Industry,金融行业全球温室气体核算与报告标准,pdf_explicit_series_citation,GROUPE BPCE-2023-240506-tcfd-version-uk.pdf,32,[32],[32],"€0.2bn (100% covered) Entities Natixis CIB Baseline (2022) 622 kg CO2eq/t cement 2030 target < 525 kg CO2eq/t cement Scope 1 – Limestone decarbonation Scope Scope 2 – Consumption of energy during production Data sources Published data, Carbone 4, Asset Impact PCAF score Score: 3 Calculation method PCAF t CO2eq/t cement The production metric is in metric tons of cement products manufactured. Should this data be unavailable, the number of metric tons of cement produced is used. Metric IEA NZE 2050 published in 2021 As this scenario only covers Scope 1, the Group has used the method developed by SBTi in consultatio…","PDF full-document exact-series scan: the report page names a controlled GHG Protocol/PCAF fine standard in an accounting, reporting, methodology, or assurance context; this does not promote emissions values.",PDF 全文精确系列扫描：报告页在核算、报告、方法或鉴证语境中命名受控 GHG Protocol/PCAF 细分标准；该记录不提升排放数值。
closed,already_accepted,yes,ghg_corporate_standard,,r176_巴西jbs公司,JBS,巴西JBS,176,ghg_corporate_standard,GHG Protocol Corporate Accounting and Reporting Standard,GHG Protocol 企业核算与报告标准,pdf_explicit_series_citation,JBS_Sustainability_Report_2023.pdf,21,"[20, 21, 22]",[30],"ng to CDP, regional regulatory frameworks, Our Climate Strategy SASB FB-MP-110a.2 and others. Our GHG emissions are calculated based on the World Resources Institute’s and the World Business Council for Sustainable Development’s The Greenhouse Gas Protocol: A Corporate Accounting and Reporting Standard (Revised Edition) (GHG Protocol), as well as internal criteria defined by JBS. In 2022, we collaborated with credible third-party experts, including a leading UK-based and CDP-accredited decarbonization service provider, to carry out the first comprehensive analysis of the company’s global GHG emission inventory, …",PDF page backfill: mapped from the cited GHG Protocol evidence page plus adjacent page text; not promoted to direct-use emissions value.,PDF 页级回查：基于已引用的 GHG Protocol 证据页及相邻页文本映射；不提升为直接采信排放值。
closed,already_accepted,yes,ghg_corporate_standard,,r176_巴西jbs公司,JBS,巴西JBS,176,ghg_corporate_standard,GHG Protocol Corporate Accounting and Reporting Standard,GHG Protocol 企业核算与报告标准,pdf_explicit_series_citation,JBS_Sustainability_Report_2023.pdf,30,[30],[30],"ng to CDP, regional regulatory frameworks, Our Climate Strategy SASB FB-MP-110a.2 and others. Our GHG emissions are calculated based on the World Resources Institute’s and the World Business Council for Sustainable Development’s The Greenhouse Gas Protocol: A Corporate Accounting and Reporting Standard (Revised Edition) (GHG Protocol), as well as internal criteria defined by JBS. In 2022, we collaborated with credible third-party experts, including a leading UK-based and CDP-accredited decarbonization service provider, to carry out the first comprehensive analysis of the company’s global GHG emission inventory, …","PDF full-document exact-series scan: the report page names a controlled GHG Protocol/PCAF fine standard in an accounting, reporting, methodology, or assurance context; this does not promote emissions values.",PDF 全文精确系列扫描：报告页在核算、报告、方法或鉴证语境中命名受控 GHG Protocol/PCAF 细分标准；该记录不提升排放数值。
closed,already_accepted,yes,ghg_corporate_standard,,r177_alimentationcouchetard公司,Alimentation Couche-Tard,Alimentation Couche-Tard,177,ghg_corporate_standard,GHG Protocol Corporate Accounting and Reporting Standard,GHG Protocol 企业核算与报告标准,pdf_explicit_series_citation,ALIMENTATION COUCHE-TARD-COTA085_ACT_2025_Sustainability_Report_EN_20250625_v2.pdf,52,[52],[52],"Alimentation Couche-Tard Inc. Sustainability Report © 2025 52 Scope 1 & 2 GHG Emissions ACT’s Scope 1 and 2 GHG emissions are calculated in accordance with the Greenhouse Gas Protocol Corporate Accounting and Reporting Standard. Our 2025 report now includes the Scope 1 and 2 GHG emissions from the activities of certain retail European assets acquired from TotalEnergies SE on December 28, 2023 and January 3, 2024. Due to the timing and nature of this acquisition, those emissions were excluded from our reported data in 2024. As of today, we do not expect that any of the other source","PDF full-document exact-series scan: the report page names a controlled GHG Protocol/PCAF fine standard in an accounting, reporting, methodology, or assurance context; this does not promote emissions values.",PDF 全文精确系列扫描：报告页在核算、报告、方法或鉴证语境中命名受控 GHG Protocol/PCAF 细分标准；该记录不提升排放数值。
closed,already_accepted,yes,,,r177_alimentationcouchetard公司,Alimentation Couche-Tard,Alimentation Couche-Tard,177,ghg_scope3_standard,GHG Protocol Corporate Value Chain (Scope 3) Accounting and Reporting Standard,GHG Protocol 企业价值链（Scope 3）核算与报告标准,pdf_explicit_series_citation,ALIMENTATION COUCHE-TARD-COTA085_ACT_2025_Sustainability_Report_EN_20250625_v2.pdf,52,"[51, 52, 53]",,"rformed by third parties, which is captured in Scope 3 emissions under standard definitions). Scope 3 Emissions During 2023, we completed a screening-level assessment to better understand our relevant Scope 3 emission categories, in line with the GHG Protocol Corporate Value Chain (Scope 3) Standard. Results from this screening exercise revealed that, in total, upstream emissions from purchased goods and services (more specifically fuel and merchandise) and downstream emissions from the use of sold products (fuel), were identified as material categories. We are however continuously working to improve our disclos…",PDF page backfill: mapped from the cited GHG Protocol evidence page plus adjacent page text; not promoted to direct-use emissions value.,PDF 页级回查：基于已引用的 GHG Protocol 证据页及相邻页文本映射；不提升为直接采信排放值。
closed,already_accepted,yes,,,r177_alimentationcouchetard公司,Alimentation Couche-Tard,Alimentation Couche-Tard,177,ghg_scope3_standard,GHG Protocol Corporate Value Chain (Scope 3) Accounting and Reporting Standard,GHG Protocol 企业价值链（Scope 3）核算与报告标准,pdf_explicit_series_citation,ALIMENTATION COUCHE-TARD-COTA085_ACT_2025_Sustainability_Report_EN_20250625_v2.pdf,53,[53],[53],"rformed by third parties, which is captured in Scope 3 emissions under standard definitions). Scope 3 Emissions During 2023, we completed a screening-level assessment to better understand our relevant Scope 3 emission categories, in line with the GHG Protocol Corporate Value Chain (Scope 3) Standard. Results from this screening exercise revealed that, in total, upstream emissions from purchased goods and services (more specifically fuel and merchandise) and downstream emissions from the use of sold products (fuel), were identified as material categories. We are however continuously working to improve our disclos…","PDF full-document exact-series scan: the report page names a controlled GHG Protocol/PCAF fine standard in an accounting, reporting, methodology, or assurance context; this does not promote emissions values.",PDF 全文精确系列扫描：报告页在核算、报告、方法或鉴证语境中命名受控 GHG Protocol/PCAF 细分标准；该记录不提升排放数值。
closed,already_accepted,yes,ghg_corporate_standard|ghg_financial_industry_standard,,r182_ubsgroup,UBS GROUP,瑞银集团,182,ghg_corporate_standard,GHG Protocol Corporate Accounting and Reporting Standard,GHG Protocol 企业核算与报告标准,pdf_explicit_series_citation,UBS GROUP-sustainability-report-2024.pdf,34,[34],[34],"tivities in the fossil fuels (oil, gas and coal), power generation, iron and steel and cement corporate sectors. Our approach to target-setting is based on industry guidance and our calculation methodology is based on global standards such as the GHG Protocol Corporate Accounting and Reporting Standard and the Partnership for Carbon Accounting Financials (the PCAF). Our 2030 targets were approved and are continued to be overseen by the CCRC, and are managed by the business divisions in collaboration with Group Sustainability and Impact (GSI) and the Group functions under the leadership of the Group Executive Boa…","PDF full-document exact-series scan: the report page names a controlled GHG Protocol/PCAF fine standard in an accounting, reporting, methodology, or assurance context; this does not promote emissions values.",PDF 全文精确系列扫描：报告页在核算、报告、方法或鉴证语境中命名受控 GHG Protocol/PCAF 细分标准；该记录不提升排放数值。
closed,already_accepted,yes,ghg_financial_industry_standard,,r189_itaúunibancoholding,ITAÚ UNIBANCO HOLDING,伊塔乌联合银行控股公司,189,ghg_financial_industry_standard,Global GHG Accounting and Reporting Standard for the Financial Industry,金融行业全球温室气体核算与报告标准,pdf_explicit_series_citation,ITAÚ UNIBANCO HOLDING ESG Report 2024.pdf,122,[122],[122],"Below, we present the criteria adopted for classification in each tier of the score and the percentage of the credit portfolio in each of them, comparing the results of the last three years. It is important to highlight that the PCAF score evaluates the quality of the information used in the calculation of the financed issues, that is, the greater the availability of data from our clients, the better our score will be (with 1 being higher and 5 being lower). Currently, approximately 23% of our credit portfolio of legal entities (PJ) and securities have scores of 1, 2 or 3, with publicly","PDF full-document exact-series scan: the report page names a controlled GHG Protocol/PCAF fine standard in an accounting, reporting, methodology, or assurance context; this does not promote emissions values.",PDF 全文精确系列扫描：报告页在核算、报告、方法或鉴证语境中命名受控 GHG Protocol/PCAF 细分标准；该记录不提升排放数值。
closed,already_accepted,yes,ghg_financial_industry_standard,,r189_itaúunibancoholding,ITAÚ UNIBANCO HOLDING,伊塔乌联合银行控股公司,189,ghg_financial_industry_standard,Global GHG Accounting and Reporting Standard for the Financial Industry,金融行业全球温室气体核算与报告标准,pdf_explicit_series_citation,ITAÚ UNIBANCO HOLDING ESG Report 2024.pdf,124,[124],[124],"duals, we apply the ""Mortgages"" methodology. It should be noted that we faced challenges obtaining accurate data in Brazil regarding energy consumption, performance and other specific characteristics by state and property type. Therefore, we have followed the PCAF recommendations in our calculation method, based on scores 4 and 5¹, using the average energy consumption per square meter of the property. We remain engaged with and continue to contribute to the PCAF on the evolution of the methodologies for calculating financed emissions. Additionally, we will work to expand the baseline coverage of our portfolio. I…","PDF full-document exact-series scan: the report page names a controlled GHG Protocol/PCAF fine standard in an accounting, reporting, methodology, or assurance context; this does not promote emissions values.",PDF 全文精确系列扫描：报告页在核算、报告、方法或鉴证语境中命名受控 GHG Protocol/PCAF 细分标准；该记录不提升排放数值。
closed,already_accepted,yes,ghg_corporate_standard,,r191_generalelectric,GENERAL ELECTRIC,通用电气公司,191,ghg_corporate_standard,GHG Protocol Corporate Accounting and Reporting Standard,GHG Protocol 企业核算与报告标准,pdf_explicit_series_citation,GENERAL ELECTRIC-Aerospace 2025-sustainability-report.pdf,3,[3],[3],"Gs indices. The Supplementary Materials appendix also includes our Greenhouse Gas (GHG) Inventory Management Plan, which primarily follows the World Resources Institute/ World Business Council for Sustainable Development (WRI/WBCSD) Greenhouse Gas Protocol: A Corporate Accounting and Reporting Standard, Revised Edition (the GHG Protocol). We use the Protocol for all GHG-related definitions, assumptions, and calculations discussed in this document unless explicitly stated otherwise, reporting under the “operational control” approach. To learn more about our GHG inventory and energy inventory process methodology, …","PDF full-document exact-series scan: the report page names a controlled GHG Protocol/PCAF fine standard in an accounting, reporting, methodology, or assurance context; this does not promote emissions values.",PDF 全文精确系列扫描：报告页在核算、报告、方法或鉴证语境中命名受控 GHG Protocol/PCAF 细分标准；该记录不提升排放数值。
closed,already_accepted,yes,ghg_corporate_standard,,r191_generalelectric,GENERAL ELECTRIC,通用电气公司,191,ghg_corporate_standard,GHG Protocol Corporate Accounting and Reporting Standard,GHG Protocol 企业核算与报告标准,pdf_explicit_series_citation,GENERAL ELECTRIC-Aerospace 2025-sustainability-report.pdf,38,[38],[38],"ns. Learn more in our Annual Report on Form 10-K. We recognize that water is a vital resource, both to the environment and to the communities in which we operate. Our water use inventory process adheres to the reporting principles outlined in the GHG Protocol Corporate Accounting and Reporting Standard, revised edition. It follows the control approach, which includes water use and discharge data at sites where GE Aerospace has operational control. We collect water use and discharge data from main offices, manufacturing sites, research laboratories, and other non-manufacturing facilities.47 We are focusing our ef…","PDF full-document exact-series scan: the report page names a controlled GHG Protocol/PCAF fine standard in an accounting, reporting, methodology, or assurance context; this does not promote emissions values.",PDF 全文精确系列扫描：报告页在核算、报告、方法或鉴证语境中命名受控 GHG Protocol/PCAF 细分标准；该记录不提升排放数值。
closed,already_accepted,yes,ghg_scope3_standard,ghg_scope3_standard,r193_lockheedmartin,LOCKHEED MARTIN,洛克希德－马丁,193,ghg_corporate_standard,GHG Protocol Corporate Accounting and Reporting Standard,GHG Protocol 企业核算与报告标准,pdf_explicit_series_citation,2024-LOCKHEED MARTIN-Sustainability-Performance-Report.pdf,28,[28],[28],"st annually to determine the completeness of our GHG inventory and Go Green metrics. Baseline and historical data are updated to reflect changes in the organizational structure or improvements to methodology. We report our GHG inventory in accordance with the World Business Council for Sustainable Development (WBCSD) and World Resources Institute (WRI) Greenhouse Gas – A Corporate Accounting Standard and Corporate Value Chain (Scope 3) Accounting and Reporting Standard (also referred to as GHG Protocol). Our inventory covers the greenhouse gases covered by the Kyoto Protocol: CO2, CH4, N2O, HFCs, PFCs, SF6 and N…","PDF full-document exact-series scan: the report page names a controlled GHG Protocol/PCAF fine standard in an accounting, reporting, methodology, or assurance context; this does not promote emissions values.",PDF 全文精确系列扫描：报告页在核算、报告、方法或鉴证语境中命名受控 GHG Protocol/PCAF 细分标准；该记录不提升排放数值。
closed,already_accepted,yes,ghg_scope3_standard,,r193_lockheedmartin,LOCKHEED MARTIN,洛克希德－马丁,193,ghg_scope3_standard,GHG Protocol Corporate Value Chain (Scope 3) Accounting and Reporting Standard,GHG Protocol 企业价值链（Scope 3）核算与报告标准,pdf_explicit_series_citation,2024-LOCKHEED MARTIN-Sustainability-Performance-Report.pdf,28,[28],[28],"the organizational structure or improvements to methodology. We report our GHG inventory in accordance with the World Business Council for Sustainable Development (WBCSD) and World Resources Institute (WRI) Greenhouse Gas – A Corporate Accounting Standard and Corporate Value Chain (Scope 3) Accounting and Reporting Standard (also referred to as GHG Protocol). Our inventory covers the greenhouse gases covered by the Kyoto Protocol: CO2, CH4, N2O, HFCs, PFCs, SF6 and NF3. We commission a third-party assurance provider annually to conduct independent assurance of our performance indicators and select Go Green metri…","PDF full-document exact-series scan: the report page names a controlled GHG Protocol/PCAF fine standard in an accounting, reporting, methodology, or assurance context; this does not promote emissions values.",PDF 全文精确系列扫描：报告页在核算、报告、方法或鉴证语境中命名受控 GHG Protocol/PCAF 细分标准；该记录不提升排放数值。
closed,already_accepted,yes,ghg_scope3_standard,ghg_scope3_standard,r199_caterpillar,CATERPILLAR,卡特彼勒,199,ghg_corporate_standard,GHG Protocol Corporate Accounting and Reporting Standard,GHG Protocol 企业核算与报告标准,pdf_explicit_series_citation,CATERPILLAR 2024 SUSTAINABILITY REPORT.pdf,29,"[28, 29, 30]","[69, 71, 82]","ring the 2024 campaign, and the Foundation match for the campaigns in the United States, Canada, Panama and Mexico paid in 2024. SUMMARY CUSTOMER ENVIRONMENT PEOPLE GOVERNANCE REPORTING Caterpillar Inc. 2024 Sustainability Report 69 Reporting criteria • WBCSD/WRI GHG Protocol: A Corporate Accounting Standard (2004, as updated January 2015) • The WBCSD/WRI GHG Protocol Corporate Value Chain (Scope 3) Accounting and Reporting Standard (2011) • Caterpillar’s Basis of Reporting (as described in ‘About this Report’ on pg. 61 and endnotes on pg. 69 of the Report) Assurance standard and level of assurance We performed …",PDF page backfill: mapped from the cited GHG Protocol evidence page plus adjacent page text; not promoted to direct-use emissions value.,PDF 页级回查：基于已引用的 GHG Protocol 证据页及相邻页文本映射；不提升为直接采信排放值。
closed,already_accepted,yes,ghg_scope3_standard,ghg_scope3_standard,r199_caterpillar,CATERPILLAR,卡特彼勒,199,ghg_corporate_standard,GHG Protocol Corporate Accounting and Reporting Standard,GHG Protocol 企业核算与报告标准,pdf_explicit_series_citation,CATERPILLAR 2024 SUSTAINABILITY REPORT.pdf,71,[71],[71],"Reporting criteria • WBCSD/WRI GHG Protocol: A Corporate Accounting Standard (2004, as updated January 2015) • The WBCSD/WRI GHG Protocol Corporate Value Chain (Scope 3) Accounting and Reporting Standard (2011) • Caterpillar’s Basis of Reporting (as described in ‘About this Report’ on pg. 61 and endnotes on pg. 69 of the Report) Assurance standard and level of assurance We performed a limited assurance engagement, in accordance with","PDF full-document exact-series scan: the report page names a controlled GHG Protocol/PCAF fine standard in an accounting, reporting, methodology, or assurance context; this does not promote emissions values.",PDF 全文精确系列扫描：报告页在核算、报告、方法或鉴证语境中命名受控 GHG Protocol/PCAF 细分标准；该记录不提升排放数值。
closed,already_accepted,yes,ghg_scope2_guidance,,r199_caterpillar,CATERPILLAR,卡特彼勒,199,ghg_scope2_guidance,GHG Protocol Scope 2 Guidance,GHG Protocol Scope 2 指南,pdf_explicit_series_citation,CATERPILLAR 2024 SUSTAINABILITY REPORT.pdf,29,"[28, 29, 30]","[69, 71, 82]","sistency in electrical grid energy data for U.S. locations. The goal remains unchanged at 30% and is aligned to the SBTi methodology guidance at the time of goal setting. 9. Location-based Scope 2 GHG emissions are provided in accordance with the GHG Protocol Scope 2 guidance (2015). Our market- based Scope 2 emissions are calculated using the Scope 2 Quality Criteria. The following instruments were used in calculating our market-based Scope 2 emissions: Renewable Energy Guarantees of Origin, energy contracts, supplier-specific emission rates, and, for the remainder of our facilities, grid average emission facto…",PDF page backfill: mapped from the cited GHG Protocol evidence page plus adjacent page text; not promoted to direct-use emissions value.,PDF 页级回查：基于已引用的 GHG Protocol 证据页及相邻页文本映射；不提升为直接采信排放值。
closed,already_accepted,yes,ghg_scope2_guidance,,r199_caterpillar,CATERPILLAR,卡特彼勒,199,ghg_scope2_guidance,GHG Protocol Scope 2 Guidance,GHG Protocol Scope 2 指南,pdf_explicit_series_citation,CATERPILLAR 2024 SUSTAINABILITY REPORT.pdf,69,[69],[69],"sistency in electrical grid energy data for U.S. locations. The goal remains unchanged at 30% and is aligned to the SBTi methodology guidance at the time of goal setting. 9. Location-based Scope 2 GHG emissions are provided in accordance with the GHG Protocol Scope 2 guidance (2015). Our market- based Scope 2 emissions are calculated using the Scope 2 Quality Criteria. The following instruments were used in calculating our market-based Scope 2 emissions: Renewable Energy Guarantees of Origin, energy contracts, supplier-specific emission rates, and, for the remainder of our facilities, grid average emission facto…","PDF full-document exact-series scan: the report page names a controlled GHG Protocol/PCAF fine standard in an accounting, reporting, methodology, or assurance context; this does not promote emissions values.",PDF 全文精确系列扫描：报告页在核算、报告、方法或鉴证语境中命名受控 GHG Protocol/PCAF 细分标准；该记录不提升排放数值。
closed,already_accepted,yes,ghg_scope3_standard,,r199_caterpillar,CATERPILLAR,卡特彼勒,199,ghg_scope3_standard,GHG Protocol Corporate Value Chain (Scope 3) Accounting and Reporting Standard,GHG Protocol 企业价值链（Scope 3）核算与报告标准,pdf_explicit_series_citation,CATERPILLAR 2024 SUSTAINABILITY REPORT.pdf,29,"[28, 29, 30]","[69, 71, 82]","ico paid in 2024. SUMMARY CUSTOMER ENVIRONMENT PEOPLE GOVERNANCE REPORTING Caterpillar Inc. 2024 Sustainability Report 69 Reporting criteria • WBCSD/WRI GHG Protocol: A Corporate Accounting Standard (2004, as updated January 2015) • The WBCSD/WRI GHG Protocol Corporate Value Chain (Scope 3) Accounting and Reporting Standard (2011) • Caterpillar’s Basis of Reporting (as described in ‘About this Report’ on pg. 61 and endnotes on pg. 69 of the Report) Assurance standard and level of assurance We performed a limited assurance engagement, in accordance with the International Standard on Assurance Engagements ISAE 300…",PDF page backfill: mapped from the cited GHG Protocol evidence page plus adjacent page text; not promoted to direct-use emissions value.,PDF 页级回查：基于已引用的 GHG Protocol 证据页及相邻页文本映射；不提升为直接采信排放值。
closed,already_accepted,yes,ghg_scope3_standard,,r199_caterpillar,CATERPILLAR,卡特彼勒,199,ghg_scope3_standard,GHG Protocol Corporate Value Chain (Scope 3) Accounting and Reporting Standard,GHG Protocol 企业价值链（Scope 3）核算与报告标准,pdf_explicit_series_citation,CATERPILLAR 2024 SUSTAINABILITY REPORT.pdf,71,[71],[71],"Reporting criteria • WBCSD/WRI GHG Protocol: A Corporate Accounting Standard (2004, as updated January 2015) • The WBCSD/WRI GHG Protocol Corporate Value Chain (Scope 3) Accounting and Reporting Standard (2011) • Caterpillar’s Basis of Reporting (as described in ‘About this Report’ on pg. 61 and endnotes on pg. 69 of the Report) Assurance standard and level of assurance We performed a limited assurance engagement, in accordance with the International Standard on Assurance Engagements ISAE 3000 (Revised) ‘Assurance Engagemen","PDF full-document exact-series scan: the report page names a controlled GHG Protocol/PCAF fine standard in an accounting, reporting, methodology, or assurance context; this does not promote emissions values.",PDF 全文精确系列扫描：报告页在核算、报告、方法或鉴证语境中命名受控 GHG Protocol/PCAF 细分标准；该记录不提升排放数值。
closed,already_accepted,yes,ghg_financial_industry_standard,,r200_bancobilbaovizcayaargentaria,BANCO BILBAO VIZCAYA ARGENTARIA,西班牙对外银行,200,ghg_financial_industry_standard,Global GHG Accounting and Reporting Standard for the Financial Industry,金融行业全球温室气体核算与报告标准,pdf_explicit_series_citation,BBVA_Annual_Report_2024_ENG.pdf,107,[107],[107],"tion of financed CO2e emissions BBVA continues to measure the emissions associated with our financing and direct investment activities, also known as Scope 3 Category 15 greenhouse gas (GHG) emissions. To carry out this measurement, BBVA has adopted the PCAF (Partnership for Carbon Accounting Financials) methodology. This calculation will cover all portfolios included in the scope of the PCAF standard (first edition) and the Group's significant geographic areas, providing a global view of the financed emissions. In accordance with the defined roadmap, at the end of December 2024, the calculation includes the mea…","PDF full-document exact-series scan: the report page names a controlled GHG Protocol/PCAF fine standard in an accounting, reporting, methodology, or assurance context; this does not promote emissions values.",PDF 全文精确系列扫描：报告页在核算、报告、方法或鉴证语境中命名受控 GHG Protocol/PCAF 细分标准；该记录不提升排放数值。
closed,already_accepted,yes,ghg_financial_industry_standard,,r200_bancobilbaovizcayaargentaria,BANCO BILBAO VIZCAYA ARGENTARIA,西班牙对外银行,200,ghg_financial_industry_standard,Global GHG Accounting and Reporting Standard for the Financial Industry,金融行业全球温室气体核算与报告标准,pdf_explicit_series_citation,BBVA_Annual_Report_2024_ENG.pdf,108,[108],[108],"s counterparties for its associated emissions. In this sense, the intensity coefficient has resulted in 690 tCO2e/Mn€. In the future, fluctuations in the measurement of financed emissions can be expected, both due to revisions of emissions factors provided by PCAF and due to greater use of data reported by customers as their publication becomes more widespread. Below is a table detailing the financed emissions at the Group level by economic activity, along with a breakdown by emission scope (1, 2, and 3) and intensity coefficient. Additionally, a column is included with the ""score"", which reflects the quality of…","PDF full-document exact-series scan: the report page names a controlled GHG Protocol/PCAF fine standard in an accounting, reporting, methodology, or assurance context; this does not promote emissions values.",PDF 全文精确系列扫描：报告页在核算、报告、方法或鉴证语境中命名受控 GHG Protocol/PCAF 细分标准；该记录不提升排放数值。
closed,already_accepted,yes,ghg_financial_industry_standard,,r200_bancobilbaovizcayaargentaria,BANCO BILBAO VIZCAYA ARGENTARIA,西班牙对外银行,200,ghg_financial_industry_standard,Global GHG Accounting and Reporting Standard for the Financial Industry,金融行业全球温室气体核算与报告标准,pdf_explicit_series_citation,BBVA_Annual_Report_2024_ENG.pdf,109,[109],[109],"emissions from the loan portfolio with intermediate decarbonization targets for 2030 For those sectors with an alignment metric and emission reduction targets set for 2030, BBVA has calculated the amount of emissions covered by these targets, according to the PCAF methodology. These sectors can be divided into subsectors that represent the different parts of the sector's value chain. The different alignment methodologies according to sector have in common that they focus on measuring a specific part of the value chain, the part that is considered to contribute to the reduction of the sector's emissions to the gr…","PDF full-document exact-series scan: the report page names a controlled GHG Protocol/PCAF fine standard in an accounting, reporting, methodology, or assurance context; this does not promote emissions values.",PDF 全文精确系列扫描：报告页在核算、报告、方法或鉴证语境中命名受控 GHG Protocol/PCAF 细分标准；该记录不提升排放数值。
closed,already_accepted,yes,ghg_financial_industry_standard,ghg_financial_industry_standard,r202_metlife,METLIFE,美国大都会集团,202,ghg_corporate_standard,GHG Protocol Corporate Accounting and Reporting Standard,GHG Protocol 企业核算与报告标准,pdf_explicit_series_citation,metlife_sustainability_report_2024.pdf,76,[76],[76],"ated by MII’s ownership percentage to get the financed emissions attributable to MetLife. These financed emissions are lastly aggregated at the portfolio level. All calculations are performed in accordance with Partnership for Carbon Accounting Financials and Greenhouse Gas Protocol Corporate Standard guidance. Physical Risk Exposure FN-IN-450a.1, Probable Maximum Loss (PML) of insured products from weather-related natural catastrophes MetLife assesses and monitors physical risk from natural catastrophes qualitatively, given the nature of the Life & Health insurance business. Please see section C3.1.1 in MetLife…","PDF full-document exact-series scan: the report page names a controlled GHG Protocol/PCAF fine standard in an accounting, reporting, methodology, or assurance context; this does not promote emissions values.",PDF 全文精确系列扫描：报告页在核算、报告、方法或鉴证语境中命名受控 GHG Protocol/PCAF 细分标准；该记录不提升排放数值。
closed,already_accepted,yes,ghg_financial_industry_standard,,r202_metlife,METLIFE,美国大都会集团,202,ghg_financial_industry_standard,Global GHG Accounting and Reporting Standard for the Financial Industry,金融行业全球温室气体核算与报告标准,pdf_explicit_series_citation,metlife_sustainability_report_2024.pdf,76,[76],[76],"MetLife investments, property emissions are prorated by MII’s ownership percentage to get the financed emissions attributable to MetLife. These financed emissions are lastly aggregated at the portfolio level. All calculations are performed in accordance with Partnership for Carbon Accounting Financials and Greenhouse Gas Protocol Corporate Standard guidance. Physical Risk Exposure FN-IN-450a.1, Probable Maximum Loss (PML) of insured products from weather-related natural catastrophes MetLife assesses and monitors physical risk from natural catastrophes qualitatively, given the nature of the Life & Health insuranc…","PDF full-document exact-series scan: the report page names a controlled GHG Protocol/PCAF fine standard in an accounting, reporting, methodology, or assurance context; this does not promote emissions values.",PDF 全文精确系列扫描：报告页在核算、报告、方法或鉴证语境中命名受控 GHG Protocol/PCAF 细分标准；该记录不提升排放数值。
closed,already_accepted,yes,ghg_financial_industry_standard,,r202_metlife,METLIFE,美国大都会集团,202,ghg_financial_industry_standard,Global GHG Accounting and Reporting Standard for the Financial Industry,金融行业全球温室气体核算与报告标准,pdf_explicit_series_citation,metlife_sustainability_report_2024.pdf,11,[11],[11],"GA investment portfolio (Scope 3 Category 15). These are real estate equity assets, including several asset classes (offices, multifamily, industrial, retail, single family rentals, hotels and other property types). Emissions calculations are informed by the Partnership for Carbon Accounting Financials and are associated with the underlying investment property’s Scope 1 and 2 emissions, and Scope 3 tenant emissions (including power that is directly generated or consumed on site) for real estate investments, where reliable data and methodologies are available. It should be noted that the Company generally recogni…","PDF full-document exact-series scan: the report page names a controlled GHG Protocol/PCAF fine standard in an accounting, reporting, methodology, or assurance context; this does not promote emissions values.",PDF 全文精确系列扫描：报告页在核算、报告、方法或鉴证语境中命名受控 GHG Protocol/PCAF 细分标准；该记录不提升排放数值。
closed,already_accepted,yes,ghg_financial_industry_standard,,r202_metlife,METLIFE,美国大都会集团,202,ghg_financial_industry_standard,Global GHG Accounting and Reporting Standard for the Financial Industry,金融行业全球温室气体核算与报告标准,pdf_explicit_series_citation,metlife_sustainability_report_2024.pdf,28,[28],[28],"GA investment portfolio (Scope 3 Category 15). These are real estate equity assets, including several asset classes (offices, multi-family, industrial, retail, single family rentals, hotels and other property types). Emissions calculations are informed by the Partnership for Carbon Accounting Financials and are associated with the underlying investment property’s Scope 1 and 2 emissions, and Scope 3 tenant emissions (including power that is directly generated or consumed onsite) for real estate investments, where reliable data and methodologies are available. It should be noted that the Company generally recogni…","PDF full-document exact-series scan: the report page names a controlled GHG Protocol/PCAF fine standard in an accounting, reporting, methodology, or assurance context; this does not promote emissions values.",PDF 全文精确系列扫描：报告页在核算、报告、方法或鉴证语境中命名受控 GHG Protocol/PCAF 细分标准；该记录不提升排放数值。
closed,already_accepted,yes,ghg_corporate_standard,,r204_lloydsbankinggroup,LLOYDS BANKING GROUP,英国劳埃德银行集团,204,ghg_corporate_standard,GHG Protocol Corporate Accounting and Reporting Standard,GHG Protocol 企业核算与报告标准,pdf_explicit_series_citation,Lloyds_Banking_Group_Annual_Report_2024.pdf,63,[63],[63],"Streamlined energy carbon reporting Methodology The Group follows the principles of the Greenhouse Gas (GHG) Protocol Corporate Accounting and Reporting Standard to calculate Scope 1, 2 and 3 emissions from our worldwide operations. Energy consumption is calculated according to guidance set out by the Department for Energy Security and Net Zero. The reporting period is 1 October 2023 to 30 September 2024. Emissions are reported based on the operational control approach. Reported Scope 1 emissions are from activities","PDF full-document exact-series scan: the report page names a controlled GHG Protocol/PCAF fine standard in an accounting, reporting, methodology, or assurance context; this does not promote emissions values.",PDF 全文精确系列扫描：报告页在核算、报告、方法或鉴证语境中命名受控 GHG Protocol/PCAF 细分标准；该记录不提升排放数值。
closed,already_accepted,yes,ghg_financial_industry_standard,,r205_deutschebank,DEUTSCHE BANK,德意志银行,205,ghg_financial_industry_standard,Global GHG Accounting and Reporting Standard for the Financial Industry,金融行业全球温室气体核算与报告标准,pdf_explicit_series_citation,Deutsche_Bank_Annual_Report_2024.pdf,308,[308],[308],"276 Deutsche Bank Environmental information Annual Report 2024 Climate change Financed Emissions: Scope 3 Category 15 ESRS E1-6 The financed emissions calculations follow the Partnership for Carbon Accounting Financials (“PCAF”) Standard as detailed in the Methodological Notes in this section and are in line with the recommendations of the Task Force on Climate- related Financial Disclosures (see their Guidance on Metrics, Targets, and Transition Plans). Financed emissions calculations are based on disclosed Scope 1, 2, and 3 emissions of Deutsche Bank’s clients. Such emis","PDF full-document exact-series scan: the report page names a controlled GHG Protocol/PCAF fine standard in an accounting, reporting, methodology, or assurance context; this does not promote emissions values.",PDF 全文精确系列扫描：报告页在核算、报告、方法或鉴证语境中命名受控 GHG Protocol/PCAF 细分标准；该记录不提升排放数值。
closed,already_accepted,yes,ghg_financial_industry_standard,,r205_deutschebank,DEUTSCHE BANK,德意志银行,205,ghg_financial_industry_standard,Global GHG Accounting and Reporting Standard for the Financial Industry,金融行业全球温室气体核算与报告标准,pdf_explicit_series_citation,Deutsche_Bank_Annual_Report_2024.pdf,311,[311],[311],"by the reduced volume size of the mortgage portfolio. The combination of regular repayment and lower loan-to-values reduce the bank’s part of financed emissions. Methodological notes Financed emissions of the corporate loan portfolio: – This bank follows the Partnership for Carbon Accounting Financials (PCAF) Standard, Part A (2022), where more technical information can be found in the public domain given its open-source status. In particular, the financed emissions approach for the corporate loan portfolio follows Chapter 5.2 – Deutsche Bank focuses on corporate lending within: (i) loans at amortized cost and (…","PDF full-document exact-series scan: the report page names a controlled GHG Protocol/PCAF fine standard in an accounting, reporting, methodology, or assurance context; this does not promote emissions values.",PDF 全文精确系列扫描：报告页在核算、报告、方法或鉴证语境中命名受控 GHG Protocol/PCAF 细分标准；该记录不提升排放数值。
closed,already_accepted,yes,ghg_financial_industry_standard,,r205_deutschebank,DEUTSCHE BANK,德意志银行,205,ghg_financial_industry_standard,Global GHG Accounting and Reporting Standard for the Financial Industry,金融行业全球温室气体核算与报告标准,pdf_explicit_series_citation,Deutsche_Bank_Annual_Report_2024.pdf,316,[316],[316],"are not. For sovereign debt, the Scope 1 emissions reported include Land Use, Land Use Change and Forestry. Financed emissions for DWS´s direct real estate holdings are calculated according to Global Real Estate Sustainability Benchmark, which is aligned with Partnership for Carbon Accounting Financials, and Carbon Risk Real Estate Monitor. DWS reports financed emissions for its entire real estate holdings including residential and not just commercial real estate. However, emissions for real estate debt portfolios are not included in its reporting.","PDF full-document exact-series scan: the report page names a controlled GHG Protocol/PCAF fine standard in an accounting, reporting, methodology, or assurance context; this does not promote emissions values.",PDF 全文精确系列扫描：报告页在核算、报告、方法或鉴证语境中命名受控 GHG Protocol/PCAF 细分标准；该记录不提升排放数值。
closed,already_accepted,yes,ghg_financial_industry_standard,,r208_sumitomomitsuifinancialgroup,SUMITOMO MITSUI FINANCIAL GROUP,日本三井住友金融集团,208,ghg_financial_industry_standard,Global GHG Accounting and Reporting Standard for the Financial Industry,金融行业全球温室气体核算与报告标准,pdf_explicit_series_citation,SUMITOMO MITSUI FINANCIAL GROUP sustainability_report_e_2025.pdf,90,[90],[90],"Setting 2030 medium-term targets as well as 2050 long-term targets and disclosing progress. ⚫ Calculates GHG emissions in the power and oil & gas sectors for underwriting, which is the core business of securities business. ⚫ Based on the final version of the PCAF guidelines, the calculation method has been advanced. ⚫Appendix: Methodology for calculating Underwriting Financed Emissions ⚫Sumitomo Mitsui DS Asset Management website > Information disclosure based on TCFD (https://www.smd-am.co.jp/corporate/vision/fiduciary/03/) P. 137 P. 137 SMDAM: Reduction targets and results SMBC Nikko Securities: Underwriting F…","PDF full-document exact-series scan: the report page names a controlled GHG Protocol/PCAF fine standard in an accounting, reporting, methodology, or assurance context; this does not promote emissions values.",PDF 全文精确系列扫描：报告页在核算、报告、方法或鉴证语境中命名受控 GHG Protocol/PCAF 细分标准；该记录不提升排放数值。
closed,already_accepted,yes,ghg_financial_industry_standard,,r208_sumitomomitsuifinancialgroup,SUMITOMO MITSUI FINANCIAL GROUP,日本三井住友金融集团,208,ghg_financial_industry_standard,Global GHG Accounting and Reporting Standard for the Financial Industry,金融行业全球温室气体核算与报告标准,pdf_explicit_series_citation,SUMITOMO MITSUI FINANCIAL GROUP sustainability_report_e_2025.pdf,127,[127],[127],"uity + Debt of each customer/project)*6 • Company emissions (GHG emissions) = Each customer’s revenue* 7 × Emission factor per revenue amount Calculated using a unified method for all sectors using emission coefficients per revenue/asset amount cited from the PCAF database *1. Loan balances at SMBC and its main overseas subsidiaries, etc. (on an internal control basis) *2. Machinery, electrical equipment, construction, etc. *3. Excluding mortgage loans *4. Including packaged food manufacturing such as dairy products and meat *5. If there is no consolidated financial data, single- entity financial data is used *6…","PDF full-document exact-series scan: the report page names a controlled GHG Protocol/PCAF fine standard in an accounting, reporting, methodology, or assurance context; this does not promote emissions values.",PDF 全文精确系列扫描：报告页在核算、报告、方法或鉴证语境中命名受控 GHG Protocol/PCAF 细分标准；该记录不提升排放数值。
closed,already_accepted,yes,ghg_financial_industry_standard,,r208_sumitomomitsuifinancialgroup,SUMITOMO MITSUI FINANCIAL GROUP,日本三井住友金融集团,208,ghg_financial_industry_standard,Global GHG Accounting and Reporting Standard for the Financial Industry,金融行业全球温室气体核算与报告标准,pdf_explicit_series_citation,SUMITOMO MITSUI FINANCIAL GROUP sustainability_report_e_2025.pdf,128,[128],[128],"rgets 01. Message from the Group CEO 02. Editorial policy Scope 3, Category 15 (FE) calculation results FY2024 actual FY2023 actual * This calculation, performed using a uniform approach for inter-sector comparisons, utilizes estimated values derived from the PCAF database. We acknowledge that these estimates may deviate from the actual GHG emissions. Sector Loan exposure (JPY trillion) Financed emissions (Mt-CO2e)* PCAF score Cover- age ratio (%) Scope 1, 2 Scope 3 Power 6.2 160.0 58.8 4.5 100% Oil & gas 3.6 290.8 60.9 4.4 100% Coal (thermal coal) 0.0 0.1 0.1 4.4 100% Energy (including power) subtotal 9.9 450.9…","PDF full-document exact-series scan: the report page names a controlled GHG Protocol/PCAF fine standard in an accounting, reporting, methodology, or assurance context; this does not promote emissions values.",PDF 全文精确系列扫描：报告页在核算、报告、方法或鉴证语境中命名受控 GHG Protocol/PCAF 细分标准；该记录不提升排放数值。
closed,already_accepted,yes,ghg_corporate_standard|ghg_scope3_standard,ghg_scope3_standard,r209_lg电子,LG Electronics,LG电子,209,ghg_corporate_standard,GHG Protocol Corporate Accounting and Reporting Standard,GHG Protocol 企业核算与报告标准,pdf_explicit_series_citation,2024-2025_LGE_Sustainability_Report_English.pdf,165,[165],[165],"ioned by LG Electronics Inc. (“Company”) to perform third party verification for the Company’s Greenhouse Gas Statement. The Company is responsible for the preparation of the GHG statement on the basis set out within Audit Standard, ‘WRI/WBCSD GHG Protocol: A Corporate Accounting and Reporting Standard ’, ‘The Corporate Value Chain (Scope 3) Accounting and Reporting Standard’, ‘IPCC Guidelines: 2006’ The Company has full responsibility of the GHG statement. According to terms of contract, DNV expressly disclaims any liability or co-responsibility for any decisions a 3rd party may make based on the verification o…","PDF full-document exact-series scan: the report page names a controlled GHG Protocol/PCAF fine standard in an accounting, reporting, methodology, or assurance context; this does not promote emissions values.",PDF 全文精确系列扫描：报告页在核算、报告、方法或鉴证语境中命名受控 GHG Protocol/PCAF 细分标准；该记录不提升排放数值。
closed,already_accepted,yes,ghg_corporate_standard|ghg_scope3_standard,ghg_corporate_standard,r209_lg电子,LG Electronics,LG电子,209,ghg_scope3_standard,GHG Protocol Corporate Value Chain (Scope 3) Accounting and Reporting Standard,GHG Protocol 企业价值链（Scope 3）核算与报告标准,pdf_explicit_series_citation,2024-2025_LGE_Sustainability_Report_English.pdf,164,"[163, 164, 165]",,"third party verification for the Company’s Greenhouse Gas Statement. The Company is responsible for the preparation of the GHG statement on the basis set out within Audit Standard, ‘WRI/WBCSD GHG Protocol: A Corporate Accounting and Reporting Standard ’, ‘The Corporate Value Chain (Scope 3) Accounting and Reporting Standard’, ‘IPCC Guidelines: 2006’ The Company has full responsibility of the GHG statement. According to terms of contract, DNV expressly disclaims any liability or co-responsibility for any decisions a 3rd party may make based on the verification opinion. Objective and Scope of Verification The obje…",PDF page backfill: mapped from the cited GHG Protocol evidence page plus adjacent page text; not promoted to direct-use emissions value.,PDF 页级回查：基于已引用的 GHG Protocol 证据页及相邻页文本映射；不提升为直接采信排放值。
closed,already_accepted,yes,ghg_corporate_standard|ghg_scope3_standard,ghg_corporate_standard,r209_lg电子,LG Electronics,LG电子,209,ghg_scope3_standard,GHG Protocol Corporate Value Chain (Scope 3) Accounting and Reporting Standard,GHG Protocol 企业价值链（Scope 3）核算与报告标准,pdf_explicit_series_citation,2024-2025_LGE_Sustainability_Report_English.pdf,165,[165],[165],"third party verification for the Company’s Greenhouse Gas Statement. The Company is responsible for the preparation of the GHG statement on the basis set out within Audit Standard, ‘WRI/WBCSD GHG Protocol: A Corporate Accounting and Reporting Standard ’, ‘The Corporate Value Chain (Scope 3) Accounting and Reporting Standard’, ‘IPCC Guidelines: 2006’ The Company has full responsibility of the GHG statement. According to terms of contract, DNV expressly disclaims any liability or co-responsibility for any decisions a 3rd party may make based on the verification opinion. Objective and Scope of Verification The obje…","PDF full-document exact-series scan: the report page names a controlled GHG Protocol/PCAF fine standard in an accounting, reporting, methodology, or assurance context; this does not promote emissions values.",PDF 全文精确系列扫描：报告页在核算、报告、方法或鉴证语境中命名受控 GHG Protocol/PCAF 细分标准；该记录不提升排放数值。
closed,already_accepted,yes,ghg_financial_industry_standard,,r215_munichregroup,MUNICH RE GROUP,慕尼黑再保险集团,215,ghg_financial_industry_standard,Global GHG Accounting and Reporting Standard for the Financial Industry,金融行业全球温室气体核算与报告标准,pdf_explicit_series_citation,MunichRe-Group-Annual-Report-2024-en.pdf,101,"[100, 101, 102]",,"Structured standard tag: GHG Protocol; Standard role: Accounting standard; Matched keywords: PCAF financed emissions methodology CO2e for thermal coal and 1,032,872 t CO2e for oil and gas. The asset classes covered by the Munich Re Group Ambition 2025 targets are currently not reconcilable with the emissions in the table “Financed emissions according to Category 15 ‘ MunichRe-Group-Annual-Report-2024-en.pdf Combined management report 98 Combined non-fin",PDF page backfill: mapped from the cited GHG Protocol evidence page plus adjacent page text; not promoted to direct-use emissions value.,PDF 页级回查：基于已引用的 GHG Protocol 证据页及相邻页文本映射；不提升为直接采信排放值。
closed,already_accepted,yes,ghg_financial_industry_standard,,r215_munichregroup,MUNICH RE GROUP,慕尼黑再保险集团,215,ghg_financial_industry_standard,Global GHG Accounting and Reporting Standard for the Financial Industry,金融行业全球温室气体核算与报告标准,pdf_explicit_series_citation,MunichRe-Group-Annual-Report-2024-en.pdf,104,[104],[104],"struments in companies with known and unknown use of proceeds, and project finance. For these asset classes, the calculation of financed emissions uses the prescribed methodology of the GHG Accounting and Reporting Standard for the Financial Industry from the Partnership for Carbon Accounting Financials (PCAF), specifically part A “Financed Emissions” (December 2022 version). In the context of the Munich Re Group Ambition 2025, we used market values to calculate the attribution factor of debt instruments. In the above table “Financed emissions according to Category 15 ‘Investments’ of the GHG Protocol”, we adapt…","PDF full-document exact-series scan: the report page names a controlled GHG Protocol/PCAF fine standard in an accounting, reporting, methodology, or assurance context; this does not promote emissions values.",PDF 全文精确系列扫描：报告页在核算、报告、方法或鉴证语境中命名受控 GHG Protocol/PCAF 细分标准；该记录不提升排放数值。
closed,already_accepted,yes,ghg_financial_industry_standard,,r215_munichregroup,MUNICH RE GROUP,慕尼黑再保险集团,215,ghg_financial_industry_standard,Global GHG Accounting and Reporting Standard for the Financial Industry,金融行业全球温室气体核算与报告标准,pdf_explicit_series_citation,MunichRe-Group-Annual-Report-2024-en.pdf,105,[105],[105],"have CO2e data. We then consider this in relation to the total market values of the asset class concerned. We calculated the data quality per asset class as the weighted average of the individual assets in the class, in accordance with the requirements of the PCAF Financed Emissions Standard. Weighting was done using the “outstanding amount”. This corresponds to the market value of equity instruments and the notional value of debt investments. Financed emissions can change due to changes in the value of the financed companies that are used in the numerator of the attribution factor. To ensure comparability, we d…","PDF full-document exact-series scan: the report page names a controlled GHG Protocol/PCAF fine standard in an accounting, reporting, methodology, or assurance context; this does not promote emissions values.",PDF 全文精确系列扫描：报告页在核算、报告、方法或鉴证语境中命名受控 GHG Protocol/PCAF 细分标准；该记录不提升排放数值。
closed,already_accepted,yes,ghg_scope3_standard,,r215_munichregroup,MUNICH RE GROUP,慕尼黑再保险集团,215,ghg_scope3_standard,GHG Protocol Corporate Value Chain (Scope 3) Accounting and Reporting Standard,GHG Protocol 企业价值链（Scope 3）核算与报告标准,pdf_explicit_series_citation,MunichRe-Group-Annual-Report-2024-en.pdf,104,[104],[104],"of proceeds 1–2 103 914 30 100 Debt investments with unknown use of proceeds 1–2 3 246 121 19 100 Project finance 1–2 536 394 28 100 Total financed emissions 7284057 In accordance with the principles and provisions of the Green House Gas Protocol (GHGP) Corporate Value Chain (Scope 3) Accounting and Reporting Standard (2011), the financed emissions comprise our equity instruments, debt instruments in companies with known and unknown use of proceeds, and project finance. For these asset classes, the calculation of financed emissions uses the prescribed methodology of the GHG Accounting and Reporting Standard…","PDF full-document exact-series scan: the report page names a controlled GHG Protocol/PCAF fine standard in an accounting, reporting, methodology, or assurance context; this does not promote emissions values.",PDF 全文精确系列扫描：报告页在核算、报告、方法或鉴证语境中命名受控 GHG Protocol/PCAF 细分标准；该记录不提升排放数值。
closed,already_accepted,yes,ghg_corporate_standard,,r224_zurichinsurancegroup,ZURICH INSURANCE GROUP,苏黎世保险集团,224,ghg_corporate_standard,GHG Protocol Corporate Accounting and Reporting Standard,GHG Protocol 企业核算与报告标准,pdf_explicit_series_citation,ZURICH INSURANCE GROUP sustainability-report-2024.pdf,63,[63],[63],"t our approach to net-zero in our operations, visit our website: www.zurich.com/sustainability/planet/sustainable-operations 3 3Our environmental reporting methodology follows the GRI Standard, which is based on the requirements of the Greenhouse Gas Protocol Corporate Accounting and Reporting Standard. For more details on methodology, visit our website: www.zurich.com/sustainability/planet/sustainable-operations","PDF full-document exact-series scan: the report page names a controlled GHG Protocol/PCAF fine standard in an accounting, reporting, methodology, or assurance context; this does not promote emissions values.",PDF 全文精确系列扫描：报告页在核算、报告、方法或鉴证语境中命名受控 GHG Protocol/PCAF 细分标准；该记录不提升排放数值。
closed,already_accepted,yes,ghg_financial_industry_standard,,r224_zurichinsurancegroup,ZURICH INSURANCE GROUP,苏黎世保险集团,224,ghg_financial_industry_standard,Global GHG Accounting and Reporting Standard for the Financial Industry,金融行业全球温室气体核算与报告标准,pdf_explicit_series_citation,ZURICH INSURANCE GROUP sustainability-report-2024.pdf,57,"[56, 57, 58]",,"Structured standard tag: GHG Protocol; Standard role: Accounting standard; Matched keywords: PCAF financed emissions methodology is can be attributed to a company’s underlying equity and/or debt investors, who are ready to take additional responsibility for the emissions. To calculate corporate financed emissions, we use the following methodology: – Scope 1+2 emissio ZURICH INSURANCE GROUP sustainability-report-2024.pdf Figure 26 Relative emissions comp",PDF page backfill: mapped from the cited GHG Protocol evidence page plus adjacent page text; not promoted to direct-use emissions value.,PDF 页级回查：基于已引用的 GHG Protocol 证据页及相邻页文本映射；不提升为直接采信排放值。
closed,already_accepted,yes,ghg_financial_industry_standard,,r224_zurichinsurancegroup,ZURICH INSURANCE GROUP,苏黎世保险集团,224,ghg_financial_industry_standard,Global GHG Accounting and Reporting Standard for the Financial Industry,金融行业全球温室气体核算与报告标准,pdf_explicit_series_citation,ZURICH INSURANCE GROUP sustainability-report-2024.pdf,13,[13],[13],"liabilities. Group overview Governance Sustainability report Risk review Financial review Zurich Insurance Group Annual Report 2024 127 Introduction | Governance | Planet | Customers | People 1 1Determined by scope 1& 2 for our customers’ emissions using the Partnership for Carbon Accounting Financials (PCAF) insurance-associated emissions methodology for commercial lines, covering customers with revenues greater than USD 1 billion. 2 ²Estimated based on AuM 2023. Any portfolio activity will be subject to market conditions and potential other constraints.","PDF full-document exact-series scan: the report page names a controlled GHG Protocol/PCAF fine standard in an accounting, reporting, methodology, or assurance context; this does not promote emissions values.",PDF 全文精确系列扫描：报告页在核算、报告、方法或鉴证语境中命名受控 GHG Protocol/PCAF 细分标准；该记录不提升排放数值。
closed,already_accepted,yes,ghg_financial_industry_standard,,r224_zurichinsurancegroup,ZURICH INSURANCE GROUP,苏黎世保险集团,224,ghg_financial_industry_standard,Global GHG Accounting and Reporting Standard for the Financial Industry,金融行业全球温室气体核算与报告标准,pdf_explicit_series_citation,ZURICH INSURANCE GROUP sustainability-report-2024.pdf,46,[46],[46],"tons of CO2e emissions per year through impact investments. Ongoing (ambition) 1 Attributed with enterprise value methodology and matched based on most recently available emission data. 2 IAE is determined by scope 1 & 2 for our customers’ emissions using the Partnership for Carbon Accounting Financials (PCAF) insurance-associated emissions methodology for commercial lines, covering customers with revenues greater than USD 1 billion. 3 Cover-More, Farmers Group, Inc. and its subsidiaries, our joint ventures with Banco Sabadell and Banco Santander, smaller businesses like Real Garant and Orion, third party vendor…","PDF full-document exact-series scan: the report page names a controlled GHG Protocol/PCAF fine standard in an accounting, reporting, methodology, or assurance context; this does not promote emissions values.",PDF 全文精确系列扫描：报告页在核算、报告、方法或鉴证语境中命名受控 GHG Protocol/PCAF 细分标准；该记录不提升排放数值。
closed,already_accepted,yes,ghg_financial_industry_standard,,r224_zurichinsurancegroup,ZURICH INSURANCE GROUP,苏黎世保险集团,224,ghg_financial_industry_standard,Global GHG Accounting and Reporting Standard for the Financial Industry,金融行业全球温室气体核算与报告标准,pdf_explicit_series_citation,ZURICH INSURANCE GROUP sustainability-report-2024.pdf,48,[48],[48],"to 183. Group overview Governance Sustainability report Risk review Financial review Zurich Insurance Group Annual Report 2024 162 Introduction | Governance | Planet | Customers | People 1 1Determined by scope 1& 2 for our customers’ emissions using the PCAF (Partnership for Carbon Accounting Financials) insurance-associated emissions methodology for commercial lines, covering customers with revenues greater than USD 1 billion. 2 2Revenues capture gross written premiums and other fee services.","PDF full-document exact-series scan: the report page names a controlled GHG Protocol/PCAF fine standard in an accounting, reporting, methodology, or assurance context; this does not promote emissions values.",PDF 全文精确系列扫描：报告页在核算、报告、方法或鉴证语境中命名受控 GHG Protocol/PCAF 细分标准；该记录不提升排放数值。
closed,already_accepted,yes,,,r230_bungeglobal,BUNGE GLOBAL,邦吉公司,230,ghg_scope3_standard,GHG Protocol Corporate Value Chain (Scope 3) Accounting and Reporting Standard,GHG Protocol 企业价值链（Scope 3）核算与报告标准,pdf_explicit_series_citation,2025-Bunge-Global-Sustainability-Report.pdf,7,"[6, 7, 8]",[24],"stribution to minimize our environmental footprint. We use market tools to monitor vessel performance and cargo ship routes, which help us achieve speed and route optimization, promote safety during the voyage and lower consumption of fuel. 1 The GHG Protocol Corporate Value Chain Accounting and Reporting Standard divides Scope 3 in 15 categories of emission. Bunge’s inventory includes 13 of these categories. Downstream leased assets and franchises are the two categories that are not material to Bunge, therefore not included in our Scope 3 inventory. Our SBTi Scope 3 targets are based on three key categories—Pur…",PDF page backfill: mapped from the cited GHG Protocol evidence page plus adjacent page text; not promoted to direct-use emissions value.,PDF 页级回查：基于已引用的 GHG Protocol 证据页及相邻页文本映射；不提升为直接采信排放值。
closed,already_accepted,yes,,,r230_bungeglobal,BUNGE GLOBAL,邦吉公司,230,ghg_scope3_standard,GHG Protocol Corporate Value Chain (Scope 3) Accounting and Reporting Standard,GHG Protocol 企业价值链（Scope 3）核算与报告标准,pdf_explicit_series_citation,2025-Bunge-Global-Sustainability-Report.pdf,24,[24],[24],"stribution to minimize our environmental footprint. We use market tools to monitor vessel performance and cargo ship routes, which help us achieve speed and route optimization, promote safety during the voyage and lower consumption of fuel. 1 The GHG Protocol Corporate Value Chain Accounting and Reporting Standard divides Scope 3 in 15 categories of emission. Bunge’s inventory includes 13 of these categories. Downstream leased assets and franchises are the two categories that are not material to Bunge, therefore not included in our Scope 3 inventory. Our SBTi Scope 3 targets are based on three key categories—Pur…","PDF full-document exact-series scan: the report page names a controlled GHG Protocol/PCAF fine standard in an accounting, reporting, methodology, or assurance context; this does not promote emissions values.",PDF 全文精确系列扫描：报告页在核算、报告、方法或鉴证语境中命名受控 GHG Protocol/PCAF 细分标准；该记录不提升排放数值。
closed,already_accepted,yes,ghg_corporate_standard,,r235_conocophillips,CONOCOPHILLIPS,康菲石油公司,235,ghg_corporate_standard,GHG Protocol Corporate Accounting and Reporting Standard,GHG Protocol 企业核算与报告标准,pdf_explicit_series_citation,2024-sustainability-report CONOCOPHILLIPS.pdf,23,[23],[23],"so having to repeatedly reset targets. ConocoPhillips Sustainability Report 2024 Managing climate-related risks 21 3 In support of our company reporting practices that are based on the data principles from the World Resources Institute Greenhouse Gas Protocol Corporate Accounting and Reporting Standard. SCOPE 1 — Direct GHG emissions from sources owned or controlled by ConocoPhillips. SCOPE 2 — GHG emissions from the generation of purchased electricity consumed by ConocoPhillips. SCOPE 3 — All other indirect GHG emissions as a result of ConocoPhillips activities, from sources not owned or controlled by the compa…","PDF full-document exact-series scan: the report page names a controlled GHG Protocol/PCAF fine standard in an accounting, reporting, methodology, or assurance context; this does not promote emissions values.",PDF 全文精确系列扫描：报告页在核算、报告、方法或鉴证语境中命名受控 GHG Protocol/PCAF 细分标准；该记录不提升排放数值。
closed,already_accepted,yes,ghg_corporate_standard,,r235_conocophillips,CONOCOPHILLIPS,康菲石油公司,235,ghg_corporate_standard,GHG Protocol Corporate Accounting and Reporting Standard,GHG Protocol 企业核算与报告标准,pdf_explicit_series_citation,2024-sustainability-report CONOCOPHILLIPS.pdf,27,[27],[27],"engage with partners on specific emissions reduction initiatives and frameworks as a response to regulatory, social and stakeholder pressures. Net equity emissions are calculated based on the equity share approach as defined in “The Greenhouse Gas Protocol: A Corporate Accounting and Reporting Standard (WRI)” and we request GHG emissions data from our partners on an annual basis. In certain cases, we obtain the required information from regulatory reports. Additionally, we calculate emissions based on asset- specific emissions intensities and our equity share. ConocoPhillips Sustainability Report 2024 Managing c…","PDF full-document exact-series scan: the report page names a controlled GHG Protocol/PCAF fine standard in an accounting, reporting, methodology, or assurance context; this does not promote emissions values.",PDF 全文精确系列扫描：报告页在核算、报告、方法或鉴证语境中命名受控 GHG Protocol/PCAF 细分标准；该记录不提升排放数值。
closed,already_accepted,yes,,,r236_pfizer,PFIZER,辉瑞制药有限公司,236,ghg_corporate_standard,GHG Protocol Corporate Accounting and Reporting Standard,GHG Protocol 企业核算与报告标准,pdf_explicit_series_citation,Pfizer_2024_Impact_Report_02JUN2025.pdf,33,"[32, 33, 34]",[53],"s per the World Resources Institute (WRI) Greenhouse Gas (GHG) Protocol. The 2019 data is independently verified to the limited assurance level. Data for 2022-2024 is independently verified to the reasonable assurance level. 2 Scopes 1 and 2 as defined by the GHG Protocol Corporate Standard: • Scope 1: Direct GHG emissions. Direct GHG emissions occur from sources that are owned or controlled by the company, for example, emissions from combustion in owned or controlled boilers, furnaces, vehicles, etc., or emissions from chemical production in owned or controlled process equipment. • Scope 2: Electricity indirect…",PDF page backfill: mapped from the cited GHG Protocol evidence page plus adjacent page text; not promoted to direct-use emissions value.,PDF 页级回查：基于已引用的 GHG Protocol 证据页及相邻页文本映射；不提升为直接采信排放值。
closed,already_accepted,yes,,,r236_pfizer,PFIZER,辉瑞制药有限公司,236,ghg_corporate_standard,GHG Protocol Corporate Accounting and Reporting Standard,GHG Protocol 企业核算与报告标准,pdf_explicit_series_citation,Pfizer_2024_Impact_Report_02JUN2025.pdf,53,[53],[53],"s per the World Resources Institute (WRI) Greenhouse Gas (GHG) Protocol. The 2019 data is independently verified to the limited assurance level. Data for 2022-2024 is independently verified to the reasonable assurance level. 2 Scopes 1 and 2 as defined by the GHG Protocol Corporate Standard: • Scope 1: Direct GHG emissions. Direct GHG emissions occur from sources that are owned or controlled by the company, for example, emissions from combustion in owned or controlled boilers, furnaces, vehicles, etc., or emissions from chemical production in owned or controlled process equipment. • Scope 2: Electricity indirect…","PDF full-document exact-series scan: the report page names a controlled GHG Protocol/PCAF fine standard in an accounting, reporting, methodology, or assurance context; this does not promote emissions values.",PDF 全文精确系列扫描：报告页在核算、报告、方法或鉴证语境中命名受控 GHG Protocol/PCAF 细分标准；该记录不提升排放数值。
closed,already_accepted,yes,ghg_corporate_standard,,r237_deltaairlines,DELTA AIR LINES,达美航空,237,ghg_corporate_standard,GHG Protocol Corporate Accounting and Reporting Standard,GHG Protocol 企业核算与报告标准,pdf_explicit_series_citation,delta-difference-2024-report.pdf,8,"[7, 8, 9]",[56],"cern, Dillon Consulting Limited (Dillon) completed a veriﬁcation of Delta Air Line’s 2024 greenhouse gas emissions inventory according to the World Business Council for Sustainable Development and the World Resource Institute’s “The Greenhouse Gas Protocol: A Corporate Accounting and Reporting Standard” (Revised Edition). Dillon conducted the veriﬁcation according to ISO 14064-3: 2019 Standard. Based on the procedures undertaken, Dillon conﬁrms that the 2024 Delta Diﬀerence Report GHG assertion that covers emissions from January 1, 2024 to December 31, 2024 was prepared in accordance with the GHG Protocol and St…",PDF page backfill: mapped from the cited GHG Protocol evidence page plus adjacent page text; not promoted to direct-use emissions value.,PDF 页级回查：基于已引用的 GHG Protocol 证据页及相邻页文本映射；不提升为直接采信排放值。
closed,already_accepted,yes,ghg_corporate_standard,,r237_deltaairlines,DELTA AIR LINES,达美航空,237,ghg_corporate_standard,GHG Protocol Corporate Accounting and Reporting Standard,GHG Protocol 企业核算与报告标准,pdf_explicit_series_citation,delta-difference-2024-report.pdf,56,[56],[56],"cern, Dillon Consulting Limited (Dillon) completed a veriﬁcation of Delta Air Line’s 2024 greenhouse gas emissions inventory according to the World Business Council for Sustainable Development and the World Resource Institute’s “The Greenhouse Gas Protocol: A Corporate Accounting and Reporting Standard” (Revised Edition). Dillon conducted the veriﬁcation according to ISO 14064-3: 2019 Standard. Based on the procedures undertaken, Dillon conﬁrms that the 2024 Delta Diﬀerence Report GHG assertion that covers emissions from January 1, 2024 to December 31, 2024 was prepared in accordance with the GHG Protocol and St…","PDF full-document exact-series scan: the report page names a controlled GHG Protocol/PCAF fine standard in an accounting, reporting, methodology, or assurance context; this does not promote emissions values.",PDF 全文精确系列扫描：报告页在核算、报告、方法或鉴证语境中命名受控 GHG Protocol/PCAF 细分标准；该记录不提升排放数值。
closed,already_accepted,yes,ghg_corporate_standard,,r238_chinahuanenggroup,CHINA HUANENG GROUP,中国华能集团有限公司,238,ghg_corporate_standard,GHG Protocol Corporate Accounting and Reporting Standard,GHG Protocol 企业核算与报告标准,pdf_explicit_series_citation,AIA GROUP-Main-ESG-Report_CH.pdf,58,[58],[58],"確保數據及相關流程的可靠性， 節選的可持續發展資料已皆由友邦保 險的外部核數師（「羅兵咸永道」） 鑒證。友邦保險 2024 年子報告：員 工與文化中的關鍵績效指標，包括按 性別和年齡劃分的員工流失率（第6 頁）以及按市場、性別、年齡及職級 劃分的員工結構概覽（第10 頁）依 據獨立執業會計師就友邦保險控股有 限公司的經識別的可持續發展資料的 有限保證鑒證報告進行鑒證。請參閱 第32 頁以獲取此數據鑒證工作中涵 蓋的細分營運範圍。 數據計量方法 友邦保險根據溫室氣體協議企業會計 和報告標準（GHG Protocol Corporate Accounting and Reporting Standard）、溫室氣體協議範圍2 指 南及香港特別行政區政府環保署提供 的指引計算排放量，亦會透過公用事 業公司可持續發展報告、溫室氣體協 議數據庫及國際能源總署（IEA） 2024 年排放因子數據庫，確定各個 營運地區溫室氣體排放（範圍1 和 2）的排放因子。我們參照英國政府 環境、食品及農村事務部 （Department for Environment, Food and Rural Affairs 或DEFRA）提供的 溫室氣體報告：2024 年換算係數中 的短距離航班的排放因子計算商務旅 行排放數據。我們根據國際航空運輸 協會（IATA）建議的做法，計量所有 私人航空運輸的排放量。 針對所使用的任何全球暖化潛勢 （Global…","PDF full-document exact-series scan: the report page names a controlled GHG Protocol/PCAF fine standard in an accounting, reporting, methodology, or assurance context; this does not promote emissions values.",PDF 全文精确系列扫描：报告页在核算、报告、方法或鉴证语境中命名受控 GHG Protocol/PCAF 细分标准；该记录不提升排放数值。
closed,already_accepted,yes,ghg_scope3_standard,,r245_assicurazionigenerali,ASSICURAZIONI GENERALI,意大利忠利保险公司,245,ghg_scope3_standard,GHG Protocol Corporate Value Chain (Scope 3) Accounting and Reporting Standard,GHG Protocol 企业价值链（Scope 3）核算与报告标准,pdf_explicit_series_citation,daimler-truck-ir-annual-report-2024-incl-combined-management-report-dth-ag.pdf,92,[92],[92],"unt the emissions of other actors in the upstream and downstream value chain. Of particular note are the material Scope 3 categories, which were identified based on the magnitude of their estimated greenhouse gas emissions and the criteria of the GHG Protocol Corporate Value Chain (Scope 3) Accounting and Reporting Standard. These categories include emissions from purchased goods and services (3.1) and the use of products sold (3.11). 1 This does not include the activities of our entire Group. In particular, the activities of our Daimler Truck Financial Services (DTFS) segment are excluded here. 2 The energy con…","PDF full-document exact-series scan: the report page names a controlled GHG Protocol/PCAF fine standard in an accounting, reporting, methodology, or assurance context; this does not promote emissions values.",PDF 全文精确系列扫描：报告页在核算、报告、方法或鉴证语境中命名受控 GHG Protocol/PCAF 细分标准；该记录不提升排放数值。
closed,already_accepted,yes,,,r247_repsol,REPSOL,雷普索尔公司,247,ghg_corporate_standard,GHG Protocol Corporate Accounting and Reporting Standard,GHG Protocol 企业核算与报告标准,pdf_explicit_series_citation,REPSOL consolidated-statement-non-financial-information-sustainability-information-2024.pdf,40,[40],[40],"dards, such as the GHG Protocol36. The total gross emissions metrics are used to monitor compliance with the Company's decarbonization targets. Environmental information / Climate Change 2024 Non-Financial and Sustainability Information 40 Repsol Group 36 The GHG Protocol guides for Scope 1, 2 and 3 can be found at: Corporate standard; Scope 2; Scope 3.","PDF full-document exact-series scan: the report page names a controlled GHG Protocol/PCAF fine standard in an accounting, reporting, methodology, or assurance context; this does not promote emissions values.",PDF 全文精确系列扫描：报告页在核算、报告、方法或鉴证语境中命名受控 GHG Protocol/PCAF 细分标准；该记录不提升排放数值。
closed,already_accepted,yes,ghg_scope3_standard,,r247_repsol,REPSOL,雷普索尔公司,247,ghg_scope3_standard,GHG Protocol Corporate Value Chain (Scope 3) Accounting and Reporting Standard,GHG Protocol 企业价值链（Scope 3）核算与报告标准,pdf_explicit_series_citation,REPSOL consolidated-statement-non-financial-information-sustainability-information-2024.pdf,21,"[20, 21, 22]","[38, 40, 134]","thane and 273 for nitrous oxide (N₂O) over a 100-year time horizon, where the climate impact of these gases is greater compared to CO₂. Indirect emissions (Scope 3) The reported Scope 3 emissions are aligned with the principles established by the GHG Protocol Corporate Value Chain (Scope 3) Accounting and Reporting Standard and reflect the methodological approach followed to quantify the Company's indirect value chain emissions. The categories and corresponding calculation methods are detailed below. Category 1: Purchased goods and services It includes purchases of crude oil, other main raw materials for Refinin…",PDF page backfill: mapped from the cited GHG Protocol evidence page plus adjacent page text; not promoted to direct-use emissions value.,PDF 页级回查：基于已引用的 GHG Protocol 证据页及相邻页文本映射；不提升为直接采信排放值。
closed,already_accepted,yes,ghg_scope3_standard,,r247_repsol,REPSOL,雷普索尔公司,247,ghg_scope3_standard,GHG Protocol Corporate Value Chain (Scope 3) Accounting and Reporting Standard,GHG Protocol 企业价值链（Scope 3）核算与报告标准,pdf_explicit_series_citation,REPSOL consolidated-statement-non-financial-information-sustainability-information-2024.pdf,134,[134],[134],"thane and 273 for nitrous oxide (N₂O) over a 100-year time horizon, where the climate impact of these gases is greater compared to CO₂. Indirect emissions (Scope 3) The reported Scope 3 emissions are aligned with the principles established by the GHG Protocol Corporate Value Chain (Scope 3) Accounting and Reporting Standard and reflect the methodological approach followed to quantify the Company's indirect value chain emissions. The categories and corresponding calculation methods are detailed below. Category 1: Purchased goods and services It includes purchases of crude oil, other main raw materials for Refinin…","PDF full-document exact-series scan: the report page names a controlled GHG Protocol/PCAF fine standard in an accounting, reporting, methodology, or assurance context; this does not promote emissions values.",PDF 全文精确系列扫描：报告页在核算、报告、方法或鉴证语境中命名受控 GHG Protocol/PCAF 细分标准；该记录不提升排放数值。
closed,already_accepted,yes,ghg_corporate_standard|ghg_scope2_guidance|ghg_scope3_standard,ghg_scope2_guidance|ghg_scope3_standard,r248_lenovogroup,LENOVO GROUP,联想集团有限公司,248,ghg_corporate_standard,GHG Protocol Corporate Accounting and Reporting Standard,GHG Protocol 企业核算与报告标准,pdf_explicit_series_citation,FY2025-lenovo-sustainability-report.pdf,100,[100],[100],"100 Lenovo Group Limited 2024/25 Environmental, Social and Governance Report GHG emissions measurement approach Approach Standards used • GHG Protocol Corporate Accounting and Reporting Standard (2004) • GHG Protocol Scope 2 Guidance (2015) • GHG Protocol Corporate Value Chain (Scope 3) Accounting and Reporting Standard (2011) Measurement approach Operational control due to the ability to take full ownership of all GHG emissions Lenovo can directly influence and reduce Operational boundary Lenovo accounts for 100% of the GHG emissions and removals","PDF full-document exact-series scan: the report page names a controlled GHG Protocol/PCAF fine standard in an accounting, reporting, methodology, or assurance context; this does not promote emissions values.",PDF 全文精确系列扫描：报告页在核算、报告、方法或鉴证语境中命名受控 GHG Protocol/PCAF 细分标准；该记录不提升排放数值。
closed,already_accepted,yes,ghg_corporate_standard|ghg_scope2_guidance|ghg_scope3_standard,ghg_corporate_standard|ghg_scope3_standard,r248_lenovogroup,LENOVO GROUP,联想集团有限公司,248,ghg_scope2_guidance,GHG Protocol Scope 2 Guidance,GHG Protocol Scope 2 指南,pdf_explicit_series_citation,FY2025-lenovo-sustainability-report.pdf,100,[100],[100],"100 Lenovo Group Limited 2024/25 Environmental, Social and Governance Report GHG emissions measurement approach Approach Standards used • GHG Protocol Corporate Accounting and Reporting Standard (2004) • GHG Protocol Scope 2 Guidance (2015) • GHG Protocol Corporate Value Chain (Scope 3) Accounting and Reporting Standard (2011) Measurement approach Operational control due to the ability to take full ownership of all GHG emissions Lenovo can directly influence and reduce Operational boundary Lenovo accounts for 100% of the GHG emissions and removals from operations over which it has contr","PDF full-document exact-series scan: the report page names a controlled GHG Protocol/PCAF fine standard in an accounting, reporting, methodology, or assurance context; this does not promote emissions values.",PDF 全文精确系列扫描：报告页在核算、报告、方法或鉴证语境中命名受控 GHG Protocol/PCAF 细分标准；该记录不提升排放数值。
closed,already_accepted,yes,ghg_corporate_standard|ghg_scope2_guidance|ghg_scope3_standard,ghg_corporate_standard|ghg_scope2_guidance,r248_lenovogroup,LENOVO GROUP,联想集团有限公司,248,ghg_scope3_standard,GHG Protocol Corporate Value Chain (Scope 3) Accounting and Reporting Standard,GHG Protocol 企业价值链（Scope 3）核算与报告标准,pdf_explicit_series_citation,FY2025-lenovo-sustainability-report.pdf,100,[100],[100],"100 Lenovo Group Limited 2024/25 Environmental, Social and Governance Report GHG emissions measurement approach Approach Standards used • GHG Protocol Corporate Accounting and Reporting Standard (2004) • GHG Protocol Scope 2 Guidance (2015) • GHG Protocol Corporate Value Chain (Scope 3) Accounting and Reporting Standard (2011) Measurement approach Operational control due to the ability to take full ownership of all GHG emissions Lenovo can directly influence and reduce Operational boundary Lenovo accounts for 100% of the GHG emissions and removals from operations over which it has control. Emissions from operati…","PDF full-document exact-series scan: the report page names a controlled GHG Protocol/PCAF fine standard in an accounting, reporting, methodology, or assurance context; this does not promote emissions values.",PDF 全文精确系列扫描：报告页在核算、报告、方法或鉴证语境中命名受控 GHG Protocol/PCAF 细分标准；该记录不提升排放数值。
closed,already_accepted,yes,,,r260_newyorklifeinsurance,NEW YORK LIFE INSURANCE,美国纽约人寿保险公司,260,ghg_corporate_standard,GHG Protocol Corporate Accounting and Reporting Standard,GHG Protocol 企业核算与报告标准,pdf_explicit_series_citation,2024NEW YORK LIFE INSURANCE Corporate-Responsibility-Report.pdf,44,[44],[44],"OPERATIONAL TARGET AND SCOPE 1 AND 2 EMISSIONS In 2024, New York Life's operational Scope 1 and 2 were down 16% compared to our 2019 baseline. This is due to reduced energy usage and the addition of new sites with actual data to our footprint. We leverage the GHG Protocol Corporate Standardxvii to calculate our emissions. Additionally, New York Life employs estimates for about 30% of our Scope 2 emissions (based on total square footage) for leased sites where direct usage data is unavailable. We aim to reduce the number of estimated emissions every year. Additionally, New York Life purchases renewable energy cre…","PDF full-document exact-series scan: the report page names a controlled GHG Protocol/PCAF fine standard in an accounting, reporting, methodology, or assurance context; this does not promote emissions values.",PDF 全文精确系列扫描：报告页在核算、报告、方法或鉴证语境中命名受控 GHG Protocol/PCAF 细分标准；该记录不提升排放数值。
closed,already_accepted,yes,,,r260_newyorklifeinsurance,NEW YORK LIFE INSURANCE,美国纽约人寿保险公司,260,ghg_corporate_standard,GHG Protocol Corporate Accounting and Reporting Standard,GHG Protocol 企业核算与报告标准,pdf_explicit_series_citation,2024NEW YORK LIFE INSURANCE Corporate-Responsibility-Report.pdf,61,[61],[61],"nts in total AUM • % AUM carrying a formal ESG/SRI certification or label B) DISCLOSE THE SCOPE 1, SCOPE 2 , AND, IF APPROPRIATE, SCOPE 3 GREENHOUSE GAS (GHG) EMISSIONS, AND THE RELATED RISKS. New York Life’s greenhouse gas emissions were calculated using the GHG Protocol’s Corporate Standard and include the subsidiaries and affiliated boutiques over which we have a controlling interest (see the GRI Index in to our Corporate Responsibility Report for information on covered entities). Our 2024 footprint (MT CO2e) is as follows: 2019 2024 Scope 1 6,072 9,570 Scope 2: Market Based 95,548 75,388 Scope 2: Location Ba…","PDF full-document exact-series scan: the report page names a controlled GHG Protocol/PCAF fine standard in an accounting, reporting, methodology, or assurance context; this does not promote emissions values.",PDF 全文精确系列扫描：报告页在核算、报告、方法或鉴证语境中命名受控 GHG Protocol/PCAF 细分标准；该记录不提升排放数值。
closed,already_accepted,yes,ghg_financial_industry_standard,,r260_newyorklifeinsurance,NEW YORK LIFE INSURANCE,美国纽约人寿保险公司,260,ghg_financial_industry_standard,Global GHG Accounting and Reporting Standard for the Financial Industry,金融行业全球温室气体核算与报告标准,pdf_explicit_series_citation,2024NEW YORK LIFE INSURANCE Corporate-Responsibility-Report.pdf,44,[44],[44],"however, current calculation methodologies do not cover many of these asset types. We are actively working to assess the financed emissions for our General Account and within our asset management boutiques, and leverage, where methodologies are available, the Partnership for Carbon Accounting Financials (PCAF), to gain a better understanding of portfolio- level emissions profiles.","PDF full-document exact-series scan: the report page names a controlled GHG Protocol/PCAF fine standard in an accounting, reporting, methodology, or assurance context; this does not promote emissions values.",PDF 全文精确系列扫描：报告页在核算、报告、方法或鉴证语境中命名受控 GHG Protocol/PCAF 细分标准；该记录不提升排放数值。
closed,already_accepted,yes,ghg_financial_industry_standard,,r260_newyorklifeinsurance,NEW YORK LIFE INSURANCE,美国纽约人寿保险公司,260,ghg_financial_industry_standard,Global GHG Accounting and Reporting Standard for the Financial Industry,金融行业全球温室气体核算与报告标准,pdf_explicit_series_citation,2024NEW YORK LIFE INSURANCE Corporate-Responsibility-Report.pdf,62,[62],[62],"red by current portfolio carbon calculation methods; however, we expect innovation in this space in the future. The company is actively working to assess the financed emissions for our General Account. We have leveraged, where methodologies are available, the Partnership for Carbon Accounting Financials (PCAF) to gain a better understanding of portfolio level emissions profiles and assess climate risks. We have identified external data providers and tools, in addition to performing internal analysis, to help provide valuable insights into climate-related financial risk, absolute emissions, and emissions intensit…","PDF full-document exact-series scan: the report page names a controlled GHG Protocol/PCAF fine standard in an accounting, reporting, methodology, or assurance context; this does not promote emissions values.",PDF 全文精确系列扫描：报告页在核算、报告、方法或鉴证语境中命名受控 GHG Protocol/PCAF 细分标准；该记录不提升排放数值。
closed,already_accepted,yes,ghg_financial_industry_standard,,r260_newyorklifeinsurance,NEW YORK LIFE INSURANCE,美国纽约人寿保险公司,260,ghg_financial_industry_standard,Global GHG Accounting and Reporting Standard for the Financial Industry,金融行业全球温室气体核算与报告标准,pdf_explicit_series_citation,2024NEW YORK LIFE INSURANCE Corporate-Responsibility-Report.pdf,64,[64],[64],"lease see the “Operating with Environmental Responsibility” and “TCFD Report” sections of this report. FN-IN-410c.4: Description of methodology used to calculate financed emissions New York Life plans to utilize the Portfolio Carbon Accounting for Financials (PCAF) methodology in its efforts to calculate financed emissions. Physical Risk Exposure FN-IN-450a.1: Probable Maximum Loss (PML) of insured products from weather-related natural catastrophes As a life insurer, this metric is not relevant. FN-IN-450a.2: Total amount of monetary losses attributable to insurance payouts from (1) modeled natural catastrophes …","PDF full-document exact-series scan: the report page names a controlled GHG Protocol/PCAF fine standard in an accounting, reporting, methodology, or assurance context; this does not promote emissions values.",PDF 全文精确系列扫描：报告页在核算、报告、方法或鉴证语境中命名受控 GHG Protocol/PCAF 细分标准；该记录不提升排放数值。
closed,already_accepted,yes,ghg_scope3_calculation_guidance|ghg_scope3_standard,ghg_scope3_standard,r260_newyorklifeinsurance,NEW YORK LIFE INSURANCE,美国纽约人寿保险公司,260,ghg_scope3_calculation_guidance,GHG Protocol Scope 3 Calculation Guidance,GHG Protocol Scope 3 计算指南,pdf_explicit_series_citation,2024NEW YORK LIFE INSURANCE Corporate-Responsibility-Report.pdf,72,[72],[72],"elevance of sustainability topics to various stakeholders. These terms are not intended to align with their definitions in financial statements, financial reporting, or SEC rules. xvii ghgprotocol.org/corporate-standard xviii Calculated using the GHG Protocol Technical Guidance for Calculating Scope 3 Emissions Supplement to the Corporate Value Chain (Scope 3) Accounting and Reporting Standards.","PDF full-document exact-series scan: the report page names a controlled GHG Protocol/PCAF fine standard in an accounting, reporting, methodology, or assurance context; this does not promote emissions values.",PDF 全文精确系列扫描：报告页在核算、报告、方法或鉴证语境中命名受控 GHG Protocol/PCAF 细分标准；该记录不提升排放数值。
closed,already_accepted,yes,ghg_scope3_calculation_guidance|ghg_scope3_standard,ghg_scope3_calculation_guidance,r260_newyorklifeinsurance,NEW YORK LIFE INSURANCE,美国纽约人寿保险公司,260,ghg_scope3_standard,GHG Protocol Corporate Value Chain (Scope 3) Accounting and Reporting Standard,GHG Protocol 企业价值链（Scope 3）核算与报告标准,pdf_explicit_series_citation,2024NEW YORK LIFE INSURANCE Corporate-Responsibility-Report.pdf,72,[72],[72],"are not intended to align with their definitions in financial statements, financial reporting, or SEC rules. xvii ghgprotocol.org/corporate-standard xviii Calculated using the GHG Protocol Technical Guidance for Calculating Scope 3 Emissions Supplement to the Corporate Value Chain (Scope 3) Accounting and Reporting Standards.","PDF full-document exact-series scan: the report page names a controlled GHG Protocol/PCAF fine standard in an accounting, reporting, methodology, or assurance context; this does not promote emissions values.",PDF 全文精确系列扫描：报告页在核算、报告、方法或鉴证语境中命名受控 GHG Protocol/PCAF 细分标准；该记录不提升排放数值。
closed,already_accepted,yes,ghg_corporate_standard,,r261_intel,INTEL,英特尔公司,261,ghg_corporate_standard,GHG Protocol Corporate Accounting and Reporting Standard,GHG Protocol 企业核算与报告标准,pdf_explicit_series_citation,INTEL CSR-2024-25-Full-Report.pdf,36,[36],[36],"tion, see ”Sustainable Manufacturing” later in this section. Our emissions calculations are based on Global Reporting Initiative (GRI) Standards, the World Resources Institute/World Business Council for Sustainable Development’s The Greenhouse Gas Protocol: A Corporate Accounting and Reporting Standard, and internal criteria defined by Intel management. 2024 Scope 1 and 2 Greenhouse Gas Inventory by Location and Category is included in the Appendix. Additional GHG emissions reporting is available in our CDP questionnaire response.","PDF full-document exact-series scan: the report page names a controlled GHG Protocol/PCAF fine standard in an accounting, reporting, methodology, or assurance context; this does not promote emissions values.",PDF 全文精确系列扫描：报告页在核算、报告、方法或鉴证语境中命名受控 GHG Protocol/PCAF 细分标准；该记录不提升排放数值。
closed,already_accepted,yes,ghg_corporate_standard,,r261_intel,INTEL,英特尔公司,261,ghg_corporate_standard,GHG Protocol Corporate Accounting and Reporting Standard,GHG Protocol 企业核算与报告标准,pdf_explicit_series_citation,INTEL CSR-2024-25-Full-Report.pdf,56,[56],[56],understood together with the description of the Subject Matter in the Report. The reporting criteria for greenhouse gas (GHG) emissions was the World Resources Institute (WRI)/World Business Council for Sustainable Development (WBCSD) Greenhouse Gas Protocol Corporate Accounting and Reporting Standard and the WRI/WBCSD Greenhouse Gas Protocol Corporate Value Chain Accounting and Reporting Standard. The reporting criteria for the safety data was the OSHA and US Bureau of Labor Standards. The reporting criteria for supplier audits was the RBA Code of Conduct. The reporting criteria for other data is based on compa…,"PDF full-document exact-series scan: the report page names a controlled GHG Protocol/PCAF fine standard in an accounting, reporting, methodology, or assurance context; this does not promote emissions values.",PDF 全文精确系列扫描：报告页在核算、报告、方法或鉴证语境中命名受控 GHG Protocol/PCAF 细分标准；该记录不提升排放数值。
closed,already_accepted,yes,ghg_corporate_standard,,r261_intel,INTEL,英特尔公司,261,ghg_corporate_standard,GHG Protocol Corporate Accounting and Reporting Standard,GHG Protocol 企业核算与报告标准,pdf_explicit_series_citation,INTEL CSR-2024-25-Full-Report.pdf,62,[62],[62],"n dioxide equivalent, CO2e) for Intel sites around the world, broken out by scope and emissions category. Our emissions calculations are based on the World Resources Institute/World Business Council for Sustainable Development’s The Greenhouse Gas Protocol: A Corporate Accounting and Reporting Standard, and internal criteria defined by Intel management. Our corporate-wide Scope 1 and Scope 2 GHG emissions data were assured by Apex Companies LLC (see the “Independent Limited Assurance Statement” in this Appendix). Location1 Scope 1 GHG Emissions (metric tons CO2e) Scope 2 Total Scope 1 &2 GHG Emissions (metric to…","PDF full-document exact-series scan: the report page names a controlled GHG Protocol/PCAF fine standard in an accounting, reporting, methodology, or assurance context; this does not promote emissions values.",PDF 全文精确系列扫描：报告页在核算、报告、方法或鉴证语境中命名受控 GHG Protocol/PCAF 细分标准；该记录不提升排放数值。
closed,already_accepted,yes,ghg_corporate_standard,,r264_riotintogroup,RIO TINTO GROUP,力拓集团,264,ghg_corporate_standard,GHG Protocol Corporate Accounting and Reporting Standard,GHG Protocol 企业核算与报告标准,pdf_explicit_series_citation,2024-RIO TINTO GROUP-annual-report.pdf,55,"[54, 55, 56]","[73, 74, 75]","GHG emissions from the electricity, heat or steam brought in from third parties (indirect emissions). This is consistent with the World Resources Institute (WRI) and World Business Council for Sustainable Development (WBCSD)’s Greenhouse Gas (GHG) Protocol: A Corporate Accounting and Reporting Standard (Revised Edition) (2015). Strategic report | Our approach to ESG | Climate Action Plan Annual Report 2024 71 riotinto.com Performance against target: Scope 1 and 2 GHG emissions – adjusted equity basis (Baseline1) Equity GHG emissions (Mt CO2e) 2024 2023 2018 Adjusted (Baseline) Scope 1 and 2 emissions2 30.7 33.9 …",PDF page backfill: mapped from the cited GHG Protocol evidence page plus adjacent page text; not promoted to direct-use emissions value.,PDF 页级回查：基于已引用的 GHG Protocol 证据页及相邻页文本映射；不提升为直接采信排放值。
closed,already_accepted,yes,ghg_corporate_standard,,r264_riotintogroup,RIO TINTO GROUP,力拓集团,264,ghg_corporate_standard,GHG Protocol Corporate Accounting and Reporting Standard,GHG Protocol 企业核算与报告标准,pdf_explicit_series_citation,2024-RIO TINTO GROUP-annual-report.pdf,73,[73],[73],"GHG emissions from the electricity, heat or steam brought in from third parties (indirect emissions). This is consistent with the World Resources Institute (WRI) and World Business Council for Sustainable Development (WBCSD)’s Greenhouse Gas (GHG) Protocol: A Corporate Accounting and Reporting Standard (Revised Edition) (2015). Strategic report | Our approach to ESG | Climate Action Plan Annual Report 2024 71 riotinto.com","PDF full-document exact-series scan: the report page names a controlled GHG Protocol/PCAF fine standard in an accounting, reporting, methodology, or assurance context; this does not promote emissions values.",PDF 全文精确系列扫描：报告页在核算、报告、方法或鉴证语境中命名受控 GHG Protocol/PCAF 细分标准；该记录不提升排放数值。
closed,already_accepted,yes,ghg_corporate_standard,,r264_riotintogroup,RIO TINTO GROUP,力拓集团,264,ghg_corporate_standard,GHG Protocol Corporate Accounting and Reporting Standard,GHG Protocol 企业核算与报告标准,pdf_explicit_series_citation,2024-RIO TINTO GROUP-annual-report.pdf,74,[74],[74],grid intensity. Scope 1 and 2 equity emissions total – location-based: 30.8Mt CO2e. 5. Historical information for copper equivalent intensity has been restated in line with the 2023 review of commodity pricing to allow comparability over time. 6. GHG Protocol Corporate Accounting and Reporting Standard recommends disclosure of CO2 emissions from biologically sequestered carbon for transparency. These are from biofuel use and are not classified as our Scope 1 emissions. 2024 actual equity GHG emissions by location (Mt CO2e) Scope 1 Emissions (Mt CO2e) Scope 2 Emissions1 (Mt CO2e) Total Emissions (Mt CO2e) Austral…,"PDF full-document exact-series scan: the report page names a controlled GHG Protocol/PCAF fine standard in an accounting, reporting, methodology, or assurance context; this does not promote emissions values.",PDF 全文精确系列扫描：报告页在核算、报告、方法或鉴证语境中命名受控 GHG Protocol/PCAF 细分标准；该记录不提升排放数值。
closed,already_accepted,yes,ghg_corporate_standard|ghg_scope3_calculation_guidance|ghg_scope3_standard,ghg_scope3_calculation_guidance|ghg_scope3_standard,r264_riotintogroup,RIO TINTO GROUP,力拓集团,264,ghg_corporate_standard,GHG Protocol Corporate Accounting and Reporting Standard,GHG Protocol 企业核算与报告标准,pdf_explicit_series_citation,2024-RIO TINTO GROUP-annual-report.pdf,75,[75],[75],"o provide limited assurance on Scope 3 emissions estimates in 2024. The assurance statement can be found on page 321. 1. To identify and calculate Scope 3 emission sources across our operations, we have used the WRI and WBCSD, Greenhouse Gas (GHG) Protocol: A Corporate Accounting and Reporting Standard (Revised Edition) (2015), GHG Protocol Corporate Value Chain (Scope 3) Accounting and Reporting Standard (2013) and the Technical Guidance for Calculating Scope 3 Emissions (version 1.0). We estimate the emissions from our customers' processing of iron ore, bauxite, alumina, titanium dioxide, salt and copper conce…","PDF full-document exact-series scan: the report page names a controlled GHG Protocol/PCAF fine standard in an accounting, reporting, methodology, or assurance context; this does not promote emissions values.",PDF 全文精确系列扫描：报告页在核算、报告、方法或鉴证语境中命名受控 GHG Protocol/PCAF 细分标准；该记录不提升排放数值。
closed,already_accepted,yes,ghg_corporate_standard|ghg_scope2_guidance,ghg_corporate_standard,r264_riotintogroup,RIO TINTO GROUP,力拓集团,264,ghg_scope2_guidance,GHG Protocol Scope 2 Guidance,GHG Protocol Scope 2 指南,pdf_explicit_series_citation,2024-RIO TINTO GROUP-annual-report.pdf,324,[324],[324],"ouse Gas (GHG) Emissions (equity basis) Reasonable 30.8 Mt CO2e World Resources Institute (WRI) and World Business Council for Sustainable Development (WBCSD)’s GHG Protocol: A Corporate Accounting and Reporting Standard (Revised Edition (2015); GHG Protocol: Scope 2 Guidance; and Basis of Preparation (BoP) as described and presented within the Scope 1, 2 and 3 Emissions Calculation and Climate Methodology available on Rio Tinto’s website at https://www.riotinto.com/en/ sustainability/climate-change Total gross Scope 1 and Scope 2 (Market- Based) Greenhouse Gas (GHG) Emissions (equity basis) Reasonable 29.8 Mt C…","PDF full-document exact-series scan: the report page names a controlled GHG Protocol/PCAF fine standard in an accounting, reporting, methodology, or assurance context; this does not promote emissions values.",PDF 全文精确系列扫描：报告页在核算、报告、方法或鉴证语境中命名受控 GHG Protocol/PCAF 细分标准；该记录不提升排放数值。
closed,already_accepted,yes,ghg_corporate_standard|ghg_scope3_calculation_guidance|ghg_scope3_standard,ghg_corporate_standard|ghg_scope3_standard,r264_riotintogroup,RIO TINTO GROUP,力拓集团,264,ghg_scope3_calculation_guidance,GHG Protocol Scope 3 Calculation Guidance,GHG Protocol Scope 3 计算指南,pdf_explicit_series_citation,2024-RIO TINTO GROUP-annual-report.pdf,55,"[54, 55, 56]","[73, 74, 75]","sources across our operations, we have used the WRI and WBCSD, Greenhouse Gas (GHG) Protocol: A Corporate Accounting and Reporting Standard (Revised Edition) (2015), GHG Protocol Corporate Value Chain (Scope 3) Accounting and Reporting Standard (2013) and the Technical Guidance for Calculating Scope 3 Emissions (version 1.0). We estimate the emissions from our customers' processing of iron ore, bauxite, alumina, titanium dioxide, salt and copper concentrate using a combination of internal emissions modelling, regional and industry level emissions factors and production and sales data. Third party shipping and tr…",PDF page backfill: mapped from the cited GHG Protocol evidence page plus adjacent page text; not promoted to direct-use emissions value.,PDF 页级回查：基于已引用的 GHG Protocol 证据页及相邻页文本映射；不提升为直接采信排放值。
closed,already_accepted,yes,ghg_corporate_standard|ghg_scope3_calculation_guidance|ghg_scope3_standard,ghg_corporate_standard|ghg_scope3_standard,r264_riotintogroup,RIO TINTO GROUP,力拓集团,264,ghg_scope3_calculation_guidance,GHG Protocol Scope 3 Calculation Guidance,GHG Protocol Scope 3 计算指南,pdf_explicit_series_citation,2024-RIO TINTO GROUP-annual-report.pdf,75,[75],[75],"sources across our operations, we have used the WRI and WBCSD, Greenhouse Gas (GHG) Protocol: A Corporate Accounting and Reporting Standard (Revised Edition) (2015), GHG Protocol Corporate Value Chain (Scope 3) Accounting and Reporting Standard (2013) and the Technical Guidance for Calculating Scope 3 Emissions (version 1.0). We estimate the emissions from our customers' processing of iron ore, bauxite, alumina, titanium dioxide, salt and copper concentrate using a combination of internal emissions modelling, regional and industry level emissions factors and production and sales data. Third party shipping and tr…","PDF full-document exact-series scan: the report page names a controlled GHG Protocol/PCAF fine standard in an accounting, reporting, methodology, or assurance context; this does not promote emissions values.",PDF 全文精确系列扫描：报告页在核算、报告、方法或鉴证语境中命名受控 GHG Protocol/PCAF 细分标准；该记录不提升排放数值。
closed,already_accepted,yes,ghg_scope3_calculation_guidance|ghg_scope3_standard,ghg_scope3_standard,r264_riotintogroup,RIO TINTO GROUP,力拓集团,264,ghg_scope3_calculation_guidance,GHG Protocol Scope 3 Calculation Guidance,GHG Protocol Scope 3 计算指南,pdf_explicit_series_citation,2024-RIO TINTO GROUP-annual-report.pdf,324,[324],[324],") Greenhouse Gas (GHG) Emissions (equity basis) Reasonable 29.8 Mt CO2e Total Scope 3 Greenhouse Gas (GHG) Emissions (equity basis) Limited 574.6 Mt CO2e WRI and WBSCD’s GHG Protocol Corporate Value Chain (Scope 3) Accounting and Reporting Standard (2013) and Technical Guidance for Calculating Scope 3 Emissions (version 1.0); and BoP as described and presented within the Scope 1, 2 and 3 Emissions Calculation and Climate Methodology available on Rio Tinto’s website at https://www.riotinto.com/en/sustainability/ climate-change. Total energy (managed basis) Limited 402 PJ Definitions and approached within the basi…","PDF full-document exact-series scan: the report page names a controlled GHG Protocol/PCAF fine standard in an accounting, reporting, methodology, or assurance context; this does not promote emissions values.",PDF 全文精确系列扫描：报告页在核算、报告、方法或鉴证语境中命名受控 GHG Protocol/PCAF 细分标准；该记录不提升排放数值。
closed,already_accepted,yes,ghg_corporate_standard|ghg_scope3_calculation_guidance|ghg_scope3_standard,ghg_corporate_standard|ghg_scope3_calculation_guidance,r264_riotintogroup,RIO TINTO GROUP,力拓集团,264,ghg_scope3_standard,GHG Protocol Corporate Value Chain (Scope 3) Accounting and Reporting Standard,GHG Protocol 企业价值链（Scope 3）核算与报告标准,pdf_explicit_series_citation,2024-RIO TINTO GROUP-annual-report.pdf,55,"[54, 55, 56]","[73, 74, 75]","tatement can be found on page 321. 1. To identify and calculate Scope 3 emission sources across our operations, we have used the WRI and WBCSD, Greenhouse Gas (GHG) Protocol: A Corporate Accounting and Reporting Standard (Revised Edition) (2015), GHG Protocol Corporate Value Chain (Scope 3) Accounting and Reporting Standard (2013) and the Technical Guidance for Calculating Scope 3 Emissions (version 1.0). We estimate the emissions from our customers' processing of iron ore, bauxite, alumina, titanium dioxide, salt and copper concentrate using a combination of internal emissions modelling, regional and industry l…",PDF page backfill: mapped from the cited GHG Protocol evidence page plus adjacent page text; not promoted to direct-use emissions value.,PDF 页级回查：基于已引用的 GHG Protocol 证据页及相邻页文本映射；不提升为直接采信排放值。
closed,already_accepted,yes,,,r264_riotintogroup,RIO TINTO GROUP,力拓集团,264,ghg_scope3_standard,GHG Protocol Corporate Value Chain (Scope 3) Accounting and Reporting Standard,GHG Protocol 企业价值链（Scope 3）核算与报告标准,pdf_explicit_series_citation,2024-RIO TINTO GROUP-annual-report.pdf,73,[73],[73],"2024, we will hold a decarbonisation review session once or twice a year as part of the regular ExCo schedule to discuss the overall decarbonisation roadmap and abatement portfolio. This will also cover projects and investment proposals related to mitigating Scope 3 emissions. The review session will consider any future changes to our targets or commitments should they be necessary. The Chief Decarbonisation Officer and Rio Tinto Energy and Climate team will organise and facilitate the forums, with inputs from our Commercial team on Scope 3 projects. Energy and Climate team In 2022, we established a central team…","PDF full-document exact-series scan: the report page names a controlled GHG Protocol/PCAF fine standard in an accounting, reporting, methodology, or assurance context; this does not promote emissions values.",PDF 全文精确系列扫描：报告页在核算、报告、方法或鉴证语境中命名受控 GHG Protocol/PCAF 细分标准；该记录不提升排放数值。
closed,already_accepted,yes,,,r264_riotintogroup,RIO TINTO GROUP,力拓集团,264,ghg_scope3_standard,GHG Protocol Corporate Value Chain (Scope 3) Accounting and Reporting Standard,GHG Protocol 企业价值链（Scope 3）核算与报告标准,pdf_explicit_series_citation,2024-RIO TINTO GROUP-annual-report.pdf,74,[74],[74],"ons2 6.9 9.3 9.6 10.1 10.4 Total gross Scope 1 and 2 emissions 29.8 32.6 32.3 32.9 33.4 Carbon credits3 1.1 0 0 0 0 Total net Scope 1 and 2 emissions (with carbon credits retired) 28.7 32.6 32.3 32.9 33.4 Scope 2: Location-based emissions4 7.8 7.8 8.2 8.5 8.6 Scope 3 emissions 574.6 572.5 572.3 558.3 576.2 Operational emissions intensity (t CO2e/t Cu-eq)(equity)5 6.1 6.8 7 7.2 6.9 Direct CO2 emissions from biologically sequestered carbon (eg CO2 from burning biofuels/biomass)6 0.05 0.03 0 0 0 Queensland Alumina Limited (QAL) is a tolling company and is 80% owned by Rio Tinto and 20% owned by Rusal. However, as a…","PDF full-document exact-series scan: the report page names a controlled GHG Protocol/PCAF fine standard in an accounting, reporting, methodology, or assurance context; this does not promote emissions values.",PDF 全文精确系列扫描：报告页在核算、报告、方法或鉴证语境中命名受控 GHG Protocol/PCAF 细分标准；该记录不提升排放数值。
closed,already_accepted,yes,ghg_corporate_standard|ghg_scope3_calculation_guidance|ghg_scope3_standard,ghg_corporate_standard|ghg_scope3_calculation_guidance,r264_riotintogroup,RIO TINTO GROUP,力拓集团,264,ghg_scope3_standard,GHG Protocol Corporate Value Chain (Scope 3) Accounting and Reporting Standard,GHG Protocol 企业价值链（Scope 3）核算与报告标准,pdf_explicit_series_citation,2024-RIO TINTO GROUP-annual-report.pdf,75,[75],[75],"tatement can be found on page 321. 1. To identify and calculate Scope 3 emission sources across our operations, we have used the WRI and WBCSD, Greenhouse Gas (GHG) Protocol: A Corporate Accounting and Reporting Standard (Revised Edition) (2015), GHG Protocol Corporate Value Chain (Scope 3) Accounting and Reporting Standard (2013) and the Technical Guidance for Calculating Scope 3 Emissions (version 1.0). We estimate the emissions from our customers' processing of iron ore, bauxite, alumina, titanium dioxide, salt and copper concentrate using a combination of internal emissions modelling, regional and industry l…","PDF full-document exact-series scan: the report page names a controlled GHG Protocol/PCAF fine standard in an accounting, reporting, methodology, or assurance context; this does not promote emissions values.",PDF 全文精确系列扫描：报告页在核算、报告、方法或鉴证语境中命名受控 GHG Protocol/PCAF 细分标准；该记录不提升排放数值。
closed,already_accepted,yes,ghg_corporate_standard|ghg_scope3_standard,ghg_scope3_standard,r266_prudentialfinancial,PRUDENTIAL FINANCIAL,保德信金融集团,266,ghg_corporate_standard,GHG Protocol Corporate Accounting and Reporting Standard,GHG Protocol 企业核算与报告标准,pdf_explicit_series_citation,Prudential-s-2024-Sustainability-Report.pdf,47,[47],[47],"rocesses used annually to collect and manage GHG data for the facilities on which we report. Prudential utilized a third-party platform to collect and calculate its 2024 GHG emissions data. The platform’s methodology is designed to align with the GHG Protocol Corporate Accounting and Reporting Standard and the Corporate Value Chain (Scope 3) Accounting and Reporting Standard. The platform’s methodologies and emission factors are updated and reviewed by a third party at least annually. Prudential engaged a third-party verifier, ERM CVS, to review and provide limited assurance for the following data for the subset…","PDF full-document exact-series scan: the report page names a controlled GHG Protocol/PCAF fine standard in an accounting, reporting, methodology, or assurance context; this does not promote emissions values.",PDF 全文精确系列扫描：报告页在核算、报告、方法或鉴证语境中命名受控 GHG Protocol/PCAF 细分标准；该记录不提升排放数值。
closed,already_accepted,yes,ghg_corporate_standard|ghg_scope3_standard,ghg_scope3_standard,r266_prudentialfinancial,PRUDENTIAL FINANCIAL,保德信金融集团,266,ghg_corporate_standard,GHG Protocol Corporate Accounting and Reporting Standard,GHG Protocol 企业核算与报告标准,pdf_explicit_series_citation,Prudential-s-2024-Sustainability-Report.pdf,56,[56],[56],"GHG emissions - Brazil (location-based) [tCO2e] • Scope 1 & 2 GHG emissions - Japan (location-based) [tCO2e] Reporting period January 1, 2024 - December 31, 2024 Reporting criteria • Prudential’s internal reporting criteria and definitions • The GHG Protocol Corporate Accounting and Reporting Standard (WBCSD/WRI Revised Edition 2015) for Scope 1 and Scope 2 GHG emissions • The Corporate Value Chain (Scope 3) Accounting and Reporting Standard (WBCSD/WRI 2011) for Scope 3 GHG emissions Assurance standard and level of assurance We performed a limited assurance engagement, in accordance with the International Standa…","PDF full-document exact-series scan: the report page names a controlled GHG Protocol/PCAF fine standard in an accounting, reporting, methodology, or assurance context; this does not promote emissions values.",PDF 全文精确系列扫描：报告页在核算、报告、方法或鉴证语境中命名受控 GHG Protocol/PCAF 细分标准；该记录不提升排放数值。
closed,already_accepted,yes,ghg_corporate_standard|ghg_scope3_standard,ghg_corporate_standard,r266_prudentialfinancial,PRUDENTIAL FINANCIAL,保德信金融集团,266,ghg_scope3_standard,GHG Protocol Corporate Value Chain (Scope 3) Accounting and Reporting Standard,GHG Protocol 企业价值链（Scope 3）核算与报告标准,pdf_explicit_series_citation,Prudential-s-2024-Sustainability-Report.pdf,47,[47],[47],"a for the facilities on which we report. Prudential utilized a third-party platform to collect and calculate its 2024 GHG emissions data. The platform’s methodology is designed to align with the GHG Protocol Corporate Accounting and Reporting Standard and the Corporate Value Chain (Scope 3) Accounting and Reporting Standard. The platform’s methodologies and emission factors are updated and reviewed by a third party at least annually. Prudential engaged a third-party verifier, ERM CVS, to review and provide limited assurance for the following data for the subset of facilities selected by the Company for reporting…","PDF full-document exact-series scan: the report page names a controlled GHG Protocol/PCAF fine standard in an accounting, reporting, methodology, or assurance context; this does not promote emissions values.",PDF 全文精确系列扫描：报告页在核算、报告、方法或鉴证语境中命名受控 GHG Protocol/PCAF 细分标准；该记录不提升排放数值。
closed,already_accepted,yes,ghg_corporate_standard|ghg_scope3_standard,ghg_corporate_standard,r266_prudentialfinancial,PRUDENTIAL FINANCIAL,保德信金融集团,266,ghg_scope3_standard,GHG Protocol Corporate Value Chain (Scope 3) Accounting and Reporting Standard,GHG Protocol 企业价值链（Scope 3）核算与报告标准,pdf_explicit_series_citation,Prudential-s-2024-Sustainability-Report.pdf,56,[56],[56],"eriod January 1, 2024 - December 31, 2024 Reporting criteria • Prudential’s internal reporting criteria and definitions • The GHG Protocol Corporate Accounting and Reporting Standard (WBCSD/WRI Revised Edition 2015) for Scope 1 and Scope 2 GHG emissions • The Corporate Value Chain (Scope 3) Accounting and Reporting Standard (WBCSD/WRI 2011) for Scope 3 GHG emissions Assurance standard and level of assurance We performed a limited assurance engagement, in accordance with the International Standard on Assurance Engagements ISAE 3000 (Revised) ‘Assurance Engagements other than Audits or Reviews of Historical Financ…","PDF full-document exact-series scan: the report page names a controlled GHG Protocol/PCAF fine standard in an accounting, reporting, methodology, or assurance context; this does not promote emissions values.",PDF 全文精确系列扫描：报告页在核算、报告、方法或鉴证语境中命名受控 GHG Protocol/PCAF 细分标准；该记录不提升排放数值。
closed,already_accepted,yes,ghg_corporate_standard,,r268_bhpgroup,BHP GROUP,必和必拓集团,268,ghg_corporate_standard,GHG Protocol Corporate Accounting and Reporting Standard,GHG Protocol 企业核算与报告标准,pdf_explicit_series_citation,250819_bhpannualreport2025.pdf,51,[51],[51],"acilities, together with purchased or acquired electricity, steam, heat or cooling consumed by our operated assets. – Organisational boundary: We have made our calculations based on an operational control approach in alignment with the Greenhouse Gas Protocol Corporate Accounting and Reporting Standard. – Rounding: Data has been rounded to the nearest 1 PJ. – Operational energy consumption from renewable sources includes third-party supplied renewable electricity as evidenced by renewable energy certificates (RECs) or supplier‑provided documentation. FY2023 reported value includes a small portion of biofuels. Ou…","PDF full-document exact-series scan: the report page names a controlled GHG Protocol/PCAF fine standard in an accounting, reporting, methodology, or assurance context; this does not promote emissions values.",PDF 全文精确系列扫描：报告页在核算、报告、方法或鉴证语境中命名受控 GHG Protocol/PCAF 细分标准；该记录不提升排放数值。
closed,already_accepted,yes,ghg_corporate_standard|ghg_scope3_standard,ghg_scope3_standard,r268_bhpgroup,BHP GROUP,必和必拓集团,268,ghg_corporate_standard,GHG Protocol Corporate Accounting and Reporting Standard,GHG Protocol 企业核算与报告标准,pdf_explicit_series_citation,250819_bhpannualreport2025.pdf,64,[64],[64],"and the Sustainability Accounting Standards Board (SASB) Mining and Metals Standard – BHP GHG Emissions Calculation Methodology 2025, as informed by: – The World Resource Institute/World Business Council for Sustainable Development Greenhouse Gas Protocol: A Corporate Accounting and Reporting Standard, including the Greenhouse Gas Protocol: Corporate Value Chain Scope 3 Accounting and Reporting Standard – The Australian Government’s National Greenhouse and Energy Reporting (Measurement) Determination 2008 for Scope 1 and Scope 2 greenhouse gas data, as applicable Water stewardship reporting, at an aggregated Gro…","PDF full-document exact-series scan: the report page names a controlled GHG Protocol/PCAF fine standard in an accounting, reporting, methodology, or assurance context; this does not promote emissions values.",PDF 全文精确系列扫描：报告页在核算、报告、方法或鉴证语境中命名受控 GHG Protocol/PCAF 细分标准；该记录不提升排放数值。
closed,already_accepted,yes,ghg_corporate_standard|ghg_scope2_guidance,ghg_corporate_standard,r268_bhpgroup,BHP GROUP,必和必拓集团,268,ghg_scope2_guidance,GHG Protocol Scope 2 Guidance,GHG Protocol Scope 2 指南,pdf_explicit_series_citation,250819_bhpannualreport2025.pdf,51,[51],[51],"he generation of purchased or acquired electricity, steam, heat or cooling that is consumed by our operated assets. Scope 2 emissions have been calculated using the market-based method, unless otherwise specified, in alignment with the Greenhouse Gas Protocol Scope 2 Guidance. – Organisational boundary: Scopes 1 and 2 emissions have been calculated based on an operational control approach in alignment with the Greenhouse Gas Protocol Corporate Accounting and Reporting Standard. – Rounding: Data has been rounded to the nearest 0.1 MtCO2-e. Scope 1 emissions have been rounded up to 7.4 MtCO2-e for the purpose of t…","PDF full-document exact-series scan: the report page names a controlled GHG Protocol/PCAF fine standard in an accounting, reporting, methodology, or assurance context; this does not promote emissions values.",PDF 全文精确系列扫描：报告页在核算、报告、方法或鉴证语境中命名受控 GHG Protocol/PCAF 细分标准；该记录不提升排放数值。
closed,already_accepted,yes,ghg_corporate_standard|ghg_scope2_guidance,ghg_corporate_standard,r268_bhpgroup,BHP GROUP,必和必拓集团,268,ghg_scope2_guidance,GHG Protocol Scope 2 Guidance,GHG Protocol Scope 2 指南,pdf_explicit_series_citation,250819_bhpannualreport2025.pdf,64,[64],[64],"– BHP GHG Emissions Calculation Methodology 2025, as informed by: – The World Resource Institute/World Business Council for Sustainable Development Greenhouse Gas Protocol: A Corporate Accounting and Reporting Standard, including the Greenhouse Gas Protocol: Scope 2 Guidance – The Australian Government’s National Greenhouse and Energy Reporting (Measurement) Determination 2008 for Scope 1 and Scope 2 greenhouse gas data, as applicable 9.14 Independent Assurance Report to the Management and Directors of BHP Group Limited Our Conclusion: Ernst & Young (‘EY’, ‘we’) were engaged by BHP Group Limited (‘BHP’) to under…","PDF full-document exact-series scan: the report page names a controlled GHG Protocol/PCAF fine standard in an accounting, reporting, methodology, or assurance context; this does not promote emissions values.",PDF 全文精确系列扫描：报告页在核算、报告、方法或鉴证语境中命名受控 GHG Protocol/PCAF 细分标准；该记录不提升排放数值。
closed,already_accepted,yes,ghg_scope3_standard,,r268_bhpgroup,BHP GROUP,必和必拓集团,268,ghg_scope3_standard,GHG Protocol Corporate Value Chain (Scope 3) Accounting and Reporting Standard,GHG Protocol 企业价值链（Scope 3）核算与报告标准,pdf_explicit_series_citation,250819_bhpannualreport2025.pdf,51,[51],[51],"ction) 1.6 1.8 1.7 Notes – Definition: Scope 3 emissions refers to all other indirect GHG emissions (not included in Scope 2) that occur in our value chain. Scope 3 emissions have been calculated using methodologies consistent with the Greenhouse Gas Protocol Corporate Value Chain (Scope 3) Accounting and Reporting Standard. – Organisational boundary: Category 10, Processing of sold products, Category 11, Use of sold products and Category 15, Investments all defined on an equity share basis. All other Scope 3 emissions boundaries are defined on a category-by-category (and in some cases, sub-category) basis due t…","PDF full-document exact-series scan: the report page names a controlled GHG Protocol/PCAF fine standard in an accounting, reporting, methodology, or assurance context; this does not promote emissions values.",PDF 全文精确系列扫描：报告页在核算、报告、方法或鉴证语境中命名受控 GHG Protocol/PCAF 细分标准；该记录不提升排放数值。
closed,already_accepted,yes,ghg_corporate_standard|ghg_scope3_standard,ghg_corporate_standard,r268_bhpgroup,BHP GROUP,必和必拓集团,268,ghg_scope3_standard,GHG Protocol Corporate Value Chain (Scope 3) Accounting and Reporting Standard,GHG Protocol 企业价值链（Scope 3）核算与报告标准,pdf_explicit_series_citation,250819_bhpannualreport2025.pdf,64,[64],[64],"– BHP GHG Emissions Calculation Methodology 2025, as informed by: – The World Resource Institute/World Business Council for Sustainable Development Greenhouse Gas Protocol: A Corporate Accounting and Reporting Standard, including the Greenhouse Gas Protocol: Corporate Value Chain Scope 3 Accounting and Reporting Standard – The Australian Government’s National Greenhouse and Energy Reporting (Measurement) Determination 2008 for Scope 1 and Scope 2 greenhouse gas data, as applicable Water stewardship reporting, at an aggregated Group level, in the BHP Annual Report 2025, the BHP ESG Standards and Databook 2025, re…","PDF full-document exact-series scan: the report page names a controlled GHG Protocol/PCAF fine standard in an accounting, reporting, methodology, or assurance context; this does not promote emissions values.",PDF 全文精确系列扫描：报告页在核算、报告、方法或鉴证语境中命名受控 GHG Protocol/PCAF 细分标准；该记录不提升排放数值。
closed,already_accepted,yes,ghg_corporate_standard|ghg_scope2_guidance,ghg_scope2_guidance,r269_hp,HP,惠普公司,269,ghg_corporate_standard,GHG Protocol Corporate Accounting and Reporting Standard,GHG Protocol 企业核算与报告标准,pdf_explicit_series_citation,2024_HP_sustainability_report.pdf,42,"[41, 42, 43]","[159, 160]","ed value1 Criteria Scope 1 greenhouse gas (“GHG”) emissions2 Global Tonnes of carbon dioxide equivalents (tCO2e) 48,400 World Resources Institute (“WRI”) / World Business Council for Sustainable Development’s (“WBCSD”)’s The Greenhouse Gas (“GHG”) Protocol: A Corporate Accounting and Reporting Standard as amended by the GHG Protocol Scope 2 Guidance, Global Reporting Initiative (“GRI”) Standard 305-1 Direct (Scope 1) GHG Emissions, GRI Standard 305-2 Energy Indirect (Scope 2) GHG Emissions and HP Inc.’s (“HP”) Carbon Accounting Manual3 Scope 2 GHG emissions (location-based-method)1 Global tCO2e 185,700 Scope 2 G…",PDF page backfill: mapped from the cited GHG Protocol evidence page plus adjacent page text; not promoted to direct-use emissions value.,PDF 页级回查：基于已引用的 GHG Protocol 证据页及相邻页文本映射；不提升为直接采信排放值。
closed,already_accepted,yes,ghg_corporate_standard|ghg_scope2_guidance,ghg_scope2_guidance,r269_hp,HP,惠普公司,269,ghg_corporate_standard,GHG Protocol Corporate Accounting and Reporting Standard,GHG Protocol 企业核算与报告标准,pdf_explicit_series_citation,2024_HP_sustainability_report.pdf,160,[160],[160],"ed value1 Criteria Scope 1 greenhouse gas (“GHG”) emissions2 Global Tonnes of carbon dioxide equivalents (tCO2e) 48,400 World Resources Institute (“WRI”) / World Business Council for Sustainable Development’s (“WBCSD”)’s The Greenhouse Gas (“GHG”) Protocol: A Corporate Accounting and Reporting Standard as amended by the GHG Protocol Scope 2 Guidance, Global Reporting Initiative (“GRI”) Standard 305-1 Direct (Scope 1) GHG Emissions, GRI Standard 305-2 Energy Indirect (Scope 2) GHG Emissions and HP Inc.’s (“HP”) Carbon Accounting Manual3 Scope 2 GHG emissions (location-based-method)1 Global tCO2e 185,700 Scope 2 G…","PDF full-document exact-series scan: the report page names a controlled GHG Protocol/PCAF fine standard in an accounting, reporting, methodology, or assurance context; this does not promote emissions values.",PDF 全文精确系列扫描：报告页在核算、报告、方法或鉴证语境中命名受控 GHG Protocol/PCAF 细分标准；该记录不提升排放数值。
closed,already_accepted,yes,ghg_corporate_standard|ghg_scope2_guidance,,r269_hp,HP,惠普公司,269,ghg_scope2_guidance,GHG Protocol Scope 2 Guidance,GHG Protocol Scope 2 指南,pdf_explicit_series_citation,2024_HP_sustainability_report.pdf,42,"[41, 42, 43]","[159, 160]","of carbon dioxide equivalents (tCO2e) 48,400 World Resources Institute (“WRI”) / World Business Council for Sustainable Development’s (“WBCSD”)’s The Greenhouse Gas (“GHG”) Protocol: A Corporate Accounting and Reporting Standard as amended by the GHG Protocol Scope 2 Guidance, Global Reporting Initiative (“GRI”) Standard 305-1 Direct (Scope 1) GHG Emissions, GRI Standard 305-2 Energy Indirect (Scope 2) GHG Emissions and HP Inc.’s (“HP”) Carbon Accounting Manual3 Scope 2 GHG emissions (location-based-method)1 Global tCO2e 185,700 Scope 2 GHG emissions (market-based-method)1 Global tCO2e 79,200 Total Scope 1 and S…",PDF page backfill: mapped from the cited GHG Protocol evidence page plus adjacent page text; not promoted to direct-use emissions value.,PDF 页级回查：基于已引用的 GHG Protocol 证据页及相邻页文本映射；不提升为直接采信排放值。
closed,already_accepted,yes,ghg_corporate_standard|ghg_scope2_guidance,,r269_hp,HP,惠普公司,269,ghg_scope2_guidance,GHG Protocol Scope 2 Guidance,GHG Protocol Scope 2 指南,pdf_explicit_series_citation,2024_HP_sustainability_report.pdf,160,[160],[160],"of carbon dioxide equivalents (tCO2e) 48,400 World Resources Institute (“WRI”) / World Business Council for Sustainable Development’s (“WBCSD”)’s The Greenhouse Gas (“GHG”) Protocol: A Corporate Accounting and Reporting Standard as amended by the GHG Protocol Scope 2 Guidance, Global Reporting Initiative (“GRI”) Standard 305-1 Direct (Scope 1) GHG Emissions, GRI Standard 305-2 Energy Indirect (Scope 2) GHG Emissions and HP Inc.’s (“HP”) Carbon Accounting Manual3 Scope 2 GHG emissions (location-based-method)1 Global tCO2e 185,700 Scope 2 GHG emissions (market-based-method)1 Global tCO2e 79,200 Total Scope 1 and S…","PDF full-document exact-series scan: the report page names a controlled GHG Protocol/PCAF fine standard in an accounting, reporting, methodology, or assurance context; this does not promote emissions values.",PDF 全文精确系列扫描：报告页在核算、报告、方法或鉴证语境中命名受控 GHG Protocol/PCAF 细分标准；该记录不提升排放数值。
closed,already_accepted,yes,ghg_scope3_calculation_guidance|ghg_scope3_standard,ghg_scope3_standard,r269_hp,HP,惠普公司,269,ghg_scope3_calculation_guidance,GHG Protocol Scope 3 Calculation Guidance,GHG Protocol Scope 3 计算指南,pdf_explicit_series_citation,2024_HP_sustainability_report.pdf,42,"[41, 42, 43]","[159, 160]","y. Furthermore, Scope 3 emissions are calculated based on a significant number of estimations and management assumptions due to the inherent nature of the Greenhouse Gas Protocol Corporate Value Chain (Scope 3) Accounting and Reporting Standard as well as the Technical Guidance for Calculating Scope 3 Emissions criteria. The information included in HP’s 2024 Sustainable Impact Report, other than the Subject Matter, has not been subjected to the procedures applied in our review and, accordingly, we express no conclusion on it. Based on our review, we are not aware of any material modifications that should be made…",PDF page backfill: mapped from the cited GHG Protocol evidence page plus adjacent page text; not promoted to direct-use emissions value.,PDF 页级回查：基于已引用的 GHG Protocol 证据页及相邻页文本映射；不提升为直接采信排放值。
closed,already_accepted,yes,ghg_scope3_calculation_guidance|ghg_scope3_standard,ghg_scope3_standard,r269_hp,HP,惠普公司,269,ghg_scope3_calculation_guidance,GHG Protocol Scope 3 Calculation Guidance,GHG Protocol Scope 3 计算指南,pdf_explicit_series_citation,2024_HP_sustainability_report.pdf,159,[159],[159],"y. Furthermore, Scope 3 emissions are calculated based on a significant number of estimations and management assumptions due to the inherent nature of the Greenhouse Gas Protocol Corporate Value Chain (Scope 3) Accounting and Reporting Standard as well as the Technical Guidance for Calculating Scope 3 Emissions criteria. The information included in HP’s 2024 Sustainable Impact Report, other than the Subject Matter, has not been subjected to the procedures applied in our review and, accordingly, we express no conclusion on it. Based on our review, we are not aware of any material modifications that should be made…","PDF full-document exact-series scan: the report page names a controlled GHG Protocol/PCAF fine standard in an accounting, reporting, methodology, or assurance context; this does not promote emissions values.",PDF 全文精确系列扫描：报告页在核算、报告、方法或鉴证语境中命名受控 GHG Protocol/PCAF 细分标准；该记录不提升排放数值。
closed,already_accepted,yes,ghg_scope3_calculation_guidance|ghg_scope3_standard,ghg_scope3_calculation_guidance,r269_hp,HP,惠普公司,269,ghg_scope3_standard,GHG Protocol Corporate Value Chain (Scope 3) Accounting and Reporting Standard,GHG Protocol 企业价值链（Scope 3）核算与报告标准,pdf_explicit_series_citation,2024_HP_sustainability_report.pdf,42,"[41, 42, 43]","[159, 160]","rent measurements. The precision of different measurement techniques may also vary. Furthermore, Scope 3 emissions are calculated based on a significant number of estimations and management assumptions due to the inherent nature of the Greenhouse Gas Protocol Corporate Value Chain (Scope 3) Accounting and Reporting Standard as well as the Technical Guidance for Calculating Scope 3 Emissions criteria. The information included in HP’s 2024 Sustainable Impact Report, other than the Subject Matter, has not been subjected to the procedures applied in our review and, accordingly, we express no conclusion on it. Based …",PDF page backfill: mapped from the cited GHG Protocol evidence page plus adjacent page text; not promoted to direct-use emissions value.,PDF 页级回查：基于已引用的 GHG Protocol 证据页及相邻页文本映射；不提升为直接采信排放值。
closed,already_accepted,yes,ghg_scope3_calculation_guidance|ghg_scope3_standard,ghg_scope3_calculation_guidance,r269_hp,HP,惠普公司,269,ghg_scope3_standard,GHG Protocol Corporate Value Chain (Scope 3) Accounting and Reporting Standard,GHG Protocol 企业价值链（Scope 3）核算与报告标准,pdf_explicit_series_citation,2024_HP_sustainability_report.pdf,159,[159],[159],"rent measurements. The precision of different measurement techniques may also vary. Furthermore, Scope 3 emissions are calculated based on a significant number of estimations and management assumptions due to the inherent nature of the Greenhouse Gas Protocol Corporate Value Chain (Scope 3) Accounting and Reporting Standard as well as the Technical Guidance for Calculating Scope 3 Emissions criteria. The information included in HP’s 2024 Sustainable Impact Report, other than the Subject Matter, has not been subjected to the procedures applied in our review and, accordingly, we express no conclusion on it. Based …","PDF full-document exact-series scan: the report page names a controlled GHG Protocol/PCAF fine standard in an accounting, reporting, methodology, or assurance context; this does not promote emissions values.",PDF 全文精确系列扫描：报告页在核算、报告、方法或鉴证语境中命名受控 GHG Protocol/PCAF 细分标准；该记录不提升排放数值。
closed,already_accepted,yes,ghg_corporate_standard|ghg_scope2_guidance,ghg_scope2_guidance,r278_americanairlinesgroup,AMERICAN AIRLINES GROUP,美国航空集团,278,ghg_corporate_standard,GHG Protocol Corporate Accounting and Reporting Standard,GHG Protocol 企业核算与报告标准,pdf_explicit_series_citation,American-Airlines-Sustainability-Report-2024.pdf,81,"[80, 81, 82]",[91],"2024, in accordance with the following standards and guidance developed by the World Resources Institute’s and World Business Council for Sustainable Development’s Greenhouse Gas Protocol standards and guidance (collectively, the GHG Protocol): • GHG Protocol Corporate Accounting and Reporting Standard (revised edition) • GHG Protocol Scope 2 Guidance: An Amendment to the GHG Protocol Corporate Standard In addition to Scope 1, biogenic and Scope 2 emissions, American has elected to present categories 3 and 4 of Scope 3 emissions in its GHG emissions statement for the year ended December 31, 2024. These Scope 3 e…",PDF page backfill: mapped from the cited GHG Protocol evidence page plus adjacent page text; not promoted to direct-use emissions value.,PDF 页级回查：基于已引用的 GHG Protocol 证据页及相邻页文本映射；不提升为直接采信排放值。
closed,already_accepted,yes,ghg_corporate_standard|ghg_scope2_guidance,ghg_scope2_guidance,r278_americanairlinesgroup,AMERICAN AIRLINES GROUP,美国航空集团,278,ghg_corporate_standard,GHG Protocol Corporate Accounting and Reporting Standard,GHG Protocol 企业核算与报告标准,pdf_explicit_series_citation,American-Airlines-Sustainability-Report-2024.pdf,91,[91],[91],"2024, in accordance with the following standards and guidance developed by the World Resources Institute’s and World Business Council for Sustainable Development’s Greenhouse Gas Protocol standards and guidance (collectively, the GHG Protocol): • GHG Protocol Corporate Accounting and Reporting Standard (revised edition) • GHG Protocol Scope 2 Guidance: An Amendment to the GHG Protocol Corporate Standard In addition to Scope 1, biogenic and Scope 2 emissions, American has elected to present categories 3 and 4 of Scope 3 emissions in its GHG emissions statement for the year ended December 31, 2024. These Scope 3 e…","PDF full-document exact-series scan: the report page names a controlled GHG Protocol/PCAF fine standard in an accounting, reporting, methodology, or assurance context; this does not promote emissions values.",PDF 全文精确系列扫描：报告页在核算、报告、方法或鉴证语境中命名受控 GHG Protocol/PCAF 细分标准；该记录不提升排放数值。
closed,already_accepted,yes,ghg_corporate_standard|ghg_scope2_guidance,,r278_americanairlinesgroup,AMERICAN AIRLINES GROUP,美国航空集团,278,ghg_scope2_guidance,GHG Protocol Scope 2 Guidance,GHG Protocol Scope 2 指南,pdf_explicit_series_citation,American-Airlines-Sustainability-Report-2024.pdf,81,"[80, 81, 82]",[91],"e World Resources Institute’s and World Business Council for Sustainable Development’s Greenhouse Gas Protocol standards and guidance (collectively, the GHG Protocol): • GHG Protocol Corporate Accounting and Reporting Standard (revised edition) • GHG Protocol Scope 2 Guidance: An Amendment to the GHG Protocol Corporate Standard In addition to Scope 1, biogenic and Scope 2 emissions, American has elected to present categories 3 and 4 of Scope 3 emissions in its GHG emissions statement for the year ended December 31, 2024. These Scope 3 emissions have been calculated in accordance with the GHG Protocol Corporate V…",PDF page backfill: mapped from the cited GHG Protocol evidence page plus adjacent page text; not promoted to direct-use emissions value.,PDF 页级回查：基于已引用的 GHG Protocol 证据页及相邻页文本映射；不提升为直接采信排放值。
closed,already_accepted,yes,ghg_corporate_standard|ghg_scope2_guidance,,r278_americanairlinesgroup,AMERICAN AIRLINES GROUP,美国航空集团,278,ghg_scope2_guidance,GHG Protocol Scope 2 Guidance,GHG Protocol Scope 2 指南,pdf_explicit_series_citation,American-Airlines-Sustainability-Report-2024.pdf,91,[91],[91],"e World Resources Institute’s and World Business Council for Sustainable Development’s Greenhouse Gas Protocol standards and guidance (collectively, the GHG Protocol): • GHG Protocol Corporate Accounting and Reporting Standard (revised edition) • GHG Protocol Scope 2 Guidance: An Amendment to the GHG Protocol Corporate Standard In addition to Scope 1, biogenic and Scope 2 emissions, American has elected to present categories 3 and 4 of Scope 3 emissions in its GHG emissions statement for the year ended December 31, 2024. These Scope 3 emissions have been calculated in accordance with the GHG Protocol Corporate V…","PDF full-document exact-series scan: the report page names a controlled GHG Protocol/PCAF fine standard in an accounting, reporting, methodology, or assurance context; this does not promote emissions values.",PDF 全文精确系列扫描：报告页在核算、报告、方法或鉴证语境中命名受控 GHG Protocol/PCAF 细分标准；该记录不提升排放数值。
closed,already_accepted,yes,ghg_scope3_calculation_guidance|ghg_scope3_standard,ghg_scope3_standard,r278_americanairlinesgroup,AMERICAN AIRLINES GROUP,美国航空集团,278,ghg_scope3_calculation_guidance,GHG Protocol Scope 3 Calculation Guidance,GHG Protocol Scope 3 计算指南,pdf_explicit_series_citation,American-Airlines-Sustainability-Report-2024.pdf,81,"[80, 81, 82]",[91],"3 emissions in its GHG emissions statement for the year ended December 31, 2024. These Scope 3 emissions have been calculated in accordance with the GHG Protocol Corporate Value Chain (Scope 3) Accounting and Reporting Standard and following the GHG Protocol Technical Guidance for Calculating Scope 3 Emissions. III. Organizational boundary American presents its emissions under the operational control approach, accounting for emissions from operations over which it has the full authority to introduce and implement its operating policies. IV. Use of estimates and estimation uncertainties American bases its estimat…",PDF page backfill: mapped from the cited GHG Protocol evidence page plus adjacent page text; not promoted to direct-use emissions value.,PDF 页级回查：基于已引用的 GHG Protocol 证据页及相邻页文本映射；不提升为直接采信排放值。
closed,already_accepted,yes,ghg_scope3_calculation_guidance|ghg_scope3_standard,ghg_scope3_standard,r278_americanairlinesgroup,AMERICAN AIRLINES GROUP,美国航空集团,278,ghg_scope3_calculation_guidance,GHG Protocol Scope 3 Calculation Guidance,GHG Protocol Scope 3 计算指南,pdf_explicit_series_citation,American-Airlines-Sustainability-Report-2024.pdf,91,[91],[91],"3 emissions in its GHG emissions statement for the year ended December 31, 2024. These Scope 3 emissions have been calculated in accordance with the GHG Protocol Corporate Value Chain (Scope 3) Accounting and Reporting Standard and following the GHG Protocol Technical Guidance for Calculating Scope 3 Emissions. III. Organizational boundary American presents its emissions under the operational control approach, accounting for emissions from operations over which it has the full authority to introduce and implement its operating policies. IV. Use of estimates and estimation uncertainties American bases its estimat…","PDF full-document exact-series scan: the report page names a controlled GHG Protocol/PCAF fine standard in an accounting, reporting, methodology, or assurance context; this does not promote emissions values.",PDF 全文精确系列扫描：报告页在核算、报告、方法或鉴证语境中命名受控 GHG Protocol/PCAF 细分标准；该记录不提升排放数值。
closed,already_accepted,yes,ghg_scope3_calculation_guidance|ghg_scope3_standard,ghg_scope3_calculation_guidance,r278_americanairlinesgroup,AMERICAN AIRLINES GROUP,美国航空集团,278,ghg_scope3_standard,GHG Protocol Corporate Value Chain (Scope 3) Accounting and Reporting Standard,GHG Protocol 企业价值链（Scope 3）核算与报告标准,pdf_explicit_series_citation,American-Airlines-Sustainability-Report-2024.pdf,81,"[80, 81, 82]",[91],"pe 1, biogenic and Scope 2 emissions, American has elected to present categories 3 and 4 of Scope 3 emissions in its GHG emissions statement for the year ended December 31, 2024. These Scope 3 emissions have been calculated in accordance with the GHG Protocol Corporate Value Chain (Scope 3) Accounting and Reporting Standard and following the GHG Protocol Technical Guidance for Calculating Scope 3 Emissions. III. Organizational boundary American presents its emissions under the operational control approach, accounting for emissions from operations over which it has the full authority to introduce and implement it…",PDF page backfill: mapped from the cited GHG Protocol evidence page plus adjacent page text; not promoted to direct-use emissions value.,PDF 页级回查：基于已引用的 GHG Protocol 证据页及相邻页文本映射；不提升为直接采信排放值。
closed,already_accepted,yes,ghg_scope3_calculation_guidance|ghg_scope3_standard,ghg_scope3_calculation_guidance,r278_americanairlinesgroup,AMERICAN AIRLINES GROUP,美国航空集团,278,ghg_scope3_standard,GHG Protocol Corporate Value Chain (Scope 3) Accounting and Reporting Standard,GHG Protocol 企业价值链（Scope 3）核算与报告标准,pdf_explicit_series_citation,American-Airlines-Sustainability-Report-2024.pdf,91,[91],[91],"pe 1, biogenic and Scope 2 emissions, American has elected to present categories 3 and 4 of Scope 3 emissions in its GHG emissions statement for the year ended December 31, 2024. These Scope 3 emissions have been calculated in accordance with the GHG Protocol Corporate Value Chain (Scope 3) Accounting and Reporting Standard and following the GHG Protocol Technical Guidance for Calculating Scope 3 Emissions. III. Organizational boundary American presents its emissions under the operational control approach, accounting for emissions from operations over which it has the full authority to introduce and implement it…","PDF full-document exact-series scan: the report page names a controlled GHG Protocol/PCAF fine standard in an accounting, reporting, methodology, or assurance context; this does not promote emissions values.",PDF 全文精确系列扫描：报告页在核算、报告、方法或鉴证语境中命名受控 GHG Protocol/PCAF 细分标准；该记录不提升排放数值。
closed,already_accepted,yes,ghg_corporate_standard,,r282_volvo,VOLVO,沃尔沃集团,282,ghg_corporate_standard,GHG Protocol Corporate Accounting and Reporting Standard,GHG Protocol 企业核算与报告标准,pdf_explicit_series_citation,volvo-group-annual-report-2024.pdf,152,"[151, 152, 153]","[158, 182]","h was considered a suitable average year during the process of updating targets initiated in 2020. Scope 1 and 2 emissions method and data collection Environmental impacts and greenhouse gas inventory are established according to the Greenhouse Gas Protocolʼs Corporate Accounting and Reporting Standard Revised Edition, which is a standardized framework for quantifying and reporting the seven greenhouse gases covered by the Kyoto Protocol GHG emissions in CO₂-equivalents (CO₂e). Scope 3.11 use phase emissions method and data collection The methodology for calculating emissions from use of sold products has been d…",PDF page backfill: mapped from the cited GHG Protocol evidence page plus adjacent page text; not promoted to direct-use emissions value.,PDF 页级回查：基于已引用的 GHG Protocol 证据页及相邻页文本映射；不提升为直接采信排放值。
closed,already_accepted,yes,ghg_corporate_standard,,r282_volvo,VOLVO,沃尔沃集团,282,ghg_corporate_standard,GHG Protocol Corporate Accounting and Reporting Standard,GHG Protocol 企业核算与报告标准,pdf_explicit_series_citation,volvo-group-annual-report-2024.pdf,158,[158],[158],"h was considered a suitable average year during the process of updating targets initiated in 2020. Scope 1 and 2 emissions method and data collection Environmental impacts and greenhouse gas inventory are established according to the Greenhouse Gas Protocolʼs Corporate Accounting and Reporting Standard Revised Edition, which is a standardized framework for quantifying and reporting the seven greenhouse gases covered by the Kyoto Protocol GHG emissions in CO₂-equivalents (CO₂e). Scope 3.11 use phase emissions method and data collection The methodology for calculating emissions from use of sold products has been d…","PDF full-document exact-series scan: the report page names a controlled GHG Protocol/PCAF fine standard in an accounting, reporting, methodology, or assurance context; this does not promote emissions values.",PDF 全文精确系列扫描：报告页在核算、报告、方法或鉴证语境中命名受控 GHG Protocol/PCAF 细分标准；该记录不提升排放数值。
closed,already_accepted,yes,,,r282_volvo,VOLVO,沃尔沃集团,282,ghg_corporate_standard,GHG Protocol Corporate Accounting and Reporting Standard,GHG Protocol 企业核算与报告标准,pdf_explicit_series_citation,volvo-group-annual-report-2024.pdf,182,[182],[182],"The sustainability disclosures are prepared on a consolidated basis and the scope corresponds to the Groupʼs financial statements if nothing else is stated. Coverage of upstream and downstream value chain Climate The scope of the climate reporting is based on GHG protocol corporate standards. The inventory includes scope 1 and 2 and all 15 categories of scope 3. The disclosures about GHG emission includes individual reporting of scope 1, scope 2 and scope 3.11, which together make up over 95% of the total GHG emission inventory. Scope 3.1 is reported as an estimate, read more on page 156. Pollution The materiali…","PDF full-document exact-series scan: the report page names a controlled GHG Protocol/PCAF fine standard in an accounting, reporting, methodology, or assurance context; this does not promote emissions values.",PDF 全文精确系列扫描：报告页在核算、报告、方法或鉴证语境中命名受控 GHG Protocol/PCAF 细分标准；该记录不提升排放数值。
closed,already_accepted,yes,ghg_scope3_calculation_guidance|ghg_scope3_standard,ghg_scope3_standard,r282_volvo,VOLVO,沃尔沃集团,282,ghg_scope3_calculation_guidance,GHG Protocol Scope 3 Calculation Guidance,GHG Protocol Scope 3 计算指南,pdf_explicit_series_citation,volvo-group-annual-report-2024.pdf,152,"[151, 152, 153]","[158, 182]","ns from use of sold products has been designed to meet the requirements provided in the relevant standards of the GHG Protocol; namely the GHG Protocol Corporate Standard, the GHG Protocol Corporate Value Chain (Scope 3) Accounting and Reporting Standard, and Technical Guidance for Calculating Scope 3 Emissions, which include expected lifetime emissions from all applicable products sold in the reporting period. The target methodology and boundaries are following the SBTi Transport Science Based Target setting guidance and the target setting requirements and tools from the SBTi. The methodology is based on activi…",PDF page backfill: mapped from the cited GHG Protocol evidence page plus adjacent page text; not promoted to direct-use emissions value.,PDF 页级回查：基于已引用的 GHG Protocol 证据页及相邻页文本映射；不提升为直接采信排放值。
closed,already_accepted,yes,ghg_scope3_calculation_guidance|ghg_scope3_standard,ghg_scope3_standard,r282_volvo,VOLVO,沃尔沃集团,282,ghg_scope3_calculation_guidance,GHG Protocol Scope 3 Calculation Guidance,GHG Protocol Scope 3 计算指南,pdf_explicit_series_citation,volvo-group-annual-report-2024.pdf,158,[158],[158],"ns from use of sold products has been designed to meet the requirements provided in the relevant standards of the GHG Protocol; namely the GHG Protocol Corporate Standard, the GHG Protocol Corporate Value Chain (Scope 3) Accounting and Reporting Standard, and Technical Guidance for Calculating Scope 3 Emissions, which include expected lifetime emissions from all applicable products sold in the reporting period. The target methodology and boundaries are following the SBTi Transport Science Based Target setting guidance and the target setting requirements and tools from the SBTi. The methodology is based on activi…","PDF full-document exact-series scan: the report page names a controlled GHG Protocol/PCAF fine standard in an accounting, reporting, methodology, or assurance context; this does not promote emissions values.",PDF 全文精确系列扫描：报告页在核算、报告、方法或鉴证语境中命名受控 GHG Protocol/PCAF 细分标准；该记录不提升排放数值。
closed,already_accepted,yes,ghg_scope3_calculation_guidance|ghg_scope3_standard,ghg_scope3_calculation_guidance,r282_volvo,VOLVO,沃尔沃集团,282,ghg_scope3_standard,GHG Protocol Corporate Value Chain (Scope 3) Accounting and Reporting Standard,GHG Protocol 企业价值链（Scope 3）核算与报告标准,pdf_explicit_series_citation,volvo-group-annual-report-2024.pdf,152,"[151, 152, 153]","[158, 182]","ions method and data collection The methodology for calculating emissions from use of sold products has been designed to meet the requirements provided in the relevant standards of the GHG Protocol; namely the GHG Protocol Corporate Standard, the GHG Protocol Corporate Value Chain (Scope 3) Accounting and Reporting Standard, and Technical Guidance for Calculating Scope 3 Emissions, which include expected lifetime emissions from all applicable products sold in the reporting period. The target methodology and boundaries are following the SBTi Transport Science Based Target setting guidance and the target setting r…",PDF page backfill: mapped from the cited GHG Protocol evidence page plus adjacent page text; not promoted to direct-use emissions value.,PDF 页级回查：基于已引用的 GHG Protocol 证据页及相邻页文本映射；不提升为直接采信排放值。
closed,already_accepted,yes,ghg_scope3_calculation_guidance|ghg_scope3_standard,ghg_scope3_calculation_guidance,r282_volvo,VOLVO,沃尔沃集团,282,ghg_scope3_standard,GHG Protocol Corporate Value Chain (Scope 3) Accounting and Reporting Standard,GHG Protocol 企业价值链（Scope 3）核算与报告标准,pdf_explicit_series_citation,volvo-group-annual-report-2024.pdf,158,[158],[158],"ions method and data collection The methodology for calculating emissions from use of sold products has been designed to meet the requirements provided in the relevant standards of the GHG Protocol; namely the GHG Protocol Corporate Standard, the GHG Protocol Corporate Value Chain (Scope 3) Accounting and Reporting Standard, and Technical Guidance for Calculating Scope 3 Emissions, which include expected lifetime emissions from all applicable products sold in the reporting period. The target methodology and boundaries are following the SBTi Transport Science Based Target setting guidance and the target setting r…","PDF full-document exact-series scan: the report page names a controlled GHG Protocol/PCAF fine standard in an accounting, reporting, methodology, or assurance context; this does not promote emissions values.",PDF 全文精确系列扫描：报告页在核算、报告、方法或鉴证语境中命名受控 GHG Protocol/PCAF 细分标准；该记录不提升排放数值。
closed,already_accepted,yes,ghg_financial_industry_standard,,r283_intesasanpaolo,INTESA SANPAOLO,意大利联合圣保罗银行,283,ghg_financial_industry_standard,Global GHG Accounting and Reporting Standard for the Financial Industry,金融行业全球温室气体核算与报告标准,pdf_explicit_series_citation,2024_INTESA SANPAOLO-Climate_Report.pdf,129,[129],[129],"n and steel production through BF-BOF (Blast Furnace-Basic Oxygen Furnace) and EAF (Electric Arc Furnace) methods are applied. 65 Scope 3 emissions for RRE captured for building owner’s (lessor) reporting emissions from the energy use of a tenant (lessee). 66 Partnership for Carbon Accounting Financials. ■ Oil & Gas: gCO2e/MJ ■ Power Generation: kgCO2e/MWh ■ Residential Real Estate: kgCO2e/m2 Note, that for Coal Mining Intesa Sanpaolo did not define a target based on emission intensity but adopted a policy to completely phase out within 2025. Counterparties’ emissions data are collected in accordance with PCAF66…","PDF full-document exact-series scan: the report page names a controlled GHG Protocol/PCAF fine standard in an accounting, reporting, methodology, or assurance context; this does not promote emissions values.",PDF 全文精确系列扫描：报告页在核算、报告、方法或鉴证语境中命名受控 GHG Protocol/PCAF 细分标准；该记录不提升排放数值。
closed,already_accepted,yes,ghg_financial_industry_standard,,r283_intesasanpaolo,INTESA SANPAOLO,意大利联合圣保罗银行,283,ghg_financial_industry_standard,Global GHG Accounting and Reporting Standard for the Financial Industry,金融行业全球温室气体核算与报告标准,pdf_explicit_series_citation,2024_INTESA SANPAOLO-Climate_Report.pdf,130,[130],[130],"tive weight of each counterparty in the portfolio emission intensity is directly proportional to the revenue attributable to Intesa Sanpaolo. Revenue-adjusted exposure is calculated as an attribution factor multiplied by revenue. This approach is aligned with PCAF recommendations. Counterparties fully dedicated to renewable activities and project finance dedicated to “green” activities receive an emission intensity equal to zero in the computation of the overall portfolio emission curves. Data lag Regarding the reference period of data used for December 2024, exposures December 2024 and 2023 emissions are consid…","PDF full-document exact-series scan: the report page names a controlled GHG Protocol/PCAF fine standard in an accounting, reporting, methodology, or assurance context; this does not promote emissions values.",PDF 全文精确系列扫描：报告页在核算、报告、方法或鉴证语境中命名受控 GHG Protocol/PCAF 细分标准；该记录不提升排放数值。
closed,already_accepted,yes,,,r286_bayer,BAYER,拜耳集团,286,ghg_scope3_standard,GHG Protocol Corporate Value Chain (Scope 3) Accounting and Reporting Standard,GHG Protocol 企业价值链（Scope 3）核算与报告标准,pdf_explicit_series_citation,bayer-impact-report-2024.pdf,4,"[3, 4, 5]","[7, 18, 142]","emissions (Scope 2, market-based) from Bayer sites whose annual energy consumption exceeds 1.5 terajoules 5 In accordance with the criteria set out by the Science Based Targets initiative (SBTi), the following Scope 3 categories of the Greenhouse Gas Protocol Corporate Value Chain (Scope 3) Accounting & Reporting Standard are relevant for Bayer: (3.1) purchased goods and services, (3.2) capital goods, (3.3) fuel- and energy-related activities, (3.4) (upstream) transportation and distribution and (3.6) business travel. 6 Entire Scope 1, 2 & 3 emissions. Scope 3 includes all categories defined in the GHG Protocol.…",PDF page backfill: mapped from the cited GHG Protocol evidence page plus adjacent page text; not promoted to direct-use emissions value.,PDF 页级回查：基于已引用的 GHG Protocol 证据页及相邻页文本映射；不提升为直接采信排放值。
closed,already_accepted,yes,,,r286_bayer,BAYER,拜耳集团,286,ghg_scope3_standard,GHG Protocol Corporate Value Chain (Scope 3) Accounting and Reporting Standard,GHG Protocol 企业价值链（Scope 3）核算与报告标准,pdf_explicit_series_citation,bayer-impact-report-2024.pdf,7,[7],[7],"emissions (Scope 2, market-based) from Bayer sites whose annual energy consumption exceeds 1.5 terajoules 5 In accordance with the criteria set out by the Science Based Targets initiative (SBTi), the following Scope 3 categories of the Greenhouse Gas Protocol Corporate Value Chain (Scope 3) Accounting & Reporting Standard are relevant for Bayer: (3.1) purchased goods and services, (3.2) capital goods, (3.3) fuel- and energy-related activities, (3.4) (upstream) transportation and distribution and (3.6) business travel. 6 Entire Scope 1, 2 & 3 emissions. Scope 3 includes all categories defined in the GHG Protocol.…","PDF full-document exact-series scan: the report page names a controlled GHG Protocol/PCAF fine standard in an accounting, reporting, methodology, or assurance context; this does not promote emissions values.",PDF 全文精确系列扫描：报告页在核算、报告、方法或鉴证语境中命名受控 GHG Protocol/PCAF 细分标准；该记录不提升排放数值。
closed,already_accepted,yes,,,r286_bayer,BAYER,拜耳集团,286,ghg_scope3_standard,GHG Protocol Corporate Value Chain (Scope 3) Accounting and Reporting Standard,GHG Protocol 企业价值链（Scope 3）核算与报告标准,pdf_explicit_series_citation,bayer-impact-report-2024.pdf,18,[18],[18],"emissions (Scope 2, market-based) from Bayer sites whose annual energy consumption exceeds 1.5 terajoules 5 In accordance with the criteria set out by the Science Based Targets initiative (SBTi), the following Scope 3 categories of the Greenhouse Gas Protocol Corporate Value Chain (Scope 3) Accounting & Reporting Standard are relevant for Bayer: (3.1) purchased goods and services, (3.2) capital goods, (3.3) fuel- and energy-related activities, (3.4) (upstream) transportation and distribution and (3.6) business travel. Target: Support 100 million smallholder farmers in LMICs Key figure: // Number of smallholder f…","PDF full-document exact-series scan: the report page names a controlled GHG Protocol/PCAF fine standard in an accounting, reporting, methodology, or assurance context; this does not promote emissions values.",PDF 全文精确系列扫描：报告页在核算、报告、方法或鉴证语境中命名受控 GHG Protocol/PCAF 细分标准；该记录不提升排放数值。
closed,already_accepted,yes,,,r286_bayer,BAYER,拜耳集团,286,ghg_scope3_standard,GHG Protocol Corporate Value Chain (Scope 3) Accounting and Reporting Standard,GHG Protocol 企业价值链（Scope 3）核算与报告标准,pdf_explicit_series_citation,bayer-impact-report-2024.pdf,142,[142],[142],"tool for recording, quantifying and reporting greenhouse gas emissions. Its standards cover all emissions along the value chain. Bayer aligns itself to the Corporate Standard for direct (Scope 1) and indirect (Scope 2) greenhouse gas emissions and also to the Corporate Value Chain Accounting and Reporting Standard (Scope 3), which covers further indirect emissions along the value chain. Dual reporting was introduced for indirect (Scope 2) emissions. Indirect emissions have to be reported using both the location-based and the market-based methods. The location-based method uses regional or national average emissi…","PDF full-document exact-series scan: the report page names a controlled GHG Protocol/PCAF fine standard in an accounting, reporting, methodology, or assurance context; this does not promote emissions values.",PDF 全文精确系列扫描：报告页在核算、报告、方法或鉴证语境中命名受控 GHG Protocol/PCAF 细分标准；该记录不提升排放数值。
closed,already_accepted,yes,ghg_corporate_standard,,r294_bankofmontreal,BANK OF MONTREAL,蒙特利尔银行,294,ghg_corporate_standard,GHG Protocol Corporate Accounting and Reporting Standard,GHG Protocol 企业核算与报告标准,pdf_explicit_series_citation,BMO_2024_SCR_EN_interactive.pdf,77,[77],[77],issions 1 2 3 Scope Category 1 - 14 We quantify and disclose GHG emissions from operational sources relevant to our business to inform and monitor the actions we are taking to reduce GHG emissions in our own operations and in our value chain. The GHG Protocol Corporate Accounting and Reporting Standard and Corporate Value Chain (Scope 3) Standard (collectively the GHG Protocol) provide guidance for companies in preparing their GHG emissions inventories. We have developed an operational GHG emissions quantification methodology based on this guidance that applies the GHG Protocol’s operational control approach. De…,"PDF full-document exact-series scan: the report page names a controlled GHG Protocol/PCAF fine standard in an accounting, reporting, methodology, or assurance context; this does not promote emissions values.",PDF 全文精确系列扫描：报告页在核算、报告、方法或鉴证语境中命名受控 GHG Protocol/PCAF 细分标准；该记录不提升排放数值。
closed,already_accepted,yes,,,r294_bankofmontreal,BANK OF MONTREAL,蒙特利尔银行,294,ghg_corporate_standard,GHG Protocol Corporate Accounting and Reporting Standard,GHG Protocol 企业核算与报告标准,pdf_explicit_series_citation,BMO_2024_SCR_EN_interactive.pdf,112,[112],[112],"ons the FRFI uses to measure its Scope 1 and Scope 2 GHG emissions, and the underlying reasons for these decisions. Disclose the reporting standard used by the FRFI to calculate and disclose GHG emissions. If the reporting standard used by the FRFI is not the GHG Protocol Corporate Standard, disclose how the reporting standard used by the FRFI is comparable. See pages 77-79 (Climate Reporting – Metrics and targets – Operational GHG emissions). GHG Reporting Methodology – Operational emissions b) ii) Disclose the FRFI’s Scope 3 absolute gross GHG emissions for the period.1 In preparing its Scope 3 GHG emissions d…","PDF full-document exact-series scan: the report page names a controlled GHG Protocol/PCAF fine standard in an accounting, reporting, methodology, or assurance context; this does not promote emissions values.",PDF 全文精确系列扫描：报告页在核算、报告、方法或鉴证语境中命名受控 GHG Protocol/PCAF 细分标准；该记录不提升排放数值。
closed,already_accepted,yes,ghg_financial_industry_standard,,r294_bankofmontreal,BANK OF MONTREAL,蒙特利尔银行,294,ghg_financial_industry_standard,Global GHG Accounting and Reporting Standard for the Financial Industry,金融行业全球温室气体核算与报告标准,pdf_explicit_series_citation,BMO_2024_SCR_EN_interactive.pdf,80,[80],[80],"rting Financed emissions Climate Reporting | Metrics and targets Financed emissions are GHG emissions that, under applicable international standards, are attributable to financial institutions as a result of their lending and investment activities. We use the PCAF Global GHG Accounting and Reporting Standard Part A: Financed Emissions (Second Edition) (the PCAF Standard) to inform our calculation methodology. We quantify and disclose financed emissions from high-emitting sectors represented in our lending portfolio: upstream oil and gas; power generation; commercial real estate (Canada); residential mortgages (C…","PDF full-document exact-series scan: the report page names a controlled GHG Protocol/PCAF fine standard in an accounting, reporting, methodology, or assurance context; this does not promote emissions values.",PDF 全文精确系列扫描：报告页在核算、报告、方法或鉴证语境中命名受控 GHG Protocol/PCAF 细分标准；该记录不提升排放数值。
closed,already_accepted,yes,ghg_financial_industry_standard,,r294_bankofmontreal,BANK OF MONTREAL,蒙特利尔银行,294,ghg_financial_industry_standard,Global GHG Accounting and Reporting Standard for the Financial Industry,金融行业全球温室气体核算与报告标准,pdf_explicit_series_citation,BMO_2024_SCR_EN_interactive.pdf,82,[82],[82],"82 BMO Financial Group 2024 Sustainability and Climate Reporting KPMG has provided limited assurance of this figure. 1 This analysis uses PCAF’s methodology for business loans for all sectors, based on borrower industry codes and a PCAF Data Quality 5 approach. Our sectoral analyses are based on more granular data, data quality levels, and/or asset class methodologies (e.g., sectoral Commercial real estate calculations do not rely on industry codes for sector identification); therefore, financed e","PDF full-document exact-series scan: the report page names a controlled GHG Protocol/PCAF fine standard in an accounting, reporting, methodology, or assurance context; this does not promote emissions values.",PDF 全文精确系列扫描：报告页在核算、报告、方法或鉴证语境中命名受控 GHG Protocol/PCAF 细分标准；该记录不提升排放数值。
closed,already_accepted,yes,ghg_financial_industry_standard,,r294_bankofmontreal,BANK OF MONTREAL,蒙特利尔银行,294,ghg_financial_industry_standard,Global GHG Accounting and Reporting Standard for the Financial Industry,金融行业全球温室气体核算与报告标准,pdf_explicit_series_citation,BMO_2024_SCR_EN_interactive.pdf,86,[86],[86],"uts and assumptions, can be found in our GHG Reporting Methodology – Financed emissions. 2023 2022 2021 2020 2019 Target Canada Loans outstanding ($ millions) $1,309 $1,473 $1,441 $1,100 $1,339 Scope 1 Financed emissions (ktCO2e) 400 403 249 332 360 Portfolio PCAF data quality score 2.9 3.4 3.1 3.1 3.5 Economic emissions intensity (tCO2e/$ millions of loans outstanding) 306 274 173 302 269 Physical emissions intensity (tCO2e/MWh of electricity generated) 0.20 0.24 0.08 0.16 0.20 0.06 tCO2e/MWh by 2030 U.S. Loans outstanding ($ millions) $1,891 Scope 1 Financed emissions (ktCO2e) 1,181 Portfolio PCAF data quality…","PDF full-document exact-series scan: the report page names a controlled GHG Protocol/PCAF fine standard in an accounting, reporting, methodology, or assurance context; this does not promote emissions values.",PDF 全文精确系列扫描：报告页在核算、报告、方法或鉴证语境中命名受控 GHG Protocol/PCAF 细分标准；该记录不提升排放数值。
closed,already_accepted,yes,ghg_corporate_standard,ghg_corporate_standard,r294_bankofmontreal,BANK OF MONTREAL,蒙特利尔银行,294,ghg_scope3_standard,GHG Protocol Corporate Value Chain (Scope 3) Accounting and Reporting Standard,GHG Protocol 企业价值链（Scope 3）核算与报告标准,pdf_explicit_series_citation,BMO_2024_SCR_EN_interactive.pdf,77,[77],[77],"and disclose GHG emissions from operational sources relevant to our business to inform and monitor the actions we are taking to reduce GHG emissions in our own operations and in our value chain. The GHG Protocol Corporate Accounting and Reporting Standard and Corporate Value Chain (Scope 3) Standard (collectively the GHG Protocol) provide guidance for companies in preparing their GHG emissions inventories. We have developed an operational GHG emissions quantification methodology based on this guidance that applies the GHG Protocol’s operational control approach. Details of our In the period from 2020 to 2023, re…","PDF full-document exact-series scan: the report page names a controlled GHG Protocol/PCAF fine standard in an accounting, reporting, methodology, or assurance context; this does not promote emissions values.",PDF 全文精确系列扫描：报告页在核算、报告、方法或鉴证语境中命名受控 GHG Protocol/PCAF 细分标准；该记录不提升排放数值。
closed,already_accepted,yes,ghg_corporate_standard|ghg_scope2_guidance|ghg_scope3_calculation_guidance,ghg_scope2_guidance|ghg_scope3_calculation_guidance,r297_sanofi,SANOFI,赛诺菲,297,ghg_corporate_standard,GHG Protocol Corporate Accounting and Reporting Standard,GHG Protocol 企业核算与报告标准,pdf_explicit_series_citation,SANOFI-sustainability-statement-2024--ESG-Report-.pdf,29,"[28, 29, 30]","[132, 133]","measurement techniques may also vary; • GHG emissions are calculated according to the Greenhouse Gas Protocol standards and guidance developed by the World Resources Institute (WRI) and the World Business Council for Sustainable Development (WBCSD), including Corporate Accounting and Reporting Standard (Revised Edition), the Corporate Value Chain (Scope 3) Standard, Scope 2 Guidance, and Technical Guidance for Calculating Scope 3 Emissions (collectively, “the Greenhouse Gas Protocol”). When preparing the information for reporting GHG emissions, we consider the principles, requirements and guidance provided by th…",PDF page backfill: mapped from the cited GHG Protocol evidence page plus adjacent page text; not promoted to direct-use emissions value.,PDF 页级回查：基于已引用的 GHG Protocol 证据页及相邻页文本映射；不提升为直接采信排放值。
closed,already_accepted,yes,ghg_corporate_standard|ghg_scope2_guidance|ghg_scope3_calculation_guidance,ghg_scope2_guidance|ghg_scope3_calculation_guidance,r297_sanofi,SANOFI,赛诺菲,297,ghg_corporate_standard,GHG Protocol Corporate Accounting and Reporting Standard,GHG Protocol 企业核算与报告标准,pdf_explicit_series_citation,SANOFI-sustainability-statement-2024--ESG-Report-.pdf,132,[132],[132],"measurement techniques may also vary; • GHG emissions are calculated according to the Greenhouse Gas Protocol standards and guidance developed by the World Resources Institute (WRI) and the World Business Council for Sustainable Development (WBCSD), including Corporate Accounting and Reporting Standard (Revised Edition), the Corporate Value Chain (Scope 3) Standard, Scope 2 Guidance, and Technical Guidance for Calculating Scope 3 Emissions (collectively, “the Greenhouse Gas Protocol”). When preparing the information for reporting GHG emissions, we consider the principles, requirements and guidance provided by th…","PDF full-document exact-series scan: the report page names a controlled GHG Protocol/PCAF fine standard in an accounting, reporting, methodology, or assurance context; this does not promote emissions values.",PDF 全文精确系列扫描：报告页在核算、报告、方法或鉴证语境中命名受控 GHG Protocol/PCAF 细分标准；该记录不提升排放数值。
closed,already_accepted,yes,ghg_corporate_standard|ghg_scope2_guidance|ghg_scope3_calculation_guidance,,r297_sanofi,SANOFI,赛诺菲,297,ghg_scope2_guidance,GHG Protocol Scope 2 Guidance,GHG Protocol Scope 2 指南,pdf_explicit_series_citation,SANOFI-sustainability-statement-2024--ESG-Report-.pdf,29,"[28, 29, 30]","[132, 133]","standards and guidance developed by the World Resources Institute (WRI) and the World Business Council for Sustainable Development (WBCSD), including Corporate Accounting and Reporting Standard (Revised Edition), the Corporate Value Chain (Scope 3) Standard, Scope 2 Guidance, and Technical Guidance for Calculating Scope 3 Emissions (collectively, “the Greenhouse Gas Protocol”). When preparing the information for reporting GHG emissions, we consider the principles, requirements and guidance provided by the GHG Protocol Corporate Standard (version 2004) and use the most recent Global Warming Potential (GWP) values…",PDF page backfill: mapped from the cited GHG Protocol evidence page plus adjacent page text; not promoted to direct-use emissions value.,PDF 页级回查：基于已引用的 GHG Protocol 证据页及相邻页文本映射；不提升为直接采信排放值。
closed,already_accepted,yes,ghg_corporate_standard|ghg_scope2_guidance|ghg_scope3_calculation_guidance,,r297_sanofi,SANOFI,赛诺菲,297,ghg_scope2_guidance,GHG Protocol Scope 2 Guidance,GHG Protocol Scope 2 指南,pdf_explicit_series_citation,SANOFI-sustainability-statement-2024--ESG-Report-.pdf,132,[132],[132],"standards and guidance developed by the World Resources Institute (WRI) and the World Business Council for Sustainable Development (WBCSD), including Corporate Accounting and Reporting Standard (Revised Edition), the Corporate Value Chain (Scope 3) Standard, Scope 2 Guidance, and Technical Guidance for Calculating Scope 3 Emissions (collectively, “the Greenhouse Gas Protocol”). When preparing the information for reporting GHG emissions, we consider the principles, requirements and guidance provided by the GHG Protocol Corporate Standard (version 2004) and use the most recent Global Warming Potential (GWP) values…","PDF full-document exact-series scan: the report page names a controlled GHG Protocol/PCAF fine standard in an accounting, reporting, methodology, or assurance context; this does not promote emissions values.",PDF 全文精确系列扫描：报告页在核算、报告、方法或鉴证语境中命名受控 GHG Protocol/PCAF 细分标准；该记录不提升排放数值。
closed,already_accepted,yes,ghg_corporate_standard|ghg_scope2_guidance|ghg_scope3_calculation_guidance,,r297_sanofi,SANOFI,赛诺菲,297,ghg_scope3_calculation_guidance,GHG Protocol Scope 3 Calculation Guidance,GHG Protocol Scope 3 计算指南,pdf_explicit_series_citation,SANOFI-sustainability-statement-2024--ESG-Report-.pdf,29,"[28, 29, 30]","[132, 133]","e developed by the World Resources Institute (WRI) and the World Business Council for Sustainable Development (WBCSD), including Corporate Accounting and Reporting Standard (Revised Edition), the Corporate Value Chain (Scope 3) Standard, Scope 2 Guidance, and Technical Guidance for Calculating Scope 3 Emissions (collectively, “the Greenhouse Gas Protocol”). When preparing the information for reporting GHG emissions, we consider the principles, requirements and guidance provided by the GHG Protocol Corporate Standard (version 2004) and use the most recent Global Warming Potential (GWP) values published by the IPC…",PDF page backfill: mapped from the cited GHG Protocol evidence page plus adjacent page text; not promoted to direct-use emissions value.,PDF 页级回查：基于已引用的 GHG Protocol 证据页及相邻页文本映射；不提升为直接采信排放值。
closed,already_accepted,yes,ghg_corporate_standard|ghg_scope2_guidance|ghg_scope3_calculation_guidance,,r297_sanofi,SANOFI,赛诺菲,297,ghg_scope3_calculation_guidance,GHG Protocol Scope 3 Calculation Guidance,GHG Protocol Scope 3 计算指南,pdf_explicit_series_citation,SANOFI-sustainability-statement-2024--ESG-Report-.pdf,132,[132],[132],"e developed by the World Resources Institute (WRI) and the World Business Council for Sustainable Development (WBCSD), including Corporate Accounting and Reporting Standard (Revised Edition), the Corporate Value Chain (Scope 3) Standard, Scope 2 Guidance, and Technical Guidance for Calculating Scope 3 Emissions (collectively, “the Greenhouse Gas Protocol”). When preparing the information for reporting GHG emissions, we consider the principles, requirements and guidance provided by the GHG Protocol Corporate Standard (version 2004) and use the most recent Global Warming Potential (GWP) values published by the IPC…","PDF full-document exact-series scan: the report page names a controlled GHG Protocol/PCAF fine standard in an accounting, reporting, methodology, or assurance context; this does not promote emissions values.",PDF 全文精确系列扫描：报告页在核算、报告、方法或鉴证语境中命名受控 GHG Protocol/PCAF 细分标准；该记录不提升排放数值。
closed,already_accepted,yes,ghg_scope3_calculation_guidance,,r297_sanofi,SANOFI,赛诺菲,297,ghg_scope3_calculation_guidance,GHG Protocol Scope 3 Calculation Guidance,GHG Protocol Scope 3 计算指南,pdf_explicit_series_citation,SANOFI-sustainability-statement-2024--ESG-Report-.pdf,133,[133],[133],"cal sales representatives are included in Scope 1. Emissions from the personal vehicles of medical sales representatives are included in Scope 3. Other indirect emissions: Scope 3 Indirect Scope 3 emissions are calculated in accordance with the GHG Protocol’s Technical Guidance for Calculating Scope 3 emissions (version 1.0). Emission factors used for calculation come from published databases i.e ecoinvent or the French Environment and Energy Management Agency (ADEME), or from other standard calculation approaches such as Life Cycle Assessment or recognized product carbon footprinting approaches. Emissions relat…","PDF full-document exact-series scan: the report page names a controlled GHG Protocol/PCAF fine standard in an accounting, reporting, methodology, or assurance context; this does not promote emissions values.",PDF 全文精确系列扫描：报告页在核算、报告、方法或鉴证语境中命名受控 GHG Protocol/PCAF 细分标准；该记录不提升排放数值。
closed,already_accepted,yes,ghg_corporate_standard|ghg_scope2_guidance|ghg_scope3_calculation_guidance,ghg_corporate_standard|ghg_scope2_guidance|ghg_scope3_calculation_guidance,r297_sanofi,SANOFI,赛诺菲,297,ghg_scope3_standard,GHG Protocol Corporate Value Chain (Scope 3) Accounting and Reporting Standard,GHG Protocol 企业价值链（Scope 3）核算与报告标准,pdf_explicit_series_citation,SANOFI-sustainability-statement-2024--ESG-Report-.pdf,29,"[28, 29, 30]","[132, 133]","d according to the Greenhouse Gas Protocol standards and guidance developed by the World Resources Institute (WRI) and the World Business Council for Sustainable Development (WBCSD), including Corporate Accounting and Reporting Standard (Revised Edition), the Corporate Value Chain (Scope 3) Standard, Scope 2 Guidance, and Technical Guidance for Calculating Scope 3 Emissions (collectively, “the Greenhouse Gas Protocol”). When preparing the information for reporting GHG emissions, we consider the principles, requirements and guidance provided by the GHG Protocol Corporate Standard (version 2004) and use the most r…",PDF page backfill: mapped from the cited GHG Protocol evidence page plus adjacent page text; not promoted to direct-use emissions value.,PDF 页级回查：基于已引用的 GHG Protocol 证据页及相邻页文本映射；不提升为直接采信排放值。
closed,already_accepted,yes,ghg_corporate_standard|ghg_scope2_guidance|ghg_scope3_calculation_guidance,ghg_corporate_standard|ghg_scope2_guidance|ghg_scope3_calculation_guidance,r297_sanofi,SANOFI,赛诺菲,297,ghg_scope3_standard,GHG Protocol Corporate Value Chain (Scope 3) Accounting and Reporting Standard,GHG Protocol 企业价值链（Scope 3）核算与报告标准,pdf_explicit_series_citation,SANOFI-sustainability-statement-2024--ESG-Report-.pdf,132,[132],[132],"d according to the Greenhouse Gas Protocol standards and guidance developed by the World Resources Institute (WRI) and the World Business Council for Sustainable Development (WBCSD), including Corporate Accounting and Reporting Standard (Revised Edition), the Corporate Value Chain (Scope 3) Standard, Scope 2 Guidance, and Technical Guidance for Calculating Scope 3 Emissions (collectively, “the Greenhouse Gas Protocol”). When preparing the information for reporting GHG emissions, we consider the principles, requirements and guidance provided by the GHG Protocol Corporate Standard (version 2004) and use the most r…","PDF full-document exact-series scan: the report page names a controlled GHG Protocol/PCAF fine standard in an accounting, reporting, methodology, or assurance context; this does not promote emissions values.",PDF 全文精确系列扫描：报告页在核算、报告、方法或鉴证语境中命名受控 GHG Protocol/PCAF 细分标准；该记录不提升排放数值。
closed,already_accepted,yes,ghg_financial_industry_standard,,r301_swissre,SWISS RE,瑞士再保险股份有限公司,301,ghg_financial_industry_standard,Global GHG Accounting and Reporting Standard for the Financial Industry,金融行业全球温室气体核算与报告标准,pdf_explicit_series_citation,2024-SWISS RE-sustainability-report-en.pdf,72,[72],[72],"nities in its underwriting portfolios. Insurance-associated emissions and weighted average carbon intensities Methodology: Since 2023, Swiss Re has utilised the Global GHG Accounting & Reporting Standard Part C for Insurance- Associated Emissions (IAE) by the Partnership for Carbon Accounting Financials (PCAF) to estimate GHG emissions linked to its single-risk commercial lines portfolios.52 Weighted average carbon intensities (WACI) and IAE help the Group prioritise climate mitigation efforts for the most material re/insurance portfolios and monitor overall progress against its decarbonisation strategy. During …","PDF full-document exact-series scan: the report page names a controlled GHG Protocol/PCAF fine standard in an accounting, reporting, methodology, or assurance context; this does not promote emissions values.",PDF 全文精确系列扫描：报告页在核算、报告、方法或鉴证语境中命名受控 GHG Protocol/PCAF 细分标准；该记录不提升排放数值。
closed,already_accepted,yes,ghg_financial_industry_standard,,r301_swissre,SWISS RE,瑞士再保险股份有限公司,301,ghg_financial_industry_standard,Global GHG Accounting and Reporting Standard for the Financial Industry,金融行业全球温室气体核算与报告标准,pdf_explicit_series_citation,2024-SWISS RE-sustainability-report-en.pdf,98,[98],[98],"ata as at January 2025, based on holdings as at December 2024. 3 Due to the considerable uncertainty in the underlying estimates, values are rounded to 100 000 tonnes CO2e. 4 The methodology used to calculate GHG emissions for sovereign bonds was updated, see PCAF Global GHG Standards, 2022. 5 First-time disclosure. Based on MSCI ESG data as at January 2025, based on holdings as at December 2024. 6 Real estate emission data is subject to a one-year lag, with 2023 the most recent year for which data for the in-scope portfolio is available. 7 Based on market values. 8 Significant increase of coverage in 2024 due t…","PDF full-document exact-series scan: the report page names a controlled GHG Protocol/PCAF fine standard in an accounting, reporting, methodology, or assurance context; this does not promote emissions values.",PDF 全文精确系列扫描：报告页在核算、报告、方法或鉴证语境中命名受控 GHG Protocol/PCAF 细分标准；该记录不提升排放数值。
closed,already_accepted,yes,ghg_financial_industry_standard,,r315_unicreditgroup,UNICREDIT GROUP,联合信贷集团,315,ghg_financial_industry_standard,Global GHG Accounting and Reporting Standard for the Financial Industry,金融行业全球温室气体核算与报告标准,pdf_explicit_series_citation,2024-UNICREDIT GROUP-Annual-Reports-and-Accounts.pdf,140,[140],[140],"llows globally recognised frameworks, ensuring consistency and comparability across reporting periods. The primary frameworks used included: • Greenhouse Gas (GHG) Protocol for calculating Scope 3 emissions, covering both upstream and downstream activities; • Partnership for Carbon Accounting Financials (PCAF) for estimating Scope 3 emissions related to loans and investments in the financial portfolio. These methodologies provide structured approaches for collecting, estimating, and reporting data where direct measurements are not available. In the absence of primary data from stakeholders, UniCredit relies on e…","PDF full-document exact-series scan: the report page names a controlled GHG Protocol/PCAF fine standard in an accounting, reporting, methodology, or assurance context; this does not promote emissions values.",PDF 全文精确系列扫描：报告页在核算、报告、方法或鉴证语境中命名受控 GHG Protocol/PCAF 细分标准；该记录不提升排放数值。
closed,already_accepted,yes,ghg_financial_industry_standard,,r315_unicreditgroup,UNICREDIT GROUP,联合信贷集团,315,ghg_financial_industry_standard,Global GHG Accounting and Reporting Standard for the Financial Industry,金融行业全球温室气体核算与报告标准,pdf_explicit_series_citation,2024-UNICREDIT GROUP-Annual-Reports-and-Accounts.pdf,263,[263],[263],"m our ESG, Risk Management, Finance and Business functions. It entailed the development of a dedicated internal methodology to calculate our emissions baseline and to project its potential future trajectory, based on Net Zero reference market practices (SBTi, PCAF, IEA) and on sector guidelines (e.g. by NZBA). It also required gathering new information from external and internal data sources and using tools to model the future evolution of our financed emissions. For the sectors in scope, the baseline and targets were defined on the emissions profile of the Bank’s lending portfolio (on-balance sheet exposure). B…","PDF full-document exact-series scan: the report page names a controlled GHG Protocol/PCAF fine standard in an accounting, reporting, methodology, or assurance context; this does not promote emissions values.",PDF 全文精确系列扫描：报告页在核算、报告、方法或鉴证语境中命名受控 GHG Protocol/PCAF 细分标准；该记录不提升排放数值。
closed,already_accepted,yes,ghg_financial_industry_standard,,r315_unicreditgroup,UNICREDIT GROUP,联合信贷集团,315,ghg_financial_industry_standard,Global GHG Accounting and Reporting Standard for the Financial Industry,金融行业全球温室气体核算与报告标准,pdf_explicit_series_citation,2024-UNICREDIT GROUP-Annual-Reports-and-Accounts.pdf,273,[273],[273],"of its financed emissions by gathering information on the counterparties (also with the support of an external provider). UniCredit collected and determined GHG emissions information, according to Global GHG Accounting and Reporting Standard, developed by the PCAF, in line with the following methodologies: 269 UniCredit 2024 Annual Reports and Accounts Company Report Other Strategic Review Financial Review ESG Review Consolidated Report","PDF full-document exact-series scan: the report page names a controlled GHG Protocol/PCAF fine standard in an accounting, reporting, methodology, or assurance context; this does not promote emissions values.",PDF 全文精确系列扫描：报告页在核算、报告、方法或鉴证语境中命名受控 GHG Protocol/PCAF 细分标准；该记录不提升排放数值。
closed,already_accepted,yes,ghg_scope3_calculation_guidance,,r315_unicreditgroup,UNICREDIT GROUP,联合信贷集团,315,ghg_scope3_calculation_guidance,GHG Protocol Scope 3 Calculation Guidance,GHG Protocol Scope 3 计算指南,pdf_explicit_series_citation,2024-UNICREDIT GROUP-Annual-Reports-and-Accounts.pdf,273,[273],[273],"mmuting: Includes only emissions arising from homeworking for which the average-data method has been applied. Emissions are calculated based on the hours of homeworking completed by employees during the year, as registered in our HR systems. The GHG Protocol, Technical Guidance for Calculating Scope 3 Emissions indicates that emissions arising from employees working remotely may be accounted under this category, although a specific calculation methodology is not detailed. Category 8, Upstream leased assets: Includes emissions arising from energy consumption at upstream assets used by the Group. The asset- specif…","PDF full-document exact-series scan: the report page names a controlled GHG Protocol/PCAF fine standard in an accounting, reporting, methodology, or assurance context; this does not promote emissions values.",PDF 全文精确系列扫描：报告页在核算、报告、方法或鉴证语境中命名受控 GHG Protocol/PCAF 细分标准；该记录不提升排放数值。
closed,already_accepted,yes,ghg_scope3_standard,,r317_tokyoelectricpower,TOKYO ELECTRIC POWER,东京电力公司,317,ghg_scope3_standard,GHG Protocol Corporate Value Chain (Scope 3) Accounting and Reporting Standard,GHG Protocol 企业价值链（Scope 3）核算与报告标准,pdf_explicit_series_citation,TOKYO ELECTRIC POWER TP2024_en_web_print.pdf,102,[102],[102],"culated by multiplying transmission and distribution losses by the emissions factor for power transmission and distribution operators. *17 Indirect greenhouse gas emissions from business Approach to calculation We follow major guidelines have been published: “Corporate Value Chain (Scope 3) Accounting and Reporting Standard(GHG protocol)” “Green Value Chain Platform (Japanese Ministry of the Environment website, which provides Scope 3 emissions calculation methods and models)” *18 From FY2022 results, the scope of aggregation has been expanded to include all purchased products and services. *19 Emissions due to …","PDF full-document exact-series scan: the report page names a controlled GHG Protocol/PCAF fine standard in an accounting, reporting, methodology, or assurance context; this does not promote emissions values.",PDF 全文精确系列扫描：报告页在核算、报告、方法或鉴证语境中命名受控 GHG Protocol/PCAF 细分标准；该记录不提升排放数值。
closed,already_accepted,yes,ghg_corporate_standard|ghg_scope3_standard,ghg_scope3_standard,r322_ingkagroup,INGKA GROUP,英格卡集团,322,ghg_corporate_standard,GHG Protocol Corporate Accounting and Reporting Standard,GHG Protocol 企业核算与报告标准,pdf_explicit_series_citation,ingkagroup_annualsummaryandsustainabilityreport_fy24.pdf,56,"[55, 56, 57]",[113],"report. In the data tables (see pages 114-125), some of the numbers may not add up to the totals shown due to rounding. Calculating our greenhouse gas emissions We calculate our energy and climate footprint in accordance with the Greenhouse Gas (GHG) Protocol Corporate Accounting and Reporting Standard, including emissions arising from our operations (scope 1 and 2) and across our value chain (scope 3). Our data is consolidated using the GHG Protocol operational control approach. For scope 3 emissions, we follow the Corporate Value Chain (Scope 3) Accounting and Reporting Standard and measure and report our impa…",PDF page backfill: mapped from the cited GHG Protocol evidence page plus adjacent page text; not promoted to direct-use emissions value.,PDF 页级回查：基于已引用的 GHG Protocol 证据页及相邻页文本映射；不提升为直接采信排放值。
closed,already_accepted,yes,ghg_corporate_standard|ghg_scope3_standard,ghg_scope3_standard,r322_ingkagroup,INGKA GROUP,英格卡集团,322,ghg_corporate_standard,GHG Protocol Corporate Accounting and Reporting Standard,GHG Protocol 企业核算与报告标准,pdf_explicit_series_citation,ingkagroup_annualsummaryandsustainabilityreport_fy24.pdf,113,[113],[113],"report. In the data tables (see pages 114-125), some of the numbers may not add up to the totals shown due to rounding. Calculating our greenhouse gas emissions We calculate our energy and climate footprint in accordance with the Greenhouse Gas (GHG) Protocol Corporate Accounting and Reporting Standard, including emissions arising from our operations (scope 1 and 2) and across our value chain (scope 3). Our data is consolidated using the GHG Protocol operational control approach. For scope 3 emissions, we follow the Corporate Value Chain (Scope 3) Accounting and Reporting Standard and measure and report our impa…","PDF full-document exact-series scan: the report page names a controlled GHG Protocol/PCAF fine standard in an accounting, reporting, methodology, or assurance context; this does not promote emissions values.",PDF 全文精确系列扫描：报告页在核算、报告、方法或鉴证语境中命名受控 GHG Protocol/PCAF 细分标准；该记录不提升排放数值。
closed,already_accepted,yes,ghg_scope2_guidance,,r322_ingkagroup,INGKA GROUP,英格卡集团,322,ghg_scope2_guidance,GHG Protocol Scope 2 Guidance,GHG Protocol Scope 2 指南,pdf_explicit_series_citation,ingkagroup_annualsummaryandsustainabilityreport_fy24.pdf,56,"[55, 56, 57]",[113],"EXIO Database (2016-2019), and from local district heating suppliers. Factors from publicly available databases are integrated into our reporting system and are regularly updated. Scope 2 emissions are calculated in accordance with the Greenhouse Gas Protocol scope 2 Guidance. Our climate target is based on our market-based scope 2 emissions, which take the purchase of renewable electricity attribute certificates and supplier specific emission factors for district heating into account. We also measure and report data for our location-based emissions, which are based on average grid emissions factors for each cou…",PDF page backfill: mapped from the cited GHG Protocol evidence page plus adjacent page text; not promoted to direct-use emissions value.,PDF 页级回查：基于已引用的 GHG Protocol 证据页及相邻页文本映射；不提升为直接采信排放值。
closed,already_accepted,yes,ghg_scope2_guidance,,r322_ingkagroup,INGKA GROUP,英格卡集团,322,ghg_scope2_guidance,GHG Protocol Scope 2 Guidance,GHG Protocol Scope 2 指南,pdf_explicit_series_citation,ingkagroup_annualsummaryandsustainabilityreport_fy24.pdf,113,[113],[113],"EXIO Database (2016-2019), and from local district heating suppliers. Factors from publicly available databases are integrated into our reporting system and are regularly updated. Scope 2 emissions are calculated in accordance with the Greenhouse Gas Protocol scope 2 Guidance. Our climate target is based on our market-based scope 2 emissions, which take the purchase of renewable electricity attribute certificates and supplier specific emission factors for district heating into account. We also measure and report data for our location-based emissions, which are based on average grid emissions factors for each cou…","PDF full-document exact-series scan: the report page names a controlled GHG Protocol/PCAF fine standard in an accounting, reporting, methodology, or assurance context; this does not promote emissions values.",PDF 全文精确系列扫描：报告页在核算、报告、方法或鉴证语境中命名受控 GHG Protocol/PCAF 细分标准；该记录不提升排放数值。
closed,already_accepted,yes,ghg_scope3_standard,,r322_ingkagroup,INGKA GROUP,英格卡集团,322,ghg_scope3_standard,GHG Protocol Corporate Value Chain (Scope 3) Accounting and Reporting Standard,GHG Protocol 企业价值链（Scope 3）核算与报告标准,pdf_explicit_series_citation,ingkagroup_annualsummaryandsustainabilityreport_fy24.pdf,56,"[55, 56, 57]",[113],"rporate Accounting and Reporting Standard, including emissions arising from our operations (scope 1 and 2) and across our value chain (scope 3). Our data is consolidated using the GHG Protocol operational control approach. For scope 3 emissions, we follow the Corporate Value Chain (Scope 3) Accounting and Reporting Standard and measure and report our impact across the 13 scope 3 categories that are applicable to our business (see page 117). We have extended our climate footprint data to include emissions from our investment portfolios (category 15 emissions). We report on these emissions in line with guidance pr…",PDF page backfill: mapped from the cited GHG Protocol evidence page plus adjacent page text; not promoted to direct-use emissions value.,PDF 页级回查：基于已引用的 GHG Protocol 证据页及相邻页文本映射；不提升为直接采信排放值。
closed,already_accepted,yes,ghg_scope3_standard,,r322_ingkagroup,INGKA GROUP,英格卡集团,322,ghg_scope3_standard,GHG Protocol Corporate Value Chain (Scope 3) Accounting and Reporting Standard,GHG Protocol 企业价值链（Scope 3）核算与报告标准,pdf_explicit_series_citation,ingkagroup_annualsummaryandsustainabilityreport_fy24.pdf,113,[113],[113],"rporate Accounting and Reporting Standard, including emissions arising from our operations (scope 1 and 2) and across our value chain (scope 3). Our data is consolidated using the GHG Protocol operational control approach. For scope 3 emissions, we follow the Corporate Value Chain (Scope 3) Accounting and Reporting Standard and measure and report our impact across the 13 scope 3 categories that are applicable to our business (see page 117). We have extended our climate footprint data to include emissions from our investment portfolios (category 15 emissions). We report on these emissions in line with guidance pr…","PDF full-document exact-series scan: the report page names a controlled GHG Protocol/PCAF fine standard in an accounting, reporting, methodology, or assurance context; this does not promote emissions values.",PDF 全文精确系列扫描：报告页在核算、报告、方法或鉴证语境中命名受控 GHG Protocol/PCAF 细分标准；该记录不提升排放数值。
closed,already_accepted,yes,ghg_financial_industry_standard,,r324_americaninternationalgroup,AMERICAN INTERNATIONAL GROUP,美国国际集团,324,ghg_financial_industry_standard,Global GHG Accounting and Reporting Standard for the Financial Industry,金融行业全球温室气体核算与报告标准,pdf_explicit_series_citation,AMERICAN INTERNATIONAL GROUP-aig-sustainability-report-2024.pdf,35,[35],[35],"gical challenges faced by property and casualty insurers. Stewardship Engagement Integration 15 Emissions intensity = Absolute emissions divided by a monetary unit reflecting the insured’s size of business, expressed in tCO2e/insured’s revenue or asset value. PCAF (2022). The Global GHG Accounting and Reporting Standard Part A: Financed Emissions. Second Edition.","PDF full-document exact-series scan: the report page names a controlled GHG Protocol/PCAF fine standard in an accounting, reporting, methodology, or assurance context; this does not promote emissions values.",PDF 全文精确系列扫描：报告页在核算、报告、方法或鉴证语境中命名受控 GHG Protocol/PCAF 细分标准；该记录不提升排放数值。
closed,already_accepted,yes,ghg_financial_industry_standard,,r324_americaninternationalgroup,AMERICAN INTERNATIONAL GROUP,美国国际集团,324,ghg_financial_industry_standard,Global GHG Accounting and Reporting Standard for the Financial Industry,金融行业全球温室气体核算与报告标准,pdf_explicit_series_citation,AMERICAN INTERNATIONAL GROUP-aig-sustainability-report-2024.pdf,36,[36],[36],"iated with our underwriting portfolio using the Carbon Footprint methodology by the CRO Forum, a group of professional risk managers from the insurance industry that focus on developing and promoting industry best practices in risk management. Since then, the Partnership for Carbon Accounting Financials (PCAF) issued the first standard for measuring insurance-associated emissions and in 2024 we quantified the emissions associated with our underwriting portfolio using this PCAF methodology. This initial PCAF-aligned measurement lays the groundwork for a more comprehensive understanding of insurance- associated em…","PDF full-document exact-series scan: the report page names a controlled GHG Protocol/PCAF fine standard in an accounting, reporting, methodology, or assurance context; this does not promote emissions values.",PDF 全文精确系列扫描：报告页在核算、报告、方法或鉴证语境中命名受控 GHG Protocol/PCAF 细分标准；该记录不提升排放数值。
closed,already_accepted,yes,ghg_financial_industry_standard,,r324_americaninternationalgroup,AMERICAN INTERNATIONAL GROUP,美国国际集团,324,ghg_financial_industry_standard,Global GHG Accounting and Reporting Standard for the Financial Industry,金融行业全球温室气体核算与报告标准,pdf_explicit_series_citation,AMERICAN INTERNATIONAL GROUP-aig-sustainability-report-2024.pdf,40,[40],[40],"tments section for more information. Our decarbonization journey depends not only on our own actions, but also on broader progress in decarbonizing other sectors of the economy — including the high emitting sectors. Financed emissions We follow the prescribed PCAF methodology in estimating financed emissions from our corporate and government bonds portfolios. See Tables 5 and 6. Table 5. AIG’s Financed Emissions: Corporate Bonds as of 12/31/2024 Financed Scope 1 & 2 Emissions - Carbon Intensity x Market Value (tons CO2e) Carbon Intensity (Scope 1 & 2 tons CO2e / $ million EVIC) Percent of Companies with Net Zero…","PDF full-document exact-series scan: the report page names a controlled GHG Protocol/PCAF fine standard in an accounting, reporting, methodology, or assurance context; this does not promote emissions values.",PDF 全文精确系列扫描：报告页在核算、报告、方法或鉴证语境中命名受控 GHG Protocol/PCAF 细分标准；该记录不提升排放数值。
closed,already_accepted,yes,ghg_scope3_standard,,r324_americaninternationalgroup,AMERICAN INTERNATIONAL GROUP,美国国际集团,324,ghg_scope3_standard,GHG Protocol Corporate Value Chain (Scope 3) Accounting and Reporting Standard,GHG Protocol 企业价值链（Scope 3）核算与报告标准,pdf_explicit_series_citation,AMERICAN INTERNATIONAL GROUP-aig-sustainability-report-2024.pdf,33,[33],[33],"trict heat using the market- based method. • Scope 3 emissions: also referred to as value chain emissions, are the result of activities from assets not directly owned or controlled by AIG, but that AIG indirectly affects in its value chain activities. The GHG Corporate Value Chain (Scope 3) Accounting and Reporting Standard defines 15 categories of scope 3 emissions. We are currently measuring eight of the 15 categories. Categories 1–6 and 13 are outlined in Table 2 and category 15 is included in the Investments section. See the Underwriting section for more information on our ongoing efforts and progress toward…","PDF full-document exact-series scan: the report page names a controlled GHG Protocol/PCAF fine standard in an accounting, reporting, methodology, or assurance context; this does not promote emissions values.",PDF 全文精确系列扫描：报告页在核算、报告、方法或鉴证语境中命名受控 GHG Protocol/PCAF 细分标准；该记录不提升排放数值。
closed,already_accepted,yes,ghg_financial_industry_standard,,r327_talanx公司,Talanx,Talanx,327,ghg_financial_industry_standard,Global GHG Accounting and Reporting Standard for the Financial Industry,金融行业全球温室气体核算与报告标准,pdf_explicit_series_citation,Talanx_Nachhaltigkeitsbericht_2023_en.pdf,32,"[31, 32, 33]","[21, 27]","alue weightings for the segments as at the starting date (31 December 2019). This prevents changes relating to the market values of the divisions’ portfolios ­affecting how their carbon intensity is managed. In 2023, the Partnership for Accounting Financials (PCAF) framework was used to calculate financed emissions. Information on the ­financed emissions and on other steps to be taken to reduce carbon emissions will be published in 2025. 34% REDUCTION IN CARBON INTENSITY 2025 target reached: Carbon intensity of the liquid investment portfolio reduced by 34% compared to the 2019 baseline. 26 Sustainability Report…",PDF page backfill: mapped from the cited GHG Protocol evidence page plus adjacent page text; not promoted to direct-use emissions value.,PDF 页级回查：基于已引用的 GHG Protocol 证据页及相邻页文本映射；不提升为直接采信排放值。
closed,already_accepted,yes,ghg_financial_industry_standard,,r327_talanx公司,Talanx,Talanx,327,ghg_financial_industry_standard,Global GHG Accounting and Reporting Standard for the Financial Industry,金融行业全球温室气体核算与报告标准,pdf_explicit_series_citation,Talanx_Nachhaltigkeitsbericht_2023_en.pdf,21,[21],[21],"alue weightings for the segments as at the starting date (31 December 2019). This prevents changes relating to the market values of the divisions’ portfolios ­affecting how their carbon intensity is managed. In 2023, the Partnership for Accounting Financials (PCAF) framework was used to calculate financed emissions. Information on the ­financed emissions and on other steps to be taken to reduce carbon emissions will be published in 2025. 34% REDUCTION IN CARBON INTENSITY 2025 target reached: Carbon intensity of the liquid investment portfolio reduced by 34% compared to the 2019 baseline.","PDF full-document exact-series scan: the report page names a controlled GHG Protocol/PCAF fine standard in an accounting, reporting, methodology, or assurance context; this does not promote emissions values.",PDF 全文精确系列扫描：报告页在核算、报告、方法或鉴证语境中命名受控 GHG Protocol/PCAF 细分标准；该记录不提升排放数值。
closed,already_accepted,yes,ghg_corporate_standard,,r329_astrazeneca,ASTRAZENECA,阿斯利康,329,ghg_corporate_standard,GHG Protocol Corporate Accounting and Reporting Standard,GHG Protocol 企业核算与报告标准,pdf_explicit_series_citation,AstraZeneca_AR_2024.pdf,128,"[127, 128, 129]","[235, 237]","tocol Scope 3 Categories Tonnes CO₂e per million of Total Revenue 109.07 129.16 142.73 1 The Group reports GHG emissions in accordance with the World Resources Institute/World Business Council for Sustainable Development (WRI/WBCSD) Greenhouse Gas Protocol: A Corporate Accounting and Reporting Standard, Revised Edition (2015) and Corporate Value Chain (Scope 3), Accounting and Reporting Standard (2011). 2 Under the Companies (Directors’ Report) and Limited Liability Partnerships (Energy and Carbon Report) Regulations 2018, the Company needs to disclose what proportion of this figure relates to energy use in the …",PDF page backfill: mapped from the cited GHG Protocol evidence page plus adjacent page text; not promoted to direct-use emissions value.,PDF 页级回查：基于已引用的 GHG Protocol 证据页及相邻页文本映射；不提升为直接采信排放值。
closed,already_accepted,yes,ghg_corporate_standard,,r329_astrazeneca,ASTRAZENECA,阿斯利康,329,ghg_corporate_standard,GHG Protocol Corporate Accounting and Reporting Standard,GHG Protocol 企业核算与报告标准,pdf_explicit_series_citation,AstraZeneca_AR_2024.pdf,235,[235],[235],"tocol Scope 3 Categories Tonnes CO₂e per million of Total Revenue 109.07 129.16 142.73 1 The Group reports GHG emissions in accordance with the World Resources Institute/World Business Council for Sustainable Development (WRI/WBCSD) Greenhouse Gas Protocol: A Corporate Accounting and Reporting Standard, Revised Edition (2015) and Corporate Value Chain (Scope 3), Accounting and Reporting Standard (2011). 2 Under the Companies (Directors’ Report) and Limited Liability Partnerships (Energy and Carbon Report) Regulations 2018, the Company needs to disclose what proportion of this figure relates to energy use in the …","PDF full-document exact-series scan: the report page names a controlled GHG Protocol/PCAF fine standard in an accounting, reporting, methodology, or assurance context; this does not promote emissions values.",PDF 全文精确系列扫描：报告页在核算、报告、方法或鉴证语境中命名受控 GHG Protocol/PCAF 细分标准；该记录不提升排放数值。
closed,already_accepted,yes,ghg_corporate_standard,,r329_astrazeneca,ASTRAZENECA,阿斯利康,329,ghg_corporate_standard,GHG Protocol Corporate Accounting and Reporting Standard,GHG Protocol 企业核算与报告标准,pdf_explicit_series_citation,AstraZeneca_AR_2024.pdf,237,[237],[237],"d any certified renewable power purchased by a site. Data is captured through the centralised Safety, Health and Environmental reporting system with consumption data multiplied by relevant GHG emission factors in accordance with the Greenhouse Gas Protocol: A Corporate Accounting and Reporting Standard, Revised Edition (2015). Gross Scope 3 GHG emissions (tonnes CO2e) ‘Scope 3 GHG emissions‘ are all indirect emissions (not included in Scope 2) that occur in the value chain of AstraZeneca, including both upstream and downstream emissions. Data for Scope 3 is captured from multiple sources and consolidated into th…","PDF full-document exact-series scan: the report page names a controlled GHG Protocol/PCAF fine standard in an accounting, reporting, methodology, or assurance context; this does not promote emissions values.",PDF 全文精确系列扫描：报告页在核算、报告、方法或鉴证语境中命名受控 GHG Protocol/PCAF 细分标准；该记录不提升排放数值。
closed,already_accepted,yes,ghg_scope2_guidance,,r329_astrazeneca,ASTRAZENECA,阿斯利康,329,ghg_scope2_guidance,GHG Protocol Scope 2 Guidance,GHG Protocol Scope 2 指南,pdf_explicit_series_citation,AstraZeneca_AR_2024.pdf,128,"[127, 128, 129]","[235, 237]","ees of Origin for biomethane are retired through the Green Gas Certification Scheme. In the US, Renewable Thermal Certificates are tracked via the Midwest Renewable Energy Tracking System. 4 GHGs from imported electricity are calculated using the GHG Protocol Scope 2 Guidance (January 2015) requiring dual reporting using two emissions factors for each site – Market-based and Location-based. Our corporate emissions reporting and targets follow the Market-based approach. Emission factors for electricity have been derived from the International Energy Agency, US Environmental Protection Agency eGRID, US Green-e and…",PDF page backfill: mapped from the cited GHG Protocol evidence page plus adjacent page text; not promoted to direct-use emissions value.,PDF 页级回查：基于已引用的 GHG Protocol 证据页及相邻页文本映射；不提升为直接采信排放值。
closed,already_accepted,yes,ghg_scope2_guidance,,r329_astrazeneca,ASTRAZENECA,阿斯利康,329,ghg_scope2_guidance,GHG Protocol Scope 2 Guidance,GHG Protocol Scope 2 指南,pdf_explicit_series_citation,AstraZeneca_AR_2024.pdf,235,[235],[235],"ees of Origin for biomethane are retired through the Green Gas Certification Scheme. In the US, Renewable Thermal Certificates are tracked via the Midwest Renewable Energy Tracking System. 4 GHGs from imported electricity are calculated using the GHG Protocol Scope 2 Guidance (January 2015) requiring dual reporting using two emissions factors for each site – Market-based and Location-based. Our corporate emissions reporting and targets follow the Market-based approach. Emission factors for electricity have been derived from the International Energy Agency, US Environmental Protection Agency eGRID, US Green-e and…","PDF full-document exact-series scan: the report page names a controlled GHG Protocol/PCAF fine standard in an accounting, reporting, methodology, or assurance context; this does not promote emissions values.",PDF 全文精确系列扫描：报告页在核算、报告、方法或鉴证语境中命名受控 GHG Protocol/PCAF 细分标准；该记录不提升排放数值。
closed,already_accepted,yes,ghg_corporate_standard,ghg_corporate_standard,r329_astrazeneca,ASTRAZENECA,阿斯利康,329,ghg_scope3_standard,GHG Protocol Corporate Value Chain (Scope 3) Accounting and Reporting Standard,GHG Protocol 企业价值链（Scope 3）核算与报告标准,pdf_explicit_series_citation,AstraZeneca_AR_2024.pdf,128,"[127, 128, 129]","[235, 237]","129.16 142.73 1 The Group reports GHG emissions in accordance with the World Resources Institute/World Business Council for Sustainable Development (WRI/WBCSD) Greenhouse Gas Protocol: A Corporate Accounting and Reporting Standard, Revised Edition (2015) and Corporate Value Chain (Scope 3), Accounting and Reporting Standard (2011). 2 Under the Companies (Directors’ Report) and Limited Liability Partnerships (Energy and Carbon Report) Regulations 2018, the Company needs to disclose what proportion of this figure relates to energy use in the UK and offshore area. For 2024, the proportion of total global energy and…",PDF page backfill: mapped from the cited GHG Protocol evidence page plus adjacent page text; not promoted to direct-use emissions value.,PDF 页级回查：基于已引用的 GHG Protocol 证据页及相邻页文本映射；不提升为直接采信排放值。
closed,already_accepted,yes,ghg_corporate_standard,ghg_corporate_standard,r329_astrazeneca,ASTRAZENECA,阿斯利康,329,ghg_scope3_standard,GHG Protocol Corporate Value Chain (Scope 3) Accounting and Reporting Standard,GHG Protocol 企业价值链（Scope 3）核算与报告标准,pdf_explicit_series_citation,AstraZeneca_AR_2024.pdf,235,[235],[235],"129.16 142.73 1 The Group reports GHG emissions in accordance with the World Resources Institute/World Business Council for Sustainable Development (WRI/WBCSD) Greenhouse Gas Protocol: A Corporate Accounting and Reporting Standard, Revised Edition (2015) and Corporate Value Chain (Scope 3), Accounting and Reporting Standard (2011). 2 Under the Companies (Directors’ Report) and Limited Liability Partnerships (Energy and Carbon Report) Regulations 2018, the Company needs to disclose what proportion of this figure relates to energy use in the UK and offshore area. For 2024, the proportion of total global energy and…","PDF full-document exact-series scan: the report page names a controlled GHG Protocol/PCAF fine standard in an accounting, reporting, methodology, or assurance context; this does not promote emissions values.",PDF 全文精确系列扫描：报告页在核算、报告、方法或鉴证语境中命名受控 GHG Protocol/PCAF 细分标准；该记录不提升排放数值。
closed,already_accepted,yes,ghg_financial_industry_standard,,r333_tiaa,TIAA,美国教师退休基金会,333,ghg_financial_industry_standard,Global GHG Accounting and Reporting Standard for the Financial Industry,金融行业全球温室气体核算与报告标准,pdf_explicit_series_citation,TIAA climate_report_2024.pdf,37,[37],[37],"type of disclosure to evolve and improve over time, the following illustrates the importance of these solutions and technologies to the low-carbon transition and reiterates our belief toward gaining increasing exposure to these opportunities. PCAF Scoring The Partnership for Carbon Accounting Financials (PCAF) is a global partnership of financial institutions that work together to develop and implement a harmonized approach to assess and disclose the greenhouse gas (GHG) emissions associated with loans and investments. Building on the Greenhouse Gas Protocol, the guidance developed by PCAF helps inform TIAA as i…","PDF full-document exact-series scan: the report page names a controlled GHG Protocol/PCAF fine standard in an accounting, reporting, methodology, or assurance context; this does not promote emissions values.",PDF 全文精确系列扫描：报告页在核算、报告、方法或鉴证语境中命名受控 GHG Protocol/PCAF 细分标准；该记录不提升排放数值。
closed,already_accepted,yes,ghg_financial_industry_standard,,r333_tiaa,TIAA,美国教师退休基金会,333,ghg_financial_industry_standard,Global GHG Accounting and Reporting Standard for the Financial Industry,金融行业全球温室气体核算与报告标准,pdf_explicit_series_citation,TIAA climate_report_2024.pdf,43,[43],[43],"portfolio and directly owned commercial real estate—these together account for roughly 27% of the GA’s assets.3 Over the last year, the GA has worked with internal partners and external vendors to develop sound methodologies for estimating financed emissions (PCAF score 3–5) in asset classes where disclosure is not yet a market norm. To date, the GA has been able to measure carbon intensity for an additional 12% of assets with a goal of adding to this coverage each year moving forward. The GA will also work with Nuveen to identify asset classes where interim reduction targets can be set to work in conjunction wi…","PDF full-document exact-series scan: the report page names a controlled GHG Protocol/PCAF fine standard in an accounting, reporting, methodology, or assurance context; this does not promote emissions values.",PDF 全文精确系列扫描：报告页在核算、报告、方法或鉴证语境中命名受控 GHG Protocol/PCAF 细分标准；该记录不提升排放数值。
closed,already_accepted,yes,ghg_corporate_standard,,r336_chinahuadian,CHINA HUADIAN,中国华电集团有限公司,336,ghg_corporate_standard,GHG Protocol Corporate Accounting and Reporting Standard,GHG Protocol 企业核算与报告标准,pdf_explicit_series_citation,AIA GROUP-Main-ESG-Report_CH.pdf,58,[58],[58],"確保數據及相關流程的可靠性， 節選的可持續發展資料已皆由友邦保 險的外部核數師（「羅兵咸永道」） 鑒證。友邦保險 2024 年子報告：員 工與文化中的關鍵績效指標，包括按 性別和年齡劃分的員工流失率（第6 頁）以及按市場、性別、年齡及職級 劃分的員工結構概覽（第10 頁）依 據獨立執業會計師就友邦保險控股有 限公司的經識別的可持續發展資料的 有限保證鑒證報告進行鑒證。請參閱 第32 頁以獲取此數據鑒證工作中涵 蓋的細分營運範圍。 數據計量方法 友邦保險根據溫室氣體協議企業會計 和報告標準（GHG Protocol Corporate Accounting and Reporting Standard）、溫室氣體協議範圍2 指 南及香港特別行政區政府環保署提供 的指引計算排放量，亦會透過公用事 業公司可持續發展報告、溫室氣體協 議數據庫及國際能源總署（IEA） 2024 年排放因子數據庫，確定各個 營運地區溫室氣體排放（範圍1 和 2）的排放因子。我們參照英國政府 環境、食品及農村事務部 （Department for Environment, Food and Rural Affairs 或DEFRA）提供的 溫室氣體報告：2024 年換算係數中 的短距離航班的排放因子計算商務旅 行排放數據。我們根據國際航空運輸 協會（IATA）建議的做法，計量所有 私人航空運輸的排放量。 針對所使用的任何全球暖化潛勢 （Global…","PDF full-document exact-series scan: the report page names a controlled GHG Protocol/PCAF fine standard in an accounting, reporting, methodology, or assurance context; this does not promote emissions values.",PDF 全文精确系列扫描：报告页在核算、报告、方法或鉴证语境中命名受控 GHG Protocol/PCAF 细分标准；该记录不提升排放数值。
closed,already_accepted,yes,,,r339_hyundaimobis,HYUNDAI MOBIS,现代摩比斯公司,339,ghg_corporate_standard,GHG Protocol Corporate Accounting and Reporting Standard,GHG Protocol 企业核算与报告标准,pdf_explicit_series_citation,HYUNDAI MOBIS sustainability report 2025.pdf,161,[161],[161],"ategory 1, 2, 3, 4, 5, 6, 7, 8, 9, 10, 11, 12, 15 Verification Criteria The following criteria and coefficients used by the company were applied. • Criteria - ISO 14064-1:2018, ISO 14064-3:2019 - 2006 IPCC Guidelines for National Greenhouse Gas Inventories - GHG Protocol Corporate Standard - Rule for emission reporting and certification of greenhouse gas emission trading Scheme (Notification No. 2025-28 of Ministry of Environment) • Coefficient - Environmental Product Declaration evaluation coefficient (2021) - GREET2 (2022) GHG Emissions Verification Level of Assurance The verification has been conducted in a…","PDF full-document exact-series scan: the report page names a controlled GHG Protocol/PCAF fine standard in an accounting, reporting, methodology, or assurance context; this does not promote emissions values.",PDF 全文精确系列扫描：报告页在核算、报告、方法或鉴证语境中命名受控 GHG Protocol/PCAF 细分标准；该记录不提升排放数值。
closed,already_accepted,yes,ghg_scope3_standard,,r339_hyundaimobis,HYUNDAI MOBIS,现代摩比斯公司,339,ghg_scope3_standard,GHG Protocol Corporate Value Chain (Scope 3) Accounting and Reporting Standard,GHG Protocol 企业价值链（Scope 3）核算与报告标准,pdf_explicit_series_citation,HYUNDAI MOBIS sustainability report 2025.pdf,46,[46],[46],"ns in the workplace. Scope 3 Emissions Management Hyundai Mobis calculates GHG emissions by Scope 3 category to ensure systemic GHG emissions management across the entire value chain. We quantify and disclose category-specific emissions in accordance with the Corporate Value Chain (Scope 3) Accounting and Reporting Standard of the GHG Protocol 3), and are progressively extending our coverage, calculating emissions across a total of 13 categories in 2024. 3) GHG Protocol: Greenhouse Gas Protocol Supply Chain GHG Emissions Reduction Strategy We recognize the importance of managing supply chain GHG emissions which …","PDF full-document exact-series scan: the report page names a controlled GHG Protocol/PCAF fine standard in an accounting, reporting, methodology, or assurance context; this does not promote emissions values.",PDF 全文精确系列扫描：报告页在核算、报告、方法或鉴证语境中命名受控 GHG Protocol/PCAF 细分标准；该记录不提升排放数值。
closed,already_accepted,yes,ghg_scope3_standard,,r339_hyundaimobis,HYUNDAI MOBIS,现代摩比斯公司,339,ghg_scope3_standard,GHG Protocol Corporate Value Chain (Scope 3) Accounting and Reporting Standard,GHG Protocol 企业价值链（Scope 3）核算与报告标准,pdf_explicit_series_citation,HYUNDAI MOBIS sustainability report 2025.pdf,52,[52],[52],"pe 1 + 2 + 3) – market-based tCO2eq 3,467,626 3,730,328 3,537,526 Total GHG emissions intensity (Scope 1 + 2 + 3) – market-based tCO2eq / KRW 100 million 6.68 6.30 6.18 GHG Emissions (Scope 3) 1) 1) Calculated emissions data in accordance with GHG Protocol’s Corporate Value Chain (Scope 3) Accounting and Reporting Standard, and accounted for items for which category-specific calculation methods or coverage were changed by retrospectively including emissions from previous years (not including domestic subsidiaries) 2) Percentage of Scope 3 emissions calculated based on primary data generated from actual activit…","PDF full-document exact-series scan: the report page names a controlled GHG Protocol/PCAF fine standard in an accounting, reporting, methodology, or assurance context; this does not promote emissions values.",PDF 全文精确系列扫描：报告页在核算、报告、方法或鉴证语境中命名受控 GHG Protocol/PCAF 细分标准；该记录不提升排放数值。
closed,already_accepted,yes,ghg_corporate_standard,,r342_bristolmyerssquibb,BRISTOL-MYERS SQUIBB,百时美施贵宝公司,342,ghg_corporate_standard,GHG Protocol Corporate Accounting and Reporting Standard,GHG Protocol 企业核算与报告标准,pdf_explicit_series_citation,BRISTOL-MYERS SQUIBB BMS-Building-a-Better-Future-Report-2024.pdf,80,[80],[80],the reported data against Bristol Myers Squibbs’ internal reporting procedures; and • Evaluation of the GHG emissions data against the requirements of the World Resources Institute (WRI)/World Business Council for Sustainable Development (WBCSD) GHG Protocol Corporate Accounting and Reporting Standards. Reporting Boundaries The following are the boundaries used by Bristol Myers Squibb for reporting sustainability data: • Operational Control • Worldwide Operations Limitations and Exclusions Excluded from the scope of our work is any assurance of information relating to: • Activities outside the defined assurance …,"PDF full-document exact-series scan: the report page names a controlled GHG Protocol/PCAF fine standard in an accounting, reporting, methodology, or assurance context; this does not promote emissions values.",PDF 全文精确系列扫描：报告页在核算、报告、方法或鉴证语境中命名受控 GHG Protocol/PCAF 细分标准；该记录不提升排放数值。
closed,already_accepted,yes,,,r344_continental,CONTINENTAL,德国大陆集团,344,ghg_corporate_standard,GHG Protocol Corporate Accounting and Reporting Standard,GHG Protocol 企业核算与报告标准,pdf_explicit_series_citation,CONTINENTAL annual-report-2024.pdf,142,[142],[142],"1,504 — — — — — Investees, in tCO2e — — 0 — — — — — Percentage of energy purchased with contractual instruments, in % — — 84.7 — — — — — Definitions, assumptions, and calculation methods: Gross Scope 1 GHG emissions - Definitions and calculations according to GHG Protocol Corporate Standard (version 2004). - Emissions factors for refrigerants in accordance with Regulation (EU) 2024/573 of the European Parliament and of the Council from February 7, 2024 on fluorinated greenhouse gases are considered. These are based on the IPCC 4 and not on the more recent IPCC 6, which does not result in any significant effects.…","PDF full-document exact-series scan: the report page names a controlled GHG Protocol/PCAF fine standard in an accounting, reporting, methodology, or assurance context; this does not promote emissions values.",PDF 全文精确系列扫描：报告页在核算、报告、方法或鉴证语境中命名受控 GHG Protocol/PCAF 细分标准；该记录不提升排放数值。
closed,already_accepted,yes,,,r344_continental,CONTINENTAL,德国大陆集团,344,ghg_scope3_standard,GHG Protocol Corporate Value Chain (Scope 3) Accounting and Reporting Standard,GHG Protocol 企业价值链（Scope 3）核算与报告标准,pdf_explicit_series_citation,CONTINENTAL annual-report-2024.pdf,133,[133],[133],"n and implementation of measures. For the dif- ferent business process, further internal rules apply directly or indi- rectly addressing climate change mitigation. In addition, the management approach is based on the GHG Proto- col and related standards (e.g. Corporate Value Chain (Scope 3) ac- counting and reporting standard) as external frameworks for CO2 emissions accounting. The management approach and associated measures take into consideration in particular the requirements of customers and the requests of investors. Consultations and dialogue with suppliers are key elements for the implementation of carbo…","PDF full-document exact-series scan: the report page names a controlled GHG Protocol/PCAF fine standard in an accounting, reporting, methodology, or assurance context; this does not promote emissions values.",PDF 全文精确系列扫描：报告页在核算、报告、方法或鉴证语境中命名受控 GHG Protocol/PCAF 细分标准；该记录不提升排放数值。
closed,already_accepted,yes,ghg_scope3_standard,,r344_continental,CONTINENTAL,德国大陆集团,344,ghg_scope3_standard,GHG Protocol Corporate Value Chain (Scope 3) Accounting and Reporting Standard,GHG Protocol 企业价值链（Scope 3）核算与报告标准,pdf_explicit_series_citation,CONTINENTAL annual-report-2024.pdf,143,[143],[143],"ld products — — 3,663,651 — — — — — 13. Downstream leased assets — — 1,603 — — — — — 14. Franchises — — 23,742 — — — — — 15. Investments — — 24,982 — — — — — Overarching definitions and assumptions: - Scope 3 GHG emissions are calculated in alignment with the Corporate Value Chain (Scope 3) Accounting and Reporting Standards 2011 and the supplement standards. Definitions, assumptions, and calculation methods Total calculated gross indirect (Scope 3) GHG emissions - Total of categories (1) to (15). Calculated indirect Scope 3 GHG emissions – purchased goods and services - Purchased goods and services relate to th…","PDF full-document exact-series scan: the report page names a controlled GHG Protocol/PCAF fine standard in an accounting, reporting, methodology, or assurance context; this does not promote emissions values.",PDF 全文精确系列扫描：报告页在核算、报告、方法或鉴证语境中命名受控 GHG Protocol/PCAF 细分标准；该记录不提升排放数值。
closed,already_accepted,yes,ghg_corporate_standard,,r346_dow,DOW,陶氏公司,346,ghg_corporate_standard,GHG Protocol Corporate Accounting and Reporting Standard,GHG Protocol 企业核算与报告标准,pdf_explicit_series_citation,DOW-2024-progress-report.pdf,2,"[1, 2, 3]","[30, 31, 74]","31, 2024, are presented in accordance with the 2021 GRI Sustainability Reporting Standards and GHG disclosures referenced or included in the GHG Protocol disclosure report for the year ended December 31, 2024, are presented in accordance with the GHG Protocol Corporate Accounting and Reporting Standard (Revised Edition) published by the World Resources Institute (WRI)/World Business Council for Sustainable Development (WBCSD). For the Scope 3 disclosures, Dow also referenced the GHG Protocol: Corporate Value Chain Accounting and Reporting Standard. The overarching report includes all policies, commitments, actio…",PDF page backfill: mapped from the cited GHG Protocol evidence page plus adjacent page text; not promoted to direct-use emissions value.,PDF 页级回查：基于已引用的 GHG Protocol 证据页及相邻页文本映射；不提升为直接采信排放值。
closed,already_accepted,yes,ghg_corporate_standard,,r346_dow,DOW,陶氏公司,346,ghg_corporate_standard,GHG Protocol Corporate Accounting and Reporting Standard,GHG Protocol 企业核算与报告标准,pdf_explicit_series_citation,DOW-2024-progress-report.pdf,30,[30],[30],"31, 2024, are presented in accordance with the 2021 GRI Sustainability Reporting Standards and GHG disclosures referenced or included in the GHG Protocol disclosure report for the year ended December 31, 2024, are presented in accordance with the GHG Protocol Corporate Accounting and Reporting Standard (Revised Edition) published by the World Resources Institute (WRI)/World Business Council for Sustainable Development (WBCSD). For the Scope 3 disclosures, Dow also referenced the GHG Protocol: Corporate Value Chain Accounting and Reporting Standard. The overarching report includes all policies, commitments, actio…","PDF full-document exact-series scan: the report page names a controlled GHG Protocol/PCAF fine standard in an accounting, reporting, methodology, or assurance context; this does not promote emissions values.",PDF 全文精确系列扫描：报告页在核算、报告、方法或鉴证语境中命名受控 GHG Protocol/PCAF 细分标准；该记录不提升排放数值。
closed,already_accepted,yes,ghg_corporate_standard,,r346_dow,DOW,陶氏公司,346,ghg_corporate_standard,GHG Protocol Corporate Accounting and Reporting Standard,GHG Protocol 企业核算与报告标准,pdf_explicit_series_citation,DOW-2024-progress-report.pdf,31,[31],[31],"ship interest, are generally out of scope from sustainability reporting unless the Company has operational control of the entity. • Additionally, GHG emissions data included in the sustainability report are accounted for in accordance with the GHG Protocol: A Corporate Accounting and Reporting Standard (Revised Edition) using the operational control approach. In cases where asset ownership is shared, a company has operational control over the asset if they have the full authority to introduce and implement operating policies at the facility. For Scope 3, indirect GHG emissions reporting, data for joint ventures …","PDF full-document exact-series scan: the report page names a controlled GHG Protocol/PCAF fine standard in an accounting, reporting, methodology, or assurance context; this does not promote emissions values.",PDF 全文精确系列扫描：报告页在核算、报告、方法或鉴证语境中命名受控 GHG Protocol/PCAF 细分标准；该记录不提升排放数值。
closed,already_accepted,yes,ghg_corporate_standard,,r346_dow,DOW,陶氏公司,346,ghg_corporate_standard,GHG Protocol Corporate Accounting and Reporting Standard,GHG Protocol 企业核算与报告标准,pdf_explicit_series_citation,DOW-2024-progress-report.pdf,74,[74],[74],"nually assess available reporting mechanisms for future disclosures. GRI 305: Emissions 2016 3-3 Management Approach Energy & Emissions Management Scope 1, 2, and 3 GHG emissions are collected and accounted for in accordance with the WRI/WBCSD GHG Protocol: A Corporate Accounting and Reporting Standard (Revised Edition). Dow reports GHG emissions under the operational control approach criteria described in this standard. In 2020, Dow launched new climate goals as part of its strategy and set 2020 as the baseline year for the new emissions reduction targets for Scope 1 and Scope 2. Required disclosures for GHG em…","PDF full-document exact-series scan: the report page names a controlled GHG Protocol/PCAF fine standard in an accounting, reporting, methodology, or assurance context; this does not promote emissions values.",PDF 全文精确系列扫描：报告页在核算、报告、方法或鉴证语境中命名受控 GHG Protocol/PCAF 细分标准；该记录不提升排放数值。
closed,already_accepted,yes,ghg_corporate_standard,,r346_dow,DOW,陶氏公司,346,ghg_scope3_standard,GHG Protocol Corporate Value Chain (Scope 3) Accounting and Reporting Standard,GHG Protocol 企业价值链（Scope 3）核算与报告标准,pdf_explicit_series_citation,DOW-2024-progress-report.pdf,2,"[1, 2, 3]","[30, 31, 74]","with the GHG Protocol Corporate Accounting and Reporting Standard (Revised Edition) published by the World Resources Institute (WRI)/World Business Council for Sustainable Development (WBCSD). For the Scope 3 disclosures, Dow also referenced the GHG Protocol: Corporate Value Chain Accounting and Reporting Standard. The overarching report includes all policies, commitments, actions and their effectiveness, and stakeholders. Accordingly, please see associated details under each relative disclosure. DRIVING ACCOUNTABILITY AND BEST-IN-CLASS PERFORMANCE DOW | 2024 Progress Report | 30 2-1 Organizational Details The i…",PDF page backfill: mapped from the cited GHG Protocol evidence page plus adjacent page text; not promoted to direct-use emissions value.,PDF 页级回查：基于已引用的 GHG Protocol 证据页及相邻页文本映射；不提升为直接采信排放值。
closed,already_accepted,yes,ghg_corporate_standard,ghg_corporate_standard,r346_dow,DOW,陶氏公司,346,ghg_scope3_standard,GHG Protocol Corporate Value Chain (Scope 3) Accounting and Reporting Standard,GHG Protocol 企业价值链（Scope 3）核算与报告标准,pdf_explicit_series_citation,DOW-2024-progress-report.pdf,30,[30],[30],"year ended December 31, 2024, are presented in accordance with the GHG Protocol Corporate Accounting and Reporting Standard (Revised Edition) published by the World Resources Institute (WRI)/World Business Council for Sustainable Development (WBCSD). For the Scope 3 disclosures, Dow also referenced the GHG Protocol: Corporate Value Chain Accounting and Reporting Standard. The overarching report includes all policies, commitments, actions and their effectiveness, and stakeholders. Accordingly, please see associated details under each relative disclosure. DRIVING ACCOUNTABILITY AND BEST-IN-CLASS PERFORMANCE DOW | …","PDF full-document exact-series scan: the report page names a controlled GHG Protocol/PCAF fine standard in an accounting, reporting, methodology, or assurance context; this does not promote emissions values.",PDF 全文精确系列扫描：报告页在核算、报告、方法或鉴证语境中命名受控 GHG Protocol/PCAF 细分标准；该记录不提升排放数值。
closed,already_accepted,yes,ghg_product_standard|ghg_scope3_standard,ghg_product_standard,r346_dow,DOW,陶氏公司,346,ghg_scope3_standard,GHG Protocol Corporate Value Chain (Scope 3) Accounting and Reporting Standard,GHG Protocol 企业价值链（Scope 3）核算与报告标准,pdf_explicit_series_citation,DOW-2024-progress-report.pdf,116,[116],[116],"ue intensity factors in categories 1 and 2, supplier transport carbon footprints in Category 4, travel agency booking data in Category 6, and investment emissions in Category 15. Dow Scope 3 accounting follows leading methodologies, including the GHG Protocol Corporate Value Chain (Scope 3) Accounting and Reporting Standard and sector-specific guidelines like the TfS Guidelines for the chemical sector and the GLEC Framework for transportation. Supplier-reported product and transport carbon footprint data is verified using the GHG Protocol Product Standard, ISO 14067, TfS Guidelines/Catena-X, WBCSD Pathfinder Met…","PDF full-document exact-series scan: the report page names a controlled GHG Protocol/PCAF fine standard in an accounting, reporting, methodology, or assurance context; this does not promote emissions values.",PDF 全文精确系列扫描：报告页在核算、报告、方法或鉴证语境中命名受控 GHG Protocol/PCAF 细分标准；该记录不提升排放数值。
closed,already_accepted,yes,ghg_corporate_standard,,r350_telefónica,TELEFÓNICA,西班牙电话公司,350,ghg_corporate_standard,GHG Protocol Corporate Accounting and Reporting Standard,GHG Protocol 企业核算与报告标准,pdf_explicit_series_citation,2024TELEFÓNICA consolidated-management-report.pdf,63,"[62, 63, 64]","[108, 109]","le energy certificates (58%). E1-6, E1-7 2.9.4.3. GHG emissions GHG emissions inventory E1-6_15 Telefónica calculates the carbon footprint for its operations (Scopes 1 and 2) and its value chain (Scope 3), using the methodology established in the GHG Protocol Corporate Accounting and Reporting Standard (revised edition). The emissions inventory follows the methodological guidelines based on the principles of relevance, completeness, consistency, transparency and accuracy. The information contained in Telefónica’s GHG emissions inventory corresponds to the Company’s reporting scope for sustainability indicators. …",PDF page backfill: mapped from the cited GHG Protocol evidence page plus adjacent page text; not promoted to direct-use emissions value.,PDF 页级回查：基于已引用的 GHG Protocol 证据页及相邻页文本映射；不提升为直接采信排放值。
closed,already_accepted,yes,ghg_corporate_standard,,r350_telefónica,TELEFÓNICA,西班牙电话公司,350,ghg_corporate_standard,GHG Protocol Corporate Accounting and Reporting Standard,GHG Protocol 企业核算与报告标准,pdf_explicit_series_citation,2024TELEFÓNICA consolidated-management-report.pdf,108,[108],[108],"le energy certificates (58%). E1-6, E1-7 2.9.4.3. GHG emissions GHG emissions inventory E1-6_15 Telefónica calculates the carbon footprint for its operations (Scopes 1 and 2) and its value chain (Scope 3), using the methodology established in the GHG Protocol Corporate Accounting and Reporting Standard (revised edition). The emissions inventory follows the methodological guidelines based on the principles of relevance, completeness, consistency, transparency and accuracy. The information contained in Telefónica’s GHG emissions inventory corresponds to the Company’s reporting scope for sustainability indicators. …","PDF full-document exact-series scan: the report page names a controlled GHG Protocol/PCAF fine standard in an accounting, reporting, methodology, or assurance context; this does not promote emissions values.",PDF 全文精确系列扫描：报告页在核算、报告、方法或鉴证语境中命名受控 GHG Protocol/PCAF 细分标准；该记录不提升排放数值。
closed,already_accepted,yes,ghg_scope3_standard,ghg_scope3_standard,r350_telefónica,TELEFÓNICA,西班牙电话公司,350,ghg_corporate_standard,GHG Protocol Corporate Accounting and Reporting Standard,GHG Protocol 企业核算与报告标准,pdf_explicit_series_citation,2024TELEFÓNICA consolidated-management-report.pdf,109,[109],[109],"herefore of less strategic significance in terms of triggering reduction levers to help achieve the net zero emissions target. The categories excluded from the GHG inventory do not exceed 10% of total Scope 3 emissions. This follows the recommendations of the GHG Protocol and meets the criteria of the Net Zero corporate standard of the SBTi initiative. E1-6_29 The methodology used for Scope 3 emissions accounting complies with the recommendations from the GHG Protocol (Corporate Value Chain (Scope 3) Accounting and Reporting Standard) and from the sectoral guidance provided by ITU-T, GeSI and GSMA (Guidance for …","PDF full-document exact-series scan: the report page names a controlled GHG Protocol/PCAF fine standard in an accounting, reporting, methodology, or assurance context; this does not promote emissions values.",PDF 全文精确系列扫描：报告页在核算、报告、方法或鉴证语境中命名受控 GHG Protocol/PCAF 细分标准；该记录不提升排放数值。
closed,already_accepted,yes,ghg_scope3_standard,,r350_telefónica,TELEFÓNICA,西班牙电话公司,350,ghg_scope3_standard,GHG Protocol Corporate Value Chain (Scope 3) Accounting and Reporting Standard,GHG Protocol 企业价值链（Scope 3）核算与报告标准,pdf_explicit_series_citation,2024TELEFÓNICA consolidated-management-report.pdf,63,"[62, 63, 64]","[108, 109]","ions. This follows the recommendations of the GHG Protocol and meets the criteria of the Net Zero corporate standard of the SBTi initiative. E1-6_29 The methodology used for Scope 3 emissions accounting complies with the recommendations from the GHG Protocol (Corporate Value Chain (Scope 3) Accounting and Reporting Standard) and from the sectoral guidance provided by ITU-T, GeSI and GSMA (Guidance for Assessment of Scope 3 Emissions for Operators). • To calculate the emissions of purchased goods and services and capital goods (cat. 1 and 2), the hybrid method defined by the GHG Protocol is used, in which the sup…",PDF page backfill: mapped from the cited GHG Protocol evidence page plus adjacent page text; not promoted to direct-use emissions value.,PDF 页级回查：基于已引用的 GHG Protocol 证据页及相邻页文本映射；不提升为直接采信排放值。
closed,already_accepted,yes,ghg_scope3_standard,,r350_telefónica,TELEFÓNICA,西班牙电话公司,350,ghg_scope3_standard,GHG Protocol Corporate Value Chain (Scope 3) Accounting and Reporting Standard,GHG Protocol 企业价值链（Scope 3）核算与报告标准,pdf_explicit_series_citation,2024TELEFÓNICA consolidated-management-report.pdf,109,[109],[109],"ions. This follows the recommendations of the GHG Protocol and meets the criteria of the Net Zero corporate standard of the SBTi initiative. E1-6_29 The methodology used for Scope 3 emissions accounting complies with the recommendations from the GHG Protocol (Corporate Value Chain (Scope 3) Accounting and Reporting Standard) and from the sectoral guidance provided by ITU-T, GeSI and GSMA (Guidance for Assessment of Scope 3 Emissions for Operators). • To calculate the emissions of purchased goods and services and capital goods (cat. 1 and 2), the hybrid method defined by the GHG Protocol is used, in which the sup…","PDF full-document exact-series scan: the report page names a controlled GHG Protocol/PCAF fine standard in an accounting, reporting, methodology, or assurance context; this does not promote emissions values.",PDF 全文精确系列扫描：报告页在核算、报告、方法或鉴证语境中命名受控 GHG Protocol/PCAF 细分标准；该记录不提升排放数值。
closed,already_accepted,yes,ghg_corporate_standard,,r351_chinaminshengbanking,CHINA MINSHENG BANKING,中国民生银行股份有限公司,351,ghg_corporate_standard,GHG Protocol Corporate Accounting and Reporting Standard,GHG Protocol 企业核算与报告标准,pdf_explicit_series_citation,Lloyds_Banking_Group_Annual_Report_2024.pdf,63,[63],[63],"Streamlined energy carbon reporting Methodology The Group follows the principles of the Greenhouse Gas (GHG) Protocol Corporate Accounting and Reporting Standard to calculate Scope 1, 2 and 3 emissions from our worldwide operations. Energy consumption is calculated according to guidance set out by the Department for Energy Security and Net Zero. The reporting period is 1 October 2023 to 30 September 2024. Emissions are reported based on the operational control approach. Reported Scope 1 emissions are from activities","PDF full-document exact-series scan: the report page names a controlled GHG Protocol/PCAF fine standard in an accounting, reporting, methodology, or assurance context; this does not promote emissions values.",PDF 全文精确系列扫描：报告页在核算、报告、方法或鉴证语境中命名受控 GHG Protocol/PCAF 细分标准；该记录不提升排放数值。
closed,already_accepted,yes,ghg_corporate_standard,,r357_magnainternational,MAGNA INTERNATIONAL,麦格纳国际,357,ghg_corporate_standard,GHG Protocol Corporate Accounting and Reporting Standard,GHG Protocol 企业核算与报告标准,pdf_explicit_series_citation,101227_magna_sustainabilityreport_fy2024_final_cda.pdf,99,[99],[99],"ng whether we are becoming more effcient by normalizing emissions on a per dollar of sales, per employee and per square footage basis. The raw data for Scope 1 & 2 emissions, together with intensity metrics are set out below. Magna adheres to the GHG Protocol Corporate Accounting and Reporting Standard (“GHG Protocol”) for its Scope 1 and 2 reporting. Magna adheres to the GHG Protocol Corporate Value Chain (Scope 3) Standard and guidance from the SBTi for its Scope 3 reporting. We use commonly accepted emission factors such as those available from the GHG Protocol, International Energy Association (IEA), United …","PDF full-document exact-series scan: the report page names a controlled GHG Protocol/PCAF fine standard in an accounting, reporting, methodology, or assurance context; this does not promote emissions values.",PDF 全文精确系列扫描：报告页在核算、报告、方法或鉴证语境中命名受控 GHG Protocol/PCAF 细分标准；该记录不提升排放数值。
closed,already_accepted,yes,ghg_corporate_standard,ghg_corporate_standard,r357_magnainternational,MAGNA INTERNATIONAL,麦格纳国际,357,ghg_scope3_standard,GHG Protocol Corporate Value Chain (Scope 3) Accounting and Reporting Standard,GHG Protocol 企业价值链（Scope 3）核算与报告标准,pdf_explicit_series_citation,101227_magna_sustainabilityreport_fy2024_final_cda.pdf,99,[99],[99],"basis. The raw data for Scope 1 & 2 emissions, together with intensity metrics are set out below. Magna adheres to the GHG Protocol Corporate Accounting and Reporting Standard (“GHG Protocol”) for its Scope 1 and 2 reporting. Magna adheres to the GHG Protocol Corporate Value Chain (Scope 3) Standard and guidance from the SBTi for its Scope 3 reporting. We use commonly accepted emission factors such as those available from the GHG Protocol, International Energy Association (IEA), United States EPA, including its eGrid database, United Kingdom Department for Energy Security and net-zero, ecoinvent and CEDA (Compre…","PDF full-document exact-series scan: the report page names a controlled GHG Protocol/PCAF fine standard in an accounting, reporting, methodology, or assurance context; this does not promote emissions values.",PDF 全文精确系列扫描：报告页在核算、报告、方法或鉴证语境中命名受控 GHG Protocol/PCAF 细分标准；该记录不提升排放数值。
closed,already_accepted,yes,ghg_scope2_guidance|ghg_scope3_standard,ghg_scope2_guidance|ghg_scope3_standard,r358_omvgroup,OMV GROUP,奥地利石油天然气集团,358,ghg_corporate_standard,GHG Protocol Corporate Accounting and Reporting Standard,GHG Protocol 企业核算与报告标准,pdf_explicit_series_citation,entire-omv-ar24.pdf,196,"[195, 196, 197]","[213, 216]","V’s upstream or downstream value chain, the respective Scope 3 emissions are included in the appropriate category. OMV calculates its corporate carbon footprint (Scope 1, 2, and 3 emissions) following the principles, requirements, and guidance provided by the GHG Protocol Corporate Standard (version 2004), the GHG Protocol Scope 2 Guidance (version 2015), and the GHG Protocol Corporate Value Chain (Scope 3) Accounting and Reporting Standard (Version 2011).  Scope 1: This refers to direct emissions from sources that are owned or controlled by OMV. OMV uses emission factors from various sources, such as the IPCC …",PDF page backfill: mapped from the cited GHG Protocol evidence page plus adjacent page text; not promoted to direct-use emissions value.,PDF 页级回查：基于已引用的 GHG Protocol 证据页及相邻页文本映射；不提升为直接采信排放值。
closed,already_accepted,yes,ghg_scope2_guidance|ghg_scope3_standard,ghg_scope2_guidance|ghg_scope3_standard,r358_omvgroup,OMV GROUP,奥地利石油天然气集团,358,ghg_corporate_standard,GHG Protocol Corporate Accounting and Reporting Standard,GHG Protocol 企业核算与报告标准,pdf_explicit_series_citation,entire-omv-ar24.pdf,213,[213],[213],"V’s upstream or downstream value chain, the respective Scope 3 emissions are included in the appropriate category. OMV calculates its corporate carbon footprint (Scope 1, 2, and 3 emissions) following the principles, requirements, and guidance provided by the GHG Protocol Corporate Standard (version 2004), the GHG Protocol Scope 2 Guidance (version 2015), and the GHG Protocol Corporate Value Chain (Scope 3) Accounting and Reporting Standard (Version 2011).  Scope 1: This refers to direct emissions from sources that are owned or controlled by OMV. OMV uses emission factors from various sources, such as the IPCC …","PDF full-document exact-series scan: the report page names a controlled GHG Protocol/PCAF fine standard in an accounting, reporting, methodology, or assurance context; this does not promote emissions values.",PDF 全文精确系列扫描：报告页在核算、报告、方法或鉴证语境中命名受控 GHG Protocol/PCAF 细分标准；该记录不提升排放数值。
closed,already_accepted,yes,ghg_scope2_guidance|ghg_scope3_standard,ghg_scope3_standard,r358_omvgroup,OMV GROUP,奥地利石油天然气集团,358,ghg_scope2_guidance,GHG Protocol Scope 2 Guidance,GHG Protocol Scope 2 指南,pdf_explicit_series_citation,entire-omv-ar24.pdf,196,"[195, 196, 197]","[213, 216]","issions are included in the appropriate category. OMV calculates its corporate carbon footprint (Scope 1, 2, and 3 emissions) following the principles, requirements, and guidance provided by the GHG Protocol Corporate Standard (version 2004), the GHG Protocol Scope 2 Guidance (version 2015), and the GHG Protocol Corporate Value Chain (Scope 3) Accounting and Reporting Standard (Version 2011).  Scope 1: This refers to direct emissions from sources that are owned or controlled by OMV. OMV uses emission factors from various sources, such as the IPCC and API GHG Compendium. OMV includes the greenhouse gases CO₂, CH…",PDF page backfill: mapped from the cited GHG Protocol evidence page plus adjacent page text; not promoted to direct-use emissions value.,PDF 页级回查：基于已引用的 GHG Protocol 证据页及相邻页文本映射；不提升为直接采信排放值。
closed,already_accepted,yes,ghg_scope2_guidance|ghg_scope3_standard,ghg_scope3_standard,r358_omvgroup,OMV GROUP,奥地利石油天然气集团,358,ghg_scope2_guidance,GHG Protocol Scope 2 Guidance,GHG Protocol Scope 2 指南,pdf_explicit_series_citation,entire-omv-ar24.pdf,213,[213],[213],"issions are included in the appropriate category. OMV calculates its corporate carbon footprint (Scope 1, 2, and 3 emissions) following the principles, requirements, and guidance provided by the GHG Protocol Corporate Standard (version 2004), the GHG Protocol Scope 2 Guidance (version 2015), and the GHG Protocol Corporate Value Chain (Scope 3) Accounting and Reporting Standard (Version 2011).  Scope 1: This refers to direct emissions from sources that are owned or controlled by OMV. OMV uses emission factors from various sources, such as the IPCC and API GHG Compendium. OMV includes the greenhouse gases CO₂, CH…","PDF full-document exact-series scan: the report page names a controlled GHG Protocol/PCAF fine standard in an accounting, reporting, methodology, or assurance context; this does not promote emissions values.",PDF 全文精确系列扫描：报告页在核算、报告、方法或鉴证语境中命名受控 GHG Protocol/PCAF 细分标准；该记录不提升排放数值。
closed,already_accepted,yes,ghg_scope2_guidance|ghg_scope3_standard,ghg_scope2_guidance,r358_omvgroup,OMV GROUP,奥地利石油天然气集团,358,ghg_scope3_standard,GHG Protocol Corporate Value Chain (Scope 3) Accounting and Reporting Standard,GHG Protocol 企业价值链（Scope 3）核算与报告标准,pdf_explicit_series_citation,entire-omv-ar24.pdf,196,"[195, 196, 197]","[213, 216]","calculates its corporate carbon footprint (Scope 1, 2, and 3 emissions) following the principles, requirements, and guidance provided by the GHG Protocol Corporate Standard (version 2004), the GHG Protocol Scope 2 Guidance (version 2015), and the GHG Protocol Corporate Value Chain (Scope 3) Accounting and Reporting Standard (Version 2011).  Scope 1: This refers to direct emissions from sources that are owned or controlled by OMV. OMV uses emission factors from various sources, such as the IPCC and API GHG Compendium. OMV includes the greenhouse gases CO₂, CH₄, and N₂O in its Scope 1 calculations. Since 2024, OM…",PDF page backfill: mapped from the cited GHG Protocol evidence page plus adjacent page text; not promoted to direct-use emissions value.,PDF 页级回查：基于已引用的 GHG Protocol 证据页及相邻页文本映射；不提升为直接采信排放值。
closed,already_accepted,yes,ghg_scope2_guidance|ghg_scope3_standard,ghg_scope2_guidance,r358_omvgroup,OMV GROUP,奥地利石油天然气集团,358,ghg_scope3_standard,GHG Protocol Corporate Value Chain (Scope 3) Accounting and Reporting Standard,GHG Protocol 企业价值链（Scope 3）核算与报告标准,pdf_explicit_series_citation,entire-omv-ar24.pdf,213,[213],[213],"calculates its corporate carbon footprint (Scope 1, 2, and 3 emissions) following the principles, requirements, and guidance provided by the GHG Protocol Corporate Standard (version 2004), the GHG Protocol Scope 2 Guidance (version 2015), and the GHG Protocol Corporate Value Chain (Scope 3) Accounting and Reporting Standard (Version 2011).  Scope 1: This refers to direct emissions from sources that are owned or controlled by OMV. OMV uses emission factors from various sources, such as the IPCC and API GHG Compendium. OMV includes the greenhouse gases CO₂, CH₄, and N₂O in its Scope 1 calculations. Since 2024, OM…","PDF full-document exact-series scan: the report page names a controlled GHG Protocol/PCAF fine standard in an accounting, reporting, methodology, or assurance context; this does not promote emissions values.",PDF 全文精确系列扫描：报告页在核算、报告、方法或鉴证语境中命名受控 GHG Protocol/PCAF 细分标准；该记录不提升排放数值。
closed,already_accepted,yes,ghg_financial_industry_standard,,r359_massachusettsmutuallifeinsurance,MASSACHUSETTS MUTUAL LIFE INSURANCE,万通互惠理财公司,359,ghg_financial_industry_standard,Global GHG Accounting and Reporting Standard for the Financial Industry,金融行业全球温室气体核算与报告标准,pdf_explicit_series_citation,2024-MASSACHUSETTS MUTUAL LIFE INSURANCE-sustainabilityreport.pdf,16,[16],[16],"r 2019 baseline, are shown in the table on page 16. In addition to physical intensity metrics, we disclose absolute financed emissions for our commercial mortgage loans and our public corporate power and energy portfolios. Our calculation approach follows the Partnership for Carbon Accounting Financials (PCAF) financed emissions standard, to align with industry best practices. We use data from several sources to calculate absolute financed emissions and physical intensity target performance. We strive to use the highest- quality GHG data available in our calculations, as defined by PCAF guidance. For our commerc…","PDF full-document exact-series scan: the report page names a controlled GHG Protocol/PCAF fine standard in an accounting, reporting, methodology, or assurance context; this does not promote emissions values.",PDF 全文精确系列扫描：报告页在核算、报告、方法或鉴证语境中命名受控 GHG Protocol/PCAF 细分标准；该记录不提升排放数值。
closed,already_accepted,yes,ghg_corporate_standard|ghg_scope3_standard,ghg_scope3_standard,r365_travelers公司,Travelers,Travelers,365,ghg_corporate_standard,GHG Protocol Corporate Accounting and Reporting Standard,GHG Protocol 企业核算与报告标准,pdf_explicit_series_citation,Travelers_SustainabilityReport2024.pdf,77,[77],[77],"s data for the most recent three years, which has been verified by an independent third party. In addition, we include data for 2011 since it serves as the base year for the company’s initial GHG emissions reduction goal. We use The Greenhouse Gas Protocol: A Corporate Accounting and Reporting Standard to calculate our Scope 1 and 2 GHG emissions; we use The Greenhouse Gas Protocol Corporate Value Chain (Scope 3) Accounting and Reporting Standard to calculate our Scope 3 GHG emissions. 1 1 Refers to Scope 1 and Scope 2 GHG emissions from owned operations. Owned operations do not include real estate holdings for …","PDF full-document exact-series scan: the report page names a controlled GHG Protocol/PCAF fine standard in an accounting, reporting, methodology, or assurance context; this does not promote emissions values.",PDF 全文精确系列扫描：报告页在核算、报告、方法或鉴证语境中命名受控 GHG Protocol/PCAF 细分标准；该记录不提升排放数值。
closed,already_accepted,yes,ghg_corporate_standard|ghg_scope3_standard,ghg_corporate_standard,r365_travelers公司,Travelers,Travelers,365,ghg_scope3_standard,GHG Protocol Corporate Value Chain (Scope 3) Accounting and Reporting Standard,GHG Protocol 企业价值链（Scope 3）核算与报告标准,pdf_explicit_series_citation,Travelers_SustainabilityReport2024.pdf,77,[77],[77],or 2011 since it serves as the base year for the company’s initial GHG emissions reduction goal. We use The Greenhouse Gas Protocol: A Corporate Accounting and Reporting Standard to calculate our Scope 1 and 2 GHG emissions; we use The Greenhouse Gas Protocol Corporate Value Chain (Scope 3) Accounting and Reporting Standard to calculate our Scope 3 GHG emissions. 1 1 Refers to Scope 1 and Scope 2 GHG emissions from owned operations. Owned operations do not include real estate holdings for investment purposes.,"PDF full-document exact-series scan: the report page names a controlled GHG Protocol/PCAF fine standard in an accounting, reporting, methodology, or assurance context; this does not promote emissions values.",PDF 全文精确系列扫描：报告页在核算、报告、方法或鉴证语境中命名受控 GHG Protocol/PCAF 细分标准；该记录不提升排放数值。
closed,already_accepted,yes,ghg_corporate_standard|ghg_scope2_guidance,ghg_scope2_guidance,r366_warnerbrosdiscovery,WARNER BROS. DISCOVERY,华纳兄弟探索公司,366,ghg_corporate_standard,GHG Protocol Corporate Accounting and Reporting Standard,GHG Protocol 企业核算与报告标准,pdf_explicit_series_citation,WARNER BROS. DISCOVERY_2024_impact_report.pdf,25,[25],[25],", and 3 Emissions (Market-Based) 1,362,921 2. The Scope 1 greenhouse gas (GHG) emissions inventory has been prepared using the guidance set forth in the World Resources Institute (WRI)/World Business Council for Sustainable Development (WBCSD) GHG Protocol: A Corporate Accounting and Reporting Standard, Revised Edition. Scope 1 represents direct GHG emissions that occur from sources that are owned or controlled by WBD. 3. The Scope 2 GHG emissions inventory has been prepared using the guidance set forth in the WRI/WBCSD GHG Protocol Scope 2 Guidance: An amendment to the GHG Protocol Corporate Accounting and Repo…","PDF full-document exact-series scan: the report page names a controlled GHG Protocol/PCAF fine standard in an accounting, reporting, methodology, or assurance context; this does not promote emissions values.",PDF 全文精确系列扫描：报告页在核算、报告、方法或鉴证语境中命名受控 GHG Protocol/PCAF 细分标准；该记录不提升排放数值。
closed,already_accepted,yes,ghg_corporate_standard|ghg_scope2_guidance,ghg_corporate_standard,r366_warnerbrosdiscovery,WARNER BROS. DISCOVERY,华纳兄弟探索公司,366,ghg_scope2_guidance,GHG Protocol Scope 2 Guidance,GHG Protocol Scope 2 指南,pdf_explicit_series_citation,WARNER BROS. DISCOVERY_2024_impact_report.pdf,25,[25],[25],"g and Reporting Standard, Revised Edition. Scope 1 represents direct GHG emissions that occur from sources that are owned or controlled by WBD. 3. The Scope 2 GHG emissions inventory has been prepared using the guidance set forth in the WRI/WBCSD GHG Protocol Scope 2 Guidance: An amendment to the GHG Protocol Corporate Accounting and Reporting Standard. Scope 2 accounts for GHG emissions from the generation of purchased electricity, steam, heating, and cooling consumed by WBD. 4. For market-based method (MBM) calculations, where contractual instruments and residual mix factors are not available, a grid average e…","PDF full-document exact-series scan: the report page names a controlled GHG Protocol/PCAF fine standard in an accounting, reporting, methodology, or assurance context; this does not promote emissions values.",PDF 全文精确系列扫描：报告页在核算、报告、方法或鉴证语境中命名受控 GHG Protocol/PCAF 细分标准；该记录不提升排放数值。
closed,already_accepted,yes,ghg_corporate_standard,,r367_canadianimperialbankofcommerce,CANADIAN IMPERIAL BANK OF COMMERCE,加拿大帝国商业银行,367,ghg_corporate_standard,GHG Protocol Corporate Accounting and Reporting Standard,GHG Protocol 企业核算与报告标准,pdf_explicit_series_citation,CANADIAN IMPERIAL BANK OF COMMERCE-sustainability-report-2024-en.pdf,100,"[99, 100, 101]",,"tlined in CIBC’s Net-Zero Approach. (3) All Scope 1 and 2 emissions are calculated and disclosed using the following reporting standard: World Resources Institute (WRI)/World Business Council for Sustainable Development (WBCSD), The Greenhouse Gas Protocol: A Corporate Accounting and Reporting Standard (Revised Edition) March 2004. (4) 2024 purchased carbon removals relate to reforestation projects that adhere to the AB32 Compliance; Climate Action Reserve voluntary market standard.",PDF page backfill: mapped from the cited GHG Protocol evidence page plus adjacent page text; not promoted to direct-use emissions value.,PDF 页级回查：基于已引用的 GHG Protocol 证据页及相邻页文本映射；不提升为直接采信排放值。
closed,already_accepted,yes,ghg_corporate_standard,,r367_canadianimperialbankofcommerce,CANADIAN IMPERIAL BANK OF COMMERCE,加拿大帝国商业银行,367,ghg_corporate_standard,GHG Protocol Corporate Accounting and Reporting Standard,GHG Protocol 企业核算与报告标准,pdf_explicit_series_citation,CANADIAN IMPERIAL BANK OF COMMERCE-sustainability-report-2024-en.pdf,101,[101],[101],"tlined in CIBC’s Net-Zero Approach. (3) All Scope 1 and 2 emissions are calculated and disclosed using the following reporting standard: World Resources Institute (WRI)/World Business Council for Sustainable Development (WBCSD), The Greenhouse Gas Protocol: A Corporate Accounting and Reporting Standard (Revised Edition) March 2004. (4) 2024 purchased carbon removals relate to reforestation projects that adhere to the AB32 Compliance; Climate Action Reserve voluntary market standard.","PDF full-document exact-series scan: the report page names a controlled GHG Protocol/PCAF fine standard in an accounting, reporting, methodology, or assurance context; this does not promote emissions values.",PDF 全文精确系列扫描：报告页在核算、报告、方法或鉴证语境中命名受控 GHG Protocol/PCAF 细分标准；该记录不提升排放数值。
closed,already_accepted,yes,ghg_corporate_standard,,r367_canadianimperialbankofcommerce,CANADIAN IMPERIAL BANK OF COMMERCE,加拿大帝国商业银行,367,ghg_corporate_standard,GHG Protocol Corporate Accounting and Reporting Standard,GHG Protocol 企业核算与报告标准,pdf_explicit_series_citation,CANADIAN IMPERIAL BANK OF COMMERCE-sustainability-report-2024-en.pdf,102,[102],[102],"vals (nature-based) tCO e 2 21,041 N/A N/A N/A N/A Net balanced emissions (RECs and carbon removals) % 100% 51% 45% 26% 15% The methodology that CIBC uses for collecting data and calculating operational GHG emissions is based on the Greenhouse Gas Protocol: A Corporate Accounting and Reporting Standard (Revised Edition). Reported Canada and US operational GHG emissions (Scope 1 and 2) data for 2020 to 2024 cover 95% of our global occupied fIoor space (CIBC Caribbean and international locations cover the remaining fIoor space), and pertains to all leased and owned real estate facilities. The reporting period for …","PDF full-document exact-series scan: the report page names a controlled GHG Protocol/PCAF fine standard in an accounting, reporting, methodology, or assurance context; this does not promote emissions values.",PDF 全文精确系列扫描：报告页在核算、报告、方法或鉴证语境中命名受控 GHG Protocol/PCAF 细分标准；该记录不提升排放数值。
closed,already_accepted,yes,ghg_financial_industry_standard,,r367_canadianimperialbankofcommerce,CANADIAN IMPERIAL BANK OF COMMERCE,加拿大帝国商业银行,367,ghg_financial_industry_standard,Global GHG Accounting and Reporting Standard for the Financial Industry,金融行业全球温室气体核算与报告标准,pdf_explicit_series_citation,CANADIAN IMPERIAL BANK OF COMMERCE-sustainability-report-2024-en.pdf,129,[129],[129],"ples Members and Reporting website. Financed Emissions Absolute gross financed emissions, disaggregated by (1) Scope 1, (2) Scope 2 and (3) Scope 3 FN-CB-410b.1 2024 Climate Report CIBC 2024 ESG Data Tables CIBC discloses absolute financed emissions using the Partnership for Carbon Accounting Financials (PCAF) Global GHG Accounting and Reporting Standard (Second Edition). We calculate the absolute financed emissions for our clients based on the relevant PCAF asset classes. Our disclosure of clients’ emissions combines Scope 1 and 2 emissions based on portfolio sector. Where relevant, client Scope 3 emissions are…","PDF full-document exact-series scan: the report page names a controlled GHG Protocol/PCAF fine standard in an accounting, reporting, methodology, or assurance context; this does not promote emissions values.",PDF 全文精确系列扫描：报告页在核算、报告、方法或鉴证语境中命名受控 GHG Protocol/PCAF 细分标准；该记录不提升排放数值。
closed,already_accepted,yes,ghg_financial_industry_standard,,r367_canadianimperialbankofcommerce,CANADIAN IMPERIAL BANK OF COMMERCE,加拿大帝国商业银行,367,ghg_financial_industry_standard,Global GHG Accounting and Reporting Standard for the Financial Industry,金融行业全球温室气体核算与报告标准,pdf_explicit_series_citation,CANADIAN IMPERIAL BANK OF COMMERCE-sustainability-report-2024-en.pdf,130,[130],[130],"e 2024 Disclosure Financed Emissions (continued) 128 6.5 SASB index Gross exposure for each industry by asset class FN-CB-410b.2 2024 Climate Report CIBC 2024 ESG Data Tables CIBC utilizes outstanding loan amounts in determining financed emissions, as per the PCAF methodology. These drawn exposures for in-scope lending are disclosed alongside the associated financed emissions per sector in our 2024 Climate Report. Our Net-Zero Approach provides details on our internally developed methodology to calculate 2030 financed emissions reduction targets, which includes the use of committed instead of outstanding lending…","PDF full-document exact-series scan: the report page names a controlled GHG Protocol/PCAF fine standard in an accounting, reporting, methodology, or assurance context; this does not promote emissions values.",PDF 全文精确系列扫描：报告页在核算、报告、方法或鉴证语境中命名受控 GHG Protocol/PCAF 细分标准；该记录不提升排放数值。
closed,already_accepted,yes,ghg_scope3_standard,,r367_canadianimperialbankofcommerce,CANADIAN IMPERIAL BANK OF COMMERCE,加拿大帝国商业银行,367,ghg_scope3_standard,GHG Protocol Corporate Value Chain (Scope 3) Accounting and Reporting Standard,GHG Protocol 企业价值链（Scope 3）核算与报告标准,pdf_explicit_series_citation,CANADIAN IMPERIAL BANK OF COMMERCE-sustainability-report-2024-en.pdf,100,[100],[100],"n removals relate to reforestation projects that adhere to the AB32 Compliance; Climate Action Reserve voluntary market standard. (2) All Scope 3 emissions are calculated and disclosed using the following reporting standard: WRI/WBCSD, Greenhouse Gas Protocol Corporate Value Chain (Scope 3) Accounting and Reporting Standard, 2011.","PDF full-document exact-series scan: the report page names a controlled GHG Protocol/PCAF fine standard in an accounting, reporting, methodology, or assurance context; this does not promote emissions values.",PDF 全文精确系列扫描：报告页在核算、报告、方法或鉴证语境中命名受控 GHG Protocol/PCAF 细分标准；该记录不提升排放数值。
closed,already_accepted,yes,,,r367_canadianimperialbankofcommerce,CANADIAN IMPERIAL BANK OF COMMERCE,加拿大帝国商业银行,367,ghg_scope3_standard,GHG Protocol Corporate Value Chain (Scope 3) Accounting and Reporting Standard,GHG Protocol 企业价值链（Scope 3）核算与报告标准,pdf_explicit_series_citation,CANADIAN IMPERIAL BANK OF COMMERCE-sustainability-report-2024-en.pdf,101,[101],[101],"ion plans. Our end-use oil and gas financed and facilitated emissions reduction performance in 2023 The end-use emissions intensity of our oil and gas portfolio decreased 0.7% between 2020 and 2023. The slight decrease underscores the complexity of addressing Scope 3 emissions in the oil and gas sector. Technological, geopolitical, and macroeconomic factors all play a role in influencing emissions outcomes. CIBC recognizes that achieving significant emissions reductions will require collaborative efforts among various stakeholders. Additionally, we continue to engage with our clients and data providers to refine…","PDF full-document exact-series scan: the report page names a controlled GHG Protocol/PCAF fine standard in an accounting, reporting, methodology, or assurance context; this does not promote emissions values.",PDF 全文精确系列扫描：报告页在核算、报告、方法或鉴证语境中命名受控 GHG Protocol/PCAF 细分标准；该记录不提升排放数值。
closed,already_accepted,yes,,,r367_canadianimperialbankofcommerce,CANADIAN IMPERIAL BANK OF COMMERCE,加拿大帝国商业银行,367,ghg_scope3_standard,GHG Protocol Corporate Value Chain (Scope 3) Accounting and Reporting Standard,GHG Protocol 企业价值链（Scope 3）核算与报告标准,pdf_explicit_series_citation,CANADIAN IMPERIAL BANK OF COMMERCE-sustainability-report-2024-en.pdf,102,[102],[102],"nit 2024 2023 2022 2021 2020 Scope 1 emissions(1) tCO e 2 19,410✓ 21,321✓ 22,157✓ 21,017✓ 22,252 Scope 2 emissions (location-based)(2) tCO e 2 24,344✓ 25,713✓ 27,608✓ 30,254✓ 34,848 Total Scope 1 + 2 (location-based) tCO e 2 43,754 47,034 49,765 51,271 57,099 Scope 3 emissions Internal paper use(3) tCO e 2 4,717✓ 8,664✓ 4,990✓ 5,806✓ 6,713✓ Business travel(4) tCO e 2 6,253✓ 6,039✓ 4,580✓ 1,203✓ 3,901✓ Sub-leases tCO e 2 8,999✓ 9,294✓ 8,196✓ 3,223✓ 4,581 Total tCO e 2 19,969✓ 23,997✓ 17,766✓ 10,232✓ 15,195 Total operational GHG emissions (Scope 1, 2 and 3) tCO e 2 63,723 71,031 67,531 61,503 72,294 Scope 1 + 2 em…","PDF full-document exact-series scan: the report page names a controlled GHG Protocol/PCAF fine standard in an accounting, reporting, methodology, or assurance context; this does not promote emissions values.",PDF 全文精确系列扫描：报告页在核算、报告、方法或鉴证语境中命名受控 GHG Protocol/PCAF 细分标准；该记录不提升排放数值。
closed,already_accepted,yes,ghg_scope3_calculation_guidance,,r368_lyondellbasellindustries,LYONDELLBASELL INDUSTRIES,利安德巴塞尔工业公司,368,ghg_scope3_calculation_guidance,GHG Protocol Scope 3 Calculation Guidance,GHG Protocol Scope 3 计算指南,pdf_explicit_series_citation,2024-LYONDELLBASELL INDUSTRIES-sustainability-report.pdf,3,"[2, 3, 4]","[126, 127]","nufacturing processes and non-production activities (including, but not limited to, crude oil, naphtha, natural gas, ethane, butane, isobutane, propylene, or ethylene). • Emissions were calculated using the average-data method from The Greenhouse Gas Protocol Technical Guidance for Calculating Scope 3 Emissions. • Feedstock and raw material volumes purchased or acquired were collected from purchase orders recorded in the LyondellBasell Enterprise Resource Planning (ERP) system. • Emission factors applied to feedstocks and raw materials were based on the region where the feedstock or raw material was purchased or…",PDF page backfill: mapped from the cited GHG Protocol evidence page plus adjacent page text; not promoted to direct-use emissions value.,PDF 页级回查：基于已引用的 GHG Protocol 证据页及相邻页文本映射；不提升为直接采信排放值。
closed,already_accepted,yes,ghg_scope3_calculation_guidance,,r368_lyondellbasellindustries,LYONDELLBASELL INDUSTRIES,利安德巴塞尔工业公司,368,ghg_scope3_calculation_guidance,GHG Protocol Scope 3 Calculation Guidance,GHG Protocol Scope 3 计算指南,pdf_explicit_series_citation,2024-LYONDELLBASELL INDUSTRIES-sustainability-report.pdf,127,[127],[127],"nufacturing processes and non-production activities (including, but not limited to, crude oil, naphtha, natural gas, ethane, butane, isobutane, propylene, or ethylene). • Emissions were calculated using the average-data method from The Greenhouse Gas Protocol Technical Guidance for Calculating Scope 3 Emissions. • Feedstock and raw material volumes purchased or acquired were collected from purchase orders recorded in the LyondellBasell Enterprise Resource Planning (ERP) system. • Emission factors applied to feedstocks and raw materials were based on the region where the feedstock or raw material was purchased or…","PDF full-document exact-series scan: the report page names a controlled GHG Protocol/PCAF fine standard in an accounting, reporting, methodology, or assurance context; this does not promote emissions values.",PDF 全文精确系列扫描：报告页在核算、报告、方法或鉴证语境中命名受控 GHG Protocol/PCAF 细分标准；该记录不提升排放数值。
closed,already_accepted,yes,ghg_scope3_standard,,r376_abbottlaboratories,ABBOTT LABORATORIES,雅培公司,376,ghg_scope3_standard,GHG Protocol Corporate Value Chain (Scope 3) Accounting and Reporting Standard,GHG Protocol 企业价值链（Scope 3）核算与报告标准,pdf_explicit_series_citation,Abbott-2024-Global-Sustainability-Report-June-2025.pdf,30,[30],[30],"Business and manufacturing site-specific carbon reduction goals7 Actions to achieve our targets are driven by our energy policy, practices, and strategic plan. For more information, see Page 71. Scope 3 emissions are estimated annually using the GHG Protocol Corporate Value Chain (Scope 3) Accounting and Reporting Standard, referring to the categories4 applicable to Abbott. We are working with key carbon-intensive suppliers to reduce our Scope 3 footprint. See Page 41, for more information on Scope 3 emissions. Sustainability Fund for Energy Efficiency Projects In 2024, 20 energy efficiency projects received fun…","PDF full-document exact-series scan: the report page names a controlled GHG Protocol/PCAF fine standard in an accounting, reporting, methodology, or assurance context; this does not promote emissions values.",PDF 全文精确系列扫描：报告页在核算、报告、方法或鉴证语境中命名受控 GHG Protocol/PCAF 细分标准；该记录不提升排放数值。
closed,already_accepted,yes,ghg_scope3_standard,,r376_abbottlaboratories,ABBOTT LABORATORIES,雅培公司,376,ghg_scope3_standard,GHG Protocol Corporate Value Chain (Scope 3) Accounting and Reporting Standard,GHG Protocol 企业价值链（Scope 3）核算与报告标准,pdf_explicit_series_citation,Abbott-2024-Global-Sustainability-Report-June-2025.pdf,47,[47],[47],re reused beneficially. 3. This percentage represents internal hires for nonentry-level positions. Entry-level positions are excluded from this calculation due to the nature of the job requirements. 4. Abbott estimates Scope 3 emissions using the GHG Protocol Corporate Value Chain (Scope 3) Accounting and Reporting Standard. Transportation and Distribution includes Upstream and Downstream activities. Scope 3 estimations may be adjusted annually to account for data availability and methodology enhancements. Sourcing category spend allocations are subject to change year over year in alignment with business strateg…,"PDF full-document exact-series scan: the report page names a controlled GHG Protocol/PCAF fine standard in an accounting, reporting, methodology, or assurance context; this does not promote emissions values.",PDF 全文精确系列扫描：报告页在核算、报告、方法或鉴证语境中命名受控 GHG Protocol/PCAF 细分标准；该记录不提升排放数值。
closed,already_accepted,yes,ghg_scope3_standard,,r376_abbottlaboratories,ABBOTT LABORATORIES,雅培公司,376,ghg_scope3_standard,GHG Protocol Corporate Value Chain (Scope 3) Accounting and Reporting Standard,GHG Protocol 企业价值链（Scope 3）核算与报告标准,pdf_explicit_series_citation,Abbott-2024-Global-Sustainability-Report-June-2025.pdf,65,[65],[65],"ption GHG emissions, such as refrigerant releases and process air emissions, are omitted. The total CO2 equivalents from non- energy sources are noted in the Total Emissions (Scope 1 and 2) table. (v) Abbott estimates Scope 3 emissions using the GHG Protocol Corporate Value Chain (Scope 3) Accounting and Reporting Standard. Transportation and Distribution includes Upstream and Downstream activities. Scope 3 estimations may be adjusted annually to account for data availability and methodology enhancements. Sourcing category spend allocations are subject to change year over year in alignment with business strateg…","PDF full-document exact-series scan: the report page names a controlled GHG Protocol/PCAF fine standard in an accounting, reporting, methodology, or assurance context; this does not promote emissions values.",PDF 全文精确系列扫描：报告页在核算、报告、方法或鉴证语境中命名受控 GHG Protocol/PCAF 细分标准；该记录不提升排放数值。
closed,already_accepted,yes,,,r387_schneiderelectric,SCHNEIDER ELECTRIC,施耐德电气,387,ghg_corporate_standard,GHG Protocol Corporate Accounting and Reporting Standard,GHG Protocol 企业核算与报告标准,pdf_explicit_series_citation,2024-SCHNEIDER ELECTRIC-sustainability-report_tcm564-513141.pdf,14,"[13, 14, 15]","[32, 42, 142]","entify potential future sources of emissions. Thanks to this understanding of its emission sources, the Group systematically calculates, discloses and manages its end-to-end carbon footprint, across Scopes 1, 2, and 3, in alignment with the Standards from the Greenhouse Gas Protocol: The Corporate Accounting Standard and the Corporate Value Chain (Scope 3) Standard. Independent third-party verification ensures the accuracy of GHG emissions data. Schneider Electric has integrated climate-related scenario analysis into its risk management framework. This process is designed to inform the identification and assessm…",PDF page backfill: mapped from the cited GHG Protocol evidence page plus adjacent page text; not promoted to direct-use emissions value.,PDF 页级回查：基于已引用的 GHG Protocol 证据页及相邻页文本映射；不提升为直接采信排放值。
closed,already_accepted,yes,,,r387_schneiderelectric,SCHNEIDER ELECTRIC,施耐德电气,387,ghg_corporate_standard,GHG Protocol Corporate Accounting and Reporting Standard,GHG Protocol 企业核算与报告标准,pdf_explicit_series_citation,2024-SCHNEIDER ELECTRIC-sustainability-report_tcm564-513141.pdf,32,[32],[32],"entify potential future sources of emissions. Thanks to this understanding of its emission sources, the Group systematically calculates, discloses and manages its end-to-end carbon footprint, across Scopes 1, 2, and 3, in alignment with the Standards from the Greenhouse Gas Protocol: The Corporate Accounting Standard and the Corporate Value Chain (Scope 3) Standard. Independent third-party verification ensures the accuracy of GHG emissions data. Schneider Electric has integrated climate-related scenario analysis into its risk management framework. This process is designed to inform the identification and assessm…","PDF full-document exact-series scan: the report page names a controlled GHG Protocol/PCAF fine standard in an accounting, reporting, methodology, or assurance context; this does not promote emissions values.",PDF 全文精确系列扫描：报告页在核算、报告、方法或鉴证语境中命名受控 GHG Protocol/PCAF 细分标准；该记录不提升排放数值。
closed,already_accepted,yes,ghg_scope2_guidance,,r387_schneiderelectric,SCHNEIDER ELECTRIC,施耐德电气,387,ghg_scope2_guidance,GHG Protocol Scope 2 Guidance,GHG Protocol Scope 2 指南,pdf_explicit_series_citation,2024-SCHNEIDER ELECTRIC-sustainability-report_tcm564-513141.pdf,14,"[13, 14, 15]","[32, 42, 142]","024, resulting in 100% site coverage. In prior years, major non-integrated entites were excluded from Group results in this table (2) Scope 2 emissions are quantified with the market-based methodology and the location-based methodology, following GHG Protocol scope 2 guidance, and the results from both approaches are disclosed. Values calculated with market-based and location-based methodologies should not be added. Market-based electricity emissions are calculated using subnational factors for the US and Canada, residual electricity emissions factors for European countries, and average country emission factors …",PDF page backfill: mapped from the cited GHG Protocol evidence page plus adjacent page text; not promoted to direct-use emissions value.,PDF 页级回查：基于已引用的 GHG Protocol 证据页及相邻页文本映射；不提升为直接采信排放值。
closed,already_accepted,yes,ghg_scope2_guidance,,r387_schneiderelectric,SCHNEIDER ELECTRIC,施耐德电气,387,ghg_scope2_guidance,GHG Protocol Scope 2 Guidance,GHG Protocol Scope 2 指南,pdf_explicit_series_citation,2024-SCHNEIDER ELECTRIC-sustainability-report_tcm564-513141.pdf,142,[142],[142],"024, resulting in 100% site coverage. In prior years, major non-integrated entites were excluded from Group results in this table (2) Scope 2 emissions are quantified with the market-based methodology and the location-based methodology, following GHG Protocol scope 2 guidance, and the results from both approaches are disclosed. Values calculated with market-based and location-based methodologies should not be added. Market-based electricity emissions are calculated using subnational factors for the US and Canada, residual electricity emissions factors for European countries, and average country emission factors …","PDF full-document exact-series scan: the report page names a controlled GHG Protocol/PCAF fine standard in an accounting, reporting, methodology, or assurance context; this does not promote emissions values.",PDF 全文精确系列扫描：报告页在核算、报告、方法或鉴证语境中命名受控 GHG Protocol/PCAF 细分标准；该记录不提升排放数值。
closed,already_accepted,yes,,,r387_schneiderelectric,SCHNEIDER ELECTRIC,施耐德电气,387,ghg_scope3_standard,GHG Protocol Corporate Value Chain (Scope 3) Accounting and Reporting Standard,GHG Protocol 企业价值链（Scope 3）核算与报告标准,pdf_explicit_series_citation,2024-SCHNEIDER ELECTRIC-sustainability-report_tcm564-513141.pdf,14,"[13, 14, 15]","[32, 42, 142]","tanding of its emission sources, the Group systematically calculates, discloses and manages its end-to-end carbon footprint, across Scopes 1, 2, and 3, in alignment with the Standards from the Greenhouse Gas Protocol: The Corporate Accounting Standard and the Corporate Value Chain (Scope 3) Standard. Independent third-party verification ensures the accuracy of GHG emissions data. Schneider Electric has integrated climate-related scenario analysis into its risk management framework. This process is designed to inform the identification and assessment of physical and transition risks and opportunities over the sho…",PDF page backfill: mapped from the cited GHG Protocol evidence page plus adjacent page text; not promoted to direct-use emissions value.,PDF 页级回查：基于已引用的 GHG Protocol 证据页及相邻页文本映射；不提升为直接采信排放值。
closed,already_accepted,yes,,,r387_schneiderelectric,SCHNEIDER ELECTRIC,施耐德电气,387,ghg_scope3_standard,GHG Protocol Corporate Value Chain (Scope 3) Accounting and Reporting Standard,GHG Protocol 企业价值链（Scope 3）核算与报告标准,pdf_explicit_series_citation,2024-SCHNEIDER ELECTRIC-sustainability-report_tcm564-513141.pdf,32,[32],[32],"tanding of its emission sources, the Group systematically calculates, discloses and manages its end-to-end carbon footprint, across Scopes 1, 2, and 3, in alignment with the Standards from the Greenhouse Gas Protocol: The Corporate Accounting Standard and the Corporate Value Chain (Scope 3) Standard. Independent third-party verification ensures the accuracy of GHG emissions data. Schneider Electric has integrated climate-related scenario analysis into its risk management framework. This process is designed to inform the identification and assessment of physical and transition risks and opportunities over the sho…","PDF full-document exact-series scan: the report page names a controlled GHG Protocol/PCAF fine standard in an accounting, reporting, methodology, or assurance context; this does not promote emissions values.",PDF 全文精确系列扫描：报告页在核算、报告、方法或鉴证语境中命名受控 GHG Protocol/PCAF 细分标准；该记录不提升排放数值。
closed,already_accepted,yes,ghg_corporate_standard,,r388_northwesternmutual,NORTHWESTERN MUTUAL,西北互助人寿保险公司,388,ghg_corporate_standard,GHG Protocol Corporate Accounting and Reporting Standard,GHG Protocol 企业核算与报告标准,pdf_explicit_series_citation,2024-NORTHWESTERN MUTUAL-sustainability-and-impact-report.pdf,45,"[44, 45, 46]",[61],"een roof rainwater runoff data is based on actual 2024 precipitation. 39 Corporate office space includes Milwaukee, Franklin and New York campuses, and hanger. 40 For more information regarding operational control, see chapter 3 of the Greenhouse Gas Protocol Corporate Accounting and Reporting Standard. 41 Benchmarking ordinance. 42 City of Milwaukee Climate & Equity Plan. 43 Waste data includes Milwaukee and Franklin campuses. Composting data includes Milwaukee, Franklin, and New York campuses. 44 2024 green roof rainwater runoff data is based on actual 2024 precipitation. Earning trust through governance & acc…",PDF page backfill: mapped from the cited GHG Protocol evidence page plus adjacent page text; not promoted to direct-use emissions value.,PDF 页级回查：基于已引用的 GHG Protocol 证据页及相邻页文本映射；不提升为直接采信排放值。
closed,already_accepted,yes,ghg_corporate_standard,,r388_northwesternmutual,NORTHWESTERN MUTUAL,西北互助人寿保险公司,388,ghg_corporate_standard,GHG Protocol Corporate Accounting and Reporting Standard,GHG Protocol 企业核算与报告标准,pdf_explicit_series_citation,2024-NORTHWESTERN MUTUAL-sustainability-and-impact-report.pdf,61,[61],[61],"een roof rainwater runoff data is based on actual 2024 precipitation. 39 Corporate office space includes Milwaukee, Franklin and New York campuses, and hanger. 40 For more information regarding operational control, see chapter 3 of the Greenhouse Gas Protocol Corporate Accounting and Reporting Standard. 41 Benchmarking ordinance. 42 City of Milwaukee Climate & Equity Plan. 43 Waste data includes Milwaukee and Franklin campuses. Composting data includes Milwaukee, Franklin, and New York campuses. 44 2024 green roof rainwater runoff data is based on actual 2024 precipitation. Earning trust through governance & acc…","PDF full-document exact-series scan: the report page names a controlled GHG Protocol/PCAF fine standard in an accounting, reporting, methodology, or assurance context; this does not promote emissions values.",PDF 全文精确系列扫描：报告页在核算、报告、方法或鉴证语境中命名受控 GHG Protocol/PCAF 细分标准；该记录不提升排放数值。
closed,already_accepted,yes,ghg_financial_industry_standard,,r396_standardchartered,STANDARD CHARTERED,渣打银行,396,ghg_financial_industry_standard,Global GHG Accounting and Reporting Standard for the Financial Industry,金融行业全球温室气体核算与报告标准,pdf_explicit_series_citation,2024 STANDARD CHARTERED sustainable-finance-impact-report.pdf,30,[30],[30],"the extent available, the reporting relies on real data reported from projects, companies, or other organisations. If such data is unavailable, we apply the GHG Accounting and Reporting Standard for the Financial Industry (“The Standard”) as developed by the Partnership for Carbon Accounting Financials (PCAF). The Standard sets out methodological guidance to measure and disclose GHG emissions across various asset classes ranging from commercial real estate, project finance to listed equities and corporate bonds. In line with The Standard, we used P50 estimates – the predicated annual production with a 50 per cen…","PDF full-document exact-series scan: the report page names a controlled GHG Protocol/PCAF fine standard in an accounting, reporting, methodology, or assurance context; this does not promote emissions values.",PDF 全文精确系列扫描：报告页在核算、报告、方法或鉴证语境中命名受控 GHG Protocol/PCAF 细分标准；该记录不提升排放数值。
closed,already_accepted,yes,ghg_corporate_standard,,r397_xiaomi,XIAOMI,小米集团,397,ghg_corporate_standard,GHG Protocol Corporate Accounting and Reporting Standard,GHG Protocol 企业核算与报告标准,pdf_explicit_series_citation,"Xiaomi 2023 Environmental, Social, and Governance Report.pdf",37,[37],[37],"to achieve carbon neutrality by 2040, we further updated our GHG reduction targets accordingly during the year. 28 GHG emissions: Refers to the Company’s GHG emissions (absolute value) calculated in accordance with standards such as Greenhouse Gas Protocol: Corporate Accounting and Reporting Standard, ISO 14064-1:2018—Specification with Guidance at the Organization Level for Quantification and Reporting of Greenhouse Gas Emissions and Removals. 29 Main operating segments: Smartphone, IoT and Lifestyle products, Internet Services, and others (same scope as the operating segments stated in the 2023 Annual Report…","PDF full-document exact-series scan: the report page names a controlled GHG Protocol/PCAF fine standard in an accounting, reporting, methodology, or assurance context; this does not promote emissions values.",PDF 全文精确系列扫描：报告页在核算、报告、方法或鉴证语境中命名受控 GHG Protocol/PCAF 细分标准；该记录不提升排放数值。
closed,already_accepted,yes,ghg_corporate_standard,,r397_xiaomi,XIAOMI,小米集团,397,ghg_corporate_standard,GHG Protocol Corporate Accounting and Reporting Standard,GHG Protocol 企业核算与报告标准,pdf_explicit_series_citation,"Xiaomi 2023 Environmental, Social, and Governance Report.pdf",85,[85],[85],"aunch of Xiaomi's automobile business line, including the direct and indirect energy consumption of the automotive factory of 14,638.78 MWh and 37,068.28 MWh, respectively. 75 The Group's calculation of GHG emissions was based on the Greenhouse Gas Protocol: Corporate Accounting and Reporting Standard, ISO 14064-1:2018—Specification with Guidance at the Organization Level for Quantification and Reporting of Greenhouse Gas Emissions and Removals, as well as other applicable national, local, and industry standards. This year, the increase in carbon emissions is mainly due to the launch of Xiaomi's automobile busi…","PDF full-document exact-series scan: the report page names a controlled GHG Protocol/PCAF fine standard in an accounting, reporting, methodology, or assurance context; this does not promote emissions values.",PDF 全文精确系列扫描：报告页在核算、报告、方法或鉴证语境中命名受控 GHG Protocol/PCAF 细分标准；该记录不提升排放数值。
closed,already_accepted,yes,ghg_corporate_standard,,r397_xiaomi,XIAOMI,小米集团,397,ghg_corporate_standard,GHG Protocol Corporate Accounting and Reporting Standard,GHG Protocol 企业核算与报告标准,pdf_explicit_series_citation,"Xiaomi 2023 Environmental, Social, and Governance Report.pdf",88,[88],[88],"ling volume of 38,000 tonnes (Mt) of e-waste, and using 5,000 tonnes (Mt) of recycled materials in our products. 79 GHG emissions: Refers to the Company’s GHG emissions (absolute value) calculated in accordance with standards such as Greenhouse Gas Protocol: Corporate Accounting and Reporting Standard, ISO 14064-1:2018—Specification with Guidance at the Organization Level for Quantification and Reporting of Greenhouse Gas Emissions and Removals. 80 Main operating segments: Smartphone, IoT and Lifestyle products, Internet Services, and others (same scope as the operating segments stated in the 2023 Annual Repor…","PDF full-document exact-series scan: the report page names a controlled GHG Protocol/PCAF fine standard in an accounting, reporting, methodology, or assurance context; this does not promote emissions values.",PDF 全文精确系列扫描：报告页在核算、报告、方法或鉴证语境中命名受控 GHG Protocol/PCAF 细分标准；该记录不提升排放数值。
closed,already_accepted,yes,,,r401_suncorenergy,SUNCOR ENERGY,森科能源公司,401,ghg_corporate_standard,GHG Protocol Corporate Accounting and Reporting Standard,GHG Protocol 企业核算与报告标准,pdf_explicit_series_citation,2023_SUNCOR ENERGY_sustainability_report.pdf,68,"[67, 68, 69]",,"(clays) or residual bitumen or other hydrocarbons. Greenhouse gas (GHG) The six gases listed in the Kyoto Protocol: carbon dioxide (CO2); methane (CH4); nitrous oxide (N2O); hydrofluorocarbons (HFCs); perfluorocarbons (PFCs); and sulphur hexafluoride (SF6). (GHG Protocol Corporate Standard, 2004) Terms Environment Appendix Social Our approach Governance Suncor Energy Inc. | Report on Sustainability 2023 | 69 Term Definition Hydrogen Hydrogen is used in Suncor’s upgrading and refining processes, but it can also be used as a fuel that does not emit CO2 upon combustion. In situ Refers to bitumen in oil sands “in it…",PDF page backfill: mapped from the cited GHG Protocol evidence page plus adjacent page text; not promoted to direct-use emissions value.,PDF 页级回查：基于已引用的 GHG Protocol 证据页及相邻页文本映射；不提升为直接采信排放值。
closed,already_accepted,yes,ghg_corporate_standard,,r401_suncorenergy,SUNCOR ENERGY,森科能源公司,401,ghg_corporate_standard,GHG Protocol Corporate Accounting and Reporting Standard,GHG Protocol 企业核算与报告标准,pdf_explicit_series_citation,2023_SUNCOR ENERGY_sustainability_report.pdf,83,[83],[83],"Gas Emissions Methodologies for the Natural Gas Industry, 2009 • US EPA Mandatory Reporting of Greenhouse Gases Rule • IPCC Fifth Assessment Report, 2014 • World Business Council for Sustainable Development/World Resources Institute Greenhouse Gas Protocol: A Corporate Accounting and Reporting Standard, 2004 • 2006 IPCC Guidelines for National Greenhouse Gas Inventories • Western Climate Initiative Design for the WCI Regional Program, July 2010 • Western Climate Initiative Final Essential Requirements of Mandatory Reporting: Amended for Canadian Harmonization, 2013 • Alberta Greenhouse Gas Quantification Methodo…","PDF full-document exact-series scan: the report page names a controlled GHG Protocol/PCAF fine standard in an accounting, reporting, methodology, or assurance context; this does not promote emissions values.",PDF 全文精确系列扫描：报告页在核算、报告、方法或鉴证语境中命名受控 GHG Protocol/PCAF 细分标准；该记录不提升排放数值。
closed,already_accepted,yes,ghg_corporate_standard|ghg_scope2_guidance,ghg_scope2_guidance,r401_suncorenergy,SUNCOR ENERGY,森科能源公司,401,ghg_corporate_standard,GHG Protocol Corporate Accounting and Reporting Standard,GHG Protocol 企业核算与报告标准,pdf_explicit_series_citation,2023_SUNCOR ENERGY_sustainability_report.pdf,91,[91],[91],liquid hydrocarbon production 123.31 million m3 of liquid hydrocarbon Internally developed criteria Total GHG (scope 1 & 2) emissions 34.96 million tonnes of CO2e The World Resources Institute/ World Business Council for Sustainable Development GHG Protocol A Corporate Accounting and Reporting Standard (‘GHG Protocol’) & GHG Protocol Scope 2 Guidance (Supplement to the GHG Protocol) Sum of liquid hydrocarbon production GHG (scope 1 & 2) intensity 0.28 tonnes of CO2e/m3 of liquid hydrocarbon GHG Protocol & Internally developed criteria Water Withdrawal 168.47 million m3 Internally developed criteria Water Withdra…,"PDF full-document exact-series scan: the report page names a controlled GHG Protocol/PCAF fine standard in an accounting, reporting, methodology, or assurance context; this does not promote emissions values.",PDF 全文精确系列扫描：报告页在核算、报告、方法或鉴证语境中命名受控 GHG Protocol/PCAF 细分标准；该记录不提升排放数值。
closed,already_accepted,yes,ghg_corporate_standard|ghg_scope2_guidance,ghg_corporate_standard,r401_suncorenergy,SUNCOR ENERGY,森科能源公司,401,ghg_scope2_guidance,GHG Protocol Scope 2 Guidance,GHG Protocol Scope 2 指南,pdf_explicit_series_citation,2023_SUNCOR ENERGY_sustainability_report.pdf,91,[91],[91],ally developed criteria Total GHG (scope 1 & 2) emissions 34.96 million tonnes of CO2e The World Resources Institute/ World Business Council for Sustainable Development GHG Protocol A Corporate Accounting and Reporting Standard (‘GHG Protocol’) & GHG Protocol Scope 2 Guidance (Supplement to the GHG Protocol) Sum of liquid hydrocarbon production GHG (scope 1 & 2) intensity 0.28 tonnes of CO2e/m3 of liquid hydrocarbon GHG Protocol & Internally developed criteria Water Withdrawal 168.47 million m3 Internally developed criteria Water Withdrawal Intensity 1.37 m3/m3 of liquid hydrocarbon Internally developed criteria…,"PDF full-document exact-series scan: the report page names a controlled GHG Protocol/PCAF fine standard in an accounting, reporting, methodology, or assurance context; this does not promote emissions values.",PDF 全文精确系列扫描：报告页在核算、报告、方法或鉴证语境中命名受控 GHG Protocol/PCAF 细分标准；该记录不提升排放数值。
closed,already_accepted,yes,ghg_scope2_guidance,,r403_ubertechnologies公司,Uber Technologies,Uber Technologies,403,ghg_scope2_guidance,GHG Protocol Scope 2 Guidance,GHG Protocol Scope 2 指南,pdf_explicit_series_citation,uber-technologies-inc-2023-esg-report.pdf,48,"[47, 48, 49]","[55, 56]","sion Factors 2020. 41Scope 1 emissions are calculated from natural gas used at our offices and data centers. Scope 2 emissions are calculated from electricity consumption data. Scope 2, location-based and Scope 2, market-based are defined in the GHG Protocol Scope 2 Guidance, 2015. Where data were not available, assumptions were applied. The greenhouse gas emissions data in this report has received third-party verification by LRQA. The verification statement can be found here. 42Tonnes of carbon dioxide equivalent. 43Scope 3, Category 11 (limited to CO2): Use of sold products for all markets worldwide where Ub…",PDF page backfill: mapped from the cited GHG Protocol evidence page plus adjacent page text; not promoted to direct-use emissions value.,PDF 页级回查：基于已引用的 GHG Protocol 证据页及相邻页文本映射；不提升为直接采信排放值。
closed,already_accepted,yes,ghg_scope2_guidance,,r403_ubertechnologies公司,Uber Technologies,Uber Technologies,403,ghg_scope2_guidance,GHG Protocol Scope 2 Guidance,GHG Protocol Scope 2 指南,pdf_explicit_series_citation,uber-technologies-inc-2023-esg-report.pdf,55,[55],[55],"sion Factors 2020. 41Scope 1 emissions are calculated from natural gas used at our offices and data centers. Scope 2 emissions are calculated from electricity consumption data. Scope 2, location-based and Scope 2, market-based are defined in the GHG Protocol Scope 2 Guidance, 2015. Where data were not available, assumptions were applied. The greenhouse gas emissions data in this report has received third-party verification by LRQA. The verification statement can be found here. 42Tonnes of carbon dioxide equivalent. 43Scope 3, Category 11 (limited to CO2): Use of sold products for all markets worldwide where Ub…","PDF full-document exact-series scan: the report page names a controlled GHG Protocol/PCAF fine standard in an accounting, reporting, methodology, or assurance context; this does not promote emissions values.",PDF 全文精确系列扫描：报告页在核算、报告、方法或鉴证语境中命名受控 GHG Protocol/PCAF 细分标准；该记录不提升排放数值。
closed,already_accepted,yes,ghg_scope2_guidance,,r403_ubertechnologies公司,Uber Technologies,Uber Technologies,403,ghg_scope2_guidance,GHG Protocol Scope 2 Guidance,GHG Protocol Scope 2 指南,pdf_explicit_series_citation,uber-technologies-inc-2023-esg-report.pdf,56,[56],[56],"ormance indicators 44Scope 1 emissions are calculated from natural gas used at our offices and data centers. Scope 2 emissions are calculated from electricity consumption data. Scope 2, location-based and Scope 2, market-based are defined in the GHG Protocol Scope 2 Guidance, 2015. Where data were not available, assumptions were applied. The greenhouse gas emissions data in this report has received third-party verification by LRQA. The verification statement can be found here. 45Intensity figures are calculated using square meters of Uber floor area, by employee, and revenue. 46During an internal review, Uber …","PDF full-document exact-series scan: the report page names a controlled GHG Protocol/PCAF fine standard in an accounting, reporting, methodology, or assurance context; this does not promote emissions values.",PDF 全文精确系列扫描：报告页在核算、报告、方法或鉴证语境中命名受控 GHG Protocol/PCAF 细分标准；该记录不提升排放数值。
closed,already_accepted,yes,ghg_corporate_standard,,r421_jardinematheson,JARDINE MATHESON,怡和集团,421,ghg_corporate_standard,GHG Protocol Corporate Accounting and Reporting Standard,GHG Protocol 企业核算与报告标准,pdf_explicit_series_citation,2024_JARDINE MATHESON_sustainability_report.pdf,29,"[28, 29, 30]",[93],"d of six months. Reporting criteria and disclosure notes GHG emissions 13. GHG emissions are calculated and consolidated based on the Group’s internal guidance, which has been developed with reference to GRI 305: Emissions and is aligned with the GHG Protocol Corporate Accounting and Reporting Standard. Total GHG emissions include scope 1 and market-based scope 2 emissions. 14. Scope 1 GHG emissions are derived from combustion of fossil fuels and fugitive emissions (for example, refrigerants including R22, fire suppression, coalbed methane), and emissions resulting from the manufacture or processing of chemicals…",PDF page backfill: mapped from the cited GHG Protocol evidence page plus adjacent page text; not promoted to direct-use emissions value.,PDF 页级回查：基于已引用的 GHG Protocol 证据页及相邻页文本映射；不提升为直接采信排放值。
closed,already_accepted,yes,ghg_corporate_standard,,r421_jardinematheson,JARDINE MATHESON,怡和集团,421,ghg_corporate_standard,GHG Protocol Corporate Accounting and Reporting Standard,GHG Protocol 企业核算与报告标准,pdf_explicit_series_citation,2024_JARDINE MATHESON_sustainability_report.pdf,93,[93],[93],"d of six months. Reporting criteria and disclosure notes GHG emissions 13. GHG emissions are calculated and consolidated based on the Group’s internal guidance, which has been developed with reference to GRI 305: Emissions and is aligned with the GHG Protocol Corporate Accounting and Reporting Standard. Total GHG emissions include scope 1 and market-based scope 2 emissions. 14. Scope 1 GHG emissions are derived from combustion of fossil fuels and fugitive emissions (for example, refrigerants including R22, fire suppression, coalbed methane), and emissions resulting from the manufacture or processing of chemicals…","PDF full-document exact-series scan: the report page names a controlled GHG Protocol/PCAF fine standard in an accounting, reporting, methodology, or assurance context; this does not promote emissions values.",PDF 全文精确系列扫描：报告页在核算、报告、方法或鉴证语境中命名受控 GHG Protocol/PCAF 细分标准；该记录不提升排放数值。
closed,already_accepted,yes,,,r422_mondelezinternational,MONDELEZ INTERNATIONAL,亿滋国际,422,ghg_corporate_standard,GHG Protocol Corporate Accounting and Reporting Standard,GHG Protocol 企业核算与报告标准,pdf_explicit_series_citation,2024-MONDELEZ INTERNATIONAL-Snacking-Made-Right-ESG-Report.pdf,20,"[19, 20, 21]",[58],"IS REPORT Climate Change Energy Water Biodiversity & Ecosystems Animal Welfare Sustainable Packaging Waste MONDELĒZ INTERNATIONAL Snacking Made Right 2024 Report 20 ENDNOTES (1) In the reporting year 2024, our annual GHG emissions were accounted following the GHG Protocol Corporate Standards and using the operational control approach. Reported information following Science Based Targets initiative (SBTi) guidelines for near-term target excludes Capital Goods, Upstream Transportation and Distribution of Raw Materials, Employee Commuting, Downstream Transportation at Customer, and End of Life Treatment.The long-te…",PDF page backfill: mapped from the cited GHG Protocol evidence page plus adjacent page text; not promoted to direct-use emissions value.,PDF 页级回查：基于已引用的 GHG Protocol 证据页及相邻页文本映射；不提升为直接采信排放值。
closed,already_accepted,yes,,,r422_mondelezinternational,MONDELEZ INTERNATIONAL,亿滋国际,422,ghg_corporate_standard,GHG Protocol Corporate Accounting and Reporting Standard,GHG Protocol 企业核算与报告标准,pdf_explicit_series_citation,2024-MONDELEZ INTERNATIONAL-Snacking-Made-Right-ESG-Report.pdf,58,[58],[58],"ENDNOTES (1) In the reporting year 2024, our annual GHG emissions were accounted following the GHG Protocol Corporate Standards and using the operational control approach. Reported information following Science Based Targets initiative (SBTi) guidelines for near-term target excludes Capital Goods, Upstream Transportation and Distribution of Raw Materials, Employee Commuting, Downstream Transportation at Customer, and End of Life Treatment.The long-term target excludes these same ca","PDF full-document exact-series scan: the report page names a controlled GHG Protocol/PCAF fine standard in an accounting, reporting, methodology, or assurance context; this does not promote emissions values.",PDF 全文精确系列扫描：报告页在核算、报告、方法或鉴证语境中命名受控 GHG Protocol/PCAF 细分标准；该记录不提升排放数值。
closed,already_accepted,yes,ghg_corporate_standard,,r426_qualcomm,QUALCOMM,高通,426,ghg_corporate_standard,GHG Protocol Corporate Accounting and Reporting Standard,GHG Protocol 企业核算与报告标准,pdf_explicit_series_citation,2024-qualcomm-corporate-responsibility-report.pdf,50,[50],[50],"30 Annual avoided emissions of CO2e due to cumulative investments made for energy efficiency for global facilities. 31 GHG emissions data are calculated using the GHG Protocol Corporate Accounting and Reporting Standard. Our Environment Units 2024 2023 2022 Energy and Air Quality30 Electricity avoided as a result of energy saving initiatives Megawatt hours 74,203 67,573 76,118 Emissions avoided as a result of energy saving initiatives Tons 29,448 26,570 27,517 GHG Emissions31 CO2e per gross square foot of facilities space (Scope 1 & 2) CO2e metric tons 0.0125 0.0152 0.0169","PDF full-document exact-series scan: the report page names a controlled GHG Protocol/PCAF fine standard in an accounting, reporting, methodology, or assurance context; this does not promote emissions values.",PDF 全文精确系列扫描：报告页在核算、报告、方法或鉴证语境中命名受控 GHG Protocol/PCAF 细分标准；该记录不提升排放数值。
closed,already_accepted,yes,ghg_corporate_standard,,r426_qualcomm,QUALCOMM,高通,426,ghg_corporate_standard,GHG Protocol Corporate Accounting and Reporting Standard,GHG Protocol 企业核算与报告标准,pdf_explicit_series_citation,2024-qualcomm-corporate-responsibility-report.pdf,51,[51],[51],"End-of-life treatment of sold products CO2e metric tons 3,968 2,994 4,343 Downstream leased assets CO2e metric tons NA NA NA Franchises CO2e metric tons NA NA NA Investments CO2e metric tons NA NA NA 31 GHG emissions data are calculated using the GHG Protocol Corporate Accounting and Reporting Standard. 32 In 2022, we revised 2021 data in accordance with our GHG base year emissions recalculation policy. 33 Supplier emissions data represent previous calendar year. 51 Appendix Operating Sustainably Acting Responsibly Digital Transformation About Qualcomm 2024 QUALCOMM CORPORATE RESPONSIBILITY REPORT | Progress","PDF full-document exact-series scan: the report page names a controlled GHG Protocol/PCAF fine standard in an accounting, reporting, methodology, or assurance context; this does not promote emissions values.",PDF 全文精确系列扫描：报告页在核算、报告、方法或鉴证语境中命名受控 GHG Protocol/PCAF 细分标准；该记录不提升排放数值。
closed,already_accepted,yes,ghg_corporate_standard|ghg_scope2_guidance,ghg_scope2_guidance,r427_broadcom,BROADCOM,博通公司,427,ghg_corporate_standard,GHG Protocol Corporate Accounting and Reporting Standard,GHG Protocol 企业核算与报告标准,pdf_explicit_series_citation,broadcom-2024-corpresponsibility-final.pdf,2,"[1, 2, 3]","[61, 62]","Not calculated Not calculated For all environmental metrics, we apply an operational control boundary. We use the methodology outlined in the World Resources Institute (WRI) and the World Business Council for Sustainable Development’s (WBCSD) GHG Protocol: A Corporate Accounting and Reporting Standard (Revised Edition) and the WRI/WBSCD’s GHG Protocol Scope 2 Guidance, an amendment to the GHG Protocol Corporate Standard, to calculate Scope 1 and Scope 2 GHG emissions generated by our global facilities. We calculate the GHG emissions associated with the fossil fuels we utilize for heating our facilities and opera…",PDF page backfill: mapped from the cited GHG Protocol evidence page plus adjacent page text; not promoted to direct-use emissions value.,PDF 页级回查：基于已引用的 GHG Protocol 证据页及相邻页文本映射；不提升为直接采信排放值。
closed,already_accepted,yes,ghg_corporate_standard|ghg_scope2_guidance,ghg_scope2_guidance,r427_broadcom,BROADCOM,博通公司,427,ghg_corporate_standard,GHG Protocol Corporate Accounting and Reporting Standard,GHG Protocol 企业核算与报告标准,pdf_explicit_series_citation,broadcom-2024-corpresponsibility-final.pdf,61,[61],[61],"Not calculated Not calculated For all environmental metrics, we apply an operational control boundary. We use the methodology outlined in the World Resources Institute (WRI) and the World Business Council for Sustainable Development’s (WBCSD) GHG Protocol: A Corporate Accounting and Reporting Standard (Revised Edition) and the WRI/WBSCD’s GHG Protocol Scope 2 Guidance, an amendment to the GHG Protocol Corporate Standard, to calculate Scope 1 and Scope 2 GHG emissions generated by our global facilities. We calculate the GHG emissions associated with the fossil fuels we utilize for heating our facilities and opera…","PDF full-document exact-series scan: the report page names a controlled GHG Protocol/PCAF fine standard in an accounting, reporting, methodology, or assurance context; this does not promote emissions values.",PDF 全文精确系列扫描：报告页在核算、报告、方法或鉴证语境中命名受控 GHG Protocol/PCAF 细分标准；该记录不提升排放数值。
closed,already_accepted,yes,ghg_corporate_standard|ghg_scope2_guidance,ghg_corporate_standard,r427_broadcom,BROADCOM,博通公司,427,ghg_scope2_guidance,GHG Protocol Scope 2 Guidance,GHG Protocol Scope 2 指南,pdf_explicit_series_citation,broadcom-2024-corpresponsibility-final.pdf,2,"[1, 2, 3]","[61, 62]","oundary. We use the methodology outlined in the World Resources Institute (WRI) and the World Business Council for Sustainable Development’s (WBCSD) GHG Protocol: A Corporate Accounting and Reporting Standard (Revised Edition) and the WRI/WBSCD’s GHG Protocol Scope 2 Guidance, an amendment to the GHG Protocol Corporate Standard, to calculate Scope 1 and Scope 2 GHG emissions generated by our global facilities. We calculate the GHG emissions associated with the fossil fuels we utilize for heating our facilities and operating our backup emergency generators, as well as the refrigerant losses from HVAC operations a…",PDF page backfill: mapped from the cited GHG Protocol evidence page plus adjacent page text; not promoted to direct-use emissions value.,PDF 页级回查：基于已引用的 GHG Protocol 证据页及相邻页文本映射；不提升为直接采信排放值。
closed,already_accepted,yes,ghg_corporate_standard|ghg_scope2_guidance,ghg_corporate_standard,r427_broadcom,BROADCOM,博通公司,427,ghg_scope2_guidance,GHG Protocol Scope 2 Guidance,GHG Protocol Scope 2 指南,pdf_explicit_series_citation,broadcom-2024-corpresponsibility-final.pdf,61,[61],[61],"oundary. We use the methodology outlined in the World Resources Institute (WRI) and the World Business Council for Sustainable Development’s (WBCSD) GHG Protocol: A Corporate Accounting and Reporting Standard (Revised Edition) and the WRI/WBSCD’s GHG Protocol Scope 2 Guidance, an amendment to the GHG Protocol Corporate Standard, to calculate Scope 1 and Scope 2 GHG emissions generated by our global facilities. We calculate the GHG emissions associated with the fossil fuels we utilize for heating our facilities and operating our backup emergency generators, as well as the refrigerant losses from HVAC operations a…","PDF full-document exact-series scan: the report page names a controlled GHG Protocol/PCAF fine standard in an accounting, reporting, methodology, or assurance context; this does not promote emissions values.",PDF 全文精确系列扫描：报告页在核算、报告、方法或鉴证语境中命名受控 GHG Protocol/PCAF 细分标准；该记录不提升排放数值。
closed,already_accepted,yes,ghg_scope2_guidance,,r427_broadcom,BROADCOM,博通公司,427,ghg_scope2_guidance,GHG Protocol Scope 2 Guidance,GHG Protocol Scope 2 指南,pdf_explicit_series_citation,broadcom-2024-corpresponsibility-final.pdf,62,[62],[62],"emissions take into account supplier-specific emissions factors published by Orange County Power Authority, San Jose Clean Energy, San Diego Community Power, and Xcel Energy Colorado. We follow the hierarchy outlined in Table 6.3 of the WRI/WBSCD GHG Protocol Scope 2 Guidance for selecting appropriate emission factors for Scope 2 market-based method. Scope 2 emissions include colocation data center electricity consumption. Emission factors used in Scope 3 GHG emissions calculations include the U.S. EPA’s Environmentally-Extended Input-Output (EEIO) model emission factors version 1.3 (published July 2024), U.S. E…","PDF full-document exact-series scan: the report page names a controlled GHG Protocol/PCAF fine standard in an accounting, reporting, methodology, or assurance context; this does not promote emissions values.",PDF 全文精确系列扫描：报告页在核算、报告、方法或鉴证语境中命名受控 GHG Protocol/PCAF 细分标准；该记录不提升排放数值。
closed,already_accepted,yes,ghg_scope3_calculation_guidance,,r427_broadcom,BROADCOM,博通公司,427,ghg_scope3_calculation_guidance,GHG Protocol Scope 3 Calculation Guidance,GHG Protocol Scope 3 计算指南,pdf_explicit_series_citation,broadcom-2024-corpresponsibility-final.pdf,2,"[1, 2, 3]","[61, 62]","o Protocol, which also includes carbon dioxide, methane, nitrous oxide, HFCs, sulfur hexafluoride and nitrogen trifluoride. To measure the other indirect emissions occurring in our value chain, we used the methodology outlined in the WRI/WBCSD’s GHG Protocol: Technical Guidance for Calculating Scope 3 Emissions (version 1.0). GHG emissions are calculated using the Intergovernmental Panel on Climate Change (IPCC) Fifth Assessment Report (AR5) Global Warming Potentials and reported in metric tonnes of CO2e (tCO2e). 2024 CORPORATE RESPONSIBILITY REPORT 61 LETTER FROM OUR CEO CORPORATE RESPONSIBILITY AT BROADCOM ENV…",PDF page backfill: mapped from the cited GHG Protocol evidence page plus adjacent page text; not promoted to direct-use emissions value.,PDF 页级回查：基于已引用的 GHG Protocol 证据页及相邻页文本映射；不提升为直接采信排放值。
closed,already_accepted,yes,ghg_scope3_calculation_guidance,,r427_broadcom,BROADCOM,博通公司,427,ghg_scope3_calculation_guidance,GHG Protocol Scope 3 Calculation Guidance,GHG Protocol Scope 3 计算指南,pdf_explicit_series_citation,broadcom-2024-corpresponsibility-final.pdf,61,[61],[61],"o Protocol, which also includes carbon dioxide, methane, nitrous oxide, HFCs, sulfur hexafluoride and nitrogen trifluoride. To measure the other indirect emissions occurring in our value chain, we used the methodology outlined in the WRI/WBCSD’s GHG Protocol: Technical Guidance for Calculating Scope 3 Emissions (version 1.0). GHG emissions are calculated using the Intergovernmental Panel on Climate Change (IPCC) Fifth Assessment Report (AR5) Global Warming Potentials and reported in metric tonnes of CO2e (tCO2e). 2024 CORPORATE RESPONSIBILITY REPORT 61 LETTER FROM OUR CEO CORPORATE RESPONSIBILITY AT BROADCOM ENV…","PDF full-document exact-series scan: the report page names a controlled GHG Protocol/PCAF fine standard in an accounting, reporting, methodology, or assurance context; this does not promote emissions values.",PDF 全文精确系列扫描：报告页在核算、报告、方法或鉴证语境中命名受控 GHG Protocol/PCAF 细分标准；该记录不提升排放数值。
closed,already_accepted,yes,ghg_corporate_standard,,r443_crh公司,CRH,CRH,443,ghg_corporate_standard,GHG Protocol Corporate Accounting and Reporting Standard,GHG Protocol 企业核算与报告标准,pdf_explicit_series_citation,crh-2024-sustainability-performance-report_final_interactive-1.pdf,105,[105],[105],"rmation that may be published in the Report or on CRH’s website for the current reporting period or for previous periods. Assurance Scope and Approach For the Selected Information, we performed a limited assurance engagement using the ‘Greenhouse Protocol – A Corporate Accounting and Reporting Standard’ (revised 2015), the Consolidated set of GRI Standards 2021, the AA1000 Assurance Standard (AA1000AS v3) and international assurance best practice including the International Standard on Assurance Engagements (ISAE) 3000 – ‘Assurance Engagements other than Audits and Reviews of Historical Financial Information’ (r…","PDF full-document exact-series scan: the report page names a controlled GHG Protocol/PCAF fine standard in an accounting, reporting, methodology, or assurance context; this does not promote emissions values.",PDF 全文精确系列扫描：报告页在核算、报告、方法或鉴证语境中命名受控 GHG Protocol/PCAF 细分标准；该记录不提升排放数值。
closed,already_accepted,yes,ghg_corporate_standard|ghg_scope2_guidance,ghg_scope2_guidance,r445_salesforce,SALESFORCE,赛富时,445,ghg_corporate_standard,GHG Protocol Corporate Accounting and Reporting Standard,GHG Protocol 企业核算与报告标准,pdf_explicit_series_citation,salesforce-fy24-stakeholder-impact-report.pdf,25,"[24, 25, 26]","[88, 92, 95]","rounded to the nearest thousand. Basis of Presentation Scope 1 emissions information has been prepared in accordance with the World Resources Institute (""WRl"") I World Business Council for Sustainable Development's (""WBCSD"") Greenhouse Gas (""GHG"") Protocol: A Corporate Accounting and Reporting Standard, Revised. Scope 2 indirect emissions information, calculated using the location-based and market-based methods, have been prepared in accordance with the WRl WBCSD GHG Protocol: A Corporate Accounting and Reporting Standard, Revised and the WRl WBCSD GHG Protocol Scope 2 Guidance: An amendment to the GHG Protocol …",PDF page backfill: mapped from the cited GHG Protocol evidence page plus adjacent page text; not promoted to direct-use emissions value.,PDF 页级回查：基于已引用的 GHG Protocol 证据页及相邻页文本映射；不提升为直接采信排放值。
closed,already_accepted,yes,ghg_corporate_standard|ghg_scope2_guidance,ghg_scope2_guidance,r445_salesforce,SALESFORCE,赛富时,445,ghg_corporate_standard,GHG Protocol Corporate Accounting and Reporting Standard,GHG Protocol 企业核算与报告标准,pdf_explicit_series_citation,salesforce-fy24-stakeholder-impact-report.pdf,95,[95],[95],"rounded to the nearest thousand. Basis of Presentation Scope 1 emissions information has been prepared in accordance with the World Resources Institute (""WRl"") I World Business Council for Sustainable Development's (""WBCSD"") Greenhouse Gas (""GHG"") Protocol: A Corporate Accounting and Reporting Standard, Revised. Scope 2 indirect emissions information, calculated using the location-based and market-based methods, have been prepared in accordance with the WRl WBCSD GHG Protocol: A Corporate Accounting and Reporting Standard, Revised and the WRl WBCSD GHG Protocol Scope 2 Guidance: An amendment to the GHG Protocol …","PDF full-document exact-series scan: the report page names a controlled GHG Protocol/PCAF fine standard in an accounting, reporting, methodology, or assurance context; this does not promote emissions values.",PDF 全文精确系列扫描：报告页在核算、报告、方法或鉴证语境中命名受控 GHG Protocol/PCAF 细分标准；该记录不提升排放数值。
closed,already_accepted,yes,ghg_financial_industry_standard|ghg_scope3_calculation_guidance,ghg_scope3_calculation_guidance,r445_salesforce,SALESFORCE,赛富时,445,ghg_financial_industry_standard,Global GHG Accounting and Reporting Standard for the Financial Industry,金融行业全球温室气体核算与报告标准,pdf_explicit_series_citation,salesforce-fy24-stakeholder-impact-report.pdf,105,[105],[105],"t or calculated. Franchises Category 15: 0% Internally-developed The Company utilizes a methodology based on the Investments emission factor average-data approach from the GHG Protocol Scope 3 Calculation Guidance and economic activity-based approach from the Partnership for Carbon Accounting Financials (PCAF) Guidance which utilizes company revenue to obtain the estimated emissions from investments. Revenue data is not available for all portfolio companies, therefore the Company uses its own fiscal year 2019 scope 1, 2 LBM and 3 emissions data and average market cap to create a custom internally-developed emiss…","PDF full-document exact-series scan: the report page names a controlled GHG Protocol/PCAF fine standard in an accounting, reporting, methodology, or assurance context; this does not promote emissions values.",PDF 全文精确系列扫描：报告页在核算、报告、方法或鉴证语境中命名受控 GHG Protocol/PCAF 细分标准；该记录不提升排放数值。
closed,already_accepted,yes,ghg_corporate_standard|ghg_scope2_guidance,ghg_corporate_standard,r445_salesforce,SALESFORCE,赛富时,445,ghg_scope2_guidance,GHG Protocol Scope 2 Guidance,GHG Protocol Scope 2 指南,pdf_explicit_series_citation,salesforce-fy24-stakeholder-impact-report.pdf,25,"[24, 25, 26]","[88, 92, 95]","ised. Scope 2 indirect emissions information, calculated using the location-based and market-based methods, have been prepared in accordance with the WRl WBCSD GHG Protocol: A Corporate Accounting and Reporting Standard, Revised and the WRl WBCSD GHG Protocol Scope 2 Guidance: An amendment to the GHG Protocol Corporate Standard. Scope 3 GHG emissions information has been prepared in accordance with the WRl WBCSD Corporate Value Chain (Scope 3), Accounting and Reporting Standard and the Scope 3 Technical Guidance. Collectively, the Greenhouse Gas Protocol: A Corporate Accounting and Reporting Standard, Revised, t…",PDF page backfill: mapped from the cited GHG Protocol evidence page plus adjacent page text; not promoted to direct-use emissions value.,PDF 页级回查：基于已引用的 GHG Protocol 证据页及相邻页文本映射；不提升为直接采信排放值。
closed,already_accepted,yes,ghg_corporate_standard|ghg_scope2_guidance,ghg_corporate_standard,r445_salesforce,SALESFORCE,赛富时,445,ghg_scope2_guidance,GHG Protocol Scope 2 Guidance,GHG Protocol Scope 2 指南,pdf_explicit_series_citation,salesforce-fy24-stakeholder-impact-report.pdf,95,[95],[95],"ised. Scope 2 indirect emissions information, calculated using the location-based and market-based methods, have been prepared in accordance with the WRl WBCSD GHG Protocol: A Corporate Accounting and Reporting Standard, Revised and the WRl WBCSD GHG Protocol Scope 2 Guidance: An amendment to the GHG Protocol Corporate Standard. Scope 3 GHG emissions information has been prepared in accordance with the WRl WBCSD Corporate Value Chain (Scope 3), Accounting and Reporting Standard and the Scope 3 Technical Guidance. Collectively, the Greenhouse Gas Protocol: A Corporate Accounting and Reporting Standard, Revised, t…","PDF full-document exact-series scan: the report page names a controlled GHG Protocol/PCAF fine standard in an accounting, reporting, methodology, or assurance context; this does not promote emissions values.",PDF 全文精确系列扫描：报告页在核算、报告、方法或鉴证语境中命名受控 GHG Protocol/PCAF 细分标准；该记录不提升排放数值。
closed,already_accepted,yes,ghg_scope2_guidance,,r445_salesforce,SALESFORCE,赛富时,445,ghg_scope2_guidance,GHG Protocol Scope 2 Guidance,GHG Protocol Scope 2 指南,pdf_explicit_series_citation,salesforce-fy24-stakeholder-impact-report.pdf,102,[102],[102],"WTT), included in Scope 2023 DEFRA transmission and distribution (T&D) losses, and 1 or 2 T&D losses WTT. For the location-based approach, we remove applicable renewable energy purchases from our generation WTT calculation, in accordance with the GHG Protocol Scope 2 Guidance. Category 4: 67% Supplier-specific Hybrid methodology and spend-based approach Upstream emissions, supplier- transportation and specific revenue distribution intensity emission factors, U.S. EPA Supply Chain (EEIO) Category 5: 32% Supplier-specific Hybrid methodology and spend-based approach Waste generated emissions, supplier- Emissions fr…","PDF full-document exact-series scan: the report page names a controlled GHG Protocol/PCAF fine standard in an accounting, reporting, methodology, or assurance context; this does not promote emissions values.",PDF 全文精确系列扫描：报告页在核算、报告、方法或鉴证语境中命名受控 GHG Protocol/PCAF 细分标准；该记录不提升排放数值。
closed,already_accepted,yes,ghg_scope3_calculation_guidance,,r445_salesforce,SALESFORCE,赛富时,445,ghg_scope3_calculation_guidance,GHG Protocol Scope 3 Calculation Guidance,GHG Protocol Scope 3 计算指南,pdf_explicit_series_citation,salesforce-fy24-stakeholder-impact-report.pdf,25,"[24, 25, 26]","[88, 92, 95]","quantification methodologies. For example, in fiscal 2024, we implemented the hybrid methodology for Scope 3 reporting. Historically, Salesforce has calculated emissions for several scope 3 categories using the spend- based method outlined in the GHG Protocol Scope 3 Calculation Guidance. This approach quantifies emissions using less specific, industry-average data and serves as a screening process to determine the size and relative magnitude of emissions in the upstream scope 3 categories. Past inventories confirmed the vast majority of emissions are in the upstream value chain, particularly in category 1, purc…",PDF page backfill: mapped from the cited GHG Protocol evidence page plus adjacent page text; not promoted to direct-use emissions value.,PDF 页级回查：基于已引用的 GHG Protocol 证据页及相邻页文本映射；不提升为直接采信排放值。
closed,already_accepted,yes,ghg_scope3_calculation_guidance,,r445_salesforce,SALESFORCE,赛富时,445,ghg_scope3_calculation_guidance,GHG Protocol Scope 3 Calculation Guidance,GHG Protocol Scope 3 计算指南,pdf_explicit_series_citation,salesforce-fy24-stakeholder-impact-report.pdf,88,[88],[88],"quantification methodologies. For example, in fiscal 2024, we implemented the hybrid methodology for Scope 3 reporting. Historically, Salesforce has calculated emissions for several scope 3 categories using the spend- based method outlined in the GHG Protocol Scope 3 Calculation Guidance. This approach quantifies emissions using less specific, industry-average data and serves as a screening process to determine the size and relative magnitude of emissions in the upstream scope 3 categories. Past inventories confirmed the vast majority of emissions are in the upstream value chain, particularly in category 1, purc…","PDF full-document exact-series scan: the report page names a controlled GHG Protocol/PCAF fine standard in an accounting, reporting, methodology, or assurance context; this does not promote emissions values.",PDF 全文精确系列扫描：报告页在核算、报告、方法或鉴证语境中命名受控 GHG Protocol/PCAF 细分标准；该记录不提升排放数值。
closed,already_accepted,yes,ghg_scope3_calculation_guidance|ghg_scope3_standard,ghg_scope3_standard,r445_salesforce,SALESFORCE,赛富时,445,ghg_scope3_calculation_guidance,GHG Protocol Scope 3 Calculation Guidance,GHG Protocol Scope 3 计算指南,pdf_explicit_series_citation,salesforce-fy24-stakeholder-impact-report.pdf,92,[92],[92],"Furthermore, Scope 3 emissions are calculated based on a significant number of estimations and management assumptions due to the inherent nature of the Greenhouse Gas Protocol Corporate Value Chain (Scope 3) Accounting and Reporting Standard as well as the Technical Guidance for Calculating Scope 3 Emissions criteria. The information included in Salesforce’s Schedules of Selected Environmental and Social Metrics, other than the Subject Matter, has not been subjected to the procedures applied in our review and, accordingly, we express no conclusion on it. Based on our review, we are not aware of any material modi…","PDF full-document exact-series scan: the report page names a controlled GHG Protocol/PCAF fine standard in an accounting, reporting, methodology, or assurance context; this does not promote emissions values.",PDF 全文精确系列扫描：报告页在核算、报告、方法或鉴证语境中命名受控 GHG Protocol/PCAF 细分标准；该记录不提升排放数值。
closed,already_accepted,yes,ghg_scope3_calculation_guidance,,r445_salesforce,SALESFORCE,赛富时,445,ghg_scope3_calculation_guidance,GHG Protocol Scope 3 Calculation Guidance,GHG Protocol Scope 3 计算指南,pdf_explicit_series_citation,salesforce-fy24-stakeholder-impact-report.pdf,97,[97],[97],"In fiscal 2024, we implemented the hybrid methodology. Historically, Salesforce has calculated emissions for several scope 3 categories using the spend-based method outlined in the GHG Protocol Scope 3 Calculation Guidance. This approach quantifies emissions using industry-average data and serves as a screening process to determine the size and relative magnitude of emissions in the upstream scope 3 categories. Past inventories confirmed the vast majority of emissions are in the upstream value chain, particularly in category 1, purchased goods and services. To improve the acc","PDF full-document exact-series scan: the report page names a controlled GHG Protocol/PCAF fine standard in an accounting, reporting, methodology, or assurance context; this does not promote emissions values.",PDF 全文精确系列扫描：报告页在核算、报告、方法或鉴证语境中命名受控 GHG Protocol/PCAF 细分标准；该记录不提升排放数值。
closed,already_accepted,yes,ghg_scope3_calculation_guidance|ghg_scope3_standard,ghg_scope3_calculation_guidance,r445_salesforce,SALESFORCE,赛富时,445,ghg_scope3_standard,GHG Protocol Corporate Value Chain (Scope 3) Accounting and Reporting Standard,GHG Protocol 企业价值链（Scope 3）核算与报告标准,pdf_explicit_series_citation,salesforce-fy24-stakeholder-impact-report.pdf,25,"[24, 25, 26]","[88, 92, 95]","nerators from which the reporter contractually purchases electricity bundled with 5 Furthermore, Scope 3 emissions are calculated based on a significant number of estimations and management assumptions due to the inherent nature of the Greenhouse Gas Protocol Corporate Value Chain (Scope 3) Accounting and Reporting Standard as well as the Technical Guidance for Calculating Scope 3 Emissions criteria. The information included in Salesforce’s Schedules of Selected Environmental and Social Metrics, other than the Subject Matter, has not been subjected to the procedures applied in our review and, accordingly, we exp…",PDF page backfill: mapped from the cited GHG Protocol evidence page plus adjacent page text; not promoted to direct-use emissions value.,PDF 页级回查：基于已引用的 GHG Protocol 证据页及相邻页文本映射；不提升为直接采信排放值。
closed,already_accepted,yes,ghg_scope3_calculation_guidance|ghg_scope3_standard,ghg_scope3_calculation_guidance,r445_salesforce,SALESFORCE,赛富时,445,ghg_scope3_standard,GHG Protocol Corporate Value Chain (Scope 3) Accounting and Reporting Standard,GHG Protocol 企业价值链（Scope 3）核算与报告标准,pdf_explicit_series_citation,salesforce-fy24-stakeholder-impact-report.pdf,92,[92],[92],"Furthermore, Scope 3 emissions are calculated based on a significant number of estimations and management assumptions due to the inherent nature of the Greenhouse Gas Protocol Corporate Value Chain (Scope 3) Accounting and Reporting Standard as well as the Technical Guidance for Calculating Scope 3 Emissions criteria. The information included in Salesforce’s Schedules of Selected Environmental and Social Metrics, other than the Subject Matter, has not been subjected to the procedures applied in our review and, accordingly, we express no conclusion on it. Based","PDF full-document exact-series scan: the report page names a controlled GHG Protocol/PCAF fine standard in an accounting, reporting, methodology, or assurance context; this does not promote emissions values.",PDF 全文精确系列扫描：报告页在核算、报告、方法或鉴证语境中命名受控 GHG Protocol/PCAF 细分标准；该记录不提升排放数值。
closed,already_accepted,yes,ghg_corporate_standard|ghg_scope2_guidance,ghg_corporate_standard|ghg_scope2_guidance,r445_salesforce,SALESFORCE,赛富时,445,ghg_scope3_standard,GHG Protocol Corporate Value Chain (Scope 3) Accounting and Reporting Standard,GHG Protocol 企业价值链（Scope 3）核算与报告标准,pdf_explicit_series_citation,salesforce-fy24-stakeholder-impact-report.pdf,95,[95],[95],"CSD GHG Protocol: A Corporate Accounting and Reporting Standard, Revised and the WRl WBCSD GHG Protocol Scope 2 Guidance: An amendment to the GHG Protocol Corporate Standard. Scope 3 GHG emissions information has been prepared in accordance with the WRl WBCSD Corporate Value Chain (Scope 3), Accounting and Reporting Standard and the Scope 3 Technical Guidance. Collectively, the Greenhouse Gas Protocol: A Corporate Accounting and Reporting Standard, Revised, the GHG Protocol Scope 2 Guidance: An amendment to the GHG Protocol Corporate Standard, the GHG Protocol Corporate Value Chain (Scope 3), Accounting and Repo…","PDF full-document exact-series scan: the report page names a controlled GHG Protocol/PCAF fine standard in an accounting, reporting, methodology, or assurance context; this does not promote emissions values.",PDF 全文精确系列扫描：报告页在核算、报告、方法或鉴证语境中命名受控 GHG Protocol/PCAF 细分标准；该记录不提升排放数值。
closed,already_accepted,yes,,,r445_salesforce,SALESFORCE,赛富时,445,ghg_scope3_standard,GHG Protocol Corporate Value Chain (Scope 3) Accounting and Reporting Standard,GHG Protocol 企业价值链（Scope 3）核算与报告标准,pdf_explicit_series_citation,salesforce-fy24-stakeholder-impact-report.pdf,96,[96],[96],"igerant leaks at all leased offices and data centers that have cooling systems with active refrigerants. Scope3 Indirect value chain emissions include emissions from the Company's upstream or downstream value chain activities. In accordance with the WRI/WBCSD Corporate Value Chain (Scope 3) Standard, the Company evaluates the 15 Categories of emissions as follows, noting that all reported scope 3 emissions are calculated within the minimum boundaries for the respective category. Where optional emissions outside of the minimum boundary are included they are noted as ""optional."" In our scope 3 emissions calculatio…","PDF full-document exact-series scan: the report page names a controlled GHG Protocol/PCAF fine standard in an accounting, reporting, methodology, or assurance context; this does not promote emissions values.",PDF 全文精确系列扫描：报告页在核算、报告、方法或鉴证语境中命名受控 GHG Protocol/PCAF 细分标准；该记录不提升排放数值。
closed,already_accepted,yes,ghg_corporate_standard,,r446_aiagroup,AIA GROUP,友邦保险控股有限公司,446,ghg_corporate_standard,GHG Protocol Corporate Accounting and Reporting Standard,GHG Protocol 企业核算与报告标准,pdf_explicit_series_citation,AIA GROUP-Main-ESG-Report_CH.pdf,58,[58],[58],"確保數據及相關流程的可靠性， 節選的可持續發展資料已皆由友邦保 險的外部核數師（「羅兵咸永道」） 鑒證。友邦保險 2024 年子報告：員 工與文化中的關鍵績效指標，包括按 性別和年齡劃分的員工流失率（第6 頁）以及按市場、性別、年齡及職級 劃分的員工結構概覽（第10 頁）依 據獨立執業會計師就友邦保險控股有 限公司的經識別的可持續發展資料的 有限保證鑒證報告進行鑒證。請參閱 第32 頁以獲取此數據鑒證工作中涵 蓋的細分營運範圍。 數據計量方法 友邦保險根據溫室氣體協議企業會計 和報告標準（GHG Protocol Corporate Accounting and Reporting Standard）、溫室氣體協議範圍2 指 南及香港特別行政區政府環保署提供 的指引計算排放量，亦會透過公用事 業公司可持續發展報告、溫室氣體協 議數據庫及國際能源總署（IEA） 2024 年排放因子數據庫，確定各個 營運地區溫室氣體排放（範圍1 和 2）的排放因子。我們參照英國政府 環境、食品及農村事務部 （Department for Environment, Food and Rural Affairs 或DEFRA）提供的 溫室氣體報告：2024 年換算係數中 的短距離航班的排放因子計算商務旅 行排放數據。我們根據國際航空運輸 協會（IATA）建議的做法，計量所有 私人航空運輸的排放量。 針對所使用的任何全球暖化潛勢 （Global…","PDF full-document exact-series scan: the report page names a controlled GHG Protocol/PCAF fine standard in an accounting, reporting, methodology, or assurance context; this does not promote emissions values.",PDF 全文精确系列扫描：报告页在核算、报告、方法或鉴证语境中命名受控 GHG Protocol/PCAF 细分标准；该记录不提升排放数值。
closed,already_accepted,yes,ghg_corporate_standard|ghg_scope3_standard,ghg_scope3_standard,r449_nationalaustraliabank,NATIONAL AUSTRALIA BANK,澳大利亚国民银行,449,ghg_corporate_standard,GHG Protocol Corporate Accounting and Reporting Standard,GHG Protocol 企业核算与报告标准,pdf_explicit_series_citation,2024-NATIONAL AUSTRALIA BANK-climate-report.pdf,66,[66],[66],s and services • Fuel and energy-related activities • Upstream transportation and distribution • Waste generated in operations • Business travel • Working from home • Upstream leased assets • Employee commuting (new in 2024) (1) The Greenhouse Gas Protocol: A Corporate Accounting and Reporting Standard (2004) and the Greenhouse Gas Protocol Corporate Value Chain (Scope 3) Accounting and Reporting Standard (2011) are referred to in this Basis for Conclusions as “GHG Protocol”. (2) This target is science-based and has been developed using the SBTi target-setting tool and criteria. It has not been submitted to SBTi…,"PDF full-document exact-series scan: the report page names a controlled GHG Protocol/PCAF fine standard in an accounting, reporting, methodology, or assurance context; this does not promote emissions values.",PDF 全文精确系列扫描：报告页在核算、报告、方法或鉴证语境中命名受控 GHG Protocol/PCAF 细分标准；该记录不提升排放数值。
closed,already_accepted,yes,,,r449_nationalaustraliabank,NATIONAL AUSTRALIA BANK,澳大利亚国民银行,449,ghg_corporate_standard,GHG Protocol Corporate Accounting and Reporting Standard,GHG Protocol 企业核算与报告标准,pdf_explicit_series_citation,2024-NATIONAL AUSTRALIA BANK-climate-report.pdf,97,[97],[97],"key stakeholders. Outsourcing: The Group does not undertake this activity within our organisation's boundary. Comparable organisations do not typically undertake this activity within their boundary. (1) The relevance test applied by the Group is adapted from GHG Protocol – Corporate Standard (WBCSD and WRI, 2004). An emissions category is considered relevant if it meets two or more of the five relevance criteria, as outlined in the table above. 95 2024 Climate Report","PDF full-document exact-series scan: the report page names a controlled GHG Protocol/PCAF fine standard in an accounting, reporting, methodology, or assurance context; this does not promote emissions values.",PDF 全文精确系列扫描：报告页在核算、报告、方法或鉴证语境中命名受控 GHG Protocol/PCAF 细分标准；该记录不提升排放数值。
closed,already_accepted,yes,ghg_financial_industry_standard,,r449_nationalaustraliabank,NATIONAL AUSTRALIA BANK,澳大利亚国民银行,449,ghg_financial_industry_standard,Global GHG Accounting and Reporting Standard for the Financial Industry,金融行业全球温室气体核算与报告标准,pdf_explicit_series_citation,2024-NATIONAL AUSTRALIA BANK-climate-report.pdf,49,[49],[49],lement Approach 2021 baseline(1) 0.17 tCO2-e/MWh Metric Emissions intensity (tCO2-e/MWh) Emissions Scope Scope 1 and 2 2030 Target(1) 0.14 tCO2-e/MWh (18% reduction against 2021 baseline) Reference pathway IEA NZE 2050 (2021) Data quality score (2023) Average PCAF score: 1.8 (Scope 1 and 2) (1) Updated for changes to methodology and boundaries as summarised below. Portfolio update NAB's portfolio emissions for power generation are as follows. Changes to methodologies and boundaries are included in this data. 2023 Post-RCF (Pre-RCF) 2021 baseline Post-RCF (Pre-RCF) 2030 target Power generation (tCO2- e/MWh) 0.18 …,"PDF full-document exact-series scan: the report page names a controlled GHG Protocol/PCAF fine standard in an accounting, reporting, methodology, or assurance context; this does not promote emissions values.",PDF 全文精确系列扫描：报告页在核算、报告、方法或鉴证语境中命名受控 GHG Protocol/PCAF 细分标准；该记录不提升排放数值。
closed,already_accepted,yes,ghg_financial_industry_standard,,r449_nationalaustraliabank,NATIONAL AUSTRALIA BANK,澳大利亚国民银行,449,ghg_financial_industry_standard,Global GHG Accounting and Reporting Standard for the Financial Industry,金融行业全球温室气体核算与报告标准,pdf_explicit_series_citation,2024-NATIONAL AUSTRALIA BANK-climate-report.pdf,51,[51],[51],"erview Element Approach 2021 baseline(1) 4.9 MtCO2-e Metric Absolute emissions (MtCO2-e) Emissions Scope Scope 1, 2 and 3 2030 Target(1) 0.0 MtCO2-e (100% reduction against 2021 baseline) Reference pathway IEA NZE 2050 (2021) Data quality score (2023) Average PCAF score: 1.4 (Scope 1 and 2), 1.5 (Scope 3) (1) Updated for changes to methodology and boundaries as summarised below. Portfolio update NAB's portfolio emissions for thermal coal are as follows. Changes to methodologies and boundaries are included in this data. 2023 Post-RCF (Pre-RCF) 2021 baseline Post-RCF (Pre-RCF) 2030 target Thermal coal (MtCO2-e) 0.…","PDF full-document exact-series scan: the report page names a controlled GHG Protocol/PCAF fine standard in an accounting, reporting, methodology, or assurance context; this does not promote emissions values.",PDF 全文精确系列扫描：报告页在核算、报告、方法或鉴证语境中命名受控 GHG Protocol/PCAF 细分标准；该记录不提升排放数值。
closed,already_accepted,yes,ghg_financial_industry_standard,,r449_nationalaustraliabank,NATIONAL AUSTRALIA BANK,澳大利亚国民银行,449,ghg_financial_industry_standard,Global GHG Accounting and Reporting Standard for the Financial Industry,金融行业全球温室气体核算与报告标准,pdf_explicit_series_citation,2024-NATIONAL AUSTRALIA BANK-climate-report.pdf,52,[52],[52],"overview Element Approach 2021 baseline(1) 3.4 MtCO2-e Metric Absolute emissions (MtCO2-e) Emissions Scope Scope 1, 2 and 3 2030 Target(1) 2.5 MtCO2-e (25% reduction against baseline(2)) Reference pathway IEA NZE 2050 (2023) Data quality score (2023) Average PCAF score: 1.5 (Scope 1 and 2), 2.2 (Scope 3) (1) Updated for changes to methodology and boundaries as summarised below. (2) Baseline and target figures have been rounded. Percentage reduction is calculated on unrounded figures. Portfolio update NAB's portfolio emissions for oil and gas are as follows. Changes to methodologies and boundaries are included in…","PDF full-document exact-series scan: the report page names a controlled GHG Protocol/PCAF fine standard in an accounting, reporting, methodology, or assurance context; this does not promote emissions values.",PDF 全文精确系列扫描：报告页在核算、报告、方法或鉴证语境中命名受控 GHG Protocol/PCAF 细分标准；该记录不提升排放数值。
closed,already_accepted,yes,ghg_corporate_standard|ghg_scope3_standard,ghg_corporate_standard,r449_nationalaustraliabank,NATIONAL AUSTRALIA BANK,澳大利亚国民银行,449,ghg_scope3_standard,GHG Protocol Corporate Value Chain (Scope 3) Accounting and Reporting Standard,GHG Protocol 企业价值链（Scope 3）核算与报告标准,pdf_explicit_series_citation,2024-NATIONAL AUSTRALIA BANK-climate-report.pdf,66,[66],[66],istribution • Waste generated in operations • Business travel • Working from home • Upstream leased assets • Employee commuting (new in 2024) (1) The Greenhouse Gas Protocol: A Corporate Accounting and Reporting Standard (2004) and the Greenhouse Gas Protocol Corporate Value Chain (Scope 3) Accounting and Reporting Standard (2011) are referred to in this Basis for Conclusions as “GHG Protocol”. (2) This target is science-based and has been developed using the SBTi target-setting tool and criteria. It has not been submitted to SBTi for validation. (3) The Group has restated its 2023 market-based operational emiss…,"PDF full-document exact-series scan: the report page names a controlled GHG Protocol/PCAF fine standard in an accounting, reporting, methodology, or assurance context; this does not promote emissions values.",PDF 全文精确系列扫描：报告页在核算、报告、方法或鉴证语境中命名受控 GHG Protocol/PCAF 细分标准；该记录不提升排放数值。
closed,already_accepted,yes,ghg_corporate_standard|ghg_scope2_guidance|ghg_scope3_standard,ghg_scope2_guidance|ghg_scope3_standard,r450_sap公司,SAP,SAP,450,ghg_corporate_standard,GHG Protocol Corporate Accounting and Reporting Standard,GHG Protocol 企业核算与报告标准,pdf_explicit_series_citation,SAP integrated_report2024.pdf,2,"[1, 2, 3]","[152, 164]","ts (CO2e). We deduct renewable electricity from this amount to determine our Gross GHG Emissions (market-based). For more information, see the Energy Consumption and Mix section. Reporting Principles SAP’s preparation of the GHG emissions data is based on the Corporate Accounting and Reporting Standard, the GHG (Greenhouse Gas) Protocol Scope 2 Guidance, and the Corporate Value Chain (Scope 3) Accounting and Reporting Standard of the World Resources Institute/World Business Council for Sustainable Development. In alignment with the GHG Protocol Scope 2 Guidance, we report our Gross GHG Emissions using the locati…",PDF page backfill: mapped from the cited GHG Protocol evidence page plus adjacent page text; not promoted to direct-use emissions value.,PDF 页级回查：基于已引用的 GHG Protocol 证据页及相邻页文本映射；不提升为直接采信排放值。
closed,already_accepted,yes,ghg_corporate_standard|ghg_scope2_guidance|ghg_scope3_standard,ghg_scope2_guidance|ghg_scope3_standard,r450_sap公司,SAP,SAP,450,ghg_corporate_standard,GHG Protocol Corporate Accounting and Reporting Standard,GHG Protocol 企业核算与报告标准,pdf_explicit_series_citation,SAP integrated_report2024.pdf,152,[152],[152],"ts (CO2e). We deduct renewable electricity from this amount to determine our Gross GHG Emissions (market-based). For more information, see the Energy Consumption and Mix section. Reporting Principles SAP’s preparation of the GHG emissions data is based on the Corporate Accounting and Reporting Standard, the GHG (Greenhouse Gas) Protocol Scope 2 Guidance, and the Corporate Value Chain (Scope 3) Accounting and Reporting Standard of the World Resources Institute/World Business Council for Sustainable Development. In alignment with the GHG Protocol Scope 2 Guidance, we report our Gross GHG Emissions using the locati…","PDF full-document exact-series scan: the report page names a controlled GHG Protocol/PCAF fine standard in an accounting, reporting, methodology, or assurance context; this does not promote emissions values.",PDF 全文精确系列扫描：报告页在核算、报告、方法或鉴证语境中命名受控 GHG Protocol/PCAF 细分标准；该记录不提升排放数值。
closed,already_accepted,yes,ghg_corporate_standard|ghg_scope2_guidance|ghg_scope3_standard,ghg_corporate_standard|ghg_scope3_standard,r450_sap公司,SAP,SAP,450,ghg_scope2_guidance,GHG Protocol Scope 2 Guidance,GHG Protocol Scope 2 指南,pdf_explicit_series_citation,SAP integrated_report2024.pdf,2,"[1, 2, 3]","[152, 164]","oss GHG Emissions (market-based). For more information, see the Energy Consumption and Mix section. Reporting Principles SAP’s preparation of the GHG emissions data is based on the Corporate Accounting and Reporting Standard, the GHG (Greenhouse Gas) Protocol Scope 2 Guidance, and the Corporate Value Chain (Scope 3) Accounting and Reporting Standard of the World Resources Institute/World Business Council for Sustainable Development. In alignment with the GHG Protocol Scope 2 Guidance, we report our Gross GHG Emissions using the location-based and market-based calculation methods. Organizational Boundaries SAP de…",PDF page backfill: mapped from the cited GHG Protocol evidence page plus adjacent page text; not promoted to direct-use emissions value.,PDF 页级回查：基于已引用的 GHG Protocol 证据页及相邻页文本映射；不提升为直接采信排放值。
closed,already_accepted,yes,ghg_corporate_standard|ghg_scope2_guidance|ghg_scope3_standard,ghg_corporate_standard|ghg_scope3_standard,r450_sap公司,SAP,SAP,450,ghg_scope2_guidance,GHG Protocol Scope 2 Guidance,GHG Protocol Scope 2 指南,pdf_explicit_series_citation,SAP integrated_report2024.pdf,152,[152],[152],"oss GHG Emissions (market-based). For more information, see the Energy Consumption and Mix section. Reporting Principles SAP’s preparation of the GHG emissions data is based on the Corporate Accounting and Reporting Standard, the GHG (Greenhouse Gas) Protocol Scope 2 Guidance, and the Corporate Value Chain (Scope 3) Accounting and Reporting Standard of the World Resources Institute/World Business Council for Sustainable Development. In alignment with the GHG Protocol Scope 2 Guidance, we report our Gross GHG Emissions using the location-based and market-based calculation methods. Organizational Boundaries SAP de…","PDF full-document exact-series scan: the report page names a controlled GHG Protocol/PCAF fine standard in an accounting, reporting, methodology, or assurance context; this does not promote emissions values.",PDF 全文精确系列扫描：报告页在核算、报告、方法或鉴证语境中命名受控 GHG Protocol/PCAF 细分标准；该记录不提升排放数值。
closed,already_accepted,yes,ghg_scope2_guidance,,r450_sap公司,SAP,SAP,450,ghg_scope2_guidance,GHG Protocol Scope 2 Guidance,GHG Protocol Scope 2 指南,pdf_explicit_series_citation,SAP integrated_report2024.pdf,164,[164],[164],"EKOenergy’s Climate Fund, which finances solar projects tackling energy poverty. Calculation of Contractual Instruments For our science-based target (net zero by 2030) baseline, we account for GHG Emissions Scope 2 (market-based) in line with the GHG Protocol Scope 2 Guidance. SAP proactively purchases contractual instruments such as EACs as credible evidence that we power all our facilities with 100% renewable electricity. We calculate the amount of renewable electricity we use by adding together the amounts of renewable electricity a) produced on site, b) covered by EACs, and c) sourced through local green tar…","PDF full-document exact-series scan: the report page names a controlled GHG Protocol/PCAF fine standard in an accounting, reporting, methodology, or assurance context; this does not promote emissions values.",PDF 全文精确系列扫描：报告页在核算、报告、方法或鉴证语境中命名受控 GHG Protocol/PCAF 细分标准；该记录不提升排放数值。
closed,already_accepted,yes,ghg_corporate_standard|ghg_scope2_guidance|ghg_scope3_standard,ghg_corporate_standard|ghg_scope2_guidance,r450_sap公司,SAP,SAP,450,ghg_scope3_standard,GHG Protocol Corporate Value Chain (Scope 3) Accounting and Reporting Standard,GHG Protocol 企业价值链（Scope 3）核算与报告标准,pdf_explicit_series_citation,SAP integrated_report2024.pdf,2,"[1, 2, 3]","[152, 164]","based). For more information, see the Energy Consumption and Mix section. Reporting Principles SAP’s preparation of the GHG emissions data is based on the Corporate Accounting and Reporting Standard, the GHG (Greenhouse Gas) Protocol Scope 2 Guidance, and the Corporate Value Chain (Scope 3) Accounting and Reporting Standard of the World Resources Institute/World Business Council for Sustainable Development. In alignment with the GHG Protocol Scope 2 Guidance, we report our Gross GHG Emissions using the location-based and market-based calculation methods. Organizational Boundaries SAP defines its organizational b…",PDF page backfill: mapped from the cited GHG Protocol evidence page plus adjacent page text; not promoted to direct-use emissions value.,PDF 页级回查：基于已引用的 GHG Protocol 证据页及相邻页文本映射；不提升为直接采信排放值。
closed,already_accepted,yes,ghg_corporate_standard|ghg_scope2_guidance|ghg_scope3_standard,ghg_corporate_standard|ghg_scope2_guidance,r450_sap公司,SAP,SAP,450,ghg_scope3_standard,GHG Protocol Corporate Value Chain (Scope 3) Accounting and Reporting Standard,GHG Protocol 企业价值链（Scope 3）核算与报告标准,pdf_explicit_series_citation,SAP integrated_report2024.pdf,152,[152],[152],"based). For more information, see the Energy Consumption and Mix section. Reporting Principles SAP’s preparation of the GHG emissions data is based on the Corporate Accounting and Reporting Standard, the GHG (Greenhouse Gas) Protocol Scope 2 Guidance, and the Corporate Value Chain (Scope 3) Accounting and Reporting Standard of the World Resources Institute/World Business Council for Sustainable Development. In alignment with the GHG Protocol Scope 2 Guidance, we report our Gross GHG Emissions using the location-based and market-based calculation methods. Organizational Boundaries SAP defines its organizational b…","PDF full-document exact-series scan: the report page names a controlled GHG Protocol/PCAF fine standard in an accounting, reporting, methodology, or assurance context; this does not promote emissions values.",PDF 全文精确系列扫描：报告页在核算、报告、方法或鉴证语境中命名受控 GHG Protocol/PCAF 细分标准；该记录不提升排放数值。
closed,already_accepted,yes,ghg_financial_industry_standard,,r454_sompoholdings,SOMPO HOLDINGS,损保控股有限公司,454,ghg_financial_industry_standard,Global GHG Accounting and Reporting Standard for the Financial Industry,金融行业全球温室气体核算与报告标准,pdf_explicit_series_citation,2024_SOMPO HOLDINGS_sustainability_report.pdf,40,[40],[40],"lculated GHG emissions associated to insurance underwriting (Insurance-Associated Emissions) using data from com- panies that disclose GHG emissions (Scope 1, 2) by utilizing a method for measuring GHG emissions in the commercial insurance sector developed by Partnership for Carbon Accounting Financials (PCAF) in November 2022. In accordance with the principles of the Japanese Stewardship Code, Sompo Japan con- ducts an ESG survey (“Survey on ESG/Sustainability Initiatives”) every year to confirm the pol- icies and status of the companies in which it holds shares regarding the enhancement of their corporate valu…","PDF full-document exact-series scan: the report page names a controlled GHG Protocol/PCAF fine standard in an accounting, reporting, methodology, or assurance context; this does not promote emissions values.",PDF 全文精确系列扫描：报告页在核算、报告、方法或鉴证语境中命名受控 GHG Protocol/PCAF 细分标准；该记录不提升排放数值。
closed,already_accepted,yes,ghg_financial_industry_standard,,r454_sompoholdings,SOMPO HOLDINGS,损保控股有限公司,454,ghg_financial_industry_standard,Global GHG Accounting and Reporting Standard for the Financial Industry,金融行业全球温室气体核算与报告标准,pdf_explicit_series_citation,2024_SOMPO HOLDINGS_sustainability_report.pdf,51,[51],[51],"lculate GHG emissions in insurance underwriting (Insurance-Associated Emissions) using data* from companies that disclose GHG emissions (Scope 1, 2). *We calculated by using a method for measuring GHG emissions in the commercial insurance sector developed by Partnership for Carbon Accounting Financials (PCAF) in November 2022. Climate Change-related Initiatives Introduction SOMPO’s Sustainability Overview of SOMPO’s Value Creation Environment Group Environmental Policy/SOMPO Climate Action Leadership on Global Environmental Issues Response to TCFD and TNFD Climate Change-related Initiatives Nature-related Initi…","PDF full-document exact-series scan: the report page names a controlled GHG Protocol/PCAF fine standard in an accounting, reporting, methodology, or assurance context; this does not promote emissions values.",PDF 全文精确系列扫描：报告页在核算、报告、方法或鉴证语境中命名受控 GHG Protocol/PCAF 细分标准；该记录不提升排放数值。
closed,already_accepted,yes,ghg_financial_industry_standard,,r454_sompoholdings,SOMPO HOLDINGS,损保控股有限公司,454,ghg_financial_industry_standard,Global GHG Accounting and Reporting Standard for the Financial Industry,金融行业全球温室气体核算与报告标准,pdf_explicit_series_citation,2024_SOMPO HOLDINGS_sustainability_report.pdf,146,[146],[146],"O’s Value Creation Environment Society Governance Data GHG emissions from investments and loans, and insurance underwriting We calculate the GHG emissions*1 of the companies to which our group invest and underwrite, using a calculation method developed by the Partnership for Carbon Accounting Financials (PCAF). *1 Numerical data may be revised retroactively due to revisions to published data and calculation methods, etc. GHG emissions from investments and loans*2 Asset class Unit FY2019 FY2020 FY2021 FY2022 Third Party Assurance Equities GHG emission*3 t-CO2e 1,013,157 948,530 931,821 867,087 ✔ Intensity*4 t-CO2…","PDF full-document exact-series scan: the report page names a controlled GHG Protocol/PCAF fine standard in an accounting, reporting, methodology, or assurance context; this does not promote emissions values.",PDF 全文精确系列扫描：报告页在核算、报告、方法或鉴证语境中命名受控 GHG Protocol/PCAF 细分标准；该记录不提升排放数值。
closed,already_accepted,yes,,,r455_elililly,ELI LILLY,美国礼来公司,455,ghg_corporate_standard,GHG Protocol Corporate Accounting and Reporting Standard,GHG Protocol 企业核算与报告标准,pdf_explicit_series_citation,2024_ELI LILLY-SustainabilityReport-20251020_FINAL.pdf,15,[15],[15],"ily available, affiliates will continue offering fleet vehicles with more efficient fuel economy (e.g., hybrids and plug-in hybrids) and emphasizing sustainable driving and work practices in training programs. Scope 3 Emissions and Supply Chain Engagement The Greenhouse Gas Protocol Corporate Standard classifies Scope 3 emissions as indirect greenhouse gas emissions (not included in Scope 2) that occur in an organization’s value chain. There are 15 categories in Scope 3 divided into upstream emissions (activities related to manufacturing of our products) and downstream emissions (activities related to distributi…","PDF full-document exact-series scan: the report page names a controlled GHG Protocol/PCAF fine standard in an accounting, reporting, methodology, or assurance context; this does not promote emissions values.",PDF 全文精确系列扫描：报告页在核算、报告、方法或鉴证语境中命名受控 GHG Protocol/PCAF 细分标准；该记录不提升排放数值。
closed,already_accepted,yes,,,r459_cummins,CUMMINS,康明斯公司,459,ghg_corporate_standard,GHG Protocol Corporate Accounting and Reporting Standard,GHG Protocol 企业核算与报告标准,pdf_explicit_series_citation,2024-25-cummins-sustainability-progress-report.pdf,5,[5],[5],"ship interest of Ironcast De Frontera. Ironcast De Frontera operates a cast iron foundry located in Monclova, Mexico, which primarily forges blocks and heads used in Cummins’ and other manufacturers’ engines. The recalculation of this data is in line with the GHG Protocol Corporate Standards which lay out the principles governing baseline adjustments. Financial data comes from the company’s Annual Report on Form 10-K timed to 2024. The 2025 Proxy Statement is the source of information for the Cummins Board of Directors. Cummins’ commitment to transparency The company values transparency as a key factor in mainta…","PDF full-document exact-series scan: the report page names a controlled GHG Protocol/PCAF fine standard in an accounting, reporting, methodology, or assurance context; this does not promote emissions values.",PDF 全文精确系列扫描：报告页在核算、报告、方法或鉴证语境中命名受控 GHG Protocol/PCAF 细分标准；该记录不提升排放数值。
closed,already_accepted,yes,,,r459_cummins,CUMMINS,康明斯公司,459,ghg_corporate_standard,GHG Protocol Corporate Accounting and Reporting Standard,GHG Protocol 企业核算与报告标准,pdf_explicit_series_citation,2024-25-cummins-sustainability-progress-report.pdf,17,[17],[17],"ship interest of Ironcast De Frontera. Ironcast De Frontera operates a cast iron foundry located in Monclova, Mexico, which primarily forges blocks and heads used in Cummins’ and other manufacturers’ engines. The recalculation of this data is in line with the GHG Protocol Corporate Standards, which outlines the principles governing baseline adjustments. As the external environment continues to shift — driven by evolving regulations, changing market dynamics and stakeholder expectations — Cummins assessed the continued relevance and measurability of its goals. This included evaluating in light of significant busi…","PDF full-document exact-series scan: the report page names a controlled GHG Protocol/PCAF fine standard in an accounting, reporting, methodology, or assurance context; this does not promote emissions values.",PDF 全文精确系列扫描：报告页在核算、报告、方法或鉴证语境中命名受控 GHG Protocol/PCAF 细分标准；该记录不提升排放数值。
closed,already_accepted,yes,ghg_financial_industry_standard,,r461_rabobankgroup,RABOBANK GROUP,荷兰合作银行集团,461,ghg_financial_industry_standard,Global GHG Accounting and Reporting Standard for the Financial Industry,金融行业全球温室气体核算与报告标准,pdf_explicit_series_citation,rabobank_impact_report_2024.pdf,41,[41],[41],"t this Report Contents Foreword Rabobank at a Glance Our Bank Better Bank Better World Appendices Disclaimer Impact Report 2024 - Better World 41 Footprints (Portfolio & customers) Measuring and monitoring our financed emissions. At Rabobank, we use the PCAF (Partnership for Carbon Accounting Financials) standard for accounting and disclosing financed emissions. Benchmarks (Sector, national, industry) Identifying science-based sectoral decarbonization pathways (such as the pathways by SBTi, IEA, and CRREM) that provide guidance on the rate at which customers in a given sector need to reduce their GHG emissions. …","PDF full-document exact-series scan: the report page names a controlled GHG Protocol/PCAF fine standard in an accounting, reporting, methodology, or assurance context; this does not promote emissions values.",PDF 全文精确系列扫描：报告页在核算、报告、方法或鉴证语境中命名受控 GHG Protocol/PCAF 细分标准；该记录不提升排放数值。
closed,already_accepted,yes,ghg_financial_industry_standard,,r461_rabobankgroup,RABOBANK GROUP,荷兰合作银行集团,461,ghg_financial_industry_standard,Global GHG Accounting and Reporting Standard for the Financial Industry,金融行业全球温室气体核算与报告标准,pdf_explicit_series_citation,rabobank_impact_report_2024.pdf,74,[74],[74],"d bottom-up (company specific) numbers will replace top- down (sector) estimates. This means that data may need to be restated in future and comparisons over time will be difficult until methodologies and regulations are more settled. • At Rabobank we use the PCAF standard for accounting and disclosing financed emissions. The availability, specificity and accuracy of the data we use to make these calculations varies widely per sector. Therefore, the financed emissions overview presented in this report should be interpreted as our ""estimates on a best effort basis"", in accordance with PCAF methodology, using the …","PDF full-document exact-series scan: the report page names a controlled GHG Protocol/PCAF fine standard in an accounting, reporting, methodology, or assurance context; this does not promote emissions values.",PDF 全文精确系列扫描：报告页在核算、报告、方法或鉴证语境中命名受控 GHG Protocol/PCAF 细分标准；该记录不提升排放数值。
closed,already_accepted,yes,ghg_scope2_guidance,ghg_scope2_guidance,r464_britishamericantobacco,BRITISH AMERICAN TOBACCO,英美烟草集团,464,ghg_corporate_standard,GHG Protocol Corporate Accounting and Reporting Standard,GHG Protocol 企业核算与报告标准,pdf_explicit_series_citation,BRITISH AMERICAN TOBACCO_Annual_Report_on_Form_20-F_2024.pdf,140,[140],[140],"Reporting methodology for CO2e emissions We use the World Business Council for Sustainable Development GHG Protocol Corporate Standard to guide our reporting of carbon dioxide equivalent (CO2e) emissions. We also use supporting standards including: – GHG Protocol Scope 2 Guidance, 2015 – GHG Protocol Corporate Value Chain (Scope 3) Standard, 2011 Where we have operational control, we include emissions from energy use, the Dry Ice Expanded Tobacco (DIET) production process, as well as fugit","PDF full-document exact-series scan: the report page names a controlled GHG Protocol/PCAF fine standard in an accounting, reporting, methodology, or assurance context; this does not promote emissions values.",PDF 全文精确系列扫描：报告页在核算、报告、方法或鉴证语境中命名受控 GHG Protocol/PCAF 细分标准；该记录不提升排放数值。
closed,already_accepted,yes,ghg_scope2_guidance,,r464_britishamericantobacco,BRITISH AMERICAN TOBACCO,英美烟草集团,464,ghg_scope2_guidance,GHG Protocol Scope 2 Guidance,GHG Protocol Scope 2 指南,pdf_explicit_series_citation,BRITISH AMERICAN TOBACCO_Annual_Report_on_Form_20-F_2024.pdf,140,[140],[140],"rting methodology for CO2e emissions We use the World Business Council for Sustainable Development GHG Protocol Corporate Standard to guide our reporting of carbon dioxide equivalent (CO2e) emissions. We also use supporting standards including: – GHG Protocol Scope 2 Guidance, 2015 – GHG Protocol Corporate Value Chain (Scope 3) Standard, 2011 Where we have operational control, we include emissions from energy use, the Dry Ice Expanded Tobacco (DIET) production process, as well as fugitive emissions and process emissions from on-site wastewater and waste treatment in our CO2e emissions reporting. While we account…","PDF full-document exact-series scan: the report page names a controlled GHG Protocol/PCAF fine standard in an accounting, reporting, methodology, or assurance context; this does not promote emissions values.",PDF 全文精确系列扫描：报告页在核算、报告、方法或鉴证语境中命名受控 GHG Protocol/PCAF 细分标准；该记录不提升排放数值。
closed,already_accepted,yes,ghg_scope2_guidance,ghg_scope2_guidance,r464_britishamericantobacco,BRITISH AMERICAN TOBACCO,英美烟草集团,464,ghg_scope3_standard,GHG Protocol Corporate Value Chain (Scope 3) Accounting and Reporting Standard,GHG Protocol 企业价值链（Scope 3）核算与报告标准,pdf_explicit_series_citation,BRITISH AMERICAN TOBACCO_Annual_Report_on_Form_20-F_2024.pdf,140,[140],[140],"e use the World Business Council for Sustainable Development GHG Protocol Corporate Standard to guide our reporting of carbon dioxide equivalent (CO2e) emissions. We also use supporting standards including: – GHG Protocol Scope 2 Guidance, 2015 – GHG Protocol Corporate Value Chain (Scope 3) Standard, 2011 Where we have operational control, we include emissions from energy use, the Dry Ice Expanded Tobacco (DIET) production process, as well as fugitive emissions and process emissions from on-site wastewater and waste treatment in our CO2e emissions reporting. While we account for the contribution of all seven GHG…","PDF full-document exact-series scan: the report page names a controlled GHG Protocol/PCAF fine standard in an accounting, reporting, methodology, or assurance context; this does not promote emissions values.",PDF 全文精确系列扫描：报告页在核算、报告、方法或鉴证语境中命名受控 GHG Protocol/PCAF 细分标准；该记录不提升排放数值。
closed,already_accepted,yes,ghg_corporate_standard|ghg_scope2_guidance|ghg_scope3_standard,ghg_scope2_guidance|ghg_scope3_standard,r466_bankofnewyorkmellon,BANK OF NEW YORK MELLON,纽约梅隆银行,466,ghg_corporate_standard,GHG Protocol Corporate Accounting and Reporting Standard,GHG Protocol 企业核算与报告标准,pdf_explicit_series_citation,2023-BANK OF NEW YORK MELLON sustainability-report.pdf,129,[129],[129],"GWP: AR-4 Period covered by GHG emissions verification: • January 1, 2023 to December 31, 2023 Criteria against which verification conducted: • World Resources Institute (WRI)/World Business Council for Sustainable Development (WBCSD) Greenhouse Gas Protocol, Corporate Accounting and Reporting Standard, Revised Edition (Scope 1 and 2) and the GHG Protocol Scope 2 Guidance, an amendment to the GHG Protocol Corporate Standard • WRI/WBCSD Corporate Value Chain (Scope 3) Accounting and Reporting Standard Reference Standard: • ISO 14064-3 Second Edition 2019-04: Greenhouse gases -- Part 3: Specification with guidance…","PDF full-document exact-series scan: the report page names a controlled GHG Protocol/PCAF fine standard in an accounting, reporting, methodology, or assurance context; this does not promote emissions values.",PDF 全文精确系列扫描：报告页在核算、报告、方法或鉴证语境中命名受控 GHG Protocol/PCAF 细分标准；该记录不提升排放数值。
closed,already_accepted,yes,ghg_corporate_standard,,r466_bankofnewyorkmellon,BANK OF NEW YORK MELLON,纽约梅隆银行,466,ghg_corporate_standard,GHG Protocol Corporate Accounting and Reporting Standard,GHG Protocol 企业核算与报告标准,pdf_explicit_series_citation,2023-BANK OF NEW YORK MELLON sustainability-report.pdf,66,[66],[66],"nergy reduction targets in the form of emission reduction targets, as these are a surrogate for energy targets. BNY calculates its total energy consumption in conjunction with calculating its greenhouse gas inventory. Therefore, The Greenhouse Gas Protocol: A Corporate Accounting and Reporting Standard (Revised Edition) is the published methodology and standard used in energy and emission calculation. Financed Emissions Like many financial institutions, BNY’s Scope 3 GHG emissions from our value chain activities are primarily driven by the Category 15 emissions associated with our financing activities. However, …","PDF full-document exact-series scan: the report page names a controlled GHG Protocol/PCAF fine standard in an accounting, reporting, methodology, or assurance context; this does not promote emissions values.",PDF 全文精确系列扫描：报告页在核算、报告、方法或鉴证语境中命名受控 GHG Protocol/PCAF 细分标准；该记录不提升排放数值。
closed,already_accepted,yes,ghg_corporate_standard,,r466_bankofnewyorkmellon,BANK OF NEW YORK MELLON,纽约梅隆银行,466,ghg_corporate_standard,GHG Protocol Corporate Accounting and Reporting Standard,GHG Protocol 企业核算与报告标准,pdf_explicit_series_citation,2023-BANK OF NEW YORK MELLON sustainability-report.pdf,130,[130],[130],"res conducted, there is no evidence that the GHG emissions statement shown above: • is not materially correct and is not a fair representation of the GHG emissions data and information; and • has not been prepared in accordance with the WRI/WBCSD GHG Protocol Corporate Accounting and Reporting Standard (Scope 1 and 2), and WRI/WBCSD Greenhouse Gas Protocol Corporate Value Chain Accounting and Reporting Standard (Scope 3). It is our opinion that BNY Mellon has established appropriate systems for the collection, aggregation and analysis of quantitative data for determination of these GHG emissions for the stated p…","PDF full-document exact-series scan: the report page names a controlled GHG Protocol/PCAF fine standard in an accounting, reporting, methodology, or assurance context; this does not promote emissions values.",PDF 全文精确系列扫描：报告页在核算、报告、方法或鉴证语境中命名受控 GHG Protocol/PCAF 细分标准；该记录不提升排放数值。
closed,already_accepted,yes,ghg_financial_industry_standard,,r466_bankofnewyorkmellon,BANK OF NEW YORK MELLON,纽约梅隆银行,466,ghg_financial_industry_standard,Global GHG Accounting and Reporting Standard for the Financial Industry,金融行业全球温室气体核算与报告标准,pdf_explicit_series_citation,2023-BANK OF NEW YORK MELLON sustainability-report.pdf,66,"[65, 66, 67]",,"nable Solutions Trust Managing For the Long Term Environment Responsible Business People and Communities Appendices SUSTAINABILITY REPORT 2023 67 Measuring Our Financed Emissions In line with our peers, we followed the latest methodology and guidance from the Partnership for Carbon Accounting Financials (PCAF) to calculate initial estimates of our financed emissions. In conducting our analysis, we included the following lending, investment and facilitation activities: corporate loans, corporate bonds, commercial real estate loans and mortgages, residential real estate mortgages, equity and debt capital markets f…",PDF page backfill: mapped from the cited GHG Protocol evidence page plus adjacent page text; not promoted to direct-use emissions value.,PDF 页级回查：基于已引用的 GHG Protocol 证据页及相邻页文本映射；不提升为直接采信排放值。
closed,already_accepted,yes,ghg_financial_industry_standard,,r466_bankofnewyorkmellon,BANK OF NEW YORK MELLON,纽约梅隆银行,466,ghg_financial_industry_standard,Global GHG Accounting and Reporting Standard for the Financial Industry,金融行业全球温室气体核算与报告标准,pdf_explicit_series_citation,2023-BANK OF NEW YORK MELLON sustainability-report.pdf,67,[67],[67],"nable Solutions Trust Managing For the Long Term Environment Responsible Business People and Communities Appendices SUSTAINABILITY REPORT 2023 67 Measuring Our Financed Emissions In line with our peers, we followed the latest methodology and guidance from the Partnership for Carbon Accounting Financials (PCAF) to calculate initial estimates of our financed emissions. In conducting our analysis, we included the following lending, investment and facilitation activities: corporate loans, corporate bonds, commercial real estate loans and mortgages, residential real estate mortgages, equity and debt capital markets f…","PDF full-document exact-series scan: the report page names a controlled GHG Protocol/PCAF fine standard in an accounting, reporting, methodology, or assurance context; this does not promote emissions values.",PDF 全文精确系列扫描：报告页在核算、报告、方法或鉴证语境中命名受控 GHG Protocol/PCAF 细分标准；该记录不提升排放数值。
closed,already_accepted,yes,ghg_financial_industry_standard,,r466_bankofnewyorkmellon,BANK OF NEW YORK MELLON,纽约梅隆银行,466,ghg_financial_industry_standard,Global GHG Accounting and Reporting Standard for the Financial Industry,金融行业全球温室气体核算与报告标准,pdf_explicit_series_citation,2023-BANK OF NEW YORK MELLON sustainability-report.pdf,68,[68],[68],"f our financed emissions estimates depends on the quality of the client-level financial, emissions and production data used in the underlying calculation for each asset class. Recognizing that data accuracy and availability remain a challenge in the industry, PCAF provides a methodology to assign a data quality score, ranging from 1 to 5, to each calculation based on the source and accuracy of the data. A PCAF data quality score of “1” denotes the highest data quality (i.e., most certain), typically actual 20 For corporate clients, fallback methodologies estimate the financed emissions of a company using either …","PDF full-document exact-series scan: the report page names a controlled GHG Protocol/PCAF fine standard in an accounting, reporting, methodology, or assurance context; this does not promote emissions values.",PDF 全文精确系列扫描：报告页在核算、报告、方法或鉴证语境中命名受控 GHG Protocol/PCAF 细分标准；该记录不提升排放数值。
closed,already_accepted,yes,ghg_corporate_standard|ghg_scope2_guidance|ghg_scope3_standard,ghg_corporate_standard|ghg_scope3_standard,r466_bankofnewyorkmellon,BANK OF NEW YORK MELLON,纽约梅隆银行,466,ghg_scope2_guidance,GHG Protocol Scope 2 Guidance,GHG Protocol Scope 2 指南,pdf_explicit_series_citation,2023-BANK OF NEW YORK MELLON sustainability-report.pdf,129,[129],[129],"teria against which verification conducted: • World Resources Institute (WRI)/World Business Council for Sustainable Development (WBCSD) Greenhouse Gas Protocol, Corporate Accounting and Reporting Standard, Revised Edition (Scope 1 and 2) and the GHG Protocol Scope 2 Guidance, an amendment to the GHG Protocol Corporate Standard • WRI/WBCSD Corporate Value Chain (Scope 3) Accounting and Reporting Standard Reference Standard: • ISO 14064-3 Second Edition 2019-04: Greenhouse gases -- Part 3: Specification with guidance for the verification and validation of greenhouse gas statements Level of Assurance and Qualifica…","PDF full-document exact-series scan: the report page names a controlled GHG Protocol/PCAF fine standard in an accounting, reporting, methodology, or assurance context; this does not promote emissions values.",PDF 全文精确系列扫描：报告页在核算、报告、方法或鉴证语境中命名受控 GHG Protocol/PCAF 细分标准；该记录不提升排放数值。
closed,already_accepted,yes,ghg_corporate_standard|ghg_scope2_guidance|ghg_scope3_standard,,r466_bankofnewyorkmellon,BANK OF NEW YORK MELLON,纽约梅隆银行,466,ghg_scope3_standard,GHG Protocol Corporate Value Chain (Scope 3) Accounting and Reporting Standard,GHG Protocol 企业价值链（Scope 3）核算与报告标准,pdf_explicit_series_citation,2023-BANK OF NEW YORK MELLON sustainability-report.pdf,129,[129],[129],"d Business Council for Sustainable Development (WBCSD) Greenhouse Gas Protocol, Corporate Accounting and Reporting Standard, Revised Edition (Scope 1 and 2) and the GHG Protocol Scope 2 Guidance, an amendment to the GHG Protocol Corporate Standard • WRI/WBCSD Corporate Value Chain (Scope 3) Accounting and Reporting Standard Reference Standard: • ISO 14064-3 Second Edition 2019-04: Greenhouse gases -- Part 3: Specification with guidance for the verification and validation of greenhouse gas statements Level of Assurance and Qualifications: • Limited • This verification used a materiality threshold of +/-5% for agg…","PDF full-document exact-series scan: the report page names a controlled GHG Protocol/PCAF fine standard in an accounting, reporting, methodology, or assurance context; this does not promote emissions values.",PDF 全文精确系列扫描：报告页在核算、报告、方法或鉴证语境中命名受控 GHG Protocol/PCAF 细分标准；该记录不提升排放数值。
closed,already_accepted,yes,,,r466_bankofnewyorkmellon,BANK OF NEW YORK MELLON,纽约梅隆银行,466,ghg_scope3_standard,GHG Protocol Corporate Value Chain (Scope 3) Accounting and Reporting Standard,GHG Protocol 企业价值链（Scope 3）核算与报告标准,pdf_explicit_series_citation,2023-BANK OF NEW YORK MELLON sustainability-report.pdf,66,[66],[66],"Managing For the Long Term Environment Responsible Business People and Communities Appendices SUSTAINABILITY REPORT 2023 66 Independent Verification BNY engaged Apex Companies, LLC, an independent, third-party organization, to verify our Scope 1, Scope 2 and Scope 3, Category 6 (business travel) emissions and renewable energy purchases at a limited assurance level (see the full Verification Statement). The verification of our emissions lends transparency and confidence to our methodology and enhances our ability to track energy- efficiency opportunities. A subcommittee of our Disclosure Committee and our Executi…","PDF full-document exact-series scan: the report page names a controlled GHG Protocol/PCAF fine standard in an accounting, reporting, methodology, or assurance context; this does not promote emissions values.",PDF 全文精确系列扫描：报告页在核算、报告、方法或鉴证语境中命名受控 GHG Protocol/PCAF 细分标准；该记录不提升排放数值。
closed,already_accepted,yes,ghg_corporate_standard,ghg_corporate_standard,r466_bankofnewyorkmellon,BANK OF NEW YORK MELLON,纽约梅隆银行,466,ghg_scope3_standard,GHG Protocol Corporate Value Chain (Scope 3) Accounting and Reporting Standard,GHG Protocol 企业价值链（Scope 3）核算与报告标准,pdf_explicit_series_citation,2023-BANK OF NEW YORK MELLON sustainability-report.pdf,130,[130],[130],"ly correct and is not a fair representation of the GHG emissions data and information; and • has not been prepared in accordance with the WRI/WBCSD GHG Protocol Corporate Accounting and Reporting Standard (Scope 1 and 2), and WRI/WBCSD Greenhouse Gas Protocol Corporate Value Chain Accounting and Reporting Standard (Scope 3). It is our opinion that BNY Mellon has established appropriate systems for the collection, aggregation and analysis of quantitative data for determination of these GHG emissions for the stated period and boundaries. Statement of independence, impartiality and competence Apex is an independent…","PDF full-document exact-series scan: the report page names a controlled GHG Protocol/PCAF fine standard in an accounting, reporting, methodology, or assurance context; this does not promote emissions values.",PDF 全文精确系列扫描：报告页在核算、报告、方法或鉴证语境中命名受控 GHG Protocol/PCAF 细分标准；该记录不提升排放数值。
closed,already_accepted,yes,ghg_corporate_standard,,r468_netflix公司,Netflix,Netflix,468,ghg_corporate_standard,GHG Protocol Corporate Accounting and Reporting Standard,GHG Protocol 企业核算与报告标准,pdf_explicit_series_citation,2024-Netflix-Environmental-Social-Governance-Report.pdf,5,"[4, 5, 6]","[43, 44]","n, use intensity values from the U.S. Energy Information Administration Commercial Building Energy Consumption Survey (2018). Netflix greenhouse gas (GHG) emissions reporting is consistent with the “operational control” approach as set out by the GHG Protocol Corporate Accounting and Reporting Standard: Revised Edition. The organizational and operational boundary applies to the global company including its subsidiaries, the office and studio facilities we own and operate (e.g., Netflix Albuquerque Studios, US) as well as facilities we lease from others but over which we have operational control (e.g., corporate …",PDF page backfill: mapped from the cited GHG Protocol evidence page plus adjacent page text; not promoted to direct-use emissions value.,PDF 页级回查：基于已引用的 GHG Protocol 证据页及相邻页文本映射；不提升为直接采信排放值。
closed,already_accepted,yes,ghg_corporate_standard,,r468_netflix公司,Netflix,Netflix,468,ghg_corporate_standard,GHG Protocol Corporate Accounting and Reporting Standard,GHG Protocol 企业核算与报告标准,pdf_explicit_series_citation,2024-Netflix-Environmental-Social-Governance-Report.pdf,43,[43],[43],"n, use intensity values from the U.S. Energy Information Administration Commercial Building Energy Consumption Survey (2018). Netflix greenhouse gas (GHG) emissions reporting is consistent with the “operational control” approach as set out by the GHG Protocol Corporate Accounting and Reporting Standard: Revised Edition. The organizational and operational boundary applies to the global company including its subsidiaries, the office and studio facilities we own and operate (e.g., Netflix Albuquerque Studios, US) as well as facilities we lease from others but over which we have operational control (e.g., corporate …","PDF full-document exact-series scan: the report page names a controlled GHG Protocol/PCAF fine standard in an accounting, reporting, methodology, or assurance context; this does not promote emissions values.",PDF 全文精确系列扫描：报告页在核算、报告、方法或鉴证语境中命名受控 GHG Protocol/PCAF 细分标准；该记录不提升排放数值。
closed,already_accepted,yes,ghg_project_protocol,,r468_netflix公司,Netflix,Netflix,468,ghg_project_protocol,GHG Protocol Project Protocol,GHG Protocol 项目减排核算协议,pdf_explicit_series_citation,2024-Netflix-Environmental-Social-Governance-Report.pdf,5,"[4, 5, 6]","[43, 44]","of displacing emissions from one location to another) These criteria align with the 2024 Core Carbon Principles (CCPs) defined by the Integrity Council for the Voluntary Carbon Market (ICVCM), as well as with foundational project accounting standards, such as the GHG Protocol for Project Accounting and ISO 14064 Part 2. SCREEN 3 Deep project-level diligence and impact screening Our team conducts due diligence on the projects and holds live interviews directly with the project developers and/or trusted project partners. This includes research on the projects, their proponents and other local stakeholders. Engagin…",PDF page backfill: mapped from the cited GHG Protocol evidence page plus adjacent page text; not promoted to direct-use emissions value.,PDF 页级回查：基于已引用的 GHG Protocol 证据页及相邻页文本映射；不提升为直接采信排放值。
closed,already_accepted,yes,ghg_project_protocol,,r468_netflix公司,Netflix,Netflix,468,ghg_project_protocol,GHG Protocol Project Protocol,GHG Protocol 项目减排核算协议,pdf_explicit_series_citation,2024-Netflix-Environmental-Social-Governance-Report.pdf,44,[44],[44],"of displacing emissions from one location to another) These criteria align with the 2024 Core Carbon Principles (CCPs) defined by the Integrity Council for the Voluntary Carbon Market (ICVCM), as well as with foundational project accounting standards, such as the GHG Protocol for Project Accounting and ISO 14064 Part 2. SCREEN 3 Deep project-level diligence and impact screening Our team conducts due diligence on the projects and holds live interviews directly with the project developers and/or trusted project partners. This includes research on the projects, their proponents and other local stakeholders. Engagin…","PDF full-document exact-series scan: the report page names a controlled GHG Protocol/PCAF fine standard in an accounting, reporting, methodology, or assurance context; this does not promote emissions values.",PDF 全文精确系列扫描：报告页在核算、报告、方法或鉴证语境中命名受控 GHG Protocol/PCAF 细分标准；该记录不提升排放数值。
closed,already_accepted,yes,ghg_scope2_guidance|ghg_scope3_calculation_guidance|ghg_scope3_standard,ghg_scope3_calculation_guidance|ghg_scope3_standard,r468_netflix公司,Netflix,Netflix,468,ghg_scope2_guidance,GHG Protocol Scope 2 Guidance,GHG Protocol Scope 2 指南,pdf_explicit_series_citation,2024-Netflix-Environmental-Social-Governance-Report.pdf,5,"[4, 5, 6]","[43, 44]","trategy 6 GHG Emissions Inventory Methodology Netflix reports its emissions following the World Resources Institute (WRI) / World Business Council for Sustainable Development’s (WBCSD) Greenhouse Gas Protocol Corporate Standard, as amended by the GHG Protocol Scope 2 Guidance, as well as WRI / WBCSD’s Greenhouse Gas Protocol Corporate Value Chain (Scope 3) Accounting and Reporting Standard and Technical Guidance for Calculating Scope 3 Emissions (collectively, the GHG Protocol). Netflix GHG emissions reporting follows the operational control approach set out by the GHGP. Our reported emissions account for all GH…",PDF page backfill: mapped from the cited GHG Protocol evidence page plus adjacent page text; not promoted to direct-use emissions value.,PDF 页级回查：基于已引用的 GHG Protocol 证据页及相邻页文本映射；不提升为直接采信排放值。
closed,already_accepted,yes,ghg_scope2_guidance|ghg_scope3_calculation_guidance|ghg_scope3_standard,ghg_scope3_calculation_guidance|ghg_scope3_standard,r468_netflix公司,Netflix,Netflix,468,ghg_scope2_guidance,GHG Protocol Scope 2 Guidance,GHG Protocol Scope 2 指南,pdf_explicit_series_citation,2024-Netflix-Environmental-Social-Governance-Report.pdf,43,[43],[43],"GHG Emissions Inventory Methodology Netflix reports its emissions following the World Resources Institute (WRI) / World Business Council for Sustainable Development’s (WBCSD) Greenhouse Gas Protocol Corporate Standard, as amended by the GHG Protocol Scope 2 Guidance, as well as WRI / WBCSD’s Greenhouse Gas Protocol Corporate Value Chain (Scope 3) Accounting and Reporting Standard and Technical Guidance for Calculating Scope 3 Emissions (collectively, the GHG Protocol). Netflix GHG emissions reporting follows the operational control approach set out by the GHGP. Our reported emissions account for all GHGs covered…","PDF full-document exact-series scan: the report page names a controlled GHG Protocol/PCAF fine standard in an accounting, reporting, methodology, or assurance context; this does not promote emissions values.",PDF 全文精确系列扫描：报告页在核算、报告、方法或鉴证语境中命名受控 GHG Protocol/PCAF 细分标准；该记录不提升排放数值。
closed,already_accepted,yes,ghg_scope2_guidance|ghg_scope3_calculation_guidance|ghg_scope3_standard,,r468_netflix公司,Netflix,Netflix,468,ghg_scope3_calculation_guidance,GHG Protocol Scope 3 Calculation Guidance,GHG Protocol Scope 3 计算指南,pdf_explicit_series_citation,2024-Netflix-Environmental-Social-Governance-Report.pdf,5,"[4, 5, 6]","[43, 44]","s Council for Sustainable Development’s (WBCSD) Greenhouse Gas Protocol Corporate Standard, as amended by the GHG Protocol Scope 2 Guidance, as well as WRI / WBCSD’s Greenhouse Gas Protocol Corporate Value Chain (Scope 3) Accounting and Reporting Standard and Technical Guidance for Calculating Scope 3 Emissions (collectively, the GHG Protocol). Netflix GHG emissions reporting follows the operational control approach set out by the GHGP. Our reported emissions account for all GHGs covered by the UNFCCC Kyoto Protocol (Annex A) relevant to Netflix activities and are converted into metric tons of carbon dioxide equ…",PDF page backfill: mapped from the cited GHG Protocol evidence page plus adjacent page text; not promoted to direct-use emissions value.,PDF 页级回查：基于已引用的 GHG Protocol 证据页及相邻页文本映射；不提升为直接采信排放值。
closed,already_accepted,yes,ghg_scope2_guidance|ghg_scope3_calculation_guidance|ghg_scope3_standard,,r468_netflix公司,Netflix,Netflix,468,ghg_scope3_calculation_guidance,GHG Protocol Scope 3 Calculation Guidance,GHG Protocol Scope 3 计算指南,pdf_explicit_series_citation,2024-Netflix-Environmental-Social-Governance-Report.pdf,43,[43],[43],"s Council for Sustainable Development’s (WBCSD) Greenhouse Gas Protocol Corporate Standard, as amended by the GHG Protocol Scope 2 Guidance, as well as WRI / WBCSD’s Greenhouse Gas Protocol Corporate Value Chain (Scope 3) Accounting and Reporting Standard and Technical Guidance for Calculating Scope 3 Emissions (collectively, the GHG Protocol). Netflix GHG emissions reporting follows the operational control approach set out by the GHGP. Our reported emissions account for all GHGs covered by the UNFCCC Kyoto Protocol (Annex A) relevant to Netflix activities and are converted into metric tons of carbon dioxide equ…","PDF full-document exact-series scan: the report page names a controlled GHG Protocol/PCAF fine standard in an accounting, reporting, methodology, or assurance context; this does not promote emissions values.",PDF 全文精确系列扫描：报告页在核算、报告、方法或鉴证语境中命名受控 GHG Protocol/PCAF 细分标准；该记录不提升排放数值。
closed,already_accepted,yes,ghg_scope2_guidance|ghg_scope3_calculation_guidance|ghg_scope3_standard,ghg_scope2_guidance|ghg_scope3_calculation_guidance,r468_netflix公司,Netflix,Netflix,468,ghg_scope3_standard,GHG Protocol Corporate Value Chain (Scope 3) Accounting and Reporting Standard,GHG Protocol 企业价值链（Scope 3）核算与报告标准,pdf_explicit_series_citation,2024-Netflix-Environmental-Social-Governance-Report.pdf,5,"[4, 5, 6]","[43, 44]","missions following the World Resources Institute (WRI) / World Business Council for Sustainable Development’s (WBCSD) Greenhouse Gas Protocol Corporate Standard, as amended by the GHG Protocol Scope 2 Guidance, as well as WRI / WBCSD’s Greenhouse Gas Protocol Corporate Value Chain (Scope 3) Accounting and Reporting Standard and Technical Guidance for Calculating Scope 3 Emissions (collectively, the GHG Protocol). Netflix GHG emissions reporting follows the operational control approach set out by the GHGP. Our reported emissions account for all GHGs covered by the UNFCCC Kyoto Protocol (Annex A) relevant to Netfl…",PDF page backfill: mapped from the cited GHG Protocol evidence page plus adjacent page text; not promoted to direct-use emissions value.,PDF 页级回查：基于已引用的 GHG Protocol 证据页及相邻页文本映射；不提升为直接采信排放值。
closed,already_accepted,yes,ghg_scope2_guidance|ghg_scope3_calculation_guidance|ghg_scope3_standard,ghg_scope2_guidance|ghg_scope3_calculation_guidance,r468_netflix公司,Netflix,Netflix,468,ghg_scope3_standard,GHG Protocol Corporate Value Chain (Scope 3) Accounting and Reporting Standard,GHG Protocol 企业价值链（Scope 3）核算与报告标准,pdf_explicit_series_citation,2024-Netflix-Environmental-Social-Governance-Report.pdf,43,[43],[43],"missions following the World Resources Institute (WRI) / World Business Council for Sustainable Development’s (WBCSD) Greenhouse Gas Protocol Corporate Standard, as amended by the GHG Protocol Scope 2 Guidance, as well as WRI / WBCSD’s Greenhouse Gas Protocol Corporate Value Chain (Scope 3) Accounting and Reporting Standard and Technical Guidance for Calculating Scope 3 Emissions (collectively, the GHG Protocol). Netflix GHG emissions reporting follows the operational control approach set out by the GHGP. Our reported emissions account for all GHGs covered by the UNFCCC Kyoto Protocol (Annex A) relevant to Netfl…","PDF full-document exact-series scan: the report page names a controlled GHG Protocol/PCAF fine standard in an accounting, reporting, methodology, or assurance context; this does not promote emissions values.",PDF 全文精确系列扫描：报告页在核算、报告、方法或鉴证语境中命名受控 GHG Protocol/PCAF 细分标准；该记录不提升排放数值。
closed,already_accepted,yes,ghg_corporate_standard,,r479_schlumberger,SCHLUMBERGER,斯伦贝谢公司,479,ghg_corporate_standard,GHG Protocol Corporate Accounting and Reporting Standard,GHG Protocol 企业核算与报告标准,pdf_explicit_series_citation,SCHLUMBERGER-sustainability-report-2024.pdf,51,[51],[51],"emission reduction efforts. We also, annually, commission an external third party to perform attest procedures with respect to certain GHG emissions. Emissions calculations are based on the principles and guidance established in The Greenhouse Gas Protocol: A Corporate Accounting and Reporting Standard (Revised Edition) to calculate our annual CO2e emissions. As part of that process, we apply emissions factors and global warming potential (GWP) factors to energy consumption data to derive CO2e values. The GWP factors are taken from the IPCC Fifth Assessment Report. (AR5 – 20 year and 100 year). TCFD D-b Disclose…","PDF full-document exact-series scan: the report page names a controlled GHG Protocol/PCAF fine standard in an accounting, reporting, methodology, or assurance context; this does not promote emissions values.",PDF 全文精确系列扫描：报告页在核算、报告、方法或鉴证语境中命名受控 GHG Protocol/PCAF 细分标准；该记录不提升排放数值。
closed,already_accepted,yes,ghg_corporate_standard|ghg_scope3_standard,ghg_scope3_standard,r484_commonwealthbankofaustralia,COMMONWEALTH BANK OF AUSTRALIA,澳洲联邦银行,484,ghg_corporate_standard,GHG Protocol Corporate Accounting and Reporting Standard,GHG Protocol 企业核算与报告标准,pdf_explicit_series_citation,COMMONWEALTH BANK OF AUSTRALIA-2024-Climate-Report.pdf,57,[57],[57],"For New Zealand, ASB’s operational emissions for 2024 have been measured and prepared, in all material respects, in accordance with the Greenhouse Gas Protocol: A Corporate Accounting and Reporting Standard (revised edition) and the Greenhouse Gas Protocol: Corporate Value Chain (Scope 3) Accounting and Reporting Standard (GHG Protocol). Invoices or reports are received from the relevant data source and the relevant emissions factors are applied to calculate the emissions. Global Warming Potential (GWP) are sourced from IPCC AR5 and emissions factors for Scope","PDF full-document exact-series scan: the report page names a controlled GHG Protocol/PCAF fine standard in an accounting, reporting, methodology, or assurance context; this does not promote emissions values.",PDF 全文精确系列扫描：报告页在核算、报告、方法或鉴证语境中命名受控 GHG Protocol/PCAF 细分标准；该记录不提升排放数值。
closed,already_accepted,yes,,,r484_commonwealthbankofaustralia,COMMONWEALTH BANK OF AUSTRALIA,澳洲联邦银行,484,ghg_corporate_standard,GHG Protocol Corporate Accounting and Reporting Standard,GHG Protocol 企业核算与报告标准,pdf_explicit_series_citation,COMMONWEALTH BANK OF AUSTRALIA-2024-Climate-Report.pdf,60,[60],[60],"cific unit. There is a difference between economic intensity (e.g. tCO2-e/$million financing, tCO2-e/$million company revenue) and physical intensity which compares emissions to a unit of output (e.g. tCO2-e/MWh, tCO2-e/t-steel produced). Emissions scopes The GHG Protocol Corporate Standard classifies an organisation’s GHG emissions into three scopes – Scope 1, Scope 2 and Scope 3 emissions. See glossary definitions for each on page 119. ENCORE Exploring Natural Capital Opportunities, Risks and Exposure (ENCORE) is a tool to help users better understand and visualise the impact of environmental change on the eco…","PDF full-document exact-series scan: the report page names a controlled GHG Protocol/PCAF fine standard in an accounting, reporting, methodology, or assurance context; this does not promote emissions values.",PDF 全文精确系列扫描：报告页在核算、报告、方法或鉴证语境中命名受控 GHG Protocol/PCAF 细分标准；该记录不提升排放数值。
closed,already_accepted,yes,ghg_financial_industry_standard,,r484_commonwealthbankofaustralia,COMMONWEALTH BANK OF AUSTRALIA,澳洲联邦银行,484,ghg_financial_industry_standard,Global GHG Accounting and Reporting Standard for the Financial Industry,金融行业全球温室气体核算与报告标准,pdf_explicit_series_citation,COMMONWEALTH BANK OF AUSTRALIA-2024-Climate-Report.pdf,21,"[20, 21, 22]","[3, 5, 7]",nding in-scope drawn lending In this report we use the term in-scope drawn lending to refer to the on-balance sheet exposure to the sectors included within the scope of our financed emissions calculations. The use of on-balance sheet lending is set out in the Partnership for Carbon Accounting Financials (PCAF) Standard. Some sectors we lend to are currently excluded from the scope of our financed emissions calculations due to lack of available data and/or methodologies. To learn more see page 78. How to read our sector-level target charts There are five key concepts to understand our sector-level financed emissi…,PDF page backfill: mapped from the cited GHG Protocol evidence page plus adjacent page text; not promoted to direct-use emissions value.,PDF 页级回查：基于已引用的 GHG Protocol 证据页及相邻页文本映射；不提升为直接采信排放值。
closed,already_accepted,yes,ghg_financial_industry_standard,,r484_commonwealthbankofaustralia,COMMONWEALTH BANK OF AUSTRALIA,澳洲联邦银行,484,ghg_financial_industry_standard,Global GHG Accounting and Reporting Standard for the Financial Industry,金融行业全球温室气体核算与报告标准,pdf_explicit_series_citation,COMMONWEALTH BANK OF AUSTRALIA-2024-Climate-Report.pdf,3,[3],[3],nding in-scope drawn lending In this report we use the term in-scope drawn lending to refer to the on-balance sheet exposure to the sectors included within the scope of our financed emissions calculations. The use of on-balance sheet lending is set out in the Partnership for Carbon Accounting Financials (PCAF) Standard. Some sectors we lend to are currently excluded from the scope of our financed emissions calculations due to lack of available data and/or methodologies. To learn more see page 78. How to read our sector-level target charts There are five key concepts to understand our sector-level financed emissi…,"PDF full-document exact-series scan: the report page names a controlled GHG Protocol/PCAF fine standard in an accounting, reporting, methodology, or assurance context; this does not promote emissions values.",PDF 全文精确系列扫描：报告页在核算、报告、方法或鉴证语境中命名受控 GHG Protocol/PCAF 细分标准；该记录不提升排放数值。
closed,already_accepted,yes,ghg_financial_industry_standard,,r484_commonwealthbankofaustralia,COMMONWEALTH BANK OF AUSTRALIA,澳洲联邦银行,484,ghg_financial_industry_standard,Global GHG Accounting and Reporting Standard for the Financial Industry,金融行业全球温室气体核算与报告标准,pdf_explicit_series_citation,COMMONWEALTH BANK OF AUSTRALIA-2024-Climate-Report.pdf,5,[5],[5],"targets in line with pathways to net zero by 2050.2 We now have financed emissions targets on sectors that account for 67% of the Bank’s 2020 financed emissions, and our roadmap outlines the steps we intend to take to meet our commitments. 4 In line with the PCAF Standard, our 2020 financed emissions calculations consider our customers’ Scope 3 emissions in upstream oil and gas extraction, and thermal coal mining. In 2020, we did not consider customers’ Scope 3 emissions in other sectors. For more information on our financed emissions methodology see pages 78–85. 5 There are a number of dependencies in achieving…","PDF full-document exact-series scan: the report page names a controlled GHG Protocol/PCAF fine standard in an accounting, reporting, methodology, or assurance context; this does not promote emissions values.",PDF 全文精确系列扫描：报告页在核算、报告、方法或鉴证语境中命名受控 GHG Protocol/PCAF 细分标准；该记录不提升排放数值。
closed,already_accepted,yes,ghg_financial_industry_standard,,r484_commonwealthbankofaustralia,COMMONWEALTH BANK OF AUSTRALIA,澳洲联邦银行,484,ghg_financial_industry_standard,Global GHG Accounting and Reporting Standard for the Financial Industry,金融行业全球温室气体核算与报告标准,pdf_explicit_series_citation,COMMONWEALTH BANK OF AUSTRALIA-2024-Climate-Report.pdf,7,[7],[7],"iculture, forestry and services, other mining oil and gas, other utilities and services, other manufacturing, other transport and storage and other business lending. Refer to the financed emissions table on pages 66–67 for more information. 3 In line with the PCAF Standard, our financed emissions calculations consider our customers’ Scope 3 emissions in these sectors. We do not currently consider customers’ Scope 3 emissions in other sectors. Further reporting of our financed emissions may include Scope 3 in additional sectors, see pages 78–85 for more information on our methodology. 4 In-scope portfolio exclude…","PDF full-document exact-series scan: the report page names a controlled GHG Protocol/PCAF fine standard in an accounting, reporting, methodology, or assurance context; this does not promote emissions values.",PDF 全文精确系列扫描：报告页在核算、报告、方法或鉴证语境中命名受控 GHG Protocol/PCAF 细分标准；该记录不提升排放数值。
closed,already_accepted,yes,,,r484_commonwealthbankofaustralia,COMMONWEALTH BANK OF AUSTRALIA,澳洲联邦银行,484,ghg_scope3_standard,GHG Protocol Corporate Value Chain (Scope 3) Accounting and Reporting Standard,GHG Protocol 企业价值链（Scope 3）核算与报告标准,pdf_explicit_series_citation,COMMONWEALTH BANK OF AUSTRALIA-2024-Climate-Report.pdf,41,[41],[41],"gages, commercial real estate, project finance and motor vehicle loans. Scope – customer emissions Customer Scope 1 and 2 emissions for all sectors in-scope except for Australian agriculture and power generation, which include Scope 1 emissions only. Customer Scope 3 emissions for upstream oil and gas extraction, thermal coal mining or heavy industry. In power generation, upstream oil extraction and upstream gas extraction, thermal coal mining and heavy industry, where we have identified that a customer owns but does not operate certain assets, we include a proportion of the emissions related to the operation of…","PDF full-document exact-series scan: the report page names a controlled GHG Protocol/PCAF fine standard in an accounting, reporting, methodology, or assurance context; this does not promote emissions values.",PDF 全文精确系列扫描：报告页在核算、报告、方法或鉴证语境中命名受控 GHG Protocol/PCAF 细分标准；该记录不提升排放数值。
closed,already_accepted,yes,ghg_corporate_standard|ghg_scope3_standard,ghg_corporate_standard,r484_commonwealthbankofaustralia,COMMONWEALTH BANK OF AUSTRALIA,澳洲联邦银行,484,ghg_scope3_standard,GHG Protocol Corporate Value Chain (Scope 3) Accounting and Reporting Standard,GHG Protocol 企业价值链（Scope 3）核算与报告标准,pdf_explicit_series_citation,COMMONWEALTH BANK OF AUSTRALIA-2024-Climate-Report.pdf,57,[57],[57],"For New Zealand, ASB’s operational emissions for 2024 have been measured and prepared, in all material respects, in accordance with the Greenhouse Gas Protocol: A Corporate Accounting and Reporting Standard (revised edition) and the Greenhouse Gas Protocol: Corporate Value Chain (Scope 3) Accounting and Reporting Standard (GHG Protocol). Invoices or reports are received from the relevant data source and the relevant emissions factors are applied to calculate the emissions. Global Warming Potential (GWP) are sourced from IPCC AR5 and emissions factors for Scope 1, 2 and 3 are sourced from Ministry for the Environ…","PDF full-document exact-series scan: the report page names a controlled GHG Protocol/PCAF fine standard in an accounting, reporting, methodology, or assurance context; this does not promote emissions values.",PDF 全文精确系列扫描：报告页在核算、报告、方法或鉴证语境中命名受控 GHG Protocol/PCAF 细分标准；该记录不提升排放数值。
closed,already_accepted,yes,ghg_corporate_standard,,r486_linde,LINDE,林德集团,486,ghg_corporate_standard,GHG Protocol Corporate Accounting and Reporting Standard,GHG Protocol 企业核算与报告标准,pdf_explicit_series_citation,2024-LINDE-sustainable-development-report.pdf,58,[58],[58],"hydrofluorocarbons (HFCs), nitrogen trifluoride (NF₃) and sulfur hexafluoride (SF₆). Linde’s GHG emissions information was prepared with reference to the World Resources Institute/World Business Council for Sustainable Development’s Greenhouse Gas Protocol: A Corporate Accounting and Reporting Standard, revised edition (the GHG Protocol®). Global warming potentials (GWPs) are sourced from the latest Intergovernmental Panel on Climate Change (IPCC) Sixth Assessment Report. • Timelines and Base Year GHG Emissions Linde reports on its eKPIs for the last 4 years in order to reflect the trend and development of KPIs.…","PDF full-document exact-series scan: the report page names a controlled GHG Protocol/PCAF fine standard in an accounting, reporting, methodology, or assurance context; this does not promote emissions values.",PDF 全文精确系列扫描：报告页在核算、报告、方法或鉴证语境中命名受控 GHG Protocol/PCAF 细分标准；该记录不提升排放数值。
closed,already_accepted,yes,ghg_scope3_standard,,r486_linde,LINDE,林德集团,486,ghg_scope3_standard,GHG Protocol Corporate Value Chain (Scope 3) Accounting and Reporting Standard,GHG Protocol 企业价值链（Scope 3）核算与报告标准,pdf_explicit_series_citation,2024-LINDE-sustainable-development-report.pdf,60,[60],[60],"Analysis and World Bank. Emissions are calculated based on GWP values from IPCC’s AR 5 (2013) for a 100-year time horizon, including carbon feedback. To calculate Scope 3 from natural gas feedstock, Linde applies a fuel-based method based on the GHG Protocol Corporate Value Chain (Scope 3) Accounting and Reporting Standard, Category 3 for Scope 3 emissions caused in the extraction, production and transportation of fuels and energy. Linde uses emission factors from DEFRA. For compressed air, Linde receives information from the supplier about the specific energy usage to provide that feedstock, and calculates the …","PDF full-document exact-series scan: the report page names a controlled GHG Protocol/PCAF fine standard in an accounting, reporting, methodology, or assurance context; this does not promote emissions values.",PDF 全文精确系列扫描：报告页在核算、报告、方法或鉴证语境中命名受控 GHG Protocol/PCAF 细分标准；该记录不提升排放数值。
closed,already_accepted,yes,ghg_scope2_guidance,ghg_scope2_guidance,r487_heineken,HEINEKEN,喜力公司,487,ghg_corporate_standard,GHG Protocol Corporate Accounting and Reporting Standard,GHG Protocol 企业核算与报告标准,pdf_explicit_series_citation,heineken_n_v_annual_report_2024_final_20feb2025.pdf,172,"[171, 172, 173]","[251, 253]","ectricity from renewable sources in Scope 1 and 2 in production Methodologies General methodology – Scope 1 and 2 GHG emissions measurement applies to GHG emissions from entities HEINEKEN operationally controls. – To calculate Scope 1 and 2 GHG emissions, the GHG Protocol Corporate Standard (version 2004) and Scope 2 Guidance (version 2015) methodology are applied. – Energy consumption is considered as derived from a renewable source only when the purchased energy is clearly defined in the contractual arrangement with it suppliers. Energy classified as renewable meets the technical criteria from RE100. This incl…",PDF page backfill: mapped from the cited GHG Protocol evidence page plus adjacent page text; not promoted to direct-use emissions value.,PDF 页级回查：基于已引用的 GHG Protocol 证据页及相邻页文本映射；不提升为直接采信排放值。
closed,already_accepted,yes,ghg_scope2_guidance,ghg_scope2_guidance,r487_heineken,HEINEKEN,喜力公司,487,ghg_corporate_standard,GHG Protocol Corporate Accounting and Reporting Standard,GHG Protocol 企业核算与报告标准,pdf_explicit_series_citation,heineken_n_v_annual_report_2024_final_20feb2025.pdf,251,[251],[251],"ectricity from renewable sources in Scope 1 and 2 in production Methodologies General methodology – Scope 1 and 2 GHG emissions measurement applies to GHG emissions from entities HEINEKEN operationally controls. – To calculate Scope 1 and 2 GHG emissions, the GHG Protocol Corporate Standard (version 2004) and Scope 2 Guidance (version 2015) methodology are applied. – Energy consumption is considered as derived from a renewable source only when the purchased energy is clearly defined in the contractual arrangement with it suppliers. Energy classified as renewable meets the technical criteria from RE100. This incl…","PDF full-document exact-series scan: the report page names a controlled GHG Protocol/PCAF fine standard in an accounting, reporting, methodology, or assurance context; this does not promote emissions values.",PDF 全文精确系列扫描：报告页在核算、报告、方法或鉴证语境中命名受控 GHG Protocol/PCAF 细分标准；该记录不提升排放数值。
closed,already_accepted,yes,ghg_scope2_guidance,,r487_heineken,HEINEKEN,喜力公司,487,ghg_scope2_guidance,GHG Protocol Scope 2 Guidance,GHG Protocol Scope 2 指南,pdf_explicit_series_citation,heineken_n_v_annual_report_2024_final_20feb2025.pdf,172,"[171, 172, 173]","[251, 253]","n production Methodologies General methodology – Scope 1 and 2 GHG emissions measurement applies to GHG emissions from entities HEINEKEN operationally controls. – To calculate Scope 1 and 2 GHG emissions, the GHG Protocol Corporate Standard (version 2004) and Scope 2 Guidance (version 2015) methodology are applied. – Energy consumption is considered as derived from a renewable source only when the purchased energy is clearly defined in the contractual arrangement with it suppliers. Energy classified as renewable meets the technical criteria from RE100. This includes: – Thermal energy coming from biomass, biogas,…",PDF page backfill: mapped from the cited GHG Protocol evidence page plus adjacent page text; not promoted to direct-use emissions value.,PDF 页级回查：基于已引用的 GHG Protocol 证据页及相邻页文本映射；不提升为直接采信排放值。
closed,already_accepted,yes,ghg_scope2_guidance,,r487_heineken,HEINEKEN,喜力公司,487,ghg_scope2_guidance,GHG Protocol Scope 2 Guidance,GHG Protocol Scope 2 指南,pdf_explicit_series_citation,heineken_n_v_annual_report_2024_final_20feb2025.pdf,251,[251],[251],"n production Methodologies General methodology – Scope 1 and 2 GHG emissions measurement applies to GHG emissions from entities HEINEKEN operationally controls. – To calculate Scope 1 and 2 GHG emissions, the GHG Protocol Corporate Standard (version 2004) and Scope 2 Guidance (version 2015) methodology are applied. – Energy consumption is considered as derived from a renewable source only when the purchased energy is clearly defined in the contractual arrangement with it suppliers. Energy classified as renewable meets the technical criteria from RE100. This includes: – Thermal energy coming from biomass, biogas,…","PDF full-document exact-series scan: the report page names a controlled GHG Protocol/PCAF fine standard in an accounting, reporting, methodology, or assurance context; this does not promote emissions values.",PDF 全文精确系列扫描：报告页在核算、报告、方法或鉴证语境中命名受控 GHG Protocol/PCAF 细分标准；该记录不提升排放数值。
closed,already_accepted,yes,ghg_scope3_standard,,r487_heineken,HEINEKEN,喜力公司,487,ghg_scope3_standard,GHG Protocol Corporate Value Chain (Scope 3) Accounting and Reporting Standard,GHG Protocol 企业价值链（Scope 3）核算与报告标准,pdf_explicit_series_citation,heineken_n_v_annual_report_2024_final_20feb2025.pdf,172,"[171, 172, 173]","[251, 253]","ve Board Report of the Supervisory Board Financial Statements Sustainability Statements Other Information E1 Scope 3 GHG emissions Metrics E1-6.51 Scope 3 GHG emissions Methodologies Significant Scope 3 categories are based on the criteria of the GHG Protocol Corporate Value Chain (Scope 3) Accounting and Reporting Standard (Version 2011). Scope 3 categories are consistent with the GHG Protocol. For HEINEKEN, this includes: – Indirect Scope 3 GHG emissions from the consolidated accounting group. – Scope 1, 2 and 3 GHG emissions from associates, joint ventures, unconsolidated subsidiaries (investment entities) an…",PDF page backfill: mapped from the cited GHG Protocol evidence page plus adjacent page text; not promoted to direct-use emissions value.,PDF 页级回查：基于已引用的 GHG Protocol 证据页及相邻页文本映射；不提升为直接采信排放值。
closed,already_accepted,yes,ghg_scope3_standard,,r487_heineken,HEINEKEN,喜力公司,487,ghg_scope3_standard,GHG Protocol Corporate Value Chain (Scope 3) Accounting and Reporting Standard,GHG Protocol 企业价值链（Scope 3）核算与报告标准,pdf_explicit_series_citation,heineken_n_v_annual_report_2024_final_20feb2025.pdf,253,[253],[253],"E1 Scope 3 GHG emissions Metrics E1-6.51 Scope 3 GHG emissions Methodologies Significant Scope 3 categories are based on the criteria of the GHG Protocol Corporate Value Chain (Scope 3) Accounting and Reporting Standard (Version 2011). Scope 3 categories are consistent with the GHG Protocol. For HEINEKEN, this includes: – Indirect Scope 3 GHG emissions from the consolidated accounting group. – Scope 1, 2 and 3 GHG emissions from associates, joint ventures, unconsolidated subsidiaries (investment entities) and joint arrangements for which t","PDF full-document exact-series scan: the report page names a controlled GHG Protocol/PCAF fine standard in an accounting, reporting, methodology, or assurance context; this does not promote emissions values.",PDF 全文精确系列扫描：报告页在核算、报告、方法或鉴证语境中命名受控 GHG Protocol/PCAF 细分标准；该记录不提升排放数值。
closed,already_accepted,yes,ghg_corporate_standard,,r489_3m公司,3M,3M,489,ghg_corporate_standard,GHG Protocol Corporate Accounting and Reporting Standard,GHG Protocol 企业核算与报告标准,pdf_explicit_series_citation,3m-2025-global-impact-report.pdf,44,[44],[44],"ssions data – Since 2002, the 3M Environment, Health, and Safety (EHS) Laboratory has calculated 3M’s greenhouse gas (GHG) inventory in accordance with the World Resources Institute (WRI)/World Business Council for Sustainable Development (WBCSD) GHG Protocol Corporate Accounting and Reporting Standard. The 3M EHS Laboratory maintains an accreditation to ANSI/ISO/IEC 17025 through A2LA, a signatory to the International Laboratory Accreditation Cooperation Mutual Recognition Arrangement (ILAC MRA). Although it’s not possible to put 3M’s GHG inventory methodology on the lab’s scope of accreditation, our calculatio…","PDF full-document exact-series scan: the report page names a controlled GHG Protocol/PCAF fine standard in an accounting, reporting, methodology, or assurance context; this does not promote emissions values.",PDF 全文精确系列扫描：报告页在核算、报告、方法或鉴证语境中命名受控 GHG Protocol/PCAF 细分标准；该记录不提升排放数值。
closed,already_accepted,yes,ghg_scope3_standard,,r489_3m公司,3M,3M,489,ghg_scope3_standard,GHG Protocol Corporate Value Chain (Scope 3) Accounting and Reporting Standard,GHG Protocol 企业价值链（Scope 3）核算与报告标准,pdf_explicit_series_citation,3m-2025-global-impact-report.pdf,27,[27],[27],"energy sector by offering our customers solutions that help improve the reliability and efficiency of renewable electricity. Scope 3 GHG emissions 3M has been developing our scope 3 GHG emission inventory since the WRI and the WBCSD published the GHG Protocol Corporate Value Chain (Scope 3) Accounting and Reporting Standard in September 2011. Even before its release, 3M participated in the pilot of the standard, which includes requirements for calculating GHG emissions for 15 separate categories of emission sources, both upstream and downstream of our operations. We’ve advanced our data accuracy, completeness, a…","PDF full-document exact-series scan: the report page names a controlled GHG Protocol/PCAF fine standard in an accounting, reporting, methodology, or assurance context; this does not promote emissions values.",PDF 全文精确系列扫描：报告页在核算、报告、方法或鉴证语境中命名受控 GHG Protocol/PCAF 细分标准；该记录不提升排放数值。
closed,already_accepted,yes,,,r491_apolloglobalmanagement,APOLLO GLOBAL MANAGEMENT,阿波罗全球管理公司,491,ghg_corporate_standard,GHG Protocol Corporate Accounting and Reporting Standard,GHG Protocol 企业核算与报告标准,pdf_explicit_series_citation,apollo-2024-sustainability-report-june-2025.pdf,31,[31],[31],"ors from the US EIA 2018 Commercial Buildings Energy Consumption Survey where actual data is unavailable. 16 2023 energy figure has been restated due to methodology improvements. 17 2022 and 2023 Scope 1 GHG emissions data is calculated in accordance with the GHG Protocol corporate standard methodology. Data includes emissions from the on-site combustion of natural gas for heating, on-site combustion of generator fuel and mobile combustion from corporate aircraft. Where natural gas was the known heat source or the heat source was unknown, data was estimated using the applicable estimation factors derived from th…","PDF full-document exact-series scan: the report page names a controlled GHG Protocol/PCAF fine standard in an accounting, reporting, methodology, or assurance context; this does not promote emissions values.",PDF 全文精确系列扫描：报告页在核算、报告、方法或鉴证语境中命名受控 GHG Protocol/PCAF 细分标准；该记录不提升排放数值。
closed,already_accepted,yes,,,r491_apolloglobalmanagement,APOLLO GLOBAL MANAGEMENT,阿波罗全球管理公司,491,ghg_corporate_standard,GHG Protocol Corporate Accounting and Reporting Standard,GHG Protocol 企业核算与报告标准,pdf_explicit_series_citation,apollo-2024-sustainability-report-june-2025.pdf,32,[32],[32],"AVEL (MT OF CO2e) 10,450 15,781 15,318 CATEGORY 7: EMPLOYEE COMMUTING (MT OF CO2e) 31 4,791 5,133 SCOPES 1 AND 2 GHG EMISSIONS INTENSITY (MT OF CO2e) / EMPLOYEE)24 3.80 2.25 2.30 17 2022 and 2023 Scope 1 GHG emissions data is calculated in accordance with the GHG Protocol corporate standard methodology. Data includes emissions from the on-site combustion of natural gas for heating, on-site combustion of generator fuel and mobile combustion from corporate aircraft. Where natural gas was the known heat source or the heat source was unknown, data was estimated using the applicable estimation factors derived from th…","PDF full-document exact-series scan: the report page names a controlled GHG Protocol/PCAF fine standard in an accounting, reporting, methodology, or assurance context; this does not promote emissions values.",PDF 全文精确系列扫描：报告页在核算、报告、方法或鉴证语境中命名受控 GHG Protocol/PCAF 细分标准；该记录不提升排放数值。
closed,already_accepted,yes,ghg_corporate_standard,,r491_apolloglobalmanagement,APOLLO GLOBAL MANAGEMENT,阿波罗全球管理公司,491,ghg_corporate_standard,GHG Protocol Corporate Accounting and Reporting Standard,GHG Protocol 企业核算与报告标准,pdf_explicit_series_citation,apollo-2024-sustainability-report-june-2025.pdf,65,[65],[65],"measured as metric tons of CO2 equivalent per US dollar of revenue, over a five-year period from Apollo’s initial investment. Emissions intensity calculations are based solely on Scope 1 and Scope 2 greenhouse gas emissions in accordance with the GHG Protocol Corporate Accounting and Reporting Standard. Scope 3 emissions are excluded Apollo works with management teams to develop initial baselines, assess data gaps in data availability and quality, decarbonization roadmaps, and funding plans, and to address those gaps, where necessary. Revenue forecasts used in emissions intensity calculations reflect current str…","PDF full-document exact-series scan: the report page names a controlled GHG Protocol/PCAF fine standard in an accounting, reporting, methodology, or assurance context; this does not promote emissions values.",PDF 全文精确系列扫描：报告页在核算、报告、方法或鉴证语境中命名受控 GHG Protocol/PCAF 细分标准；该记录不提升排放数值。
closed,already_accepted,yes,ghg_financial_industry_standard,,r491_apolloglobalmanagement,APOLLO GLOBAL MANAGEMENT,阿波罗全球管理公司,491,ghg_financial_industry_standard,Global GHG Accounting and Reporting Standard for the Financial Industry,金融行业全球温室气体核算与报告标准,pdf_explicit_series_citation,apollo-2024-sustainability-report-june-2025.pdf,111,[111],[111],"e analyses to produce certain sustainability- related datapoints discussed in this Report, particularly due to a lack of available data, data lags and relevant underlying methodologies that may utilize a number of assumptions. For example, with respect to the PCAF methodology used to measure certain investments’ financed emissions, carbon footprint, weighted average carbon intensity and weighted average data quality scores, data challenges and limitations include (i) data quality, as many companies do not publicly report their Scopes 1 and 2 emissions data, and those that do may take inconsistent approaches to d…","PDF full-document exact-series scan: the report page names a controlled GHG Protocol/PCAF fine standard in an accounting, reporting, methodology, or assurance context; this does not promote emissions values.",PDF 全文精确系列扫描：报告页在核算、报告、方法或鉴证语境中命名受控 GHG Protocol/PCAF 细分标准；该记录不提升排放数值。
closed,already_accepted,yes,ghg_corporate_standard,,r492_emiratesgroup,EMIRATES GROUP,阿联酋航空集团,492,ghg_corporate_standard,GHG Protocol Corporate Accounting and Reporting Standard,GHG Protocol 企业核算与报告标准,pdf_explicit_series_citation,2023-2024-EMIRATES GROUP-annual-report.pdf,71,[71],[71],"t Conservation Reserve, during the financial year ended 31 March 2024. All other businesses of Emirates are excluded in the below metrics. References to Scope 1 and 2 emissions below are based on definitions from the Greenhouse Gas Protocol – revised edition (Corporate Accounting and Reporting Standard – Revised Edition, 2004), while references to Scope 3 emissions are based on the Greenhouse Gas Protocol Corporate Value Chain (Scope 3) Standard. ENVIRONMENTAL SUSTAINABILITY PERFORMANCE - EMIRATES The Emirates Group Annual Report 2023-2024 Overview Emirates dnata Group Group Sustainability Financial information …","PDF full-document exact-series scan: the report page names a controlled GHG Protocol/PCAF fine standard in an accounting, reporting, methodology, or assurance context; this does not promote emissions values.",PDF 全文精确系列扫描：报告页在核算、报告、方法或鉴证语境中命名受控 GHG Protocol/PCAF 细分标准；该记录不提升排放数值。
closed,already_accepted,yes,ghg_corporate_standard,,r492_emiratesgroup,EMIRATES GROUP,阿联酋航空集团,492,ghg_corporate_standard,GHG Protocol Corporate Accounting and Reporting Standard,GHG Protocol 企业核算与报告标准,pdf_explicit_series_citation,2023-2024-EMIRATES GROUP-annual-report.pdf,73,[73],[73],"lines of businesses during the financial year ended 31 March 2024. Group companies of dnata are available on pages 244-245 of this Report. References to Scope 1 and 2 emissions below are based on definitions from the Greenhouse Gas Protocol – revised edition (Corporate Accounting and Reporting Standard – Revised Edition, 2004), while references to Scope 3 emissions are based on the Greenhouse Gas Protocol Corporate Value Chain (Scope 3) Standard. dnata’s environmental data has been externally verified by Verifavia. ENVIRONMENTAL SUSTAINABILITY PERFORMANCE - DNATA The Emirates Group Annual Report 2023-2024 Overvi…","PDF full-document exact-series scan: the report page names a controlled GHG Protocol/PCAF fine standard in an accounting, reporting, methodology, or assurance context; this does not promote emissions values.",PDF 全文精确系列扫描：报告页在核算、报告、方法或鉴证语境中命名受控 GHG Protocol/PCAF 细分标准；该记录不提升排放数值。
closed,already_accepted,yes,ghg_corporate_standard,ghg_corporate_standard,r492_emiratesgroup,EMIRATES GROUP,阿联酋航空集团,492,ghg_scope3_standard,GHG Protocol Corporate Value Chain (Scope 3) Accounting and Reporting Standard,GHG Protocol 企业价值链（Scope 3）核算与报告标准,pdf_explicit_series_citation,2023-2024-EMIRATES GROUP-annual-report.pdf,71,[71],[71],"to Scope 1 and 2 emissions below are based on definitions from the Greenhouse Gas Protocol – revised edition (Corporate Accounting and Reporting Standard – Revised Edition, 2004), while references to Scope 3 emissions are based on the Greenhouse Gas Protocol Corporate Value Chain (Scope 3) Standard. ENVIRONMENTAL SUSTAINABILITY PERFORMANCE - EMIRATES The Emirates Group Annual Report 2023-2024 Overview Emirates dnata Group Group Sustainability Financial information Additional information 76","PDF full-document exact-series scan: the report page names a controlled GHG Protocol/PCAF fine standard in an accounting, reporting, methodology, or assurance context; this does not promote emissions values.",PDF 全文精确系列扫描：报告页在核算、报告、方法或鉴证语境中命名受控 GHG Protocol/PCAF 细分标准；该记录不提升排放数值。
closed,already_accepted,yes,ghg_corporate_standard,ghg_corporate_standard,r492_emiratesgroup,EMIRATES GROUP,阿联酋航空集团,492,ghg_scope3_standard,GHG Protocol Corporate Value Chain (Scope 3) Accounting and Reporting Standard,GHG Protocol 企业价值链（Scope 3）核算与报告标准,pdf_explicit_series_citation,2023-2024-EMIRATES GROUP-annual-report.pdf,73,[73],[73],"to Scope 1 and 2 emissions below are based on definitions from the Greenhouse Gas Protocol – revised edition (Corporate Accounting and Reporting Standard – Revised Edition, 2004), while references to Scope 3 emissions are based on the Greenhouse Gas Protocol Corporate Value Chain (Scope 3) Standard. dnata’s environmental data has been externally verified by Verifavia. ENVIRONMENTAL SUSTAINABILITY PERFORMANCE - DNATA The Emirates Group Annual Report 2023-2024 Overview Emirates dnata Group Group Sustainability Financial information Additional information 78","PDF full-document exact-series scan: the report page names a controlled GHG Protocol/PCAF fine standard in an accounting, reporting, methodology, or assurance context; this does not promote emissions values.",PDF 全文精确系列扫描：报告页在核算、报告、方法或鉴证语境中命名受控 GHG Protocol/PCAF 细分标准；该记录不提升排放数值。
closed,already_accepted,yes,,,r498_瑞士abb集团,ABB,瑞士ABB,498,ghg_corporate_standard,GHG Protocol Corporate Accounting and Reporting Standard,GHG Protocol 企业核算与报告标准,pdf_explicit_series_citation,ABB Sustainability Statement 2024.pdf,39,[39],[39],"excluded because we do not operate any franchises. The scope 3 categories included in our inventory are shown in the table “Overview of scope 1, 2 and 3 GHG emissions”. We report scope 3 GHG emissions following the boundaries and methodologies defined by the GHG Protocol Corporate Standard. The reporting scope covers both upstream and downstream activities, including categories as defined in ESRS E1-6, AR 46.i, ensuring comprehensive representation of our value chain. Emissions are attributed based on our operational and value chain control, excluding immaterial sources or categories not applicable to our busine…","PDF full-document exact-series scan: the report page names a controlled GHG Protocol/PCAF fine standard in an accounting, reporting, methodology, or assurance context; this does not promote emissions values.",PDF 全文精确系列扫描：报告页在核算、报告、方法或鉴证语境中命名受控 GHG Protocol/PCAF 细分标准；该记录不提升排放数值。
closed,already_accepted,yes,,,r498_瑞士abb集团,ABB,瑞士ABB,498,ghg_scope3_standard,GHG Protocol Corporate Value Chain (Scope 3) Accounting and Reporting Standard,GHG Protocol 企业价值链（Scope 3）核算与报告标准,pdf_explicit_series_citation,ABB Sustainability Statement 2024.pdf,37,[37],[37],"epresents the most significant contribution. Nevertheless, we diligently calculate all other scope 3 categories relevant to ABB to ensure comprehensive reporting. When assessing the materiality of the different scope 3 categories, we refer to the GHG Protocol Corporate Value Chain Accounting and Reporting Standard. The calculation of scope 3, category 11 emissions is based on a bottom-up model for the diverse offering across our divisions. The model considers both the technical specifications and the operating conditions associated with each product, including product energy consumption metrics and efficiency sp…","PDF full-document exact-series scan: the report page names a controlled GHG Protocol/PCAF fine standard in an accounting, reporting, methodology, or assurance context; this does not promote emissions values.",PDF 全文精确系列扫描：报告页在核算、报告、方法或鉴证语境中命名受控 GHG Protocol/PCAF 细分标准；该记录不提升排放数值。
closed,already_accepted,yes,,,r500_三星candt公司,Samsung C&T,三星C&T,500,ghg_scope3_standard,GHG Protocol Corporate Value Chain (Scope 3) Accounting and Reporting Standard,GHG Protocol 企业价值链（Scope 3）核算与报告标准,pdf_explicit_series_citation,2025 Samsung C&T Sustainability Report.pdf,111,"[110, 111, 112]",[119],uting Data Verified: Domestic and Overseas Corporation Scope 1&2 Emissions in 2024 Verification Criteria and Protocol The verification was performed at the request of Samsung C&T Corporation using the following verification standards. ‧ WRI/WBCSD GHG Protocol Corporate Value Chain (Scope 3) Standard ‧ IPCC 2006 Guideline for National Greenhouse Gas Inventories ‧ ISO 14064-1:2018 & ISO14064-3:2019 ‧ Guideline for Reporting and Certification of Amounts of Emissions in the Greenhouse Gas Emission Permits Trading Scheme (Notification No. 2024-155 of the Ministry of Environment of Korea) ‧ BSI GHGEV Manual Verificat…,PDF page backfill: mapped from the cited GHG Protocol evidence page plus adjacent page text; not promoted to direct-use emissions value.,PDF 页级回查：基于已引用的 GHG Protocol 证据页及相邻页文本映射；不提升为直接采信排放值。
closed,already_accepted,yes,,,r500_三星candt公司,Samsung C&T,三星C&T,500,ghg_scope3_standard,GHG Protocol Corporate Value Chain (Scope 3) Accounting and Reporting Standard,GHG Protocol 企业价值链（Scope 3）核算与报告标准,pdf_explicit_series_citation,2025 Samsung C&T Sustainability Report.pdf,119,[119],[119],uting Data Verified: Domestic and Overseas Corporation Scope 1&2 Emissions in 2024 Verification Criteria and Protocol The verification was performed at the request of Samsung C&T Corporation using the following verification standards. ‧ WRI/WBCSD GHG Protocol Corporate Value Chain (Scope 3) Standard ‧ IPCC 2006 Guideline for National Greenhouse Gas Inventories ‧ ISO 14064-1:2018 & ISO14064-3:2019 ‧ Guideline for Reporting and Certification of Amounts of Emissions in the Greenhouse Gas Emission Permits Trading Scheme (Notification No. 2024-155 of the Ministry of Environment of Korea) ‧ BSI GHGEV Manual Verificat…,"PDF full-document exact-series scan: the report page names a controlled GHG Protocol/PCAF fine standard in an accounting, reporting, methodology, or assurance context; this does not promote emissions values.",PDF 全文精确系列扫描：报告页在核算、报告、方法或鉴证语境中命名受控 GHG Protocol/PCAF 细分标准；该记录不提升排放数值。
