queue_type,queue_priority,recommended_action_en,recommended_action_zh,review_priority,evidence_boundary,technology_id,technology_name_en,technology_name_zh,company_id,company_name_en,company_name_zh,world500_rank,industry_section_code,industry_section_en,industry_section_zh,company_count_in_cluster,cluster_evidence_count,cluster_cost_signal_count,timeline_near_count,timeline_mid_count,timeline_long_count,subtypes_en,subtypes_zh,standards_en,standards_zh,sample_pages,sample_source_files,company_evidence_count,company_sample_snippet_en,company_timeline_years,company_cost_signal_present,company_specific_evidence_status,sample_snippets_en
company_specific_technology_evidence_backfill,P0,Find a company-specific PDF snippet for this technology path before treating the company-path edge as evidence-backed.,先补回该企业对应该技术路径的 PDF 片段，再把企业-技术路径边视为有证据支撑。,P0_backfill_company_specific_technology_evidence,disclosure_keyword_signal_not_project_cost_or_verified_abatement,carbon_management,"Carbon management, methane, CCUS, and removals",碳管理、甲烷、CCUS 与碳移除,r401_suncorenergy,SUNCOR ENERGY,森科能源公司,401,D,"Electricity, Heat, Gas and Water Production and Supply",电力、热力、燃气及水生产和供应业,43,418,35,382,31,24,CCUS / CCS: 15 | Methane and flaring reduction: 330 | Removals and offsets: 65,CCUS / CCS: 15 | 甲烷与火炬减排: 330 | 碳移除与抵消: 65,GHG Protocol Corporate Standard | Project Protocol / removals evidence when cited,GHG Protocol 企业核算标准 | 原文引用时的项目协议/移除证据,13 | 19 | 19 | 68 | 13,2024-saudi-aramco-sustainability-report-full-en.pdf | 2024-saudi-aramco-sustainability-report-full-en.pdf | 2024-saudi-aramco-sustainability-report-full-en.pdf | 2024-saudi-aramco-sustainability-report-full-en.pdf | 2024-saudi-aramco-sustainability-report-full-en.pdf,0,,,no,missing_company_specific_snippet,"Note External limited assurance symbol 27,708 Upstream methane emissions reduced by 11.4%, primarily due to the increased implementation of flare gas recovery systems to reduce venting and flaring, and increased leak detection and repair in | s approach avoided 76 MMscf of flaring by mitigating potential plant feed bottlenecks during natural gas liquids train outages. • The Berri gas plant reduced planned flaring by 65% in 2024, cutting 16 MMscf, through innovative procedures li | Link to strategic theme: Upstream preeminence Link to strategic enabler: Technology In 2024, Aramco’s flaring intensity was 6.07 Note External limited assurance symbol scf/boe, which represents a 7.6% increase compared to 2023. | Scope 1 GHG emissions Direct emissions, which include GHG emissions from on-site fuel combustion, flaring, venting, and fugitive emissions. | Note External limited assurance symbol 27,708 Upstream methane emissions reduced by 11.4%, primarily due to the increased implementation of flare gas recovery systems to reduce venting and flaring, and increased leak detection and repair in"
company_specific_technology_evidence_backfill,P0,Find a company-specific PDF snippet for this technology path before treating the company-path edge as evidence-backed.,先补回该企业对应该技术路径的 PDF 片段，再把企业-技术路径边视为有证据支撑。,P0_backfill_company_specific_technology_evidence,disclosure_keyword_signal_not_project_cost_or_verified_abatement,carbon_management,"Carbon management, methane, CCUS, and removals",碳管理、甲烷、CCUS 与碳移除,r454_sompoholdings,SOMPO HOLDINGS,损保控股有限公司,454,J,Finance,金融业,43,418,35,382,31,24,CCUS / CCS: 15 | Methane and flaring reduction: 330 | Removals and offsets: 65,CCUS / CCS: 15 | 甲烷与火炬减排: 330 | 碳移除与抵消: 65,GHG Protocol Corporate Standard | Project Protocol / removals evidence when cited,GHG Protocol 企业核算标准 | 原文引用时的项目协议/移除证据,13 | 19 | 19 | 68 | 13,2024-saudi-aramco-sustainability-report-full-en.pdf | 2024-saudi-aramco-sustainability-report-full-en.pdf | 2024-saudi-aramco-sustainability-report-full-en.pdf | 2024-saudi-aramco-sustainability-report-full-en.pdf | 2024-saudi-aramco-sustainability-report-full-en.pdf,0,,,no,missing_company_specific_snippet,"Note External limited assurance symbol 27,708 Upstream methane emissions reduced by 11.4%, primarily due to the increased implementation of flare gas recovery systems to reduce venting and flaring, and increased leak detection and repair in | s approach avoided 76 MMscf of flaring by mitigating potential plant feed bottlenecks during natural gas liquids train outages. • The Berri gas plant reduced planned flaring by 65% in 2024, cutting 16 MMscf, through innovative procedures li | Link to strategic theme: Upstream preeminence Link to strategic enabler: Technology In 2024, Aramco’s flaring intensity was 6.07 Note External limited assurance symbol scf/boe, which represents a 7.6% increase compared to 2023. | Scope 1 GHG emissions Direct emissions, which include GHG emissions from on-site fuel combustion, flaring, venting, and fugitive emissions. | Note External limited assurance symbol 27,708 Upstream methane emissions reduced by 11.4%, primarily due to the increased implementation of flare gas recovery systems to reduce venting and flaring, and increased leak detection and repair in"
company_specific_technology_evidence_backfill,P0,Find a company-specific PDF snippet for this technology path before treating the company-path edge as evidence-backed.,先补回该企业对应该技术路径的 PDF 片段，再把企业-技术路径边视为有证据支撑。,P0_backfill_company_specific_technology_evidence,disclosure_keyword_signal_not_project_cost_or_verified_abatement,carbon_management,"Carbon management, methane, CCUS, and removals",碳管理、甲烷、CCUS 与碳移除,r461_rabobankgroup,RABOBANK GROUP,荷兰合作银行集团,461,J,Finance,金融业,43,418,35,382,31,24,CCUS / CCS: 15 | Methane and flaring reduction: 330 | Removals and offsets: 65,CCUS / CCS: 15 | 甲烷与火炬减排: 330 | 碳移除与抵消: 65,GHG Protocol Corporate Standard | Project Protocol / removals evidence when cited,GHG Protocol 企业核算标准 | 原文引用时的项目协议/移除证据,13 | 19 | 19 | 68 | 13,2024-saudi-aramco-sustainability-report-full-en.pdf | 2024-saudi-aramco-sustainability-report-full-en.pdf | 2024-saudi-aramco-sustainability-report-full-en.pdf | 2024-saudi-aramco-sustainability-report-full-en.pdf | 2024-saudi-aramco-sustainability-report-full-en.pdf,0,,,no,missing_company_specific_snippet,"Note External limited assurance symbol 27,708 Upstream methane emissions reduced by 11.4%, primarily due to the increased implementation of flare gas recovery systems to reduce venting and flaring, and increased leak detection and repair in | s approach avoided 76 MMscf of flaring by mitigating potential plant feed bottlenecks during natural gas liquids train outages. • The Berri gas plant reduced planned flaring by 65% in 2024, cutting 16 MMscf, through innovative procedures li | Link to strategic theme: Upstream preeminence Link to strategic enabler: Technology In 2024, Aramco’s flaring intensity was 6.07 Note External limited assurance symbol scf/boe, which represents a 7.6% increase compared to 2023. | Scope 1 GHG emissions Direct emissions, which include GHG emissions from on-site fuel combustion, flaring, venting, and fugitive emissions. | Note External limited assurance symbol 27,708 Upstream methane emissions reduced by 11.4%, primarily due to the increased implementation of flare gas recovery systems to reduce venting and flaring, and increased leak detection and repair in"
company_specific_technology_evidence_backfill,P0,Find a company-specific PDF snippet for this technology path before treating the company-path edge as evidence-backed.,先补回该企业对应该技术路径的 PDF 片段，再把企业-技术路径边视为有证据支撑。,P0_backfill_company_specific_technology_evidence,disclosure_keyword_signal_not_project_cost_or_verified_abatement,low_carbon_materials,Low-carbon materials and process changes,低碳材料与工艺改造,r301_swissre,SWISS RE,瑞士再保险股份有限公司,301,J,Finance,金融业,51,184,14,164,14,10,"Steel, cement, and heavy materials: 64 | Product redesign and substitution: 0 | Process upgrade: 0",钢铁、水泥等高耗能材料: 64 | 产品设计与材料替代: 0 | 工艺升级: 0,Product or process evidence | GHG Protocol when inventory effects are cited,产品/工艺证据 | 涉及清单影响时的 GHG Protocol,4 | 4 | 12 | 12 | 12,2024-saudi-aramco-sustainability-report-full-en.pdf | 2024-saudi-aramco-sustainability-report-full-en.pdf | Apple_Environmental_Progress_Report_2025.pdf | Apple_Environmental_Progress_Report_2025.pdf | Apple_Environmental_Progress_Report_2025.pdf,0,,,no,missing_company_specific_snippet,ons and people development Minimizing environmental impact Growing societal value Governance Data Outcomes and impacts Operations Products produced • Crude oil • Gas • NGL • Condensate • Chemicals • Refined products • Electricity • Blue amm | ons and people development Minimizing environmental impact Growing societal value Governance Data Outcomes and impacts Operations Products produced • Crude oil • Gas • NGL • Condensate • Chemicals • Refined products • Electricity • Blue amm | e Product transport (Scope 3) End-of-life product processes (Scope 3) 2.0M avoided Supplier energy efficiency 8.4M avoided Direct emissions abatement 6.2M avoided Low-carbon materials** 21.8M avoided Supplier clean energy Corporate footprin | e Product transport (Scope 3) End-of-life product processes (Scope 3) 2.0M avoided Supplier energy efficiency 8.4M avoided Direct emissions abatement 6.2M avoided Low-carbon materials** 21.8M avoided Supplier clean energy Corporate footprin | e Product transport (Scope 3) End-of-life product processes (Scope 3) 2.0M avoided Supplier energy efficiency 8.4M avoided Direct emissions abatement 6.2M avoided Low-carbon materials** 21.8M avoided Supplier clean energy Corporate footprin
company_specific_technology_evidence_backfill,P0,Find a company-specific PDF snippet for this technology path before treating the company-path edge as evidence-backed.,先补回该企业对应该技术路径的 PDF 片段，再把企业-技术路径边视为有证据支撑。,P0_backfill_company_specific_technology_evidence,disclosure_keyword_signal_not_project_cost_or_verified_abatement,low_carbon_materials,Low-carbon materials and process changes,低碳材料与工艺改造,r305_denso,DENSO,电装公司,305,C,Manufacturing,制造业,51,184,14,164,14,10,"Steel, cement, and heavy materials: 64 | Product redesign and substitution: 0 | Process upgrade: 0",钢铁、水泥等高耗能材料: 64 | 产品设计与材料替代: 0 | 工艺升级: 0,Product or process evidence | GHG Protocol when inventory effects are cited,产品/工艺证据 | 涉及清单影响时的 GHG Protocol,4 | 4 | 12 | 12 | 12,2024-saudi-aramco-sustainability-report-full-en.pdf | 2024-saudi-aramco-sustainability-report-full-en.pdf | Apple_Environmental_Progress_Report_2025.pdf | Apple_Environmental_Progress_Report_2025.pdf | Apple_Environmental_Progress_Report_2025.pdf,0,,,no,missing_company_specific_snippet,ons and people development Minimizing environmental impact Growing societal value Governance Data Outcomes and impacts Operations Products produced • Crude oil • Gas • NGL • Condensate • Chemicals • Refined products • Electricity • Blue amm | ons and people development Minimizing environmental impact Growing societal value Governance Data Outcomes and impacts Operations Products produced • Crude oil • Gas • NGL • Condensate • Chemicals • Refined products • Electricity • Blue amm | e Product transport (Scope 3) End-of-life product processes (Scope 3) 2.0M avoided Supplier energy efficiency 8.4M avoided Direct emissions abatement 6.2M avoided Low-carbon materials** 21.8M avoided Supplier clean energy Corporate footprin | e Product transport (Scope 3) End-of-life product processes (Scope 3) 2.0M avoided Supplier energy efficiency 8.4M avoided Direct emissions abatement 6.2M avoided Low-carbon materials** 21.8M avoided Supplier clean energy Corporate footprin | e Product transport (Scope 3) End-of-life product processes (Scope 3) 2.0M avoided Supplier energy efficiency 8.4M avoided Direct emissions abatement 6.2M avoided Low-carbon materials** 21.8M avoided Supplier clean energy Corporate footprin
company_specific_technology_evidence_backfill,P0,Find a company-specific PDF snippet for this technology path before treating the company-path edge as evidence-backed.,先补回该企业对应该技术路径的 PDF 片段，再把企业-技术路径边视为有证据支撑。,P0_backfill_company_specific_technology_evidence,disclosure_keyword_signal_not_project_cost_or_verified_abatement,low_carbon_materials,Low-carbon materials and process changes,低碳材料与工艺改造,r317_tokyoelectricpower,TOKYO ELECTRIC POWER,东京电力公司,317,I,"Information Transmission, Software and Information Technology Services",电力、热力、燃气及水生产和供应业,51,184,14,164,14,10,"Steel, cement, and heavy materials: 64 | Product redesign and substitution: 0 | Process upgrade: 0",钢铁、水泥等高耗能材料: 64 | 产品设计与材料替代: 0 | 工艺升级: 0,Product or process evidence | GHG Protocol when inventory effects are cited,产品/工艺证据 | 涉及清单影响时的 GHG Protocol,4 | 4 | 12 | 12 | 12,2024-saudi-aramco-sustainability-report-full-en.pdf | 2024-saudi-aramco-sustainability-report-full-en.pdf | Apple_Environmental_Progress_Report_2025.pdf | Apple_Environmental_Progress_Report_2025.pdf | Apple_Environmental_Progress_Report_2025.pdf,0,,,no,missing_company_specific_snippet,ons and people development Minimizing environmental impact Growing societal value Governance Data Outcomes and impacts Operations Products produced • Crude oil • Gas • NGL • Condensate • Chemicals • Refined products • Electricity • Blue amm | ons and people development Minimizing environmental impact Growing societal value Governance Data Outcomes and impacts Operations Products produced • Crude oil • Gas • NGL • Condensate • Chemicals • Refined products • Electricity • Blue amm | e Product transport (Scope 3) End-of-life product processes (Scope 3) 2.0M avoided Supplier energy efficiency 8.4M avoided Direct emissions abatement 6.2M avoided Low-carbon materials** 21.8M avoided Supplier clean energy Corporate footprin | e Product transport (Scope 3) End-of-life product processes (Scope 3) 2.0M avoided Supplier energy efficiency 8.4M avoided Direct emissions abatement 6.2M avoided Low-carbon materials** 21.8M avoided Supplier clean energy Corporate footprin | e Product transport (Scope 3) End-of-life product processes (Scope 3) 2.0M avoided Supplier energy efficiency 8.4M avoided Direct emissions abatement 6.2M avoided Low-carbon materials** 21.8M avoided Supplier clean energy Corporate footprin
company_specific_technology_evidence_backfill,P0,Find a company-specific PDF snippet for this technology path before treating the company-path edge as evidence-backed.,先补回该企业对应该技术路径的 PDF 片段，再把企业-技术路径边视为有证据支撑。,P0_backfill_company_specific_technology_evidence,disclosure_keyword_signal_not_project_cost_or_verified_abatement,low_carbon_materials,Low-carbon materials and process changes,低碳材料与工艺改造,r346_dow,DOW,陶氏公司,346,C,Manufacturing,制造业,51,184,14,164,14,10,"Steel, cement, and heavy materials: 64 | Product redesign and substitution: 0 | Process upgrade: 0",钢铁、水泥等高耗能材料: 64 | 产品设计与材料替代: 0 | 工艺升级: 0,Product or process evidence | GHG Protocol when inventory effects are cited,产品/工艺证据 | 涉及清单影响时的 GHG Protocol,4 | 4 | 12 | 12 | 12,2024-saudi-aramco-sustainability-report-full-en.pdf | 2024-saudi-aramco-sustainability-report-full-en.pdf | Apple_Environmental_Progress_Report_2025.pdf | Apple_Environmental_Progress_Report_2025.pdf | Apple_Environmental_Progress_Report_2025.pdf,0,,,no,missing_company_specific_snippet,ons and people development Minimizing environmental impact Growing societal value Governance Data Outcomes and impacts Operations Products produced • Crude oil • Gas • NGL • Condensate • Chemicals • Refined products • Electricity • Blue amm | ons and people development Minimizing environmental impact Growing societal value Governance Data Outcomes and impacts Operations Products produced • Crude oil • Gas • NGL • Condensate • Chemicals • Refined products • Electricity • Blue amm | e Product transport (Scope 3) End-of-life product processes (Scope 3) 2.0M avoided Supplier energy efficiency 8.4M avoided Direct emissions abatement 6.2M avoided Low-carbon materials** 21.8M avoided Supplier clean energy Corporate footprin | e Product transport (Scope 3) End-of-life product processes (Scope 3) 2.0M avoided Supplier energy efficiency 8.4M avoided Direct emissions abatement 6.2M avoided Low-carbon materials** 21.8M avoided Supplier clean energy Corporate footprin | e Product transport (Scope 3) End-of-life product processes (Scope 3) 2.0M avoided Supplier energy efficiency 8.4M avoided Direct emissions abatement 6.2M avoided Low-carbon materials** 21.8M avoided Supplier clean energy Corporate footprin
company_specific_technology_evidence_backfill,P0,Find a company-specific PDF snippet for this technology path before treating the company-path edge as evidence-backed.,先补回该企业对应该技术路径的 PDF 片段，再把企业-技术路径边视为有证据支撑。,P0_backfill_company_specific_technology_evidence,disclosure_keyword_signal_not_project_cost_or_verified_abatement,low_carbon_materials,Low-carbon materials and process changes,低碳材料与工艺改造,r348_loréal,L'ORÉAL,欧莱雅,348,C,Manufacturing,制造业,51,184,14,164,14,10,"Steel, cement, and heavy materials: 64 | Product redesign and substitution: 0 | Process upgrade: 0",钢铁、水泥等高耗能材料: 64 | 产品设计与材料替代: 0 | 工艺升级: 0,Product or process evidence | GHG Protocol when inventory effects are cited,产品/工艺证据 | 涉及清单影响时的 GHG Protocol,4 | 4 | 12 | 12 | 12,2024-saudi-aramco-sustainability-report-full-en.pdf | 2024-saudi-aramco-sustainability-report-full-en.pdf | Apple_Environmental_Progress_Report_2025.pdf | Apple_Environmental_Progress_Report_2025.pdf | Apple_Environmental_Progress_Report_2025.pdf,0,,,no,missing_company_specific_snippet,ons and people development Minimizing environmental impact Growing societal value Governance Data Outcomes and impacts Operations Products produced • Crude oil • Gas • NGL • Condensate • Chemicals • Refined products • Electricity • Blue amm | ons and people development Minimizing environmental impact Growing societal value Governance Data Outcomes and impacts Operations Products produced • Crude oil • Gas • NGL • Condensate • Chemicals • Refined products • Electricity • Blue amm | e Product transport (Scope 3) End-of-life product processes (Scope 3) 2.0M avoided Supplier energy efficiency 8.4M avoided Direct emissions abatement 6.2M avoided Low-carbon materials** 21.8M avoided Supplier clean energy Corporate footprin | e Product transport (Scope 3) End-of-life product processes (Scope 3) 2.0M avoided Supplier energy efficiency 8.4M avoided Direct emissions abatement 6.2M avoided Low-carbon materials** 21.8M avoided Supplier clean energy Corporate footprin | e Product transport (Scope 3) End-of-life product processes (Scope 3) 2.0M avoided Supplier energy efficiency 8.4M avoided Direct emissions abatement 6.2M avoided Low-carbon materials** 21.8M avoided Supplier clean energy Corporate footprin
company_specific_technology_evidence_backfill,P0,Find a company-specific PDF snippet for this technology path before treating the company-path edge as evidence-backed.,先补回该企业对应该技术路径的 PDF 片段，再把企业-技术路径边视为有证据支撑。,P0_backfill_company_specific_technology_evidence,disclosure_keyword_signal_not_project_cost_or_verified_abatement,low_carbon_materials,Low-carbon materials and process changes,低碳材料与工艺改造,r350_telefónica,TELEFÓNICA,西班牙电话公司,350,I,"Information Transmission, Software and Information Technology Services",信息传输、软件和信息技术服务业,51,184,14,164,14,10,"Steel, cement, and heavy materials: 64 | Product redesign and substitution: 0 | Process upgrade: 0",钢铁、水泥等高耗能材料: 64 | 产品设计与材料替代: 0 | 工艺升级: 0,Product or process evidence | GHG Protocol when inventory effects are cited,产品/工艺证据 | 涉及清单影响时的 GHG Protocol,4 | 4 | 12 | 12 | 12,2024-saudi-aramco-sustainability-report-full-en.pdf | 2024-saudi-aramco-sustainability-report-full-en.pdf | Apple_Environmental_Progress_Report_2025.pdf | Apple_Environmental_Progress_Report_2025.pdf | Apple_Environmental_Progress_Report_2025.pdf,0,,,no,missing_company_specific_snippet,ons and people development Minimizing environmental impact Growing societal value Governance Data Outcomes and impacts Operations Products produced • Crude oil • Gas • NGL • Condensate • Chemicals • Refined products • Electricity • Blue amm | ons and people development Minimizing environmental impact Growing societal value Governance Data Outcomes and impacts Operations Products produced • Crude oil • Gas • NGL • Condensate • Chemicals • Refined products • Electricity • Blue amm | e Product transport (Scope 3) End-of-life product processes (Scope 3) 2.0M avoided Supplier energy efficiency 8.4M avoided Direct emissions abatement 6.2M avoided Low-carbon materials** 21.8M avoided Supplier clean energy Corporate footprin | e Product transport (Scope 3) End-of-life product processes (Scope 3) 2.0M avoided Supplier energy efficiency 8.4M avoided Direct emissions abatement 6.2M avoided Low-carbon materials** 21.8M avoided Supplier clean energy Corporate footprin | e Product transport (Scope 3) End-of-life product processes (Scope 3) 2.0M avoided Supplier energy efficiency 8.4M avoided Direct emissions abatement 6.2M avoided Low-carbon materials** 21.8M avoided Supplier clean energy Corporate footprin
company_specific_technology_evidence_backfill,P0,Find a company-specific PDF snippet for this technology path before treating the company-path edge as evidence-backed.,先补回该企业对应该技术路径的 PDF 片段，再把企业-技术路径边视为有证据支撑。,P0_backfill_company_specific_technology_evidence,disclosure_keyword_signal_not_project_cost_or_verified_abatement,low_carbon_materials,Low-carbon materials and process changes,低碳材料与工艺改造,r368_lyondellbasellindustries,LYONDELLBASELL INDUSTRIES,利安德巴塞尔工业公司,368,C,Manufacturing,制造业,51,184,14,164,14,10,"Steel, cement, and heavy materials: 64 | Product redesign and substitution: 0 | Process upgrade: 0",钢铁、水泥等高耗能材料: 64 | 产品设计与材料替代: 0 | 工艺升级: 0,Product or process evidence | GHG Protocol when inventory effects are cited,产品/工艺证据 | 涉及清单影响时的 GHG Protocol,4 | 4 | 12 | 12 | 12,2024-saudi-aramco-sustainability-report-full-en.pdf | 2024-saudi-aramco-sustainability-report-full-en.pdf | Apple_Environmental_Progress_Report_2025.pdf | Apple_Environmental_Progress_Report_2025.pdf | Apple_Environmental_Progress_Report_2025.pdf,0,,,no,missing_company_specific_snippet,ons and people development Minimizing environmental impact Growing societal value Governance Data Outcomes and impacts Operations Products produced • Crude oil • Gas • NGL • Condensate • Chemicals • Refined products • Electricity • Blue amm | ons and people development Minimizing environmental impact Growing societal value Governance Data Outcomes and impacts Operations Products produced • Crude oil • Gas • NGL • Condensate • Chemicals • Refined products • Electricity • Blue amm | e Product transport (Scope 3) End-of-life product processes (Scope 3) 2.0M avoided Supplier energy efficiency 8.4M avoided Direct emissions abatement 6.2M avoided Low-carbon materials** 21.8M avoided Supplier clean energy Corporate footprin | e Product transport (Scope 3) End-of-life product processes (Scope 3) 2.0M avoided Supplier energy efficiency 8.4M avoided Direct emissions abatement 6.2M avoided Low-carbon materials** 21.8M avoided Supplier clean energy Corporate footprin | e Product transport (Scope 3) End-of-life product processes (Scope 3) 2.0M avoided Supplier energy efficiency 8.4M avoided Direct emissions abatement 6.2M avoided Low-carbon materials** 21.8M avoided Supplier clean energy Corporate footprin
company_specific_technology_evidence_backfill,P0,Find a company-specific PDF snippet for this technology path before treating the company-path edge as evidence-backed.,先补回该企业对应该技术路径的 PDF 片段，再把企业-技术路径边视为有证据支撑。,P0_backfill_company_specific_technology_evidence,disclosure_keyword_signal_not_project_cost_or_verified_abatement,low_carbon_materials,Low-carbon materials and process changes,低碳材料与工艺改造,r387_schneiderelectric,SCHNEIDER ELECTRIC,施耐德电气,387,C,Manufacturing,制造业,51,184,14,164,14,10,"Steel, cement, and heavy materials: 64 | Product redesign and substitution: 0 | Process upgrade: 0",钢铁、水泥等高耗能材料: 64 | 产品设计与材料替代: 0 | 工艺升级: 0,Product or process evidence | GHG Protocol when inventory effects are cited,产品/工艺证据 | 涉及清单影响时的 GHG Protocol,4 | 4 | 12 | 12 | 12,2024-saudi-aramco-sustainability-report-full-en.pdf | 2024-saudi-aramco-sustainability-report-full-en.pdf | Apple_Environmental_Progress_Report_2025.pdf | Apple_Environmental_Progress_Report_2025.pdf | Apple_Environmental_Progress_Report_2025.pdf,0,,,no,missing_company_specific_snippet,ons and people development Minimizing environmental impact Growing societal value Governance Data Outcomes and impacts Operations Products produced • Crude oil • Gas • NGL • Condensate • Chemicals • Refined products • Electricity • Blue amm | ons and people development Minimizing environmental impact Growing societal value Governance Data Outcomes and impacts Operations Products produced • Crude oil • Gas • NGL • Condensate • Chemicals • Refined products • Electricity • Blue amm | e Product transport (Scope 3) End-of-life product processes (Scope 3) 2.0M avoided Supplier energy efficiency 8.4M avoided Direct emissions abatement 6.2M avoided Low-carbon materials** 21.8M avoided Supplier clean energy Corporate footprin | e Product transport (Scope 3) End-of-life product processes (Scope 3) 2.0M avoided Supplier energy efficiency 8.4M avoided Direct emissions abatement 6.2M avoided Low-carbon materials** 21.8M avoided Supplier clean energy Corporate footprin | e Product transport (Scope 3) End-of-life product processes (Scope 3) 2.0M avoided Supplier energy efficiency 8.4M avoided Direct emissions abatement 6.2M avoided Low-carbon materials** 21.8M avoided Supplier clean energy Corporate footprin
company_specific_technology_evidence_backfill,P0,Find a company-specific PDF snippet for this technology path before treating the company-path edge as evidence-backed.,先补回该企业对应该技术路径的 PDF 片段，再把企业-技术路径边视为有证据支撑。,P0_backfill_company_specific_technology_evidence,disclosure_keyword_signal_not_project_cost_or_verified_abatement,low_carbon_materials,Low-carbon materials and process changes,低碳材料与工艺改造,r391_西班牙acs集团,ACS Group,西班牙ACS,391,E,Construction,建筑业,51,184,14,164,14,10,"Steel, cement, and heavy materials: 64 | Product redesign and substitution: 0 | Process upgrade: 0",钢铁、水泥等高耗能材料: 64 | 产品设计与材料替代: 0 | 工艺升级: 0,Product or process evidence | GHG Protocol when inventory effects are cited,产品/工艺证据 | 涉及清单影响时的 GHG Protocol,4 | 4 | 12 | 12 | 12,2024-saudi-aramco-sustainability-report-full-en.pdf | 2024-saudi-aramco-sustainability-report-full-en.pdf | Apple_Environmental_Progress_Report_2025.pdf | Apple_Environmental_Progress_Report_2025.pdf | Apple_Environmental_Progress_Report_2025.pdf,0,,,no,missing_company_specific_snippet,ons and people development Minimizing environmental impact Growing societal value Governance Data Outcomes and impacts Operations Products produced • Crude oil • Gas • NGL • Condensate • Chemicals • Refined products • Electricity • Blue amm | ons and people development Minimizing environmental impact Growing societal value Governance Data Outcomes and impacts Operations Products produced • Crude oil • Gas • NGL • Condensate • Chemicals • Refined products • Electricity • Blue amm | e Product transport (Scope 3) End-of-life product processes (Scope 3) 2.0M avoided Supplier energy efficiency 8.4M avoided Direct emissions abatement 6.2M avoided Low-carbon materials** 21.8M avoided Supplier clean energy Corporate footprin | e Product transport (Scope 3) End-of-life product processes (Scope 3) 2.0M avoided Supplier energy efficiency 8.4M avoided Direct emissions abatement 6.2M avoided Low-carbon materials** 21.8M avoided Supplier clean energy Corporate footprin | e Product transport (Scope 3) End-of-life product processes (Scope 3) 2.0M avoided Supplier energy efficiency 8.4M avoided Direct emissions abatement 6.2M avoided Low-carbon materials** 21.8M avoided Supplier clean energy Corporate footprin
company_specific_technology_evidence_backfill,P0,Find a company-specific PDF snippet for this technology path before treating the company-path edge as evidence-backed.,先补回该企业对应该技术路径的 PDF 片段，再把企业-技术路径边视为有证据支撑。,P0_backfill_company_specific_technology_evidence,disclosure_keyword_signal_not_project_cost_or_verified_abatement,low_carbon_materials,Low-carbon materials and process changes,低碳材料与工艺改造,r403_ubertechnologies公司,Uber Technologies,Uber Technologies,403,F,Wholesale and Retail Trade,批发和零售业,51,184,14,164,14,10,"Steel, cement, and heavy materials: 64 | Product redesign and substitution: 0 | Process upgrade: 0",钢铁、水泥等高耗能材料: 64 | 产品设计与材料替代: 0 | 工艺升级: 0,Product or process evidence | GHG Protocol when inventory effects are cited,产品/工艺证据 | 涉及清单影响时的 GHG Protocol,4 | 4 | 12 | 12 | 12,2024-saudi-aramco-sustainability-report-full-en.pdf | 2024-saudi-aramco-sustainability-report-full-en.pdf | Apple_Environmental_Progress_Report_2025.pdf | Apple_Environmental_Progress_Report_2025.pdf | Apple_Environmental_Progress_Report_2025.pdf,0,,,no,missing_company_specific_snippet,ons and people development Minimizing environmental impact Growing societal value Governance Data Outcomes and impacts Operations Products produced • Crude oil • Gas • NGL • Condensate • Chemicals • Refined products • Electricity • Blue amm | ons and people development Minimizing environmental impact Growing societal value Governance Data Outcomes and impacts Operations Products produced • Crude oil • Gas • NGL • Condensate • Chemicals • Refined products • Electricity • Blue amm | e Product transport (Scope 3) End-of-life product processes (Scope 3) 2.0M avoided Supplier energy efficiency 8.4M avoided Direct emissions abatement 6.2M avoided Low-carbon materials** 21.8M avoided Supplier clean energy Corporate footprin | e Product transport (Scope 3) End-of-life product processes (Scope 3) 2.0M avoided Supplier energy efficiency 8.4M avoided Direct emissions abatement 6.2M avoided Low-carbon materials** 21.8M avoided Supplier clean energy Corporate footprin | e Product transport (Scope 3) End-of-life product processes (Scope 3) 2.0M avoided Supplier energy efficiency 8.4M avoided Direct emissions abatement 6.2M avoided Low-carbon materials** 21.8M avoided Supplier clean energy Corporate footprin
company_specific_technology_evidence_backfill,P0,Find a company-specific PDF snippet for this technology path before treating the company-path edge as evidence-backed.,先补回该企业对应该技术路径的 PDF 片段，再把企业-技术路径边视为有证据支撑。,P0_backfill_company_specific_technology_evidence,disclosure_keyword_signal_not_project_cost_or_verified_abatement,low_carbon_materials,Low-carbon materials and process changes,低碳材料与工艺改造,r484_commonwealthbankofaustralia,COMMONWEALTH BANK OF AUSTRALIA,澳洲联邦银行,484,J,Finance,金融业,51,184,14,164,14,10,"Steel, cement, and heavy materials: 64 | Product redesign and substitution: 0 | Process upgrade: 0",钢铁、水泥等高耗能材料: 64 | 产品设计与材料替代: 0 | 工艺升级: 0,Product or process evidence | GHG Protocol when inventory effects are cited,产品/工艺证据 | 涉及清单影响时的 GHG Protocol,4 | 4 | 12 | 12 | 12,2024-saudi-aramco-sustainability-report-full-en.pdf | 2024-saudi-aramco-sustainability-report-full-en.pdf | Apple_Environmental_Progress_Report_2025.pdf | Apple_Environmental_Progress_Report_2025.pdf | Apple_Environmental_Progress_Report_2025.pdf,0,,,no,missing_company_specific_snippet,ons and people development Minimizing environmental impact Growing societal value Governance Data Outcomes and impacts Operations Products produced • Crude oil • Gas • NGL • Condensate • Chemicals • Refined products • Electricity • Blue amm | ons and people development Minimizing environmental impact Growing societal value Governance Data Outcomes and impacts Operations Products produced • Crude oil • Gas • NGL • Condensate • Chemicals • Refined products • Electricity • Blue amm | e Product transport (Scope 3) End-of-life product processes (Scope 3) 2.0M avoided Supplier energy efficiency 8.4M avoided Direct emissions abatement 6.2M avoided Low-carbon materials** 21.8M avoided Supplier clean energy Corporate footprin | e Product transport (Scope 3) End-of-life product processes (Scope 3) 2.0M avoided Supplier energy efficiency 8.4M avoided Direct emissions abatement 6.2M avoided Low-carbon materials** 21.8M avoided Supplier clean energy Corporate footprin | e Product transport (Scope 3) End-of-life product processes (Scope 3) 2.0M avoided Supplier energy efficiency 8.4M avoided Direct emissions abatement 6.2M avoided Low-carbon materials** 21.8M avoided Supplier clean energy Corporate footprin
company_specific_technology_evidence_backfill,P0,Find a company-specific PDF snippet for this technology path before treating the company-path edge as evidence-backed.,先补回该企业对应该技术路径的 PDF 片段，再把企业-技术路径边视为有证据支撑。,P0_backfill_company_specific_technology_evidence,disclosure_keyword_signal_not_project_cost_or_verified_abatement,renewable_power,Renewable power and green electricity procurement,可再生电力与绿电采购,r023_totalenergies,TOTALENERGIES,道达尔能源公司,23,B,Mining,采矿业,87,669,78,602,122,72,Onsite solar or wind: 4 | PPA / VPPA procurement: 27 | Certificates / green tariffs: 42 | Grid clean-power transition: 9,园区/现场光伏与风电: 4 | PPA / VPPA 绿电采购: 27 | 证书与绿色电价: 42 | 电网清洁电力转型: 9,GHG Protocol Scope 2 Guidance | GHG Protocol Corporate Standard | GRI 302 / 305,GHG Protocol Scope 2 指南 | GHG Protocol 企业核算标准 | GRI 302 / 305,100 | 104 | 104 | 104 | 104,Apple_Environmental_Progress_Report_2025.pdf | Apple_Environmental_Progress_Report_2025.pdf | Apple_Environmental_Progress_Report_2025.pdf | Apple_Environmental_Progress_Report_2025.pdf | Apple_Environmental_Progress_Report_2025.pdf,0,,,no,missing_company_specific_snippet,"ee data center in Iowa, bringing our total Apple-owned data center count to eight. We worked with local partners, including the City of Waukee and MidAmerican Energy, to source and provide wind energy for the site. 4 Emissions avoided are c | usiness Council for Sustainable Development (WBCSD) Greenhouse Gas Protocol: o Energy: Direct (Million Therms) and Indirect (Million kilowatt hours (mkWh)) o Renewable Energy (mkWh) o Water Withdrawal (Million Gallons) o Greenhouse Gas (GHG | usiness Council for Sustainable Development (WBCSD) Greenhouse Gas Protocol: o Energy: Direct (Million Therms) and Indirect (Million kilowatt hours (mkWh)) o Renewable Energy (mkWh) o Water Withdrawal (Million Gallons) o Greenhouse Gas (GHG | usiness Council for Sustainable Development (WBCSD) Greenhouse Gas Protocol: o Energy: Direct (Million Therms) and Indirect (Million kilowatt hours (mkWh)) o Renewable Energy (mkWh) o Water Withdrawal (Million Gallons) o Greenhouse Gas (GHG | usiness Council for Sustainable Development (WBCSD) Greenhouse Gas Protocol: o Energy: Direct (Million Therms) and Indirect (Million kilowatt hours (mkWh)) o Renewable Energy (mkWh) o Water Withdrawal (Million Gallons) o Greenhouse Gas (GHG"
company_specific_technology_evidence_backfill,P0,Find a company-specific PDF snippet for this technology path before treating the company-path edge as evidence-backed.,先补回该企业对应该技术路径的 PDF 片段，再把企业-技术路径边视为有证据支撑。,P0_backfill_company_specific_technology_evidence,disclosure_keyword_signal_not_project_cost_or_verified_abatement,renewable_power,Renewable power and green electricity procurement,可再生电力与绿电采购,r031_samsungelectronics,SAMSUNG ELECTRONICS,三星电子,31,C,Manufacturing,制造业,87,669,78,602,122,72,Onsite solar or wind: 4 | PPA / VPPA procurement: 27 | Certificates / green tariffs: 42 | Grid clean-power transition: 9,园区/现场光伏与风电: 4 | PPA / VPPA 绿电采购: 27 | 证书与绿色电价: 42 | 电网清洁电力转型: 9,GHG Protocol Scope 2 Guidance | GHG Protocol Corporate Standard | GRI 302 / 305,GHG Protocol Scope 2 指南 | GHG Protocol 企业核算标准 | GRI 302 / 305,100 | 104 | 104 | 104 | 104,Apple_Environmental_Progress_Report_2025.pdf | Apple_Environmental_Progress_Report_2025.pdf | Apple_Environmental_Progress_Report_2025.pdf | Apple_Environmental_Progress_Report_2025.pdf | Apple_Environmental_Progress_Report_2025.pdf,0,,,no,missing_company_specific_snippet,"ee data center in Iowa, bringing our total Apple-owned data center count to eight. We worked with local partners, including the City of Waukee and MidAmerican Energy, to source and provide wind energy for the site. 4 Emissions avoided are c | usiness Council for Sustainable Development (WBCSD) Greenhouse Gas Protocol: o Energy: Direct (Million Therms) and Indirect (Million kilowatt hours (mkWh)) o Renewable Energy (mkWh) o Water Withdrawal (Million Gallons) o Greenhouse Gas (GHG | usiness Council for Sustainable Development (WBCSD) Greenhouse Gas Protocol: o Energy: Direct (Million Therms) and Indirect (Million kilowatt hours (mkWh)) o Renewable Energy (mkWh) o Water Withdrawal (Million Gallons) o Greenhouse Gas (GHG | usiness Council for Sustainable Development (WBCSD) Greenhouse Gas Protocol: o Energy: Direct (Million Therms) and Indirect (Million kilowatt hours (mkWh)) o Renewable Energy (mkWh) o Water Withdrawal (Million Gallons) o Greenhouse Gas (GHG | usiness Council for Sustainable Development (WBCSD) Greenhouse Gas Protocol: o Energy: Direct (Million Therms) and Indirect (Million kilowatt hours (mkWh)) o Renewable Energy (mkWh) o Water Withdrawal (Million Gallons) o Greenhouse Gas (GHG"
company_specific_technology_evidence_backfill,P0,Find a company-specific PDF snippet for this technology path before treating the company-path edge as evidence-backed.,先补回该企业对应该技术路径的 PDF 片段，再把企业-技术路径边视为有证据支撑。,P0_backfill_company_specific_technology_evidence,disclosure_keyword_signal_not_project_cost_or_verified_abatement,renewable_power,Renewable power and green electricity procurement,可再生电力与绿电采购,r033_cignagroup,CIGNA GROUP,信诺集团,33,J,Finance,金融业,87,669,78,602,122,72,Onsite solar or wind: 4 | PPA / VPPA procurement: 27 | Certificates / green tariffs: 42 | Grid clean-power transition: 9,园区/现场光伏与风电: 4 | PPA / VPPA 绿电采购: 27 | 证书与绿色电价: 42 | 电网清洁电力转型: 9,GHG Protocol Scope 2 Guidance | GHG Protocol Corporate Standard | GRI 302 / 305,GHG Protocol Scope 2 指南 | GHG Protocol 企业核算标准 | GRI 302 / 305,100 | 104 | 104 | 104 | 104,Apple_Environmental_Progress_Report_2025.pdf | Apple_Environmental_Progress_Report_2025.pdf | Apple_Environmental_Progress_Report_2025.pdf | Apple_Environmental_Progress_Report_2025.pdf | Apple_Environmental_Progress_Report_2025.pdf,0,,,no,missing_company_specific_snippet,"ee data center in Iowa, bringing our total Apple-owned data center count to eight. We worked with local partners, including the City of Waukee and MidAmerican Energy, to source and provide wind energy for the site. 4 Emissions avoided are c | usiness Council for Sustainable Development (WBCSD) Greenhouse Gas Protocol: o Energy: Direct (Million Therms) and Indirect (Million kilowatt hours (mkWh)) o Renewable Energy (mkWh) o Water Withdrawal (Million Gallons) o Greenhouse Gas (GHG | usiness Council for Sustainable Development (WBCSD) Greenhouse Gas Protocol: o Energy: Direct (Million Therms) and Indirect (Million kilowatt hours (mkWh)) o Renewable Energy (mkWh) o Water Withdrawal (Million Gallons) o Greenhouse Gas (GHG | usiness Council for Sustainable Development (WBCSD) Greenhouse Gas Protocol: o Energy: Direct (Million Therms) and Indirect (Million kilowatt hours (mkWh)) o Renewable Energy (mkWh) o Water Withdrawal (Million Gallons) o Greenhouse Gas (GHG | usiness Council for Sustainable Development (WBCSD) Greenhouse Gas Protocol: o Energy: Direct (Million Therms) and Indirect (Million kilowatt hours (mkWh)) o Renewable Energy (mkWh) o Water Withdrawal (Million Gallons) o Greenhouse Gas (GHG"
company_specific_technology_evidence_backfill,P0,Find a company-specific PDF snippet for this technology path before treating the company-path edge as evidence-backed.,先补回该企业对应该技术路径的 PDF 片段，再把企业-技术路径边视为有证据支撑。,P0_backfill_company_specific_technology_evidence,disclosure_keyword_signal_not_project_cost_or_verified_abatement,renewable_power,Renewable power and green electricity procurement,可再生电力与绿电采购,r052_phillips66公司,Phillips 66,Phillips 66,52,D,"Electricity, Heat, Gas and Water Production and Supply",电力、热力、燃气及水生产和供应业,87,669,78,602,122,72,Onsite solar or wind: 4 | PPA / VPPA procurement: 27 | Certificates / green tariffs: 42 | Grid clean-power transition: 9,园区/现场光伏与风电: 4 | PPA / VPPA 绿电采购: 27 | 证书与绿色电价: 42 | 电网清洁电力转型: 9,GHG Protocol Scope 2 Guidance | GHG Protocol Corporate Standard | GRI 302 / 305,GHG Protocol Scope 2 指南 | GHG Protocol 企业核算标准 | GRI 302 / 305,100 | 104 | 104 | 104 | 104,Apple_Environmental_Progress_Report_2025.pdf | Apple_Environmental_Progress_Report_2025.pdf | Apple_Environmental_Progress_Report_2025.pdf | Apple_Environmental_Progress_Report_2025.pdf | Apple_Environmental_Progress_Report_2025.pdf,0,,,no,missing_company_specific_snippet,"ee data center in Iowa, bringing our total Apple-owned data center count to eight. We worked with local partners, including the City of Waukee and MidAmerican Energy, to source and provide wind energy for the site. 4 Emissions avoided are c | usiness Council for Sustainable Development (WBCSD) Greenhouse Gas Protocol: o Energy: Direct (Million Therms) and Indirect (Million kilowatt hours (mkWh)) o Renewable Energy (mkWh) o Water Withdrawal (Million Gallons) o Greenhouse Gas (GHG | usiness Council for Sustainable Development (WBCSD) Greenhouse Gas Protocol: o Energy: Direct (Million Therms) and Indirect (Million kilowatt hours (mkWh)) o Renewable Energy (mkWh) o Water Withdrawal (Million Gallons) o Greenhouse Gas (GHG | usiness Council for Sustainable Development (WBCSD) Greenhouse Gas Protocol: o Energy: Direct (Million Therms) and Indirect (Million kilowatt hours (mkWh)) o Renewable Energy (mkWh) o Water Withdrawal (Million Gallons) o Greenhouse Gas (GHG | usiness Council for Sustainable Development (WBCSD) Greenhouse Gas Protocol: o Energy: Direct (Million Therms) and Indirect (Million kilowatt hours (mkWh)) o Renewable Energy (mkWh) o Water Withdrawal (Million Gallons) o Greenhouse Gas (GHG"
company_specific_technology_evidence_backfill,P0,Find a company-specific PDF snippet for this technology path before treating the company-path edge as evidence-backed.,先补回该企业对应该技术路径的 PDF 片段，再把企业-技术路径边视为有证据支撑。,P0_backfill_company_specific_technology_evidence,disclosure_keyword_signal_not_project_cost_or_verified_abatement,renewable_power,Renewable power and green electricity procurement,可再生电力与绿电采购,r082_allianz,ALLIANZ,安联保险集团,82,J,Finance,金融业,87,669,78,602,122,72,Onsite solar or wind: 4 | PPA / VPPA procurement: 27 | Certificates / green tariffs: 42 | Grid clean-power transition: 9,园区/现场光伏与风电: 4 | PPA / VPPA 绿电采购: 27 | 证书与绿色电价: 42 | 电网清洁电力转型: 9,GHG Protocol Scope 2 Guidance | GHG Protocol Corporate Standard | GRI 302 / 305,GHG Protocol Scope 2 指南 | GHG Protocol 企业核算标准 | GRI 302 / 305,100 | 104 | 104 | 104 | 104,Apple_Environmental_Progress_Report_2025.pdf | Apple_Environmental_Progress_Report_2025.pdf | Apple_Environmental_Progress_Report_2025.pdf | Apple_Environmental_Progress_Report_2025.pdf | Apple_Environmental_Progress_Report_2025.pdf,0,,,no,missing_company_specific_snippet,"ee data center in Iowa, bringing our total Apple-owned data center count to eight. We worked with local partners, including the City of Waukee and MidAmerican Energy, to source and provide wind energy for the site. 4 Emissions avoided are c | usiness Council for Sustainable Development (WBCSD) Greenhouse Gas Protocol: o Energy: Direct (Million Therms) and Indirect (Million kilowatt hours (mkWh)) o Renewable Energy (mkWh) o Water Withdrawal (Million Gallons) o Greenhouse Gas (GHG | usiness Council for Sustainable Development (WBCSD) Greenhouse Gas Protocol: o Energy: Direct (Million Therms) and Indirect (Million kilowatt hours (mkWh)) o Renewable Energy (mkWh) o Water Withdrawal (Million Gallons) o Greenhouse Gas (GHG | usiness Council for Sustainable Development (WBCSD) Greenhouse Gas Protocol: o Energy: Direct (Million Therms) and Indirect (Million kilowatt hours (mkWh)) o Renewable Energy (mkWh) o Water Withdrawal (Million Gallons) o Greenhouse Gas (GHG | usiness Council for Sustainable Development (WBCSD) Greenhouse Gas Protocol: o Energy: Direct (Million Therms) and Indirect (Million kilowatt hours (mkWh)) o Renewable Energy (mkWh) o Water Withdrawal (Million Gallons) o Greenhouse Gas (GHG"
company_specific_technology_evidence_backfill,P0,Find a company-specific PDF snippet for this technology path before treating the company-path edge as evidence-backed.,先补回该企业对应该技术路径的 PDF 片段，再把企业-技术路径边视为有证据支撑。,P0_backfill_company_specific_technology_evidence,disclosure_keyword_signal_not_project_cost_or_verified_abatement,renewable_power,Renewable power and green electricity procurement,可再生电力与绿电采购,r098_eni,ENI,埃尼石油公司,98,D,"Electricity, Heat, Gas and Water Production and Supply",电力、热力、燃气及水生产和供应业,87,669,78,602,122,72,Onsite solar or wind: 4 | PPA / VPPA procurement: 27 | Certificates / green tariffs: 42 | Grid clean-power transition: 9,园区/现场光伏与风电: 4 | PPA / VPPA 绿电采购: 27 | 证书与绿色电价: 42 | 电网清洁电力转型: 9,GHG Protocol Scope 2 Guidance | GHG Protocol Corporate Standard | GRI 302 / 305,GHG Protocol Scope 2 指南 | GHG Protocol 企业核算标准 | GRI 302 / 305,100 | 104 | 104 | 104 | 104,Apple_Environmental_Progress_Report_2025.pdf | Apple_Environmental_Progress_Report_2025.pdf | Apple_Environmental_Progress_Report_2025.pdf | Apple_Environmental_Progress_Report_2025.pdf | Apple_Environmental_Progress_Report_2025.pdf,0,,,no,missing_company_specific_snippet,"ee data center in Iowa, bringing our total Apple-owned data center count to eight. We worked with local partners, including the City of Waukee and MidAmerican Energy, to source and provide wind energy for the site. 4 Emissions avoided are c | usiness Council for Sustainable Development (WBCSD) Greenhouse Gas Protocol: o Energy: Direct (Million Therms) and Indirect (Million kilowatt hours (mkWh)) o Renewable Energy (mkWh) o Water Withdrawal (Million Gallons) o Greenhouse Gas (GHG | usiness Council for Sustainable Development (WBCSD) Greenhouse Gas Protocol: o Energy: Direct (Million Therms) and Indirect (Million kilowatt hours (mkWh)) o Renewable Energy (mkWh) o Water Withdrawal (Million Gallons) o Greenhouse Gas (GHG | usiness Council for Sustainable Development (WBCSD) Greenhouse Gas Protocol: o Energy: Direct (Million Therms) and Indirect (Million kilowatt hours (mkWh)) o Renewable Energy (mkWh) o Water Withdrawal (Million Gallons) o Greenhouse Gas (GHG | usiness Council for Sustainable Development (WBCSD) Greenhouse Gas Protocol: o Energy: Direct (Million Therms) and Indirect (Million kilowatt hours (mkWh)) o Renewable Energy (mkWh) o Water Withdrawal (Million Gallons) o Greenhouse Gas (GHG"
company_specific_technology_evidence_backfill,P0,Find a company-specific PDF snippet for this technology path before treating the company-path edge as evidence-backed.,先补回该企业对应该技术路径的 PDF 片段，再把企业-技术路径边视为有证据支撑。,P0_backfill_company_specific_technology_evidence,disclosure_keyword_signal_not_project_cost_or_verified_abatement,renewable_power,Renewable power and green electricity procurement,可再生电力与绿电采购,r101_eon,E.ON,意昂集团,101,D,"Electricity, Heat, Gas and Water Production and Supply",电力、热力、燃气及水生产和供应业,87,669,78,602,122,72,Onsite solar or wind: 4 | PPA / VPPA procurement: 27 | Certificates / green tariffs: 42 | Grid clean-power transition: 9,园区/现场光伏与风电: 4 | PPA / VPPA 绿电采购: 27 | 证书与绿色电价: 42 | 电网清洁电力转型: 9,GHG Protocol Scope 2 Guidance | GHG Protocol Corporate Standard | GRI 302 / 305,GHG Protocol Scope 2 指南 | GHG Protocol 企业核算标准 | GRI 302 / 305,100 | 104 | 104 | 104 | 104,Apple_Environmental_Progress_Report_2025.pdf | Apple_Environmental_Progress_Report_2025.pdf | Apple_Environmental_Progress_Report_2025.pdf | Apple_Environmental_Progress_Report_2025.pdf | Apple_Environmental_Progress_Report_2025.pdf,0,,,no,missing_company_specific_snippet,"ee data center in Iowa, bringing our total Apple-owned data center count to eight. We worked with local partners, including the City of Waukee and MidAmerican Energy, to source and provide wind energy for the site. 4 Emissions avoided are c | usiness Council for Sustainable Development (WBCSD) Greenhouse Gas Protocol: o Energy: Direct (Million Therms) and Indirect (Million kilowatt hours (mkWh)) o Renewable Energy (mkWh) o Water Withdrawal (Million Gallons) o Greenhouse Gas (GHG | usiness Council for Sustainable Development (WBCSD) Greenhouse Gas Protocol: o Energy: Direct (Million Therms) and Indirect (Million kilowatt hours (mkWh)) o Renewable Energy (mkWh) o Water Withdrawal (Million Gallons) o Greenhouse Gas (GHG | usiness Council for Sustainable Development (WBCSD) Greenhouse Gas Protocol: o Energy: Direct (Million Therms) and Indirect (Million kilowatt hours (mkWh)) o Renewable Energy (mkWh) o Water Withdrawal (Million Gallons) o Greenhouse Gas (GHG | usiness Council for Sustainable Development (WBCSD) Greenhouse Gas Protocol: o Energy: Direct (Million Therms) and Indirect (Million kilowatt hours (mkWh)) o Renewable Energy (mkWh) o Water Withdrawal (Million Gallons) o Greenhouse Gas (GHG"
company_specific_technology_evidence_backfill,P0,Find a company-specific PDF snippet for this technology path before treating the company-path edge as evidence-backed.,先补回该企业对应该技术路径的 PDF 片段，再把企业-技术路径边视为有证据支撑。,P0_backfill_company_specific_technology_evidence,disclosure_keyword_signal_not_project_cost_or_verified_abatement,renewable_power,Renewable power and green electricity procurement,可再生电力与绿电采购,r114_royalaholddelhaize,ROYAL AHOLD DELHAIZE,皇家阿霍德德尔海兹集团,114,F,Wholesale and Retail Trade,批发和零售业,87,669,78,602,122,72,Onsite solar or wind: 4 | PPA / VPPA procurement: 27 | Certificates / green tariffs: 42 | Grid clean-power transition: 9,园区/现场光伏与风电: 4 | PPA / VPPA 绿电采购: 27 | 证书与绿色电价: 42 | 电网清洁电力转型: 9,GHG Protocol Scope 2 Guidance | GHG Protocol Corporate Standard | GRI 302 / 305,GHG Protocol Scope 2 指南 | GHG Protocol 企业核算标准 | GRI 302 / 305,100 | 104 | 104 | 104 | 104,Apple_Environmental_Progress_Report_2025.pdf | Apple_Environmental_Progress_Report_2025.pdf | Apple_Environmental_Progress_Report_2025.pdf | Apple_Environmental_Progress_Report_2025.pdf | Apple_Environmental_Progress_Report_2025.pdf,0,,,no,missing_company_specific_snippet,"ee data center in Iowa, bringing our total Apple-owned data center count to eight. We worked with local partners, including the City of Waukee and MidAmerican Energy, to source and provide wind energy for the site. 4 Emissions avoided are c | usiness Council for Sustainable Development (WBCSD) Greenhouse Gas Protocol: o Energy: Direct (Million Therms) and Indirect (Million kilowatt hours (mkWh)) o Renewable Energy (mkWh) o Water Withdrawal (Million Gallons) o Greenhouse Gas (GHG | usiness Council for Sustainable Development (WBCSD) Greenhouse Gas Protocol: o Energy: Direct (Million Therms) and Indirect (Million kilowatt hours (mkWh)) o Renewable Energy (mkWh) o Water Withdrawal (Million Gallons) o Greenhouse Gas (GHG | usiness Council for Sustainable Development (WBCSD) Greenhouse Gas Protocol: o Energy: Direct (Million Therms) and Indirect (Million kilowatt hours (mkWh)) o Renewable Energy (mkWh) o Water Withdrawal (Million Gallons) o Greenhouse Gas (GHG | usiness Council for Sustainable Development (WBCSD) Greenhouse Gas Protocol: o Energy: Direct (Million Therms) and Indirect (Million kilowatt hours (mkWh)) o Renewable Energy (mkWh) o Water Withdrawal (Million Gallons) o Greenhouse Gas (GHG"
company_specific_technology_evidence_backfill,P0,Find a company-specific PDF snippet for this technology path before treating the company-path edge as evidence-backed.,先补回该企业对应该技术路径的 PDF 片段，再把企业-技术路径边视为有证据支撑。,P0_backfill_company_specific_technology_evidence,disclosure_keyword_signal_not_project_cost_or_verified_abatement,renewable_power,Renewable power and green electricity procurement,可再生电力与绿电采购,r117_adm公司,ADM,ADM,117,C,Manufacturing,制造业,87,669,78,602,122,72,Onsite solar or wind: 4 | PPA / VPPA procurement: 27 | Certificates / green tariffs: 42 | Grid clean-power transition: 9,园区/现场光伏与风电: 4 | PPA / VPPA 绿电采购: 27 | 证书与绿色电价: 42 | 电网清洁电力转型: 9,GHG Protocol Scope 2 Guidance | GHG Protocol Corporate Standard | GRI 302 / 305,GHG Protocol Scope 2 指南 | GHG Protocol 企业核算标准 | GRI 302 / 305,100 | 104 | 104 | 104 | 104,Apple_Environmental_Progress_Report_2025.pdf | Apple_Environmental_Progress_Report_2025.pdf | Apple_Environmental_Progress_Report_2025.pdf | Apple_Environmental_Progress_Report_2025.pdf | Apple_Environmental_Progress_Report_2025.pdf,0,,,no,missing_company_specific_snippet,"ee data center in Iowa, bringing our total Apple-owned data center count to eight. We worked with local partners, including the City of Waukee and MidAmerican Energy, to source and provide wind energy for the site. 4 Emissions avoided are c | usiness Council for Sustainable Development (WBCSD) Greenhouse Gas Protocol: o Energy: Direct (Million Therms) and Indirect (Million kilowatt hours (mkWh)) o Renewable Energy (mkWh) o Water Withdrawal (Million Gallons) o Greenhouse Gas (GHG | usiness Council for Sustainable Development (WBCSD) Greenhouse Gas Protocol: o Energy: Direct (Million Therms) and Indirect (Million kilowatt hours (mkWh)) o Renewable Energy (mkWh) o Water Withdrawal (Million Gallons) o Greenhouse Gas (GHG | usiness Council for Sustainable Development (WBCSD) Greenhouse Gas Protocol: o Energy: Direct (Million Therms) and Indirect (Million kilowatt hours (mkWh)) o Renewable Energy (mkWh) o Water Withdrawal (Million Gallons) o Greenhouse Gas (GHG | usiness Council for Sustainable Development (WBCSD) Greenhouse Gas Protocol: o Energy: Direct (Million Therms) and Indirect (Million kilowatt hours (mkWh)) o Renewable Energy (mkWh) o Water Withdrawal (Million Gallons) o Greenhouse Gas (GHG"
company_specific_technology_evidence_backfill,P0,Find a company-specific PDF snippet for this technology path before treating the company-path edge as evidence-backed.,先补回该企业对应该技术路径的 PDF 片段，再把企业-技术路径边视为有证据支撑。,P0_backfill_company_specific_technology_evidence,disclosure_keyword_signal_not_project_cost_or_verified_abatement,renewable_power,Renewable power and green electricity procurement,可再生电力与绿电采购,r119_christiandior,CHRISTIAN DIOR,迪奥公司,119,C,Manufacturing,制造业,87,669,78,602,122,72,Onsite solar or wind: 4 | PPA / VPPA procurement: 27 | Certificates / green tariffs: 42 | Grid clean-power transition: 9,园区/现场光伏与风电: 4 | PPA / VPPA 绿电采购: 27 | 证书与绿色电价: 42 | 电网清洁电力转型: 9,GHG Protocol Scope 2 Guidance | GHG Protocol Corporate Standard | GRI 302 / 305,GHG Protocol Scope 2 指南 | GHG Protocol 企业核算标准 | GRI 302 / 305,100 | 104 | 104 | 104 | 104,Apple_Environmental_Progress_Report_2025.pdf | Apple_Environmental_Progress_Report_2025.pdf | Apple_Environmental_Progress_Report_2025.pdf | Apple_Environmental_Progress_Report_2025.pdf | Apple_Environmental_Progress_Report_2025.pdf,0,,,no,missing_company_specific_snippet,"ee data center in Iowa, bringing our total Apple-owned data center count to eight. We worked with local partners, including the City of Waukee and MidAmerican Energy, to source and provide wind energy for the site. 4 Emissions avoided are c | usiness Council for Sustainable Development (WBCSD) Greenhouse Gas Protocol: o Energy: Direct (Million Therms) and Indirect (Million kilowatt hours (mkWh)) o Renewable Energy (mkWh) o Water Withdrawal (Million Gallons) o Greenhouse Gas (GHG | usiness Council for Sustainable Development (WBCSD) Greenhouse Gas Protocol: o Energy: Direct (Million Therms) and Indirect (Million kilowatt hours (mkWh)) o Renewable Energy (mkWh) o Water Withdrawal (Million Gallons) o Greenhouse Gas (GHG | usiness Council for Sustainable Development (WBCSD) Greenhouse Gas Protocol: o Energy: Direct (Million Therms) and Indirect (Million kilowatt hours (mkWh)) o Renewable Energy (mkWh) o Water Withdrawal (Million Gallons) o Greenhouse Gas (GHG | usiness Council for Sustainable Development (WBCSD) Greenhouse Gas Protocol: o Energy: Direct (Million Therms) and Indirect (Million kilowatt hours (mkWh)) o Renewable Energy (mkWh) o Water Withdrawal (Million Gallons) o Greenhouse Gas (GHG"
company_specific_technology_evidence_backfill,P0,Find a company-specific PDF snippet for this technology path before treating the company-path edge as evidence-backed.,先补回该企业对应该技术路径的 PDF 片段，再把企业-技术路径边视为有证据支撑。,P0_backfill_company_specific_technology_evidence,disclosure_keyword_signal_not_project_cost_or_verified_abatement,renewable_power,Renewable power and green electricity procurement,可再生电力与绿电采购,r120_nippontelegraphandtelephone,NIPPON TELEGRAPH AND TELEPHONE,日本电报电话公司,120,I,"Information Transmission, Software and Information Technology Services",信息传输、软件和信息技术服务业,87,669,78,602,122,72,Onsite solar or wind: 4 | PPA / VPPA procurement: 27 | Certificates / green tariffs: 42 | Grid clean-power transition: 9,园区/现场光伏与风电: 4 | PPA / VPPA 绿电采购: 27 | 证书与绿色电价: 42 | 电网清洁电力转型: 9,GHG Protocol Scope 2 Guidance | GHG Protocol Corporate Standard | GRI 302 / 305,GHG Protocol Scope 2 指南 | GHG Protocol 企业核算标准 | GRI 302 / 305,100 | 104 | 104 | 104 | 104,Apple_Environmental_Progress_Report_2025.pdf | Apple_Environmental_Progress_Report_2025.pdf | Apple_Environmental_Progress_Report_2025.pdf | Apple_Environmental_Progress_Report_2025.pdf | Apple_Environmental_Progress_Report_2025.pdf,0,,,no,missing_company_specific_snippet,"ee data center in Iowa, bringing our total Apple-owned data center count to eight. We worked with local partners, including the City of Waukee and MidAmerican Energy, to source and provide wind energy for the site. 4 Emissions avoided are c | usiness Council for Sustainable Development (WBCSD) Greenhouse Gas Protocol: o Energy: Direct (Million Therms) and Indirect (Million kilowatt hours (mkWh)) o Renewable Energy (mkWh) o Water Withdrawal (Million Gallons) o Greenhouse Gas (GHG | usiness Council for Sustainable Development (WBCSD) Greenhouse Gas Protocol: o Energy: Direct (Million Therms) and Indirect (Million kilowatt hours (mkWh)) o Renewable Energy (mkWh) o Water Withdrawal (Million Gallons) o Greenhouse Gas (GHG | usiness Council for Sustainable Development (WBCSD) Greenhouse Gas Protocol: o Energy: Direct (Million Therms) and Indirect (Million kilowatt hours (mkWh)) o Renewable Energy (mkWh) o Water Withdrawal (Million Gallons) o Greenhouse Gas (GHG | usiness Council for Sustainable Development (WBCSD) Greenhouse Gas Protocol: o Energy: Direct (Million Therms) and Indirect (Million kilowatt hours (mkWh)) o Renewable Energy (mkWh) o Water Withdrawal (Million Gallons) o Greenhouse Gas (GHG"
company_specific_technology_evidence_backfill,P0,Find a company-specific PDF snippet for this technology path before treating the company-path edge as evidence-backed.,先补回该企业对应该技术路径的 PDF 片段，再把企业-技术路径边视为有证据支撑。,P0_backfill_company_specific_technology_evidence,disclosure_keyword_signal_not_project_cost_or_verified_abatement,renewable_power,Renewable power and green electricity procurement,可再生电力与绿电采购,r121_mitsui,MITSUI,三井物产株式会社,121,L,Leasing and Business Services,租赁和商务服务业,87,669,78,602,122,72,Onsite solar or wind: 4 | PPA / VPPA procurement: 27 | Certificates / green tariffs: 42 | Grid clean-power transition: 9,园区/现场光伏与风电: 4 | PPA / VPPA 绿电采购: 27 | 证书与绿色电价: 42 | 电网清洁电力转型: 9,GHG Protocol Scope 2 Guidance | GHG Protocol Corporate Standard | GRI 302 / 305,GHG Protocol Scope 2 指南 | GHG Protocol 企业核算标准 | GRI 302 / 305,100 | 104 | 104 | 104 | 104,Apple_Environmental_Progress_Report_2025.pdf | Apple_Environmental_Progress_Report_2025.pdf | Apple_Environmental_Progress_Report_2025.pdf | Apple_Environmental_Progress_Report_2025.pdf | Apple_Environmental_Progress_Report_2025.pdf,0,,,no,missing_company_specific_snippet,"ee data center in Iowa, bringing our total Apple-owned data center count to eight. We worked with local partners, including the City of Waukee and MidAmerican Energy, to source and provide wind energy for the site. 4 Emissions avoided are c | usiness Council for Sustainable Development (WBCSD) Greenhouse Gas Protocol: o Energy: Direct (Million Therms) and Indirect (Million kilowatt hours (mkWh)) o Renewable Energy (mkWh) o Water Withdrawal (Million Gallons) o Greenhouse Gas (GHG | usiness Council for Sustainable Development (WBCSD) Greenhouse Gas Protocol: o Energy: Direct (Million Therms) and Indirect (Million kilowatt hours (mkWh)) o Renewable Energy (mkWh) o Water Withdrawal (Million Gallons) o Greenhouse Gas (GHG | usiness Council for Sustainable Development (WBCSD) Greenhouse Gas Protocol: o Energy: Direct (Million Therms) and Indirect (Million kilowatt hours (mkWh)) o Renewable Energy (mkWh) o Water Withdrawal (Million Gallons) o Greenhouse Gas (GHG | usiness Council for Sustainable Development (WBCSD) Greenhouse Gas Protocol: o Energy: Direct (Million Therms) and Indirect (Million kilowatt hours (mkWh)) o Renewable Energy (mkWh) o Water Withdrawal (Million Gallons) o Greenhouse Gas (GHG"
company_specific_technology_evidence_backfill,P0,Find a company-specific PDF snippet for this technology path before treating the company-path edge as evidence-backed.,先补回该企业对应该技术路径的 PDF 片段，再把企业-技术路径边视为有证据支撑。,P0_backfill_company_specific_technology_evidence,disclosure_keyword_signal_not_project_cost_or_verified_abatement,renewable_power,Renewable power and green electricity procurement,可再生电力与绿电采购,r130_engie集团,Engie,Engie,130,D,"Electricity, Heat, Gas and Water Production and Supply",电力、热力、燃气及水生产和供应业,87,669,78,602,122,72,Onsite solar or wind: 4 | PPA / VPPA procurement: 27 | Certificates / green tariffs: 42 | Grid clean-power transition: 9,园区/现场光伏与风电: 4 | PPA / VPPA 绿电采购: 27 | 证书与绿色电价: 42 | 电网清洁电力转型: 9,GHG Protocol Scope 2 Guidance | GHG Protocol Corporate Standard | GRI 302 / 305,GHG Protocol Scope 2 指南 | GHG Protocol 企业核算标准 | GRI 302 / 305,100 | 104 | 104 | 104 | 104,Apple_Environmental_Progress_Report_2025.pdf | Apple_Environmental_Progress_Report_2025.pdf | Apple_Environmental_Progress_Report_2025.pdf | Apple_Environmental_Progress_Report_2025.pdf | Apple_Environmental_Progress_Report_2025.pdf,0,,,no,missing_company_specific_snippet,"ee data center in Iowa, bringing our total Apple-owned data center count to eight. We worked with local partners, including the City of Waukee and MidAmerican Energy, to source and provide wind energy for the site. 4 Emissions avoided are c | usiness Council for Sustainable Development (WBCSD) Greenhouse Gas Protocol: o Energy: Direct (Million Therms) and Indirect (Million kilowatt hours (mkWh)) o Renewable Energy (mkWh) o Water Withdrawal (Million Gallons) o Greenhouse Gas (GHG | usiness Council for Sustainable Development (WBCSD) Greenhouse Gas Protocol: o Energy: Direct (Million Therms) and Indirect (Million kilowatt hours (mkWh)) o Renewable Energy (mkWh) o Water Withdrawal (Million Gallons) o Greenhouse Gas (GHG | usiness Council for Sustainable Development (WBCSD) Greenhouse Gas Protocol: o Energy: Direct (Million Therms) and Indirect (Million kilowatt hours (mkWh)) o Renewable Energy (mkWh) o Water Withdrawal (Million Gallons) o Greenhouse Gas (GHG | usiness Council for Sustainable Development (WBCSD) Greenhouse Gas Protocol: o Energy: Direct (Million Therms) and Indirect (Million kilowatt hours (mkWh)) o Renewable Energy (mkWh) o Water Withdrawal (Million Gallons) o Greenhouse Gas (GHG"
company_specific_technology_evidence_backfill,P0,Find a company-specific PDF snippet for this technology path before treating the company-path edge as evidence-backed.,先补回该企业对应该技术路径的 PDF 片段，再把企业-技术路径边视为有证据支撑。,P0_backfill_company_specific_technology_evidence,disclosure_keyword_signal_not_project_cost_or_verified_abatement,renewable_power,Renewable power and green electricity procurement,可再生电力与绿电采购,r145_siemens,SIEMENS,西门子,145,C,Manufacturing,制造业,87,669,78,602,122,72,Onsite solar or wind: 4 | PPA / VPPA procurement: 27 | Certificates / green tariffs: 42 | Grid clean-power transition: 9,园区/现场光伏与风电: 4 | PPA / VPPA 绿电采购: 27 | 证书与绿色电价: 42 | 电网清洁电力转型: 9,GHG Protocol Scope 2 Guidance | GHG Protocol Corporate Standard | GRI 302 / 305,GHG Protocol Scope 2 指南 | GHG Protocol 企业核算标准 | GRI 302 / 305,100 | 104 | 104 | 104 | 104,Apple_Environmental_Progress_Report_2025.pdf | Apple_Environmental_Progress_Report_2025.pdf | Apple_Environmental_Progress_Report_2025.pdf | Apple_Environmental_Progress_Report_2025.pdf | Apple_Environmental_Progress_Report_2025.pdf,0,,,no,missing_company_specific_snippet,"ee data center in Iowa, bringing our total Apple-owned data center count to eight. We worked with local partners, including the City of Waukee and MidAmerican Energy, to source and provide wind energy for the site. 4 Emissions avoided are c | usiness Council for Sustainable Development (WBCSD) Greenhouse Gas Protocol: o Energy: Direct (Million Therms) and Indirect (Million kilowatt hours (mkWh)) o Renewable Energy (mkWh) o Water Withdrawal (Million Gallons) o Greenhouse Gas (GHG | usiness Council for Sustainable Development (WBCSD) Greenhouse Gas Protocol: o Energy: Direct (Million Therms) and Indirect (Million kilowatt hours (mkWh)) o Renewable Energy (mkWh) o Water Withdrawal (Million Gallons) o Greenhouse Gas (GHG | usiness Council for Sustainable Development (WBCSD) Greenhouse Gas Protocol: o Energy: Direct (Million Therms) and Indirect (Million kilowatt hours (mkWh)) o Renewable Energy (mkWh) o Water Withdrawal (Million Gallons) o Greenhouse Gas (GHG | usiness Council for Sustainable Development (WBCSD) Greenhouse Gas Protocol: o Energy: Direct (Million Therms) and Indirect (Million kilowatt hours (mkWh)) o Renewable Energy (mkWh) o Water Withdrawal (Million Gallons) o Greenhouse Gas (GHG"
company_specific_technology_evidence_backfill,P0,Find a company-specific PDF snippet for this technology path before treating the company-path edge as evidence-backed.,先补回该企业对应该技术路径的 PDF 片段，再把企业-技术路径边视为有证据支撑。,P0_backfill_company_specific_technology_evidence,disclosure_keyword_signal_not_project_cost_or_verified_abatement,renewable_power,Renewable power and green electricity procurement,可再生电力与绿电采购,r168_torontodominionbank,TORONTO-DOMINION BANK,多伦多道明银行,168,J,Finance,金融业,87,669,78,602,122,72,Onsite solar or wind: 4 | PPA / VPPA procurement: 27 | Certificates / green tariffs: 42 | Grid clean-power transition: 9,园区/现场光伏与风电: 4 | PPA / VPPA 绿电采购: 27 | 证书与绿色电价: 42 | 电网清洁电力转型: 9,GHG Protocol Scope 2 Guidance | GHG Protocol Corporate Standard | GRI 302 / 305,GHG Protocol Scope 2 指南 | GHG Protocol 企业核算标准 | GRI 302 / 305,100 | 104 | 104 | 104 | 104,Apple_Environmental_Progress_Report_2025.pdf | Apple_Environmental_Progress_Report_2025.pdf | Apple_Environmental_Progress_Report_2025.pdf | Apple_Environmental_Progress_Report_2025.pdf | Apple_Environmental_Progress_Report_2025.pdf,0,,,no,missing_company_specific_snippet,"ee data center in Iowa, bringing our total Apple-owned data center count to eight. We worked with local partners, including the City of Waukee and MidAmerican Energy, to source and provide wind energy for the site. 4 Emissions avoided are c | usiness Council for Sustainable Development (WBCSD) Greenhouse Gas Protocol: o Energy: Direct (Million Therms) and Indirect (Million kilowatt hours (mkWh)) o Renewable Energy (mkWh) o Water Withdrawal (Million Gallons) o Greenhouse Gas (GHG | usiness Council for Sustainable Development (WBCSD) Greenhouse Gas Protocol: o Energy: Direct (Million Therms) and Indirect (Million kilowatt hours (mkWh)) o Renewable Energy (mkWh) o Water Withdrawal (Million Gallons) o Greenhouse Gas (GHG | usiness Council for Sustainable Development (WBCSD) Greenhouse Gas Protocol: o Energy: Direct (Million Therms) and Indirect (Million kilowatt hours (mkWh)) o Renewable Energy (mkWh) o Water Withdrawal (Million Gallons) o Greenhouse Gas (GHG | usiness Council for Sustainable Development (WBCSD) Greenhouse Gas Protocol: o Energy: Direct (Million Therms) and Indirect (Million kilowatt hours (mkWh)) o Renewable Energy (mkWh) o Water Withdrawal (Million Gallons) o Greenhouse Gas (GHG"
company_specific_technology_evidence_backfill,P0,Find a company-specific PDF snippet for this technology path before treating the company-path edge as evidence-backed.,先补回该企业对应该技术路径的 PDF 片段，再把企业-技术路径边视为有证据支撑。,P0_backfill_company_specific_technology_evidence,disclosure_keyword_signal_not_project_cost_or_verified_abatement,renewable_power,Renewable power and green electricity procurement,可再生电力与绿电采购,r169_lukoil,LUKOIL,卢克石油公司,169,D,"Electricity, Heat, Gas and Water Production and Supply",电力、热力、燃气及水生产和供应业,87,669,78,602,122,72,Onsite solar or wind: 4 | PPA / VPPA procurement: 27 | Certificates / green tariffs: 42 | Grid clean-power transition: 9,园区/现场光伏与风电: 4 | PPA / VPPA 绿电采购: 27 | 证书与绿色电价: 42 | 电网清洁电力转型: 9,GHG Protocol Scope 2 Guidance | GHG Protocol Corporate Standard | GRI 302 / 305,GHG Protocol Scope 2 指南 | GHG Protocol 企业核算标准 | GRI 302 / 305,100 | 104 | 104 | 104 | 104,Apple_Environmental_Progress_Report_2025.pdf | Apple_Environmental_Progress_Report_2025.pdf | Apple_Environmental_Progress_Report_2025.pdf | Apple_Environmental_Progress_Report_2025.pdf | Apple_Environmental_Progress_Report_2025.pdf,0,,,no,missing_company_specific_snippet,"ee data center in Iowa, bringing our total Apple-owned data center count to eight. We worked with local partners, including the City of Waukee and MidAmerican Energy, to source and provide wind energy for the site. 4 Emissions avoided are c | usiness Council for Sustainable Development (WBCSD) Greenhouse Gas Protocol: o Energy: Direct (Million Therms) and Indirect (Million kilowatt hours (mkWh)) o Renewable Energy (mkWh) o Water Withdrawal (Million Gallons) o Greenhouse Gas (GHG | usiness Council for Sustainable Development (WBCSD) Greenhouse Gas Protocol: o Energy: Direct (Million Therms) and Indirect (Million kilowatt hours (mkWh)) o Renewable Energy (mkWh) o Water Withdrawal (Million Gallons) o Greenhouse Gas (GHG | usiness Council for Sustainable Development (WBCSD) Greenhouse Gas Protocol: o Energy: Direct (Million Therms) and Indirect (Million kilowatt hours (mkWh)) o Renewable Energy (mkWh) o Water Withdrawal (Million Gallons) o Greenhouse Gas (GHG | usiness Council for Sustainable Development (WBCSD) Greenhouse Gas Protocol: o Energy: Direct (Million Therms) and Indirect (Million kilowatt hours (mkWh)) o Renewable Energy (mkWh) o Water Withdrawal (Million Gallons) o Greenhouse Gas (GHG"
company_specific_technology_evidence_backfill,P0,Find a company-specific PDF snippet for this technology path before treating the company-path edge as evidence-backed.,先补回该企业对应该技术路径的 PDF 片段，再把企业-技术路径边视为有证据支撑。,P0_backfill_company_specific_technology_evidence,disclosure_keyword_signal_not_project_cost_or_verified_abatement,renewable_power,Renewable power and green electricity procurement,可再生电力与绿电采购,r176_巴西jbs公司,JBS,巴西JBS,176,C,Manufacturing,制造业,87,669,78,602,122,72,Onsite solar or wind: 4 | PPA / VPPA procurement: 27 | Certificates / green tariffs: 42 | Grid clean-power transition: 9,园区/现场光伏与风电: 4 | PPA / VPPA 绿电采购: 27 | 证书与绿色电价: 42 | 电网清洁电力转型: 9,GHG Protocol Scope 2 Guidance | GHG Protocol Corporate Standard | GRI 302 / 305,GHG Protocol Scope 2 指南 | GHG Protocol 企业核算标准 | GRI 302 / 305,100 | 104 | 104 | 104 | 104,Apple_Environmental_Progress_Report_2025.pdf | Apple_Environmental_Progress_Report_2025.pdf | Apple_Environmental_Progress_Report_2025.pdf | Apple_Environmental_Progress_Report_2025.pdf | Apple_Environmental_Progress_Report_2025.pdf,0,,,no,missing_company_specific_snippet,"ee data center in Iowa, bringing our total Apple-owned data center count to eight. We worked with local partners, including the City of Waukee and MidAmerican Energy, to source and provide wind energy for the site. 4 Emissions avoided are c | usiness Council for Sustainable Development (WBCSD) Greenhouse Gas Protocol: o Energy: Direct (Million Therms) and Indirect (Million kilowatt hours (mkWh)) o Renewable Energy (mkWh) o Water Withdrawal (Million Gallons) o Greenhouse Gas (GHG | usiness Council for Sustainable Development (WBCSD) Greenhouse Gas Protocol: o Energy: Direct (Million Therms) and Indirect (Million kilowatt hours (mkWh)) o Renewable Energy (mkWh) o Water Withdrawal (Million Gallons) o Greenhouse Gas (GHG | usiness Council for Sustainable Development (WBCSD) Greenhouse Gas Protocol: o Energy: Direct (Million Therms) and Indirect (Million kilowatt hours (mkWh)) o Renewable Energy (mkWh) o Water Withdrawal (Million Gallons) o Greenhouse Gas (GHG | usiness Council for Sustainable Development (WBCSD) Greenhouse Gas Protocol: o Energy: Direct (Million Therms) and Indirect (Million kilowatt hours (mkWh)) o Renewable Energy (mkWh) o Water Withdrawal (Million Gallons) o Greenhouse Gas (GHG"
company_specific_technology_evidence_backfill,P0,Find a company-specific PDF snippet for this technology path before treating the company-path edge as evidence-backed.,先补回该企业对应该技术路径的 PDF 片段，再把企业-技术路径边视为有证据支撑。,P0_backfill_company_specific_technology_evidence,disclosure_keyword_signal_not_project_cost_or_verified_abatement,renewable_power,Renewable power and green electricity procurement,可再生电力与绿电采购,r196_hitachi,HITACHI,日立,196,C,Manufacturing,制造业,87,669,78,602,122,72,Onsite solar or wind: 4 | PPA / VPPA procurement: 27 | Certificates / green tariffs: 42 | Grid clean-power transition: 9,园区/现场光伏与风电: 4 | PPA / VPPA 绿电采购: 27 | 证书与绿色电价: 42 | 电网清洁电力转型: 9,GHG Protocol Scope 2 Guidance | GHG Protocol Corporate Standard | GRI 302 / 305,GHG Protocol Scope 2 指南 | GHG Protocol 企业核算标准 | GRI 302 / 305,100 | 104 | 104 | 104 | 104,Apple_Environmental_Progress_Report_2025.pdf | Apple_Environmental_Progress_Report_2025.pdf | Apple_Environmental_Progress_Report_2025.pdf | Apple_Environmental_Progress_Report_2025.pdf | Apple_Environmental_Progress_Report_2025.pdf,0,,,no,missing_company_specific_snippet,"ee data center in Iowa, bringing our total Apple-owned data center count to eight. We worked with local partners, including the City of Waukee and MidAmerican Energy, to source and provide wind energy for the site. 4 Emissions avoided are c | usiness Council for Sustainable Development (WBCSD) Greenhouse Gas Protocol: o Energy: Direct (Million Therms) and Indirect (Million kilowatt hours (mkWh)) o Renewable Energy (mkWh) o Water Withdrawal (Million Gallons) o Greenhouse Gas (GHG | usiness Council for Sustainable Development (WBCSD) Greenhouse Gas Protocol: o Energy: Direct (Million Therms) and Indirect (Million kilowatt hours (mkWh)) o Renewable Energy (mkWh) o Water Withdrawal (Million Gallons) o Greenhouse Gas (GHG | usiness Council for Sustainable Development (WBCSD) Greenhouse Gas Protocol: o Energy: Direct (Million Therms) and Indirect (Million kilowatt hours (mkWh)) o Renewable Energy (mkWh) o Water Withdrawal (Million Gallons) o Greenhouse Gas (GHG | usiness Council for Sustainable Development (WBCSD) Greenhouse Gas Protocol: o Energy: Direct (Million Therms) and Indirect (Million kilowatt hours (mkWh)) o Renewable Energy (mkWh) o Water Withdrawal (Million Gallons) o Greenhouse Gas (GHG"
company_specific_technology_evidence_backfill,P0,Find a company-specific PDF snippet for this technology path before treating the company-path edge as evidence-backed.,先补回该企业对应该技术路径的 PDF 片段，再把企业-技术路径边视为有证据支撑。,P0_backfill_company_specific_technology_evidence,disclosure_keyword_signal_not_project_cost_or_verified_abatement,renewable_power,Renewable power and green electricity procurement,可再生电力与绿电采购,r208_sumitomomitsuifinancialgroup,SUMITOMO MITSUI FINANCIAL GROUP,日本三井住友金融集团,208,J,Finance,金融业,87,669,78,602,122,72,Onsite solar or wind: 4 | PPA / VPPA procurement: 27 | Certificates / green tariffs: 42 | Grid clean-power transition: 9,园区/现场光伏与风电: 4 | PPA / VPPA 绿电采购: 27 | 证书与绿色电价: 42 | 电网清洁电力转型: 9,GHG Protocol Scope 2 Guidance | GHG Protocol Corporate Standard | GRI 302 / 305,GHG Protocol Scope 2 指南 | GHG Protocol 企业核算标准 | GRI 302 / 305,100 | 104 | 104 | 104 | 104,Apple_Environmental_Progress_Report_2025.pdf | Apple_Environmental_Progress_Report_2025.pdf | Apple_Environmental_Progress_Report_2025.pdf | Apple_Environmental_Progress_Report_2025.pdf | Apple_Environmental_Progress_Report_2025.pdf,0,,,no,missing_company_specific_snippet,"ee data center in Iowa, bringing our total Apple-owned data center count to eight. We worked with local partners, including the City of Waukee and MidAmerican Energy, to source and provide wind energy for the site. 4 Emissions avoided are c | usiness Council for Sustainable Development (WBCSD) Greenhouse Gas Protocol: o Energy: Direct (Million Therms) and Indirect (Million kilowatt hours (mkWh)) o Renewable Energy (mkWh) o Water Withdrawal (Million Gallons) o Greenhouse Gas (GHG | usiness Council for Sustainable Development (WBCSD) Greenhouse Gas Protocol: o Energy: Direct (Million Therms) and Indirect (Million kilowatt hours (mkWh)) o Renewable Energy (mkWh) o Water Withdrawal (Million Gallons) o Greenhouse Gas (GHG | usiness Council for Sustainable Development (WBCSD) Greenhouse Gas Protocol: o Energy: Direct (Million Therms) and Indirect (Million kilowatt hours (mkWh)) o Renewable Energy (mkWh) o Water Withdrawal (Million Gallons) o Greenhouse Gas (GHG | usiness Council for Sustainable Development (WBCSD) Greenhouse Gas Protocol: o Energy: Direct (Million Therms) and Indirect (Million kilowatt hours (mkWh)) o Renewable Energy (mkWh) o Water Withdrawal (Million Gallons) o Greenhouse Gas (GHG"
company_specific_technology_evidence_backfill,P0,Find a company-specific PDF snippet for this technology path before treating the company-path edge as evidence-backed.,先补回该企业对应该技术路径的 PDF 片段，再把企业-技术路径边视为有证据支撑。,P0_backfill_company_specific_technology_evidence,disclosure_keyword_signal_not_project_cost_or_verified_abatement,renewable_power,Renewable power and green electricity procurement,可再生电力与绿电采购,r241_tdsynnex公司,TD Synnex,TD Synnex,241,F,Wholesale and Retail Trade,批发和零售业,87,669,78,602,122,72,Onsite solar or wind: 4 | PPA / VPPA procurement: 27 | Certificates / green tariffs: 42 | Grid clean-power transition: 9,园区/现场光伏与风电: 4 | PPA / VPPA 绿电采购: 27 | 证书与绿色电价: 42 | 电网清洁电力转型: 9,GHG Protocol Scope 2 Guidance | GHG Protocol Corporate Standard | GRI 302 / 305,GHG Protocol Scope 2 指南 | GHG Protocol 企业核算标准 | GRI 302 / 305,100 | 104 | 104 | 104 | 104,Apple_Environmental_Progress_Report_2025.pdf | Apple_Environmental_Progress_Report_2025.pdf | Apple_Environmental_Progress_Report_2025.pdf | Apple_Environmental_Progress_Report_2025.pdf | Apple_Environmental_Progress_Report_2025.pdf,0,,,no,missing_company_specific_snippet,"ee data center in Iowa, bringing our total Apple-owned data center count to eight. We worked with local partners, including the City of Waukee and MidAmerican Energy, to source and provide wind energy for the site. 4 Emissions avoided are c | usiness Council for Sustainable Development (WBCSD) Greenhouse Gas Protocol: o Energy: Direct (Million Therms) and Indirect (Million kilowatt hours (mkWh)) o Renewable Energy (mkWh) o Water Withdrawal (Million Gallons) o Greenhouse Gas (GHG | usiness Council for Sustainable Development (WBCSD) Greenhouse Gas Protocol: o Energy: Direct (Million Therms) and Indirect (Million kilowatt hours (mkWh)) o Renewable Energy (mkWh) o Water Withdrawal (Million Gallons) o Greenhouse Gas (GHG | usiness Council for Sustainable Development (WBCSD) Greenhouse Gas Protocol: o Energy: Direct (Million Therms) and Indirect (Million kilowatt hours (mkWh)) o Renewable Energy (mkWh) o Water Withdrawal (Million Gallons) o Greenhouse Gas (GHG | usiness Council for Sustainable Development (WBCSD) Greenhouse Gas Protocol: o Energy: Direct (Million Therms) and Indirect (Million kilowatt hours (mkWh)) o Renewable Energy (mkWh) o Water Withdrawal (Million Gallons) o Greenhouse Gas (GHG"
company_specific_technology_evidence_backfill,P0,Find a company-specific PDF snippet for this technology path before treating the company-path edge as evidence-backed.,先补回该企业对应该技术路径的 PDF 片段，再把企业-技术路径边视为有证据支撑。,P0_backfill_company_specific_technology_evidence,disclosure_keyword_signal_not_project_cost_or_verified_abatement,renewable_power,Renewable power and green electricity procurement,可再生电力与绿电采购,r247_repsol,REPSOL,雷普索尔公司,247,D,"Electricity, Heat, Gas and Water Production and Supply",电力、热力、燃气及水生产和供应业,87,669,78,602,122,72,Onsite solar or wind: 4 | PPA / VPPA procurement: 27 | Certificates / green tariffs: 42 | Grid clean-power transition: 9,园区/现场光伏与风电: 4 | PPA / VPPA 绿电采购: 27 | 证书与绿色电价: 42 | 电网清洁电力转型: 9,GHG Protocol Scope 2 Guidance | GHG Protocol Corporate Standard | GRI 302 / 305,GHG Protocol Scope 2 指南 | GHG Protocol 企业核算标准 | GRI 302 / 305,100 | 104 | 104 | 104 | 104,Apple_Environmental_Progress_Report_2025.pdf | Apple_Environmental_Progress_Report_2025.pdf | Apple_Environmental_Progress_Report_2025.pdf | Apple_Environmental_Progress_Report_2025.pdf | Apple_Environmental_Progress_Report_2025.pdf,0,,,no,missing_company_specific_snippet,"ee data center in Iowa, bringing our total Apple-owned data center count to eight. We worked with local partners, including the City of Waukee and MidAmerican Energy, to source and provide wind energy for the site. 4 Emissions avoided are c | usiness Council for Sustainable Development (WBCSD) Greenhouse Gas Protocol: o Energy: Direct (Million Therms) and Indirect (Million kilowatt hours (mkWh)) o Renewable Energy (mkWh) o Water Withdrawal (Million Gallons) o Greenhouse Gas (GHG | usiness Council for Sustainable Development (WBCSD) Greenhouse Gas Protocol: o Energy: Direct (Million Therms) and Indirect (Million kilowatt hours (mkWh)) o Renewable Energy (mkWh) o Water Withdrawal (Million Gallons) o Greenhouse Gas (GHG | usiness Council for Sustainable Development (WBCSD) Greenhouse Gas Protocol: o Energy: Direct (Million Therms) and Indirect (Million kilowatt hours (mkWh)) o Renewable Energy (mkWh) o Water Withdrawal (Million Gallons) o Greenhouse Gas (GHG | usiness Council for Sustainable Development (WBCSD) Greenhouse Gas Protocol: o Energy: Direct (Million Therms) and Indirect (Million kilowatt hours (mkWh)) o Renewable Energy (mkWh) o Water Withdrawal (Million Gallons) o Greenhouse Gas (GHG"
company_specific_technology_evidence_backfill,P0,Find a company-specific PDF snippet for this technology path before treating the company-path edge as evidence-backed.,先补回该企业对应该技术路径的 PDF 片段，再把企业-技术路径边视为有证据支撑。,P0_backfill_company_specific_technology_evidence,disclosure_keyword_signal_not_project_cost_or_verified_abatement,renewable_power,Renewable power and green electricity procurement,可再生电力与绿电采购,r252_bancobradesco,BANCO BRADESCO,巴西布拉德斯科银行,252,J,Finance,金融业,87,669,78,602,122,72,Onsite solar or wind: 4 | PPA / VPPA procurement: 27 | Certificates / green tariffs: 42 | Grid clean-power transition: 9,园区/现场光伏与风电: 4 | PPA / VPPA 绿电采购: 27 | 证书与绿色电价: 42 | 电网清洁电力转型: 9,GHG Protocol Scope 2 Guidance | GHG Protocol Corporate Standard | GRI 302 / 305,GHG Protocol Scope 2 指南 | GHG Protocol 企业核算标准 | GRI 302 / 305,100 | 104 | 104 | 104 | 104,Apple_Environmental_Progress_Report_2025.pdf | Apple_Environmental_Progress_Report_2025.pdf | Apple_Environmental_Progress_Report_2025.pdf | Apple_Environmental_Progress_Report_2025.pdf | Apple_Environmental_Progress_Report_2025.pdf,0,,,no,missing_company_specific_snippet,"ee data center in Iowa, bringing our total Apple-owned data center count to eight. We worked with local partners, including the City of Waukee and MidAmerican Energy, to source and provide wind energy for the site. 4 Emissions avoided are c | usiness Council for Sustainable Development (WBCSD) Greenhouse Gas Protocol: o Energy: Direct (Million Therms) and Indirect (Million kilowatt hours (mkWh)) o Renewable Energy (mkWh) o Water Withdrawal (Million Gallons) o Greenhouse Gas (GHG | usiness Council for Sustainable Development (WBCSD) Greenhouse Gas Protocol: o Energy: Direct (Million Therms) and Indirect (Million kilowatt hours (mkWh)) o Renewable Energy (mkWh) o Water Withdrawal (Million Gallons) o Greenhouse Gas (GHG | usiness Council for Sustainable Development (WBCSD) Greenhouse Gas Protocol: o Energy: Direct (Million Therms) and Indirect (Million kilowatt hours (mkWh)) o Renewable Energy (mkWh) o Water Withdrawal (Million Gallons) o Greenhouse Gas (GHG | usiness Council for Sustainable Development (WBCSD) Greenhouse Gas Protocol: o Energy: Direct (Million Therms) and Indirect (Million kilowatt hours (mkWh)) o Renewable Energy (mkWh) o Water Withdrawal (Million Gallons) o Greenhouse Gas (GHG"
company_specific_technology_evidence_backfill,P0,Find a company-specific PDF snippet for this technology path before treating the company-path edge as evidence-backed.,先补回该企业对应该技术路径的 PDF 片段，再把企业-技术路径边视为有证据支撑。,P0_backfill_company_specific_technology_evidence,disclosure_keyword_signal_not_project_cost_or_verified_abatement,renewable_power,Renewable power and green electricity procurement,可再生电力与绿电采购,r261_intel,INTEL,英特尔公司,261,C,Manufacturing,制造业,87,669,78,602,122,72,Onsite solar or wind: 4 | PPA / VPPA procurement: 27 | Certificates / green tariffs: 42 | Grid clean-power transition: 9,园区/现场光伏与风电: 4 | PPA / VPPA 绿电采购: 27 | 证书与绿色电价: 42 | 电网清洁电力转型: 9,GHG Protocol Scope 2 Guidance | GHG Protocol Corporate Standard | GRI 302 / 305,GHG Protocol Scope 2 指南 | GHG Protocol 企业核算标准 | GRI 302 / 305,100 | 104 | 104 | 104 | 104,Apple_Environmental_Progress_Report_2025.pdf | Apple_Environmental_Progress_Report_2025.pdf | Apple_Environmental_Progress_Report_2025.pdf | Apple_Environmental_Progress_Report_2025.pdf | Apple_Environmental_Progress_Report_2025.pdf,0,,,no,missing_company_specific_snippet,"ee data center in Iowa, bringing our total Apple-owned data center count to eight. We worked with local partners, including the City of Waukee and MidAmerican Energy, to source and provide wind energy for the site. 4 Emissions avoided are c | usiness Council for Sustainable Development (WBCSD) Greenhouse Gas Protocol: o Energy: Direct (Million Therms) and Indirect (Million kilowatt hours (mkWh)) o Renewable Energy (mkWh) o Water Withdrawal (Million Gallons) o Greenhouse Gas (GHG | usiness Council for Sustainable Development (WBCSD) Greenhouse Gas Protocol: o Energy: Direct (Million Therms) and Indirect (Million kilowatt hours (mkWh)) o Renewable Energy (mkWh) o Water Withdrawal (Million Gallons) o Greenhouse Gas (GHG | usiness Council for Sustainable Development (WBCSD) Greenhouse Gas Protocol: o Energy: Direct (Million Therms) and Indirect (Million kilowatt hours (mkWh)) o Renewable Energy (mkWh) o Water Withdrawal (Million Gallons) o Greenhouse Gas (GHG | usiness Council for Sustainable Development (WBCSD) Greenhouse Gas Protocol: o Energy: Direct (Million Therms) and Indirect (Million kilowatt hours (mkWh)) o Renewable Energy (mkWh) o Water Withdrawal (Million Gallons) o Greenhouse Gas (GHG"
company_specific_technology_evidence_backfill,P0,Find a company-specific PDF snippet for this technology path before treating the company-path edge as evidence-backed.,先补回该企业对应该技术路径的 PDF 片段，再把企业-技术路径边视为有证据支撑。,P0_backfill_company_specific_technology_evidence,disclosure_keyword_signal_not_project_cost_or_verified_abatement,renewable_power,Renewable power and green electricity procurement,可再生电力与绿电采购,r262_tjx公司,TJX,TJX,262,F,Wholesale and Retail Trade,批发和零售业,87,669,78,602,122,72,Onsite solar or wind: 4 | PPA / VPPA procurement: 27 | Certificates / green tariffs: 42 | Grid clean-power transition: 9,园区/现场光伏与风电: 4 | PPA / VPPA 绿电采购: 27 | 证书与绿色电价: 42 | 电网清洁电力转型: 9,GHG Protocol Scope 2 Guidance | GHG Protocol Corporate Standard | GRI 302 / 305,GHG Protocol Scope 2 指南 | GHG Protocol 企业核算标准 | GRI 302 / 305,100 | 104 | 104 | 104 | 104,Apple_Environmental_Progress_Report_2025.pdf | Apple_Environmental_Progress_Report_2025.pdf | Apple_Environmental_Progress_Report_2025.pdf | Apple_Environmental_Progress_Report_2025.pdf | Apple_Environmental_Progress_Report_2025.pdf,0,,,no,missing_company_specific_snippet,"ee data center in Iowa, bringing our total Apple-owned data center count to eight. We worked with local partners, including the City of Waukee and MidAmerican Energy, to source and provide wind energy for the site. 4 Emissions avoided are c | usiness Council for Sustainable Development (WBCSD) Greenhouse Gas Protocol: o Energy: Direct (Million Therms) and Indirect (Million kilowatt hours (mkWh)) o Renewable Energy (mkWh) o Water Withdrawal (Million Gallons) o Greenhouse Gas (GHG | usiness Council for Sustainable Development (WBCSD) Greenhouse Gas Protocol: o Energy: Direct (Million Therms) and Indirect (Million kilowatt hours (mkWh)) o Renewable Energy (mkWh) o Water Withdrawal (Million Gallons) o Greenhouse Gas (GHG | usiness Council for Sustainable Development (WBCSD) Greenhouse Gas Protocol: o Energy: Direct (Million Therms) and Indirect (Million kilowatt hours (mkWh)) o Renewable Energy (mkWh) o Water Withdrawal (Million Gallons) o Greenhouse Gas (GHG | usiness Council for Sustainable Development (WBCSD) Greenhouse Gas Protocol: o Energy: Direct (Million Therms) and Indirect (Million kilowatt hours (mkWh)) o Renewable Energy (mkWh) o Water Withdrawal (Million Gallons) o Greenhouse Gas (GHG"
company_specific_technology_evidence_backfill,P0,Find a company-specific PDF snippet for this technology path before treating the company-path edge as evidence-backed.,先补回该企业对应该技术路径的 PDF 片段，再把企业-技术路径边视为有证据支撑。,P0_backfill_company_specific_technology_evidence,disclosure_keyword_signal_not_project_cost_or_verified_abatement,renewable_power,Renewable power and green electricity procurement,可再生电力与绿电采购,r264_riotintogroup,RIO TINTO GROUP,力拓集团,264,B,Mining,采矿业,87,669,78,602,122,72,Onsite solar or wind: 4 | PPA / VPPA procurement: 27 | Certificates / green tariffs: 42 | Grid clean-power transition: 9,园区/现场光伏与风电: 4 | PPA / VPPA 绿电采购: 27 | 证书与绿色电价: 42 | 电网清洁电力转型: 9,GHG Protocol Scope 2 Guidance | GHG Protocol Corporate Standard | GRI 302 / 305,GHG Protocol Scope 2 指南 | GHG Protocol 企业核算标准 | GRI 302 / 305,100 | 104 | 104 | 104 | 104,Apple_Environmental_Progress_Report_2025.pdf | Apple_Environmental_Progress_Report_2025.pdf | Apple_Environmental_Progress_Report_2025.pdf | Apple_Environmental_Progress_Report_2025.pdf | Apple_Environmental_Progress_Report_2025.pdf,0,,,no,missing_company_specific_snippet,"ee data center in Iowa, bringing our total Apple-owned data center count to eight. We worked with local partners, including the City of Waukee and MidAmerican Energy, to source and provide wind energy for the site. 4 Emissions avoided are c | usiness Council for Sustainable Development (WBCSD) Greenhouse Gas Protocol: o Energy: Direct (Million Therms) and Indirect (Million kilowatt hours (mkWh)) o Renewable Energy (mkWh) o Water Withdrawal (Million Gallons) o Greenhouse Gas (GHG | usiness Council for Sustainable Development (WBCSD) Greenhouse Gas Protocol: o Energy: Direct (Million Therms) and Indirect (Million kilowatt hours (mkWh)) o Renewable Energy (mkWh) o Water Withdrawal (Million Gallons) o Greenhouse Gas (GHG | usiness Council for Sustainable Development (WBCSD) Greenhouse Gas Protocol: o Energy: Direct (Million Therms) and Indirect (Million kilowatt hours (mkWh)) o Renewable Energy (mkWh) o Water Withdrawal (Million Gallons) o Greenhouse Gas (GHG | usiness Council for Sustainable Development (WBCSD) Greenhouse Gas Protocol: o Energy: Direct (Million Therms) and Indirect (Million kilowatt hours (mkWh)) o Renewable Energy (mkWh) o Water Withdrawal (Million Gallons) o Greenhouse Gas (GHG"
company_specific_technology_evidence_backfill,P0,Find a company-specific PDF snippet for this technology path before treating the company-path edge as evidence-backed.,先补回该企业对应该技术路径的 PDF 片段，再把企业-技术路径边视为有证据支撑。,P0_backfill_company_specific_technology_evidence,disclosure_keyword_signal_not_project_cost_or_verified_abatement,renewable_power,Renewable power and green electricity procurement,可再生电力与绿电采购,r344_continental,CONTINENTAL,德国大陆集团,344,C,Manufacturing,制造业,87,669,78,602,122,72,Onsite solar or wind: 4 | PPA / VPPA procurement: 27 | Certificates / green tariffs: 42 | Grid clean-power transition: 9,园区/现场光伏与风电: 4 | PPA / VPPA 绿电采购: 27 | 证书与绿色电价: 42 | 电网清洁电力转型: 9,GHG Protocol Scope 2 Guidance | GHG Protocol Corporate Standard | GRI 302 / 305,GHG Protocol Scope 2 指南 | GHG Protocol 企业核算标准 | GRI 302 / 305,100 | 104 | 104 | 104 | 104,Apple_Environmental_Progress_Report_2025.pdf | Apple_Environmental_Progress_Report_2025.pdf | Apple_Environmental_Progress_Report_2025.pdf | Apple_Environmental_Progress_Report_2025.pdf | Apple_Environmental_Progress_Report_2025.pdf,0,,,no,missing_company_specific_snippet,"ee data center in Iowa, bringing our total Apple-owned data center count to eight. We worked with local partners, including the City of Waukee and MidAmerican Energy, to source and provide wind energy for the site. 4 Emissions avoided are c | usiness Council for Sustainable Development (WBCSD) Greenhouse Gas Protocol: o Energy: Direct (Million Therms) and Indirect (Million kilowatt hours (mkWh)) o Renewable Energy (mkWh) o Water Withdrawal (Million Gallons) o Greenhouse Gas (GHG | usiness Council for Sustainable Development (WBCSD) Greenhouse Gas Protocol: o Energy: Direct (Million Therms) and Indirect (Million kilowatt hours (mkWh)) o Renewable Energy (mkWh) o Water Withdrawal (Million Gallons) o Greenhouse Gas (GHG | usiness Council for Sustainable Development (WBCSD) Greenhouse Gas Protocol: o Energy: Direct (Million Therms) and Indirect (Million kilowatt hours (mkWh)) o Renewable Energy (mkWh) o Water Withdrawal (Million Gallons) o Greenhouse Gas (GHG | usiness Council for Sustainable Development (WBCSD) Greenhouse Gas Protocol: o Energy: Direct (Million Therms) and Indirect (Million kilowatt hours (mkWh)) o Renewable Energy (mkWh) o Water Withdrawal (Million Gallons) o Greenhouse Gas (GHG"
company_specific_technology_evidence_backfill,P0,Find a company-specific PDF snippet for this technology path before treating the company-path edge as evidence-backed.,先补回该企业对应该技术路径的 PDF 片段，再把企业-技术路径边视为有证据支撑。,P0_backfill_company_specific_technology_evidence,disclosure_keyword_signal_not_project_cost_or_verified_abatement,renewable_power,Renewable power and green electricity procurement,可再生电力与绿电采购,r345_raízen公司,Raízen,Raízen,345,D,"Electricity, Heat, Gas and Water Production and Supply",电力、热力、燃气及水生产和供应业,87,669,78,602,122,72,Onsite solar or wind: 4 | PPA / VPPA procurement: 27 | Certificates / green tariffs: 42 | Grid clean-power transition: 9,园区/现场光伏与风电: 4 | PPA / VPPA 绿电采购: 27 | 证书与绿色电价: 42 | 电网清洁电力转型: 9,GHG Protocol Scope 2 Guidance | GHG Protocol Corporate Standard | GRI 302 / 305,GHG Protocol Scope 2 指南 | GHG Protocol 企业核算标准 | GRI 302 / 305,100 | 104 | 104 | 104 | 104,Apple_Environmental_Progress_Report_2025.pdf | Apple_Environmental_Progress_Report_2025.pdf | Apple_Environmental_Progress_Report_2025.pdf | Apple_Environmental_Progress_Report_2025.pdf | Apple_Environmental_Progress_Report_2025.pdf,0,,,no,missing_company_specific_snippet,"ee data center in Iowa, bringing our total Apple-owned data center count to eight. We worked with local partners, including the City of Waukee and MidAmerican Energy, to source and provide wind energy for the site. 4 Emissions avoided are c | usiness Council for Sustainable Development (WBCSD) Greenhouse Gas Protocol: o Energy: Direct (Million Therms) and Indirect (Million kilowatt hours (mkWh)) o Renewable Energy (mkWh) o Water Withdrawal (Million Gallons) o Greenhouse Gas (GHG | usiness Council for Sustainable Development (WBCSD) Greenhouse Gas Protocol: o Energy: Direct (Million Therms) and Indirect (Million kilowatt hours (mkWh)) o Renewable Energy (mkWh) o Water Withdrawal (Million Gallons) o Greenhouse Gas (GHG | usiness Council for Sustainable Development (WBCSD) Greenhouse Gas Protocol: o Energy: Direct (Million Therms) and Indirect (Million kilowatt hours (mkWh)) o Renewable Energy (mkWh) o Water Withdrawal (Million Gallons) o Greenhouse Gas (GHG | usiness Council for Sustainable Development (WBCSD) Greenhouse Gas Protocol: o Energy: Direct (Million Therms) and Indirect (Million kilowatt hours (mkWh)) o Renewable Energy (mkWh) o Water Withdrawal (Million Gallons) o Greenhouse Gas (GHG"
company_specific_technology_evidence_backfill,P0,Find a company-specific PDF snippet for this technology path before treating the company-path edge as evidence-backed.,先补回该企业对应该技术路径的 PDF 片段，再把企业-技术路径边视为有证据支撑。,P0_backfill_company_specific_technology_evidence,disclosure_keyword_signal_not_project_cost_or_verified_abatement,renewable_power,Renewable power and green electricity procurement,可再生电力与绿电采购,r348_loréal,L'ORÉAL,欧莱雅,348,C,Manufacturing,制造业,87,669,78,602,122,72,Onsite solar or wind: 4 | PPA / VPPA procurement: 27 | Certificates / green tariffs: 42 | Grid clean-power transition: 9,园区/现场光伏与风电: 4 | PPA / VPPA 绿电采购: 27 | 证书与绿色电价: 42 | 电网清洁电力转型: 9,GHG Protocol Scope 2 Guidance | GHG Protocol Corporate Standard | GRI 302 / 305,GHG Protocol Scope 2 指南 | GHG Protocol 企业核算标准 | GRI 302 / 305,100 | 104 | 104 | 104 | 104,Apple_Environmental_Progress_Report_2025.pdf | Apple_Environmental_Progress_Report_2025.pdf | Apple_Environmental_Progress_Report_2025.pdf | Apple_Environmental_Progress_Report_2025.pdf | Apple_Environmental_Progress_Report_2025.pdf,0,,,no,missing_company_specific_snippet,"ee data center in Iowa, bringing our total Apple-owned data center count to eight. We worked with local partners, including the City of Waukee and MidAmerican Energy, to source and provide wind energy for the site. 4 Emissions avoided are c | usiness Council for Sustainable Development (WBCSD) Greenhouse Gas Protocol: o Energy: Direct (Million Therms) and Indirect (Million kilowatt hours (mkWh)) o Renewable Energy (mkWh) o Water Withdrawal (Million Gallons) o Greenhouse Gas (GHG | usiness Council for Sustainable Development (WBCSD) Greenhouse Gas Protocol: o Energy: Direct (Million Therms) and Indirect (Million kilowatt hours (mkWh)) o Renewable Energy (mkWh) o Water Withdrawal (Million Gallons) o Greenhouse Gas (GHG | usiness Council for Sustainable Development (WBCSD) Greenhouse Gas Protocol: o Energy: Direct (Million Therms) and Indirect (Million kilowatt hours (mkWh)) o Renewable Energy (mkWh) o Water Withdrawal (Million Gallons) o Greenhouse Gas (GHG | usiness Council for Sustainable Development (WBCSD) Greenhouse Gas Protocol: o Energy: Direct (Million Therms) and Indirect (Million kilowatt hours (mkWh)) o Renewable Energy (mkWh) o Water Withdrawal (Million Gallons) o Greenhouse Gas (GHG"
company_specific_technology_evidence_backfill,P0,Find a company-specific PDF snippet for this technology path before treating the company-path edge as evidence-backed.,先补回该企业对应该技术路径的 PDF 片段，再把企业-技术路径边视为有证据支撑。,P0_backfill_company_specific_technology_evidence,disclosure_keyword_signal_not_project_cost_or_verified_abatement,renewable_power,Renewable power and green electricity procurement,可再生电力与绿电采购,r349_fomentoeconómicomexicano公司,Fomento Económico Mexicano,Fomento Económico Mexicano,349,C,Manufacturing,制造业,87,669,78,602,122,72,Onsite solar or wind: 4 | PPA / VPPA procurement: 27 | Certificates / green tariffs: 42 | Grid clean-power transition: 9,园区/现场光伏与风电: 4 | PPA / VPPA 绿电采购: 27 | 证书与绿色电价: 42 | 电网清洁电力转型: 9,GHG Protocol Scope 2 Guidance | GHG Protocol Corporate Standard | GRI 302 / 305,GHG Protocol Scope 2 指南 | GHG Protocol 企业核算标准 | GRI 302 / 305,100 | 104 | 104 | 104 | 104,Apple_Environmental_Progress_Report_2025.pdf | Apple_Environmental_Progress_Report_2025.pdf | Apple_Environmental_Progress_Report_2025.pdf | Apple_Environmental_Progress_Report_2025.pdf | Apple_Environmental_Progress_Report_2025.pdf,0,,,no,missing_company_specific_snippet,"ee data center in Iowa, bringing our total Apple-owned data center count to eight. We worked with local partners, including the City of Waukee and MidAmerican Energy, to source and provide wind energy for the site. 4 Emissions avoided are c | usiness Council for Sustainable Development (WBCSD) Greenhouse Gas Protocol: o Energy: Direct (Million Therms) and Indirect (Million kilowatt hours (mkWh)) o Renewable Energy (mkWh) o Water Withdrawal (Million Gallons) o Greenhouse Gas (GHG | usiness Council for Sustainable Development (WBCSD) Greenhouse Gas Protocol: o Energy: Direct (Million Therms) and Indirect (Million kilowatt hours (mkWh)) o Renewable Energy (mkWh) o Water Withdrawal (Million Gallons) o Greenhouse Gas (GHG | usiness Council for Sustainable Development (WBCSD) Greenhouse Gas Protocol: o Energy: Direct (Million Therms) and Indirect (Million kilowatt hours (mkWh)) o Renewable Energy (mkWh) o Water Withdrawal (Million Gallons) o Greenhouse Gas (GHG | usiness Council for Sustainable Development (WBCSD) Greenhouse Gas Protocol: o Energy: Direct (Million Therms) and Indirect (Million kilowatt hours (mkWh)) o Renewable Energy (mkWh) o Water Withdrawal (Million Gallons) o Greenhouse Gas (GHG"
company_specific_technology_evidence_backfill,P0,Find a company-specific PDF snippet for this technology path before treating the company-path edge as evidence-backed.,先补回该企业对应该技术路径的 PDF 片段，再把企业-技术路径边视为有证据支撑。,P0_backfill_company_specific_technology_evidence,disclosure_keyword_signal_not_project_cost_or_verified_abatement,renewable_power,Renewable power and green electricity procurement,可再生电力与绿电采购,r357_magnainternational,MAGNA INTERNATIONAL,麦格纳国际,357,C,Manufacturing,制造业,87,669,78,602,122,72,Onsite solar or wind: 4 | PPA / VPPA procurement: 27 | Certificates / green tariffs: 42 | Grid clean-power transition: 9,园区/现场光伏与风电: 4 | PPA / VPPA 绿电采购: 27 | 证书与绿色电价: 42 | 电网清洁电力转型: 9,GHG Protocol Scope 2 Guidance | GHG Protocol Corporate Standard | GRI 302 / 305,GHG Protocol Scope 2 指南 | GHG Protocol 企业核算标准 | GRI 302 / 305,100 | 104 | 104 | 104 | 104,Apple_Environmental_Progress_Report_2025.pdf | Apple_Environmental_Progress_Report_2025.pdf | Apple_Environmental_Progress_Report_2025.pdf | Apple_Environmental_Progress_Report_2025.pdf | Apple_Environmental_Progress_Report_2025.pdf,0,,,no,missing_company_specific_snippet,"ee data center in Iowa, bringing our total Apple-owned data center count to eight. We worked with local partners, including the City of Waukee and MidAmerican Energy, to source and provide wind energy for the site. 4 Emissions avoided are c | usiness Council for Sustainable Development (WBCSD) Greenhouse Gas Protocol: o Energy: Direct (Million Therms) and Indirect (Million kilowatt hours (mkWh)) o Renewable Energy (mkWh) o Water Withdrawal (Million Gallons) o Greenhouse Gas (GHG | usiness Council for Sustainable Development (WBCSD) Greenhouse Gas Protocol: o Energy: Direct (Million Therms) and Indirect (Million kilowatt hours (mkWh)) o Renewable Energy (mkWh) o Water Withdrawal (Million Gallons) o Greenhouse Gas (GHG | usiness Council for Sustainable Development (WBCSD) Greenhouse Gas Protocol: o Energy: Direct (Million Therms) and Indirect (Million kilowatt hours (mkWh)) o Renewable Energy (mkWh) o Water Withdrawal (Million Gallons) o Greenhouse Gas (GHG | usiness Council for Sustainable Development (WBCSD) Greenhouse Gas Protocol: o Energy: Direct (Million Therms) and Indirect (Million kilowatt hours (mkWh)) o Renewable Energy (mkWh) o Water Withdrawal (Million Gallons) o Greenhouse Gas (GHG"
company_specific_technology_evidence_backfill,P0,Find a company-specific PDF snippet for this technology path before treating the company-path edge as evidence-backed.,先补回该企业对应该技术路径的 PDF 片段，再把企业-技术路径边视为有证据支撑。,P0_backfill_company_specific_technology_evidence,disclosure_keyword_signal_not_project_cost_or_verified_abatement,renewable_power,Renewable power and green electricity procurement,可再生电力与绿电采购,r367_canadianimperialbankofcommerce,CANADIAN IMPERIAL BANK OF COMMERCE,加拿大帝国商业银行,367,J,Finance,金融业,87,669,78,602,122,72,Onsite solar or wind: 4 | PPA / VPPA procurement: 27 | Certificates / green tariffs: 42 | Grid clean-power transition: 9,园区/现场光伏与风电: 4 | PPA / VPPA 绿电采购: 27 | 证书与绿色电价: 42 | 电网清洁电力转型: 9,GHG Protocol Scope 2 Guidance | GHG Protocol Corporate Standard | GRI 302 / 305,GHG Protocol Scope 2 指南 | GHG Protocol 企业核算标准 | GRI 302 / 305,100 | 104 | 104 | 104 | 104,Apple_Environmental_Progress_Report_2025.pdf | Apple_Environmental_Progress_Report_2025.pdf | Apple_Environmental_Progress_Report_2025.pdf | Apple_Environmental_Progress_Report_2025.pdf | Apple_Environmental_Progress_Report_2025.pdf,0,,,no,missing_company_specific_snippet,"ee data center in Iowa, bringing our total Apple-owned data center count to eight. We worked with local partners, including the City of Waukee and MidAmerican Energy, to source and provide wind energy for the site. 4 Emissions avoided are c | usiness Council for Sustainable Development (WBCSD) Greenhouse Gas Protocol: o Energy: Direct (Million Therms) and Indirect (Million kilowatt hours (mkWh)) o Renewable Energy (mkWh) o Water Withdrawal (Million Gallons) o Greenhouse Gas (GHG | usiness Council for Sustainable Development (WBCSD) Greenhouse Gas Protocol: o Energy: Direct (Million Therms) and Indirect (Million kilowatt hours (mkWh)) o Renewable Energy (mkWh) o Water Withdrawal (Million Gallons) o Greenhouse Gas (GHG | usiness Council for Sustainable Development (WBCSD) Greenhouse Gas Protocol: o Energy: Direct (Million Therms) and Indirect (Million kilowatt hours (mkWh)) o Renewable Energy (mkWh) o Water Withdrawal (Million Gallons) o Greenhouse Gas (GHG | usiness Council for Sustainable Development (WBCSD) Greenhouse Gas Protocol: o Energy: Direct (Million Therms) and Indirect (Million kilowatt hours (mkWh)) o Renewable Energy (mkWh) o Water Withdrawal (Million Gallons) o Greenhouse Gas (GHG"
company_specific_technology_evidence_backfill,P0,Find a company-specific PDF snippet for this technology path before treating the company-path edge as evidence-backed.,先补回该企业对应该技术路径的 PDF 片段，再把企业-技术路径边视为有证据支撑。,P0_backfill_company_specific_technology_evidence,disclosure_keyword_signal_not_project_cost_or_verified_abatement,renewable_power,Renewable power and green electricity procurement,可再生电力与绿电采购,r374_lufthansagroup,LUFTHANSA GROUP,汉莎集团,374,G,"Transport, Storage and Post",交通运输、仓储和邮政业,87,669,78,602,122,72,Onsite solar or wind: 4 | PPA / VPPA procurement: 27 | Certificates / green tariffs: 42 | Grid clean-power transition: 9,园区/现场光伏与风电: 4 | PPA / VPPA 绿电采购: 27 | 证书与绿色电价: 42 | 电网清洁电力转型: 9,GHG Protocol Scope 2 Guidance | GHG Protocol Corporate Standard | GRI 302 / 305,GHG Protocol Scope 2 指南 | GHG Protocol 企业核算标准 | GRI 302 / 305,100 | 104 | 104 | 104 | 104,Apple_Environmental_Progress_Report_2025.pdf | Apple_Environmental_Progress_Report_2025.pdf | Apple_Environmental_Progress_Report_2025.pdf | Apple_Environmental_Progress_Report_2025.pdf | Apple_Environmental_Progress_Report_2025.pdf,0,,,no,missing_company_specific_snippet,"ee data center in Iowa, bringing our total Apple-owned data center count to eight. We worked with local partners, including the City of Waukee and MidAmerican Energy, to source and provide wind energy for the site. 4 Emissions avoided are c | usiness Council for Sustainable Development (WBCSD) Greenhouse Gas Protocol: o Energy: Direct (Million Therms) and Indirect (Million kilowatt hours (mkWh)) o Renewable Energy (mkWh) o Water Withdrawal (Million Gallons) o Greenhouse Gas (GHG | usiness Council for Sustainable Development (WBCSD) Greenhouse Gas Protocol: o Energy: Direct (Million Therms) and Indirect (Million kilowatt hours (mkWh)) o Renewable Energy (mkWh) o Water Withdrawal (Million Gallons) o Greenhouse Gas (GHG | usiness Council for Sustainable Development (WBCSD) Greenhouse Gas Protocol: o Energy: Direct (Million Therms) and Indirect (Million kilowatt hours (mkWh)) o Renewable Energy (mkWh) o Water Withdrawal (Million Gallons) o Greenhouse Gas (GHG | usiness Council for Sustainable Development (WBCSD) Greenhouse Gas Protocol: o Energy: Direct (Million Therms) and Indirect (Million kilowatt hours (mkWh)) o Renewable Energy (mkWh) o Water Withdrawal (Million Gallons) o Greenhouse Gas (GHG"
company_specific_technology_evidence_backfill,P0,Find a company-specific PDF snippet for this technology path before treating the company-path edge as evidence-backed.,先补回该企业对应该技术路径的 PDF 片段，再把企业-技术路径边视为有证据支撑。,P0_backfill_company_specific_technology_evidence,disclosure_keyword_signal_not_project_cost_or_verified_abatement,renewable_power,Renewable power and green electricity procurement,可再生电力与绿电采购,r379_日本kddi电信公司,KDDI,日本KDDI电信,379,I,"Information Transmission, Software and Information Technology Services",信息传输、软件和信息技术服务业,87,669,78,602,122,72,Onsite solar or wind: 4 | PPA / VPPA procurement: 27 | Certificates / green tariffs: 42 | Grid clean-power transition: 9,园区/现场光伏与风电: 4 | PPA / VPPA 绿电采购: 27 | 证书与绿色电价: 42 | 电网清洁电力转型: 9,GHG Protocol Scope 2 Guidance | GHG Protocol Corporate Standard | GRI 302 / 305,GHG Protocol Scope 2 指南 | GHG Protocol 企业核算标准 | GRI 302 / 305,100 | 104 | 104 | 104 | 104,Apple_Environmental_Progress_Report_2025.pdf | Apple_Environmental_Progress_Report_2025.pdf | Apple_Environmental_Progress_Report_2025.pdf | Apple_Environmental_Progress_Report_2025.pdf | Apple_Environmental_Progress_Report_2025.pdf,0,,,no,missing_company_specific_snippet,"ee data center in Iowa, bringing our total Apple-owned data center count to eight. We worked with local partners, including the City of Waukee and MidAmerican Energy, to source and provide wind energy for the site. 4 Emissions avoided are c | usiness Council for Sustainable Development (WBCSD) Greenhouse Gas Protocol: o Energy: Direct (Million Therms) and Indirect (Million kilowatt hours (mkWh)) o Renewable Energy (mkWh) o Water Withdrawal (Million Gallons) o Greenhouse Gas (GHG | usiness Council for Sustainable Development (WBCSD) Greenhouse Gas Protocol: o Energy: Direct (Million Therms) and Indirect (Million kilowatt hours (mkWh)) o Renewable Energy (mkWh) o Water Withdrawal (Million Gallons) o Greenhouse Gas (GHG | usiness Council for Sustainable Development (WBCSD) Greenhouse Gas Protocol: o Energy: Direct (Million Therms) and Indirect (Million kilowatt hours (mkWh)) o Renewable Energy (mkWh) o Water Withdrawal (Million Gallons) o Greenhouse Gas (GHG | usiness Council for Sustainable Development (WBCSD) Greenhouse Gas Protocol: o Energy: Direct (Million Therms) and Indirect (Million kilowatt hours (mkWh)) o Renewable Energy (mkWh) o Water Withdrawal (Million Gallons) o Greenhouse Gas (GHG"
company_specific_technology_evidence_backfill,P0,Find a company-specific PDF snippet for this technology path before treating the company-path edge as evidence-backed.,先补回该企业对应该技术路径的 PDF 片段，再把企业-技术路径边视为有证据支撑。,P0_backfill_company_specific_technology_evidence,disclosure_keyword_signal_not_project_cost_or_verified_abatement,renewable_power,Renewable power and green electricity procurement,可再生电力与绿电采购,r391_西班牙acs集团,ACS Group,西班牙ACS,391,E,Construction,建筑业,87,669,78,602,122,72,Onsite solar or wind: 4 | PPA / VPPA procurement: 27 | Certificates / green tariffs: 42 | Grid clean-power transition: 9,园区/现场光伏与风电: 4 | PPA / VPPA 绿电采购: 27 | 证书与绿色电价: 42 | 电网清洁电力转型: 9,GHG Protocol Scope 2 Guidance | GHG Protocol Corporate Standard | GRI 302 / 305,GHG Protocol Scope 2 指南 | GHG Protocol 企业核算标准 | GRI 302 / 305,100 | 104 | 104 | 104 | 104,Apple_Environmental_Progress_Report_2025.pdf | Apple_Environmental_Progress_Report_2025.pdf | Apple_Environmental_Progress_Report_2025.pdf | Apple_Environmental_Progress_Report_2025.pdf | Apple_Environmental_Progress_Report_2025.pdf,0,,,no,missing_company_specific_snippet,"ee data center in Iowa, bringing our total Apple-owned data center count to eight. We worked with local partners, including the City of Waukee and MidAmerican Energy, to source and provide wind energy for the site. 4 Emissions avoided are c | usiness Council for Sustainable Development (WBCSD) Greenhouse Gas Protocol: o Energy: Direct (Million Therms) and Indirect (Million kilowatt hours (mkWh)) o Renewable Energy (mkWh) o Water Withdrawal (Million Gallons) o Greenhouse Gas (GHG | usiness Council for Sustainable Development (WBCSD) Greenhouse Gas Protocol: o Energy: Direct (Million Therms) and Indirect (Million kilowatt hours (mkWh)) o Renewable Energy (mkWh) o Water Withdrawal (Million Gallons) o Greenhouse Gas (GHG | usiness Council for Sustainable Development (WBCSD) Greenhouse Gas Protocol: o Energy: Direct (Million Therms) and Indirect (Million kilowatt hours (mkWh)) o Renewable Energy (mkWh) o Water Withdrawal (Million Gallons) o Greenhouse Gas (GHG | usiness Council for Sustainable Development (WBCSD) Greenhouse Gas Protocol: o Energy: Direct (Million Therms) and Indirect (Million kilowatt hours (mkWh)) o Renewable Energy (mkWh) o Water Withdrawal (Million Gallons) o Greenhouse Gas (GHG"
company_specific_technology_evidence_backfill,P0,Find a company-specific PDF snippet for this technology path before treating the company-path edge as evidence-backed.,先补回该企业对应该技术路径的 PDF 片段，再把企业-技术路径边视为有证据支撑。,P0_backfill_company_specific_technology_evidence,disclosure_keyword_signal_not_project_cost_or_verified_abatement,renewable_power,Renewable power and green electricity procurement,可再生电力与绿电采购,r397_xiaomi,XIAOMI,小米集团,397,C,Manufacturing,制造业,87,669,78,602,122,72,Onsite solar or wind: 4 | PPA / VPPA procurement: 27 | Certificates / green tariffs: 42 | Grid clean-power transition: 9,园区/现场光伏与风电: 4 | PPA / VPPA 绿电采购: 27 | 证书与绿色电价: 42 | 电网清洁电力转型: 9,GHG Protocol Scope 2 Guidance | GHG Protocol Corporate Standard | GRI 302 / 305,GHG Protocol Scope 2 指南 | GHG Protocol 企业核算标准 | GRI 302 / 305,100 | 104 | 104 | 104 | 104,Apple_Environmental_Progress_Report_2025.pdf | Apple_Environmental_Progress_Report_2025.pdf | Apple_Environmental_Progress_Report_2025.pdf | Apple_Environmental_Progress_Report_2025.pdf | Apple_Environmental_Progress_Report_2025.pdf,0,,,no,missing_company_specific_snippet,"ee data center in Iowa, bringing our total Apple-owned data center count to eight. We worked with local partners, including the City of Waukee and MidAmerican Energy, to source and provide wind energy for the site. 4 Emissions avoided are c | usiness Council for Sustainable Development (WBCSD) Greenhouse Gas Protocol: o Energy: Direct (Million Therms) and Indirect (Million kilowatt hours (mkWh)) o Renewable Energy (mkWh) o Water Withdrawal (Million Gallons) o Greenhouse Gas (GHG | usiness Council for Sustainable Development (WBCSD) Greenhouse Gas Protocol: o Energy: Direct (Million Therms) and Indirect (Million kilowatt hours (mkWh)) o Renewable Energy (mkWh) o Water Withdrawal (Million Gallons) o Greenhouse Gas (GHG | usiness Council for Sustainable Development (WBCSD) Greenhouse Gas Protocol: o Energy: Direct (Million Therms) and Indirect (Million kilowatt hours (mkWh)) o Renewable Energy (mkWh) o Water Withdrawal (Million Gallons) o Greenhouse Gas (GHG | usiness Council for Sustainable Development (WBCSD) Greenhouse Gas Protocol: o Energy: Direct (Million Therms) and Indirect (Million kilowatt hours (mkWh)) o Renewable Energy (mkWh) o Water Withdrawal (Million Gallons) o Greenhouse Gas (GHG"
company_specific_technology_evidence_backfill,P0,Find a company-specific PDF snippet for this technology path before treating the company-path edge as evidence-backed.,先补回该企业对应该技术路径的 PDF 片段，再把企业-技术路径边视为有证据支撑。,P0_backfill_company_specific_technology_evidence,disclosure_keyword_signal_not_project_cost_or_verified_abatement,renewable_power,Renewable power and green electricity procurement,可再生电力与绿电采购,r400_gsk,GSK,葛兰素史克集团,400,C,Manufacturing,制造业,87,669,78,602,122,72,Onsite solar or wind: 4 | PPA / VPPA procurement: 27 | Certificates / green tariffs: 42 | Grid clean-power transition: 9,园区/现场光伏与风电: 4 | PPA / VPPA 绿电采购: 27 | 证书与绿色电价: 42 | 电网清洁电力转型: 9,GHG Protocol Scope 2 Guidance | GHG Protocol Corporate Standard | GRI 302 / 305,GHG Protocol Scope 2 指南 | GHG Protocol 企业核算标准 | GRI 302 / 305,100 | 104 | 104 | 104 | 104,Apple_Environmental_Progress_Report_2025.pdf | Apple_Environmental_Progress_Report_2025.pdf | Apple_Environmental_Progress_Report_2025.pdf | Apple_Environmental_Progress_Report_2025.pdf | Apple_Environmental_Progress_Report_2025.pdf,0,,,no,missing_company_specific_snippet,"ee data center in Iowa, bringing our total Apple-owned data center count to eight. We worked with local partners, including the City of Waukee and MidAmerican Energy, to source and provide wind energy for the site. 4 Emissions avoided are c | usiness Council for Sustainable Development (WBCSD) Greenhouse Gas Protocol: o Energy: Direct (Million Therms) and Indirect (Million kilowatt hours (mkWh)) o Renewable Energy (mkWh) o Water Withdrawal (Million Gallons) o Greenhouse Gas (GHG | usiness Council for Sustainable Development (WBCSD) Greenhouse Gas Protocol: o Energy: Direct (Million Therms) and Indirect (Million kilowatt hours (mkWh)) o Renewable Energy (mkWh) o Water Withdrawal (Million Gallons) o Greenhouse Gas (GHG | usiness Council for Sustainable Development (WBCSD) Greenhouse Gas Protocol: o Energy: Direct (Million Therms) and Indirect (Million kilowatt hours (mkWh)) o Renewable Energy (mkWh) o Water Withdrawal (Million Gallons) o Greenhouse Gas (GHG | usiness Council for Sustainable Development (WBCSD) Greenhouse Gas Protocol: o Energy: Direct (Million Therms) and Indirect (Million kilowatt hours (mkWh)) o Renewable Energy (mkWh) o Water Withdrawal (Million Gallons) o Greenhouse Gas (GHG"
company_specific_technology_evidence_backfill,P0,Find a company-specific PDF snippet for this technology path before treating the company-path edge as evidence-backed.,先补回该企业对应该技术路径的 PDF 片段，再把企业-技术路径边视为有证据支撑。,P0_backfill_company_specific_technology_evidence,disclosure_keyword_signal_not_project_cost_or_verified_abatement,renewable_power,Renewable power and green electricity procurement,可再生电力与绿电采购,r401_suncorenergy,SUNCOR ENERGY,森科能源公司,401,D,"Electricity, Heat, Gas and Water Production and Supply",电力、热力、燃气及水生产和供应业,87,669,78,602,122,72,Onsite solar or wind: 4 | PPA / VPPA procurement: 27 | Certificates / green tariffs: 42 | Grid clean-power transition: 9,园区/现场光伏与风电: 4 | PPA / VPPA 绿电采购: 27 | 证书与绿色电价: 42 | 电网清洁电力转型: 9,GHG Protocol Scope 2 Guidance | GHG Protocol Corporate Standard | GRI 302 / 305,GHG Protocol Scope 2 指南 | GHG Protocol 企业核算标准 | GRI 302 / 305,100 | 104 | 104 | 104 | 104,Apple_Environmental_Progress_Report_2025.pdf | Apple_Environmental_Progress_Report_2025.pdf | Apple_Environmental_Progress_Report_2025.pdf | Apple_Environmental_Progress_Report_2025.pdf | Apple_Environmental_Progress_Report_2025.pdf,0,,,no,missing_company_specific_snippet,"ee data center in Iowa, bringing our total Apple-owned data center count to eight. We worked with local partners, including the City of Waukee and MidAmerican Energy, to source and provide wind energy for the site. 4 Emissions avoided are c | usiness Council for Sustainable Development (WBCSD) Greenhouse Gas Protocol: o Energy: Direct (Million Therms) and Indirect (Million kilowatt hours (mkWh)) o Renewable Energy (mkWh) o Water Withdrawal (Million Gallons) o Greenhouse Gas (GHG | usiness Council for Sustainable Development (WBCSD) Greenhouse Gas Protocol: o Energy: Direct (Million Therms) and Indirect (Million kilowatt hours (mkWh)) o Renewable Energy (mkWh) o Water Withdrawal (Million Gallons) o Greenhouse Gas (GHG | usiness Council for Sustainable Development (WBCSD) Greenhouse Gas Protocol: o Energy: Direct (Million Therms) and Indirect (Million kilowatt hours (mkWh)) o Renewable Energy (mkWh) o Water Withdrawal (Million Gallons) o Greenhouse Gas (GHG | usiness Council for Sustainable Development (WBCSD) Greenhouse Gas Protocol: o Energy: Direct (Million Therms) and Indirect (Million kilowatt hours (mkWh)) o Renewable Energy (mkWh) o Water Withdrawal (Million Gallons) o Greenhouse Gas (GHG"
company_specific_technology_evidence_backfill,P0,Find a company-specific PDF snippet for this technology path before treating the company-path edge as evidence-backed.,先补回该企业对应该技术路径的 PDF 片段，再把企业-技术路径边视为有证据支撑。,P0_backfill_company_specific_technology_evidence,disclosure_keyword_signal_not_project_cost_or_verified_abatement,renewable_power,Renewable power and green electricity procurement,可再生电力与绿电采购,r431_elo集团,ELO,ELO,431,F,Wholesale and Retail Trade,批发和零售业,87,669,78,602,122,72,Onsite solar or wind: 4 | PPA / VPPA procurement: 27 | Certificates / green tariffs: 42 | Grid clean-power transition: 9,园区/现场光伏与风电: 4 | PPA / VPPA 绿电采购: 27 | 证书与绿色电价: 42 | 电网清洁电力转型: 9,GHG Protocol Scope 2 Guidance | GHG Protocol Corporate Standard | GRI 302 / 305,GHG Protocol Scope 2 指南 | GHG Protocol 企业核算标准 | GRI 302 / 305,100 | 104 | 104 | 104 | 104,Apple_Environmental_Progress_Report_2025.pdf | Apple_Environmental_Progress_Report_2025.pdf | Apple_Environmental_Progress_Report_2025.pdf | Apple_Environmental_Progress_Report_2025.pdf | Apple_Environmental_Progress_Report_2025.pdf,0,,,no,missing_company_specific_snippet,"ee data center in Iowa, bringing our total Apple-owned data center count to eight. We worked with local partners, including the City of Waukee and MidAmerican Energy, to source and provide wind energy for the site. 4 Emissions avoided are c | usiness Council for Sustainable Development (WBCSD) Greenhouse Gas Protocol: o Energy: Direct (Million Therms) and Indirect (Million kilowatt hours (mkWh)) o Renewable Energy (mkWh) o Water Withdrawal (Million Gallons) o Greenhouse Gas (GHG | usiness Council for Sustainable Development (WBCSD) Greenhouse Gas Protocol: o Energy: Direct (Million Therms) and Indirect (Million kilowatt hours (mkWh)) o Renewable Energy (mkWh) o Water Withdrawal (Million Gallons) o Greenhouse Gas (GHG | usiness Council for Sustainable Development (WBCSD) Greenhouse Gas Protocol: o Energy: Direct (Million Therms) and Indirect (Million kilowatt hours (mkWh)) o Renewable Energy (mkWh) o Water Withdrawal (Million Gallons) o Greenhouse Gas (GHG | usiness Council for Sustainable Development (WBCSD) Greenhouse Gas Protocol: o Energy: Direct (Million Therms) and Indirect (Million kilowatt hours (mkWh)) o Renewable Energy (mkWh) o Water Withdrawal (Million Gallons) o Greenhouse Gas (GHG"
company_specific_technology_evidence_backfill,P0,Find a company-specific PDF snippet for this technology path before treating the company-path edge as evidence-backed.,先补回该企业对应该技术路径的 PDF 片段，再把企业-技术路径边视为有证据支撑。,P0_backfill_company_specific_technology_evidence,disclosure_keyword_signal_not_project_cost_or_verified_abatement,renewable_power,Renewable power and green electricity procurement,可再生电力与绿电采购,r440_philipmorrisinternational,PHILIP MORRIS INTERNATIONAL,菲利普－莫里斯国际公司,440,C,Manufacturing,制造业,87,669,78,602,122,72,Onsite solar or wind: 4 | PPA / VPPA procurement: 27 | Certificates / green tariffs: 42 | Grid clean-power transition: 9,园区/现场光伏与风电: 4 | PPA / VPPA 绿电采购: 27 | 证书与绿色电价: 42 | 电网清洁电力转型: 9,GHG Protocol Scope 2 Guidance | GHG Protocol Corporate Standard | GRI 302 / 305,GHG Protocol Scope 2 指南 | GHG Protocol 企业核算标准 | GRI 302 / 305,100 | 104 | 104 | 104 | 104,Apple_Environmental_Progress_Report_2025.pdf | Apple_Environmental_Progress_Report_2025.pdf | Apple_Environmental_Progress_Report_2025.pdf | Apple_Environmental_Progress_Report_2025.pdf | Apple_Environmental_Progress_Report_2025.pdf,0,,,no,missing_company_specific_snippet,"ee data center in Iowa, bringing our total Apple-owned data center count to eight. We worked with local partners, including the City of Waukee and MidAmerican Energy, to source and provide wind energy for the site. 4 Emissions avoided are c | usiness Council for Sustainable Development (WBCSD) Greenhouse Gas Protocol: o Energy: Direct (Million Therms) and Indirect (Million kilowatt hours (mkWh)) o Renewable Energy (mkWh) o Water Withdrawal (Million Gallons) o Greenhouse Gas (GHG | usiness Council for Sustainable Development (WBCSD) Greenhouse Gas Protocol: o Energy: Direct (Million Therms) and Indirect (Million kilowatt hours (mkWh)) o Renewable Energy (mkWh) o Water Withdrawal (Million Gallons) o Greenhouse Gas (GHG | usiness Council for Sustainable Development (WBCSD) Greenhouse Gas Protocol: o Energy: Direct (Million Therms) and Indirect (Million kilowatt hours (mkWh)) o Renewable Energy (mkWh) o Water Withdrawal (Million Gallons) o Greenhouse Gas (GHG | usiness Council for Sustainable Development (WBCSD) Greenhouse Gas Protocol: o Energy: Direct (Million Therms) and Indirect (Million kilowatt hours (mkWh)) o Renewable Energy (mkWh) o Water Withdrawal (Million Gallons) o Greenhouse Gas (GHG"
company_specific_technology_evidence_backfill,P0,Find a company-specific PDF snippet for this technology path before treating the company-path edge as evidence-backed.,先补回该企业对应该技术路径的 PDF 片段，再把企业-技术路径边视为有证据支撑。,P0_backfill_company_specific_technology_evidence,disclosure_keyword_signal_not_project_cost_or_verified_abatement,renewable_power,Renewable power and green electricity procurement,可再生电力与绿电采购,r450_sap公司,SAP,SAP,450,C,Manufacturing,制造业,87,669,78,602,122,72,Onsite solar or wind: 4 | PPA / VPPA procurement: 27 | Certificates / green tariffs: 42 | Grid clean-power transition: 9,园区/现场光伏与风电: 4 | PPA / VPPA 绿电采购: 27 | 证书与绿色电价: 42 | 电网清洁电力转型: 9,GHG Protocol Scope 2 Guidance | GHG Protocol Corporate Standard | GRI 302 / 305,GHG Protocol Scope 2 指南 | GHG Protocol 企业核算标准 | GRI 302 / 305,100 | 104 | 104 | 104 | 104,Apple_Environmental_Progress_Report_2025.pdf | Apple_Environmental_Progress_Report_2025.pdf | Apple_Environmental_Progress_Report_2025.pdf | Apple_Environmental_Progress_Report_2025.pdf | Apple_Environmental_Progress_Report_2025.pdf,0,,,no,missing_company_specific_snippet,"ee data center in Iowa, bringing our total Apple-owned data center count to eight. We worked with local partners, including the City of Waukee and MidAmerican Energy, to source and provide wind energy for the site. 4 Emissions avoided are c | usiness Council for Sustainable Development (WBCSD) Greenhouse Gas Protocol: o Energy: Direct (Million Therms) and Indirect (Million kilowatt hours (mkWh)) o Renewable Energy (mkWh) o Water Withdrawal (Million Gallons) o Greenhouse Gas (GHG | usiness Council for Sustainable Development (WBCSD) Greenhouse Gas Protocol: o Energy: Direct (Million Therms) and Indirect (Million kilowatt hours (mkWh)) o Renewable Energy (mkWh) o Water Withdrawal (Million Gallons) o Greenhouse Gas (GHG | usiness Council for Sustainable Development (WBCSD) Greenhouse Gas Protocol: o Energy: Direct (Million Therms) and Indirect (Million kilowatt hours (mkWh)) o Renewable Energy (mkWh) o Water Withdrawal (Million Gallons) o Greenhouse Gas (GHG | usiness Council for Sustainable Development (WBCSD) Greenhouse Gas Protocol: o Energy: Direct (Million Therms) and Indirect (Million kilowatt hours (mkWh)) o Renewable Energy (mkWh) o Water Withdrawal (Million Gallons) o Greenhouse Gas (GHG"
company_specific_technology_evidence_backfill,P0,Find a company-specific PDF snippet for this technology path before treating the company-path edge as evidence-backed.,先补回该企业对应该技术路径的 PDF 片段，再把企业-技术路径边视为有证据支撑。,P0_backfill_company_specific_technology_evidence,disclosure_keyword_signal_not_project_cost_or_verified_abatement,renewable_power,Renewable power and green electricity procurement,可再生电力与绿电采购,r468_netflix公司,Netflix,Netflix,468,R,"Culture, Sports and Entertainment",文化、体育和娱乐业,87,669,78,602,122,72,Onsite solar or wind: 4 | PPA / VPPA procurement: 27 | Certificates / green tariffs: 42 | Grid clean-power transition: 9,园区/现场光伏与风电: 4 | PPA / VPPA 绿电采购: 27 | 证书与绿色电价: 42 | 电网清洁电力转型: 9,GHG Protocol Scope 2 Guidance | GHG Protocol Corporate Standard | GRI 302 / 305,GHG Protocol Scope 2 指南 | GHG Protocol 企业核算标准 | GRI 302 / 305,100 | 104 | 104 | 104 | 104,Apple_Environmental_Progress_Report_2025.pdf | Apple_Environmental_Progress_Report_2025.pdf | Apple_Environmental_Progress_Report_2025.pdf | Apple_Environmental_Progress_Report_2025.pdf | Apple_Environmental_Progress_Report_2025.pdf,0,,,no,missing_company_specific_snippet,"ee data center in Iowa, bringing our total Apple-owned data center count to eight. We worked with local partners, including the City of Waukee and MidAmerican Energy, to source and provide wind energy for the site. 4 Emissions avoided are c | usiness Council for Sustainable Development (WBCSD) Greenhouse Gas Protocol: o Energy: Direct (Million Therms) and Indirect (Million kilowatt hours (mkWh)) o Renewable Energy (mkWh) o Water Withdrawal (Million Gallons) o Greenhouse Gas (GHG | usiness Council for Sustainable Development (WBCSD) Greenhouse Gas Protocol: o Energy: Direct (Million Therms) and Indirect (Million kilowatt hours (mkWh)) o Renewable Energy (mkWh) o Water Withdrawal (Million Gallons) o Greenhouse Gas (GHG | usiness Council for Sustainable Development (WBCSD) Greenhouse Gas Protocol: o Energy: Direct (Million Therms) and Indirect (Million kilowatt hours (mkWh)) o Renewable Energy (mkWh) o Water Withdrawal (Million Gallons) o Greenhouse Gas (GHG | usiness Council for Sustainable Development (WBCSD) Greenhouse Gas Protocol: o Energy: Direct (Million Therms) and Indirect (Million kilowatt hours (mkWh)) o Renewable Energy (mkWh) o Water Withdrawal (Million Gallons) o Greenhouse Gas (GHG"
company_specific_technology_evidence_backfill,P0,Find a company-specific PDF snippet for this technology path before treating the company-path edge as evidence-backed.,先补回该企业对应该技术路径的 PDF 片段，再把企业-技术路径边视为有证据支撑。,P0_backfill_company_specific_technology_evidence,disclosure_keyword_signal_not_project_cost_or_verified_abatement,renewable_power,Renewable power and green electricity procurement,可再生电力与绿电采购,r478_siemensenergy,SIEMENS ENERGY,西门子能源,478,D,"Electricity, Heat, Gas and Water Production and Supply",电力、热力、燃气及水生产和供应业,87,669,78,602,122,72,Onsite solar or wind: 4 | PPA / VPPA procurement: 27 | Certificates / green tariffs: 42 | Grid clean-power transition: 9,园区/现场光伏与风电: 4 | PPA / VPPA 绿电采购: 27 | 证书与绿色电价: 42 | 电网清洁电力转型: 9,GHG Protocol Scope 2 Guidance | GHG Protocol Corporate Standard | GRI 302 / 305,GHG Protocol Scope 2 指南 | GHG Protocol 企业核算标准 | GRI 302 / 305,100 | 104 | 104 | 104 | 104,Apple_Environmental_Progress_Report_2025.pdf | Apple_Environmental_Progress_Report_2025.pdf | Apple_Environmental_Progress_Report_2025.pdf | Apple_Environmental_Progress_Report_2025.pdf | Apple_Environmental_Progress_Report_2025.pdf,0,,,no,missing_company_specific_snippet,"ee data center in Iowa, bringing our total Apple-owned data center count to eight. We worked with local partners, including the City of Waukee and MidAmerican Energy, to source and provide wind energy for the site. 4 Emissions avoided are c | usiness Council for Sustainable Development (WBCSD) Greenhouse Gas Protocol: o Energy: Direct (Million Therms) and Indirect (Million kilowatt hours (mkWh)) o Renewable Energy (mkWh) o Water Withdrawal (Million Gallons) o Greenhouse Gas (GHG | usiness Council for Sustainable Development (WBCSD) Greenhouse Gas Protocol: o Energy: Direct (Million Therms) and Indirect (Million kilowatt hours (mkWh)) o Renewable Energy (mkWh) o Water Withdrawal (Million Gallons) o Greenhouse Gas (GHG | usiness Council for Sustainable Development (WBCSD) Greenhouse Gas Protocol: o Energy: Direct (Million Therms) and Indirect (Million kilowatt hours (mkWh)) o Renewable Energy (mkWh) o Water Withdrawal (Million Gallons) o Greenhouse Gas (GHG | usiness Council for Sustainable Development (WBCSD) Greenhouse Gas Protocol: o Energy: Direct (Million Therms) and Indirect (Million kilowatt hours (mkWh)) o Renewable Energy (mkWh) o Water Withdrawal (Million Gallons) o Greenhouse Gas (GHG"
company_specific_technology_evidence_backfill,P0,Find a company-specific PDF snippet for this technology path before treating the company-path edge as evidence-backed.,先补回该企业对应该技术路径的 PDF 片段，再把企业-技术路径边视为有证据支撑。,P0_backfill_company_specific_technology_evidence,disclosure_keyword_signal_not_project_cost_or_verified_abatement,renewable_power,Renewable power and green electricity procurement,可再生电力与绿电采购,r480_ecopetrol,ECOPETROL,哥伦比亚国家石油公司,480,B,Mining,采矿业,87,669,78,602,122,72,Onsite solar or wind: 4 | PPA / VPPA procurement: 27 | Certificates / green tariffs: 42 | Grid clean-power transition: 9,园区/现场光伏与风电: 4 | PPA / VPPA 绿电采购: 27 | 证书与绿色电价: 42 | 电网清洁电力转型: 9,GHG Protocol Scope 2 Guidance | GHG Protocol Corporate Standard | GRI 302 / 305,GHG Protocol Scope 2 指南 | GHG Protocol 企业核算标准 | GRI 302 / 305,100 | 104 | 104 | 104 | 104,Apple_Environmental_Progress_Report_2025.pdf | Apple_Environmental_Progress_Report_2025.pdf | Apple_Environmental_Progress_Report_2025.pdf | Apple_Environmental_Progress_Report_2025.pdf | Apple_Environmental_Progress_Report_2025.pdf,0,,,no,missing_company_specific_snippet,"ee data center in Iowa, bringing our total Apple-owned data center count to eight. We worked with local partners, including the City of Waukee and MidAmerican Energy, to source and provide wind energy for the site. 4 Emissions avoided are c | usiness Council for Sustainable Development (WBCSD) Greenhouse Gas Protocol: o Energy: Direct (Million Therms) and Indirect (Million kilowatt hours (mkWh)) o Renewable Energy (mkWh) o Water Withdrawal (Million Gallons) o Greenhouse Gas (GHG | usiness Council for Sustainable Development (WBCSD) Greenhouse Gas Protocol: o Energy: Direct (Million Therms) and Indirect (Million kilowatt hours (mkWh)) o Renewable Energy (mkWh) o Water Withdrawal (Million Gallons) o Greenhouse Gas (GHG | usiness Council for Sustainable Development (WBCSD) Greenhouse Gas Protocol: o Energy: Direct (Million Therms) and Indirect (Million kilowatt hours (mkWh)) o Renewable Energy (mkWh) o Water Withdrawal (Million Gallons) o Greenhouse Gas (GHG | usiness Council for Sustainable Development (WBCSD) Greenhouse Gas Protocol: o Energy: Direct (Million Therms) and Indirect (Million kilowatt hours (mkWh)) o Renewable Energy (mkWh) o Water Withdrawal (Million Gallons) o Greenhouse Gas (GHG"
company_specific_technology_evidence_backfill,P0,Find a company-specific PDF snippet for this technology path before treating the company-path edge as evidence-backed.,先补回该企业对应该技术路径的 PDF 片段，再把企业-技术路径边视为有证据支撑。,P0_backfill_company_specific_technology_evidence,disclosure_keyword_signal_not_project_cost_or_verified_abatement,renewable_power,Renewable power and green electricity procurement,可再生电力与绿电采购,r481_arrowelectronics,ARROW ELECTRONICS,艾睿电子,481,F,Wholesale and Retail Trade,批发和零售业,87,669,78,602,122,72,Onsite solar or wind: 4 | PPA / VPPA procurement: 27 | Certificates / green tariffs: 42 | Grid clean-power transition: 9,园区/现场光伏与风电: 4 | PPA / VPPA 绿电采购: 27 | 证书与绿色电价: 42 | 电网清洁电力转型: 9,GHG Protocol Scope 2 Guidance | GHG Protocol Corporate Standard | GRI 302 / 305,GHG Protocol Scope 2 指南 | GHG Protocol 企业核算标准 | GRI 302 / 305,100 | 104 | 104 | 104 | 104,Apple_Environmental_Progress_Report_2025.pdf | Apple_Environmental_Progress_Report_2025.pdf | Apple_Environmental_Progress_Report_2025.pdf | Apple_Environmental_Progress_Report_2025.pdf | Apple_Environmental_Progress_Report_2025.pdf,0,,,no,missing_company_specific_snippet,"ee data center in Iowa, bringing our total Apple-owned data center count to eight. We worked with local partners, including the City of Waukee and MidAmerican Energy, to source and provide wind energy for the site. 4 Emissions avoided are c | usiness Council for Sustainable Development (WBCSD) Greenhouse Gas Protocol: o Energy: Direct (Million Therms) and Indirect (Million kilowatt hours (mkWh)) o Renewable Energy (mkWh) o Water Withdrawal (Million Gallons) o Greenhouse Gas (GHG | usiness Council for Sustainable Development (WBCSD) Greenhouse Gas Protocol: o Energy: Direct (Million Therms) and Indirect (Million kilowatt hours (mkWh)) o Renewable Energy (mkWh) o Water Withdrawal (Million Gallons) o Greenhouse Gas (GHG | usiness Council for Sustainable Development (WBCSD) Greenhouse Gas Protocol: o Energy: Direct (Million Therms) and Indirect (Million kilowatt hours (mkWh)) o Renewable Energy (mkWh) o Water Withdrawal (Million Gallons) o Greenhouse Gas (GHG | usiness Council for Sustainable Development (WBCSD) Greenhouse Gas Protocol: o Energy: Direct (Million Therms) and Indirect (Million kilowatt hours (mkWh)) o Renewable Energy (mkWh) o Water Withdrawal (Million Gallons) o Greenhouse Gas (GHG"
company_specific_technology_evidence_backfill,P0,Find a company-specific PDF snippet for this technology path before treating the company-path edge as evidence-backed.,先补回该企业对应该技术路径的 PDF 片段，再把企业-技术路径边视为有证据支撑。,P0_backfill_company_specific_technology_evidence,disclosure_keyword_signal_not_project_cost_or_verified_abatement,renewable_power,Renewable power and green electricity procurement,可再生电力与绿电采购,r484_commonwealthbankofaustralia,COMMONWEALTH BANK OF AUSTRALIA,澳洲联邦银行,484,J,Finance,金融业,87,669,78,602,122,72,Onsite solar or wind: 4 | PPA / VPPA procurement: 27 | Certificates / green tariffs: 42 | Grid clean-power transition: 9,园区/现场光伏与风电: 4 | PPA / VPPA 绿电采购: 27 | 证书与绿色电价: 42 | 电网清洁电力转型: 9,GHG Protocol Scope 2 Guidance | GHG Protocol Corporate Standard | GRI 302 / 305,GHG Protocol Scope 2 指南 | GHG Protocol 企业核算标准 | GRI 302 / 305,100 | 104 | 104 | 104 | 104,Apple_Environmental_Progress_Report_2025.pdf | Apple_Environmental_Progress_Report_2025.pdf | Apple_Environmental_Progress_Report_2025.pdf | Apple_Environmental_Progress_Report_2025.pdf | Apple_Environmental_Progress_Report_2025.pdf,0,,,no,missing_company_specific_snippet,"ee data center in Iowa, bringing our total Apple-owned data center count to eight. We worked with local partners, including the City of Waukee and MidAmerican Energy, to source and provide wind energy for the site. 4 Emissions avoided are c | usiness Council for Sustainable Development (WBCSD) Greenhouse Gas Protocol: o Energy: Direct (Million Therms) and Indirect (Million kilowatt hours (mkWh)) o Renewable Energy (mkWh) o Water Withdrawal (Million Gallons) o Greenhouse Gas (GHG | usiness Council for Sustainable Development (WBCSD) Greenhouse Gas Protocol: o Energy: Direct (Million Therms) and Indirect (Million kilowatt hours (mkWh)) o Renewable Energy (mkWh) o Water Withdrawal (Million Gallons) o Greenhouse Gas (GHG | usiness Council for Sustainable Development (WBCSD) Greenhouse Gas Protocol: o Energy: Direct (Million Therms) and Indirect (Million kilowatt hours (mkWh)) o Renewable Energy (mkWh) o Water Withdrawal (Million Gallons) o Greenhouse Gas (GHG | usiness Council for Sustainable Development (WBCSD) Greenhouse Gas Protocol: o Energy: Direct (Million Therms) and Indirect (Million kilowatt hours (mkWh)) o Renewable Energy (mkWh) o Water Withdrawal (Million Gallons) o Greenhouse Gas (GHG"
company_specific_technology_evidence_backfill,P0,Find a company-specific PDF snippet for this technology path before treating the company-path edge as evidence-backed.,先补回该企业对应该技术路径的 PDF 片段，再把企业-技术路径边视为有证据支撑。,P0_backfill_company_specific_technology_evidence,disclosure_keyword_signal_not_project_cost_or_verified_abatement,renewable_power,Renewable power and green electricity procurement,可再生电力与绿电采购,r487_heineken,HEINEKEN,喜力公司,487,C,Manufacturing,制造业,87,669,78,602,122,72,Onsite solar or wind: 4 | PPA / VPPA procurement: 27 | Certificates / green tariffs: 42 | Grid clean-power transition: 9,园区/现场光伏与风电: 4 | PPA / VPPA 绿电采购: 27 | 证书与绿色电价: 42 | 电网清洁电力转型: 9,GHG Protocol Scope 2 Guidance | GHG Protocol Corporate Standard | GRI 302 / 305,GHG Protocol Scope 2 指南 | GHG Protocol 企业核算标准 | GRI 302 / 305,100 | 104 | 104 | 104 | 104,Apple_Environmental_Progress_Report_2025.pdf | Apple_Environmental_Progress_Report_2025.pdf | Apple_Environmental_Progress_Report_2025.pdf | Apple_Environmental_Progress_Report_2025.pdf | Apple_Environmental_Progress_Report_2025.pdf,0,,,no,missing_company_specific_snippet,"ee data center in Iowa, bringing our total Apple-owned data center count to eight. We worked with local partners, including the City of Waukee and MidAmerican Energy, to source and provide wind energy for the site. 4 Emissions avoided are c | usiness Council for Sustainable Development (WBCSD) Greenhouse Gas Protocol: o Energy: Direct (Million Therms) and Indirect (Million kilowatt hours (mkWh)) o Renewable Energy (mkWh) o Water Withdrawal (Million Gallons) o Greenhouse Gas (GHG | usiness Council for Sustainable Development (WBCSD) Greenhouse Gas Protocol: o Energy: Direct (Million Therms) and Indirect (Million kilowatt hours (mkWh)) o Renewable Energy (mkWh) o Water Withdrawal (Million Gallons) o Greenhouse Gas (GHG | usiness Council for Sustainable Development (WBCSD) Greenhouse Gas Protocol: o Energy: Direct (Million Therms) and Indirect (Million kilowatt hours (mkWh)) o Renewable Energy (mkWh) o Water Withdrawal (Million Gallons) o Greenhouse Gas (GHG | usiness Council for Sustainable Development (WBCSD) Greenhouse Gas Protocol: o Energy: Direct (Million Therms) and Indirect (Million kilowatt hours (mkWh)) o Renewable Energy (mkWh) o Water Withdrawal (Million Gallons) o Greenhouse Gas (GHG"
company_specific_technology_evidence_backfill,P0,Find a company-specific PDF snippet for this technology path before treating the company-path edge as evidence-backed.,先补回该企业对应该技术路径的 PDF 片段，再把企业-技术路径边视为有证据支撑。,P0_backfill_company_specific_technology_evidence,disclosure_keyword_signal_not_project_cost_or_verified_abatement,renewable_power,Renewable power and green electricity procurement,可再生电力与绿电采购,r489_3m公司,3M,3M,489,C,Manufacturing,制造业,87,669,78,602,122,72,Onsite solar or wind: 4 | PPA / VPPA procurement: 27 | Certificates / green tariffs: 42 | Grid clean-power transition: 9,园区/现场光伏与风电: 4 | PPA / VPPA 绿电采购: 27 | 证书与绿色电价: 42 | 电网清洁电力转型: 9,GHG Protocol Scope 2 Guidance | GHG Protocol Corporate Standard | GRI 302 / 305,GHG Protocol Scope 2 指南 | GHG Protocol 企业核算标准 | GRI 302 / 305,100 | 104 | 104 | 104 | 104,Apple_Environmental_Progress_Report_2025.pdf | Apple_Environmental_Progress_Report_2025.pdf | Apple_Environmental_Progress_Report_2025.pdf | Apple_Environmental_Progress_Report_2025.pdf | Apple_Environmental_Progress_Report_2025.pdf,0,,,no,missing_company_specific_snippet,"ee data center in Iowa, bringing our total Apple-owned data center count to eight. We worked with local partners, including the City of Waukee and MidAmerican Energy, to source and provide wind energy for the site. 4 Emissions avoided are c | usiness Council for Sustainable Development (WBCSD) Greenhouse Gas Protocol: o Energy: Direct (Million Therms) and Indirect (Million kilowatt hours (mkWh)) o Renewable Energy (mkWh) o Water Withdrawal (Million Gallons) o Greenhouse Gas (GHG | usiness Council for Sustainable Development (WBCSD) Greenhouse Gas Protocol: o Energy: Direct (Million Therms) and Indirect (Million kilowatt hours (mkWh)) o Renewable Energy (mkWh) o Water Withdrawal (Million Gallons) o Greenhouse Gas (GHG | usiness Council for Sustainable Development (WBCSD) Greenhouse Gas Protocol: o Energy: Direct (Million Therms) and Indirect (Million kilowatt hours (mkWh)) o Renewable Energy (mkWh) o Water Withdrawal (Million Gallons) o Greenhouse Gas (GHG | usiness Council for Sustainable Development (WBCSD) Greenhouse Gas Protocol: o Energy: Direct (Million Therms) and Indirect (Million kilowatt hours (mkWh)) o Renewable Energy (mkWh) o Water Withdrawal (Million Gallons) o Greenhouse Gas (GHG"
