priority,requirement_id,issue_id,company_id,company_name_en,company_name_zh,world500_rank,open_queue_rows,queue_files,queue_types,review_priorities,evidence_boundaries,acceptance_gate_en,safe_next_action_zh,safe_next_action_en,sample_source_files,sample_pages,sample_snippet_en
P0,R1_GHG_FINE_SERIES_AND_STANDARD_COMPANY_MAPPING,ghg_protocol_fine_series,r007_apple,APPLE,苹果公司,7,11,assets/data/world500/workbench/world500_ghg_contextual_series_review_queue.csv | assets/data/world500/workbench/world500_ghg_p1_named_series_missing_queue.csv | assets/data/world500/workbench/world500_ghg_p2_low_evidence_contextual_edge_queue.csv | assets/data/world500/workbench/world500_ghg_out_of_whitelist_series_review_queue.csv,P0_upgrade_contextual_to_explicit | P1_find_named_series_source | P1_named_series_missing_from_sample | P2_low_evidence_contextual_edge | P0_isolate_out_of_whitelist_ghg_reference,P0_upgrade_contextual_to_explicit | P1_find_named_series_source | P1_named_series_missing_from_sample | P2_low_evidence_contextual_edge | P0_isolate_out_of_whitelist_ghg_reference,,Only explicitly named GHG Protocol series citations can be upgraded to strong standard-company-series edges; contextual edges must stay review-only or be demoted.,逐条回到 PDF 页级证据，能显式命名具体 GHG 系列的升级；不能命名的降级或删除。,Return to page-level PDF text. Upgrade only if the concrete GHG Protocol series is explicitly named; otherwise keep review-only or demote the edge.,Apple_Environmental_Progress_Report_2025.pdf,100,"ee data center in Iowa, bringing our total Apple-owned data center count to eight. We worked with local partners, including the City of Waukee and MidAmerican Energy, to source and provide wind energy for the site. 4 Emissions avoided are c"
P0,R1_GHG_FINE_SERIES_AND_STANDARD_COMPANY_MAPPING,ghg_protocol_fine_series,r234_panasonicholdings,PANASONIC HOLDINGS,松下控股公司,234,11,assets/data/world500/workbench/world500_ghg_contextual_series_review_queue.csv | assets/data/world500/workbench/world500_ghg_p1_named_series_missing_queue.csv | assets/data/world500/workbench/world500_ghg_p2_low_evidence_contextual_edge_queue.csv | assets/data/world500/workbench/world500_ghg_out_of_whitelist_series_review_queue.csv,P0_upgrade_contextual_to_explicit | P1_find_named_series_source | P1_named_series_missing_from_sample | P2_low_evidence_contextual_edge | P0_isolate_out_of_whitelist_ghg_reference,P0_upgrade_contextual_to_explicit | P1_find_named_series_source | P1_named_series_missing_from_sample | P2_low_evidence_contextual_edge | P0_isolate_out_of_whitelist_ghg_reference,,Only explicitly named GHG Protocol series citations can be upgraded to strong standard-company-series edges; contextual edges must stay review-only or be demoted.,逐条回到 PDF 页级证据，能显式命名具体 GHG 系列的升级；不能命名的降级或删除。,Return to page-level PDF text. Upgrade only if the concrete GHG Protocol series is explicitly named; otherwise keep review-only or demote the edge.,2025_Sustainability Date Book PANASONIC HOLDINGS.pdf,17,on the ecosystem to become nature positive. (See page 68) - Procurement of sustainable raw materials. - Green space of operating units that contribute to biodiversity. - Products and services that contribute to biodiversity. *1 Classificati
P0,R1_GHG_FINE_SERIES_AND_STANDARD_COMPANY_MAPPING,ghg_protocol_fine_series,r011_volkswagen,VOLKSWAGEN,大众公司,11,10,assets/data/world500/workbench/world500_ghg_contextual_series_review_queue.csv | assets/data/world500/workbench/world500_ghg_p1_named_series_missing_queue.csv | assets/data/world500/workbench/world500_ghg_p2_low_evidence_contextual_edge_queue.csv,P0_upgrade_contextual_to_explicit | P1_find_named_series_source | P1_named_series_missing_from_sample | P2_low_evidence_contextual_edge,P0_upgrade_contextual_to_explicit | P1_find_named_series_source | P1_named_series_missing_from_sample | P2_low_evidence_contextual_edge,,Only explicitly named GHG Protocol series citations can be upgraded to strong standard-company-series edges; contextual edges must stay review-only or be demoted.,逐条回到 PDF 页级证据，能显式命名具体 GHG 系列的升级；不能命名的降级或删除。,Return to page-level PDF text. Upgrade only if the concrete GHG Protocol series is explicitly named; otherwise keep review-only or demote the edge.,2023_Volkswagen_Group_Sustainability_Report.pdf,62,"inum content (since 2022). Transparency on CO₂ Emissions as a Basis for Improvements Every year, we calculate the Group’s carbon footprint using the Scope 1 to 3 inventory, in line with the requirements of the internationally accepted Green"
P0,R1_GHG_FINE_SERIES_AND_STANDARD_COMPANY_MAPPING,ghg_protocol_fine_series,r061_valeroenergy,VALERO ENERGY,瓦莱罗能源公司,61,10,assets/data/world500/workbench/world500_ghg_contextual_series_review_queue.csv | assets/data/world500/workbench/world500_ghg_p1_named_series_missing_queue.csv | assets/data/world500/workbench/world500_ghg_p2_low_evidence_contextual_edge_queue.csv,P0_upgrade_contextual_to_explicit | P1_find_named_series_source | P1_named_series_missing_from_sample | P2_low_evidence_contextual_edge,P0_upgrade_contextual_to_explicit | P1_find_named_series_source | P1_named_series_missing_from_sample | P2_low_evidence_contextual_edge,,Only explicitly named GHG Protocol series citations can be upgraded to strong standard-company-series edges; contextual edges must stay review-only or be demoted.,逐条回到 PDF 页级证据，能显式命名具体 GHG 系列的升级；不能命名的降级或删除。,Return to page-level PDF text. Upgrade only if the concrete GHG Protocol series is explicitly named; otherwise keep review-only or demote the edge.,VALERO ENERGY-2024 ESG Report 0823 FINAL pages.pdf,14,"onducted in accordance with ISO 19011 or the equivalent. In 2023, more than 50 independent verifications were conducted on our low-carbon fuels production, some of which included a partial or full traceability review of the supply chain. Wh"
P0,R1_GHG_FINE_SERIES_AND_STANDARD_COMPANY_MAPPING,ghg_protocol_fine_series,r123_pepsico,PEPSICO,百事公司,123,10,assets/data/world500/workbench/world500_ghg_contextual_series_review_queue.csv | assets/data/world500/workbench/world500_ghg_p1_named_series_missing_queue.csv | assets/data/world500/workbench/world500_ghg_p2_low_evidence_contextual_edge_queue.csv,P0_upgrade_contextual_to_explicit | P1_find_named_series_source | P1_named_series_missing_from_sample | P2_low_evidence_contextual_edge,P0_upgrade_contextual_to_explicit | P1_find_named_series_source | P1_named_series_missing_from_sample | P2_low_evidence_contextual_edge,,Only explicitly named GHG Protocol series citations can be upgraded to strong standard-company-series edges; contextual edges must stay review-only or be demoted.,逐条回到 PDF 页级证据，能显式命名具体 GHG 系列的升级；不能命名的降级或删除。,Return to page-level PDF text. Upgrade only if the concrete GHG Protocol series is explicitly named; otherwise keep review-only or demote the edge.,PEPSICO-2024-esg-summary-esg-performance-metrics.pdf,21,"ith industry standards, advocating for supportive government policies and understanding the views of diverse stakeholders will influence the progress we are able to make in working towards our targets. 1 Goal tracks Scope 1 and 2 emissions"
P0,R1_GHG_FINE_SERIES_AND_STANDARD_COMPANY_MAPPING,ghg_protocol_fine_series,r140_tesco,TESCO,乐购,140,10,assets/data/world500/workbench/world500_ghg_contextual_series_review_queue.csv | assets/data/world500/workbench/world500_ghg_p1_named_series_missing_queue.csv | assets/data/world500/workbench/world500_ghg_p2_low_evidence_contextual_edge_queue.csv,P0_upgrade_contextual_to_explicit | P1_find_named_series_source | P1_named_series_missing_from_sample | P2_low_evidence_contextual_edge,P0_upgrade_contextual_to_explicit | P1_find_named_series_source | P1_named_series_missing_from_sample | P2_low_evidence_contextual_edge,,Only explicitly named GHG Protocol series citations can be upgraded to strong standard-company-series edges; contextual edges must stay review-only or be demoted.,逐条回到 PDF 页级证据，能显式命名具体 GHG 系列的升级；不能命名的降级或删除。,Return to page-level PDF text. Upgrade only if the concrete GHG Protocol series is explicitly named; otherwise keep review-only or demote the edge.,tesco-sustainability-report-2025.pdf,10,"Scope 3 methodology We continually work to improve our footprint data to comply with the SBTi guidelines and the GHG Protocol. Our footprint calculations were mainly based on secondary emissions factors, in line with the industry, but we’re"
P0,R1_GHG_FINE_SERIES_AND_STANDARD_COMPANY_MAPPING,ghg_protocol_fine_series,r183_airbus,AIRBUS,空中客车公司,183,10,assets/data/world500/workbench/world500_ghg_contextual_series_review_queue.csv | assets/data/world500/workbench/world500_ghg_p1_named_series_missing_queue.csv | assets/data/world500/workbench/world500_ghg_p2_low_evidence_contextual_edge_queue.csv,P0_upgrade_contextual_to_explicit | P1_find_named_series_source | P1_named_series_missing_from_sample | P2_low_evidence_contextual_edge,P0_upgrade_contextual_to_explicit | P1_find_named_series_source | P1_named_series_missing_from_sample | P2_low_evidence_contextual_edge,,Only explicitly named GHG Protocol series citations can be upgraded to strong standard-company-series edges; contextual edges must stay review-only or be demoted.,逐条回到 PDF 页级证据，能显式命名具体 GHG 系列的升级；不能命名的降级或删除。,Return to page-level PDF text. Upgrade only if the concrete GHG Protocol series is explicitly named; otherwise keep review-only or demote the edge.,AIRBUS-pm_38_711_711991-us758j55ai.pdf,4,". Calculation includes contractual instruments (Biomethane Guarantees of Origines) as part of Scope 1 emissions, calculated based on biomethane emission factors instead of natural gas. This approach will be refined as further related guidan"
P0,R1_GHG_FINE_SERIES_AND_STANDARD_COMPANY_MAPPING,ghg_protocol_fine_series,r195_americanexpress,AMERICAN EXPRESS,美国运通公司,195,10,assets/data/world500/workbench/world500_ghg_contextual_series_review_queue.csv | assets/data/world500/workbench/world500_ghg_p1_named_series_missing_queue.csv | assets/data/world500/workbench/world500_ghg_p2_low_evidence_contextual_edge_queue.csv,P0_upgrade_contextual_to_explicit | P1_find_named_series_source | P1_named_series_missing_from_sample | P2_low_evidence_contextual_edge,P0_upgrade_contextual_to_explicit | P1_find_named_series_source | P1_named_series_missing_from_sample | P2_low_evidence_contextual_edge,,Only explicitly named GHG Protocol series citations can be upgraded to strong standard-company-series edges; contextual edges must stay review-only or be demoted.,逐条回到 PDF 页级证据，能显式命名具体 GHG 系列的升级；不能命名的降级或删除。,Return to page-level PDF text. Upgrade only if the concrete GHG Protocol series is explicitly named; otherwise keep review-only or demote the edge.,AMERICAN EXPRESS_AXP_2023_2024_ESG_Report.pdf,66,uare feet; FTE: Full-time Equivalent; $M USD: millions of dollars. 2 Energy usage is based on a combination of metered energy consumption billing data and estimated energy consumption data based on energy intensity per square footage standa
P0,R1_GHG_FINE_SERIES_AND_STANDARD_COMPANY_MAPPING,ghg_protocol_fine_series,r416_mitsubishielectric,MITSUBISHI ELECTRIC,三菱电机股份有限公司,416,10,assets/data/world500/workbench/world500_ghg_contextual_series_review_queue.csv | assets/data/world500/workbench/world500_ghg_p1_named_series_missing_queue.csv | assets/data/world500/workbench/world500_ghg_p2_low_evidence_contextual_edge_queue.csv,P0_upgrade_contextual_to_explicit | P1_find_named_series_source | P1_named_series_missing_from_sample | P2_low_evidence_contextual_edge,P0_upgrade_contextual_to_explicit | P1_find_named_series_source | P1_named_series_missing_from_sample | P2_low_evidence_contextual_edge,,Only explicitly named GHG Protocol series citations can be upgraded to strong standard-company-series edges; contextual edges must stay review-only or be demoted.,逐条回到 PDF 页级证据，能显式命名具体 GHG 系列的升级；不能命名的降级或删除。,Return to page-level PDF text. Upgrade only if the concrete GHG Protocol series is explicitly named; otherwise keep review-only or demote the edge.,MITSUBISHI ELECTRIC integrated_report2024_en.pdf,69,"essage Value Creation Foundation Enhancement Data 68 Foundation Enhancement Metrics and Targets The Mitsubishi Electric Group calculates and tracks greenhouse gas emissions (Scope 1, 2 and 3) in its value chain. For calculation and assessme"
P0,R1_GHG_FINE_SERIES_AND_STANDARD_COMPANY_MAPPING,ghg_protocol_fine_series,r425_olamgroup,OLAM GROUP,新加坡奥兰集团,425,10,assets/data/world500/workbench/world500_ghg_contextual_series_review_queue.csv | assets/data/world500/workbench/world500_ghg_p1_named_series_missing_queue.csv | assets/data/world500/workbench/world500_ghg_p2_low_evidence_contextual_edge_queue.csv,P0_upgrade_contextual_to_explicit | P1_find_named_series_source | P1_named_series_missing_from_sample | P2_low_evidence_contextual_edge,P0_upgrade_contextual_to_explicit | P1_find_named_series_source | P1_named_series_missing_from_sample | P2_low_evidence_contextual_edge,,Only explicitly named GHG Protocol series citations can be upgraded to strong standard-company-series edges; contextual edges must stay review-only or be demoted.,逐条回到 PDF 页级证据，能显式命名具体 GHG 系列的升级；不能命名的降级或删除。,Return to page-level PDF text. Upgrade only if the concrete GHG Protocol series is explicitly named; otherwise keep review-only or demote the edge.,OLAM GROUP_annual_report_2024.pdf,99,"ions by 30.3% by 2030. Measuring Olam Group’s carbon footprint is the first step in informing our climate transition approach. To improve the accuracy of carbon footprint measurements, we use corporate footprint accounting tools and process"
P0,R1_GHG_FINE_SERIES_AND_STANDARD_COMPANY_MAPPING,ghg_protocol_fine_series,r049_electricitédefrance,ELECTRICITÉ DE FRANCE,法国电力公司,49,9,assets/data/world500/workbench/world500_ghg_contextual_series_review_queue.csv | assets/data/world500/workbench/world500_ghg_p1_named_series_missing_queue.csv | assets/data/world500/workbench/world500_ghg_p2_low_evidence_contextual_edge_queue.csv | assets/data/world500/workbench/world500_ghg_out_of_whitelist_series_review_queue.csv,P0_upgrade_contextual_to_explicit | P1_find_named_series_source | P1_named_series_missing_from_sample | P2_low_evidence_contextual_edge | P0_isolate_out_of_whitelist_ghg_reference,P0_upgrade_contextual_to_explicit | P1_find_named_series_source | P1_named_series_missing_from_sample | P2_low_evidence_contextual_edge | P0_isolate_out_of_whitelist_ghg_reference,,Only explicitly named GHG Protocol series citations can be upgraded to strong standard-company-series edges; contextual edges must stay review-only or be demoted.,逐条回到 PDF 页级证据，能显式命名具体 GHG 系列的升级；不能命名的降级或删除。,Return to page-level PDF text. Upgrade only if the concrete GHG Protocol series is explicitly named; otherwise keep review-only or demote the edge.,edf-urd-annual-financial-report-2024-en-accessible.pdf,193,is viable over the long term. This ambition to decarbonise production is reflected in the objective of reducing the carbon intensity of the Group’s electricity and heat generation. (1) poweringpastcoal.org/members (2) icvcm.org/the-core-car
P0,R1_GHG_FINE_SERIES_AND_STANDARD_COMPANY_MAPPING,ghg_protocol_fine_series,r107_itochu,ITOCHU,日本伊藤忠商事株式会社,107,9,assets/data/world500/workbench/world500_ghg_contextual_series_review_queue.csv | assets/data/world500/workbench/world500_ghg_p2_low_evidence_contextual_edge_queue.csv | assets/data/world500/workbench/world500_ghg_out_of_whitelist_series_review_queue.csv,P1_find_named_series_source | P2_low_evidence_contextual_edge | P0_isolate_out_of_whitelist_ghg_reference,P1_find_named_series_source | P2_low_evidence_contextual_edge | P0_isolate_out_of_whitelist_ghg_reference,,Only explicitly named GHG Protocol series citations can be upgraded to strong standard-company-series edges; contextual edges must stay review-only or be demoted.,逐条回到 PDF 页级证据，能显式命名具体 GHG 系列的升级；不能命名的降级或删除。,Return to page-level PDF text. Upgrade only if the concrete GHG Protocol series is explicitly named; otherwise keep review-only or demote the edge.,ITOCHU-ESG report 2024.pdf,109,"Structured standard tag: GHG Protocol; Standard role: Accounting standard by Act on Rational Use and Appropriate Management of Fluorocarbons. However, HCFC is not included in the aggregation. ● Overseas Group Companies: Calculated based on the charging amount of fluorocarbons used as refrigerants. * The calculat ITOCHU-ESG report 2024.pdf Energy Consumptio…"
P0,R1_GHG_FINE_SERIES_AND_STANDARD_COMPANY_MAPPING,ghg_protocol_fine_series,r252_bancobradesco,BANCO BRADESCO,巴西布拉德斯科银行,252,9,assets/data/world500/workbench/world500_ghg_contextual_series_review_queue.csv | assets/data/world500/workbench/world500_ghg_p1_named_series_missing_queue.csv | assets/data/world500/workbench/world500_ghg_p2_low_evidence_contextual_edge_queue.csv | assets/data/world500/workbench/world500_ghg_out_of_whitelist_series_review_queue.csv,P0_upgrade_contextual_to_explicit | P1_find_named_series_source | P1_named_series_missing_from_sample | P2_low_evidence_contextual_edge | P0_isolate_out_of_whitelist_ghg_reference,P0_upgrade_contextual_to_explicit | P1_find_named_series_source | P1_named_series_missing_from_sample | P2_low_evidence_contextual_edge | P0_isolate_out_of_whitelist_ghg_reference,,Only explicitly named GHG Protocol series citations can be upgraded to strong standard-company-series edges; contextual edges must stay review-only or be demoted.,逐条回到 PDF 页级证据，能显式命名具体 GHG 系列的升级；不能命名的降级或删除。,Return to page-level PDF text. Upgrade only if the concrete GHG Protocol series is explicitly named; otherwise keep review-only or demote the edge.,2024 BANCO BRADESCO ESG Report.pdf,46,"Through the annual greenhouse gas inventory, we track the evolution of our operational emissions since 2006, following the guidelines of the ABNT ISO 14064-1 standard and, since 2008, incorporating the specifications of the Brazilian GHG Pr"
P0,R1_GHG_FINE_SERIES_AND_STANDARD_COMPANY_MAPPING,ghg_protocol_fine_series,r469_novonordisk,NOVO NORDISK,诺和诺德公司,469,9,assets/data/world500/workbench/world500_ghg_contextual_series_review_queue.csv | assets/data/world500/workbench/world500_ghg_p1_named_series_missing_queue.csv | assets/data/world500/workbench/world500_ghg_p2_low_evidence_contextual_edge_queue.csv | assets/data/world500/workbench/world500_ghg_out_of_whitelist_series_review_queue.csv,P0_upgrade_contextual_to_explicit | P1_find_named_series_source | P1_named_series_missing_from_sample | P2_low_evidence_contextual_edge | P0_isolate_out_of_whitelist_ghg_reference,P0_upgrade_contextual_to_explicit | P1_find_named_series_source | P1_named_series_missing_from_sample | P2_low_evidence_contextual_edge | P0_isolate_out_of_whitelist_ghg_reference,,Only explicitly named GHG Protocol series citations can be upgraded to strong standard-company-series edges; contextual edges must stay review-only or be demoted.,逐条回到 PDF 页级证据，能显式命名具体 GHG 系列的升级；不能命名的降级或删除。,Return to page-level PDF text. Upgrade only if the concrete GHG Protocol series is explicitly named; otherwise keep review-only or demote the edge.,novo-nordisk-annual-report-2024.pdf,59,"ACCOUNTING POLICIES Scope 1 GHG emissions The reporting of scope 1 and 2 CO2e emissions follows the ESRS and GHG Protocol Guidance. Includes CO2e emissions from fuels, as well as fugitive emissions of purchased refrigerants. Production site"
P0,R1_GHG_FINE_SERIES_AND_STANDARD_COMPANY_MAPPING,ghg_protocol_fine_series,r002_amazoncom,AMAZON.COM,亚马逊,2,8,assets/data/world500/workbench/world500_ghg_contextual_series_review_queue.csv | assets/data/world500/workbench/world500_ghg_p1_named_series_missing_queue.csv,P0_upgrade_contextual_to_explicit | P1_named_series_missing_from_sample,P0_upgrade_contextual_to_explicit | P1_named_series_missing_from_sample,,Only explicitly named GHG Protocol series citations can be upgraded to strong standard-company-series edges; contextual edges must stay review-only or be demoted.,逐条回到 PDF 页级证据，能显式命名具体 GHG 系列的升级；不能命名的降级或删除。,Return to page-level PDF text. Upgrade only if the concrete GHG Protocol series is explicitly named; otherwise keep review-only or demote the edge.,2024-amazon-sustainability-report.pdf,16,"mber of services, regions, and time periods, and this transparency allows customers to identify areas of higher emissions and implement targeted optimizations to reduce their footprint. We continued to advocate for updated carbon accounting"
P0,R1_GHG_FINE_SERIES_AND_STANDARD_COMPANY_MAPPING,ghg_protocol_fine_series,r012_exxonmobil,EXXON MOBIL,埃克森美孚,12,8,assets/data/world500/workbench/world500_ghg_contextual_series_review_queue.csv | assets/data/world500/workbench/world500_ghg_p2_low_evidence_contextual_edge_queue.csv,P1_find_named_series_source | P2_low_evidence_contextual_edge,P1_find_named_series_source | P2_low_evidence_contextual_edge,,Only explicitly named GHG Protocol series citations can be upgraded to strong standard-company-series edges; contextual edges must stay review-only or be demoted.,逐条回到 PDF 页级证据，能显式命名具体 GHG 系列的升级；不能命名的降级或删除。,Return to page-level PDF text. Upgrade only if the concrete GHG Protocol series is explicitly named; otherwise keep review-only or demote the edge.,EXXON MOBIL-sustainability-report-2025.pdf,72,"Structured standard tag: GHG Protocol; Standard role: Accounting standard ines and indicators in the Ipieca, the American Petroleum Institute (API), the International Association of Oil and Gas Producers Sustainability Reporting Guidance for the Oil and Gas Industry (4th edition, 2020, revised February 2023) and EXXON MOBIL-sustainability-report-2025.pdf Ex…"
P0,R1_GHG_FINE_SERIES_AND_STANDARD_COMPANY_MAPPING,ghg_protocol_fine_series,r024_glencore,GLENCORE,嘉能可,24,8,assets/data/world500/workbench/world500_ghg_contextual_series_review_queue.csv | assets/data/world500/workbench/world500_ghg_p1_named_series_missing_queue.csv | assets/data/world500/workbench/world500_ghg_p2_low_evidence_contextual_edge_queue.csv,P0_upgrade_contextual_to_explicit | P1_find_named_series_source | P1_named_series_missing_from_sample | P2_low_evidence_contextual_edge,P0_upgrade_contextual_to_explicit | P1_find_named_series_source | P1_named_series_missing_from_sample | P2_low_evidence_contextual_edge,,Only explicitly named GHG Protocol series citations can be upgraded to strong standard-company-series edges; contextual edges must stay review-only or be demoted.,逐条回到 PDF 页级证据，能显式命名具体 GHG 系列的升级；不能命名的降级或删除。,Return to page-level PDF text. Upgrade only if the concrete GHG Protocol series is explicitly named; otherwise keep review-only or demote the edge.,Glencore_2024_Sustainability_Report.pdf,68,"ement for 2024 on the Selected Information, we enquired about the rationale. For those over 5% of the 2023 disclosed metric we also inspected the supporting calculations provided by management, and where appropriate, reviewed against releva"
P0,R1_GHG_FINE_SERIES_AND_STANDARD_COMPANY_MAPPING,ghg_protocol_fine_series,r026_microsoft,MICROSOFT,微软,26,8,assets/data/world500/workbench/world500_ghg_contextual_series_review_queue.csv | assets/data/world500/workbench/world500_ghg_p1_named_series_missing_queue.csv | assets/data/world500/workbench/world500_ghg_p2_low_evidence_contextual_edge_queue.csv,P0_upgrade_contextual_to_explicit | P1_find_named_series_source | P1_named_series_missing_from_sample | P2_low_evidence_contextual_edge,P0_upgrade_contextual_to_explicit | P1_find_named_series_source | P1_named_series_missing_from_sample | P2_low_evidence_contextual_edge,,Only explicitly named GHG Protocol series citations can be upgraded to strong standard-company-series edges; contextual edges must stay review-only or be demoted.,逐条回到 PDF 页级证据，能显式命名具体 GHG 系列的升级；不能命名的降级或删除。,Return to page-level PDF text. Upgrade only if the concrete GHG Protocol series is explicitly named; otherwise keep review-only or demote the edge.,2025-Microsoft-Environmental-Sustainability-Report-PDF.pdf,88,"performance and progress against our goals, and key challenges and trends we see in this work. We also publish our environmental data, which is included in the separate Environmental Data Fact Sheet. We present greenhouse gas emissions in a"
P0,R1_GHG_FINE_SERIES_AND_STANDARD_COMPANY_MAPPING,ghg_protocol_fine_series,r031_samsungelectronics,SAMSUNG ELECTRONICS,三星电子,31,8,assets/data/world500/workbench/world500_ghg_contextual_series_review_queue.csv | assets/data/world500/workbench/world500_ghg_p1_named_series_missing_queue.csv | assets/data/world500/workbench/world500_ghg_p2_low_evidence_contextual_edge_queue.csv,P0_upgrade_contextual_to_explicit | P1_find_named_series_source | P1_named_series_missing_from_sample | P2_low_evidence_contextual_edge,P0_upgrade_contextual_to_explicit | P1_find_named_series_source | P1_named_series_missing_from_sample | P2_low_evidence_contextual_edge,,Only explicitly named GHG Protocol series citations can be upgraded to strong standard-company-series edges; contextual edges must stay review-only or be demoted.,逐条回到 PDF 页级证据，能显式命名具体 GHG 系列的升级；不能命名的降级或删除。,Return to page-level PDF text. Upgrade only if the concrete GHG Protocol series is explicitly named; otherwise keep review-only or demote the edge.,SAMSUNG ELECTRONICS_Sustainability_report_2024_en.pdf,63,consumption reduction rate for each year relative to 2019 identical performance/specification models for 7 major product categories *Data for amount of GHG emissions reduced in the product use phase by year is being reviewed to refine its c
P0,R1_GHG_FINE_SERIES_AND_STANDARD_COMPANY_MAPPING,ghg_protocol_fine_series,r039_generalmotors,GENERAL MOTORS,通用汽车公司,39,8,assets/data/world500/workbench/world500_ghg_contextual_series_review_queue.csv | assets/data/world500/workbench/world500_ghg_p1_named_series_missing_queue.csv | assets/data/world500/workbench/world500_ghg_p2_low_evidence_contextual_edge_queue.csv,P0_upgrade_contextual_to_explicit | P1_find_named_series_source | P1_named_series_missing_from_sample | P2_low_evidence_contextual_edge,P0_upgrade_contextual_to_explicit | P1_find_named_series_source | P1_named_series_missing_from_sample | P2_low_evidence_contextual_edge,,Only explicitly named GHG Protocol series citations can be upgraded to strong standard-company-series edges; contextual edges must stay review-only or be demoted.,逐条回到 PDF 页级证据，能显式命名具体 GHG 系列的升级；不能命名的降级或删除。,Return to page-level PDF text. Upgrade only if the concrete GHG Protocol series is explicitly named; otherwise keep review-only or demote the edge.,GM_2023_SR.pdf,9,nability goals. We've taken productive strides in our operations and are continuously strengthening our strategy as we advance on our journey toward zero emissions. Note 1 These metrics are inclusive of organizational boundary adjustments t
P0,R1_GHG_FINE_SERIES_AND_STANDARD_COMPANY_MAPPING,ghg_protocol_fine_series,r052_phillips66公司,Phillips 66,Phillips 66,52,8,assets/data/world500/workbench/world500_ghg_contextual_series_review_queue.csv | assets/data/world500/workbench/world500_ghg_p1_named_series_missing_queue.csv | assets/data/world500/workbench/world500_ghg_p2_low_evidence_contextual_edge_queue.csv,P0_upgrade_contextual_to_explicit | P1_find_named_series_source | P1_named_series_missing_from_sample | P2_low_evidence_contextual_edge,P0_upgrade_contextual_to_explicit | P1_find_named_series_source | P1_named_series_missing_from_sample | P2_low_evidence_contextual_edge,,Only explicitly named GHG Protocol series citations can be upgraded to strong standard-company-series edges; contextual edges must stay review-only or be demoted.,逐条回到 PDF 页级证据，能显式命名具体 GHG 系列的升级；不能命名的降级或删除。,Return to page-level PDF text. Upgrade only if the concrete GHG Protocol series is explicitly named; otherwise keep review-only or demote the edge.,PHILLIPS 66-2025-0023_3_Sustainability and People Report_DIGITAL 0623.pdf,51,"2024. Starting in 2024, the Intergovernmental Panel on Climate Change Fifth Assessment Report (AR5) is used. Absolute Scope 1, 2 and 3 emissions are reported in accordance to the World Resources Institute/ World Business Council for Sustain"
P0,R1_GHG_FINE_SERIES_AND_STANDARD_COMPANY_MAPPING,ghg_protocol_fine_series,r066_metaplatforms公司,Meta Platforms,Meta Platforms,66,8,assets/data/world500/workbench/world500_ghg_contextual_series_review_queue.csv | assets/data/world500/workbench/world500_ghg_p1_named_series_missing_queue.csv | assets/data/world500/workbench/world500_ghg_p2_low_evidence_contextual_edge_queue.csv,P0_upgrade_contextual_to_explicit | P1_find_named_series_source | P1_named_series_missing_from_sample | P2_low_evidence_contextual_edge,P0_upgrade_contextual_to_explicit | P1_find_named_series_source | P1_named_series_missing_from_sample | P2_low_evidence_contextual_edge,,Only explicitly named GHG Protocol series citations can be upgraded to strong standard-company-series edges; contextual edges must stay review-only or be demoted.,逐条回到 PDF 页级证据，能显式命名具体 GHG 系列的升级；不能命名的降级或删除。,Return to page-level PDF text. Upgrade only if the concrete GHG Protocol series is explicitly named; otherwise keep review-only or demote the edge.,Meta-2024-Sustainability-Report.pdf,21,"Our net zero program focuses on three pillars: In 2023, our net emissions equaled 7.4 million metric tons of CO2e. We report on all relevant emissions as defined by the GHG Protocol. Our annual data and methodology for calculating our envir"
P0,R1_GHG_FINE_SERIES_AND_STANDARD_COMPANY_MAPPING,ghg_protocol_fine_series,r091_equinor公司,Equinor,Equinor,91,8,assets/data/world500/workbench/world500_ghg_contextual_series_review_queue.csv | assets/data/world500/workbench/world500_ghg_p1_named_series_missing_queue.csv | assets/data/world500/workbench/world500_ghg_p2_low_evidence_contextual_edge_queue.csv,P0_upgrade_contextual_to_explicit | P1_find_named_series_source | P1_named_series_missing_from_sample | P2_low_evidence_contextual_edge,P0_upgrade_contextual_to_explicit | P1_find_named_series_source | P1_named_series_missing_from_sample | P2_low_evidence_contextual_edge,,Only explicitly named GHG Protocol series citations can be upgraded to strong standard-company-series edges; contextual edges must stay review-only or be demoted.,逐条回到 PDF 页级证据，能显式命名具体 GHG 系列的升级；不能命名的降级或删除。,Return to page-level PDF text. Upgrade only if the concrete GHG Protocol series is explicitly named; otherwise keep review-only or demote the edge.,annual-report-2024-equinor.pdf,83,"that Equinor is reporting in accordance with CSRD requirements, our approach is based on more than 20 years experience with sustainability reporting developed in accordance with global reporting standards for sustainability including the GR"
P0,R1_GHG_FINE_SERIES_AND_STANDARD_COMPANY_MAPPING,ghg_protocol_fine_series,r119_christiandior,CHRISTIAN DIOR,迪奥公司,119,8,assets/data/world500/workbench/world500_ghg_contextual_series_review_queue.csv | assets/data/world500/workbench/world500_ghg_p1_named_series_missing_queue.csv | assets/data/world500/workbench/world500_ghg_p2_low_evidence_contextual_edge_queue.csv,P0_upgrade_contextual_to_explicit | P1_find_named_series_source | P1_named_series_missing_from_sample | P2_low_evidence_contextual_edge,P0_upgrade_contextual_to_explicit | P1_find_named_series_source | P1_named_series_missing_from_sample | P2_low_evidence_contextual_edge,,Only explicitly named GHG Protocol series citations can be upgraded to strong standard-company-series edges; contextual edges must stay review-only or be demoted.,逐条回到 PDF 页级证据，能显式命名具体 GHG 系列的升级；不能命名的降级或删除。,Return to page-level PDF text. Upgrade only if the concrete GHG Protocol series is explicitly named; otherwise keep review-only or demote the edge.,ChristianDior_2024_Annual_Report.pdf,93,"venue. Ace of Spade, Minuty, Joseph Phelps, Patou, Buly, Perfumes Loewe, 24S, Kendo, LVMH Hotel Management and Cova were included in environmental reporting. Monetary and HR data extracted and used in the Scope 3 greenhouse gas emissions ca"
P0,R1_GHG_FINE_SERIES_AND_STANDARD_COMPANY_MAPPING,ghg_protocol_fine_series,r125_ptt,PTT,泰国国家石油有限公司,125,8,assets/data/world500/workbench/world500_ghg_contextual_series_review_queue.csv | assets/data/world500/workbench/world500_ghg_p1_named_series_missing_queue.csv,P0_upgrade_contextual_to_explicit | P1_named_series_missing_from_sample,P0_upgrade_contextual_to_explicit | P1_named_series_missing_from_sample,,Only explicitly named GHG Protocol series citations can be upgraded to strong standard-company-series edges; contextual edges must stay review-only or be demoted.,逐条回到 PDF 页级证据，能显式命名具体 GHG 系列的升级；不能命名的降级或删除。,Return to page-level PDF text. Upgrade only if the concrete GHG Protocol series is explicitly named; otherwise keep review-only or demote the edge.,PTT One Report ENG 2024.pdf,152,"sed from private power plants, GPSC and GC. • The emission factors and global warming potential (GWP) values used are referenced from IPCC AR6 for GWP calculations. • The standards, methodologies, assumptions, and/or calculation tools appli"
P0,R1_GHG_FINE_SERIES_AND_STANDARD_COMPANY_MAPPING,ghg_protocol_fine_series,r127_fedex,FEDEX,联邦快递,127,8,assets/data/world500/workbench/world500_ghg_contextual_series_review_queue.csv | assets/data/world500/workbench/world500_ghg_p1_named_series_missing_queue.csv,P0_upgrade_contextual_to_explicit | P1_named_series_missing_from_sample,P0_upgrade_contextual_to_explicit | P1_named_series_missing_from_sample,,Only explicitly named GHG Protocol series citations can be upgraded to strong standard-company-series edges; contextual edges must stay review-only or be demoted.,逐条回到 PDF 页级证据，能显式命名具体 GHG 系列的升级；不能命名的降级或删除。,Return to page-level PDF text. Upgrade only if the concrete GHG Protocol series is explicitly named; otherwise keep review-only or demote the edge.,FedEx_2025_CR_Report.pdf,19,"and exploring how enhanced weathering can be integrated into industrial and agricultural processes, such as wastewater treatment and irrigation systems. Enhancing footprint data collection 2025 marks our 18th year of disclosing our emission"
P0,R1_GHG_FINE_SERIES_AND_STANDARD_COMPANY_MAPPING,ghg_protocol_fine_series,r128_sony,SONY,索尼,128,8,assets/data/world500/workbench/world500_ghg_contextual_series_review_queue.csv | assets/data/world500/workbench/world500_ghg_p1_named_series_missing_queue.csv | assets/data/world500/workbench/world500_ghg_p2_low_evidence_contextual_edge_queue.csv,P0_upgrade_contextual_to_explicit | P1_find_named_series_source | P1_named_series_missing_from_sample | P2_low_evidence_contextual_edge,P0_upgrade_contextual_to_explicit | P1_find_named_series_source | P1_named_series_missing_from_sample | P2_low_evidence_contextual_edge,,Only explicitly named GHG Protocol series citations can be upgraded to strong standard-company-series edges; contextual edges must stay review-only or be demoted.,逐条回到 PDF 页级证据，能显式命名具体 GHG 系列的升级；不能命名的降级或删除。,Return to page-level PDF text. Upgrade only if the concrete GHG Protocol series is explicitly named; otherwise keep review-only or demote the edge.,SONY-SustainabilityReport2025_E.pdf,115,"in. *1 Value chain refers to the entire product life cycle process, from procurement of materials through to manufacturing, use and disposal. It includes upstream and downstream manufacturing processes. *2 GHG emissions are calculated in"
P0,R1_GHG_FINE_SERIES_AND_STANDARD_COMPANY_MAPPING,ghg_protocol_fine_series,r166_vinci,VINCI,万喜集团,166,8,assets/data/world500/workbench/world500_ghg_contextual_series_review_queue.csv | assets/data/world500/workbench/world500_ghg_p1_named_series_missing_queue.csv | assets/data/world500/workbench/world500_ghg_p2_low_evidence_contextual_edge_queue.csv,P0_upgrade_contextual_to_explicit | P1_find_named_series_source | P1_named_series_missing_from_sample | P2_low_evidence_contextual_edge,P0_upgrade_contextual_to_explicit | P1_find_named_series_source | P1_named_series_missing_from_sample | P2_low_evidence_contextual_edge,,Only explicitly named GHG Protocol series citations can be upgraded to strong standard-company-series edges; contextual edges must stay review-only or be demoted.,逐条回到 PDF 页级证据，能显式命名具体 GHG 系列的升级；不能命名的降级或删除。,Return to page-level PDF text. Upgrade only if the concrete GHG Protocol series is explicitly named; otherwise keep review-only or demote the edge.,VINCI-2024_workforce_related_environmental_and_social_information.pdf,19,"ct emissions (Scopes 1 and 2) by 40% by 2030 (from 2018 levels); – reduce indirect upstream and downstream emissions (Scope 3) by 20% by 2030 (from 2019 levels). This reduction covers all of the emissions categories, upstream and downstream"
P0,R1_GHG_FINE_SERIES_AND_STANDARD_COMPANY_MAPPING,ghg_protocol_fine_series,r196_hitachi,HITACHI,日立,196,8,assets/data/world500/workbench/world500_ghg_contextual_series_review_queue.csv | assets/data/world500/workbench/world500_ghg_p2_low_evidence_contextual_edge_queue.csv,P1_find_named_series_source | P2_low_evidence_contextual_edge,P1_find_named_series_source | P2_low_evidence_contextual_edge,,Only explicitly named GHG Protocol series citations can be upgraded to strong standard-company-series edges; contextual edges must stay review-only or be demoted.,逐条回到 PDF 页级证据，能显式命名具体 GHG 系列的升级；不能命名的降级或删除。,Return to page-level PDF text. Upgrade only if the concrete GHG Protocol series is explicitly named; otherwise keep review-only or demote the edge.,HITACHI_en_sustainability2025.pdf,50,"Structured standard tag: GHG Protocol; Standard role: Accounting standard; Matched keywords: Derived value Furthermore, by expanding the introduction of corporate PPA, we are accelerating the replacement of fossil fuel-derived electricity with electricity from renewable energy sources. The renewable electricity introduced will comply with the st HITACHI_en_…"
P0,R1_GHG_FINE_SERIES_AND_STANDARD_COMPANY_MAPPING,ghg_protocol_fine_series,r223_stonex集团,StoneX,StoneX,223,8,assets/data/world500/workbench/world500_ghg_contextual_series_review_queue.csv | assets/data/world500/workbench/world500_ghg_p1_named_series_missing_queue.csv | assets/data/world500/workbench/world500_ghg_p2_low_evidence_contextual_edge_queue.csv,P0_upgrade_contextual_to_explicit | P1_find_named_series_source | P1_named_series_missing_from_sample | P2_low_evidence_contextual_edge,P0_upgrade_contextual_to_explicit | P1_find_named_series_source | P1_named_series_missing_from_sample | P2_low_evidence_contextual_edge,,Only explicitly named GHG Protocol series citations can be upgraded to strong standard-company-series edges; contextual edges must stay review-only or be demoted.,逐条回到 PDF 页级证据，能显式命名具体 GHG 系列的升级；不能命名的降级或删除。,Return to page-level PDF text. Upgrade only if the concrete GHG Protocol series is explicitly named; otherwise keep review-only or demote the edge.,StoneX_ESG_Report_08.26.2024.pdf,9,"ng an organizational boundary, which involves accounting for GHG emissions from operations over which StoneX has control across its entire business in all locations. StoneX’s GHG emissions have been calculated and analyzed in accordance wit"
P0,R1_GHG_FINE_SERIES_AND_STANDARD_COMPANY_MAPPING,ghg_protocol_fine_series,r236_pfizer,PFIZER,辉瑞制药有限公司,236,8,assets/data/world500/workbench/world500_ghg_contextual_series_review_queue.csv | assets/data/world500/workbench/world500_ghg_p2_low_evidence_contextual_edge_queue.csv,P1_find_named_series_source | P2_low_evidence_contextual_edge,P1_find_named_series_source | P2_low_evidence_contextual_edge,,Only explicitly named GHG Protocol series citations can be upgraded to strong standard-company-series edges; contextual edges must stay review-only or be demoted.,逐条回到 PDF 页级证据，能显式命名具体 GHG 系列的升级；不能命名的降级或删除。,Return to page-level PDF text. Upgrade only if the concrete GHG Protocol series is explicitly named; otherwise keep review-only or demote the edge.,Pfizer_2024_Impact_Report_02JUN2025.pdf,33,Structured standard tag: GHG Protocol; Standard role: Accounting standard itigation measures for risks and opportunities with potential impact on financial performance and are working to quantify the financial impact of other selected items. Pfizer's climate-related risk management and emissions reporting are in Pfizer_2024_Impact_Report_02JUN2025.pdf Drivi…
P0,R1_GHG_FINE_SERIES_AND_STANDARD_COMPANY_MAPPING,ghg_protocol_fine_series,r251_renault,RENAULT,雷诺,251,8,assets/data/world500/workbench/world500_ghg_contextual_series_review_queue.csv | assets/data/world500/workbench/world500_ghg_p1_named_series_missing_queue.csv | assets/data/world500/workbench/world500_ghg_p2_low_evidence_contextual_edge_queue.csv,P0_upgrade_contextual_to_explicit | P1_find_named_series_source | P1_named_series_missing_from_sample | P2_low_evidence_contextual_edge,P0_upgrade_contextual_to_explicit | P1_find_named_series_source | P1_named_series_missing_from_sample | P2_low_evidence_contextual_edge,,Only explicitly named GHG Protocol series citations can be upgraded to strong standard-company-series edges; contextual edges must stay review-only or be demoted.,逐条回到 PDF 页级证据，能显式命名具体 GHG 系列的升级；不能命名的降级或删除。,Return to page-level PDF text. Upgrade only if the concrete GHG Protocol series is explicitly named; otherwise keep review-only or demote the edge.,RENAULT_Rapport_Climat_2024_GB_1920x1080pix_V1_prol_MEL.pdf,12,(NOT INCLUDED WITHIN SCOPE 2) Climate profile The Group’s carbon footprint The greenhouse gas (GHG) emissions that make up the company’s carbon footprint are categorized into three scopes. Renault Group reports its GHG emissions for each sc
P0,R1_GHG_FINE_SERIES_AND_STANDARD_COMPANY_MAPPING,ghg_protocol_fine_series,r255_chartercommunications,CHARTER COMMUNICATIONS,特许通讯公司,255,8,assets/data/world500/workbench/world500_ghg_contextual_series_review_queue.csv | assets/data/world500/workbench/world500_ghg_p1_named_series_missing_queue.csv | assets/data/world500/workbench/world500_ghg_p2_low_evidence_contextual_edge_queue.csv,P0_upgrade_contextual_to_explicit | P1_find_named_series_source | P1_named_series_missing_from_sample | P2_low_evidence_contextual_edge,P0_upgrade_contextual_to_explicit | P1_find_named_series_source | P1_named_series_missing_from_sample | P2_low_evidence_contextual_edge,,Only explicitly named GHG Protocol series citations can be upgraded to strong standard-company-series edges; contextual edges must stay review-only or be demoted.,逐条回到 PDF 页级证据，能显式命名具体 GHG 系列的升级；不能命名的降级或删除。,Return to page-level PDF text. Upgrade only if the concrete GHG Protocol series is explicitly named; otherwise keep review-only or demote the edge.,2023 CHARTER COMMUNICATIONS esg-report.pdf,21,"mpacts in addition to keeping our customers connected and our services affordable. In 2023, we continued developing and refining operational approaches supporting our carbon neutral strategies. We further enhanced our Scope 2 emissions repo"
P0,R1_GHG_FINE_SERIES_AND_STANDARD_COMPANY_MAPPING,ghg_protocol_fine_series,r263_novartis,NOVARTIS,诺华公司,263,8,assets/data/world500/workbench/world500_ghg_contextual_series_review_queue.csv | assets/data/world500/workbench/world500_ghg_p1_named_series_missing_queue.csv | assets/data/world500/workbench/world500_ghg_p2_low_evidence_contextual_edge_queue.csv,P0_upgrade_contextual_to_explicit | P1_find_named_series_source | P1_named_series_missing_from_sample | P2_low_evidence_contextual_edge,P0_upgrade_contextual_to_explicit | P1_find_named_series_source | P1_named_series_missing_from_sample | P2_low_evidence_contextual_edge,,Only explicitly named GHG Protocol series citations can be upgraded to strong standard-company-series edges; contextual edges must stay review-only or be demoted.,逐条回到 PDF 页级证据，能显式命名具体 GHG 系列的升级；不能命名的降级或删除。,Return to page-level PDF text. Upgrade only if the concrete GHG Protocol series is explicitly named; otherwise keep review-only or demote the edge.,novartis-integrated-report-2024.pdf,28,ta against these estimates will be restated for 2024 in our sustainability report the following year. 2022 and 2023 reflect full year actuals data. Data from the Novartis entity Abadia Retuerta is included in the 2024 environmental data 2 N
P0,R1_GHG_FINE_SERIES_AND_STANDARD_COMPANY_MAPPING,ghg_protocol_fine_series,r270_unitedairlinesholdings,UNITED AIRLINES HOLDINGS,联合航空控股公司,270,8,assets/data/world500/workbench/world500_ghg_contextual_series_review_queue.csv | assets/data/world500/workbench/world500_ghg_p1_named_series_missing_queue.csv | assets/data/world500/workbench/world500_ghg_p2_low_evidence_contextual_edge_queue.csv,P0_upgrade_contextual_to_explicit | P1_find_named_series_source | P1_named_series_missing_from_sample | P2_low_evidence_contextual_edge,P0_upgrade_contextual_to_explicit | P1_find_named_series_source | P1_named_series_missing_from_sample | P2_low_evidence_contextual_edge,,Only explicitly named GHG Protocol series citations can be upgraded to strong standard-company-series edges; contextual edges must stay review-only or be demoted.,逐条回到 PDF 页级证据，能显式命名具体 GHG 系列的升级；不能命名的降级或删除。,Return to page-level PDF text. Upgrade only if the concrete GHG Protocol series is explicitly named; otherwise keep review-only or demote the edge.,2024-UNITED AIRLINES HOLDINGS-report-interactive.pdf,43,"reductions through investments in new aircraft, SAF and other decarbonization technologies. Our GHG emissions and carbon footprint in 20241 Tracking our progress toward a 100% reduction in GHG emissions on a net basis Our reporting methodol"
P0,R1_GHG_FINE_SERIES_AND_STANDARD_COMPANY_MAPPING,ghg_protocol_fine_series,r290_phoenixpharma,PHOENIX PHARMA,菲尼克斯医药公司,290,8,assets/data/world500/workbench/world500_ghg_contextual_series_review_queue.csv | assets/data/world500/workbench/world500_ghg_p1_named_series_missing_queue.csv | assets/data/world500/workbench/world500_ghg_p2_low_evidence_contextual_edge_queue.csv,P0_upgrade_contextual_to_explicit | P1_find_named_series_source | P1_named_series_missing_from_sample | P2_low_evidence_contextual_edge,P0_upgrade_contextual_to_explicit | P1_find_named_series_source | P1_named_series_missing_from_sample | P2_low_evidence_contextual_edge,,Only explicitly named GHG Protocol series citations can be upgraded to strong standard-company-series edges; contextual edges must stay review-only or be demoted.,逐条回到 PDF 页级证据，能显式命名具体 GHG 系列的升级；不能命名的降级或删除。,Return to page-level PDF text. Upgrade only if the concrete GHG Protocol series is explicitly named; otherwise keep review-only or demote the edge.,PHOENIX_Sustainability_Report_2024_25.pdf,13,"Introduction General information Social Governance Imprint 13 SUSTAINABILITY REPORT 2024/25 Environment Climate and energy Circular economy Carbon footprint In calculating our carbon footprint, we follow the Greenhouse Gas Protocol (GHG Pro"
P0,R1_GHG_FINE_SERIES_AND_STANDARD_COMPANY_MAPPING,ghg_protocol_fine_series,r345_raízen公司,Raízen,Raízen,345,8,assets/data/world500/workbench/world500_ghg_contextual_series_review_queue.csv | assets/data/world500/workbench/world500_ghg_p1_named_series_missing_queue.csv | assets/data/world500/workbench/world500_ghg_p2_low_evidence_contextual_edge_queue.csv,P0_upgrade_contextual_to_explicit | P1_find_named_series_source | P1_named_series_missing_from_sample | P2_low_evidence_contextual_edge,P0_upgrade_contextual_to_explicit | P1_find_named_series_source | P1_named_series_missing_from_sample | P2_low_evidence_contextual_edge,,Only explicitly named GHG Protocol series citations can be upgraded to strong standard-company-series edges; contextual edges must stay review-only or be demoted.,逐条回到 PDF 页级证据，能显式命名具体 GHG 系列的升级；不能命名的降级或删除。,Return to page-level PDF text. Upgrade only if the concrete GHG Protocol series is explicitly named; otherwise keep review-only or demote the edge.,item-1338-raizen-rs24-25-en-d11.pdf,32,"In line with the transition to a low-carbon economy, we use the GHG Protocol framework to quanti- fy and manage greenhouse gas emissions from our operations, and work to reduce them through greater efficiency and innovation. We also evaluat"
P0,R1_GHG_FINE_SERIES_AND_STANDARD_COMPANY_MAPPING,ghg_protocol_fine_series,r349_fomentoeconómicomexicano公司,Fomento Económico Mexicano,Fomento Económico Mexicano,349,8,assets/data/world500/workbench/world500_ghg_contextual_series_review_queue.csv | assets/data/world500/workbench/world500_ghg_p1_named_series_missing_queue.csv | assets/data/world500/workbench/world500_ghg_p2_low_evidence_contextual_edge_queue.csv,P0_upgrade_contextual_to_explicit | P1_find_named_series_source | P1_named_series_missing_from_sample | P2_low_evidence_contextual_edge,P0_upgrade_contextual_to_explicit | P1_find_named_series_source | P1_named_series_missing_from_sample | P2_low_evidence_contextual_edge,,Only explicitly named GHG Protocol series citations can be upgraded to strong standard-company-series edges; contextual edges must stay review-only or be demoted.,逐条回到 PDF 页级证据，能显式命名具体 GHG 系列的升级；不能命名的降级或删除。,Return to page-level PDF text. Upgrade only if the concrete GHG Protocol series is explicitly named; otherwise keep review-only or demote the edge.,FEMSA_2024_Annual_Report.pdf,132,"3 emissions data for 2024 is still being calculated, given the complexity of the calculation due to our Business Units' different sectors, countries of operation, and the interaction of various multidisciplinary teams. We follow the average"
P0,R1_GHG_FINE_SERIES_AND_STANDARD_COMPANY_MAPPING,ghg_protocol_fine_series,r352_bestbuy,BEST BUY,百思买,352,8,assets/data/world500/workbench/world500_ghg_contextual_series_review_queue.csv | assets/data/world500/workbench/world500_ghg_p1_named_series_missing_queue.csv | assets/data/world500/workbench/world500_ghg_p2_low_evidence_contextual_edge_queue.csv,P0_upgrade_contextual_to_explicit | P1_find_named_series_source | P1_named_series_missing_from_sample | P2_low_evidence_contextual_edge,P0_upgrade_contextual_to_explicit | P1_find_named_series_source | P1_named_series_missing_from_sample | P2_low_evidence_contextual_edge,,Only explicitly named GHG Protocol series citations can be upgraded to strong standard-company-series edges; contextual edges must stay review-only or be demoted.,逐条回到 PDF 页级证据，能显式命名具体 GHG 系列的升级；不能命名的降级或删除。,Return to page-level PDF text. Upgrade only if the concrete GHG Protocol series is explicitly named; otherwise keep review-only or demote the edge.,BestBuy-CRS-Report-2025.pdf,55,"RBA Online Academy to build awareness and knowledge on climate change, GHG emission accounting and goal setting. We also developed a GHG emission data calculation tool that is based on methodology from the International Panel on Climate Cha"
P0,R1_GHG_FINE_SERIES_AND_STANDARD_COMPANY_MAPPING,ghg_protocol_fine_series,r353_woolworthsgroup,WOOLWORTHS GROUP,伍尔沃斯集团,353,8,assets/data/world500/workbench/world500_ghg_contextual_series_review_queue.csv | assets/data/world500/workbench/world500_ghg_p2_low_evidence_contextual_edge_queue.csv,P1_find_named_series_source | P2_low_evidence_contextual_edge,P1_find_named_series_source | P2_low_evidence_contextual_edge,,Only explicitly named GHG Protocol series citations can be upgraded to strong standard-company-series edges; contextual edges must stay review-only or be demoted.,逐条回到 PDF 页级证据，能显式命名具体 GHG 系列的升级；不能命名的降级或删除。,Return to page-level PDF text. Upgrade only if the concrete GHG Protocol series is explicitly named; otherwise keep review-only or demote the edge.,2025_WOOLWORTHS GROUP_Sustainability_Report_Interactive_SPREADS.pdf,22,"Structured standard tag: GHG Protocol; Standard role: Accounting standard ntial shifts in policy and behaviour, means there’s a wide range of possible scenarios and outcomes. Therefore, should the information available in relation to these issues change over time, the Group may review and adjust its targets. 1 In 2025_WOOLWORTHS GROUP_Sustainability_Report_…"
P0,R1_GHG_FINE_SERIES_AND_STANDARD_COMPANY_MAPPING,ghg_protocol_fine_series,r356_thermofisherscientific,THERMO FISHER SCIENTIFIC,赛默飞世尔科技公司,356,8,assets/data/world500/workbench/world500_ghg_contextual_series_review_queue.csv | assets/data/world500/workbench/world500_ghg_p2_low_evidence_contextual_edge_queue.csv,P1_find_named_series_source | P2_low_evidence_contextual_edge,P1_find_named_series_source | P2_low_evidence_contextual_edge,,Only explicitly named GHG Protocol series citations can be upgraded to strong standard-company-series edges; contextual edges must stay review-only or be demoted.,逐条回到 PDF 页级证据，能显式命名具体 GHG 系列的升级；不能命名的降级或删除。,Return to page-level PDF text. Upgrade only if the concrete GHG Protocol series is explicitly named; otherwise keep review-only or demote the edge.,2023-THERMO FISHER SCIENTIFIC-CSR-Report.pdf,65,may be subject to revision due to data source restatements and updates to methodology. There may be differences in baseline and subsequent reporting year values due to changes in the business that require baseline adjustments conducted in a
P0,R1_GHG_FINE_SERIES_AND_STANDARD_COMPANY_MAPPING,ghg_protocol_fine_series,r368_lyondellbasellindustries,LYONDELLBASELL INDUSTRIES,利安德巴塞尔工业公司,368,8,assets/data/world500/workbench/world500_ghg_contextual_series_review_queue.csv | assets/data/world500/workbench/world500_ghg_p2_low_evidence_contextual_edge_queue.csv,P1_find_named_series_source | P2_low_evidence_contextual_edge,P1_find_named_series_source | P2_low_evidence_contextual_edge,,Only explicitly named GHG Protocol series citations can be upgraded to strong standard-company-series edges; contextual edges must stay review-only or be demoted.,逐条回到 PDF 页级证据，能显式命名具体 GHG 系列的升级；不能命名的降级或删除。,Return to page-level PDF text. Upgrade only if the concrete GHG Protocol series is explicitly named; otherwise keep review-only or demote the edge.,2024-LYONDELLBASELL INDUSTRIES-sustainability-report.pdf,3,"Structured standard tag: GHG Protocol; Standard role: Accounting standard ed or operated manufacturing sites, pipelines, research or technical centers and large offices for 2024, unless stated otherwise. Assets that are acquired or divested will be accounted for in our base year greenhouse gas (GHG) emissions in 2024-LYONDELLBASELL INDUSTRIES-sustainability…"
P0,R1_GHG_FINE_SERIES_AND_STANDARD_COMPANY_MAPPING,ghg_protocol_fine_series,r392_coop集团,Coop,Coop,392,8,assets/data/world500/workbench/world500_ghg_contextual_series_review_queue.csv | assets/data/world500/workbench/world500_ghg_p1_named_series_missing_queue.csv,P0_upgrade_contextual_to_explicit | P1_named_series_missing_from_sample,P0_upgrade_contextual_to_explicit | P1_named_series_missing_from_sample,,Only explicitly named GHG Protocol series citations can be upgraded to strong standard-company-series edges; contextual edges must stay review-only or be demoted.,逐条回到 PDF 页级证据，能显式命名具体 GHG 系列的升级；不能命名的降级或删除。,Return to page-level PDF text. Upgrade only if the concrete GHG Protocol series is explicitly named; otherwise keep review-only or demote the edge.,COOP GROUP Fortschrittsbericht-Nachhaltigkeit-2024_en.pdf,216 | 53,We used the “operational control” approach as per the Green­ house Gas (GHG) Protocol to calculate CO2e emissions. The Scope 3 emissions were calculated in accordance with ISO 14064 and the GHG Protocol guidelines. Detailed informa­ tion on
P0,R1_GHG_FINE_SERIES_AND_STANDARD_COMPANY_MAPPING,ghg_protocol_fine_series,r406_suzukimotor,SUZUKI MOTOR,铃木汽车,406,8,assets/data/world500/workbench/world500_ghg_contextual_series_review_queue.csv | assets/data/world500/workbench/world500_ghg_p2_low_evidence_contextual_edge_queue.csv,P1_find_named_series_source | P2_low_evidence_contextual_edge,P1_find_named_series_source | P2_low_evidence_contextual_edge,,Only explicitly named GHG Protocol series citations can be upgraded to strong standard-company-series edges; contextual edges must stay review-only or be demoted.,逐条回到 PDF 页级证据，能显式命名具体 GHG 系列的升级；不能命名的降级或删除。,Return to page-level PDF text. Upgrade only if the concrete GHG Protocol series is explicitly named; otherwise keep review-only or demote the edge.,2024_SUZUKI MOTOR_Sustainability_Date-BOOK.pdf,32,"duct development and improvement. *1 Value chain: A method of systematizing how a series of business activities go into the creation of its ultimate value. Calculations are composed of Scope 1, Scope 2, and Scope 3 in accordance with the ca"
P0,R1_GHG_FINE_SERIES_AND_STANDARD_COMPANY_MAPPING,ghg_protocol_fine_series,r413_honeywellinternational,HONEYWELL INTERNATIONAL,霍尼韦尔国际公司,413,8,assets/data/world500/workbench/world500_ghg_contextual_series_review_queue.csv | assets/data/world500/workbench/world500_ghg_p1_named_series_missing_queue.csv,P0_upgrade_contextual_to_explicit | P1_named_series_missing_from_sample,P0_upgrade_contextual_to_explicit | P1_named_series_missing_from_sample,,Only explicitly named GHG Protocol series citations can be upgraded to strong standard-company-series edges; contextual edges must stay review-only or be demoted.,逐条回到 PDF 页级证据，能显式命名具体 GHG 系列的升级；不能命名的降级或删除。,Return to page-level PDF text. Upgrade only if the concrete GHG Protocol series is explicitly named; otherwise keep review-only or demote the edge.,HONEYWELL INTERNATIONAL-2025-impact-report.pdf,17,"Honeywell | 17 IMPACT REPORT 2025 | PLANET REDUCING GHG EMISSIONS Honeywell reports on its global GHG emissions pursuant to Greenhouse Gas Protocol and reports through CDP, a U.K.-based organization that supports companies’ and cities’ envi"
P0,R1_GHG_FINE_SERIES_AND_STANDARD_COMPANY_MAPPING,ghg_protocol_fine_series,r423_daiwahouseindustry,DAIWA HOUSE INDUSTRY,大和房建,423,8,assets/data/world500/workbench/world500_ghg_contextual_series_review_queue.csv | assets/data/world500/workbench/world500_ghg_p2_low_evidence_contextual_edge_queue.csv,P1_find_named_series_source | P2_low_evidence_contextual_edge,P1_find_named_series_source | P2_low_evidence_contextual_edge,,Only explicitly named GHG Protocol series citations can be upgraded to strong standard-company-series edges; contextual edges must stay review-only or be demoted.,逐条回到 PDF 页级证据，能显式命名具体 GHG 系列的升级；不能命名的降级或删除。,Return to page-level PDF text. Upgrade only if the concrete GHG Protocol series is explicitly named; otherwise keep review-only or demote the edge.,2025 DAIWA HOUSE INDUSTRY_Sustainability_All.pdf,132,Structured standard tag: GHG Protocol; Standard role: Accounting standard tions increases during the term (due to an acquisition etc.) Data on the relevant organization is included beginning with the subsequent fiscal year.  Main referential guidelines · Sustainability Reporting Standards by the GRI (Global Repo 2025 DAIWA HOUSE INDUSTRY_Sustainability_All…
P0,R1_GHG_FINE_SERIES_AND_STANDARD_COMPANY_MAPPING,ghg_protocol_fine_series,r424_starbucks,STARBUCKS,星巴克公司,424,8,assets/data/world500/workbench/world500_ghg_contextual_series_review_queue.csv | assets/data/world500/workbench/world500_ghg_p1_named_series_missing_queue.csv,P0_upgrade_contextual_to_explicit | P1_named_series_missing_from_sample,P0_upgrade_contextual_to_explicit | P1_named_series_missing_from_sample,,Only explicitly named GHG Protocol series citations can be upgraded to strong standard-company-series edges; contextual edges must stay review-only or be demoted.,逐条回到 PDF 页级证据，能显式命名具体 GHG 系列的升级；不能命名的降级或删除。,Return to page-level PDF text. Upgrade only if the concrete GHG Protocol series is explicitly named; otherwise keep review-only or demote the edge.,Starbucks-Fiscal-2024-Global-Impact-Report.pdf,45,"cocoa, dairy, food, and other beverage ingredients. 10Category 1 emissions include the emissions from the goods and services purchased by Starbucks Corporation; Purchases made by licensees for key commodities are included in category 14 as"
P0,R1_GHG_FINE_SERIES_AND_STANDARD_COMPANY_MAPPING,ghg_protocol_fine_series,r431_elo集团,ELO,ELO,431,8,assets/data/world500/workbench/world500_ghg_contextual_series_review_queue.csv | assets/data/world500/workbench/world500_ghg_p1_named_series_missing_queue.csv | assets/data/world500/workbench/world500_ghg_p2_low_evidence_contextual_edge_queue.csv,P0_upgrade_contextual_to_explicit | P1_find_named_series_source | P1_named_series_missing_from_sample | P2_low_evidence_contextual_edge,P0_upgrade_contextual_to_explicit | P1_find_named_series_source | P1_named_series_missing_from_sample | P2_low_evidence_contextual_edge,,Only explicitly named GHG Protocol series citations can be upgraded to strong standard-company-series edges; contextual edges must stay review-only or be demoted.,逐条回到 PDF 页级证据，能显式命名具体 GHG 系列的升级；不能命名的降级或删除。,Return to page-level PDF text. Upgrade only if the concrete GHG Protocol series is explicitly named; otherwise keep review-only or demote the edge.,RFA_ELO_2024_EN-1.pdf,74,"onmental IROs > For climate-related IROs E1.IRO-1 To identify and assess its impact on climate change, and in particular its GHG emissions, the Group carried out a full carbon assessment of all its activities in 2023. This assessment was ca"
P0,R1_GHG_FINE_SERIES_AND_STANDARD_COMPANY_MAPPING,ghg_protocol_fine_series,r448_jabil,JABIL,捷普公司,448,8,assets/data/world500/workbench/world500_ghg_contextual_series_review_queue.csv | assets/data/world500/workbench/world500_ghg_p1_named_series_missing_queue.csv | assets/data/world500/workbench/world500_ghg_p2_low_evidence_contextual_edge_queue.csv,P0_upgrade_contextual_to_explicit | P1_find_named_series_source | P1_named_series_missing_from_sample | P2_low_evidence_contextual_edge,P0_upgrade_contextual_to_explicit | P1_find_named_series_source | P1_named_series_missing_from_sample | P2_low_evidence_contextual_edge,,Only explicitly named GHG Protocol series citations can be upgraded to strong standard-company-series edges; contextual edges must stay review-only or be demoted.,逐条回到 PDF 页级证据，能显式命名具体 GHG 系列的升级；不能命名的降级或删除。,Return to page-level PDF text. Upgrade only if the concrete GHG Protocol series is explicitly named; otherwise keep review-only or demote the edge.,2024 Sustainability Report_Jabil.pdf,55,missions GRI 305-1 Direct GHG emissions (Scope 1) GRI 305-2 Indirect GHG emissions (Scope 2) GRI 305-3 Other indirect GHG emissions (Scope 3) GRI 305-4 GHG emissions intensity GRI 305-5 Reduction of GHG emissions Methodology used: • Accoun
P0,R1_GHG_FINE_SERIES_AND_STANDARD_COMPANY_MAPPING,ghg_protocol_fine_series,r480_ecopetrol,ECOPETROL,哥伦比亚国家石油公司,480,8,assets/data/world500/workbench/world500_ghg_contextual_series_review_queue.csv | assets/data/world500/workbench/world500_ghg_p1_named_series_missing_queue.csv | assets/data/world500/workbench/world500_ghg_p2_low_evidence_contextual_edge_queue.csv,P0_upgrade_contextual_to_explicit | P1_find_named_series_source | P1_named_series_missing_from_sample | P2_low_evidence_contextual_edge,P0_upgrade_contextual_to_explicit | P1_find_named_series_source | P1_named_series_missing_from_sample | P2_low_evidence_contextual_edge,,Only explicitly named GHG Protocol series citations can be upgraded to strong standard-company-series edges; contextual edges must stay review-only or be demoted.,逐条回到 PDF 页级证据，能显式命名具体 GHG 系列的升级；不能命名的降级或删除。,Return to page-level PDF text. Upgrade only if the concrete GHG Protocol series is explicitly named; otherwise keep review-only or demote the edge.,2024-ECOPETROL-integrated-management-report.pdf,136,"nt Programme (UNEP) for the quality and detail of its methane emissions management and reporting plan for both operated and non-operated assets. Completed third-party verification of the GHG inventory for Scopes 1 and 2 for 2021, 2022, and"
P0,R1_GHG_FINE_SERIES_AND_STANDARD_COMPANY_MAPPING,ghg_protocol_fine_series,r481_arrowelectronics,ARROW ELECTRONICS,艾睿电子,481,8,assets/data/world500/workbench/world500_ghg_contextual_series_review_queue.csv | assets/data/world500/workbench/world500_ghg_p2_low_evidence_contextual_edge_queue.csv,P1_find_named_series_source | P2_low_evidence_contextual_edge,P1_find_named_series_source | P2_low_evidence_contextual_edge,,Only explicitly named GHG Protocol series citations can be upgraded to strong standard-company-series edges; contextual edges must stay review-only or be demoted.,逐条回到 PDF 页级证据，能显式命名具体 GHG 系列的升级；不能命名的降级或删除。,Return to page-level PDF text. Upgrade only if the concrete GHG Protocol series is explicitly named; otherwise keep review-only or demote the edge.,2024-ARROW ELECTRONICS-Corporate-Stewardship-and-Impact-Report-1.pdf,83,Structured standard tag: GHG Protocol; Standard role: Accounting standard Climate and energy metrics methodology All emissions categories are calculated in accordance with the Greenhouse Gas Protocol. Important note: Building energy usage and Scope 1 and 2 emissions for reporting years 2022 and 2023 were rebaseli 2024-ARROW ELECTRONICS-Corporate-Stewardship…
P0,R1_GHG_FINE_SERIES_AND_STANDARD_COMPANY_MAPPING,ghg_protocol_fine_series,r482_jerónimomartins公司,Jerónimo Martins,Jerónimo Martins,482,8,assets/data/world500/workbench/world500_ghg_contextual_series_review_queue.csv | assets/data/world500/workbench/world500_ghg_p1_named_series_missing_queue.csv | assets/data/world500/workbench/world500_ghg_p2_low_evidence_contextual_edge_queue.csv,P0_upgrade_contextual_to_explicit | P1_find_named_series_source | P1_named_series_missing_from_sample | P2_low_evidence_contextual_edge,P0_upgrade_contextual_to_explicit | P1_find_named_series_source | P1_named_series_missing_from_sample | P2_low_evidence_contextual_edge,,Only explicitly named GHG Protocol series citations can be upgraded to strong standard-company-series edges; contextual edges must stay review-only or be demoted.,逐条回到 PDF 页级证据，能显式命名具体 GHG 系列的升级；不能命名的降级或删除。,Return to page-level PDF text. Upgrade only if the concrete GHG Protocol series is explicitly named; otherwise keep review-only or demote the edge.,Jerónimo Martins公司-nfr-corporate-responsibility-jeronimomartins-ar24.pdf,32,"ption (location-based) 747,918 755,226 -1.0% Heating (location-based) 19,311 *22,956 -15.9% Biogenic CO2 emissions from biomass combustion or biodegradation 0 0 - Net revenue (million euros) 33,464 30,608 +9.3% * Values corrected to improve"
P0,R1_GHG_FINE_SERIES_AND_STANDARD_COMPANY_MAPPING,ghg_protocol_fine_series,r485_centrica,CENTRICA,英国森特理克集团,485,8,assets/data/world500/workbench/world500_ghg_contextual_series_review_queue.csv | assets/data/world500/workbench/world500_ghg_p1_named_series_missing_queue.csv | assets/data/world500/workbench/world500_ghg_p2_low_evidence_contextual_edge_queue.csv,P0_upgrade_contextual_to_explicit | P1_find_named_series_source | P1_named_series_missing_from_sample | P2_low_evidence_contextual_edge,P0_upgrade_contextual_to_explicit | P1_find_named_series_source | P1_named_series_missing_from_sample | P2_low_evidence_contextual_edge,,Only explicitly named GHG Protocol series citations can be upgraded to strong standard-company-series edges; contextual edges must stay review-only or be demoted.,逐条回到 PDF 页级证据，能显式命名具体 GHG 系列的升级；不能命名的降级或删除。,Return to page-level PDF text. Upgrade only if the concrete GHG Protocol series is explicitly named; otherwise keep review-only or demote the edge.,CENTRICA people-planet-report-2024.pdf,42,rit Energy assets in the UK and Netherlands. Non-operated nuclear emissions are excluded. † Included in DNV’s independent limited assurance report. See page 38 or centrica.com/assurance for more. (i) Comprises Scope 1 and Scope 2 emission
P0,R1_GHG_FINE_SERIES_AND_STANDARD_COMPANY_MAPPING,ghg_protocol_fine_series,r153_eneosholdings,ENEOS HOLDINGS,引能仕控股株式会社,153,7,assets/data/world500/workbench/world500_ghg_contextual_series_review_queue.csv | assets/data/world500/workbench/world500_ghg_p1_named_series_missing_queue.csv | assets/data/world500/workbench/world500_ghg_p2_low_evidence_contextual_edge_queue.csv | assets/data/world500/workbench/world500_ghg_out_of_whitelist_series_review_queue.csv,P0_upgrade_contextual_to_explicit | P1_find_named_series_source | P1_named_series_missing_from_sample | P2_low_evidence_contextual_edge | P0_isolate_out_of_whitelist_ghg_reference,P0_upgrade_contextual_to_explicit | P1_find_named_series_source | P1_named_series_missing_from_sample | P2_low_evidence_contextual_edge | P0_isolate_out_of_whitelist_ghg_reference,,Only explicitly named GHG Protocol series citations can be upgraded to strong standard-company-series edges; contextual edges must stay review-only or be demoted.,逐条回到 PDF 页级证据，能显式命名具体 GHG 系列的升级；不能命名的降级或删除。,Return to page-level PDF text. Upgrade only if the concrete GHG Protocol series is explicitly named; otherwise keep review-only or demote the edge.,eneos_en_2023_f.pdf,27,"e calculated based on the latest petroleum product sales volumes. Since fiscal 2023, we have been reviewing the transportation and distribution calculation category. The Group’s GHG emissions (Scope 1 and 2) are calculated using the control"
P0,R1_GHG_FINE_SERIES_AND_STANDARD_COMPANY_MAPPING,ghg_protocol_fine_series,r493_vibraenergia公司,Vibra Energia,Vibra Energia,493,7,assets/data/world500/workbench/world500_ghg_contextual_series_review_queue.csv | assets/data/world500/workbench/world500_ghg_p2_low_evidence_contextual_edge_queue.csv | assets/data/world500/workbench/world500_ghg_out_of_whitelist_series_review_queue.csv,P1_find_named_series_source | P2_low_evidence_contextual_edge | P0_isolate_out_of_whitelist_ghg_reference,P1_find_named_series_source | P2_low_evidence_contextual_edge | P0_isolate_out_of_whitelist_ghg_reference,,Only explicitly named GHG Protocol series citations can be upgraded to strong standard-company-series edges; contextual edges must stay review-only or be demoted.,逐条回到 PDF 页级证据，能显式命名具体 GHG 系列的升级；不能命名的降级或删除。,Return to page-level PDF text. Upgrade only if the concrete GHG Protocol series is explicitly named; otherwise keep review-only or demote the edge.,Relatório Integrado_Vibra_2024_PTBR.pdf,104,"tação, adotando uma abordagem robusta e estratégica para enfrentar os desafios climáticos. Transparência Priorizamos a transparência em nossas ações relacionadas às mudanças climáticas. Nossa participação no Registro Público de Emissões do"
P0,R1_GHG_FINE_SERIES_AND_STANDARD_COMPANY_MAPPING,ghg_protocol_fine_series,r016_mckesson,MCKESSON,麦克森公司,16,6,assets/data/world500/workbench/world500_ghg_contextual_series_review_queue.csv | assets/data/world500/workbench/world500_ghg_p2_low_evidence_contextual_edge_queue.csv,P1_find_named_series_source | P2_low_evidence_contextual_edge,P1_find_named_series_source | P2_low_evidence_contextual_edge,,Only explicitly named GHG Protocol series citations can be upgraded to strong standard-company-series edges; contextual edges must stay review-only or be demoted.,逐条回到 PDF 页级证据，能显式命名具体 GHG 系列的升级；不能命名的降级或删除。,Return to page-level PDF text. Upgrade only if the concrete GHG Protocol series is explicitly named; otherwise keep review-only or demote the edge.,McKesson Impact Report 2024.pdf,44,"Structured standard tag: GHG Protocol; Standard role: Accounting standard tion. See our Basis of Reporting — Greenhouse Gas (GHG) Emissions in ESG Markers section for more details about our GHG inventory and associated methodology. Actual numbers will fluctuate as we re-baseline, adjusting for divestitures and ac McKesson Impact Report 2024.pdf Our purpose …"
P0,R1_GHG_FINE_SERIES_AND_STANDARD_COMPANY_MAPPING,ghg_protocol_fine_series,r030_chinaconstructionbank,CHINA CONSTRUCTION BANK,中国建设银行股份有限公司,30,6,assets/data/world500/workbench/world500_ghg_contextual_series_review_queue.csv | assets/data/world500/workbench/world500_ghg_p2_low_evidence_contextual_edge_queue.csv,P1_find_named_series_source | P2_low_evidence_contextual_edge,P1_find_named_series_source | P2_low_evidence_contextual_edge,,Only explicitly named GHG Protocol series citations can be upgraded to strong standard-company-series edges; contextual edges must stay review-only or be demoted.,逐条回到 PDF 页级证据，能显式命名具体 GHG 系列的升级；不能命名的降级或删除。,Return to page-level PDF text. Upgrade only if the concrete GHG Protocol series is explicitly named; otherwise keep review-only or demote the edge.,CCB_2024_Sustainability_Report.pdf,54,"Structured standard tag: GHG Protocol; Standard role: Accounting standard rdance with the accounting method, activity level data, emission factor requirements, etc. of ISO14064-1 Greenhouse Gases-Part 1: Specification and Guidance at the Organization Level for Quantification and Reporting of Greenhouse Gas Emissi CCB_2024_Sustainability_Report.pdf China Con…"
P0,R1_GHG_FINE_SERIES_AND_STANDARD_COMPANY_MAPPING,ghg_protocol_fine_series,r046_centene公司,Centene,Centene,46,6,assets/data/world500/workbench/world500_ghg_contextual_series_review_queue.csv | assets/data/world500/workbench/world500_ghg_p1_named_series_missing_queue.csv | assets/data/world500/workbench/world500_ghg_p2_low_evidence_contextual_edge_queue.csv,P0_upgrade_contextual_to_explicit | P1_find_named_series_source | P1_named_series_missing_from_sample | P2_low_evidence_contextual_edge,P0_upgrade_contextual_to_explicit | P1_find_named_series_source | P1_named_series_missing_from_sample | P2_low_evidence_contextual_edge,,Only explicitly named GHG Protocol series citations can be upgraded to strong standard-company-series edges; contextual edges must stay review-only or be demoted.,逐条回到 PDF 页级证据，能显式命名具体 GHG 系列的升级；不能命名的降级或删除。,Return to page-level PDF text. Upgrade only if the concrete GHG Protocol series is explicitly named; otherwise keep review-only or demote the edge.,Centene-Corporate-Responsibility-2024.pdf,51,"ange in the context of our business is accounting for our own greenhouse gas (GHG) emissions to measure the impact we have on the environment. For the past several years, we have calculated our scope 1, scope 2 and scope 3 GHG emissions in"
P0,R1_GHG_FINE_SERIES_AND_STANDARD_COMPANY_MAPPING,ghg_protocol_fine_series,r050_marathonpetroleum,MARATHON PETROLEUM,马拉松原油公司,50,6,assets/data/world500/workbench/world500_ghg_contextual_series_review_queue.csv | assets/data/world500/workbench/world500_ghg_p2_low_evidence_contextual_edge_queue.csv,P1_find_named_series_source | P2_low_evidence_contextual_edge,P1_find_named_series_source | P2_low_evidence_contextual_edge,,Only explicitly named GHG Protocol series citations can be upgraded to strong standard-company-series edges; contextual edges must stay review-only or be demoted.,逐条回到 PDF 页级证据，能显式命名具体 GHG 系列的升级；不能命名的降级或删除。,Return to page-level PDF text. Upgrade only if the concrete GHG Protocol series is explicitly named; otherwise keep review-only or demote the edge.,2024_SustainabilityReport-MARATHON PETROLEUM.pdf,56,"Structured standard tag: GHG Protocol; Standard role: Accounting standard perational control. (7) Scope 1 direct GHG emissions include those from Refining and MPLX and are generally calculated per the EPA’s Mandatory Greenhouse Gas Reporting Program, the World Resources Institute / World Business Council for Sust 2024_SustainabilityReport-MARATHON PETROLEUM…"
P0,R1_GHG_FINE_SERIES_AND_STANDARD_COMPANY_MAPPING,ghg_protocol_fine_series,r053_pinganinsurance,PING AN INSURANCE,中国平安保险（集团）股份有限公司,53,6,assets/data/world500/workbench/world500_ghg_contextual_series_review_queue.csv | assets/data/world500/workbench/world500_ghg_p1_named_series_missing_queue.csv,P0_upgrade_contextual_to_explicit | P1_named_series_missing_from_sample,P0_upgrade_contextual_to_explicit | P1_named_series_missing_from_sample,,Only explicitly named GHG Protocol series citations can be upgraded to strong standard-company-series edges; contextual edges must stay review-only or be demoted.,逐条回到 PDF 页级证据，能显式命名具体 GHG 系列的升级；不能命名的降级或删除。,Return to page-level PDF text. Upgrade only if the concrete GHG Protocol series is explicitly named; otherwise keep review-only or demote the edge.,2024中国平安可持续报告.pdf,171,"张使用和差旅温室气体排放 ( 吨二和氧化碳当量 ) 68,941 68,921 37,434 范围一、二、三温室气体排放总量 ( 吨二氧化碳当量 ) 439,291 478,606 492,710 人均温室气体排放量 ( 吨二氧化碳当量/人) 1.56 1.51 1.43 天1. 本集团环境数据的边界范围为集团主要成员公司范围，不包括自营物业。集团主要成员公司范围指本集团总部以及寿险及健康险、财产保险、银行、资产管理等主要业务经营范围内的子公司、联营及合营公司。组织边界确定及"
P0,R1_GHG_FINE_SERIES_AND_STANDARD_COMPANY_MAPPING,ghg_protocol_fine_series,r057_hondamotor,HONDA MOTOR,本田汽车,57,6,assets/data/world500/workbench/world500_ghg_contextual_series_review_queue.csv | assets/data/world500/workbench/world500_ghg_p1_named_series_missing_queue.csv | assets/data/world500/workbench/world500_ghg_p2_low_evidence_contextual_edge_queue.csv,P0_upgrade_contextual_to_explicit | P1_find_named_series_source | P1_named_series_missing_from_sample | P2_low_evidence_contextual_edge,P0_upgrade_contextual_to_explicit | P1_find_named_series_source | P1_named_series_missing_from_sample | P2_low_evidence_contextual_edge,,Only explicitly named GHG Protocol series citations can be upgraded to strong standard-company-series edges; contextual edges must stay review-only or be demoted.,逐条回到 PDF 页级证据，能显式命名具体 GHG 系列的升级；不能命名的降级或删除。,Return to page-level PDF text. Upgrade only if the concrete GHG Protocol series is explicitly named; otherwise keep review-only or demote the edge.,honda-SR-2025-en-all.pdf,24,"ɾɾɾɾɾɾ 58 Climate Change Honda, as a comprehensive mobility company, believes it is essential to actively promote GHG emissions reduction efforts by calculating and disclosing GHG emissions from its global business activities. To achieve th"
P0,R1_GHG_FINE_SERIES_AND_STANDARD_COMPANY_MAPPING,ghg_protocol_fine_series,r077_deutschetelekom,DEUTSCHE TELEKOM,德国电信,77,6,assets/data/world500/workbench/world500_ghg_contextual_series_review_queue.csv | assets/data/world500/workbench/world500_ghg_p1_named_series_missing_queue.csv | assets/data/world500/workbench/world500_ghg_p2_low_evidence_contextual_edge_queue.csv,P0_upgrade_contextual_to_explicit | P1_find_named_series_source | P1_named_series_missing_from_sample | P2_low_evidence_contextual_edge,P0_upgrade_contextual_to_explicit | P1_find_named_series_source | P1_named_series_missing_from_sample | P2_low_evidence_contextual_edge,,Only explicitly named GHG Protocol series citations can be upgraded to strong standard-company-series edges; contextual edges must stay review-only or be demoted.,逐条回到 PDF 页级证据，能显式命名具体 GHG 系列的升级；不能命名的降级或删除。,Return to page-level PDF text. Upgrade only if the concrete GHG Protocol series is explicitly named; otherwise keep review-only or demote the edge.,DEUTSCHE TELEKOM-cr_en_2022_dt_final.pdf,25,r pollution. We have awarded this solution the #GreenMagenta label. Impact measurement: Our sustainability platform promotes awareness of mobility-related emissions Direct and indirect emissions from companies’ own or purchased resources (S
P0,R1_GHG_FINE_SERIES_AND_STANDARD_COMPANY_MAPPING,ghg_protocol_fine_series,r090_target,TARGET,塔吉特公司,90,6,assets/data/world500/workbench/world500_ghg_contextual_series_review_queue.csv | assets/data/world500/workbench/world500_ghg_p1_named_series_missing_queue.csv | assets/data/world500/workbench/world500_ghg_p2_low_evidence_contextual_edge_queue.csv,P0_upgrade_contextual_to_explicit | P1_find_named_series_source | P1_named_series_missing_from_sample | P2_low_evidence_contextual_edge,P0_upgrade_contextual_to_explicit | P1_find_named_series_source | P1_named_series_missing_from_sample | P2_low_evidence_contextual_edge,,Only explicitly named GHG Protocol series citations can be upgraded to strong standard-company-series edges; contextual edges must stay review-only or be demoted.,逐条回到 PDF 页级证据，能显式命名具体 GHG 系列的升级；不能命名的降级或删除。,Return to page-level PDF text. Upgrade only if the concrete GHG Protocol series is explicitly named; otherwise keep review-only or demote the edge.,TARGET-2024-Sustainability-and-Governance-Report-Appendix.pdf,6,Upstream/Downstream Transport (Fulfillment only) GHG emissions from 2017 baseline 6 -3.9% 5 10.1% 24.9% Target goal (2030: -32.5%) Change in retail PG&S GHG emissions from 2017 baseline 14% 19% 7 22% Quantity of gross other indirect (scope
P0,R1_GHG_FINE_SERIES_AND_STANDARD_COMPANY_MAPPING,ghg_protocol_fine_series,r096_nestlé,NESTLÉ,雀巢公司,96,6,assets/data/world500/workbench/world500_ghg_contextual_series_review_queue.csv | assets/data/world500/workbench/world500_ghg_p1_named_series_missing_queue.csv | assets/data/world500/workbench/world500_ghg_p2_low_evidence_contextual_edge_queue.csv,P0_upgrade_contextual_to_explicit | P1_find_named_series_source | P1_named_series_missing_from_sample | P2_low_evidence_contextual_edge,P0_upgrade_contextual_to_explicit | P1_find_named_series_source | P1_named_series_missing_from_sample | P2_low_evidence_contextual_edge,,Only explicitly named GHG Protocol series citations can be upgraded to strong standard-company-series edges; contextual edges must stay review-only or be demoted.,逐条回到 PDF 页级证据，能显式命名具体 GHG 系列的升级；不能命名的降级或删除。,Return to page-level PDF text. Upgrade only if the concrete GHG Protocol series is explicitly named; otherwise keep review-only or demote the edge.,NESTLÉ-non-financial-statement-2024.pdf,21,"ual GHG emissions for Scopes 1, 2 and 3 are tracked through an internal GHG accounting system (Greenhouse Gas Performance System (GPS)). GPS was developed internally for GHG accounting and reporting and the methodology governing the system"
P0,R1_GHG_FINE_SERIES_AND_STANDARD_COMPANY_MAPPING,ghg_protocol_fine_series,r122_carrefour,CARREFOUR,家乐福,122,6,assets/data/world500/workbench/world500_ghg_contextual_series_review_queue.csv | assets/data/world500/workbench/world500_ghg_p1_named_series_missing_queue.csv | assets/data/world500/workbench/world500_ghg_p2_low_evidence_contextual_edge_queue.csv,P0_upgrade_contextual_to_explicit | P1_find_named_series_source | P1_named_series_missing_from_sample | P2_low_evidence_contextual_edge,P0_upgrade_contextual_to_explicit | P1_find_named_series_source | P1_named_series_missing_from_sample | P2_low_evidence_contextual_edge,,Only explicitly named GHG Protocol series citations can be upgraded to strong standard-company-series edges; contextual edges must stay review-only or be demoted.,逐条回到 PDF 页级证据，能显式命名具体 GHG 系列的升级；不能命名的降级或删除。,Return to page-level PDF text. Upgrade only if the concrete GHG Protocol series is explicitly named; otherwise keep review-only or demote the edge.,Carrefour_2024_Universal_Registration_Document.pdf,93,"ational Agreement on Plastic Packaging Reducing Scope 3 greenhouse gas emissions Adapting products and supply chains to climate change Scientific experts and consultants Definition of industry‑level/ national strategies Partnerships EY, ICa"
P0,R1_GHG_FINE_SERIES_AND_STANDARD_COMPANY_MAPPING,ghg_protocol_fine_series,r131_waltdisney,WALT DISNEY,华特迪士尼公司,131,6,assets/data/world500/workbench/world500_ghg_contextual_series_review_queue.csv | assets/data/world500/workbench/world500_ghg_p2_low_evidence_contextual_edge_queue.csv,P1_find_named_series_source | P2_low_evidence_contextual_edge,P1_find_named_series_source | P2_low_evidence_contextual_edge,,Only explicitly named GHG Protocol series citations can be upgraded to strong standard-company-series edges; contextual edges must stay review-only or be demoted.,逐条回到 PDF 页级证据，能显式命名具体 GHG 系列的升级；不能命名的降级或删除。,Return to page-level PDF text. Upgrade only if the concrete GHG Protocol series is explicitly named; otherwise keep review-only or demote the edge.,华特迪士尼公司-2024-SSI-Report.pdf,23,"Structured standard tag: GHG Protocol; Standard role: Accounting standard ssions Water Waste Materials Sustainable Design Nature Data & Frameworks 23 We follow global frameworks to measure Scope 1, 2, & 3 GHG emissions: Learn more: 2030 Water Goals • Implement localized watershed stewardship strategies • Source s 华特迪士尼公司-2024-SSI-Report.pdf Our Science-Base…"
P0,R1_GHG_FINE_SERIES_AND_STANDARD_COMPANY_MAPPING,ghg_protocol_fine_series,r145_siemens,SIEMENS,西门子,145,6,assets/data/world500/workbench/world500_ghg_contextual_series_review_queue.csv | assets/data/world500/workbench/world500_ghg_p1_named_series_missing_queue.csv | assets/data/world500/workbench/world500_ghg_p2_low_evidence_contextual_edge_queue.csv,P0_upgrade_contextual_to_explicit | P1_find_named_series_source | P1_named_series_missing_from_sample | P2_low_evidence_contextual_edge,P0_upgrade_contextual_to_explicit | P1_find_named_series_source | P1_named_series_missing_from_sample | P2_low_evidence_contextual_edge,,Only explicitly named GHG Protocol series citations can be upgraded to strong standard-company-series edges; contextual edges must stay review-only or be demoted.,逐条回到 PDF 页级证据，能显式命名具体 GHG 系列的升级；不能命名的降级或删除。,Return to page-level PDF text. Upgrade only if the concrete GHG Protocol series is explicitly named; otherwise keep review-only or demote the edge.,SIEMENS ENERGY-sustainability-report-2024-pdf_Original%20file.pdf,29,"s planning until 2030 were evaluated for the base case scenario. We also evaluated and decided on emission reduction levers (for more information, see chapter  Strategic focus) Our Scope 3 emissions from the use of sold products have been"
P0,R1_GHG_FINE_SERIES_AND_STANDARD_COMPANY_MAPPING,ghg_protocol_fine_series,r185_zhejianggeelyholdinggroup,ZHEJIANG GEELY HOLDING GROUP,浙江吉利控股集团有限公司,185,6,assets/data/world500/workbench/world500_ghg_contextual_series_review_queue.csv | assets/data/world500/workbench/world500_ghg_p1_named_series_missing_queue.csv,P0_upgrade_contextual_to_explicit | P1_named_series_missing_from_sample,P0_upgrade_contextual_to_explicit | P1_named_series_missing_from_sample,,Only explicitly named GHG Protocol series citations can be upgraded to strong standard-company-series edges; contextual edges must stay review-only or be demoted.,逐条回到 PDF 页级证据，能显式命名具体 GHG 系列的升级；不能命名的降级或删除。,Return to page-level PDF text. Upgrade only if the concrete GHG Protocol series is explicitly named; otherwise keep review-only or demote the edge.,Geely-Holding-Group-Sustainability-Report-2024-ZH.pdf,39,市运营中心（北京、深圳、 杭州、苏州、南京、成都、重庆、福州、汕头、郑州） - 路特斯科技：包括办公、直营门店、测试车队、充电场站、 莲花汽车全球智能工厂等 - 沃尔沃汽车：覆盖沃尔沃汽车公司及其子公司的制造业务与 非制造业务 -LEVC：包含翼真品牌事业部（支持服务部门、营销中心）与 翼真义乌工厂 - 雷达汽车：包含雷达新能源汽车（浙江）有限公司与山东吉 利新能源商用车有限公司 温室气体排放量的计算参照世界资源所（WRI）和世界可持续 发展工商理事会（WBCSD）发布的《温
P0,R1_GHG_FINE_SERIES_AND_STANDARD_COMPANY_MAPPING,ghg_protocol_fine_series,r222_nvidia,NVIDIA,英伟达公司,222,6,assets/data/world500/workbench/world500_ghg_contextual_series_review_queue.csv | assets/data/world500/workbench/world500_ghg_p1_named_series_missing_queue.csv | assets/data/world500/workbench/world500_ghg_p2_low_evidence_contextual_edge_queue.csv,P0_upgrade_contextual_to_explicit | P1_find_named_series_source | P1_named_series_missing_from_sample | P2_low_evidence_contextual_edge,P0_upgrade_contextual_to_explicit | P1_find_named_series_source | P1_named_series_missing_from_sample | P2_low_evidence_contextual_edge,,Only explicitly named GHG Protocol series citations can be upgraded to strong standard-company-series edges; contextual edges must stay review-only or be demoted.,逐条回到 PDF 页级证据，能显式命名具体 GHG 系列的升级；不能命名的降级或删除。,Return to page-level PDF text. Upgrade only if the concrete GHG Protocol series is explicitly named; otherwise keep review-only or demote the edge.,NVIDIA-Sustainability-Report-Fiscal-Year-2025.pdf,12,"age the greenhouse gas (GHG) emissions footprint of our data centers, labs, and offices, we strategically focus on locating new sites, selecting facilities to expand, managing our operations efficiently, and sourcing renewable energy. Manag"
P0,R1_GHG_FINE_SERIES_AND_STANDARD_COMPANY_MAPPING,ghg_protocol_fine_series,r231_anheuserbuschinbev,ANHEUSER-BUSCH INBEV,百威英博,231,6,assets/data/world500/workbench/world500_ghg_contextual_series_review_queue.csv | assets/data/world500/workbench/world500_ghg_p2_low_evidence_contextual_edge_queue.csv,P1_find_named_series_source | P2_low_evidence_contextual_edge,P1_find_named_series_source | P2_low_evidence_contextual_edge,,Only explicitly named GHG Protocol series citations can be upgraded to strong standard-company-series edges; contextual edges must stay review-only or be demoted.,逐条回到 PDF 页级证据，能显式命名具体 GHG 系列的升级；不能命名的降级或删除。,Return to page-level PDF text. Upgrade only if the concrete GHG Protocol series is explicitly named; otherwise keep review-only or demote the edge.,20224-ANHEUSER-BUSCH INBEV-sustainability-report,38,Structured standard tag: GHG Protocol; Standard role: Accounting standard t by current climate science. Our approach considers: • Science Based Targets Initiative (SBTi) For setting and validating our climate goals and ambitions; • Recommendations from the TCFD For disclosing our risks and opportunities related 20224-ANHEUSER-BUSCH INBEV-sustainability-re…
P0,R1_GHG_FINE_SERIES_AND_STANDARD_COMPANY_MAPPING,ghg_protocol_fine_series,r235_conocophillips,CONOCOPHILLIPS,康菲石油公司,235,6,assets/data/world500/workbench/world500_ghg_contextual_series_review_queue.csv | assets/data/world500/workbench/world500_ghg_p1_named_series_missing_queue.csv | assets/data/world500/workbench/world500_ghg_p2_low_evidence_contextual_edge_queue.csv,P0_upgrade_contextual_to_explicit | P1_find_named_series_source | P1_named_series_missing_from_sample | P2_low_evidence_contextual_edge,P0_upgrade_contextual_to_explicit | P1_find_named_series_source | P1_named_series_missing_from_sample | P2_low_evidence_contextual_edge,,Only explicitly named GHG Protocol series citations can be upgraded to strong standard-company-series edges; contextual edges must stay review-only or be demoted.,逐条回到 PDF 页级证据，能显式命名具体 GHG 系列的升级；不能命名的降级或删除。,Return to page-level PDF text. Upgrade only if the concrete GHG Protocol series is explicitly named; otherwise keep review-only or demote the edge.,2024-sustainability-report CONOCOPHILLIPS.pdf,23,ive portfolio without also having to repeatedly reset targets. ConocoPhillips Sustainability Report 2024 Managing climate-related risks 21 3 In support of our company reporting practices that are based on the data principles from the World
P0,R1_GHG_FINE_SERIES_AND_STANDARD_COMPANY_MAPPING,ghg_protocol_fine_series,r237_deltaairlines,DELTA AIR LINES,达美航空,237,6,assets/data/world500/workbench/world500_ghg_contextual_series_review_queue.csv | assets/data/world500/workbench/world500_ghg_p1_named_series_missing_queue.csv | assets/data/world500/workbench/world500_ghg_p2_low_evidence_contextual_edge_queue.csv,P0_upgrade_contextual_to_explicit | P1_find_named_series_source | P1_named_series_missing_from_sample | P2_low_evidence_contextual_edge,P0_upgrade_contextual_to_explicit | P1_find_named_series_source | P1_named_series_missing_from_sample | P2_low_evidence_contextual_edge,,Only explicitly named GHG Protocol series citations can be upgraded to strong standard-company-series edges; contextual edges must stay review-only or be demoted.,逐条回到 PDF 页级证据，能显式命名具体 GHG 系列的升级；不能命名的降级或删除。,Return to page-level PDF text. Upgrade only if the concrete GHG Protocol series is explicitly named; otherwise keep review-only or demote the edge.,delta-difference-2024-report.pdf,8,"ner Refinery and related pipelines and terminal assets that supply jet fuel to our airline operations in the Northeastern United States. Monroe is operated separately, and, as such, information about Monroe is not reflected in this report."
P0,R1_GHG_FINE_SERIES_AND_STANDARD_COMPANY_MAPPING,ghg_protocol_fine_series,r273_iberdrola公司,Iberdrola,Iberdrola,273,6,assets/data/world500/workbench/world500_ghg_contextual_series_review_queue.csv | assets/data/world500/workbench/world500_ghg_p1_named_series_missing_queue.csv | assets/data/world500/workbench/world500_ghg_p2_low_evidence_contextual_edge_queue.csv,P0_upgrade_contextual_to_explicit | P1_find_named_series_source | P1_named_series_missing_from_sample | P2_low_evidence_contextual_edge,P0_upgrade_contextual_to_explicit | P1_find_named_series_source | P1_named_series_missing_from_sample | P2_low_evidence_contextual_edge,,Only explicitly named GHG Protocol series citations can be upgraded to strong standard-company-series edges; contextual edges must stay review-only or be demoted.,逐条回到 PDF 页级证据，能显式命名具体 GHG 系列的升级；不能命名的降级或删除。,Return to page-level PDF text. Upgrade only if the concrete GHG Protocol series is explicitly named; otherwise keep review-only or demote the edge.,gsm25-IBERDROLA-sustainability-report-2024.pdf,111,"2 indirect GHG emissions are those from electricity, heat or steam consumed by the organisation and supplied by third parties. Other indirect emissions associated with electricity generation are also included in this section. They correspon"
P0,R1_GHG_FINE_SERIES_AND_STANDARD_COMPANY_MAPPING,ghg_protocol_fine_series,r286_bayer,BAYER,拜耳集团,286,6,assets/data/world500/workbench/world500_ghg_contextual_series_review_queue.csv | assets/data/world500/workbench/world500_ghg_p2_low_evidence_contextual_edge_queue.csv,P1_find_named_series_source | P2_low_evidence_contextual_edge,P1_find_named_series_source | P2_low_evidence_contextual_edge,,Only explicitly named GHG Protocol series citations can be upgraded to strong standard-company-series edges; contextual edges must stay review-only or be demoted.,逐条回到 PDF 页级证据，能显式命名具体 GHG 系列的升级；不能命名的降级或删除。,Return to page-level PDF text. Upgrade only if the concrete GHG Protocol series is explicitly named; otherwise keep review-only or demote the edge.,bayer-impact-report-2024.pdf,4,"Structured standard tag: GHG Protocol; Standard role: Accounting standard d ISO 26000 as a guide when defining and selecting nonfinancial indicators and in our reporting. In measuring the key data we are publishing, we apply the European Sustainability Reporting Standards (ESRS) and also take into account the rec bayer-impact-report-2024.pdf Editorial Bayer…"
P0,R1_GHG_FINE_SERIES_AND_STANDARD_COMPANY_MAPPING,ghg_protocol_fine_series,r289_maerskgroup,MAERSK GROUP,马士基集团,289,6,assets/data/world500/workbench/world500_ghg_contextual_series_review_queue.csv | assets/data/world500/workbench/world500_ghg_p2_low_evidence_contextual_edge_queue.csv,P1_find_named_series_source | P2_low_evidence_contextual_edge,P1_find_named_series_source | P2_low_evidence_contextual_edge,,Only explicitly named GHG Protocol series citations can be upgraded to strong standard-company-series edges; contextual edges must stay review-only or be demoted.,逐条回到 PDF 页级证据，能显式命名具体 GHG 系列的升级；不能命名的降级或删除。,Return to page-level PDF text. Upgrade only if the concrete GHG Protocol series is explicitly named; otherwise keep review-only or demote the edge.,Maersk Annual Report 2024.pdf,89,"ered vessels, and from vessel-sharing agreements and supply chain partners. ACCOUNTING POLICIES Scope and consolidation The consolidation of greenhouse gas (GHG) emissions data is based on the financial consolidation approach and stated in"
P0,R1_GHG_FINE_SERIES_AND_STANDARD_COMPANY_MAPPING,ghg_protocol_fine_series,r310_vodafonegroup,VODAFONE GROUP,沃达丰集团,310,6,assets/data/world500/workbench/world500_ghg_contextual_series_review_queue.csv | assets/data/world500/workbench/world500_ghg_p2_low_evidence_contextual_edge_queue.csv,P1_find_named_series_source | P2_low_evidence_contextual_edge,P1_find_named_series_source | P2_low_evidence_contextual_edge,,Only explicitly named GHG Protocol series citations can be upgraded to strong standard-company-series edges; contextual edges must stay review-only or be demoted.,逐条回到 PDF 页级证据，能显式命名具体 GHG 系列的升级；不能命名的降级或删除。,Return to page-level PDF text. Upgrade only if the concrete GHG Protocol series is explicitly named; otherwise keep review-only or demote the edge.,Vodafone 2025 Annual Report.pdf,38,"ontinuing operations Gigawatt hours 5,453 5,271 Notes: 1. Data is calculated using local market actual or estimated data sources from invoices, purchasing requisitions, direct data measurement and estimations. Carbon emissions are calculat"
P0,R1_GHG_FINE_SERIES_AND_STANDARD_COMPANY_MAPPING,ghg_protocol_fine_series,r319_worldkinect公司,World Kinect,World Kinect,319,6,assets/data/world500/workbench/world500_ghg_contextual_series_review_queue.csv | assets/data/world500/workbench/world500_ghg_p1_named_series_missing_queue.csv | assets/data/world500/workbench/world500_ghg_p2_low_evidence_contextual_edge_queue.csv,P0_upgrade_contextual_to_explicit | P1_find_named_series_source | P1_named_series_missing_from_sample | P2_low_evidence_contextual_edge,P0_upgrade_contextual_to_explicit | P1_find_named_series_source | P1_named_series_missing_from_sample | P2_low_evidence_contextual_edge,,Only explicitly named GHG Protocol series citations can be upgraded to strong standard-company-series edges; contextual edges must stay review-only or be demoted.,逐条回到 PDF 页级证据，能显式命名具体 GHG 系列的升级；不能命名的降级或删除。,Return to page-level PDF text. Upgrade only if the concrete GHG Protocol series is explicitly named; otherwise keep review-only or demote the edge.,WORLD KINECT——Sustainability_Report_Published_2022.pdf,27,sed on our total scope 1 and scope 2 GHG emissions across all of our businesses worldwide and calculated our carbon emissions in accordance with the World Resources Institute and World Business Council for Sustainable Development Greenhouse
P0,R1_GHG_FINE_SERIES_AND_STANDARD_COMPANY_MAPPING,ghg_protocol_fine_series,r327_talanx公司,Talanx,Talanx,327,6,assets/data/world500/workbench/world500_ghg_contextual_series_review_queue.csv | assets/data/world500/workbench/world500_ghg_p2_low_evidence_contextual_edge_queue.csv,P1_find_named_series_source | P2_low_evidence_contextual_edge,P1_find_named_series_source | P2_low_evidence_contextual_edge,,Only explicitly named GHG Protocol series citations can be upgraded to strong standard-company-series edges; contextual edges must stay review-only or be demoted.,逐条回到 PDF 页级证据，能显式命名具体 GHG 系列的升级；不能命名的降级或删除。,Return to page-level PDF text. Upgrade only if the concrete GHG Protocol series is explicitly named; otherwise keep review-only or demote the edge.,Talanx_Nachhaltigkeitsbericht_2023_en.pdf,32,"Group. Scope 1 and Scope 2 greenhouse gas emissions, and Scope 3 emissions from the business travel, fuel- and energy-­related activities, paper and water consumption categories, are measured and reported in line with the reporting threshol"
P0,R1_GHG_FINE_SERIES_AND_STANDARD_COMPANY_MAPPING,ghg_protocol_fine_series,r335_chs公司,CHS,CHS,335,6,assets/data/world500/workbench/world500_ghg_contextual_series_review_queue.csv | assets/data/world500/workbench/world500_ghg_p1_named_series_missing_queue.csv | assets/data/world500/workbench/world500_ghg_p2_low_evidence_contextual_edge_queue.csv,P0_upgrade_contextual_to_explicit | P1_find_named_series_source | P1_named_series_missing_from_sample | P2_low_evidence_contextual_edge,P0_upgrade_contextual_to_explicit | P1_find_named_series_source | P1_named_series_missing_from_sample | P2_low_evidence_contextual_edge,,Only explicitly named GHG Protocol series citations can be upgraded to strong standard-company-series edges; contextual edges must stay review-only or be demoted.,逐条回到 PDF 页级证据，能显式命名具体 GHG 系列的升级；不能命名的降级或删除。,Return to page-level PDF text. Upgrade only if the concrete GHG Protocol series is explicitly named; otherwise keep review-only or demote the edge.,CHS Sustainability Report2024.pdf,13,"ed an independent third-party firm to help complete our Scope 1 and 2 baseline inventory, an important milestone that will help identify and unlock additional opportunities for innovation and efficiency. Scope 1 and Scope 2 emissions were c"
P0,R1_GHG_FINE_SERIES_AND_STANDARD_COMPANY_MAPPING,ghg_protocol_fine_series,r374_lufthansagroup,LUFTHANSA GROUP,汉莎集团,374,6,assets/data/world500/workbench/world500_ghg_contextual_series_review_queue.csv | assets/data/world500/workbench/world500_ghg_p1_named_series_missing_queue.csv | assets/data/world500/workbench/world500_ghg_p2_low_evidence_contextual_edge_queue.csv,P0_upgrade_contextual_to_explicit | P1_find_named_series_source | P1_named_series_missing_from_sample | P2_low_evidence_contextual_edge,P0_upgrade_contextual_to_explicit | P1_find_named_series_source | P1_named_series_missing_from_sample | P2_low_evidence_contextual_edge,,Only explicitly named GHG Protocol series citations can be upgraded to strong standard-company-series edges; contextual edges must stay review-only or be demoted.,逐条回到 PDF 页级证据，能显式命名具体 GHG 系列的升级；不能命名的降级或删除。,Return to page-level PDF text. Upgrade only if the concrete GHG Protocol series is explicitly named; otherwise keep review-only or demote the edge.,LH-AR-2024-e.pdf,148,"transition risk: Credit quality of exposures by sector, emissions and residual maturity Delegated Regulation (EU) 2020/1818, Article 5, Paragraph 1, Article 6 and Article 8, Paragraph 1 ↗ ESRS E1 Climate change – The carbon footprint in ­a"
P0,R1_GHG_FINE_SERIES_AND_STANDARD_COMPANY_MAPPING,ghg_protocol_fine_series,r375_pegatron,PEGATRON,和硕,375,6,assets/data/world500/workbench/world500_ghg_contextual_series_review_queue.csv | assets/data/world500/workbench/world500_ghg_p1_named_series_missing_queue.csv | assets/data/world500/workbench/world500_ghg_p2_low_evidence_contextual_edge_queue.csv,P0_upgrade_contextual_to_explicit | P1_find_named_series_source | P1_named_series_missing_from_sample | P2_low_evidence_contextual_edge,P0_upgrade_contextual_to_explicit | P1_find_named_series_source | P1_named_series_missing_from_sample | P2_low_evidence_contextual_edge,,Only explicitly named GHG Protocol series citations can be upgraded to strong standard-company-series edges; contextual edges must stay review-only or be demoted.,逐条回到 PDF 页级证据，能显式命名具体 GHG 系列的升级；不能命名的降级或删除。,Return to page-level PDF text. Upgrade only if the concrete GHG Protocol series is explicitly named; otherwise keep review-only or demote the edge.,和硕年度报告2023.pdf,35,"35 关於报告书 温室气体盘查 和硕集团之温室 oe Be a is 88 CEO 的话 查像依循GHG Protocol 指引、 FT Az RRRMRERSAENESR 排放像数法进行量化。 量平衡法。全球暖化湾势(GWP) AGRA A SE FR ISO 14064-1242 ALL Re Aa) A BD EF SZ 办法 , 执行，各类温室气体排放量之计算主要探用 若因特殊需求或其它考量, 则揉用其它合理计算方式如直接量浏法或质 比率引用自联合国政府问气候变化专门"
P0,R1_GHG_FINE_SERIES_AND_STANDARD_COMPANY_MAPPING,ghg_protocol_fine_series,r386_inditex公司,Inditex,Inditex,386,6,assets/data/world500/workbench/world500_ghg_contextual_series_review_queue.csv | assets/data/world500/workbench/world500_ghg_p1_named_series_missing_queue.csv | assets/data/world500/workbench/world500_ghg_p2_low_evidence_contextual_edge_queue.csv,P0_upgrade_contextual_to_explicit | P1_find_named_series_source | P1_named_series_missing_from_sample | P2_low_evidence_contextual_edge,P0_upgrade_contextual_to_explicit | P1_find_named_series_source | P1_named_series_missing_from_sample | P2_low_evidence_contextual_edge,,Only explicitly named GHG Protocol series citations can be upgraded to strong standard-company-series edges; contextual edges must stay review-only or be demoted.,逐条回到 PDF 页级证据，能显式命名具体 GHG 系列的升级；不能命名的降级或删除。,Return to page-level PDF text. Upgrade only if the concrete GHG Protocol series is explicitly named; otherwise keep review-only or demote the edge.,INDITEX Sustainability report2024.pdf,62,"sources of GHG emissions, in both our own operations and the value chain, in accordance with the guidelines of the Intergovernmental Panel on Climate Change (IPCC – Guidelines for National Greenhouse Gas Inventories, 2006) and the World Res"
P0,R1_GHG_FINE_SERIES_AND_STANDARD_COMPANY_MAPPING,ghg_protocol_fine_series,r391_西班牙acs集团,ACS Group,西班牙ACS,391,6,assets/data/world500/workbench/world500_ghg_contextual_series_review_queue.csv | assets/data/world500/workbench/world500_ghg_p1_named_series_missing_queue.csv | assets/data/world500/workbench/world500_ghg_p2_low_evidence_contextual_edge_queue.csv,P0_upgrade_contextual_to_explicit | P1_find_named_series_source | P1_named_series_missing_from_sample | P2_low_evidence_contextual_edge,P0_upgrade_contextual_to_explicit | P1_find_named_series_source | P1_named_series_missing_from_sample | P2_low_evidence_contextual_edge,,Only explicitly named GHG Protocol series citations can be upgraded to strong standard-company-series edges; contextual edges must stay review-only or be demoted.,逐条回到 PDF 页级证据，能显式命名具体 GHG 系列的升级；不能命名的降级或删除。,Return to page-level PDF text. Upgrade only if the concrete GHG Protocol series is explicitly named; otherwise keep review-only or demote the edge.,2024_ACS_Sustainability_Report.pdf,75,acement of fossil fuel-based heating/cooling equipment Green energy Generation of renewable energy (own use) Purchase of green energy Levers and measures applicable to reducing scope 3 emissions Lever Name of the measure Scope 3 subcategori
P0,R1_GHG_FINE_SERIES_AND_STANDARD_COMPANY_MAPPING,ghg_protocol_fine_series,r403_ubertechnologies公司,Uber Technologies,Uber Technologies,403,6,assets/data/world500/workbench/world500_ghg_contextual_series_review_queue.csv | assets/data/world500/workbench/world500_ghg_p1_named_series_missing_queue.csv | assets/data/world500/workbench/world500_ghg_p2_low_evidence_contextual_edge_queue.csv,P0_upgrade_contextual_to_explicit | P1_find_named_series_source | P1_named_series_missing_from_sample | P2_low_evidence_contextual_edge,P0_upgrade_contextual_to_explicit | P1_find_named_series_source | P1_named_series_missing_from_sample | P2_low_evidence_contextual_edge,,Only explicitly named GHG Protocol series citations can be upgraded to strong standard-company-series edges; contextual edges must stay review-only or be demoted.,逐条回到 PDF 页级证据，能显式命名具体 GHG 系列的升级；不能命名的降级或删除。,Return to page-level PDF text. Upgrade only if the concrete GHG Protocol series is explicitly named; otherwise keep review-only or demote the edge.,uber-technologies-inc-2023-esg-report.pdf,48,nsplace resulted in a material difference in 2022 Scope 3 Category 11 emissions compared to 2021. This triggered a requirement to recalculate the base year emissions value for this emissions category in accordance with Uber's internal GHG i
P0,R1_GHG_FINE_SERIES_AND_STANDARD_COMPANY_MAPPING,ghg_protocol_fine_series,r421_jardinematheson,JARDINE MATHESON,怡和集团,421,6,assets/data/world500/workbench/world500_ghg_contextual_series_review_queue.csv | assets/data/world500/workbench/world500_ghg_p1_named_series_missing_queue.csv | assets/data/world500/workbench/world500_ghg_p2_low_evidence_contextual_edge_queue.csv,P0_upgrade_contextual_to_explicit | P1_find_named_series_source | P1_named_series_missing_from_sample | P2_low_evidence_contextual_edge,P0_upgrade_contextual_to_explicit | P1_find_named_series_source | P1_named_series_missing_from_sample | P2_low_evidence_contextual_edge,,Only explicitly named GHG Protocol series citations can be upgraded to strong standard-company-series edges; contextual edges must stay review-only or be demoted.,逐条回到 PDF 页级证据，能显式命名具体 GHG 系列的升级；不能命名的降级或删除。,Return to page-level PDF text. Upgrade only if the concrete GHG Protocol series is explicitly named; otherwise keep review-only or demote the edge.,2024_JARDINE MATHESON_sustainability_report.pdf,29,"Jardines Sustainability Report 2024 29 Group performance Our approach to measuring and reporting scope 1 and 2 emissions and energy consumption is outlined in our internal GHG and Energy Measurement Guidelines, which are in line with the GH"
P0,R1_GHG_FINE_SERIES_AND_STANDARD_COMPANY_MAPPING,ghg_protocol_fine_series,r434_drhorton公司,D.R. Horton,D.R. Horton,434,6,assets/data/world500/workbench/world500_ghg_contextual_series_review_queue.csv | assets/data/world500/workbench/world500_ghg_p1_named_series_missing_queue.csv | assets/data/world500/workbench/world500_ghg_p2_low_evidence_contextual_edge_queue.csv,P0_upgrade_contextual_to_explicit | P1_find_named_series_source | P1_named_series_missing_from_sample | P2_low_evidence_contextual_edge,P0_upgrade_contextual_to_explicit | P1_find_named_series_source | P1_named_series_missing_from_sample | P2_low_evidence_contextual_edge,,Only explicitly named GHG Protocol series citations can be upgraded to strong standard-company-series edges; contextual edges must stay review-only or be demoted.,逐条回到 PDF 页级证据，能显式命名具体 GHG 系列的升级；不能命名的降级或删除。,Return to page-level PDF text. Upgrade only if the concrete GHG Protocol series is explicitly named; otherwise keep review-only or demote the edge.,d-r-horton-inc-fy2024-sustainability-report.pdf,76,"G emissions used recognized emission factors from The Climate Registry, Intergovernmental Panel on Climate Change (IPCC) and the United States Environmental Protection Agency (EPA). Our GHG emissions were classified into two categories, in"
P0,R1_GHG_FINE_SERIES_AND_STANDARD_COMPANY_MAPPING,ghg_protocol_fine_series,r440_philipmorrisinternational,PHILIP MORRIS INTERNATIONAL,菲利普－莫里斯国际公司,440,6,assets/data/world500/workbench/world500_ghg_contextual_series_review_queue.csv | assets/data/world500/workbench/world500_ghg_p1_named_series_missing_queue.csv | assets/data/world500/workbench/world500_ghg_p2_low_evidence_contextual_edge_queue.csv,P0_upgrade_contextual_to_explicit | P1_find_named_series_source | P1_named_series_missing_from_sample | P2_low_evidence_contextual_edge,P0_upgrade_contextual_to_explicit | P1_find_named_series_source | P1_named_series_missing_from_sample | P2_low_evidence_contextual_edge,,Only explicitly named GHG Protocol series citations can be upgraded to strong standard-company-series edges; contextual edges must stay review-only or be demoted.,逐条回到 PDF 页级证据，能显式命名具体 GHG 系列的升级；不能命名的降级或删除。,Return to page-level PDF text. Upgrade only if the concrete GHG Protocol series is explicitly named; otherwise keep review-only or demote the edge.,PHILIP MORRIS INTERNATIONAL-integrated-report-2024.pdf,62,"nufacturing emissions intensity than cigarettes. Progress in 2024 122 Philip Morris International Integrated Report 2024 Highlights Challenges Overview of our GHG emission footprint We calculate our GHG emission footprint annually, followin"
P0,R1_GHG_FINE_SERIES_AND_STANDARD_COMPANY_MAPPING,ghg_protocol_fine_series,r441_paccar,PACCAR,帕卡公司,441,6,assets/data/world500/workbench/world500_ghg_contextual_series_review_queue.csv | assets/data/world500/workbench/world500_ghg_p2_low_evidence_contextual_edge_queue.csv,P1_find_named_series_source | P2_low_evidence_contextual_edge,P1_find_named_series_source | P2_low_evidence_contextual_edge,,Only explicitly named GHG Protocol series citations can be upgraded to strong standard-company-series edges; contextual edges must stay review-only or be demoted.,逐条回到 PDF 页级证据，能显式命名具体 GHG 系列的升级；不能命名的降级或删除。,Return to page-level PDF text. Upgrade only if the concrete GHG Protocol series is explicitly named; otherwise keep review-only or demote the edge.,PACCAR-sasb-esg-combined-report-feb_2024.pdf,7,"Structured standard tag: GHG Protocol; Standard role: Accounting standard 7 • Climate related opportunities, potential financial impact, and response strategy Metrics and Targets • Approved science-based targets • Other climate related targets • Net Zero target, in line with the latest climate science • GHG Proto PACCAR-sasb-esg-combined-report-feb_2024.pdf…"
P0,R1_GHG_FINE_SERIES_AND_STANDARD_COMPANY_MAPPING,ghg_protocol_fine_series,r455_elililly,ELI LILLY,美国礼来公司,455,6,assets/data/world500/workbench/world500_ghg_contextual_series_review_queue.csv | assets/data/world500/workbench/world500_ghg_p1_named_series_missing_queue.csv,P0_upgrade_contextual_to_explicit | P1_named_series_missing_from_sample,P0_upgrade_contextual_to_explicit | P1_named_series_missing_from_sample,,Only explicitly named GHG Protocol series citations can be upgraded to strong standard-company-series edges; contextual edges must stay review-only or be demoted.,逐条回到 PDF 页级证据，能显式命名具体 GHG 系列的升级；不能命名的降级或删除。,Return to page-level PDF text. Upgrade only if the concrete GHG Protocol series is explicitly named; otherwise keep review-only or demote the edge.,2024_ELI LILLY-SustainabilityReport-20251020_FINAL.pdf,15,"ily available, affiliates will continue offering fleet vehicles with more efficient fuel economy (e.g., hybrids and plug-in hybrids) and emphasizing sustainable driving and work practices in training programs. Scope 3 Emissions and Supply C"
P0,R1_GHG_FINE_SERIES_AND_STANDARD_COMPANY_MAPPING,ghg_protocol_fine_series,r478_siemensenergy,SIEMENS ENERGY,西门子能源,478,6,assets/data/world500/workbench/world500_ghg_contextual_series_review_queue.csv | assets/data/world500/workbench/world500_ghg_p1_named_series_missing_queue.csv | assets/data/world500/workbench/world500_ghg_p2_low_evidence_contextual_edge_queue.csv,P0_upgrade_contextual_to_explicit | P1_find_named_series_source | P1_named_series_missing_from_sample | P2_low_evidence_contextual_edge,P0_upgrade_contextual_to_explicit | P1_find_named_series_source | P1_named_series_missing_from_sample | P2_low_evidence_contextual_edge,,Only explicitly named GHG Protocol series citations can be upgraded to strong standard-company-series edges; contextual edges must stay review-only or be demoted.,逐条回到 PDF 页级证据，能显式命名具体 GHG 系列的升级；不能命名的降级或删除。,Return to page-level PDF text. Upgrade only if the concrete GHG Protocol series is explicitly named; otherwise keep review-only or demote the edge.,SIEMENS ENERGY-sustainability-report-2024-pdf_Original%20file.pdf,29,"s planning until 2030 were evaluated for the base case scenario. We also evaluated and decided on emission reduction levers (for more information, see chapter  Strategic focus) Our Scope 3 emissions from the use of sold products have been"
P0,R1_GHG_FINE_SERIES_AND_STANDARD_COMPANY_MAPPING,ghg_protocol_fine_series,r479_schlumberger,SCHLUMBERGER,斯伦贝谢公司,479,6,assets/data/world500/workbench/world500_ghg_contextual_series_review_queue.csv | assets/data/world500/workbench/world500_ghg_p2_low_evidence_contextual_edge_queue.csv,P1_find_named_series_source | P2_low_evidence_contextual_edge,P1_find_named_series_source | P2_low_evidence_contextual_edge,,Only explicitly named GHG Protocol series citations can be upgraded to strong standard-company-series edges; contextual edges must stay review-only or be demoted.,逐条回到 PDF 页级证据，能显式命名具体 GHG 系列的升级；不能命名的降级或删除。,Return to page-level PDF text. Upgrade only if the concrete GHG Protocol series is explicitly named; otherwise keep review-only or demote the edge.,SCHLUMBERGER-sustainability-report-2024.pdf,51,"Structured standard tag: GHG Protocol; Standard role: Accounting standard to implement effective GHG emission reduction efforts. We also, annually, commission an external third party to perform attest procedures with respect to certain GHG emissions. Emissions calculations are based on the principles and guidance SCHLUMBERGER-sustainability-report-2024.pdf …"
P0,R1_GHG_FINE_SERIES_AND_STANDARD_COMPANY_MAPPING,ghg_protocol_fine_series,r491_apolloglobalmanagement,APOLLO GLOBAL MANAGEMENT,阿波罗全球管理公司,491,6,assets/data/world500/workbench/world500_ghg_contextual_series_review_queue.csv | assets/data/world500/workbench/world500_ghg_p2_low_evidence_contextual_edge_queue.csv,P1_find_named_series_source | P2_low_evidence_contextual_edge,P1_find_named_series_source | P2_low_evidence_contextual_edge,,Only explicitly named GHG Protocol series citations can be upgraded to strong standard-company-series edges; contextual edges must stay review-only or be demoted.,逐条回到 PDF 页级证据，能显式命名具体 GHG 系列的升级；不能命名的降级或删除。,Return to page-level PDF text. Upgrade only if the concrete GHG Protocol series is explicitly named; otherwise keep review-only or demote the edge.,apollo-2024-sustainability-report-june-2025.pdf,31,Structured standard tag: GHG Protocol; Standard role: Accounting standard ors from the US EIA 2018 Commercial Buildings Energy Consumption Survey where actual data is unavailable. 16 2023 energy figure has been restated due to methodology improvements. 17 2022 and 2023 Scope 1 GHG emissions data is calculated in apollo-2024-sustainability-report-june-2025.p…
P0,R1_GHG_FINE_SERIES_AND_STANDARD_COMPANY_MAPPING,ghg_protocol_fine_series,r492_emiratesgroup,EMIRATES GROUP,阿联酋航空集团,492,6,assets/data/world500/workbench/world500_ghg_contextual_series_review_queue.csv | assets/data/world500/workbench/world500_ghg_p2_low_evidence_contextual_edge_queue.csv,P1_find_named_series_source | P2_low_evidence_contextual_edge,P1_find_named_series_source | P2_low_evidence_contextual_edge,,Only explicitly named GHG Protocol series citations can be upgraded to strong standard-company-series edges; contextual edges must stay review-only or be demoted.,逐条回到 PDF 页级证据，能显式命名具体 GHG 系列的升级；不能命名的降级或删除。,Return to page-level PDF text. Upgrade only if the concrete GHG Protocol series is explicitly named; otherwise keep review-only or demote the edge.,2023-2024-EMIRATES GROUP-annual-report.pdf,71,"Structured standard tag: GHG Protocol; Standard role: Accounting standard tions and the management of the Dubai Desert Conservation Reserve, during the financial year ended 31 March 2024. All other businesses of Emirates are excluded in the below metrics. References to Scope 1 and 2 emissions below are based on d 2023-2024-EMIRATES GROUP-annual-report.pdf E…"
P0,R1_GHG_FINE_SERIES_AND_STANDARD_COMPANY_MAPPING,ghg_protocol_fine_series,r500_三星candt公司,Samsung C&T,三星C&T,500,6,assets/data/world500/workbench/world500_ghg_contextual_series_review_queue.csv | assets/data/world500/workbench/world500_ghg_p1_named_series_missing_queue.csv | assets/data/world500/workbench/world500_ghg_p2_low_evidence_contextual_edge_queue.csv,P0_upgrade_contextual_to_explicit | P1_find_named_series_source | P1_named_series_missing_from_sample | P2_low_evidence_contextual_edge,P0_upgrade_contextual_to_explicit | P1_find_named_series_source | P1_named_series_missing_from_sample | P2_low_evidence_contextual_edge,,Only explicitly named GHG Protocol series citations can be upgraded to strong standard-company-series edges; contextual edges must stay review-only or be demoted.,逐条回到 PDF 页级证据，能显式命名具体 GHG 系列的升级；不能命名的降级或删除。,Return to page-level PDF text. Upgrade only if the concrete GHG Protocol series is explicitly named; otherwise keep review-only or demote the edge.,2025 Samsung C&T Sustainability Report.pdf,111,al business report (excluding domestic subsidiaries of 4 groups) Greenhouse Gas Emissions Scope 1 emissions Scope 2 emissions Scope 3 emissions ‧ Based on all domestic and overseas business sites ‧ (Domestic) Statement of greenhouse gas emi
P0,R1_GHG_FINE_SERIES_AND_STANDARD_COMPANY_MAPPING,ghg_protocol_fine_series,r189_itaúunibancoholding,ITAÚ UNIBANCO HOLDING,伊塔乌联合银行控股公司,189,5,assets/data/world500/workbench/world500_ghg_contextual_series_review_queue.csv | assets/data/world500/workbench/world500_ghg_p2_low_evidence_contextual_edge_queue.csv | assets/data/world500/workbench/world500_ghg_out_of_whitelist_series_review_queue.csv,P1_find_named_series_source | P2_low_evidence_contextual_edge | P0_isolate_out_of_whitelist_ghg_reference,P1_find_named_series_source | P2_low_evidence_contextual_edge | P0_isolate_out_of_whitelist_ghg_reference,,Only explicitly named GHG Protocol series citations can be upgraded to strong standard-company-series edges; contextual edges must stay review-only or be demoted.,逐条回到 PDF 页级证据，能显式命名具体 GHG 系列的升级；不能命名的降级或删除。,Return to page-level PDF text. Upgrade only if the concrete GHG Protocol series is explicitly named; otherwise keep review-only or demote the edge.,ITAÚ UNIBANCO HOLDING ESG Report 2024.pdf,112 | 118,"Structured standard tag: GHG Protocol; Standard role: Accounting standard of our own emissions, and the implementation of a decarbonization plan for our operations and businesses as a means to reduce our environmental impacts. Since 2008, we have conducted our GHG emissions inventory annually, using the methodolo ITAÚ UNIBANCO HOLDING ESG Report 2024.pdf Aw…"
P0,R1_GHG_FINE_SERIES_AND_STANDARD_COMPANY_MAPPING,ghg_protocol_fine_series,r498_瑞士abb集团,ABB,瑞士ABB,498,5,assets/data/world500/workbench/world500_ghg_contextual_series_review_queue.csv | assets/data/world500/workbench/world500_ghg_p2_low_evidence_contextual_edge_queue.csv | assets/data/world500/workbench/world500_ghg_out_of_whitelist_series_review_queue.csv,P1_find_named_series_source | P2_low_evidence_contextual_edge | P0_isolate_out_of_whitelist_ghg_reference,P1_find_named_series_source | P2_low_evidence_contextual_edge | P0_isolate_out_of_whitelist_ghg_reference,,Only explicitly named GHG Protocol series citations can be upgraded to strong standard-company-series edges; contextual edges must stay review-only or be demoted.,逐条回到 PDF 页级证据，能显式命名具体 GHG 系列的升级；不能命名的降级或删除。,Return to page-level PDF text. Upgrade only if the concrete GHG Protocol series is explicitly named; otherwise keep review-only or demote the edge.,ABB Sustainability Statement 2024.pdf,37,"Structured standard tag: GHG Protocol; Standard role: Accounting standard is category represents the most significant contribution. Nevertheless, we diligently calculate all other scope 3 categories relevant to ABB to ensure comprehensive reporting. When assessing the materiality of the different scope 3 categori ABB Sustainability Statement 2024.pdf 34 ABB…"
P0,R1_GHG_FINE_SERIES_AND_STANDARD_COMPANY_MAPPING,ghg_protocol_fine_series,r004_saudiaramco,SAUDI ARAMCO,沙特阿美公司,4,4,assets/data/world500/workbench/world500_ghg_contextual_series_review_queue.csv | assets/data/world500/workbench/world500_ghg_p2_low_evidence_contextual_edge_queue.csv,P1_find_named_series_source | P2_low_evidence_contextual_edge,P1_find_named_series_source | P2_low_evidence_contextual_edge,,Only explicitly named GHG Protocol series citations can be upgraded to strong standard-company-series edges; contextual edges must stay review-only or be demoted.,逐条回到 PDF 页级证据，能显式命名具体 GHG 系列的升级；不能命名的降级或删除。,Return to page-level PDF text. Upgrade only if the concrete GHG Protocol series is explicitly named; otherwise keep review-only or demote the edge.,2024-saudi-aramco-sustainability-report-full-en.pdf,2,Structured standard tag: GHG Protocol; Standard role: Accounting standard Report has been prepared with reference to and/or guidance from the following: • International Petroleum Industry Environmental Conservation Association (Ipieca) sustainability reporting guidelines; • Greenhouse gas (GHG) emissions measurem 2024-saudi-aramco-sustainability-report-full…
P0,R1_GHG_FINE_SERIES_AND_STANDARD_COMPANY_MAPPING,ghg_protocol_fine_series,r010_cvshealth公司,CVS Health,CVS Health,10,4,assets/data/world500/workbench/world500_ghg_contextual_series_review_queue.csv | assets/data/world500/workbench/world500_ghg_p2_low_evidence_contextual_edge_queue.csv,P1_find_named_series_source | P2_low_evidence_contextual_edge,P1_find_named_series_source | P2_low_evidence_contextual_edge,,Only explicitly named GHG Protocol series citations can be upgraded to strong standard-company-series edges; contextual edges must stay review-only or be demoted.,逐条回到 PDF 页级证据，能显式命名具体 GHG 系列的升级；不能命名的降级或删除。,Return to page-level PDF text. Upgrade only if the concrete GHG Protocol series is explicitly named; otherwise keep review-only or demote the edge.,CVS Health-2024-Impact-Report-Appendix.pdf,36,"Structured standard tag: GHG Protocol; Standard role: Accounting standard Table of Contents Next Section Environmental Data GHG Emissions by Scope 2022-2024 A breakdown of Scope 1, 2 and 3 data are included below. The baseline year for data provided is 2019; the standards used are in accordance with the Greenhous CVS Health-2024-Impact-Report-Appendix.pdf N…"
P0,R1_GHG_FINE_SERIES_AND_STANDARD_COMPANY_MAPPING,ghg_protocol_fine_series,r013_shell,SHELL,壳牌公司,13,4,assets/data/world500/workbench/world500_ghg_contextual_series_review_queue.csv | assets/data/world500/workbench/world500_ghg_p2_low_evidence_contextual_edge_queue.csv,P1_find_named_series_source | P2_low_evidence_contextual_edge,P1_find_named_series_source | P2_low_evidence_contextual_edge,,Only explicitly named GHG Protocol series citations can be upgraded to strong standard-company-series edges; contextual edges must stay review-only or be demoted.,逐条回到 PDF 页级证据，能显式命名具体 GHG 系列的升级；不能命名的降级或删除。,Return to page-level PDF text. Upgrade only if the concrete GHG Protocol series is explicitly named; otherwise keep review-only or demote the edge.,shell-annual-report-2024.pdf,99,"Structured standard tag: GHG Protocol; Standard role: Accounting standard uel and energy- related activities 117 112 115 89 Scope 3, Category 9: downstream transport and distribution [E, F] 3 3 3 — Scope 3, Category 11: use of sold products [G] 845 878 909 1,252 1,084 1,123 1,163 1,520 [A] Categorised using the d shell-annual-report-2024.pdf Scope 3 and NCI…"
P0,R1_GHG_FINE_SERIES_AND_STANDARD_COMPANY_MAPPING,ghg_protocol_fine_series,r019_trafiguragroup,TRAFIGURA GROUP,托克集团,19,4,assets/data/world500/workbench/world500_ghg_contextual_series_review_queue.csv | assets/data/world500/workbench/world500_ghg_p2_low_evidence_contextual_edge_queue.csv,P1_find_named_series_source | P2_low_evidence_contextual_edge,P1_find_named_series_source | P2_low_evidence_contextual_edge,,Only explicitly named GHG Protocol series citations can be upgraded to strong standard-company-series edges; contextual edges must stay review-only or be demoted.,逐条回到 PDF 页级证据，能显式命名具体 GHG 系列的升级；不能命名的降级或删除。,Return to page-level PDF text. Upgrade only if the concrete GHG Protocol series is explicitly named; otherwise keep review-only or demote the edge.,2024_trafigura_sustainability_report.pdf,25,"FY2020 baseline year of 1.729 mtCO2e (Scope 1) and 1.691 mtCO2e (Scope 2), which was restated in FY2024 on the basis of improvements to the calculation method applied. Scope 2 emissions have been calculated using the market-based methodolog"
P0,R1_GHG_FINE_SERIES_AND_STANDARD_COMPANY_MAPPING,ghg_protocol_fine_series,r020_costcowholesale,COSTCO WHOLESALE,开市客,20,4,assets/data/world500/workbench/world500_ghg_contextual_series_review_queue.csv | assets/data/world500/workbench/world500_ghg_p2_low_evidence_contextual_edge_queue.csv,P1_find_named_series_source | P2_low_evidence_contextual_edge,P1_find_named_series_source | P2_low_evidence_contextual_edge,,Only explicitly named GHG Protocol series citations can be upgraded to strong standard-company-series edges; contextual edges must stay review-only or be demoted.,逐条回到 PDF 页级证据，能显式命名具体 GHG 系列的升级；不能命名的降级或删除。,Return to page-level PDF text. Upgrade only if the concrete GHG Protocol series is explicitly named; otherwise keep review-only or demote the edge.,COSTCO WHOLESALE_ClimateActionPlan_FY24.pdf,2,"Structured standard tag: GHG Protocol; Standard role: Accounting standard ategy and will continue to utilize SBTi’s guidance. Solutions must be operationally viable and fulﬁll our obligations to our shareholders, employees, members, suppliers and the communities we serve. Additional guidelines and frameworks we c COSTCO WHOLESALE_ClimateActionPlan_FY24.pdf …"
P0,R1_GHG_FINE_SERIES_AND_STANDARD_COMPANY_MAPPING,ghg_protocol_fine_series,r023_totalenergies,TOTALENERGIES,道达尔能源公司,23,4,assets/data/world500/workbench/world500_ghg_contextual_series_review_queue.csv | assets/data/world500/workbench/world500_ghg_p1_named_series_missing_queue.csv,P0_upgrade_contextual_to_explicit | P1_named_series_missing_from_sample,P0_upgrade_contextual_to_explicit | P1_named_series_missing_from_sample,,Only explicitly named GHG Protocol series citations can be upgraded to strong standard-company-series edges; contextual edges must stay review-only or be demoted.,逐条回到 PDF 页级证据，能显式命名具体 GHG 系列的升级；不能命名的降级或删除。,Return to page-level PDF text. Upgrade only if the concrete GHG Protocol series is explicitly named; otherwise keep review-only or demote the edge.,totalenergies_sustainability-climate-2025-progress-report_2025_en.pdf,18,"to the different scenarios that may materialize depending on developments in low-carbon technologies (adoption rate, cost reduction), geopolitical relations, international trade 1. Biofuels, biogas, hydrogen and e-fuels/e-gas. 2. From opera"
P0,R1_GHG_FINE_SERIES_AND_STANDARD_COMPANY_MAPPING,ghg_protocol_fine_series,r032_honhaiprecisionindustry,HON HAI PRECISION INDUSTRY,鸿海精密工业股份有限公司,32,4,assets/data/world500/workbench/world500_ghg_contextual_series_review_queue.csv | assets/data/world500/workbench/world500_ghg_p1_named_series_missing_queue.csv | assets/data/world500/workbench/world500_ghg_p2_low_evidence_contextual_edge_queue.csv,P0_upgrade_contextual_to_explicit | P1_find_named_series_source | P1_named_series_missing_from_sample | P2_low_evidence_contextual_edge,P0_upgrade_contextual_to_explicit | P1_find_named_series_source | P1_named_series_missing_from_sample | P2_low_evidence_contextual_edge,,Only explicitly named GHG Protocol series citations can be upgraded to strong standard-company-series edges; contextual edges must stay review-only or be demoted.,逐条回到 PDF 页级证据，能显式命名具体 GHG 系列的升级；不能命名的降级或删除。,Return to page-level PDF text. Upgrade only if the concrete GHG Protocol series is explicitly named; otherwise keep review-only or demote the edge.,鸿海精密工业股份有限公司2024 - 中文完整版.pdf,162,"报告PRTR数据。2023年，供应商共产生230,000顺 OTHE 要 霹和640,000顺危险工业废物，其中一般工业废物综合利用量过150,000呆，利 HIE DARE OOF HRS SHRM, BUNS MR RHEE, Wh B75 305%. 1S 22H REPS Ci i eePRIRBUR, Rat eil>—AR TSS) FRESE PEL AE. MRRAER ARMIN, AE 6,000顺及危除工业废物25,000顺。 优先考虑客户的要求。 2."
P0,R1_GHG_FINE_SERIES_AND_STANDARD_COMPANY_MAPPING,ghg_protocol_fine_series,r048_homedepot,HOME DEPOT,家得宝,48,4,assets/data/world500/workbench/world500_ghg_contextual_series_review_queue.csv | assets/data/world500/workbench/world500_ghg_p1_named_series_missing_queue.csv,P0_upgrade_contextual_to_explicit | P1_named_series_missing_from_sample,P0_upgrade_contextual_to_explicit | P1_named_series_missing_from_sample,,Only explicitly named GHG Protocol series citations can be upgraded to strong standard-company-series edges; contextual edges must stay review-only or be demoted.,逐条回到 PDF 页级证据，能显式命名具体 GHG 系列的升级；不能命名的降级或删除。,Return to page-level PDF text. Upgrade only if the concrete GHG Protocol series is explicitly named; otherwise keep review-only or demote the edge.,2024_ESG_Report_The_Home_Depot.pdf,45,"have also adopted strategies to minimize our supply chain and transportation emissions through distribution optimization. Lastly, we partner with our suppliers to drive more energy-efficient product innovation. 2023 Reported Emissions The H"
P0,R1_GHG_FINE_SERIES_AND_STANDARD_COMPANY_MAPPING,ghg_protocol_fine_series,r079_uniper公司,Uniper,Uniper,79,4,assets/data/world500/workbench/world500_ghg_contextual_series_review_queue.csv | assets/data/world500/workbench/world500_ghg_p1_named_series_missing_queue.csv,P0_upgrade_contextual_to_explicit | P1_named_series_missing_from_sample,P0_upgrade_contextual_to_explicit | P1_named_series_missing_from_sample,,Only explicitly named GHG Protocol series citations can be upgraded to strong standard-company-series edges; contextual edges must stay review-only or be demoted.,逐条回到 PDF 页级证据，能显式命名具体 GHG 系列的升级；不能命名的降级或删除。,Return to page-level PDF text. Upgrade only if the concrete GHG Protocol series is explicitly named; otherwise keep review-only or demote the edge.,2025_08_07_Uniper_Climate_Transition_Plan_2025.pdf,30,"carrying out the double materiality assessment (DMA) in accor- dance with the ESRS. As part of the DMA, the sources and concentration points of Uniper’s GHG emissions in its value chain and its own business activities are assessed based on"
P0,R1_GHG_FINE_SERIES_AND_STANDARD_COMPANY_MAPPING,ghg_protocol_fine_series,r101_eon,E.ON,意昂集团,101,4,assets/data/world500/workbench/world500_ghg_contextual_series_review_queue.csv | assets/data/world500/workbench/world500_ghg_p1_named_series_missing_queue.csv,P0_upgrade_contextual_to_explicit | P1_named_series_missing_from_sample,P0_upgrade_contextual_to_explicit | P1_named_series_missing_from_sample,,Only explicitly named GHG Protocol series citations can be upgraded to strong standard-company-series edges; contextual edges must stay review-only or be demoted.,逐条回到 PDF 页级证据，能显式命名具体 GHG 系列的升级；不能命名的降级或删除。,Return to page-level PDF text. Upgrade only if the concrete GHG Protocol series is explicitly named; otherwise keep review-only or demote the edge.,E.ON-GB24-gesamt-EN_final.pdf,41,"upport our customers in switching from gas to green, energy-efficient solutions like heat pumps as well as solar and PV systems. We are also expanding our range of green energy contracts for our customers in order to reduce Scope 3 emission"
P0,R1_GHG_FINE_SERIES_AND_STANDARD_COMPANY_MAPPING,ghg_protocol_fine_series,r120_nippontelegraphandtelephone,NIPPON TELEGRAPH AND TELEPHONE,日本电报电话公司,120,4,assets/data/world500/workbench/world500_ghg_contextual_series_review_queue.csv | assets/data/world500/workbench/world500_ghg_p2_low_evidence_contextual_edge_queue.csv,P1_find_named_series_source | P2_low_evidence_contextual_edge,P1_find_named_series_source | P2_low_evidence_contextual_edge,,Only explicitly named GHG Protocol series citations can be upgraded to strong standard-company-series edges; contextual edges must stay review-only or be demoted.,逐条回到 PDF 页级证据，能显式命名具体 GHG 系列的升级；不能命名的降级或删除。,Return to page-level PDF text. Upgrade only if the concrete GHG Protocol series is explicitly named; otherwise keep review-only or demote the edge.,NIPPON TELEGRAPH AND TELEPHONE-integrated_report_24e_p.pdf,35,"Structured standard tag: GHG Protocol; Standard role: Accounting standard ion Further Strengthening of Collaborations with Suppliers · Facilitating the introduction of renewable energy by data center customers, etc. · Providing cloud services and promoting product energy conservation Customers’ Contributions to NIPPON TELEGRAPH AND TELEPHONE-integrated_re…"
P0,R1_GHG_FINE_SERIES_AND_STANDARD_COMPANY_MAPPING,ghg_protocol_fine_series,r124_unitedparcelservice,UNITED PARCEL SERVICE,联合包裹速递服务公司,124,4,assets/data/world500/workbench/world500_ghg_contextual_series_review_queue.csv | assets/data/world500/workbench/world500_ghg_p2_low_evidence_contextual_edge_queue.csv,P1_find_named_series_source | P2_low_evidence_contextual_edge,P1_find_named_series_source | P2_low_evidence_contextual_edge,,Only explicitly named GHG Protocol series citations can be upgraded to strong standard-company-series edges; contextual edges must stay review-only or be demoted.,逐条回到 PDF 页级证据，能显式命名具体 GHG 系列的升级；不能命名的降级或删除。,Return to page-level PDF text. Upgrade only if the concrete GHG Protocol series is explicitly named; otherwise keep review-only or demote the edge.,2024-UPS-GRI-Report.pdf,10,Structured standard tag: GHG Protocol; Standard role: Accounting standard sustainability reports prior to publication. The Board's Audit Committee is responsible for overseeing the annual engagement of the independent third-party that examines UPS management's assertion that the Statement of GHG emissions is in a 2024-UPS-GRI-Report.pdf The Board's oversigh…
P0,R1_GHG_FINE_SERIES_AND_STANDARD_COMPANY_MAPPING,ghg_protocol_fine_series,r134_dhlgroup,DHL GROUP,敦豪集团,134,4,assets/data/world500/workbench/world500_ghg_contextual_series_review_queue.csv | assets/data/world500/workbench/world500_ghg_p1_named_series_missing_queue.csv,P0_upgrade_contextual_to_explicit | P1_named_series_missing_from_sample,P0_upgrade_contextual_to_explicit | P1_named_series_missing_from_sample,,Only explicitly named GHG Protocol series citations can be upgraded to strong standard-company-series edges; contextual edges must stay review-only or be demoted.,逐条回到 PDF 页级证据，能显式命名具体 GHG 系列的升级；不能命名的降级或删除。,Return to page-level PDF text. Upgrade only if the concrete GHG Protocol series is explicitly named; otherwise keep review-only or demote the edge.,DHL-Group_2024-Progress-Report-on-Sustainability.pdf,27,pital goods Fuel and energy- related activities Upstream transportation and distribution Business travel Employee commuting 1.77 2.49 27 SCOPE 3 GHG EMISSIONS The GHG emissions of transportation partners (Scope 3) are included under measure
P0,R1_GHG_FINE_SERIES_AND_STANDARD_COMPANY_MAPPING,ghg_protocol_fine_series,r136_nissanmotor,NISSAN MOTOR,日产汽车,136,4,assets/data/world500/workbench/world500_ghg_contextual_series_review_queue.csv | assets/data/world500/workbench/world500_ghg_p1_named_series_missing_queue.csv | assets/data/world500/workbench/world500_ghg_p2_low_evidence_contextual_edge_queue.csv,P0_upgrade_contextual_to_explicit | P1_find_named_series_source | P1_named_series_missing_from_sample | P2_low_evidence_contextual_edge,P0_upgrade_contextual_to_explicit | P1_find_named_series_source | P1_named_series_missing_from_sample | P2_low_evidence_contextual_edge,,Only explicitly named GHG Protocol series citations can be upgraded to strong standard-company-series edges; contextual edges must stay review-only or be demoted.,逐条回到 PDF 页级证据，能显式命名具体 GHG 系列的升级；不能命名的降级或删除。,Return to page-level PDF text. Upgrade only if the concrete GHG Protocol series is explicitly named; otherwise keep review-only or demote the edge.,NISSAN MOTOR-DB25_E_All.pdf,63,"[Remarks] Basis of calculation for CO2 emissions subject to third-party assurance ■ CO2 emissions from Nissan Motor Co., Ltd. and consolidated subsidiaries: Calculated based on Nissan internal standards referencing the GHG Protocol. The ene"
P0,R1_GHG_FINE_SERIES_AND_STANDARD_COMPANY_MAPPING,ghg_protocol_fine_series,r137_royalbankofcanada,ROYAL BANK OF CANADA,加拿大皇家银行,137,4,assets/data/world500/workbench/world500_ghg_contextual_series_review_queue.csv | assets/data/world500/workbench/world500_ghg_p2_low_evidence_contextual_edge_queue.csv,P1_find_named_series_source | P2_low_evidence_contextual_edge,P1_find_named_series_source | P2_low_evidence_contextual_edge,,Only explicitly named GHG Protocol series citations can be upgraded to strong standard-company-series edges; contextual edges must stay review-only or be demoted.,逐条回到 PDF 页级证据，能显式命名具体 GHG 系列的升级；不能命名的降级或删除。,Return to page-level PDF text. Upgrade only if the concrete GHG Protocol series is explicitly named; otherwise keep review-only or demote the edge.,ROYAL BANK OF CANADA-RBC-2024-sustainability-report.pdf,58,"Structured standard tag: GHG Protocol; Standard role: Accounting standard le 16: Global emissions from our operations, for the year ended October 31 provides our global operational emissions for the last three years and our 2018 baseline. We report on our operational emissions with multi- year data calculated in ROYAL BANK OF CANADA-RBC-2024-sustainability-…"
P0,R1_GHG_FINE_SERIES_AND_STANDARD_COMPANY_MAPPING,ghg_protocol_fine_series,r200_bancobilbaovizcayaargentaria,BANCO BILBAO VIZCAYA ARGENTARIA,西班牙对外银行,200,4,assets/data/world500/workbench/world500_ghg_contextual_series_review_queue.csv | assets/data/world500/workbench/world500_ghg_p2_low_evidence_contextual_edge_queue.csv,P1_find_named_series_source | P2_low_evidence_contextual_edge,P1_find_named_series_source | P2_low_evidence_contextual_edge,,Only explicitly named GHG Protocol series citations can be upgraded to strong standard-company-series edges; contextual edges must stay review-only or be demoted.,逐条回到 PDF 页级证据，能显式命名具体 GHG 系列的升级；不能命名的降级或删除。,Return to page-level PDF text. Upgrade only if the concrete GHG Protocol series is explicitly named; otherwise keep review-only or demote the edge.,BBVA_Annual_Report_2024_ENG.pdf,111,"9.4% of the emissions generated by BBVA are CO2, while CH4 and N2O emissions represent 0.2% and 0.4%, respectively45. Emissions calculation methodology 46 Both Scope 1 and 2 emissions, as well as Scope 3 emissions, are calculated taking int"
P0,R1_GHG_FINE_SERIES_AND_STANDARD_COMPANY_MAPPING,ghg_protocol_fine_series,r209_lg电子,LG Electronics,LG电子,209,4,assets/data/world500/workbench/world500_ghg_contextual_series_review_queue.csv | assets/data/world500/workbench/world500_ghg_p1_named_series_missing_queue.csv | assets/data/world500/workbench/world500_ghg_p2_low_evidence_contextual_edge_queue.csv,P0_upgrade_contextual_to_explicit | P1_find_named_series_source | P1_named_series_missing_from_sample | P2_low_evidence_contextual_edge,P0_upgrade_contextual_to_explicit | P1_find_named_series_source | P1_named_series_missing_from_sample | P2_low_evidence_contextual_edge,,Only explicitly named GHG Protocol series citations can be upgraded to strong standard-company-series edges; contextual edges must stay review-only or be demoted.,逐条回到 PDF 页级证据，能显式命名具体 GHG 系列的升级；不能命名的降级或删除。,Return to page-level PDF text. Upgrade only if the concrete GHG Protocol series is explicitly named; otherwise keep review-only or demote the edge.,2024-2025_LGE_Sustainability_Report_English.pdf,164,”) was commissioned by LG Electronics Inc. (“Company”) to perform third party verifica- tion for the Company’s Greenhouse Gas Statement. The Company is responsible for the preparation of the GHG statement on the basis set out within Audit S
P0,R1_GHG_FINE_SERIES_AND_STANDARD_COMPANY_MAPPING,ghg_protocol_fine_series,r230_bungeglobal,BUNGE GLOBAL,邦吉公司,230,4,assets/data/world500/workbench/world500_ghg_contextual_series_review_queue.csv | assets/data/world500/workbench/world500_ghg_p1_named_series_missing_queue.csv | assets/data/world500/workbench/world500_ghg_p2_low_evidence_contextual_edge_queue.csv,P0_upgrade_contextual_to_explicit | P1_find_named_series_source | P1_named_series_missing_from_sample | P2_low_evidence_contextual_edge,P0_upgrade_contextual_to_explicit | P1_find_named_series_source | P1_named_series_missing_from_sample | P2_low_evidence_contextual_edge,,Only explicitly named GHG Protocol series citations can be upgraded to strong standard-company-series edges; contextual edges must stay review-only or be demoted.,逐条回到 PDF 页级证据，能显式命名具体 GHG 系列的升级；不能命名的降级或删除。,Return to page-level PDF text. Upgrade only if the concrete GHG Protocol series is explicitly named; otherwise keep review-only or demote the edge.,2025-Bunge-Global-Sustainability-Report.pdf,7,e on Responsible Soy (RTRS) certification The verification statements are published on our website. This report complements Bunge’s 2024 Annual Report and 2025 Modern Slavery Statement. About This Report 1 Our GHG emissions are reported in
P0,R1_GHG_FINE_SERIES_AND_STANDARD_COMPANY_MAPPING,ghg_protocol_fine_series,r247_repsol,REPSOL,雷普索尔公司,247,4,assets/data/world500/workbench/world500_ghg_contextual_series_review_queue.csv | assets/data/world500/workbench/world500_ghg_p2_low_evidence_contextual_edge_queue.csv,P1_find_named_series_source | P2_low_evidence_contextual_edge,P1_find_named_series_source | P2_low_evidence_contextual_edge,,Only explicitly named GHG Protocol series citations can be upgraded to strong standard-company-series edges; contextual edges must stay review-only or be demoted.,逐条回到 PDF 页级证据，能显式命名具体 GHG 系列的升级；不能命名的降级或删除。,Return to page-level PDF text. Upgrade only if the concrete GHG Protocol series is explicitly named; otherwise keep review-only or demote the edge.,REPSOL consolidated-statement-non-financial-information-sustainability-information-2024.pdf,21,"Structured standard tag: GHG Protocol; Standard role: Accounting standard f the Paris Agreement. 4 Low- or zero-carbon products refer to those that generate low or no greenhouse gas emissions throughout their life cycle, compared to conventional products. 5 Category 11 of Scope 3 emissions, according to the Green REPSOL consolidated-statement-non-financial-…"
P0,R1_GHG_FINE_SERIES_AND_STANDARD_COMPANY_MAPPING,ghg_protocol_fine_series,r261_intel,INTEL,英特尔公司,261,4,assets/data/world500/workbench/world500_ghg_contextual_series_review_queue.csv | assets/data/world500/workbench/world500_ghg_p1_named_series_missing_queue.csv,P0_upgrade_contextual_to_explicit | P1_named_series_missing_from_sample,P0_upgrade_contextual_to_explicit | P1_named_series_missing_from_sample,,Only explicitly named GHG Protocol series citations can be upgraded to strong standard-company-series edges; contextual edges must stay review-only or be demoted.,逐条回到 PDF 页级证据，能显式命名具体 GHG 系列的升级；不能命名的降级或删除。,Return to page-level PDF text. Upgrade only if the concrete GHG Protocol series is explicitly named; otherwise keep review-only or demote the edge.,INTEL CSR-2024-25-Full-Report.pdf,36,"ndustries. For more information, see ”Sustainable Manufacturing” later in this section. Our emissions calculations are based on Global Reporting Initiative (GRI) Standards, the World Resources Institute/World Business Council for Sustainabl"
P0,R1_GHG_FINE_SERIES_AND_STANDARD_COMPANY_MAPPING,ghg_protocol_fine_series,r283_intesasanpaolo,INTESA SANPAOLO,意大利联合圣保罗银行,283,4,assets/data/world500/workbench/world500_ghg_contextual_series_review_queue.csv | assets/data/world500/workbench/world500_ghg_p2_low_evidence_contextual_edge_queue.csv,P1_find_named_series_source | P2_low_evidence_contextual_edge,P1_find_named_series_source | P2_low_evidence_contextual_edge,,Only explicitly named GHG Protocol series citations can be upgraded to strong standard-company-series edges; contextual edges must stay review-only or be demoted.,逐条回到 PDF 页级证据，能显式命名具体 GHG 系列的升级；不能命名的降级或删除。,Return to page-level PDF text. Upgrade only if the concrete GHG Protocol series is explicitly named; otherwise keep review-only or demote the edge.,2024_INTESA SANPAOLO-Climate_Report.pdf,101,"governmental Panel on Climate Change). ** CO2eq = CO2*GWP + CH4*GWP + N2O*GWP where GWP = GWP-100 years from IPCC AR6 WGI 2021. GHG Emissions The Intesa Sanpaolo Group’s greenhouse gas emissions, reported in CO2 equivalent in accordance wit"
P0,R1_GHG_FINE_SERIES_AND_STANDARD_COMPANY_MAPPING,ghg_protocol_fine_series,r298_marubeni,MARUBENI,丸红株式会社,298,4,assets/data/world500/workbench/world500_ghg_contextual_series_review_queue.csv | assets/data/world500/workbench/world500_ghg_p2_low_evidence_contextual_edge_queue.csv,P1_find_named_series_source | P2_low_evidence_contextual_edge,P1_find_named_series_source | P2_low_evidence_contextual_edge,,Only explicitly named GHG Protocol series citations can be upgraded to strong standard-company-series edges; contextual edges must stay review-only or be demoted.,逐条回到 PDF 页级证据，能显式命名具体 GHG 系列的升级；不能命名的降级或删除。,Return to page-level PDF text. Upgrade only if the concrete GHG Protocol series is explicitly named; otherwise keep review-only or demote the edge.,MARUBENI-sustainability-2024_en_all.pdf,61,kdown and the overall total may not match due to rounding. 〈Scope 3 Greenhouse Gas Emissions〉 Marubeni is voluntarily disclosing a part of the data by categorizing its supply chain activities and calculating the GHG emissions in each catego
P0,R1_GHG_FINE_SERIES_AND_STANDARD_COMPANY_MAPPING,ghg_protocol_fine_series,r315_unicreditgroup,UNICREDIT GROUP,联合信贷集团,315,4,assets/data/world500/workbench/world500_ghg_contextual_series_review_queue.csv | assets/data/world500/workbench/world500_ghg_p2_low_evidence_contextual_edge_queue.csv,P1_find_named_series_source | P2_low_evidence_contextual_edge,P1_find_named_series_source | P2_low_evidence_contextual_edge,,Only explicitly named GHG Protocol series citations can be upgraded to strong standard-company-series edges; contextual edges must stay review-only or be demoted.,逐条回到 PDF 页级证据，能显式命名具体 GHG 系列的升级；不能命名的降级或删除。,Return to page-level PDF text. Upgrade only if the concrete GHG Protocol series is explicitly named; otherwise keep review-only or demote the edge.,2024-UNICREDIT GROUP-Annual-Reports-and-Accounts.pdf,140,"In the absence of primary data from stakeholders, UniCredit relies on estimation techniques that involve assumptions based on the best available information. These techniques include: Emissions factors: for Scope 3 GHG emissions, as indicat"
P0,R1_GHG_FINE_SERIES_AND_STANDARD_COMPANY_MAPPING,ghg_protocol_fine_series,r324_americaninternationalgroup,AMERICAN INTERNATIONAL GROUP,美国国际集团,324,4,assets/data/world500/workbench/world500_ghg_contextual_series_review_queue.csv | assets/data/world500/workbench/world500_ghg_p2_low_evidence_contextual_edge_queue.csv,P1_find_named_series_source | P2_low_evidence_contextual_edge,P1_find_named_series_source | P2_low_evidence_contextual_edge,,Only explicitly named GHG Protocol series citations can be upgraded to strong standard-company-series edges; contextual edges must stay review-only or be demoted.,逐条回到 PDF 页级证据，能显式命名具体 GHG 系列的升级；不能命名的降级或删除。,Return to page-level PDF text. Upgrade only if the concrete GHG Protocol series is explicitly named; otherwise keep review-only or demote the edge.,AMERICAN INTERNATIONAL GROUP-aig-sustainability-report-2024.pdf,33,"024, we saw a reduction in travel of 26% from prior year. Operational GHG emissions We measure our scope 1, scope 2 and eight categories of scope 3 GHG emissions based on operational control by considering the internationally recognized met"
P0,R1_GHG_FINE_SERIES_AND_STANDARD_COMPANY_MAPPING,ghg_protocol_fine_series,r342_bristolmyerssquibb,BRISTOL-MYERS SQUIBB,百时美施贵宝公司,342,4,assets/data/world500/workbench/world500_ghg_contextual_series_review_queue.csv | assets/data/world500/workbench/world500_ghg_p2_low_evidence_contextual_edge_queue.csv,P1_find_named_series_source | P2_low_evidence_contextual_edge,P1_find_named_series_source | P2_low_evidence_contextual_edge,,Only explicitly named GHG Protocol series citations can be upgraded to strong standard-company-series edges; contextual edges must stay review-only or be demoted.,逐条回到 PDF 页级证据，能显式命名具体 GHG 系列的升级；不能命名的降级或删除。,Return to page-level PDF text. Upgrade only if the concrete GHG Protocol series is explicitly named; otherwise keep review-only or demote the edge.,BRISTOL-MYERS SQUIBB BMS-Building-a-Better-Future-Report-2024.pdf,80,Structured standard tag: GHG Protocol; Standard role: Accounting standard Evaluation of the reported data against Bristol Myers Squibbs’ internal reporting procedures; and • Evaluation of the GHG emissions data against the requirements of the World Resources Institute (WRI)/World Business Council for Sustainable BRISTOL-MYERS SQUIBB BMS-Building-a-Better-Fu…
P0,R1_GHG_FINE_SERIES_AND_STANDARD_COMPANY_MAPPING,ghg_protocol_fine_series,r350_telefónica,TELEFÓNICA,西班牙电话公司,350,4,assets/data/world500/workbench/world500_ghg_contextual_series_review_queue.csv | assets/data/world500/workbench/world500_ghg_p2_low_evidence_contextual_edge_queue.csv,P1_find_named_series_source | P2_low_evidence_contextual_edge,P1_find_named_series_source | P2_low_evidence_contextual_edge,,Only explicitly named GHG Protocol series citations can be upgraded to strong standard-company-series edges; contextual edges must stay review-only or be demoted.,逐条回到 PDF 页级证据，能显式命名具体 GHG 系列的升级；不能命名的降级或删除。,Return to page-level PDF text. Upgrade only if the concrete GHG Protocol series is explicitly named; otherwise keep review-only or demote the edge.,2024TELEFÓNICA consolidated-management-report.pdf,63,"y unit. For electricity, the emission factors included in the IEA Emission Factors (2024) report of the International Energy Agency and local official sources (ministries of energy or environment) of each country are used. For fuels, emissi"
P0,R1_GHG_FINE_SERIES_AND_STANDARD_COMPANY_MAPPING,ghg_protocol_fine_series,r357_magnainternational,MAGNA INTERNATIONAL,麦格纳国际,357,4,assets/data/world500/workbench/world500_ghg_contextual_series_review_queue.csv | assets/data/world500/workbench/world500_ghg_p1_named_series_missing_queue.csv | assets/data/world500/workbench/world500_ghg_p2_low_evidence_contextual_edge_queue.csv,P0_upgrade_contextual_to_explicit | P1_find_named_series_source | P1_named_series_missing_from_sample | P2_low_evidence_contextual_edge,P0_upgrade_contextual_to_explicit | P1_find_named_series_source | P1_named_series_missing_from_sample | P2_low_evidence_contextual_edge,,Only explicitly named GHG Protocol series citations can be upgraded to strong standard-company-series edges; contextual edges must stay review-only or be demoted.,逐条回到 PDF 页级证据，能显式命名具体 GHG 系列的升级；不能命名的降级或删除。,Return to page-level PDF text. Upgrade only if the concrete GHG Protocol series is explicitly named; otherwise keep review-only or demote the edge.,101227_magna_sustainabilityreport_fy2024_final_cda.pdf,99,"in determining whether we are becoming more effcient by normalizing emissions on a per dollar of sales, per employee and per square footage basis. The raw data for Scope 1 & 2 emissions, together with intensity metrics are set out below. Ma"
P0,R1_GHG_FINE_SERIES_AND_STANDARD_COMPANY_MAPPING,ghg_protocol_fine_series,r376_abbottlaboratories,ABBOTT LABORATORIES,雅培公司,376,4,assets/data/world500/workbench/world500_ghg_contextual_series_review_queue.csv | assets/data/world500/workbench/world500_ghg_p1_named_series_missing_queue.csv | assets/data/world500/workbench/world500_ghg_p2_low_evidence_contextual_edge_queue.csv,P0_upgrade_contextual_to_explicit | P1_find_named_series_source | P1_named_series_missing_from_sample | P2_low_evidence_contextual_edge,P0_upgrade_contextual_to_explicit | P1_find_named_series_source | P1_named_series_missing_from_sample | P2_low_evidence_contextual_edge,,Only explicitly named GHG Protocol series citations can be upgraded to strong standard-company-series edges; contextual edges must stay review-only or be demoted.,逐条回到 PDF 页级证据，能显式命名具体 GHG 系列的升级；不能命名的降级或删除。,Return to page-level PDF text. Upgrade only if the concrete GHG Protocol series is explicitly named; otherwise keep review-only or demote the edge.,Abbott-2024-Global-Sustainability-Report-June-2025.pdf,30,"to projects • Business and manufacturing site-specific carbon reduction goals7 Actions to achieve our targets are driven by our energy policy, practices, and strategic plan. For more information, see Page 71. Scope 3 emissions are estimated"
P0,R1_GHG_FINE_SERIES_AND_STANDARD_COMPANY_MAPPING,ghg_protocol_fine_series,r387_schneiderelectric,SCHNEIDER ELECTRIC,施耐德电气,387,4,assets/data/world500/workbench/world500_ghg_contextual_series_review_queue.csv | assets/data/world500/workbench/world500_ghg_p2_low_evidence_contextual_edge_queue.csv,P1_find_named_series_source | P2_low_evidence_contextual_edge,P1_find_named_series_source | P2_low_evidence_contextual_edge,,Only explicitly named GHG Protocol series citations can be upgraded to strong standard-company-series edges; contextual edges must stay review-only or be demoted.,逐条回到 PDF 页级证据，能显式命名具体 GHG 系列的升级；不能命名的降级或删除。,Return to page-level PDF text. Upgrade only if the concrete GHG Protocol series is explicitly named; otherwise keep review-only or demote the edge.,2024-SCHNEIDER ELECTRIC-sustainability-report_tcm564-513141.pdf,14,"Structured standard tag: GHG Protocol; Standard role: Accounting standard of the 6,000+ companies globally that have committed to reduce GHG emissions in alignment with prevailing climate science through and get their targets approved by the SBTi. The Group’s GHG footprint is calculated following the World Resour 2024-SCHNEIDER ELECTRIC-sustainability-repor…"
P0,R1_GHG_FINE_SERIES_AND_STANDARD_COMPANY_MAPPING,ghg_protocol_fine_series,r388_northwesternmutual,NORTHWESTERN MUTUAL,西北互助人寿保险公司,388,4,assets/data/world500/workbench/world500_ghg_contextual_series_review_queue.csv | assets/data/world500/workbench/world500_ghg_p2_low_evidence_contextual_edge_queue.csv,P1_find_named_series_source | P2_low_evidence_contextual_edge,P1_find_named_series_source | P2_low_evidence_contextual_edge,,Only explicitly named GHG Protocol series citations can be upgraded to strong standard-company-series edges; contextual edges must stay review-only or be demoted.,逐条回到 PDF 页级证据，能显式命名具体 GHG 系列的升级；不能命名的降级或删除。,Return to page-level PDF text. Upgrade only if the concrete GHG Protocol series is explicitly named; otherwise keep review-only or demote the edge.,2024-NORTHWESTERN MUTUAL-sustainability-and-impact-report.pdf,45,"house gas emissions generated from the fuels we use directly comprise our Scope 1 emissions, while the emissions associated with the production of the electricity we purchase and use are categorized as Scope 2. We use the operational contro"
P0,R1_GHG_FINE_SERIES_AND_STANDARD_COMPANY_MAPPING,ghg_protocol_fine_series,r422_mondelezinternational,MONDELEZ INTERNATIONAL,亿滋国际,422,4,assets/data/world500/workbench/world500_ghg_contextual_series_review_queue.csv | assets/data/world500/workbench/world500_ghg_p2_low_evidence_contextual_edge_queue.csv,P1_find_named_series_source | P2_low_evidence_contextual_edge,P1_find_named_series_source | P2_low_evidence_contextual_edge,,Only explicitly named GHG Protocol series citations can be upgraded to strong standard-company-series edges; contextual edges must stay review-only or be demoted.,逐条回到 PDF 页级证据，能显式命名具体 GHG 系列的升级；不能命名的降级或删除。,Return to page-level PDF text. Upgrade only if the concrete GHG Protocol series is explicitly named; otherwise keep review-only or demote the edge.,2024-MONDELEZ INTERNATIONAL-Snacking-Made-Right-ESG-Report.pdf,20,"Structured standard tag: GHG Protocol; Standard role: Accounting standard ase year, including the reduction of absolute gross scope 1 and 2 GHG emissions by 50.4% within the same timeframe, in line with the 1.5ºC reduction pathway.(1) (26) This followed a thorough review of our carbon accounting documentation, in 2024-MONDELEZ INTERNATIONAL-Snacking-Made-Ri…"
P0,R1_GHG_FINE_SERIES_AND_STANDARD_COMPANY_MAPPING,ghg_protocol_fine_series,r459_cummins,CUMMINS,康明斯公司,459,4,assets/data/world500/workbench/world500_ghg_contextual_series_review_queue.csv | assets/data/world500/workbench/world500_ghg_p2_low_evidence_contextual_edge_queue.csv,P1_find_named_series_source | P2_low_evidence_contextual_edge,P1_find_named_series_source | P2_low_evidence_contextual_edge,,Only explicitly named GHG Protocol series citations can be upgraded to strong standard-company-series edges; contextual edges must stay review-only or be demoted.,逐条回到 PDF 页级证据，能显式命名具体 GHG 系列的升级；不能命名的降级或删除。,Return to page-level PDF text. Upgrade only if the concrete GHG Protocol series is explicitly named; otherwise keep review-only or demote the edge.,2024-25-cummins-sustainability-progress-report.pdf,5,Structured standard tag: GHG Protocol; Standard role: Accounting standard mins reports environmental data from consolidated operations and joint ventures that are part of its Enterprise Environmental Management System. Reported values reflect significant structural changes such as acquisitions and divestments in 2024-25-cummins-sustainability-progress-repor…
P0,R1_GHG_FINE_SERIES_AND_STANDARD_COMPANY_MAPPING,ghg_protocol_fine_series,r461_rabobankgroup,RABOBANK GROUP,荷兰合作银行集团,461,4,assets/data/world500/workbench/world500_ghg_contextual_series_review_queue.csv | assets/data/world500/workbench/world500_ghg_p2_low_evidence_contextual_edge_queue.csv,P1_find_named_series_source | P2_low_evidence_contextual_edge,P1_find_named_series_source | P2_low_evidence_contextual_edge,,Only explicitly named GHG Protocol series citations can be upgraded to strong standard-company-series edges; contextual edges must stay review-only or be demoted.,逐条回到 PDF 页级证据，能显式命名具体 GHG 系列的升级；不能命名的降级或删除。,Return to page-level PDF text. Upgrade only if the concrete GHG Protocol series is explicitly named; otherwise keep review-only or demote the edge.,rabobank_impact_report_2024.pdf,47,"ects. Concurrently, we will intensify our efforts to reduce our own operational emissions, striving for greater efficiency and lower carbon footprints. We recognize the importance of carbon removals and will update our policy in alignment w"
P0,R1_GHG_FINE_SERIES_AND_STANDARD_COMPANY_MAPPING,ghg_protocol_fine_series,r473_vtbbank,VTB BANK,俄罗斯外贸银行,473,4,assets/data/world500/workbench/world500_ghg_contextual_series_review_queue.csv | assets/data/world500/workbench/world500_ghg_p1_named_series_missing_queue.csv | assets/data/world500/workbench/world500_ghg_p2_low_evidence_contextual_edge_queue.csv,P0_upgrade_contextual_to_explicit | P1_find_named_series_source | P1_named_series_missing_from_sample | P2_low_evidence_contextual_edge,P0_upgrade_contextual_to_explicit | P1_find_named_series_source | P1_named_series_missing_from_sample | P2_low_evidence_contextual_edge,,Only explicitly named GHG Protocol series citations can be upgraded to strong standard-company-series edges; contextual edges must stay review-only or be demoted.,逐条回到 PDF 页级证据，能显式命名具体 GHG 系列的升级；不能命名的降级或删除。,Return to page-level PDF text. Upgrade only if the concrete GHG Protocol series is explicitly named; otherwise keep review-only or demote the edge.,vtb_sustainability_report_2024_eng.pdf,84,"ing boiler equipment in Chita and switching to electricity procurement. The results will be disclosed in 2025. In 2024, the Bank launched a project to assess other indirect greenhouse gas emissions (Scope 3) in line with the principles and"
P0,R1_GHG_FINE_SERIES_AND_STANDARD_COMPANY_MAPPING,ghg_protocol_fine_series,r489_3m公司,3M,3M,489,4,assets/data/world500/workbench/world500_ghg_contextual_series_review_queue.csv | assets/data/world500/workbench/world500_ghg_p2_low_evidence_contextual_edge_queue.csv,P1_find_named_series_source | P2_low_evidence_contextual_edge,P1_find_named_series_source | P2_low_evidence_contextual_edge,,Only explicitly named GHG Protocol series citations can be upgraded to strong standard-company-series edges; contextual edges must stay review-only or be demoted.,逐条回到 PDF 页级证据，能显式命名具体 GHG 系列的升级；不能命名的降级或删除。,Return to page-level PDF text. Upgrade only if the concrete GHG Protocol series is explicitly named; otherwise keep review-only or demote the edge.,3m-2025-global-impact-report.pdf,27,Structured standard tag: GHG Protocol; Standard role: Accounting standard al renewable energy sector by offering our customers solutions that help improve the reliability and efficiency of renewable electricity. Scope 3 GHG emissions 3M has been developing our scope 3 GHG emission inventory since the WRI and the 3m-2025-global-impact-report.pdf 3M | 2025 Gl…
P0,R1_GHG_FINE_SERIES_AND_STANDARD_COMPANY_MAPPING,ghg_protocol_fine_series,r494_metro,METRO,麦德龙,494,4,assets/data/world500/workbench/world500_ghg_contextual_series_review_queue.csv | assets/data/world500/workbench/world500_ghg_p1_named_series_missing_queue.csv | assets/data/world500/workbench/world500_ghg_p2_low_evidence_contextual_edge_queue.csv,P0_upgrade_contextual_to_explicit | P1_find_named_series_source | P1_named_series_missing_from_sample | P2_low_evidence_contextual_edge,P0_upgrade_contextual_to_explicit | P1_find_named_series_source | P1_named_series_missing_from_sample | P2_low_evidence_contextual_edge,,Only explicitly named GHG Protocol series citations can be upgraded to strong standard-company-series edges; contextual edges must stay review-only or be demoted.,逐条回到 PDF 页级证据，能显式命名具体 GHG 系列的升级；不能命名的降级或删除。,Return to page-level PDF text. Upgrade only if the concrete GHG Protocol series is explicitly named; otherwise keep review-only or demote the edge.,entire-metro-ar24.pdf,48,"ded in the food waste indicator. According to the WRAP standard, the former do not fall into the category of food intended for human consumption and are therefore not recognised as food waste. 7 The calculation of CO2 emissions corresponds"
P0,R1_GHG_FINE_SERIES_AND_STANDARD_COMPANY_MAPPING,ghg_protocol_fine_series,r027_cardinalhealth,CARDINAL HEALTH,嘉德诺健康集团,27,3,assets/data/world500/workbench/world500_ghg_contextual_series_review_queue.csv | assets/data/world500/workbench/world500_ghg_p2_low_evidence_contextual_edge_queue.csv | assets/data/world500/workbench/world500_ghg_out_of_whitelist_series_review_queue.csv,P1_find_named_series_source | P2_low_evidence_contextual_edge | P0_isolate_out_of_whitelist_ghg_reference,P1_find_named_series_source | P2_low_evidence_contextual_edge | P0_isolate_out_of_whitelist_ghg_reference,,Only explicitly named GHG Protocol series citations can be upgraded to strong standard-company-series edges; contextual edges must stay review-only or be demoted.,逐条回到 PDF 页级证据，能显式命名具体 GHG 系列的升级；不能命名的降级或删除。,Return to page-level PDF text. Upgrade only if the concrete GHG Protocol series is explicitly named; otherwise keep review-only or demote the edge.,cardinal-health-fy24-ESG-report.pdf,54,Structured standard tag: GHG Protocol; Standard role: Accounting standard o be fully operational by fiscal 2026. single-use devices collected in fiscal 2024 19.5M+ 19.5M+ pounds of waste diverted from landfills in fiscal 2024 metric tons of customer carbon emissions avoided28 6M 6M 120 120 Avoided emissions were cardinal-health-fy24-ESG-report.pdf 53 ESG FY…
P0,R1_GHG_FINE_SERIES_AND_STANDARD_COMPANY_MAPPING,ghg_protocol_fine_series,r114_royalaholddelhaize,ROYAL AHOLD DELHAIZE,皇家阿霍德德尔海兹集团,114,3,assets/data/world500/workbench/world500_ghg_contextual_series_review_queue.csv | assets/data/world500/workbench/world500_ghg_p1_named_series_missing_queue.csv | assets/data/world500/workbench/world500_ghg_out_of_whitelist_series_review_queue.csv,P0_upgrade_contextual_to_explicit | P1_named_series_missing_from_sample | P0_isolate_out_of_whitelist_ghg_reference,P0_upgrade_contextual_to_explicit | P1_named_series_missing_from_sample | P0_isolate_out_of_whitelist_ghg_reference,,Only explicitly named GHG Protocol series citations can be upgraded to strong standard-company-series edges; contextual edges must stay review-only or be demoted.,逐条回到 PDF 页级证据，能显式命名具体 GHG 系列的升级；不能命名的降级或删除。,Return to page-level PDF text. Upgrade only if the concrete GHG Protocol series is explicitly named; otherwise keep review-only or demote the edge.,Ahold_Delhaize_Annual_Report_2024.pdf,117,"rarching sustainability policy that covers our approach on climate and specific climate-related standards that provide further guidance to our brands. See also General information: Governance. Within our climate approach, we are guided by t"
P0,R1_GHG_FINE_SERIES_AND_STANDARD_COMPANY_MAPPING,ghg_protocol_fine_series,r005_sinopecgroup,SINOPEC GROUP,中国石油化工集团有限公司,5,2,assets/data/world500/workbench/world500_ghg_contextual_series_review_queue.csv | assets/data/world500/workbench/world500_ghg_p2_low_evidence_contextual_edge_queue.csv,P1_find_named_series_source | P2_low_evidence_contextual_edge,P1_find_named_series_source | P2_low_evidence_contextual_edge,,Only explicitly named GHG Protocol series citations can be upgraded to strong standard-company-series edges; contextual edges must stay review-only or be demoted.,逐条回到 PDF 页级证据，能显式命名具体 GHG 系列的升级；不能命名的降级或删除。,Return to page-level PDF text. Upgrade only if the concrete GHG Protocol series is explicitly named; otherwise keep review-only or demote the edge.,Sinopec_Group_Annual_Report_2024_en.pdf,6,"Structured standard tag: GHG Protocol; Standard role: Accounting standard nan Sinopec_Group_Annual_Report_2024_en.pdf 国内生产经营 CHINA PETROCHEMICAL CORPORATION ANNUAL REPORT 2024 04 05 China Petrochemical Corporation (the Company) was established in July 1998 on the basis of the former China Pet- rochemical Corporation, a move by the central government to stra…"
P0,R1_GHG_FINE_SERIES_AND_STANDARD_COMPANY_MAPPING,ghg_protocol_fine_series,r028_stellantis集团,Stellantis,Stellantis,28,2,assets/data/world500/workbench/world500_ghg_contextual_series_review_queue.csv | assets/data/world500/workbench/world500_ghg_p1_named_series_missing_queue.csv,P0_upgrade_contextual_to_explicit | P1_named_series_missing_from_sample,P0_upgrade_contextual_to_explicit | P1_named_series_missing_from_sample,,Only explicitly named GHG Protocol series citations can be upgraded to strong standard-company-series edges; contextual edges must stay review-only or be demoted.,逐条回到 PDF 页级证据，能显式命名具体 GHG 系列的升级；不能命名的降级或删除。,Return to page-level PDF text. Upgrade only if the concrete GHG Protocol series is explicitly named; otherwise keep review-only or demote the edge.,Stellantis-2024-Climate-Policy-Report.pdf,6,"to our automotive business and strategic plan, decarbonisation and alignment with global climate agreements. In future reports, we will endeavour to widen and focus on other areas. - Paris Agreement Stellantis computes its carbon footprint"
P0,R1_GHG_FINE_SERIES_AND_STANDARD_COMPANY_MAPPING,ghg_protocol_fine_series,r029_chevron,CHEVRON,雪佛龙,29,2,assets/data/world500/workbench/world500_ghg_contextual_series_review_queue.csv | assets/data/world500/workbench/world500_ghg_p2_low_evidence_contextual_edge_queue.csv,P1_find_named_series_source | P2_low_evidence_contextual_edge,P1_find_named_series_source | P2_low_evidence_contextual_edge,,Only explicitly named GHG Protocol series citations can be upgraded to strong standard-company-series edges; contextual edges must stay review-only or be demoted.,逐条回到 PDF 页级证据，能显式命名具体 GHG 系列的升级；不能命名的降级或删除。,Return to page-level PDF text. Upgrade only if the concrete GHG Protocol series is explicitly named; otherwise keep review-only or demote the edge.,chevron-sustainability-highlights-2024.pdf,28,"Structured standard tag: GHG Protocol; Standard role: Accounting standard pe 2 includes indirect emissions from imported electricity and steam. CO2, CH4 and N2O are accounted for in Chevron’s Scope 2 emissions. Scope 2 emissions are accounted for using the market- based approach as described in the World Resource chevron-sustainability-highlights-2024.pdf 2…"
P0,R1_GHG_FINE_SERIES_AND_STANDARD_COMPANY_MAPPING,ghg_protocol_fine_series,r033_cignagroup,CIGNA GROUP,信诺集团,33,2,assets/data/world500/workbench/world500_ghg_contextual_series_review_queue.csv | assets/data/world500/workbench/world500_ghg_p2_low_evidence_contextual_edge_queue.csv,P1_find_named_series_source | P2_low_evidence_contextual_edge,P1_find_named_series_source | P2_low_evidence_contextual_edge,,Only explicitly named GHG Protocol series citations can be upgraded to strong standard-company-series edges; contextual edges must stay review-only or be demoted.,逐条回到 PDF 页级证据，能显式命名具体 GHG 系列的升级；不能命名的降级或删除。,Return to page-level PDF text. Upgrade only if the concrete GHG Protocol series is explicitly named; otherwise keep review-only or demote the edge.,2024-corporate-impact-report-CIGNA GROUP.pdf,73,"ions. Scope 1 and 2 emissions are calculated using an operational control consolidation approach. Sources of emissions deemed to be de minimis are omitted, including refrigerants. All GHG emissions are calculated in accordance with the guid"
P0,R1_GHG_FINE_SERIES_AND_STANDARD_COMPANY_MAPPING,ghg_protocol_fine_series,r038_bankofamerica,BANK OF AMERICA,美国银行,38,2,assets/data/world500/workbench/world500_ghg_contextual_series_review_queue.csv | assets/data/world500/workbench/world500_ghg_p2_low_evidence_contextual_edge_queue.csv,P1_find_named_series_source | P2_low_evidence_contextual_edge,P1_find_named_series_source | P2_low_evidence_contextual_edge,,Only explicitly named GHG Protocol series citations can be upgraded to strong standard-company-series edges; contextual edges must stay review-only or be demoted.,逐条回到 PDF 页级证据，能显式命名具体 GHG 系列的升级；不能命名的降级或删除。,Return to page-level PDF text. Upgrade only if the concrete GHG Protocol series is explicitly named; otherwise keep review-only or demote the edge.,BankOfAmerica_Sustainability_2024_Report.pdf,20,"es. Through 2023, SAF accounted for 31% of our corporate and commercial jet fuel usage, surpassing our 2030 goal. In addition, the Company partners with a number of leading organizations to support our SAF efforts16: 14 GHG emissions Scopes"
P0,R1_GHG_FINE_SERIES_AND_STANDARD_COMPANY_MAPPING,ghg_protocol_fine_series,r067_hsbcholdings,HSBC HOLDINGS,汇丰银行控股公司,67,2,assets/data/world500/workbench/world500_ghg_contextual_series_review_queue.csv | assets/data/world500/workbench/world500_ghg_p2_low_evidence_contextual_edge_queue.csv,P1_find_named_series_source | P2_low_evidence_contextual_edge,P1_find_named_series_source | P2_low_evidence_contextual_edge,,Only explicitly named GHG Protocol series citations can be upgraded to strong standard-company-series edges; contextual edges must stay review-only or be demoted.,逐条回到 PDF 页级证据，能显式命名具体 GHG 系列的升级；不能命名的降级或删除。,Return to page-level PDF text. Upgrade only if the concrete GHG Protocol series is explicitly named; otherwise keep review-only or demote the edge.,HSBC HOLDINGS-250219-annual-report-and-accounts-2024.pdf,46,"Explaining scope 1, 2 and 3 emissions To measure and manage our greenhouse gas emissions, we follow the Greenhouse Gas Protocol global framework, which identifies three scopes of emissions. Scope 1 represents the direct emissions we create."
P0,R1_GHG_FINE_SERIES_AND_STANDARD_COMPANY_MAPPING,ghg_protocol_fine_series,r098_eni,ENI,埃尼石油公司,98,2,assets/data/world500/workbench/world500_ghg_contextual_series_review_queue.csv | assets/data/world500/workbench/world500_ghg_p2_low_evidence_contextual_edge_queue.csv,P1_find_named_series_source | P2_low_evidence_contextual_edge,P1_find_named_series_source | P2_low_evidence_contextual_edge,,Only explicitly named GHG Protocol series citations can be upgraded to strong standard-company-series edges; contextual edges must stay review-only or be demoted.,逐条回到 PDF 页级证据，能显式命名具体 GHG 系列的升级；不能命名的降级或删除。,Return to page-level PDF text. Upgrade only if the concrete GHG Protocol series is explicitly named; otherwise keep review-only or demote the edge.,ENI-Annual-Report-2024.pdf,23,"Structured standard tag: GHG Protocol; Standard role: Accounting standard r withdrawals (mmcm) 127 109 101 Re-injected production water (%) 51 42 43 (a) KPIs are calculated on an equity bases. Considering the update of the Global Warming Potential coefficients by the IPCC in 2024, the 2023 and 2022 data are repor ENI-Annual-Report-2024.pdf 2024 2023 2022 FI…"
P0,R1_GHG_FINE_SERIES_AND_STANDARD_COMPANY_MAPPING,ghg_protocol_fine_series,r121_mitsui,MITSUI,三井物产株式会社,121,2,assets/data/world500/workbench/world500_ghg_contextual_series_review_queue.csv | assets/data/world500/workbench/world500_ghg_p2_low_evidence_contextual_edge_queue.csv,P1_find_named_series_source | P2_low_evidence_contextual_edge,P1_find_named_series_source | P2_low_evidence_contextual_edge,,Only explicitly named GHG Protocol series citations can be upgraded to strong standard-company-series edges; contextual edges must stay review-only or be demoted.,逐条回到 PDF 页级证据，能显式命名具体 GHG 系列的升级；不能命名的降级或删除。,Return to page-level PDF text. Upgrade only if the concrete GHG Protocol series is explicitly named; otherwise keep review-only or demote the edge.,SUMITOMO MITSUI FINANCIAL GROUP sustainability_report_e_2025.pdf,125,"ment 09. Appendix 07. Governance 05. Strategy 08. Metrics and targets 01. Message from the Group CEO 02. Editorial policy Calculation method for Scopes 1 and 2 GHG emissions relating to Scopes 1, 2, and 3 (Categories 1 to 14) are calculated"
P0,R1_GHG_FINE_SERIES_AND_STANDARD_COMPANY_MAPPING,ghg_protocol_fine_series,r126_axa,AXA,安盛,126,2,assets/data/world500/workbench/world500_ghg_contextual_series_review_queue.csv | assets/data/world500/workbench/world500_ghg_p2_low_evidence_contextual_edge_queue.csv,P1_find_named_series_source | P2_low_evidence_contextual_edge,P1_find_named_series_source | P2_low_evidence_contextual_edge,,Only explicitly named GHG Protocol series citations can be upgraded to strong standard-company-series edges; contextual edges must stay review-only or be demoted.,逐条回到 PDF 页级证据，能显式命名具体 GHG 系列的升级；不能命名的降级或删除。,Return to page-level PDF text. Upgrade only if the concrete GHG Protocol series is explicitly named; otherwise keep review-only or demote the edge.,axa_urd2024_accessible_va.pdf,152,"cond target (2) aiming for a 50% reduction in carbon intensity of its General Account by 2030 compared to 2019. The target encompasses listed corporate debt, equity, and real estate equity (3), covering investee's Scopes 1 and 2 GHG emissio"
P0,R1_GHG_FINE_SERIES_AND_STANDARD_COMPANY_MAPPING,ghg_protocol_fine_series,r130_engie集团,Engie,Engie,130,2,assets/data/world500/workbench/world500_ghg_contextual_series_review_queue.csv | assets/data/world500/workbench/world500_ghg_p2_low_evidence_contextual_edge_queue.csv,P1_find_named_series_source | P2_low_evidence_contextual_edge,P1_find_named_series_source | P2_low_evidence_contextual_edge,,Only explicitly named GHG Protocol series citations can be upgraded to strong standard-company-series edges; contextual edges must stay review-only or be demoted.,逐条回到 PDF 页级证据，能显式命名具体 GHG 系列的升级；不能命名的降级或删除。,Return to page-level PDF text. Upgrade only if the concrete GHG Protocol series is explicitly named; otherwise keep review-only or demote the edge.,ENGIE_DEU_2024_US__PDF_MEL_v3.pdf,112,"Structured standard tag: GHG Protocol; Standard role: Accounting standard (fuel sales – Scope 3.11) is unchanged in order to ensure the commitment on gas sales. [E1-4 34b, AR 23, AR 24] The GHG emission reduction targets cover 100% of ENGIE’s GHG emissions assessment (Scopes 1, 2 and 3) in 2024. This assessment i ENGIE_DEU_2024_US__PDF_MEL_v3.pdf Sustainabi…"
P0,R1_GHG_FINE_SERIES_AND_STANDARD_COMPANY_MAPPING,ghg_protocol_fine_series,r144_nipponlifeinsurance,NIPPON LIFE INSURANCE,日本生命保险公司,144,2,assets/data/world500/workbench/world500_ghg_contextual_series_review_queue.csv | assets/data/world500/workbench/world500_ghg_p2_low_evidence_contextual_edge_queue.csv,P1_find_named_series_source | P2_low_evidence_contextual_edge,P1_find_named_series_source | P2_low_evidence_contextual_edge,,Only explicitly named GHG Protocol series citations can be upgraded to strong standard-company-series edges; contextual edges must stay review-only or be demoted.,逐条回到 PDF 页级证据，能显式命名具体 GHG 系列的升级；不能命名的降级或删除。,Return to page-level PDF text. Upgrade only if the concrete GHG Protocol series is explicitly named; otherwise keep review-only or demote the edge.,NIPPON LIFE INSURANCE-2024_Sustainability_Report.pdf,122,"eld n Basic approach to identifying and disclosing CO2 emissions in the field of business activities In fiscal 2018, the Company began disclosing CO2 emissions for Nippon Life on a standalone basis. In identifying and disclosing CO2 emis- s"
P0,R1_GHG_FINE_SERIES_AND_STANDARD_COMPANY_MAPPING,ghg_protocol_fine_series,r176_巴西jbs公司,JBS,巴西JBS,176,2,assets/data/world500/workbench/world500_ghg_contextual_series_review_queue.csv | assets/data/world500/workbench/world500_ghg_p2_low_evidence_contextual_edge_queue.csv,P1_find_named_series_source | P2_low_evidence_contextual_edge,P1_find_named_series_source | P2_low_evidence_contextual_edge,,Only explicitly named GHG Protocol series citations can be upgraded to strong standard-company-series edges; contextual edges must stay review-only or be demoted.,逐条回到 PDF 页级证据，能显式命名具体 GHG 系列的升级；不能命名的降级或删除。,Return to page-level PDF text. Upgrade only if the concrete GHG Protocol series is explicitly named; otherwise keep review-only or demote the edge.,JBS_Sustainability_Report_2023.pdf,21,"Structured standard tag: GHG Protocol; Standard role: Accounting standard the environmental footprint of operations and implementing actions to reduce these impacts, both in the company’s own operations and those of its suppliers. • Global inventory of direct and indirect greenhouse gas (GHG) emissions, followin JBS_Sustainability_Report_2023.pdf CATEGORY …"
P0,R1_GHG_FINE_SERIES_AND_STANDARD_COMPANY_MAPPING,ghg_protocol_fine_series,r198_wilmarinternational,WILMAR INTERNATIONAL,丰益国际,198,2,assets/data/world500/workbench/world500_ghg_out_of_whitelist_series_review_queue.csv,P0_isolate_out_of_whitelist_ghg_reference,P0_isolate_out_of_whitelist_ghg_reference,,Only explicitly named GHG Protocol series citations can be upgraded to strong standard-company-series edges; contextual edges must stay review-only or be demoted.,逐条回到 PDF 页级证据，能显式命名具体 GHG 系列的升级；不能命名的降级或删除。,Return to page-level PDF text. Upgrade only if the concrete GHG Protocol series is explicitly named; otherwise keep review-only or demote the edge.,24_0151_wilmar_2024_sr-v7-27-may.pdf,24,to align with our NDPE commitments and Agriculture Sectoral Roadmap to 1.5-degree Celsius: Palm Oil Sectoral Roadmap Commitment Index. 7 These avoided emissions directly contribute to a reduction in our Scope 1 emissions. Emissions are calc
P0,R1_GHG_FINE_SERIES_AND_STANDARD_COMPANY_MAPPING,ghg_protocol_fine_series,r199_caterpillar,CATERPILLAR,卡特彼勒,199,2,assets/data/world500/workbench/world500_ghg_contextual_series_review_queue.csv | assets/data/world500/workbench/world500_ghg_p2_low_evidence_contextual_edge_queue.csv,P1_find_named_series_source | P2_low_evidence_contextual_edge,P1_find_named_series_source | P2_low_evidence_contextual_edge,,Only explicitly named GHG Protocol series citations can be upgraded to strong standard-company-series edges; contextual edges must stay review-only or be demoted.,逐条回到 PDF 页级证据，能显式命名具体 GHG 系列的升级；不能命名的降级或删除。,Return to page-level PDF text. Upgrade only if the concrete GHG Protocol series is explicitly named; otherwise keep review-only or demote the edge.,CATERPILLAR 2024 SUSTAINABILITY REPORT.pdf,29,"Structured standard tag: GHG Protocol; Standard role: Accounting standard; Matched keywords: Estimated value cope 3 emissions are either not relevant to our business or are immaterial, representing collectively less than 5% of total enterprise GHG emissions. The trend of Caterpillar’s estimated Scope 3 use of sold products emissions, which utilize CATERPILL…"
P0,R1_GHG_FINE_SERIES_AND_STANDARD_COMPANY_MAPPING,ghg_protocol_fine_series,r208_sumitomomitsuifinancialgroup,SUMITOMO MITSUI FINANCIAL GROUP,日本三井住友金融集团,208,2,assets/data/world500/workbench/world500_ghg_contextual_series_review_queue.csv | assets/data/world500/workbench/world500_ghg_p2_low_evidence_contextual_edge_queue.csv,P1_find_named_series_source | P2_low_evidence_contextual_edge,P1_find_named_series_source | P2_low_evidence_contextual_edge,,Only explicitly named GHG Protocol series citations can be upgraded to strong standard-company-series edges; contextual edges must stay review-only or be demoted.,逐条回到 PDF 页级证据，能显式命名具体 GHG 系列的升级；不能命名的降级或删除。,Return to page-level PDF text. Upgrade only if the concrete GHG Protocol series is explicitly named; otherwise keep review-only or demote the edge.,SUMITOMO MITSUI FINANCIAL GROUP sustainability_report_e_2025.pdf,125,"ment 09. Appendix 07. Governance 05. Strategy 08. Metrics and targets 01. Message from the Group CEO 02. Editorial policy Calculation method for Scopes 1 and 2 GHG emissions relating to Scopes 1, 2, and 3 (Categories 1 to 14) are calculated"
P0,R1_GHG_FINE_SERIES_AND_STANDARD_COMPANY_MAPPING,ghg_protocol_fine_series,r217_bancodobrasil,BANCO DO BRASIL,巴西银行,217,2,assets/data/world500/workbench/world500_ghg_contextual_series_review_queue.csv | assets/data/world500/workbench/world500_ghg_p2_low_evidence_contextual_edge_queue.csv,P1_find_named_series_source | P2_low_evidence_contextual_edge,P1_find_named_series_source | P2_low_evidence_contextual_edge,,Only explicitly named GHG Protocol series citations can be upgraded to strong standard-company-series edges; contextual edges must stay review-only or be demoted.,逐条回到 PDF 页级证据，能显式命名具体 GHG 系列的升级；不能命名的降级或删除。,Return to page-level PDF text. Upgrade only if the concrete GHG Protocol series is explicitly named; otherwise keep review-only or demote the edge.,BANCO DO BRASIL Annual Report - 2024.pdf,130,"1 emissions by 42% by 2030, based on the criteria of the Science-Based Targets initiative (SBTi) and the scenario of a global temperature increase below 2°C. To achieve this goal, we maintain an annual GHG inventory, in accordance with NBR"
P0,R1_GHG_FINE_SERIES_AND_STANDARD_COMPANY_MAPPING,ghg_protocol_fine_series,r241_tdsynnex公司,TD Synnex,TD Synnex,241,2,assets/data/world500/workbench/world500_ghg_contextual_series_review_queue.csv | assets/data/world500/workbench/world500_ghg_p2_low_evidence_contextual_edge_queue.csv,P1_find_named_series_source | P2_low_evidence_contextual_edge,P1_find_named_series_source | P2_low_evidence_contextual_edge,,Only explicitly named GHG Protocol series citations can be upgraded to strong standard-company-series edges; contextual edges must stay review-only or be demoted.,逐条回到 PDF 页级证据，能显式命名具体 GHG 系列的升级；不能命名的降级或删除。,Return to page-level PDF text. Upgrade only if the concrete GHG Protocol series is explicitly named; otherwise keep review-only or demote the edge.,tdsynnex-fy2024-ccr-ada.pdf,67,recisely reflect the absolute figures. GHG TD SYNNEX’s GHG inventory is consistent with the principles and guidance of the World Resources Institute (WRI) and the World Business Council for Sustainable Development’s (WBCSD) Greenhouse Gas P
P0,R1_GHG_FINE_SERIES_AND_STANDARD_COMPANY_MAPPING,ghg_protocol_fine_series,r260_newyorklifeinsurance,NEW YORK LIFE INSURANCE,美国纽约人寿保险公司,260,2,assets/data/world500/workbench/world500_ghg_contextual_series_review_queue.csv | assets/data/world500/workbench/world500_ghg_p2_low_evidence_contextual_edge_queue.csv,P1_find_named_series_source | P2_low_evidence_contextual_edge,P1_find_named_series_source | P2_low_evidence_contextual_edge,,Only explicitly named GHG Protocol series citations can be upgraded to strong standard-company-series edges; contextual edges must stay review-only or be demoted.,逐条回到 PDF 页级证据，能显式命名具体 GHG 系列的升级；不能命名的降级或删除。,Return to page-level PDF text. Upgrade only if the concrete GHG Protocol series is explicitly named; otherwise keep review-only or demote the edge.,2024NEW YORK LIFE INSURANCE Corporate-Responsibility-Report.pdf,44,"OPERATIONAL TARGET AND SCOPE 1 AND 2 EMISSIONS In 2024, New York Life's operational Scope 1 and 2 were down 16% compared to our 2019 baseline. This is due to reduced energy usage and the addition of new sites with actual data to our footpri"
P0,R1_GHG_FINE_SERIES_AND_STANDARD_COMPANY_MAPPING,ghg_protocol_fine_series,r282_volvo,VOLVO,沃尔沃集团,282,2,assets/data/world500/workbench/world500_ghg_contextual_series_review_queue.csv | assets/data/world500/workbench/world500_ghg_p2_low_evidence_contextual_edge_queue.csv,P1_find_named_series_source | P2_low_evidence_contextual_edge,P1_find_named_series_source | P2_low_evidence_contextual_edge,,Only explicitly named GHG Protocol series citations can be upgraded to strong standard-company-series edges; contextual edges must stay review-only or be demoted.,逐条回到 PDF 页级证据，能显式命名具体 GHG 系列的升级；不能命名的降级或删除。,Return to page-level PDF text. Upgrade only if the concrete GHG Protocol series is explicitly named; otherwise keep review-only or demote the edge.,volvo-group-annual-report-2024.pdf,152,Structured standard tag: GHG Protocol; Standard role: Accounting standard opes. These interim targets shall be reviewed at a minimum every five years or in case of significant changes. The following priorities apply for GHG reductions to reach net- zero value chain GHG emissions across all relevant emission scope volvo-group-annual-report-2024.pdf Scenario …
P0,R1_GHG_FINE_SERIES_AND_STANDARD_COMPANY_MAPPING,ghg_protocol_fine_series,r297_sanofi,SANOFI,赛诺菲,297,2,assets/data/world500/workbench/world500_ghg_contextual_series_review_queue.csv | assets/data/world500/workbench/world500_ghg_p2_low_evidence_contextual_edge_queue.csv,P1_find_named_series_source | P2_low_evidence_contextual_edge,P1_find_named_series_source | P2_low_evidence_contextual_edge,,Only explicitly named GHG Protocol series citations can be upgraded to strong standard-company-series edges; contextual edges must stay review-only or be demoted.,逐条回到 PDF 页级证据，能显式命名具体 GHG 系列的升级；不能命名的降级或删除。,Return to page-level PDF text. Upgrade only if the concrete GHG Protocol series is explicitly named; otherwise keep review-only or demote the edge.,SANOFI-sustainability-statement-2024--ESG-Report-.pdf,29,"Structured standard tag: GHG Protocol; Standard role: Accounting standard . Decarbonization levers for reducing Scope 1 & 2 GHG emissions and progress to date The figures below detail the levers to achieve the Scope 1 & 2 target to reduce GHG emissions by -55% by 2030 from a 2019 baseline, as well as progress to SANOFI-sustainability-statement-2024--ESG-Rep…"
P0,R1_GHG_FINE_SERIES_AND_STANDARD_COMPANY_MAPPING,ghg_protocol_fine_series,r302_chubb,CHUBB,安达保险公司,302,2,assets/data/world500/workbench/world500_ghg_contextual_series_review_queue.csv | assets/data/world500/workbench/world500_ghg_p2_low_evidence_contextual_edge_queue.csv,P1_find_named_series_source | P2_low_evidence_contextual_edge,P1_find_named_series_source | P2_low_evidence_contextual_edge,,Only explicitly named GHG Protocol series citations can be upgraded to strong standard-company-series edges; contextual edges must stay review-only or be demoted.,逐条回到 PDF 页级证据，能显式命名具体 GHG 系列的升级；不能命名的降级或删除。,Return to page-level PDF text. Upgrade only if the concrete GHG Protocol series is explicitly named; otherwise keep review-only or demote the edge.,Chubb-2024-Sustainability-Report.pdf,13,untry where is it available for purchase and reasonably priced. The GHG emissions data reported below covers fiscal year 2024. Chubb uses methodology based on the World Resources Institute and the World Business Council for Sustainable Deve
P0,R1_GHG_FINE_SERIES_AND_STANDARD_COMPANY_MAPPING,ghg_protocol_fine_series,r313_exor集团,EXOR,EXOR,313,2,assets/data/world500/workbench/world500_ghg_contextual_series_review_queue.csv | assets/data/world500/workbench/world500_ghg_p2_low_evidence_contextual_edge_queue.csv,P1_find_named_series_source | P2_low_evidence_contextual_edge,P1_find_named_series_source | P2_low_evidence_contextual_edge,,Only explicitly named GHG Protocol series citations can be upgraded to strong standard-company-series edges; contextual edges must stay review-only or be demoted.,逐条回到 PDF 页级证据，能显式命名具体 GHG 系列的升级；不能命名的降级或删除。,Return to page-level PDF text. Upgrade only if the concrete GHG Protocol series is explicitly named; otherwise keep review-only or demote the edge.,EXOR GROUP Sustainability Report 2023.pdf,6,"environmental impact as a standalone company is limited given its size, Exor still has a responsibility to reduce its emissions at holding company level. Exor has calculated its GHG inventory in accordance with the internationally recognise"
P0,R1_GHG_FINE_SERIES_AND_STANDARD_COMPANY_MAPPING,ghg_protocol_fine_series,r346_dow,DOW,陶氏公司,346,2,assets/data/world500/workbench/world500_ghg_contextual_series_review_queue.csv | assets/data/world500/workbench/world500_ghg_p2_low_evidence_contextual_edge_queue.csv,P1_find_named_series_source | P2_low_evidence_contextual_edge,P1_find_named_series_source | P2_low_evidence_contextual_edge,,Only explicitly named GHG Protocol series citations can be upgraded to strong standard-company-series edges; contextual edges must stay review-only or be demoted.,逐条回到 PDF 页级证据，能显式命名具体 GHG 系列的升级；不能命名的降级或删除。,Return to page-level PDF text. Upgrade only if the concrete GHG Protocol series is explicitly named; otherwise keep review-only or demote the edge.,DOW-2024-progress-report.pdf,2,Structured standard tag: GHG Protocol; Standard role: Accounting standard ING ACCOUNTABILITY AND BEST-IN-CLASS PERFORMANCE Corporate Governance 28 Accountability in Action Through Corporate Governance Reporting & Disclosures 30 GRI Disclosure Report 114 GRI Assurance Statement 115 Greenhouse Gas (GHG) Protocol Di DOW-2024-progress-report.pdf 2024 PROGRESS R…
P0,R1_GHG_FINE_SERIES_AND_STANDARD_COMPANY_MAPPING,ghg_protocol_fine_series,r359_massachusettsmutuallifeinsurance,MASSACHUSETTS MUTUAL LIFE INSURANCE,万通互惠理财公司,359,2,assets/data/world500/workbench/world500_ghg_contextual_series_review_queue.csv | assets/data/world500/workbench/world500_ghg_p2_low_evidence_contextual_edge_queue.csv,P1_find_named_series_source | P2_low_evidence_contextual_edge,P1_find_named_series_source | P2_low_evidence_contextual_edge,,Only explicitly named GHG Protocol series citations can be upgraded to strong standard-company-series edges; contextual edges must stay review-only or be demoted.,逐条回到 PDF 页级证据，能显式命名具体 GHG 系列的升级；不能命名的降级或删除。,Return to page-level PDF text. Upgrade only if the concrete GHG Protocol series is explicitly named; otherwise keep review-only or demote the edge.,2024-MASSACHUSETTS MUTUAL LIFE INSURANCE-sustainabilityreport.pdf,18,cilities and vehicles to track our energy consumption and carbon footprint. This approach allows us to regularly assess our performance against our targets and make necessary adjustments to stay on course. We calculate our GHG emissions in
P0,R1_GHG_FINE_SERIES_AND_STANDARD_COMPANY_MAPPING,ghg_protocol_fine_series,r365_travelers公司,Travelers,Travelers,365,2,assets/data/world500/workbench/world500_ghg_contextual_series_review_queue.csv | assets/data/world500/workbench/world500_ghg_p1_named_series_missing_queue.csv,P0_upgrade_contextual_to_explicit | P1_named_series_missing_from_sample,P0_upgrade_contextual_to_explicit | P1_named_series_missing_from_sample,,Only explicitly named GHG Protocol series citations can be upgraded to strong standard-company-series edges; contextual edges must stay review-only or be demoted.,逐条回到 PDF 页级证据，能显式命名具体 GHG 系列的升级；不能命名的降级或删除。,Return to page-level PDF text. Upgrade only if the concrete GHG Protocol series is explicitly named; otherwise keep review-only or demote the edge.,Travelers_SustainabilityReport2024.pdf,77,"iness travel only) emissions data for the most recent three years, which has been verified by an independent third party. In addition, we include data for 2011 since it serves as the base year for the company’s initial GHG emissions reducti"
P0,R1_GHG_FINE_SERIES_AND_STANDARD_COMPANY_MAPPING,ghg_protocol_fine_series,r367_canadianimperialbankofcommerce,CANADIAN IMPERIAL BANK OF COMMERCE,加拿大帝国商业银行,367,2,assets/data/world500/workbench/world500_ghg_contextual_series_review_queue.csv | assets/data/world500/workbench/world500_ghg_p2_low_evidence_contextual_edge_queue.csv,P1_find_named_series_source | P2_low_evidence_contextual_edge,P1_find_named_series_source | P2_low_evidence_contextual_edge,,Only explicitly named GHG Protocol series citations can be upgraded to strong standard-company-series edges; contextual edges must stay review-only or be demoted.,逐条回到 PDF 页级证据，能显式命名具体 GHG 系列的升级；不能命名的降级或删除。,Return to page-level PDF text. Upgrade only if the concrete GHG Protocol series is explicitly named; otherwise keep review-only or demote the edge.,CANADIAN IMPERIAL BANK OF COMMERCE-sustainability-report-2024-en.pdf,100,(1) 2024 purchased carbon removals relate to reforestation projects that adhere to the AB32 Compliance; Climate Action Reserve voluntary market standard. (2) All Scope 3 emissions are calculated and disclosed using the following reporting s
P0,R1_GHG_FINE_SERIES_AND_STANDARD_COMPANY_MAPPING,ghg_protocol_fine_series,r397_xiaomi,XIAOMI,小米集团,397,2,assets/data/world500/workbench/world500_ghg_contextual_series_review_queue.csv | assets/data/world500/workbench/world500_ghg_p2_low_evidence_contextual_edge_queue.csv,P1_find_named_series_source | P2_low_evidence_contextual_edge,P1_find_named_series_source | P2_low_evidence_contextual_edge,,Only explicitly named GHG Protocol series citations can be upgraded to strong standard-company-series edges; contextual edges must stay review-only or be demoted.,逐条回到 PDF 页级证据，能显式命名具体 GHG 系列的升级；不能命名的降级或删除。,Return to page-level PDF text. Upgrade only if the concrete GHG Protocol series is explicitly named; otherwise keep review-only or demote the edge.,Xiaomi 2023 Environmental | Social | and Governance Report.pdf,37,"Structured standard tag: GHG Protocol; Standard role: Accounting standard iaomi’s goal of attaining to achieve carbon neutrality by 2040, we further updated our GHG reduction targets accordingly during the year. 28 GHG emissions: Refers to the Company’s GHG emissions (absolute value) calculated in accordance wit Xiaomi 2023 Environmental, Social, and Gover…"
P0,R1_GHG_FINE_SERIES_AND_STANDARD_COMPANY_MAPPING,ghg_protocol_fine_series,r401_suncorenergy,SUNCOR ENERGY,森科能源公司,401,2,assets/data/world500/workbench/world500_ghg_contextual_series_review_queue.csv | assets/data/world500/workbench/world500_ghg_p2_low_evidence_contextual_edge_queue.csv,P1_find_named_series_source | P2_low_evidence_contextual_edge,P1_find_named_series_source | P2_low_evidence_contextual_edge,,Only explicitly named GHG Protocol series citations can be upgraded to strong standard-company-series edges; contextual edges must stay review-only or be demoted.,逐条回到 PDF 页级证据，能显式命名具体 GHG 系列的升级；不能命名的降级或删除。,Return to page-level PDF text. Upgrade only if the concrete GHG Protocol series is explicitly named; otherwise keep review-only or demote the edge.,2023_SUNCOR ENERGY_sustainability_report.pdf,68,Structured standard tag: GHG Protocol; Standard role: Accounting standard (clays) or residual bitumen or other hydrocarbons. Greenhouse gas (GHG) The six gases listed in the Kyoto Protocol: carbon dioxide (CO2); methane (CH4); nitrous oxide (N2O); hydrofluorocarbons (HFCs); perfluorocarbons (PFCs); and sulphur he 2023_SUNCOR ENERGY_sustainability_report.pdf…
P0,R1_GHG_FINE_SERIES_AND_STANDARD_COMPANY_MAPPING,ghg_protocol_fine_series,r433_mercadona公司,Mercadona,Mercadona,433,2,assets/data/world500/workbench/world500_ghg_contextual_series_review_queue.csv | assets/data/world500/workbench/world500_ghg_p1_named_series_missing_queue.csv,P0_upgrade_contextual_to_explicit | P1_named_series_missing_from_sample,P0_upgrade_contextual_to_explicit | P1_named_series_missing_from_sample,,Only explicitly named GHG Protocol series citations can be upgraded to strong standard-company-series edges; contextual edges must stay review-only or be demoted.,逐条回到 PDF 页级证据，能显式命名具体 GHG 系列的升级；不能命名的降级或删除。,Return to page-level PDF text. Upgrade only if the concrete GHG Protocol series is explicitly named; otherwise keep review-only or demote the edge.,Mercadona-annual-report-2024.pdf,87,"nd climate change Every year, Mercadona analyses its carbon footprint to determine its evolution and establish new objectives and strategies to accelerate the reduction of its impact. Over the last twelve months, following the application o"
P0,R1_GHG_FINE_SERIES_AND_STANDARD_COMPANY_MAPPING,ghg_protocol_fine_series,r449_nationalaustraliabank,NATIONAL AUSTRALIA BANK,澳大利亚国民银行,449,2,assets/data/world500/workbench/world500_ghg_contextual_series_review_queue.csv | assets/data/world500/workbench/world500_ghg_p2_low_evidence_contextual_edge_queue.csv,P1_find_named_series_source | P2_low_evidence_contextual_edge,P1_find_named_series_source | P2_low_evidence_contextual_edge,,Only explicitly named GHG Protocol series citations can be upgraded to strong standard-company-series edges; contextual edges must stay review-only or be demoted.,逐条回到 PDF 页级证据，能显式命名具体 GHG 系列的升级；不能命名的降级或删除。,Return to page-level PDF text. Upgrade only if the concrete GHG Protocol series is explicitly named; otherwise keep review-only or demote the edge.,2024-NATIONAL AUSTRALIA BANK-climate-report.pdf,66,s identifying significant emission sources and implementing effective reduction measures in line with the GHG emissions reduction hierarchy. The Group adheres to the 'operational control' method for establishing our emissions reporting boun
P0,R1_GHG_FINE_SERIES_AND_STANDARD_COMPANY_MAPPING,ghg_protocol_fine_series,r450_sap公司,SAP,SAP,450,2,assets/data/world500/workbench/world500_ghg_contextual_series_review_queue.csv | assets/data/world500/workbench/world500_ghg_p1_named_series_missing_queue.csv,P0_upgrade_contextual_to_explicit | P1_named_series_missing_from_sample,P0_upgrade_contextual_to_explicit | P1_named_series_missing_from_sample,,Only explicitly named GHG Protocol series citations can be upgraded to strong standard-company-series edges; contextual edges must stay review-only or be demoted.,逐条回到 PDF 页级证据，能显式命名具体 GHG 系列的升级；不能命名的降级或删除。,Return to page-level PDF text. Upgrade only if the concrete GHG Protocol series is explicitly named; otherwise keep review-only or demote the edge.,SAP integrated_report2024.pdf,2,"pared in accordance with the European Sustainability Reporting Standards (ESRS), which require a report to provide a comprehensive picture of its material impacts, risks and opportunities and how these are managed. Greenhouse gas data is pr"
P0,R1_GHG_FINE_SERIES_AND_STANDARD_COMPANY_MAPPING,ghg_protocol_fine_series,r487_heineken,HEINEKEN,喜力公司,487,2,assets/data/world500/workbench/world500_ghg_contextual_series_review_queue.csv | assets/data/world500/workbench/world500_ghg_p2_low_evidence_contextual_edge_queue.csv,P1_find_named_series_source | P2_low_evidence_contextual_edge,P1_find_named_series_source | P2_low_evidence_contextual_edge,,Only explicitly named GHG Protocol series citations can be upgraded to strong standard-company-series edges; contextual edges must stay review-only or be demoted.,逐条回到 PDF 页级证据，能显式命名具体 GHG 系列的升级；不能命名的降级或删除。,Return to page-level PDF text. Upgrade only if the concrete GHG Protocol series is explicitly named; otherwise keep review-only or demote the edge.,heineken_n_v_annual_report_2024_final_20feb2025.pdf,172,"Structured standard tag: GHG Protocol; Standard role: Accounting standard ty need to be improved and prices for high-quality removal projects can be prohibitive, reflecting the early stage of this market. As it evolves, we will assess its potential to complement our broader decarbonisation efforts. Evolving accou heineken_n_v_annual_report_2024_final_20feb2…"
P0,R1_GHG_FINE_SERIES_AND_STANDARD_COMPANY_MAPPING,ghg_protocol_fine_series,r001_walmart,WALMART,沃尔玛,1,1,assets/data/world500/workbench/world500_ghg_out_of_whitelist_series_review_queue.csv,P0_isolate_out_of_whitelist_ghg_reference,P0_isolate_out_of_whitelist_ghg_reference,,Only explicitly named GHG Protocol series citations can be upgraded to strong standard-company-series edges; contextual edges must stay review-only or be demoted.,逐条回到 PDF 页级证据，能显式命名具体 GHG 系列的升级；不能命名的降级或删除。,Return to page-level PDF text. Upgrade only if the concrete GHG Protocol series is explicitly named; otherwise keep review-only or demote the edge.,FY2025-Walmart-ESG-Report.pdf,7,rting Walmart Inc. calculates its GHG emissions footprint estimates in alignment with the Greenhouse Gas Protocol’s Corporate Accounting and Reporting Standard as well as the Corporate Value Chain (Scope 3) Accounting and Reporting Standard
P0,R1_GHG_FINE_SERIES_AND_STANDARD_COMPANY_MAPPING,ghg_protocol_fine_series,r017_alphabet公司,Alphabet,Alphabet,17,1,assets/data/world500/workbench/world500_ghg_out_of_whitelist_series_review_queue.csv,P0_isolate_out_of_whitelist_ghg_reference,P0_isolate_out_of_whitelist_ghg_reference,,Only explicitly named GHG Protocol series citations can be upgraded to strong standard-company-series edges; contextual edges must stay review-only or be demoted.,逐条回到 PDF 页级证据，能显式命名具体 GHG 系列的升级；不能命名的降级或删除。,Return to page-level PDF text. Upgrade only if the concrete GHG Protocol series is explicitly named; otherwise keep review-only or demote the edge.,google-2025-environmental-report.pdf,80,"Structured standard tag: GHG Protocol; Standard role: Accounting standard; Matched keywords: Market-based ting 26% of our total 2024 ambition-based carbon footprint. Compared to 2023, we reduced our scope 2 (market-based) emissions by 11%, primarily due to clean energy procurement. For scope 2 emissions accounting, clean energy purchases must b google-2025-…"
P0,R1_GHG_FINE_SERIES_AND_STANDARD_COMPANY_MAPPING,ghg_protocol_fine_series,r100_sk集团,SK,SK,100,1,assets/data/world500/workbench/world500_ghg_out_of_whitelist_series_review_queue.csv,P0_isolate_out_of_whitelist_ghg_reference,P0_isolate_out_of_whitelist_ghg_reference,,Only explicitly named GHG Protocol series citations can be upgraded to strong standard-company-series edges; contextual edges must stay review-only or be demoted.,逐条回到 PDF 页级证据，能显式命名具体 GHG 系列的升级；不能命名的降级或删除。,Return to page-level PDF text. Upgrade only if the concrete GHG Protocol series is explicitly named; otherwise keep review-only or demote the edge.,2025_SK-Inc_Sustainability Report_KOR.pdf,46,"ppendix 2025 SK주식회사 지속가능경영보고서 06 기후변화 대응(TCFD) 청정기술/사업 투자 환경영향 관리 · SK주식회사는 업스트림(카테고리 1~7)과 다운스트림(카테고리 11, 12, 15)으로 구분하여 관리하고, Scope 3 배출량 정교화를 위해 제3자 검증 수행 · 출퇴근, 출장, 제품 사용 등 당사에 적용되는 모든 카테고리의 배출량을 산정 · Scope 3 배출량의 약 90%가 카테고리 15(투자 항목)"
P0,R1_GHG_FINE_SERIES_AND_STANDARD_COMPANY_MAPPING,ghg_protocol_fine_series,r334_caixaeconômicafederal,CAIXA ECONÔMICA FEDERAL,巴西联邦储蓄银行,334,1,assets/data/world500/workbench/world500_ghg_out_of_whitelist_series_review_queue.csv,P0_isolate_out_of_whitelist_ghg_reference,P0_isolate_out_of_whitelist_ghg_reference,,Only explicitly named GHG Protocol series citations can be upgraded to strong standard-company-series edges; contextual edges must stay review-only or be demoted.,逐条回到 PDF 页级证据，能显式命名具体 GHG 系列的升级；不能命名的降级或删除。,Return to page-level PDF text. Upgrade only if the concrete GHG Protocol series is explicitly named; otherwise keep review-only or demote the edge.,CAIXA ECONÔMICA FEDERAL relatorio-sustentabilidade-2024.pdf,9,"apacitação Digital. A premiação ocorreu no dia 1/11, em São Paulo. O Prêmio Inovativos é uma celebração da inovação digital aplicada ao desenvolvimento sustentável dos negócios. ² Programa Brasileiro GHG Protocol: iniciativa que visa promover a mensuração e a gestão das emissões de Gases de Efeito Estufa (GEE) no Brasil, adaptando a metodologia internaciona…"
P0,R1_GHG_FINE_SERIES_AND_STANDARD_COMPANY_MAPPING,ghg_protocol_fine_series,r426_qualcomm,QUALCOMM,高通,426,1,assets/data/world500/workbench/world500_ghg_out_of_whitelist_series_review_queue.csv,P0_isolate_out_of_whitelist_ghg_reference,P0_isolate_out_of_whitelist_ghg_reference,,Only explicitly named GHG Protocol series citations can be upgraded to strong standard-company-series edges; contextual edges must stay review-only or be demoted.,逐条回到 PDF 页级证据，能显式命名具体 GHG 系列的升级；不能命名的降级或删除。,Return to page-level PDF text. Upgrade only if the concrete GHG Protocol series is explicitly named; otherwise keep review-only or demote the edge.,2024-qualcomm-corporate-responsibility-report.pdf,50,30 Annual avoided emissions of CO2e due to cumulative investments made for energy efficiency for global facilities. 31 GHG emissions data are calculated using the GHG Protocol Corporate Accounting and Reporting Standard. Our Environment Uni
P0,R2_TOTAL_EMISSIONS_RANKING_DESC,emissions_ranking,r289_maerskgroup,MAERSK GROUP,马士基集团,289,4,assets/data/world500/workbench/world500_emissions_scope1_backfill_queue.csv | assets/data/world500/workbench/world500_emissions_scope2_method_backfill_queue.csv | assets/data/world500/workbench/world500_emissions_scope3_backfill_queue.csv | assets/data/world500/workbench/world500_emissions_selected_evidence_element_review_queue.csv,scope1_value_backfill | scope2_value_or_method_backfill | scope3_value_backfill | selected_evidence_element_review,P0_review_selected_evidence_elements,,"Only companies with complete strong Scope 1 + selected Scope 2 value/method + Scope 3 evidence, plus explicit finance Scope 3 boundary where applicable, can enter the comparable total-emissions ranking.",按 Scope 1、Scope 2 方法/数值、Scope 3 缺口队列补齐完整强证据总量。,"Backfill missing Scope value, unit, year, boundary, and Scope 2 method before adding the company to the complete comparable ranking.",Maersk Annual Report 2024.pdf,89,
P0,R2_TOTAL_EMISSIONS_RANKING_DESC,emissions_ranking,r320_orange公司,Orange,Orange,320,4,assets/data/world500/workbench/world500_emissions_scope1_backfill_queue.csv | assets/data/world500/workbench/world500_emissions_scope2_method_backfill_queue.csv | assets/data/world500/workbench/world500_emissions_scope2_value_backfill_queue.csv | assets/data/world500/workbench/world500_emissions_unit_scale_review_queue.csv,scope1_value_backfill | scope2_value_or_method_backfill | scope2_value_backfill | emissions_unit_scale_or_scope2_method_context_review,P1_backfill_scope2_method,,"Only companies with complete strong Scope 1 + selected Scope 2 value/method + Scope 3 evidence, plus explicit finance Scope 3 boundary where applicable, can enter the comparable total-emissions ranking.",按 Scope 1、Scope 2 方法/数值、Scope 3 缺口队列补齐完整强证据总量。,"Backfill missing Scope value, unit, year, boundary, and Scope 2 method before adding the company to the complete comparable ranking.",ORANGE rapport annuel 2024-2025.pdf,3,"oire, Égypte, Guinée, Guinée-Bissau, Jordanie, Liberia, Madagascar, Mali, Maroc, Maurice, République centrafricaine, République démocratique du Congo, Sénégal, Sierra Leone, Tunisie. Déployer et opérer des réseaux fixe et mobile 6,3 Mds € d’investissements (eCapex hors Espagne). 60,1 M de foyers raccordables au FTTH 1 dans le monde dont 28,3 M de prises déployées en propre par Orange en Europe et 4,9 M en Afrique et au Moyen-Orient. 4G / 5G Près de 99 % de la population couverte en moyenne en 4G dans nos 7 pays d’Europe consolidés (+ Espagne) et 17 pays couverts en Afrique et au Moyen-Orient. 5G disponible dans nos 7 pays d’Europe et 2 pays d’Afrique et du Moyen-Orient. Données au 31 décembre 2024. 1. Fiber to the home. 2. Gaz à effet de serre. 3. Variation en données historiques. Commercialiser des services numériques 253 M de clients mobile et 22 M de clients haut débit fixe. 39,7 M de clients actifs Orange Money. 65 % des pays Orange leaders, ou à parité, sur la satisfaction client (Net Promoter Score). Orientations RSE 38,6 % de réduction des émissions de GES 2 entre 2015 et 2024 sur les scopes 1 et 2 (– 37,4 % en 2023) 3 et 10,7 % de réduction entre 2018 et 2024 sur le scope 3. 5 361 KtCO2eq d’émissions de carbone tous scopes confondus (5 723 ktCO2eq en 2023). 29 % de mobiles usagés collectés dans nos 7 pays d’Europe (hors Espagne) par rapport au nombre de mobiles vendus e"
P0,R2_TOTAL_EMISSIONS_RANKING_DESC,emissions_ranking,r401_suncorenergy,SUNCOR ENERGY,森科能源公司,401,4,assets/data/world500/workbench/world500_emissions_scope1_backfill_queue.csv | assets/data/world500/workbench/world500_emissions_scope2_method_backfill_queue.csv | assets/data/world500/workbench/world500_emissions_scope3_backfill_queue.csv | assets/data/world500/workbench/world500_emissions_selected_evidence_element_review_queue.csv,scope1_value_backfill | scope2_value_or_method_backfill | scope3_value_backfill | selected_evidence_element_review,P0_review_selected_evidence_elements,,"Only companies with complete strong Scope 1 + selected Scope 2 value/method + Scope 3 evidence, plus explicit finance Scope 3 boundary where applicable, can enter the comparable total-emissions ranking.",按 Scope 1、Scope 2 方法/数值、Scope 3 缺口队列补齐完整强证据总量。,"Backfill missing Scope value, unit, year, boundary, and Scope 2 method before adding the company to the complete comparable ranking.",2023_SUNCOR ENERGY_sustainability_report.pdf,74,
P0,R2_TOTAL_EMISSIONS_RANKING_DESC,emissions_ranking,r024_glencore,GLENCORE,嘉能可,24,3,assets/data/world500/workbench/world500_emissions_scope2_method_backfill_queue.csv | assets/data/world500/workbench/world500_emissions_scope2_value_backfill_queue.csv | assets/data/world500/workbench/world500_emissions_scope3_backfill_queue.csv,scope2_value_or_method_backfill | scope2_value_backfill | scope3_value_backfill,P0_backfill_scope3,,"Only companies with complete strong Scope 1 + selected Scope 2 value/method + Scope 3 evidence, plus explicit finance Scope 3 boundary where applicable, can enter the comparable total-emissions ranking.",按 Scope 1、Scope 2 方法/数值、Scope 3 缺口队列补齐完整强证据总量。,"Backfill missing Scope value, unit, year, boundary, and Scope 2 method before adding the company to the complete comparable ranking.",Glencore_2024_Sustainability_Report.pdf,65,
P0,R2_TOTAL_EMISSIONS_RANKING_DESC,emissions_ranking,r027_cardinalhealth,CARDINAL HEALTH,嘉德诺健康集团,27,3,assets/data/world500/workbench/world500_emissions_scope2_method_backfill_queue.csv | assets/data/world500/workbench/world500_emissions_scope2_value_backfill_queue.csv | assets/data/world500/workbench/world500_emissions_scope3_backfill_queue.csv,scope2_value_or_method_backfill | scope2_value_backfill | scope3_value_backfill,P0_backfill_scope3,,"Only companies with complete strong Scope 1 + selected Scope 2 value/method + Scope 3 evidence, plus explicit finance Scope 3 boundary where applicable, can enter the comparable total-emissions ranking.",按 Scope 1、Scope 2 方法/数值、Scope 3 缺口队列补齐完整强证据总量。,"Backfill missing Scope value, unit, year, boundary, and Scope 2 method before adding the company to the complete comparable ranking.",cardinal-health-fy24-ESG-report.pdf,80,
P0,R2_TOTAL_EMISSIONS_RANKING_DESC,emissions_ranking,r042_mercedesbenzgroup,MERCEDES-BENZ GROUP,梅赛德斯-奔驰集团,42,3,assets/data/world500/workbench/world500_emissions_scope2_method_backfill_queue.csv | assets/data/world500/workbench/world500_emissions_scope2_value_backfill_queue.csv | assets/data/world500/workbench/world500_emissions_scope3_backfill_queue.csv,scope2_value_or_method_backfill | scope2_value_backfill | scope3_value_backfill,P0_backfill_scope3,,"Only companies with complete strong Scope 1 + selected Scope 2 value/method + Scope 3 evidence, plus explicit finance Scope 3 boundary where applicable, can enter the comparable total-emissions ranking.",按 Scope 1、Scope 2 方法/数值、Scope 3 缺口队列补齐完整强证据总量。,"Backfill missing Scope value, unit, year, boundary, and Scope 2 method before adding the company to the complete comparable ranking.",mercedes-benz-ir-sustainability-targets-and-metrics-summary-2024.pdf,4,
P0,R2_TOTAL_EMISSIONS_RANKING_DESC,emissions_ranking,r049_electricitédefrance,ELECTRICITÉ DE FRANCE,法国电力公司,49,3,assets/data/world500/workbench/world500_emissions_scope2_method_backfill_queue.csv | assets/data/world500/workbench/world500_emissions_scope3_backfill_queue.csv | assets/data/world500/workbench/world500_emissions_selected_evidence_element_review_queue.csv,scope2_value_or_method_backfill | scope3_value_backfill | selected_evidence_element_review,P0_review_selected_evidence_elements,,"Only companies with complete strong Scope 1 + selected Scope 2 value/method + Scope 3 evidence, plus explicit finance Scope 3 boundary where applicable, can enter the comparable total-emissions ranking.",按 Scope 1、Scope 2 方法/数值、Scope 3 缺口队列补齐完整强证据总量。,"Backfill missing Scope value, unit, year, boundary, and Scope 2 method before adding the company to the complete comparable ranking.",edf-urd-annual-financial-report-2024-en-accessible.pdf,204,
P0,R2_TOTAL_EMISSIONS_RANKING_DESC,emissions_ranking,r061_valeroenergy,VALERO ENERGY,瓦莱罗能源公司,61,3,assets/data/world500/workbench/world500_emissions_scope2_method_backfill_queue.csv | assets/data/world500/workbench/world500_emissions_scope2_value_backfill_queue.csv | assets/data/world500/workbench/world500_emissions_scope3_backfill_queue.csv,scope2_value_or_method_backfill | scope2_value_backfill | scope3_value_backfill,P0_backfill_scope3,,"Only companies with complete strong Scope 1 + selected Scope 2 value/method + Scope 3 evidence, plus explicit finance Scope 3 boundary where applicable, can enter the comparable total-emissions ranking.",按 Scope 1、Scope 2 方法/数值、Scope 3 缺口队列补齐完整强证据总量。,"Backfill missing Scope value, unit, year, boundary, and Scope 2 method before adding the company to the complete comparable ranking.",VALERO ENERGY-2024 ESG Report 0823 FINAL pages.pdf,76,
P0,R2_TOTAL_EMISSIONS_RANKING_DESC,emissions_ranking,r079_uniper公司,Uniper,Uniper,79,3,assets/data/world500/workbench/world500_emissions_scope2_method_backfill_queue.csv | assets/data/world500/workbench/world500_emissions_scope2_value_backfill_queue.csv | assets/data/world500/workbench/world500_emissions_scope3_backfill_queue.csv,scope2_value_or_method_backfill | scope2_value_backfill | scope3_value_backfill,P0_backfill_scope3,,"Only companies with complete strong Scope 1 + selected Scope 2 value/method + Scope 3 evidence, plus explicit finance Scope 3 boundary where applicable, can enter the comparable total-emissions ranking.",按 Scope 1、Scope 2 方法/数值、Scope 3 缺口队列补齐完整强证据总量。,"Backfill missing Scope value, unit, year, boundary, and Scope 2 method before adding the company to the complete comparable ranking.",2025_08_07_Uniper_Climate_Transition_Plan_2025.pdf,27,
P0,R2_TOTAL_EMISSIONS_RANKING_DESC,emissions_ranking,r095_lifeinsurancecorpofindia,LIFE INSURANCE CORP. OF INDIA,印度人寿保险公司,95,3,assets/data/world500/workbench/world500_emissions_scope2_method_backfill_queue.csv | assets/data/world500/workbench/world500_emissions_scope2_value_backfill_queue.csv | assets/data/world500/workbench/world500_emissions_scope3_backfill_queue.csv,scope2_value_or_method_backfill | scope2_value_backfill | scope3_value_backfill,P0_backfill_scope3,,"Only companies with complete strong Scope 1 + selected Scope 2 value/method + Scope 3 evidence, plus explicit finance Scope 3 boundary where applicable, can enter the comparable total-emissions ranking.",按 Scope 1、Scope 2 方法/数值、Scope 3 缺口队列补齐完整强证据总量。,"Backfill missing Scope value, unit, year, boundary, and Scope 2 method before adding the company to the complete comparable ranking.",LIC_Annual_Report_2023_2024.pdf,299,
P0,R2_TOTAL_EMISSIONS_RANKING_DESC,emissions_ranking,r126_axa,AXA,安盛,126,3,assets/data/world500/workbench/world500_emissions_scope2_method_backfill_queue.csv | assets/data/world500/workbench/world500_emissions_scope3_backfill_queue.csv | assets/data/world500/workbench/world500_emissions_selected_evidence_element_review_queue.csv,scope2_value_or_method_backfill | scope3_value_backfill | selected_evidence_element_review,P0_review_selected_evidence_elements,,"Only companies with complete strong Scope 1 + selected Scope 2 value/method + Scope 3 evidence, plus explicit finance Scope 3 boundary where applicable, can enter the comparable total-emissions ranking.",按 Scope 1、Scope 2 方法/数值、Scope 3 缺口队列补齐完整强证据总量。,"Backfill missing Scope value, unit, year, boundary, and Scope 2 method before adding the company to the complete comparable ranking.",axa_urd2024_accessible_va.pdf,175,
P0,R2_TOTAL_EMISSIONS_RANKING_DESC,emissions_ranking,r130_engie集团,Engie,Engie,130,3,assets/data/world500/workbench/world500_emissions_scope1_backfill_queue.csv | assets/data/world500/workbench/world500_emissions_scope2_method_backfill_queue.csv | assets/data/world500/workbench/world500_emissions_scope2_value_backfill_queue.csv,scope1_value_backfill | scope2_value_or_method_backfill | scope2_value_backfill,P1_backfill_scope2_method,,"Only companies with complete strong Scope 1 + selected Scope 2 value/method + Scope 3 evidence, plus explicit finance Scope 3 boundary where applicable, can enter the comparable total-emissions ranking.",按 Scope 1、Scope 2 方法/数值、Scope 3 缺口队列补齐完整强证据总量。,"Backfill missing Scope value, unit, year, boundary, and Scope 2 method before adding the company to the complete comparable ranking.",ENGIE_DEU_2024_US__PDF_MEL_v3.pdf,112,
P0,R2_TOTAL_EMISSIONS_RANKING_DESC,emissions_ranking,r163_sysco,SYSCO,西斯科公司,163,3,assets/data/world500/workbench/world500_emissions_scope1_backfill_queue.csv | assets/data/world500/workbench/world500_emissions_scope2_method_backfill_queue.csv | assets/data/world500/workbench/world500_emissions_scope2_value_backfill_queue.csv,scope1_value_backfill | scope2_value_or_method_backfill | scope2_value_backfill,P1_backfill_scope2_method,,"Only companies with complete strong Scope 1 + selected Scope 2 value/method + Scope 3 evidence, plus explicit finance Scope 3 boundary where applicable, can enter the comparable total-emissions ranking.",按 Scope 1、Scope 2 方法/数值、Scope 3 缺口队列补齐完整强证据总量。,"Backfill missing Scope value, unit, year, boundary, and Scope 2 method before adding the company to the complete comparable ranking.",Sysco FY24 Sustainability Report.pdf,45,
P0,R2_TOTAL_EMISSIONS_RANKING_DESC,emissions_ranking,r165_pertamina,PERTAMINA,印尼国家石油公司,165,3,assets/data/world500/workbench/world500_emissions_scope2_method_backfill_queue.csv | assets/data/world500/workbench/world500_emissions_scope3_backfill_queue.csv | assets/data/world500/workbench/world500_emissions_selected_evidence_element_review_queue.csv,scope2_value_or_method_backfill | scope3_value_backfill | selected_evidence_element_review,P0_review_selected_evidence_elements,,"Only companies with complete strong Scope 1 + selected Scope 2 value/method + Scope 3 evidence, plus explicit finance Scope 3 boundary where applicable, can enter the comparable total-emissions ranking.",按 Scope 1、Scope 2 方法/数值、Scope 3 缺口队列补齐完整强证据总量。,"Backfill missing Scope value, unit, year, boundary, and Scope 2 method before adding the company to the complete comparable ranking.",PERTAMINA—FULL_SR PHE 24_(09_01)_Web Version (1).pdf,188,
P0,R2_TOTAL_EMISSIONS_RANKING_DESC,emissions_ranking,r166_vinci,VINCI,万喜集团,166,3,assets/data/world500/workbench/world500_emissions_scope2_method_backfill_queue.csv | assets/data/world500/workbench/world500_emissions_scope2_value_backfill_queue.csv | assets/data/world500/workbench/world500_emissions_scope3_backfill_queue.csv,scope2_value_or_method_backfill | scope2_value_backfill | scope3_value_backfill,P0_backfill_scope3,,"Only companies with complete strong Scope 1 + selected Scope 2 value/method + Scope 3 evidence, plus explicit finance Scope 3 boundary where applicable, can enter the comparable total-emissions ranking.",按 Scope 1、Scope 2 方法/数值、Scope 3 缺口队列补齐完整强证据总量。,"Backfill missing Scope value, unit, year, boundary, and Scope 2 method before adding the company to the complete comparable ranking.",VINCI-2024_workforce_related_environmental_and_social_information.pdf,31,
P0,R2_TOTAL_EMISSIONS_RANKING_DESC,emissions_ranking,r168_torontodominionbank,TORONTO-DOMINION BANK,多伦多道明银行,168,3,assets/data/world500/workbench/world500_emissions_scope1_backfill_queue.csv | assets/data/world500/workbench/world500_emissions_scope2_method_backfill_queue.csv | assets/data/world500/workbench/world500_emissions_scope2_value_backfill_queue.csv,scope1_value_backfill | scope2_value_or_method_backfill | scope2_value_backfill,P1_backfill_scope2_method,,"Only companies with complete strong Scope 1 + selected Scope 2 value/method + Scope 3 evidence, plus explicit finance Scope 3 boundary where applicable, can enter the comparable total-emissions ranking.",按 Scope 1、Scope 2 方法/数值、Scope 3 缺口队列补齐完整强证据总量。,"Backfill missing Scope value, unit, year, boundary, and Scope 2 method before adding the company to the complete comparable ranking.",2024-TORONTO-DOMINION BANK-sustainability-report-en.pdf,56,
P0,R2_TOTAL_EMISSIONS_RANKING_DESC,emissions_ranking,r176_巴西jbs公司,JBS,巴西JBS,176,3,assets/data/world500/workbench/world500_emissions_scope2_method_backfill_queue.csv | assets/data/world500/workbench/world500_emissions_scope2_value_backfill_queue.csv | assets/data/world500/workbench/world500_emissions_scope3_backfill_queue.csv,scope2_value_or_method_backfill | scope2_value_backfill | scope3_value_backfill,P0_backfill_scope3,,"Only companies with complete strong Scope 1 + selected Scope 2 value/method + Scope 3 evidence, plus explicit finance Scope 3 boundary where applicable, can enter the comparable total-emissions ranking.",按 Scope 1、Scope 2 方法/数值、Scope 3 缺口队列补齐完整强证据总量。,"Backfill missing Scope value, unit, year, boundary, and Scope 2 method before adding the company to the complete comparable ranking.",JBS_Sustainability_Report_2023.pdf,61,
P0,R2_TOTAL_EMISSIONS_RANKING_DESC,emissions_ranking,r183_airbus,AIRBUS,空中客车公司,183,3,assets/data/world500/workbench/world500_emissions_scope3_backfill_queue.csv | assets/data/world500/workbench/world500_emissions_unit_scale_review_queue.csv,scope3_value_backfill | emissions_unit_scale_or_scope2_method_context_review,P0_backfill_scope3,,"Only companies with complete strong Scope 1 + selected Scope 2 value/method + Scope 3 evidence, plus explicit finance Scope 3 boundary where applicable, can enter the comparable total-emissions ranking.",按 Scope 1、Scope 2 方法/数值、Scope 3 缺口队列补齐完整强证据总量。,"Backfill missing Scope value, unit, year, boundary, and Scope 2 method before adding the company to the complete comparable ranking.",AIRBUS-pm_38_711_711991-us758j55ai.pdf,4,"drawal for which data is estimated % 7% Estimated share of final waste treatment information pending waste collector information % of total waste volume 15% % employees covered by ISO 14001 certified EMS % 90% The term “employee” in this table includes Active Workforce only (see Social section for more information) Restatements: previous year figure may have been restated for various reasons, including changes in reporting scope (e.g. entity addition, move from estimated to measured data), improvements in methodologies (e.g. emission factors consideration), update of last year figures due the post-closing availability of certain information or correction of errors. In FY24 and in order to align with CSRD requirements, the Company changed its approach with regards to entities for which data is not available now including them using estimates. This resulted in changes in most previous year data (see table below). Impact of restatements on topic totals Unit 2023 2023 before restatement Variation Key explanatory factors Total energy consumption GWh 3,728 3,646 2.25% Gross Scope 1 GHG emissions ktCO2eq 468 486 -3.70% Gross location-based Scope 2 GHG emissions ktCO2eq 313 279 12.19% Reporting scope Gross market-based Scope 2 GHG emissions ktCO2eq 208 159 30.82% Reporting scope, methodology Scope 3 ktCO2eq 472,782 464,136 1.86% Total amount of non-exceptional waste generated tons 82,4"
P0,R2_TOTAL_EMISSIONS_RANKING_DESC,emissions_ranking,r189_itaúunibancoholding,ITAÚ UNIBANCO HOLDING,伊塔乌联合银行控股公司,189,3,assets/data/world500/workbench/world500_emissions_scope2_method_backfill_queue.csv | assets/data/world500/workbench/world500_emissions_scope3_backfill_queue.csv | assets/data/world500/workbench/world500_emissions_selected_evidence_element_review_queue.csv,scope2_value_or_method_backfill | scope3_value_backfill | selected_evidence_element_review,P0_review_selected_evidence_elements,,"Only companies with complete strong Scope 1 + selected Scope 2 value/method + Scope 3 evidence, plus explicit finance Scope 3 boundary where applicable, can enter the comparable total-emissions ranking.",按 Scope 1、Scope 2 方法/数值、Scope 3 缺口队列补齐完整强证据总量。,"Backfill missing Scope value, unit, year, boundary, and Scope 2 method before adding the company to the complete comparable ranking.",ITAÚ UNIBANCO HOLDING ESG Report 2024.pdf,117 | 115,
P0,R2_TOTAL_EMISSIONS_RANKING_DESC,emissions_ranking,r191_generalelectric,GENERAL ELECTRIC,通用电气公司,191,3,assets/data/world500/workbench/world500_emissions_scope1_backfill_queue.csv | assets/data/world500/workbench/world500_emissions_scope2_method_backfill_queue.csv | assets/data/world500/workbench/world500_emissions_scope2_value_backfill_queue.csv,scope1_value_backfill | scope2_value_or_method_backfill | scope2_value_backfill,P1_backfill_scope2_method,,"Only companies with complete strong Scope 1 + selected Scope 2 value/method + Scope 3 evidence, plus explicit finance Scope 3 boundary where applicable, can enter the comparable total-emissions ranking.",按 Scope 1、Scope 2 方法/数值、Scope 3 缺口队列补齐完整强证据总量。,"Backfill missing Scope value, unit, year, boundary, and Scope 2 method before adding the company to the complete comparable ranking.",GENERAL ELECTRIC-Aerospace 2025-sustainability-report.pdf,23,
P0,R2_TOTAL_EMISSIONS_RANKING_DESC,emissions_ranking,r193_lockheedmartin,LOCKHEED MARTIN,洛克希德－马丁,193,3,assets/data/world500/workbench/world500_emissions_scope2_method_backfill_queue.csv | assets/data/world500/workbench/world500_emissions_scope2_value_backfill_queue.csv | assets/data/world500/workbench/world500_emissions_scope3_backfill_queue.csv,scope2_value_or_method_backfill | scope2_value_backfill | scope3_value_backfill,P0_backfill_scope3,,"Only companies with complete strong Scope 1 + selected Scope 2 value/method + Scope 3 evidence, plus explicit finance Scope 3 boundary where applicable, can enter the comparable total-emissions ranking.",按 Scope 1、Scope 2 方法/数值、Scope 3 缺口队列补齐完整强证据总量。,"Backfill missing Scope value, unit, year, boundary, and Scope 2 method before adding the company to the complete comparable ranking.",2024-LOCKHEED MARTIN-Sustainability-Performance-Report.pdf,42,
P0,R2_TOTAL_EMISSIONS_RANKING_DESC,emissions_ranking,r198_wilmarinternational,WILMAR INTERNATIONAL,丰益国际,198,3,assets/data/world500/workbench/world500_emissions_scope1_backfill_queue.csv | assets/data/world500/workbench/world500_emissions_scope2_method_backfill_queue.csv | assets/data/world500/workbench/world500_emissions_scope2_value_backfill_queue.csv,scope1_value_backfill | scope2_value_or_method_backfill | scope2_value_backfill,P1_backfill_scope2_method,,"Only companies with complete strong Scope 1 + selected Scope 2 value/method + Scope 3 evidence, plus explicit finance Scope 3 boundary where applicable, can enter the comparable total-emissions ranking.",按 Scope 1、Scope 2 方法/数值、Scope 3 缺口队列补齐完整强证据总量。,"Backfill missing Scope value, unit, year, boundary, and Scope 2 method before adding the company to the complete comparable ranking.",24_0151_wilmar_2024_sr-v7-27-may.pdf,25,
P0,R2_TOTAL_EMISSIONS_RANKING_DESC,emissions_ranking,r206_chinavanke,CHINA VANKE,万科企业股份有限公司,206,3,assets/data/world500/workbench/world500_emissions_scope2_method_backfill_queue.csv | assets/data/world500/workbench/world500_emissions_scope2_value_backfill_queue.csv | assets/data/world500/workbench/world500_emissions_scope3_backfill_queue.csv,scope2_value_or_method_backfill | scope2_value_backfill | scope3_value_backfill,P0_backfill_scope3,,"Only companies with complete strong Scope 1 + selected Scope 2 value/method + Scope 3 evidence, plus explicit finance Scope 3 boundary where applicable, can enter the comparable total-emissions ranking.",按 Scope 1、Scope 2 方法/数值、Scope 3 缺口队列补齐完整强证据总量。,"Backfill missing Scope value, unit, year, boundary, and Scope 2 method before adding the company to the complete comparable ranking.",2024-CHINA VANKE-sustainability-report.pdf,45,
P0,R2_TOTAL_EMISSIONS_RANKING_DESC,emissions_ranking,r224_zurichinsurancegroup,ZURICH INSURANCE GROUP,苏黎世保险集团,224,3,assets/data/world500/workbench/world500_emissions_scope1_backfill_queue.csv | assets/data/world500/workbench/world500_emissions_scope2_method_backfill_queue.csv | assets/data/world500/workbench/world500_emissions_scope2_value_backfill_queue.csv,scope1_value_backfill | scope2_value_or_method_backfill | scope2_value_backfill,P1_backfill_scope2_method,,"Only companies with complete strong Scope 1 + selected Scope 2 value/method + Scope 3 evidence, plus explicit finance Scope 3 boundary where applicable, can enter the comparable total-emissions ranking.",按 Scope 1、Scope 2 方法/数值、Scope 3 缺口队列补齐完整强证据总量。,"Backfill missing Scope value, unit, year, boundary, and Scope 2 method before adding the company to the complete comparable ranking.",ZURICH INSURANCE GROUP sustainability-report-2024.pdf,65,
P0,R2_TOTAL_EMISSIONS_RANKING_DESC,emissions_ranking,r230_bungeglobal,BUNGE GLOBAL,邦吉公司,230,3,assets/data/world500/workbench/world500_emissions_scope2_method_backfill_queue.csv | assets/data/world500/workbench/world500_emissions_scope3_backfill_queue.csv | assets/data/world500/workbench/world500_emissions_selected_evidence_element_review_queue.csv,scope2_value_or_method_backfill | scope3_value_backfill | selected_evidence_element_review,P0_review_selected_evidence_elements,,"Only companies with complete strong Scope 1 + selected Scope 2 value/method + Scope 3 evidence, plus explicit finance Scope 3 boundary where applicable, can enter the comparable total-emissions ranking.",按 Scope 1、Scope 2 方法/数值、Scope 3 缺口队列补齐完整强证据总量。,"Backfill missing Scope value, unit, year, boundary, and Scope 2 method before adding the company to the complete comparable ranking.",2025-Bunge-Global-Sustainability-Report.pdf,24,
P0,R2_TOTAL_EMISSIONS_RANKING_DESC,emissions_ranking,r234_panasonicholdings,PANASONIC HOLDINGS,松下控股公司,234,3,assets/data/world500/workbench/world500_emissions_scope2_method_backfill_queue.csv | assets/data/world500/workbench/world500_emissions_scope2_value_backfill_queue.csv | assets/data/world500/workbench/world500_emissions_scope3_backfill_queue.csv,scope2_value_or_method_backfill | scope2_value_backfill | scope3_value_backfill,P0_backfill_scope3,,"Only companies with complete strong Scope 1 + selected Scope 2 value/method + Scope 3 evidence, plus explicit finance Scope 3 boundary where applicable, can enter the comparable total-emissions ranking.",按 Scope 1、Scope 2 方法/数值、Scope 3 缺口队列补齐完整强证据总量。,"Backfill missing Scope value, unit, year, boundary, and Scope 2 method before adding the company to the complete comparable ranking.",2025_Sustainability Date Book PANASONIC HOLDINGS.pdf,88,
P0,R2_TOTAL_EMISSIONS_RANKING_DESC,emissions_ranking,r252_bancobradesco,BANCO BRADESCO,巴西布拉德斯科银行,252,3,assets/data/world500/workbench/world500_emissions_scope2_method_backfill_queue.csv | assets/data/world500/workbench/world500_emissions_scope2_value_backfill_queue.csv | assets/data/world500/workbench/world500_emissions_scope3_backfill_queue.csv,scope2_value_or_method_backfill | scope2_value_backfill | scope3_value_backfill,P0_backfill_scope3,,"Only companies with complete strong Scope 1 + selected Scope 2 value/method + Scope 3 evidence, plus explicit finance Scope 3 boundary where applicable, can enter the comparable total-emissions ranking.",按 Scope 1、Scope 2 方法/数值、Scope 3 缺口队列补齐完整强证据总量。,"Backfill missing Scope value, unit, year, boundary, and Scope 2 method before adding the company to the complete comparable ranking.",2024 BANCO BRADESCO ESG Report.pdf,155,
P0,R2_TOTAL_EMISSIONS_RANKING_DESC,emissions_ranking,r262_tjx公司,TJX,TJX,262,3,assets/data/world500/workbench/world500_emissions_scope2_method_backfill_queue.csv | assets/data/world500/workbench/world500_emissions_scope2_value_backfill_queue.csv | assets/data/world500/workbench/world500_emissions_scope3_backfill_queue.csv,scope2_value_or_method_backfill | scope2_value_backfill | scope3_value_backfill,P0_backfill_scope3,,"Only companies with complete strong Scope 1 + selected Scope 2 value/method + Scope 3 evidence, plus explicit finance Scope 3 boundary where applicable, can enter the comparable total-emissions ranking.",按 Scope 1、Scope 2 方法/数值、Scope 3 缺口队列补齐完整强证据总量。,"Backfill missing Scope value, unit, year, boundary, and Scope 2 method before adding the company to the complete comparable ranking.",tjx-2025-global-corporate-responsibility-report.pdf,68,
P0,R2_TOTAL_EMISSIONS_RANKING_DESC,emissions_ranking,r264_riotintogroup,RIO TINTO GROUP,力拓集团,264,3,assets/data/world500/workbench/world500_emissions_scope1_backfill_queue.csv | assets/data/world500/workbench/world500_emissions_scope2_method_backfill_queue.csv | assets/data/world500/workbench/world500_emissions_scope2_value_backfill_queue.csv,scope1_value_backfill | scope2_value_or_method_backfill | scope2_value_backfill,P1_backfill_scope2_method,,"Only companies with complete strong Scope 1 + selected Scope 2 value/method + Scope 3 evidence, plus explicit finance Scope 3 boundary where applicable, can enter the comparable total-emissions ranking.",按 Scope 1、Scope 2 方法/数值、Scope 3 缺口队列补齐完整强证据总量。,"Backfill missing Scope value, unit, year, boundary, and Scope 2 method before adding the company to the complete comparable ranking.",2024-RIO TINTO GROUP-annual-report.pdf,60,
P0,R2_TOTAL_EMISSIONS_RANKING_DESC,emissions_ranking,r268_bhpgroup,BHP GROUP,必和必拓集团,268,3,assets/data/world500/workbench/world500_emissions_scope1_backfill_queue.csv | assets/data/world500/workbench/world500_emissions_scope2_method_backfill_queue.csv | assets/data/world500/workbench/world500_emissions_scope2_value_backfill_queue.csv,scope1_value_backfill | scope2_value_or_method_backfill | scope2_value_backfill,P1_backfill_scope2_method,,"Only companies with complete strong Scope 1 + selected Scope 2 value/method + Scope 3 evidence, plus explicit finance Scope 3 boundary where applicable, can enter the comparable total-emissions ranking.",按 Scope 1、Scope 2 方法/数值、Scope 3 缺口队列补齐完整强证据总量。,"Backfill missing Scope value, unit, year, boundary, and Scope 2 method before adding the company to the complete comparable ranking.",250819_bhpannualreport2025.pdf,51,
P0,R2_TOTAL_EMISSIONS_RANKING_DESC,emissions_ranking,r269_hp,HP,惠普公司,269,3,assets/data/world500/workbench/world500_emissions_scope2_method_backfill_queue.csv | assets/data/world500/workbench/world500_emissions_scope2_value_backfill_queue.csv | assets/data/world500/workbench/world500_emissions_scope3_backfill_queue.csv,scope2_value_or_method_backfill | scope2_value_backfill | scope3_value_backfill,P0_backfill_scope3,,"Only companies with complete strong Scope 1 + selected Scope 2 value/method + Scope 3 evidence, plus explicit finance Scope 3 boundary where applicable, can enter the comparable total-emissions ranking.",按 Scope 1、Scope 2 方法/数值、Scope 3 缺口队列补齐完整强证据总量。,"Backfill missing Scope value, unit, year, boundary, and Scope 2 method before adding the company to the complete comparable ranking.",2024_HP_sustainability_report.pdf,160,
P0,R2_TOTAL_EMISSIONS_RANKING_DESC,emissions_ranking,r301_swissre,SWISS RE,瑞士再保险股份有限公司,301,3,assets/data/world500/workbench/world500_emissions_scope1_backfill_queue.csv | assets/data/world500/workbench/world500_emissions_scope2_method_backfill_queue.csv | assets/data/world500/workbench/world500_emissions_scope2_value_backfill_queue.csv,scope1_value_backfill | scope2_value_or_method_backfill | scope2_value_backfill,P1_backfill_scope2_method,,"Only companies with complete strong Scope 1 + selected Scope 2 value/method + Scope 3 evidence, plus explicit finance Scope 3 boundary where applicable, can enter the comparable total-emissions ranking.",按 Scope 1、Scope 2 方法/数值、Scope 3 缺口队列补齐完整强证据总量。,"Backfill missing Scope value, unit, year, boundary, and Scope 2 method before adding the company to the complete comparable ranking.",2024-SWISS RE-sustainability-report-en.pdf,82,
P0,R2_TOTAL_EMISSIONS_RANKING_DESC,emissions_ranking,r317_tokyoelectricpower,TOKYO ELECTRIC POWER,东京电力公司,317,3,assets/data/world500/workbench/world500_emissions_scope2_method_backfill_queue.csv | assets/data/world500/workbench/world500_emissions_scope2_value_backfill_queue.csv | assets/data/world500/workbench/world500_emissions_scope3_backfill_queue.csv,scope2_value_or_method_backfill | scope2_value_backfill | scope3_value_backfill,P0_backfill_scope3,,"Only companies with complete strong Scope 1 + selected Scope 2 value/method + Scope 3 evidence, plus explicit finance Scope 3 boundary where applicable, can enter the comparable total-emissions ranking.",按 Scope 1、Scope 2 方法/数值、Scope 3 缺口队列补齐完整强证据总量。,"Backfill missing Scope value, unit, year, boundary, and Scope 2 method before adding the company to the complete comparable ranking.",TOKYO ELECTRIC POWER TP2024_en_web_print.pdf,100,
P0,R2_TOTAL_EMISSIONS_RANKING_DESC,emissions_ranking,r345_raízen公司,Raízen,Raízen,345,3,assets/data/world500/workbench/world500_emissions_scope2_method_backfill_queue.csv | assets/data/world500/workbench/world500_emissions_scope2_value_backfill_queue.csv | assets/data/world500/workbench/world500_emissions_scope3_backfill_queue.csv,scope2_value_or_method_backfill | scope2_value_backfill | scope3_value_backfill,P0_backfill_scope3,,"Only companies with complete strong Scope 1 + selected Scope 2 value/method + Scope 3 evidence, plus explicit finance Scope 3 boundary where applicable, can enter the comparable total-emissions ranking.",按 Scope 1、Scope 2 方法/数值、Scope 3 缺口队列补齐完整强证据总量。,"Backfill missing Scope value, unit, year, boundary, and Scope 2 method before adding the company to the complete comparable ranking.",item-1338-raizen-rs24-25-en-d11.pdf,32,
P0,R2_TOTAL_EMISSIONS_RANKING_DESC,emissions_ranking,r356_thermofisherscientific,THERMO FISHER SCIENTIFIC,赛默飞世尔科技公司,356,3,assets/data/world500/workbench/world500_emissions_scope2_method_backfill_queue.csv | assets/data/world500/workbench/world500_emissions_scope2_value_backfill_queue.csv | assets/data/world500/workbench/world500_emissions_scope3_backfill_queue.csv,scope2_value_or_method_backfill | scope2_value_backfill | scope3_value_backfill,P0_backfill_scope3,,"Only companies with complete strong Scope 1 + selected Scope 2 value/method + Scope 3 evidence, plus explicit finance Scope 3 boundary where applicable, can enter the comparable total-emissions ranking.",按 Scope 1、Scope 2 方法/数值、Scope 3 缺口队列补齐完整强证据总量。,"Backfill missing Scope value, unit, year, boundary, and Scope 2 method before adding the company to the complete comparable ranking.",2023-THERMO FISHER SCIENTIFIC-CSR-Report.pdf,65,
P0,R2_TOTAL_EMISSIONS_RANKING_DESC,emissions_ranking,r366_warnerbrosdiscovery,WARNER BROS. DISCOVERY,华纳兄弟探索公司,366,3,assets/data/world500/workbench/world500_emissions_scope1_backfill_queue.csv | assets/data/world500/workbench/world500_emissions_scope2_method_backfill_queue.csv | assets/data/world500/workbench/world500_emissions_scope2_value_backfill_queue.csv,scope1_value_backfill | scope2_value_or_method_backfill | scope2_value_backfill,P1_backfill_scope2_method,,"Only companies with complete strong Scope 1 + selected Scope 2 value/method + Scope 3 evidence, plus explicit finance Scope 3 boundary where applicable, can enter the comparable total-emissions ranking.",按 Scope 1、Scope 2 方法/数值、Scope 3 缺口队列补齐完整强证据总量。,"Backfill missing Scope value, unit, year, boundary, and Scope 2 method before adding the company to the complete comparable ranking.",WARNER BROS. DISCOVERY_2024_impact_report.pdf,25,
P0,R2_TOTAL_EMISSIONS_RANKING_DESC,emissions_ranking,r369_jsainsbury,J. SAINSBURY,森宝利公司,369,3,assets/data/world500/workbench/world500_emissions_scope1_backfill_queue.csv | assets/data/world500/workbench/world500_emissions_scope2_method_backfill_queue.csv | assets/data/world500/workbench/world500_emissions_scope2_value_backfill_queue.csv,scope1_value_backfill | scope2_value_or_method_backfill | scope2_value_backfill,P1_backfill_scope2_method,,"Only companies with complete strong Scope 1 + selected Scope 2 value/method + Scope 3 evidence, plus explicit finance Scope 3 boundary where applicable, can enter the comparable total-emissions ranking.",按 Scope 1、Scope 2 方法/数值、Scope 3 缺口队列补齐完整强证据总量。,"Backfill missing Scope value, unit, year, boundary, and Scope 2 method before adding the company to the complete comparable ranking.",sainsburys-plan-for-better-report-2024-25.pdf,35,
P0,R2_TOTAL_EMISSIONS_RANKING_DESC,emissions_ranking,r374_lufthansagroup,LUFTHANSA GROUP,汉莎集团,374,3,assets/data/world500/workbench/world500_emissions_scope2_method_backfill_queue.csv | assets/data/world500/workbench/world500_emissions_scope2_value_backfill_queue.csv | assets/data/world500/workbench/world500_emissions_scope3_backfill_queue.csv,scope2_value_or_method_backfill | scope2_value_backfill | scope3_value_backfill,P0_backfill_scope3,,"Only companies with complete strong Scope 1 + selected Scope 2 value/method + Scope 3 evidence, plus explicit finance Scope 3 boundary where applicable, can enter the comparable total-emissions ranking.",按 Scope 1、Scope 2 方法/数值、Scope 3 缺口队列补齐完整强证据总量。,"Backfill missing Scope value, unit, year, boundary, and Scope 2 method before adding the company to the complete comparable ranking.",LH-AR-2024-e.pdf,163,
P0,R2_TOTAL_EMISSIONS_RANKING_DESC,emissions_ranking,r376_abbottlaboratories,ABBOTT LABORATORIES,雅培公司,376,3,assets/data/world500/workbench/world500_emissions_scope1_backfill_queue.csv | assets/data/world500/workbench/world500_emissions_scope2_method_backfill_queue.csv | assets/data/world500/workbench/world500_emissions_scope2_value_backfill_queue.csv,scope1_value_backfill | scope2_value_or_method_backfill | scope2_value_backfill,P1_backfill_scope2_method,,"Only companies with complete strong Scope 1 + selected Scope 2 value/method + Scope 3 evidence, plus explicit finance Scope 3 boundary where applicable, can enter the comparable total-emissions ranking.",按 Scope 1、Scope 2 方法/数值、Scope 3 缺口队列补齐完整强证据总量。,"Backfill missing Scope value, unit, year, boundary, and Scope 2 method before adding the company to the complete comparable ranking.",Abbott-2024-Global-Sustainability-Report-June-2025.pdf,57,
P0,R2_TOTAL_EMISSIONS_RANKING_DESC,emissions_ranking,r387_schneiderelectric,SCHNEIDER ELECTRIC,施耐德电气,387,3,assets/data/world500/workbench/world500_emissions_scope2_method_backfill_queue.csv | assets/data/world500/workbench/world500_emissions_scope2_value_backfill_queue.csv | assets/data/world500/workbench/world500_emissions_scope3_backfill_queue.csv,scope2_value_or_method_backfill | scope2_value_backfill | scope3_value_backfill,P0_backfill_scope3,,"Only companies with complete strong Scope 1 + selected Scope 2 value/method + Scope 3 evidence, plus explicit finance Scope 3 boundary where applicable, can enter the comparable total-emissions ranking.",按 Scope 1、Scope 2 方法/数值、Scope 3 缺口队列补齐完整强证据总量。,"Backfill missing Scope value, unit, year, boundary, and Scope 2 method before adding the company to the complete comparable ranking.",2024-SCHNEIDER ELECTRIC-sustainability-report_tcm564-513141.pdf,44,
P0,R2_TOTAL_EMISSIONS_RANKING_DESC,emissions_ranking,r398_compassgroup,COMPASS GROUP,康帕斯集团,398,3,assets/data/world500/workbench/world500_emissions_scope1_backfill_queue.csv | assets/data/world500/workbench/world500_emissions_scope2_method_backfill_queue.csv | assets/data/world500/workbench/world500_emissions_scope2_value_backfill_queue.csv,scope1_value_backfill | scope2_value_or_method_backfill | scope2_value_backfill,P1_backfill_scope2_method,,"Only companies with complete strong Scope 1 + selected Scope 2 value/method + Scope 3 evidence, plus explicit finance Scope 3 boundary where applicable, can enter the comparable total-emissions ranking.",按 Scope 1、Scope 2 方法/数值、Scope 3 缺口队列补齐完整强证据总量。,"Backfill missing Scope value, unit, year, boundary, and Scope 2 method before adding the company to the complete comparable ranking.",COMPASS GROUP sustainability-report_2024.pdf,10,
P0,R2_TOTAL_EMISSIONS_RANKING_DESC,emissions_ranking,r443_crh公司,CRH,CRH,443,3,assets/data/world500/workbench/world500_emissions_scope2_method_backfill_queue.csv | assets/data/world500/workbench/world500_emissions_scope2_value_backfill_queue.csv | assets/data/world500/workbench/world500_emissions_scope3_backfill_queue.csv,scope2_value_or_method_backfill | scope2_value_backfill | scope3_value_backfill,P0_backfill_scope3,,"Only companies with complete strong Scope 1 + selected Scope 2 value/method + Scope 3 evidence, plus explicit finance Scope 3 boundary where applicable, can enter the comparable total-emissions ranking.",按 Scope 1、Scope 2 方法/数值、Scope 3 缺口队列补齐完整强证据总量。,"Backfill missing Scope value, unit, year, boundary, and Scope 2 method before adding the company to the complete comparable ranking.",crh-2024-sustainability-performance-report_final_interactive-1.pdf,108,
P0,R2_TOTAL_EMISSIONS_RANKING_DESC,emissions_ranking,r450_sap公司,SAP,SAP,450,3,assets/data/world500/workbench/world500_emissions_scope1_backfill_queue.csv | assets/data/world500/workbench/world500_emissions_scope2_method_backfill_queue.csv | assets/data/world500/workbench/world500_emissions_scope2_value_backfill_queue.csv,scope1_value_backfill | scope2_value_or_method_backfill | scope2_value_backfill,P1_backfill_scope2_method,,"Only companies with complete strong Scope 1 + selected Scope 2 value/method + Scope 3 evidence, plus explicit finance Scope 3 boundary where applicable, can enter the comparable total-emissions ranking.",按 Scope 1、Scope 2 方法/数值、Scope 3 缺口队列补齐完整强证据总量。,"Backfill missing Scope value, unit, year, boundary, and Scope 2 method before adding the company to the complete comparable ranking.",SAP integrated_report2024.pdf,161,
P0,R2_TOTAL_EMISSIONS_RANKING_DESC,emissions_ranking,r455_elililly,ELI LILLY,美国礼来公司,455,3,assets/data/world500/workbench/world500_emissions_scope1_backfill_queue.csv | assets/data/world500/workbench/world500_emissions_scope2_method_backfill_queue.csv | assets/data/world500/workbench/world500_emissions_scope2_value_backfill_queue.csv,scope1_value_backfill | scope2_value_or_method_backfill | scope2_value_backfill,P1_backfill_scope2_method,,"Only companies with complete strong Scope 1 + selected Scope 2 value/method + Scope 3 evidence, plus explicit finance Scope 3 boundary where applicable, can enter the comparable total-emissions ranking.",按 Scope 1、Scope 2 方法/数值、Scope 3 缺口队列补齐完整强证据总量。,"Backfill missing Scope value, unit, year, boundary, and Scope 2 method before adding the company to the complete comparable ranking.",2024_ELI LILLY-SustainabilityReport-20251020_FINAL.pdf,15,
P0,R2_TOTAL_EMISSIONS_RANKING_DESC,emissions_ranking,r464_britishamericantobacco,BRITISH AMERICAN TOBACCO,英美烟草集团,464,3,assets/data/world500/workbench/world500_emissions_scope2_method_backfill_queue.csv | assets/data/world500/workbench/world500_emissions_scope2_value_backfill_queue.csv | assets/data/world500/workbench/world500_emissions_scope3_backfill_queue.csv,scope2_value_or_method_backfill | scope2_value_backfill | scope3_value_backfill,P0_backfill_scope3,,"Only companies with complete strong Scope 1 + selected Scope 2 value/method + Scope 3 evidence, plus explicit finance Scope 3 boundary where applicable, can enter the comparable total-emissions ranking.",按 Scope 1、Scope 2 方法/数值、Scope 3 缺口队列补齐完整强证据总量。,"Backfill missing Scope value, unit, year, boundary, and Scope 2 method before adding the company to the complete comparable ranking.",BRITISH AMERICAN TOBACCO_Annual_Report_on_Form_20-F_2024.pdf,140,
P0,R2_TOTAL_EMISSIONS_RANKING_DESC,emissions_ranking,r487_heineken,HEINEKEN,喜力公司,487,3,assets/data/world500/workbench/world500_emissions_scope1_backfill_queue.csv | assets/data/world500/workbench/world500_emissions_scope2_method_backfill_queue.csv | assets/data/world500/workbench/world500_emissions_selected_evidence_element_review_queue.csv,scope1_value_backfill | scope2_value_or_method_backfill | selected_evidence_element_review,P0_review_selected_evidence_elements,,"Only companies with complete strong Scope 1 + selected Scope 2 value/method + Scope 3 evidence, plus explicit finance Scope 3 boundary where applicable, can enter the comparable total-emissions ranking.",按 Scope 1、Scope 2 方法/数值、Scope 3 缺口队列补齐完整强证据总量。,"Backfill missing Scope value, unit, year, boundary, and Scope 2 method before adding the company to the complete comparable ranking.",heineken_n_v_annual_report_2024_final_20feb2025.pdf,177,
P0,R2_TOTAL_EMISSIONS_RANKING_DESC,emissions_ranking,r066_metaplatforms公司,Meta Platforms,Meta Platforms,66,2,assets/data/world500/workbench/world500_emissions_scope2_method_backfill_queue.csv | assets/data/world500/workbench/world500_emissions_scope2_value_backfill_queue.csv,scope2_value_or_method_backfill | scope2_value_backfill,P1_backfill_scope2_method,,"Only companies with complete strong Scope 1 + selected Scope 2 value/method + Scope 3 evidence, plus explicit finance Scope 3 boundary where applicable, can enter the comparable total-emissions ranking.",按 Scope 1、Scope 2 方法/数值、Scope 3 缺口队列补齐完整强证据总量。,"Backfill missing Scope value, unit, year, boundary, and Scope 2 method before adding the company to the complete comparable ranking.",Meta-2024-Sustainability-Report.pdf,78 | 21,
P0,R2_TOTAL_EMISSIONS_RANKING_DESC,emissions_ranking,r073_hyundaimotor,HYUNDAI MOTOR,现代汽车,73,2,assets/data/world500/workbench/world500_emissions_scope1_backfill_queue.csv | assets/data/world500/workbench/world500_emissions_scope3_backfill_queue.csv,scope1_value_backfill | scope3_value_backfill,P0_backfill_scope3,,"Only companies with complete strong Scope 1 + selected Scope 2 value/method + Scope 3 evidence, plus explicit finance Scope 3 boundary where applicable, can enter the comparable total-emissions ranking.",按 Scope 1、Scope 2 方法/数值、Scope 3 缺口队列补齐完整强证据总量。,"Backfill missing Scope value, unit, year, boundary, and Scope 2 method before adding the company to the complete comparable ranking.",HYUNDAI MOTOR-hmc-2025-sustainability-report-en-v13.pdf,41,
P0,R2_TOTAL_EMISSIONS_RANKING_DESC,emissions_ranking,r101_eon,E.ON,意昂集团,101,2,assets/data/world500/workbench/world500_emissions_scope1_backfill_queue.csv | assets/data/world500/workbench/world500_emissions_scope3_backfill_queue.csv,scope1_value_backfill | scope3_value_backfill,P0_backfill_scope3,,"Only companies with complete strong Scope 1 + selected Scope 2 value/method + Scope 3 evidence, plus explicit finance Scope 3 boundary where applicable, can enter the comparable total-emissions ranking.",按 Scope 1、Scope 2 方法/数值、Scope 3 缺口队列补齐完整强证据总量。,"Backfill missing Scope value, unit, year, boundary, and Scope 2 method before adding the company to the complete comparable ranking.",E.ON-GB24-gesamt-EN_final.pdf,44,
P0,R2_TOTAL_EMISSIONS_RANKING_DESC,emissions_ranking,r127_fedex,FEDEX,联邦快递,127,2,assets/data/world500/workbench/world500_emissions_scope1_backfill_queue.csv | assets/data/world500/workbench/world500_emissions_scope3_backfill_queue.csv,scope1_value_backfill | scope3_value_backfill,P0_backfill_scope3,,"Only companies with complete strong Scope 1 + selected Scope 2 value/method + Scope 3 evidence, plus explicit finance Scope 3 boundary where applicable, can enter the comparable total-emissions ranking.",按 Scope 1、Scope 2 方法/数值、Scope 3 缺口队列补齐完整强证据总量。,"Backfill missing Scope value, unit, year, boundary, and Scope 2 method before adding the company to the complete comparable ranking.",FedEx_2025_CR_Report.pdf,19,
P0,R2_TOTAL_EMISSIONS_RANKING_DESC,emissions_ranking,r132_orlen,ORLEN,波兰国营石油公司,132,2,assets/data/world500/workbench/world500_emissions_scope2_method_backfill_queue.csv | assets/data/world500/workbench/world500_emissions_scope2_value_backfill_queue.csv,scope2_value_or_method_backfill | scope2_value_backfill,P1_backfill_scope2_method,,"Only companies with complete strong Scope 1 + selected Scope 2 value/method + Scope 3 evidence, plus explicit finance Scope 3 boundary where applicable, can enter the comparable total-emissions ranking.",按 Scope 1、Scope 2 方法/数值、Scope 3 缺口队列补齐完整强证据总量。,"Backfill missing Scope value, unit, year, boundary, and Scope 2 method before adding the company to the complete comparable ranking.",Management Board on the Operations of ORLEN Group 2024.pdf.coredownload.pdf,159 | 151,
P0,R2_TOTAL_EMISSIONS_RANKING_DESC,emissions_ranking,r235_conocophillips,CONOCOPHILLIPS,康菲石油公司,235,2,assets/data/world500/workbench/world500_emissions_scope1_backfill_queue.csv | assets/data/world500/workbench/world500_emissions_scope3_backfill_queue.csv,scope1_value_backfill | scope3_value_backfill,P0_backfill_scope3,,"Only companies with complete strong Scope 1 + selected Scope 2 value/method + Scope 3 evidence, plus explicit finance Scope 3 boundary where applicable, can enter the comparable total-emissions ranking.",按 Scope 1、Scope 2 方法/数值、Scope 3 缺口队列补齐完整强证据总量。,"Backfill missing Scope value, unit, year, boundary, and Scope 2 method before adding the company to the complete comparable ranking.",2024-sustainability-report CONOCOPHILLIPS.pdf,85,
P0,R2_TOTAL_EMISSIONS_RANKING_DESC,emissions_ranking,r263_novartis,NOVARTIS,诺华公司,263,2,assets/data/world500/workbench/world500_emissions_scope1_backfill_queue.csv | assets/data/world500/workbench/world500_emissions_scope3_backfill_queue.csv,scope1_value_backfill | scope3_value_backfill,P0_backfill_scope3,,"Only companies with complete strong Scope 1 + selected Scope 2 value/method + Scope 3 evidence, plus explicit finance Scope 3 boundary where applicable, can enter the comparable total-emissions ranking.",按 Scope 1、Scope 2 方法/数值、Scope 3 缺口队列补齐完整强证据总量。,"Backfill missing Scope value, unit, year, boundary, and Scope 2 method before adding the company to the complete comparable ranking.",novartis-integrated-report-2024.pdf,28,
P0,R2_TOTAL_EMISSIONS_RANKING_DESC,emissions_ranking,r270_unitedairlinesholdings,UNITED AIRLINES HOLDINGS,联合航空控股公司,270,2,assets/data/world500/workbench/world500_emissions_scope2_method_backfill_queue.csv | assets/data/world500/workbench/world500_emissions_scope2_value_backfill_queue.csv,scope2_value_or_method_backfill | scope2_value_backfill,P1_backfill_scope2_method,,"Only companies with complete strong Scope 1 + selected Scope 2 value/method + Scope 3 evidence, plus explicit finance Scope 3 boundary where applicable, can enter the comparable total-emissions ranking.",按 Scope 1、Scope 2 方法/数值、Scope 3 缺口队列补齐完整强证据总量。,"Backfill missing Scope value, unit, year, boundary, and Scope 2 method before adding the company to the complete comparable ranking.",2024-UNITED AIRLINES HOLDINGS-report-interactive.pdf,100 | 101,
P0,R2_TOTAL_EMISSIONS_RANKING_DESC,emissions_ranking,r278_americanairlinesgroup,AMERICAN AIRLINES GROUP,美国航空集团,278,2,assets/data/world500/workbench/world500_emissions_scope3_backfill_queue.csv | assets/data/world500/workbench/world500_emissions_unit_scale_review_queue.csv,scope3_value_backfill | emissions_unit_scale_or_scope2_method_context_review,P0_backfill_scope3,,"Only companies with complete strong Scope 1 + selected Scope 2 value/method + Scope 3 evidence, plus explicit finance Scope 3 boundary where applicable, can enter the comparable total-emissions ranking.",按 Scope 1、Scope 2 方法/数值、Scope 3 缺口队列补齐完整强证据总量。,"Backfill missing Scope value, unit, year, boundary, and Scope 2 method before adding the company to the complete comparable ranking.",American-Airlines-Sustainability-Report-2024.pdf,92,"riers that are outside the organizational boundary VI. Emissions per gas Emissions data below for selected GHGs in metric tons of gas and in metric tons of CO2e include only Scope 1 and Scope 2 emissions. American has included in its reporting carbon dioxide, methane, nitrous oxide and hydrofluorocarbons. Perfluorocarbons, sulphur hexafluoride and nitrogen trifluoride have been omitted because they are not material sources of GHGs for the Company. All amounts are for the year ended December 31, 2024. in absolute metric tons of gas Carbon dioxide (CO2) Methane (CH4) Nitrous oxide (N2O) Hydrofluorocarbons (HFCs) Scope 1 39,604,835 290 1,114 14 Scope 2 - Location-based 177,184 10 1 - - Market-based 127,720 7 1 - in metric tons of CO2e CO2 CH4 N2O HFCs Scope 1 39,604,835 8,090 304,163 29,593 Scope 2 - Location-based 177,184 286 388 - Market-based 127,720 183 250 About American Airlines and This Report A Message From Our CEO Sustainability Strategy Environmental Sustainability Operating Safely Caring for Our Team Members Serving Our Customers Sourcing Responsibly Appendix"
P0,R2_TOTAL_EMISSIONS_RANKING_DESC,emissions_ranking,r357_magnainternational,MAGNA INTERNATIONAL,麦格纳国际,357,2,assets/data/world500/workbench/world500_emissions_scope2_method_backfill_queue.csv | assets/data/world500/workbench/world500_emissions_selected_evidence_element_review_queue.csv,scope2_value_or_method_backfill | selected_evidence_element_review,P0_review_selected_evidence_elements,,"Only companies with complete strong Scope 1 + selected Scope 2 value/method + Scope 3 evidence, plus explicit finance Scope 3 boundary where applicable, can enter the comparable total-emissions ranking.",按 Scope 1、Scope 2 方法/数值、Scope 3 缺口队列补齐完整强证据总量。,"Backfill missing Scope value, unit, year, boundary, and Scope 2 method before adding the company to the complete comparable ranking.",101227_magna_sustainabilityreport_fy2024_final_cda.pdf,99,
P0,R2_TOTAL_EMISSIONS_RANKING_DESC,emissions_ranking,r482_jerónimomartins公司,Jerónimo Martins,Jerónimo Martins,482,2,assets/data/world500/workbench/world500_emissions_scope2_method_backfill_queue.csv | assets/data/world500/workbench/world500_emissions_scope2_value_backfill_queue.csv,scope2_value_or_method_backfill | scope2_value_backfill,P1_backfill_scope2_method,,"Only companies with complete strong Scope 1 + selected Scope 2 value/method + Scope 3 evidence, plus explicit finance Scope 3 boundary where applicable, can enter the comparable total-emissions ranking.",按 Scope 1、Scope 2 方法/数值、Scope 3 缺口队列补齐完整强证据总量。,"Backfill missing Scope value, unit, year, boundary, and Scope 2 method before adding the company to the complete comparable ranking.",Jerónimo Martins公司-nfr-corporate-responsibility-jeronimomartins-ar24.pdf,184,
P0,R2_TOTAL_EMISSIONS_RANKING_DESC,emissions_ranking,r001_walmart,WALMART,沃尔玛,1,1,assets/data/world500/workbench/world500_emissions_complete_ranking_verification_queue.csv,complete_scope123_total_verification,P2_verify_total_and_snippets,,"Only companies with complete strong Scope 1 + selected Scope 2 value/method + Scope 3 evidence, plus explicit finance Scope 3 boundary where applicable, can enter the comparable total-emissions ranking.",按 Scope 1、Scope 2 方法/数值、Scope 3 缺口队列补齐完整强证据总量。,"Backfill missing Scope value, unit, year, boundary, and Scope 2 method before adding the company to the complete comparable ranking.",FY2025-Walmart-ESG-Report.pdf,106,
P0,R2_TOTAL_EMISSIONS_RANKING_DESC,emissions_ranking,r002_amazoncom,AMAZON.COM,亚马逊,2,1,assets/data/world500/workbench/world500_emissions_complete_ranking_verification_queue.csv,complete_scope123_total_verification,P2_verify_total_and_snippets,,"Only companies with complete strong Scope 1 + selected Scope 2 value/method + Scope 3 evidence, plus explicit finance Scope 3 boundary where applicable, can enter the comparable total-emissions ranking.",按 Scope 1、Scope 2 方法/数值、Scope 3 缺口队列补齐完整强证据总量。,"Backfill missing Scope value, unit, year, boundary, and Scope 2 method before adding the company to the complete comparable ranking.",2024-amazon-sustainability-report.pdf,50,
P0,R2_TOTAL_EMISSIONS_RANKING_DESC,emissions_ranking,r007_apple,APPLE,苹果公司,7,1,assets/data/world500/workbench/world500_emissions_complete_ranking_verification_queue.csv,complete_scope123_total_verification,P2_verify_total_and_snippets,,"Only companies with complete strong Scope 1 + selected Scope 2 value/method + Scope 3 evidence, plus explicit finance Scope 3 boundary where applicable, can enter the comparable total-emissions ranking.",按 Scope 1、Scope 2 方法/数值、Scope 3 缺口队列补齐完整强证据总量。,"Backfill missing Scope value, unit, year, boundary, and Scope 2 method before adding the company to the complete comparable ranking.",Apple_Environmental_Progress_Report_2025.pdf,99 | 106,
P0,R2_TOTAL_EMISSIONS_RANKING_DESC,emissions_ranking,r008_unitedhealthgroup,UNITEDHEALTH GROUP,联合健康集团,8,1,assets/data/world500/workbench/world500_emissions_complete_ranking_verification_queue.csv,complete_scope123_total_verification,P2_verify_total_and_snippets,,"Only companies with complete strong Scope 1 + selected Scope 2 value/method + Scope 3 evidence, plus explicit finance Scope 3 boundary where applicable, can enter the comparable total-emissions ranking.",按 Scope 1、Scope 2 方法/数值、Scope 3 缺口队列补齐完整强证据总量。,"Backfill missing Scope value, unit, year, boundary, and Scope 2 method before adding the company to the complete comparable ranking.",UNITEDHEALTH GROUP—2024-sustainability-report.pdf,81 | 82,
P0,R2_TOTAL_EMISSIONS_RANKING_DESC,emissions_ranking,r013_shell,SHELL,壳牌公司,13,1,assets/data/world500/workbench/world500_emissions_scope3_backfill_queue.csv,scope3_value_backfill,P0_backfill_scope3,,"Only companies with complete strong Scope 1 + selected Scope 2 value/method + Scope 3 evidence, plus explicit finance Scope 3 boundary where applicable, can enter the comparable total-emissions ranking.",按 Scope 1、Scope 2 方法/数值、Scope 3 缺口队列补齐完整强证据总量。,"Backfill missing Scope value, unit, year, boundary, and Scope 2 method before adding the company to the complete comparable ranking.",shell-annual-report-2024.pdf,109,
P0,R2_TOTAL_EMISSIONS_RANKING_DESC,emissions_ranking,r017_alphabet公司,Alphabet,Alphabet,17,1,assets/data/world500/workbench/world500_emissions_scope3_backfill_queue.csv,scope3_value_backfill,P0_backfill_scope3,,"Only companies with complete strong Scope 1 + selected Scope 2 value/method + Scope 3 evidence, plus explicit finance Scope 3 boundary where applicable, can enter the comparable total-emissions ranking.",按 Scope 1、Scope 2 方法/数值、Scope 3 缺口队列补齐完整强证据总量。,"Backfill missing Scope value, unit, year, boundary, and Scope 2 method before adding the company to the complete comparable ranking.",google-2025-environmental-report.pdf,105,
P0,R2_TOTAL_EMISSIONS_RANKING_DESC,emissions_ranking,r046_centene公司,Centene,Centene,46,1,assets/data/world500/workbench/world500_emissions_complete_ranking_verification_queue.csv,complete_scope123_total_verification,P2_verify_total_and_snippets,,"Only companies with complete strong Scope 1 + selected Scope 2 value/method + Scope 3 evidence, plus explicit finance Scope 3 boundary where applicable, can enter the comparable total-emissions ranking.",按 Scope 1、Scope 2 方法/数值、Scope 3 缺口队列补齐完整强证据总量。,"Backfill missing Scope value, unit, year, boundary, and Scope 2 method before adding the company to the complete comparable ranking.",Centene-Corporate-Responsibility-2024.pdf,73,
P0,R2_TOTAL_EMISSIONS_RANKING_DESC,emissions_ranking,r048_homedepot,HOME DEPOT,家得宝,48,1,assets/data/world500/workbench/world500_emissions_complete_ranking_verification_queue.csv,complete_scope123_total_verification,P2_verify_total_and_snippets,,"Only companies with complete strong Scope 1 + selected Scope 2 value/method + Scope 3 evidence, plus explicit finance Scope 3 boundary where applicable, can enter the comparable total-emissions ranking.",按 Scope 1、Scope 2 方法/数值、Scope 3 缺口队列补齐完整强证据总量。,"Backfill missing Scope value, unit, year, boundary, and Scope 2 method before adding the company to the complete comparable ranking.",2024_ESG_Report_The_Home_Depot.pdf,45 | 95,
P0,R2_TOTAL_EMISSIONS_RANKING_DESC,emissions_ranking,r091_equinor公司,Equinor,Equinor,91,1,assets/data/world500/workbench/world500_emissions_complete_ranking_verification_queue.csv,complete_scope123_total_verification,P2_verify_total_and_snippets,,"Only companies with complete strong Scope 1 + selected Scope 2 value/method + Scope 3 evidence, plus explicit finance Scope 3 boundary where applicable, can enter the comparable total-emissions ranking.",按 Scope 1、Scope 2 方法/数值、Scope 3 缺口队列补齐完整强证据总量。,"Backfill missing Scope value, unit, year, boundary, and Scope 2 method before adding the company to the complete comparable ranking.",annual-report-2024-equinor.pdf,117,
P0,R2_TOTAL_EMISSIONS_RANKING_DESC,emissions_ranking,r114_royalaholddelhaize,ROYAL AHOLD DELHAIZE,皇家阿霍德德尔海兹集团,114,1,assets/data/world500/workbench/world500_emissions_complete_ranking_verification_queue.csv,complete_scope123_total_verification,P2_verify_total_and_snippets,,"Only companies with complete strong Scope 1 + selected Scope 2 value/method + Scope 3 evidence, plus explicit finance Scope 3 boundary where applicable, can enter the comparable total-emissions ranking.",按 Scope 1、Scope 2 方法/数值、Scope 3 缺口队列补齐完整强证据总量。,"Backfill missing Scope value, unit, year, boundary, and Scope 2 method before adding the company to the complete comparable ranking.",Ahold_Delhaize_Annual_Report_2024.pdf,176,
P0,R2_TOTAL_EMISSIONS_RANKING_DESC,emissions_ranking,r260_newyorklifeinsurance,NEW YORK LIFE INSURANCE,美国纽约人寿保险公司,260,1,assets/data/world500/workbench/world500_emissions_complete_ranking_verification_queue.csv,complete_scope123_total_verification,P2_verify_total_and_snippets,,"Only companies with complete strong Scope 1 + selected Scope 2 value/method + Scope 3 evidence, plus explicit finance Scope 3 boundary where applicable, can enter the comparable total-emissions ranking.",按 Scope 1、Scope 2 方法/数值、Scope 3 缺口队列补齐完整强证据总量。,"Backfill missing Scope value, unit, year, boundary, and Scope 2 method before adding the company to the complete comparable ranking.",2024NEW YORK LIFE INSURANCE Corporate-Responsibility-Report.pdf,54,
P0,R2_TOTAL_EMISSIONS_RANKING_DESC,emissions_ranking,r283_intesasanpaolo,INTESA SANPAOLO,意大利联合圣保罗银行,283,1,assets/data/world500/workbench/world500_emissions_scope3_backfill_queue.csv,scope3_value_backfill,P0_backfill_scope3,,"Only companies with complete strong Scope 1 + selected Scope 2 value/method + Scope 3 evidence, plus explicit finance Scope 3 boundary where applicable, can enter the comparable total-emissions ranking.",按 Scope 1、Scope 2 方法/数值、Scope 3 缺口队列补齐完整强证据总量。,"Backfill missing Scope value, unit, year, boundary, and Scope 2 method before adding the company to the complete comparable ranking.",2024_INTESA SANPAOLO-Climate_Report.pdf,99 | 103,
P0,R2_TOTAL_EMISSIONS_RANKING_DESC,emissions_ranking,r297_sanofi,SANOFI,赛诺菲,297,1,assets/data/world500/workbench/world500_emissions_complete_ranking_verification_queue.csv,complete_scope123_total_verification,P2_verify_total_and_snippets,,"Only companies with complete strong Scope 1 + selected Scope 2 value/method + Scope 3 evidence, plus explicit finance Scope 3 boundary where applicable, can enter the comparable total-emissions ranking.",按 Scope 1、Scope 2 方法/数值、Scope 3 缺口队列补齐完整强证据总量。,"Backfill missing Scope value, unit, year, boundary, and Scope 2 method before adding the company to the complete comparable ranking.",SANOFI-sustainability-statement-2024--ESG-Report-.pdf,38,
P0,R2_TOTAL_EMISSIONS_RANKING_DESC,emissions_ranking,r315_unicreditgroup,UNICREDIT GROUP,联合信贷集团,315,1,assets/data/world500/workbench/world500_emissions_complete_ranking_verification_queue.csv,complete_scope123_total_verification,P2_verify_total_and_snippets,,"Only companies with complete strong Scope 1 + selected Scope 2 value/method + Scope 3 evidence, plus explicit finance Scope 3 boundary where applicable, can enter the comparable total-emissions ranking.",按 Scope 1、Scope 2 方法/数值、Scope 3 缺口队列补齐完整强证据总量。,"Backfill missing Scope value, unit, year, boundary, and Scope 2 method before adding the company to the complete comparable ranking.",2024-UNICREDIT GROUP-Annual-Reports-and-Accounts.pdf,271,
P0,R2_TOTAL_EMISSIONS_RANKING_DESC,emissions_ranking,r327_talanx公司,Talanx,Talanx,327,1,assets/data/world500/workbench/world500_emissions_complete_ranking_verification_queue.csv,complete_scope123_total_verification,P2_verify_total_and_snippets,,"Only companies with complete strong Scope 1 + selected Scope 2 value/method + Scope 3 evidence, plus explicit finance Scope 3 boundary where applicable, can enter the comparable total-emissions ranking.",按 Scope 1、Scope 2 方法/数值、Scope 3 缺口队列补齐完整强证据总量。,"Backfill missing Scope value, unit, year, boundary, and Scope 2 method before adding the company to the complete comparable ranking.",Talanx_Nachhaltigkeitsbericht_2023_en.pdf,32,
P0,R2_TOTAL_EMISSIONS_RANKING_DESC,emissions_ranking,r350_telefónica,TELEFÓNICA,西班牙电话公司,350,1,assets/data/world500/workbench/world500_emissions_complete_ranking_verification_queue.csv,complete_scope123_total_verification,P2_verify_total_and_snippets,,"Only companies with complete strong Scope 1 + selected Scope 2 value/method + Scope 3 evidence, plus explicit finance Scope 3 boundary where applicable, can enter the comparable total-emissions ranking.",按 Scope 1、Scope 2 方法/数值、Scope 3 缺口队列补齐完整强证据总量。,"Backfill missing Scope value, unit, year, boundary, and Scope 2 method before adding the company to the complete comparable ranking.",2024TELEFÓNICA consolidated-management-report.pdf,206,
P0,R2_TOTAL_EMISSIONS_RANKING_DESC,emissions_ranking,r352_bestbuy,BEST BUY,百思买,352,1,assets/data/world500/workbench/world500_emissions_complete_ranking_verification_queue.csv,complete_scope123_total_verification,P2_verify_total_and_snippets,,"Only companies with complete strong Scope 1 + selected Scope 2 value/method + Scope 3 evidence, plus explicit finance Scope 3 boundary where applicable, can enter the comparable total-emissions ranking.",按 Scope 1、Scope 2 方法/数值、Scope 3 缺口队列补齐完整强证据总量。,"Backfill missing Scope value, unit, year, boundary, and Scope 2 method before adding the company to the complete comparable ranking.",BestBuy-CRS-Report-2025.pdf,59,
P0,R2_TOTAL_EMISSIONS_RANKING_DESC,emissions_ranking,r392_coop集团,Coop,Coop,392,1,assets/data/world500/workbench/world500_emissions_complete_ranking_verification_queue.csv,complete_scope123_total_verification,P2_verify_total_and_snippets,,"Only companies with complete strong Scope 1 + selected Scope 2 value/method + Scope 3 evidence, plus explicit finance Scope 3 boundary where applicable, can enter the comparable total-emissions ranking.",按 Scope 1、Scope 2 方法/数值、Scope 3 缺口队列补齐完整强证据总量。,"Backfill missing Scope value, unit, year, boundary, and Scope 2 method before adding the company to the complete comparable ranking.",COOP GROUP Fortschrittsbericht-Nachhaltigkeit-2024_en.pdf,78 | 79 | 53,
P0,R2_TOTAL_EMISSIONS_RANKING_DESC,emissions_ranking,r395_pbfenergy公司,PBF Energy,PBF Energy,395,1,assets/data/world500/workbench/world500_emissions_scope3_backfill_queue.csv,scope3_value_backfill,P0_backfill_scope3,,"Only companies with complete strong Scope 1 + selected Scope 2 value/method + Scope 3 evidence, plus explicit finance Scope 3 boundary where applicable, can enter the comparable total-emissions ranking.",按 Scope 1、Scope 2 方法/数值、Scope 3 缺口队列补齐完整强证据总量。,"Backfill missing Scope value, unit, year, boundary, and Scope 2 method before adding the company to the complete comparable ranking.",2024-PBF-Sustainability-Report.pdf,28 | 9,
P0,R2_TOTAL_EMISSIONS_RANKING_DESC,emissions_ranking,r403_ubertechnologies公司,Uber Technologies,Uber Technologies,403,1,assets/data/world500/workbench/world500_emissions_scope3_backfill_queue.csv,scope3_value_backfill,P0_backfill_scope3,,"Only companies with complete strong Scope 1 + selected Scope 2 value/method + Scope 3 evidence, plus explicit finance Scope 3 boundary where applicable, can enter the comparable total-emissions ranking.",按 Scope 1、Scope 2 方法/数值、Scope 3 缺口队列补齐完整强证据总量。,"Backfill missing Scope value, unit, year, boundary, and Scope 2 method before adding the company to the complete comparable ranking.",uber-technologies-inc-2023-esg-report.pdf,55,
P0,R2_TOTAL_EMISSIONS_RANKING_DESC,emissions_ranking,r421_jardinematheson,JARDINE MATHESON,怡和集团,421,1,assets/data/world500/workbench/world500_emissions_scope3_backfill_queue.csv,scope3_value_backfill,P0_backfill_scope3,,"Only companies with complete strong Scope 1 + selected Scope 2 value/method + Scope 3 evidence, plus explicit finance Scope 3 boundary where applicable, can enter the comparable total-emissions ranking.",按 Scope 1、Scope 2 方法/数值、Scope 3 缺口队列补齐完整强证据总量。,"Backfill missing Scope value, unit, year, boundary, and Scope 2 method before adding the company to the complete comparable ranking.",2024_JARDINE MATHESON_sustainability_report.pdf,92 | 30,
P0,R2_TOTAL_EMISSIONS_RANKING_DESC,emissions_ranking,r427_broadcom,BROADCOM,博通公司,427,1,assets/data/world500/workbench/world500_emissions_scope3_backfill_queue.csv,scope3_value_backfill,P0_backfill_scope3,,"Only companies with complete strong Scope 1 + selected Scope 2 value/method + Scope 3 evidence, plus explicit finance Scope 3 boundary where applicable, can enter the comparable total-emissions ranking.",按 Scope 1、Scope 2 方法/数值、Scope 3 缺口队列补齐完整强证据总量。,"Backfill missing Scope value, unit, year, boundary, and Scope 2 method before adding the company to the complete comparable ranking.",broadcom-2024-corpresponsibility-final.pdf,61,
P0,R2_TOTAL_EMISSIONS_RANKING_DESC,emissions_ranking,r431_elo集团,ELO,ELO,431,1,assets/data/world500/workbench/world500_emissions_scope3_backfill_queue.csv,scope3_value_backfill,P0_backfill_scope3,,"Only companies with complete strong Scope 1 + selected Scope 2 value/method + Scope 3 evidence, plus explicit finance Scope 3 boundary where applicable, can enter the comparable total-emissions ranking.",按 Scope 1、Scope 2 方法/数值、Scope 3 缺口队列补齐完整强证据总量。,"Backfill missing Scope value, unit, year, boundary, and Scope 2 method before adding the company to the complete comparable ranking.",RFA_ELO_2024_EN-1.pdf,143,
P0,R2_TOTAL_EMISSIONS_RANKING_DESC,emissions_ranking,r434_drhorton公司,D.R. Horton,D.R. Horton,434,1,assets/data/world500/workbench/world500_emissions_scope3_backfill_queue.csv,scope3_value_backfill,P0_backfill_scope3,,"Only companies with complete strong Scope 1 + selected Scope 2 value/method + Scope 3 evidence, plus explicit finance Scope 3 boundary where applicable, can enter the comparable total-emissions ranking.",按 Scope 1、Scope 2 方法/数值、Scope 3 缺口队列补齐完整强证据总量。,"Backfill missing Scope value, unit, year, boundary, and Scope 2 method before adding the company to the complete comparable ranking.",d-r-horton-inc-fy2024-sustainability-report.pdf,77,
P0,R2_TOTAL_EMISSIONS_RANKING_DESC,emissions_ranking,r480_ecopetrol,ECOPETROL,哥伦比亚国家石油公司,480,1,assets/data/world500/workbench/world500_emissions_complete_ranking_verification_queue.csv,complete_scope123_total_verification,P2_verify_total_and_snippets,,"Only companies with complete strong Scope 1 + selected Scope 2 value/method + Scope 3 evidence, plus explicit finance Scope 3 boundary where applicable, can enter the comparable total-emissions ranking.",按 Scope 1、Scope 2 方法/数值、Scope 3 缺口队列补齐完整强证据总量。,"Backfill missing Scope value, unit, year, boundary, and Scope 2 method before adding the company to the complete comparable ranking.",2024-ECOPETROL-integrated-management-report.pdf,395 | 297,
P0,R2_TOTAL_EMISSIONS_RANKING_DESC,emissions_ranking,r486_linde,LINDE,林德集团,486,1,assets/data/world500/workbench/world500_emissions_scope3_backfill_queue.csv,scope3_value_backfill,P0_backfill_scope3,,"Only companies with complete strong Scope 1 + selected Scope 2 value/method + Scope 3 evidence, plus explicit finance Scope 3 boundary where applicable, can enter the comparable total-emissions ranking.",按 Scope 1、Scope 2 方法/数值、Scope 3 缺口队列补齐完整强证据总量。,"Backfill missing Scope value, unit, year, boundary, and Scope 2 method before adding the company to the complete comparable ranking.",2024-LINDE-sustainable-development-report.pdf,99 | 59,
P1,R4_TECHNOLOGY_PATH_AXIS,technology_path_axis,r007_apple,APPLE,苹果公司,7,12,assets/data/world500/workbench/world500_technology_timeline_validation_queue.csv | assets/data/world500/workbench/world500_technology_cost_validation_queue.csv,timeline_and_cost_signal_validation,P1_validate_timeline_and_cost_signals,disclosure_keyword_signal_not_project_cost_or_verified_abatement,"Technology-company relationships need company-specific project, timeline, cost/investment, or abatement evidence before being treated as validated technology-path evidence.",把关键词信号升级到公司级项目证据，补时间节点和成本/投资证据边界。,"Backfill company-specific project evidence, timeline milestone, cost/investment, or abatement evidence before treating the company-technology edge as validated.",Apple_Environmental_Progress_Report_2025.pdf | ENGIE_DEU_2024_US__PDF_MEL_v3.pdf | FY2025-Walmart-ESG-Report.pdf | 2023_Volkswagen_Group_Sustainability_Report.pdf | shell-annual-report-2024.pdf | 2024-saudi-aramco-sustainability-report-full-en.pdf,13 | 13.0 | 22 | 31 | 32 | 34 | 12 | 12.0 | 56 | 86 | 86.0 | 103 | 4 | 100 | 104,"c shipped in our products in 202425 Our progress iPhone 16 uses more than 95 percent recycled lithium in the battery, a first for Apple26 Our progress We now use 99 percent recycled rare earth elements in all magnets in our products 95% Pro"
P1,R4_TECHNOLOGY_PATH_AXIS,technology_path_axis,r322_ingkagroup,INGKA GROUP,英格卡集团,322,8,assets/data/world500/workbench/world500_technology_timeline_validation_queue.csv | assets/data/world500/workbench/world500_technology_cost_validation_queue.csv,timeline_and_cost_signal_validation,P1_validate_timeline_and_cost_signals,disclosure_keyword_signal_not_project_cost_or_verified_abatement,"Technology-company relationships need company-specific project, timeline, cost/investment, or abatement evidence before being treated as validated technology-path evidence.",把关键词信号升级到公司级项目证据，补时间节点和成本/投资证据边界。,"Backfill company-specific project evidence, timeline milestone, cost/investment, or abatement evidence before treating the company-technology edge as validated.",FY2025-Walmart-ESG-Report.pdf | 2025-integrated-sustainability-and-financial-report-FORD MOTOR.pdf | 2024-AT&T-sustainability-report.pdf | Apple_Environmental_Progress_Report_2025.pdf | 2023_Volkswagen_Group_Sustainability_Report.pdf,31 | 32 | 34 | 5 | 5.0 | 13 | 12 | 12.0 | 56 | 100 | 104,"few words from our CSO | Climate change | Resource use, circularity and waste | Water | Biodiversity and forestry [ ON TRACK ] [ ON TRACK ] [ ON TRACK ] [ ON TRACK ] Climate change We have achieved a 30.1% reduction in absolute emissions (v"
P1,R4_TECHNOLOGY_PATH_AXIS,technology_path_axis,r466_bankofnewyorkmellon,BANK OF NEW YORK MELLON,纽约梅隆银行,466,8,assets/data/world500/workbench/world500_technology_timeline_validation_queue.csv | assets/data/world500/workbench/world500_technology_cost_validation_queue.csv,timeline_and_cost_signal_validation,P1_validate_timeline_and_cost_signals,disclosure_keyword_signal_not_project_cost_or_verified_abatement,"Technology-company relationships need company-specific project, timeline, cost/investment, or abatement evidence before being treated as validated technology-path evidence.",把关键词信号升级到公司级项目证据，补时间节点和成本/投资证据边界。,"Backfill company-specific project evidence, timeline milestone, cost/investment, or abatement evidence before treating the company-technology edge as validated.",2024-saudi-aramco-sustainability-report-full-en.pdf | Apple_Environmental_Progress_Report_2025.pdf | 2023_Volkswagen_Group_Sustainability_Report.pdf,13 | 19 | 68 | 12 | 12.0 | 56 | 4 | 100 | 104,"In the Oil & Gas sector, Scope 1 includes fugitive emissions (e.g., methane leaks) and process emissions (e.g., gas flaring, emissions from company vehicles), Scope 2 includes emissions from the electricity purchased to power company office"
P1,R4_TECHNOLOGY_PATH_AXIS,technology_path_axis,r480_ecopetrol,ECOPETROL,哥伦比亚国家石油公司,480,8,assets/data/world500/workbench/world500_technology_company_evidence_backfill_queue.csv | assets/data/world500/workbench/world500_technology_timeline_validation_queue.csv | assets/data/world500/workbench/world500_technology_cost_validation_queue.csv,company_specific_technology_evidence_backfill | timeline_and_cost_signal_validation | project_cost_signal_validation,P0_backfill_company_specific_technology_evidence | P1_validate_timeline_and_cost_signals | P1_validate_project_cost_signal,disclosure_keyword_signal_not_project_cost_or_verified_abatement,"Technology-company relationships need company-specific project, timeline, cost/investment, or abatement evidence before being treated as validated technology-path evidence.",把关键词信号升级到公司级项目证据，补时间节点和成本/投资证据边界。,"Backfill company-specific project evidence, timeline milestone, cost/investment, or abatement evidence before treating the company-technology edge as validated.",Apple_Environmental_Progress_Report_2025.pdf | 2023_Volkswagen_Group_Sustainability_Report.pdf | shell-annual-report-2024.pdf | 2024-saudi-aramco-sustainability-report-full-en.pdf,100 | 104 | 12 | 12.0 | 56 | 86 | 86.0 | 103 | 4 | 13 | 19 | 68,"11,817,213 tCO₂e 357,966 tCO₂e 859,892 tCO₂e 91,383 tCO₂e 151,117,258 tCO₂e 9,082 tCO₂e 3,340 tCO₂e 303 tCO₂e of direct GHG emissions - Scope 1. through energy efficiency projects. of indirect GHG emissions from energy generation - Scope 27"
P1,R4_TECHNOLOGY_PATH_AXIS,technology_path_axis,r023_totalenergies,TOTALENERGIES,道达尔能源公司,23,7,assets/data/world500/workbench/world500_technology_company_evidence_backfill_queue.csv | assets/data/world500/workbench/world500_technology_timeline_validation_queue.csv | assets/data/world500/workbench/world500_technology_cost_validation_queue.csv,company_specific_technology_evidence_backfill | project_timeline_signal_validation | timeline_and_cost_signal_validation | project_cost_signal_validation,P0_backfill_company_specific_technology_evidence | P1_validate_project_timeline_signal | P1_validate_timeline_and_cost_signals | P1_validate_project_cost_signal,disclosure_keyword_signal_not_project_cost_or_verified_abatement,"Technology-company relationships need company-specific project, timeline, cost/investment, or abatement evidence before being treated as validated technology-path evidence.",把关键词信号升级到公司级项目证据，补时间节点和成本/投资证据边界。,"Backfill company-specific project evidence, timeline milestone, cost/investment, or abatement evidence before treating the company-technology edge as validated.",Apple_Environmental_Progress_Report_2025.pdf | 2023_Volkswagen_Group_Sustainability_Report.pdf | totalenergies_sustainability-climate-2025-progress-report_2025_en.pdf | shell-annual-report-2024.pdf | 2024-saudi-aramco-sustainability-report-full-en.pdf,100 | 104 | 56 | 56.0 | 18 | 86 | 86.0 | 103 | 4 | 12 | 13 | 19 | 68 | 12.0,"to the different scenarios that may materialize depending on developments in low-carbon technologies (adoption rate, cost reduction), geopolitical relations, international trade 1. Biofuels, biogas, hydrogen and e-fuels/e-gas. 2. From opera"
P1,R4_TECHNOLOGY_PATH_AXIS,technology_path_axis,r098_eni,ENI,埃尼石油公司,98,7,assets/data/world500/workbench/world500_technology_company_evidence_backfill_queue.csv | assets/data/world500/workbench/world500_technology_timeline_validation_queue.csv | assets/data/world500/workbench/world500_technology_cost_validation_queue.csv,company_specific_technology_evidence_backfill | timeline_and_cost_signal_validation | project_cost_signal_validation,P0_backfill_company_specific_technology_evidence | P1_validate_timeline_and_cost_signals | P1_validate_project_cost_signal,disclosure_keyword_signal_not_project_cost_or_verified_abatement,"Technology-company relationships need company-specific project, timeline, cost/investment, or abatement evidence before being treated as validated technology-path evidence.",把关键词信号升级到公司级项目证据，补时间节点和成本/投资证据边界。,"Backfill company-specific project evidence, timeline milestone, cost/investment, or abatement evidence before treating the company-technology edge as validated.",Apple_Environmental_Progress_Report_2025.pdf | 2024-saudi-aramco-sustainability-report-full-en.pdf | FY2025-Walmart-ESG-Report.pdf | 2023_Volkswagen_Group_Sustainability_Report.pdf,100 | 104 | 13 | 19 | 68 | 4 | 12 | 31 | 32 | 34 | 12.0 | 56,"In particular, the external context analysis highlights a focus on reducing Scope 1-2 emissions, on addressing interventions where technological mitigation opportunities are achievable and on reducing methane emissions, a greenhouse gas wit"
P1,R4_TECHNOLOGY_PATH_AXIS,technology_path_axis,r481_arrowelectronics,ARROW ELECTRONICS,艾睿电子,481,7,assets/data/world500/workbench/world500_technology_company_evidence_backfill_queue.csv | assets/data/world500/workbench/world500_technology_timeline_validation_queue.csv | assets/data/world500/workbench/world500_technology_cost_validation_queue.csv,company_specific_technology_evidence_backfill | timeline_and_cost_signal_validation,P0_backfill_company_specific_technology_evidence | P1_validate_timeline_and_cost_signals,disclosure_keyword_signal_not_project_cost_or_verified_abatement,"Technology-company relationships need company-specific project, timeline, cost/investment, or abatement evidence before being treated as validated technology-path evidence.",把关键词信号升级到公司级项目证据，补时间节点和成本/投资证据边界。,"Backfill company-specific project evidence, timeline milestone, cost/investment, or abatement evidence before treating the company-technology edge as validated.",Apple_Environmental_Progress_Report_2025.pdf | FY2025-Walmart-ESG-Report.pdf | 2025-integrated-sustainability-and-financial-report-FORD MOTOR.pdf | 2024-AT&T-sustainability-report.pdf | 2023_Volkswagen_Group_Sustainability_Report.pdf,100 | 104 | 31 | 32 | 34 | 5 | 5.0 | 13 | 12 | 12.0 | 56,ribution 48 Circular economy 49 Biodiversity 49 Supporting our workforce and communities 50 Strategy 51 Our workforce 52 People 52 Work 57 Rewards 60 Our communities 63 Community engagement 63 Data and performance 70 Sustainability Accounti
P1,R4_TECHNOLOGY_PATH_AXIS,technology_path_axis,r011_volkswagen,VOLKSWAGEN,大众公司,11,6,assets/data/world500/workbench/world500_technology_timeline_validation_queue.csv | assets/data/world500/workbench/world500_technology_cost_validation_queue.csv,timeline_and_cost_signal_validation | project_cost_signal_validation,P1_validate_timeline_and_cost_signals | P1_validate_project_cost_signal,disclosure_keyword_signal_not_project_cost_or_verified_abatement,"Technology-company relationships need company-specific project, timeline, cost/investment, or abatement evidence before being treated as validated technology-path evidence.",把关键词信号升级到公司级项目证据，补时间节点和成本/投资证据边界。,"Backfill company-specific project evidence, timeline milestone, cost/investment, or abatement evidence before treating the company-technology edge as validated.",FY2025-Walmart-ESG-Report.pdf | 2024-saudi-aramco-sustainability-report-full-en.pdf | Apple_Environmental_Progress_Report_2025.pdf | 2023_Volkswagen_Group_Sustainability_Report.pdf | totalenergies_sustainability-climate-2025-progress-report_2025_en.pdf,31 | 32 | 34 | 4 | 12 | 12.0 | 56 | 56.0 | 18,"More than 850,000 metric tons of CO₂ have been saved in net terms since 2017 through the Aluminum Closed Loop Recycling Production Waste Waste with recyclable content generated in production is also being increasingly sys"
P1,R4_TECHNOLOGY_PATH_AXIS,technology_path_axis,r016_mckesson,MCKESSON,麦克森公司,16,6,assets/data/world500/workbench/world500_technology_timeline_validation_queue.csv | assets/data/world500/workbench/world500_technology_cost_validation_queue.csv,timeline_and_cost_signal_validation,P1_validate_timeline_and_cost_signals,disclosure_keyword_signal_not_project_cost_or_verified_abatement,"Technology-company relationships need company-specific project, timeline, cost/investment, or abatement evidence before being treated as validated technology-path evidence.",把关键词信号升级到公司级项目证据，补时间节点和成本/投资证据边界。,"Backfill company-specific project evidence, timeline milestone, cost/investment, or abatement evidence before treating the company-technology edge as validated.",Apple_Environmental_Progress_Report_2025.pdf | 2023_Volkswagen_Group_Sustainability_Report.pdf | shell-annual-report-2024.pdf,12 | 12.0 | 56 | 86 | 86.0 | 103 | 100 | 104,"n targets through alternative fuel vehicles, routing efficiency and driving behaviors. OPERATIONS Supports growth in operations through efficiency improvements that reduce GHG emissions and waste. DIRECT PROCUREMENT Engages suppliers to see"
P1,R4_TECHNOLOGY_PATH_AXIS,technology_path_axis,r057_hondamotor,HONDA MOTOR,本田汽车,57,6,assets/data/world500/workbench/world500_technology_timeline_validation_queue.csv | assets/data/world500/workbench/world500_technology_cost_validation_queue.csv,timeline_and_cost_signal_validation,P1_validate_timeline_and_cost_signals,disclosure_keyword_signal_not_project_cost_or_verified_abatement,"Technology-company relationships need company-specific project, timeline, cost/investment, or abatement evidence before being treated as validated technology-path evidence.",把关键词信号升级到公司级项目证据，补时间节点和成本/投资证据边界。,"Backfill company-specific project evidence, timeline milestone, cost/investment, or abatement evidence before treating the company-technology edge as validated.",FY2025-Walmart-ESG-Report.pdf | Apple_Environmental_Progress_Report_2025.pdf | 2023_Volkswagen_Group_Sustainability_Report.pdf,31 | 32 | 34 | 12 | 12.0 | 56 | 100 | 104,ɾɾɾɾɾɾɾɾɾɾɾɾɾɾɾɾɾɾɾɾɾɾɾɾɾɾɾ 45 Resource Use and Circular Economy ɾɾɾɾɾɾɾɾɾɾɾɾɾɾɾɾɾɾ 50 Environmental Data ɾɾɾɾɾɾ 58 • Addressing Climate Change • Addressing Energy Issues • Efficient Utilization of Resources Upstream and Downstream CO2 Em
P1,R4_TECHNOLOGY_PATH_AXIS,technology_path_axis,r105_boschgroup,BOSCH GROUP,博世集团,105,6,assets/data/world500/workbench/world500_technology_timeline_validation_queue.csv | assets/data/world500/workbench/world500_technology_cost_validation_queue.csv,timeline_and_cost_signal_validation,P1_validate_timeline_and_cost_signals,disclosure_keyword_signal_not_project_cost_or_verified_abatement,"Technology-company relationships need company-specific project, timeline, cost/investment, or abatement evidence before being treated as validated technology-path evidence.",把关键词信号升级到公司级项目证据，补时间节点和成本/投资证据边界。,"Backfill company-specific project evidence, timeline milestone, cost/investment, or abatement evidence before treating the company-technology edge as validated.",2024-saudi-aramco-sustainability-report-full-en.pdf | FY2025-Walmart-ESG-Report.pdf | Apple_Environmental_Progress_Report_2025.pdf | 2023_Volkswagen_Group_Sustainability_Report.pdf,13 | 19 | 68 | 31 | 32 | 34 | 12 | 12.0 | 56,"es Changes in technology General target agreements Energy efficiency Energy efficiency of products In-house energy generation from renewable sources Switching to electricity from renewable sources Carbon offsets Scope 3, upstream: Purchased"
P1,R4_TECHNOLOGY_PATH_AXIS,technology_path_axis,r130_engie集团,Engie,Engie,130,6,assets/data/world500/workbench/world500_technology_company_evidence_backfill_queue.csv | assets/data/world500/workbench/world500_technology_timeline_validation_queue.csv | assets/data/world500/workbench/world500_technology_cost_validation_queue.csv,company_specific_technology_evidence_backfill | timeline_and_cost_signal_validation | project_cost_signal_validation,P0_backfill_company_specific_technology_evidence | P1_validate_timeline_and_cost_signals | P1_validate_project_cost_signal,disclosure_keyword_signal_not_project_cost_or_verified_abatement,"Technology-company relationships need company-specific project, timeline, cost/investment, or abatement evidence before being treated as validated technology-path evidence.",把关键词信号升级到公司级项目证据，补时间节点和成本/投资证据边界。,"Backfill company-specific project evidence, timeline milestone, cost/investment, or abatement evidence before treating the company-technology edge as validated.",Apple_Environmental_Progress_Report_2025.pdf | ENGIE_DEU_2024_US__PDF_MEL_v3.pdf | 2024-saudi-aramco-sustainability-report-full-en.pdf,100 | 104 | 13 | 13.0 | 22 | 19 | 68 | 4 | 12,17 1.0 1.5 1.3 Other targets Share of renewable energy capacity in the electricity production mix (@ 100% and excluding energy storage)(3) ☐☐ 58%/66% 43% 41% 38% Proportion of the top 250 preferred suppliers (excluding energy) certified by
P1,R4_TECHNOLOGY_PATH_AXIS,technology_path_axis,r162_kia,KIA,起亚公司,162,6,assets/data/world500/workbench/world500_technology_timeline_validation_queue.csv | assets/data/world500/workbench/world500_technology_cost_validation_queue.csv,timeline_and_cost_signal_validation,P1_validate_timeline_and_cost_signals,disclosure_keyword_signal_not_project_cost_or_verified_abatement,"Technology-company relationships need company-specific project, timeline, cost/investment, or abatement evidence before being treated as validated technology-path evidence.",把关键词信号升级到公司级项目证据，补时间节点和成本/投资证据边界。,"Backfill company-specific project evidence, timeline milestone, cost/investment, or abatement evidence before treating the company-technology edge as validated.",2024-saudi-aramco-sustainability-report-full-en.pdf | 2025-integrated-sustainability-and-financial-report-FORD MOTOR.pdf | 2024-AT&T-sustainability-report.pdf | Apple_Environmental_Progress_Report_2025.pdf | 2023_Volkswagen_Group_Sustainability_Report.pdf,13 | 19 | 68 | 5 | 5.0 | 12 | 12.0 | 56,"r time and the response to those changes 103 Climate Change Greenhouse gas (GHG) emissions For all relevant greenhouse gases (e.g., carbon dioxide, methane, nitrous oxide, F-gases etc.), report in metric tons of carbon dioxide equivalent (t"
P1,R4_TECHNOLOGY_PATH_AXIS,technology_path_axis,r121_mitsui,MITSUI,三井物产株式会社,121,5,assets/data/world500/workbench/world500_technology_company_evidence_backfill_queue.csv | assets/data/world500/workbench/world500_technology_timeline_validation_queue.csv | assets/data/world500/workbench/world500_technology_cost_validation_queue.csv,company_specific_technology_evidence_backfill | timeline_and_cost_signal_validation,P0_backfill_company_specific_technology_evidence | P1_validate_timeline_and_cost_signals,disclosure_keyword_signal_not_project_cost_or_verified_abatement,"Technology-company relationships need company-specific project, timeline, cost/investment, or abatement evidence before being treated as validated technology-path evidence.",把关键词信号升级到公司级项目证据，补时间节点和成本/投资证据边界。,"Backfill company-specific project evidence, timeline milestone, cost/investment, or abatement evidence before treating the company-technology edge as validated.",Apple_Environmental_Progress_Report_2025.pdf | 2024-saudi-aramco-sustainability-report-full-en.pdf | 2025-integrated-sustainability-and-financial-report-FORD MOTOR.pdf | 2024-AT&T-sustainability-report.pdf,100 | 104 | 13 | 19 | 68 | 5 | 5.0,"om fossil fuels come from upstream mining and production operations (including methane leakage) and fuel use. ✓ In order to measure GHG emissions related to upstream production operations and the use of their products, calculation targets i"
P1,R4_TECHNOLOGY_PATH_AXIS,technology_path_axis,r208_sumitomomitsuifinancialgroup,SUMITOMO MITSUI FINANCIAL GROUP,日本三井住友金融集团,208,5,assets/data/world500/workbench/world500_technology_company_evidence_backfill_queue.csv | assets/data/world500/workbench/world500_technology_timeline_validation_queue.csv | assets/data/world500/workbench/world500_technology_cost_validation_queue.csv,company_specific_technology_evidence_backfill | timeline_and_cost_signal_validation,P0_backfill_company_specific_technology_evidence | P1_validate_timeline_and_cost_signals,disclosure_keyword_signal_not_project_cost_or_verified_abatement,"Technology-company relationships need company-specific project, timeline, cost/investment, or abatement evidence before being treated as validated technology-path evidence.",把关键词信号升级到公司级项目证据，补时间节点和成本/投资证据边界。,"Backfill company-specific project evidence, timeline milestone, cost/investment, or abatement evidence before treating the company-technology edge as validated.",Apple_Environmental_Progress_Report_2025.pdf | 2024-saudi-aramco-sustainability-report-full-en.pdf | 2025-integrated-sustainability-and-financial-report-FORD MOTOR.pdf | 2024-AT&T-sustainability-report.pdf,100 | 104 | 13 | 19 | 68 | 5 | 5.0,"om fossil fuels come from upstream mining and production operations (including methane leakage) and fuel use. ✓ In order to measure GHG emissions related to upstream production operations and the use of their products, calculation targets i"
P1,R4_TECHNOLOGY_PATH_AXIS,technology_path_axis,r317_tokyoelectricpower,TOKYO ELECTRIC POWER,东京电力公司,317,5,assets/data/world500/workbench/world500_technology_company_evidence_backfill_queue.csv | assets/data/world500/workbench/world500_technology_timeline_validation_queue.csv | assets/data/world500/workbench/world500_technology_cost_validation_queue.csv,company_specific_technology_evidence_backfill | timeline_and_cost_signal_validation,P0_backfill_company_specific_technology_evidence | P1_validate_timeline_and_cost_signals,disclosure_keyword_signal_not_project_cost_or_verified_abatement,"Technology-company relationships need company-specific project, timeline, cost/investment, or abatement evidence before being treated as validated technology-path evidence.",把关键词信号升级到公司级项目证据，补时间节点和成本/投资证据边界。,"Backfill company-specific project evidence, timeline milestone, cost/investment, or abatement evidence before treating the company-technology edge as validated.",2024-saudi-aramco-sustainability-report-full-en.pdf | Apple_Environmental_Progress_Report_2025.pdf | 2023_Volkswagen_Group_Sustainability_Report.pdf,4 | 12 | 12.0 | 56 | 100 | 104,"ves TEPCO's Initiatives to Reduce Scope 1, 2 and 3 Emissions TEPCO Group's CO₂ Reduction Initiatives Measures to Contribute to Customers' CO₂ Reduction Pumped storage & grid batteries Nuclear Power Rooftop solar installation Promote energy"
P1,R4_TECHNOLOGY_PATH_AXIS,technology_path_axis,r487_heineken,HEINEKEN,喜力公司,487,5,assets/data/world500/workbench/world500_technology_company_evidence_backfill_queue.csv | assets/data/world500/workbench/world500_technology_timeline_validation_queue.csv | assets/data/world500/workbench/world500_technology_cost_validation_queue.csv,company_specific_technology_evidence_backfill | timeline_and_cost_signal_validation,P0_backfill_company_specific_technology_evidence | P1_validate_timeline_and_cost_signals,disclosure_keyword_signal_not_project_cost_or_verified_abatement,"Technology-company relationships need company-specific project, timeline, cost/investment, or abatement evidence before being treated as validated technology-path evidence.",把关键词信号升级到公司级项目证据，补时间节点和成本/投资证据边界。,"Backfill company-specific project evidence, timeline milestone, cost/investment, or abatement evidence before treating the company-technology edge as validated.",Apple_Environmental_Progress_Report_2025.pdf | 2024-saudi-aramco-sustainability-report-full-en.pdf | FY2025-Walmart-ESG-Report.pdf,100 | 104 | 13 | 19 | 68 | 31 | 32 | 34,"ergy consumption and replace fossil fuels with renewables – Strengthen supplier engagement – Focus on agriculture initiatives FLAG (forest, land and agriculture) – Focus on packaging initiatives and circularity (non-FLAG) – Carbon removals"
P1,R4_TECHNOLOGY_PATH_AXIS,technology_path_axis,r004_saudiaramco,SAUDI ARAMCO,沙特阿美公司,4,4,assets/data/world500/workbench/world500_technology_timeline_validation_queue.csv | assets/data/world500/workbench/world500_technology_cost_validation_queue.csv,timeline_and_cost_signal_validation,P1_validate_timeline_and_cost_signals,disclosure_keyword_signal_not_project_cost_or_verified_abatement,"Technology-company relationships need company-specific project, timeline, cost/investment, or abatement evidence before being treated as validated technology-path evidence.",把关键词信号升级到公司级项目证据，补时间节点和成本/投资证据边界。,"Backfill company-specific project evidence, timeline milestone, cost/investment, or abatement evidence before treating the company-technology edge as validated.",2024-saudi-aramco-sustainability-report-full-en.pdf | Apple_Environmental_Progress_Report_2025.pdf,13 | 19 | 68 | 4 | 12,"Note External limited assurance symbol 27,708 Upstream methane emissions reduced by 11.4%, primarily due to the increased implementation of flare gas recovery systems to reduce venting and flaring, and increased leak detection and repair in"
P1,R4_TECHNOLOGY_PATH_AXIS,technology_path_axis,r013_shell,SHELL,壳牌公司,13,4,assets/data/world500/workbench/world500_technology_timeline_validation_queue.csv | assets/data/world500/workbench/world500_technology_cost_validation_queue.csv,timeline_and_cost_signal_validation | project_timeline_signal_validation | project_cost_signal_validation,P1_validate_timeline_and_cost_signals | P1_validate_project_timeline_signal | P1_validate_project_cost_signal,disclosure_keyword_signal_not_project_cost_or_verified_abatement,"Technology-company relationships need company-specific project, timeline, cost/investment, or abatement evidence before being treated as validated technology-path evidence.",把关键词信号升级到公司级项目证据，补时间节点和成本/投资证据边界。,"Backfill company-specific project evidence, timeline milestone, cost/investment, or abatement evidence before treating the company-technology edge as validated.",Apple_Environmental_Progress_Report_2025.pdf | 2023_Volkswagen_Group_Sustainability_Report.pdf | shell-annual-report-2024.pdf | 2024-saudi-aramco-sustainability-report-full-en.pdf,12 | 12.0 | 56 | 86 | 86.0 | 103 | 13 | 19 | 68,"We believe we are positioning ourselves to achieve our financial targets, and climate-related targets and ambition by: ￮reducing the GHG emissions from our operations (Scope 1 and 2) by improving our energy efficiency, deploying renewable e"
P1,R4_TECHNOLOGY_PATH_AXIS,technology_path_axis,r038_bankofamerica,BANK OF AMERICA,美国银行,38,4,assets/data/world500/workbench/world500_technology_timeline_validation_queue.csv | assets/data/world500/workbench/world500_technology_cost_validation_queue.csv,timeline_and_cost_signal_validation | project_cost_signal_validation,P1_validate_timeline_and_cost_signals | P1_validate_project_cost_signal,disclosure_keyword_signal_not_project_cost_or_verified_abatement,"Technology-company relationships need company-specific project, timeline, cost/investment, or abatement evidence before being treated as validated technology-path evidence.",把关键词信号升级到公司级项目证据，补时间节点和成本/投资证据边界。,"Backfill company-specific project evidence, timeline milestone, cost/investment, or abatement evidence before treating the company-technology edge as validated.",2023_Volkswagen_Group_Sustainability_Report.pdf | totalenergies_sustainability-climate-2025-progress-report_2025_en.pdf | Apple_Environmental_Progress_Report_2025.pdf | shell-annual-report-2024.pdf | 2024-saudi-aramco-sustainability-report-full-en.pdf,56 | 56.0 | 18 | 86 | 86.0 | 103 | 4 | 12,"manufacturers can leverage alternative fuels, such as refuse-derived fuels, biomass or low-carbon hydrogen, as a replacement for conventional fossil fuels to reduce their Scope 1 emissions."
P1,R4_TECHNOLOGY_PATH_AXIS,technology_path_axis,r089_rosneftoil,ROSNEFT OIL,俄罗斯石油公司,89,4,assets/data/world500/workbench/world500_technology_timeline_validation_queue.csv | assets/data/world500/workbench/world500_technology_cost_validation_queue.csv,timeline_and_cost_signal_validation,P1_validate_timeline_and_cost_signals,disclosure_keyword_signal_not_project_cost_or_verified_abatement,"Technology-company relationships need company-specific project, timeline, cost/investment, or abatement evidence before being treated as validated technology-path evidence.",把关键词信号升级到公司级项目证据，补时间节点和成本/投资证据边界。,"Backfill company-specific project evidence, timeline milestone, cost/investment, or abatement evidence before treating the company-technology edge as validated.",FY2025-Walmart-ESG-Report.pdf | 2024-saudi-aramco-sustainability-report-full-en.pdf | Apple_Environmental_Progress_Report_2025.pdf,31 | 32 | 34 | 4 | 12,"ried waste ▶ reused waste ▶ recycled waste ▶ reduction of waste generation Land Conservation and Waste Management, page 104 The volume of reused and recycled waste and the data on reduction of waste generation are not disclosed 19 Air pollu"
P1,R4_TECHNOLOGY_PATH_AXIS,technology_path_axis,r169_lukoil,LUKOIL,卢克石油公司,169,4,assets/data/world500/workbench/world500_technology_company_evidence_backfill_queue.csv | assets/data/world500/workbench/world500_technology_timeline_validation_queue.csv | assets/data/world500/workbench/world500_technology_cost_validation_queue.csv,company_specific_technology_evidence_backfill | timeline_and_cost_signal_validation | project_cost_signal_validation,P0_backfill_company_specific_technology_evidence | P1_validate_timeline_and_cost_signals | P1_validate_project_cost_signal,disclosure_keyword_signal_not_project_cost_or_verified_abatement,"Technology-company relationships need company-specific project, timeline, cost/investment, or abatement evidence before being treated as validated technology-path evidence.",把关键词信号升级到公司级项目证据，补时间节点和成本/投资证据边界。,"Backfill company-specific project evidence, timeline milestone, cost/investment, or abatement evidence before treating the company-technology edge as validated.",Apple_Environmental_Progress_Report_2025.pdf | 2024-saudi-aramco-sustainability-report-full-en.pdf,100 | 104 | 4 | 12 | 13 | 19 | 68,"The project roadmap includes three workstreams, the results of which allow for the reduction of fuel, heat and electricity consumption and, consequently, GHG emissions (Scope 1 + Scope 2). • Workstream 1: upgrade/optimization of the operati"
P1,R4_TECHNOLOGY_PATH_AXIS,technology_path_axis,r196_hitachi,HITACHI,日立,196,4,assets/data/world500/workbench/world500_technology_company_evidence_backfill_queue.csv | assets/data/world500/workbench/world500_technology_timeline_validation_queue.csv | assets/data/world500/workbench/world500_technology_cost_validation_queue.csv,company_specific_technology_evidence_backfill | timeline_and_cost_signal_validation | project_cost_signal_validation,P0_backfill_company_specific_technology_evidence | P1_validate_timeline_and_cost_signals | P1_validate_project_cost_signal,disclosure_keyword_signal_not_project_cost_or_verified_abatement,"Technology-company relationships need company-specific project, timeline, cost/investment, or abatement evidence before being treated as validated technology-path evidence.",把关键词信号升级到公司级项目证据，补时间节点和成本/投资证据边界。,"Backfill company-specific project evidence, timeline milestone, cost/investment, or abatement evidence before treating the company-technology edge as validated.",Apple_Environmental_Progress_Report_2025.pdf | 2024-saudi-aramco-sustainability-report-full-en.pdf | FY2025-Walmart-ESG-Report.pdf,100 | 104 | 4 | 12 | 31 | 32 | 34,Scope 2 Indirect emissions from production of electricity and heat purchased by the company Scope 3: Upstream Other indirect emissions not covered by Scope 1 and 2 (Emissions by other entities related to the company’s activities) Scope 1 Di
P1,R4_TECHNOLOGY_PATH_AXIS,technology_path_axis,r206_chinavanke,CHINA VANKE,万科企业股份有限公司,206,4,assets/data/world500/workbench/world500_technology_timeline_validation_queue.csv | assets/data/world500/workbench/world500_technology_cost_validation_queue.csv,timeline_and_cost_signal_validation,P1_validate_timeline_and_cost_signals,disclosure_keyword_signal_not_project_cost_or_verified_abatement,"Technology-company relationships need company-specific project, timeline, cost/investment, or abatement evidence before being treated as validated technology-path evidence.",把关键词信号升级到公司级项目证据，补时间节点和成本/投资证据边界。,"Backfill company-specific project evidence, timeline milestone, cost/investment, or abatement evidence before treating the company-technology edge as validated.",FY2025-Walmart-ESG-Report.pdf | 2024-saudi-aramco-sustainability-report-full-en.pdf | Apple_Environmental_Progress_Report_2025.pdf,31 | 32 | 34 | 4 | 12,70% of refrigeration equipment in restaurants uses low GWP refrigerants. • A rainwater collecting system and a recycled water treatment system have been set up in the Biosphere Park III to help the McDonald's restaurant carry out kitchen wa
P1,R4_TECHNOLOGY_PATH_AXIS,technology_path_axis,r247_repsol,REPSOL,雷普索尔公司,247,4,assets/data/world500/workbench/world500_technology_company_evidence_backfill_queue.csv | assets/data/world500/workbench/world500_technology_timeline_validation_queue.csv | assets/data/world500/workbench/world500_technology_cost_validation_queue.csv,company_specific_technology_evidence_backfill | timeline_and_cost_signal_validation | project_cost_signal_validation,P0_backfill_company_specific_technology_evidence | P1_validate_timeline_and_cost_signals | P1_validate_project_cost_signal,disclosure_keyword_signal_not_project_cost_or_verified_abatement,"Technology-company relationships need company-specific project, timeline, cost/investment, or abatement evidence before being treated as validated technology-path evidence.",把关键词信号升级到公司级项目证据，补时间节点和成本/投资证据边界。,"Backfill company-specific project evidence, timeline milestone, cost/investment, or abatement evidence before treating the company-technology edge as validated.",Apple_Environmental_Progress_Report_2025.pdf | 2023_Volkswagen_Group_Sustainability_Report.pdf | 2024-saudi-aramco-sustainability-report-full-en.pdf,100 | 104 | 12 | 12.0 | 56 | 4,"Operational excellence and portfolio management Energy efficiency, process electrification, reducing direct emissions from current operations, and optimizing the Upstream portfolio to include fewer carbon-intensive assets are key to the dec"
P1,R4_TECHNOLOGY_PATH_AXIS,technology_path_axis,r251_renault,RENAULT,雷诺,251,4,assets/data/world500/workbench/world500_technology_timeline_validation_queue.csv | assets/data/world500/workbench/world500_technology_cost_validation_queue.csv,project_timeline_signal_validation | project_cost_signal_validation,P1_validate_project_timeline_signal | P1_validate_project_cost_signal,disclosure_keyword_signal_not_project_cost_or_verified_abatement,"Technology-company relationships need company-specific project, timeline, cost/investment, or abatement evidence before being treated as validated technology-path evidence.",把关键词信号升级到公司级项目证据，补时间节点和成本/投资证据边界。,"Backfill company-specific project evidence, timeline milestone, cost/investment, or abatement evidence before treating the company-technology edge as validated.",2025-integrated-sustainability-and-financial-report-FORD MOTOR.pdf | 2024-AT&T-sustainability-report.pdf | FY2025-Walmart-ESG-Report.pdf | 2023_Volkswagen_Group_Sustainability_Report.pdf | totalenergies_sustainability-climate-2025-progress-report_2025_en.pdf | 2024-saudi-aramco-sustainability-report-full-en.pdf | Apple_Environmental_Progress_Report_2025.pdf,5 | 5.0 | 13 | 31 | 32 | 34 | 56 | 56.0 | 18 | 4 | 12,"SCOPE 3 DOWNSTREAM Ampere EUROPE’S LEADING EXPERT IN INTELLIGENT ELECTRIC VEHICLES The pure player in electric vehicles and software, Ampere is an independent entity set up by Renault Group to engineer, manufacture and market 100% electric"
P1,R4_TECHNOLOGY_PATH_AXIS,technology_path_axis,r270_unitedairlinesholdings,UNITED AIRLINES HOLDINGS,联合航空控股公司,270,4,assets/data/world500/workbench/world500_technology_timeline_validation_queue.csv | assets/data/world500/workbench/world500_technology_cost_validation_queue.csv,timeline_and_cost_signal_validation,P1_validate_timeline_and_cost_signals,disclosure_keyword_signal_not_project_cost_or_verified_abatement,"Technology-company relationships need company-specific project, timeline, cost/investment, or abatement evidence before being treated as validated technology-path evidence.",把关键词信号升级到公司级项目证据，补时间节点和成本/投资证据边界。,"Backfill company-specific project evidence, timeline milestone, cost/investment, or abatement evidence before treating the company-technology edge as validated.",Apple_Environmental_Progress_Report_2025.pdf | shell-annual-report-2024.pdf | 2024-saudi-aramco-sustainability-report-full-en.pdf,86 | 86.0 | 103 | 4 | 12,This methodology captures the full lifecycle emissions of jet fuel usage and allows us to chart both Scope 1 and associated Scope 3 emissions reductions from the replacement of conventional jet fuel with SAF.
P1,R4_TECHNOLOGY_PATH_AXIS,technology_path_axis,r271_tatamotors,TATA MOTORS,印度塔塔汽车公司,271,4,assets/data/world500/workbench/world500_technology_timeline_validation_queue.csv | assets/data/world500/workbench/world500_technology_cost_validation_queue.csv,timeline_and_cost_signal_validation,P1_validate_timeline_and_cost_signals,disclosure_keyword_signal_not_project_cost_or_verified_abatement,"Technology-company relationships need company-specific project, timeline, cost/investment, or abatement evidence before being treated as validated technology-path evidence.",把关键词信号升级到公司级项目证据，补时间节点和成本/投资证据边界。,"Backfill company-specific project evidence, timeline milestone, cost/investment, or abatement evidence before treating the company-technology edge as validated.",FY2025-Walmart-ESG-Report.pdf | Apple_Environmental_Progress_Report_2025.pdf | 2023_Volkswagen_Group_Sustainability_Report.pdf,31 | 32 | 34 | 12 | 12.0 | 56,"ply chain and product in-use emissions to net zero, we must: • Electrify our products to reduce direct product emissions to zero • Work with our value chain to decarbonise the supply of key materials and increased use of recycled-content ma"
P1,R4_TECHNOLOGY_PATH_AXIS,technology_path_axis,r275_idemitsukosan,IDEMITSU KOSAN,日本出光兴产株式会社,275,4,assets/data/world500/workbench/world500_technology_timeline_validation_queue.csv | assets/data/world500/workbench/world500_technology_cost_validation_queue.csv,timeline_and_cost_signal_validation,P1_validate_timeline_and_cost_signals,disclosure_keyword_signal_not_project_cost_or_verified_abatement,"Technology-company relationships need company-specific project, timeline, cost/investment, or abatement evidence before being treated as validated technology-path evidence.",把关键词信号升级到公司级项目证据，补时间节点和成本/投资证据边界。,"Backfill company-specific project evidence, timeline milestone, cost/investment, or abatement evidence before treating the company-technology edge as validated.",FY2025-Walmart-ESG-Report.pdf | Apple_Environmental_Progress_Report_2025.pdf | shell-annual-report-2024.pdf,31 | 32 | 34 | 86 | 86.0 | 103,pact on social and environmental issues  Materiality (key challenge) identification process Materiality KPI and Monitoring Indicators Major Related SDGs Category Achievements in FY2024 Target 1. Contribute to carbon neutrality / circular
P1,R4_TECHNOLOGY_PATH_AXIS,technology_path_axis,r283_intesasanpaolo,INTESA SANPAOLO,意大利联合圣保罗银行,283,4,assets/data/world500/workbench/world500_technology_timeline_validation_queue.csv | assets/data/world500/workbench/world500_technology_cost_validation_queue.csv,timeline_and_cost_signal_validation | project_cost_signal_validation,P1_validate_timeline_and_cost_signals | P1_validate_project_cost_signal,disclosure_keyword_signal_not_project_cost_or_verified_abatement,"Technology-company relationships need company-specific project, timeline, cost/investment, or abatement evidence before being treated as validated technology-path evidence.",把关键词信号升级到公司级项目证据，补时间节点和成本/投资证据边界。,"Backfill company-specific project evidence, timeline milestone, cost/investment, or abatement evidence before treating the company-technology edge as validated.",2024-saudi-aramco-sustainability-report-full-en.pdf | FY2025-Walmart-ESG-Report.pdf | Apple_Environmental_Progress_Report_2025.pdf,13 | 19 | 68 | 31 | 32 | 34 | 4 | 12,Methane emissions account for nearly half of the sector’s current scope 1 and 2 emissions.
P1,R4_TECHNOLOGY_PATH_AXIS,technology_path_axis,r319_worldkinect公司,World Kinect,World Kinect,319,4,assets/data/world500/workbench/world500_technology_timeline_validation_queue.csv | assets/data/world500/workbench/world500_technology_cost_validation_queue.csv,timeline_and_cost_signal_validation,P1_validate_timeline_and_cost_signals,disclosure_keyword_signal_not_project_cost_or_verified_abatement,"Technology-company relationships need company-specific project, timeline, cost/investment, or abatement evidence before being treated as validated technology-path evidence.",把关键词信号升级到公司级项目证据，补时间节点和成本/投资证据边界。,"Backfill company-specific project evidence, timeline milestone, cost/investment, or abatement evidence before treating the company-technology edge as validated.",Apple_Environmental_Progress_Report_2025.pdf | 2023_Volkswagen_Group_Sustainability_Report.pdf,12 | 12.0 | 56 | 100 | 104,Sources of Scope 2 Emissions: • Purchased Electricity • Purchased Heating / Cooling • Purchased Steam • Carbon Reduction Strategy • Carbon Compliance Services • Energy Efficiency Audits • Carbon Footprint Reporting • Renewable Electricity S
P1,R4_TECHNOLOGY_PATH_AXIS,technology_path_axis,r348_loréal,L'ORÉAL,欧莱雅,348,4,assets/data/world500/workbench/world500_technology_company_evidence_backfill_queue.csv | assets/data/world500/workbench/world500_technology_timeline_validation_queue.csv | assets/data/world500/workbench/world500_technology_cost_validation_queue.csv,company_specific_technology_evidence_backfill | timeline_and_cost_signal_validation,P0_backfill_company_specific_technology_evidence | P1_validate_timeline_and_cost_signals,disclosure_keyword_signal_not_project_cost_or_verified_abatement,"Technology-company relationships need company-specific project, timeline, cost/investment, or abatement evidence before being treated as validated technology-path evidence.",把关键词信号升级到公司级项目证据，补时间节点和成本/投资证据边界。,"Backfill company-specific project evidence, timeline milestone, cost/investment, or abatement evidence before treating the company-technology edge as validated.",2024-saudi-aramco-sustainability-report-full-en.pdf | Apple_Environmental_Progress_Report_2025.pdf | FY2025-Walmart-ESG-Report.pdf,4 | 12 | 100 | 104 | 31 | 32 | 34,lts Transforming our business 97% renewable energy for our operated sites. (E xcluding safety and security installations.) 53% of the water used in our industrial processes came from recycled and reused water.
P1,R4_TECHNOLOGY_PATH_AXIS,technology_path_axis,r391_西班牙acs集团,ACS Group,西班牙ACS,391,4,assets/data/world500/workbench/world500_technology_company_evidence_backfill_queue.csv | assets/data/world500/workbench/world500_technology_timeline_validation_queue.csv | assets/data/world500/workbench/world500_technology_cost_validation_queue.csv,company_specific_technology_evidence_backfill | timeline_and_cost_signal_validation,P0_backfill_company_specific_technology_evidence | P1_validate_timeline_and_cost_signals,disclosure_keyword_signal_not_project_cost_or_verified_abatement,"Technology-company relationships need company-specific project, timeline, cost/investment, or abatement evidence before being treated as validated technology-path evidence.",把关键词信号升级到公司级项目证据，补时间节点和成本/投资证据边界。,"Backfill company-specific project evidence, timeline milestone, cost/investment, or abatement evidence before treating the company-technology edge as validated.",2024-saudi-aramco-sustainability-report-full-en.pdf | Apple_Environmental_Progress_Report_2025.pdf | shell-annual-report-2024.pdf,4 | 12 | 100 | 104 | 86 | 86.0 | 103,"Scope 1 GHG emissions Scope 1 emissions are calculated by recording and consolidating all the material fuel (diesel/biodiesel, gasoline/biogasoline, LPG, LNG and natural gas) that is consumed under the operational control of the ACS Group,"
P1,R4_TECHNOLOGY_PATH_AXIS,technology_path_axis,r427_broadcom,BROADCOM,博通公司,427,4,assets/data/world500/workbench/world500_technology_timeline_validation_queue.csv | assets/data/world500/workbench/world500_technology_cost_validation_queue.csv,timeline_and_cost_signal_validation,P1_validate_timeline_and_cost_signals,disclosure_keyword_signal_not_project_cost_or_verified_abatement,"Technology-company relationships need company-specific project, timeline, cost/investment, or abatement evidence before being treated as validated technology-path evidence.",把关键词信号升级到公司级项目证据，补时间节点和成本/投资证据边界。,"Backfill company-specific project evidence, timeline milestone, cost/investment, or abatement evidence before treating the company-technology edge as validated.",Apple_Environmental_Progress_Report_2025.pdf | 2023_Volkswagen_Group_Sustainability_Report.pdf,12 | 12.0 | 56 | 100 | 104,"ycled water for flushing and landscaping, which have led to 75.56% water savings compared to the LEED baseline 90% of electricity consumed is renewable energy Energy efficiency measures, including heat recovery wheels, precision air conditi"
P1,R4_TECHNOLOGY_PATH_AXIS,technology_path_axis,r443_crh公司,CRH,CRH,443,4,assets/data/world500/workbench/world500_technology_timeline_validation_queue.csv | assets/data/world500/workbench/world500_technology_cost_validation_queue.csv,timeline_and_cost_signal_validation,P1_validate_timeline_and_cost_signals,disclosure_keyword_signal_not_project_cost_or_verified_abatement,"Technology-company relationships need company-specific project, timeline, cost/investment, or abatement evidence before being treated as validated technology-path evidence.",把关键词信号升级到公司级项目证据，补时间节点和成本/投资证据边界。,"Backfill company-specific project evidence, timeline milestone, cost/investment, or abatement evidence before treating the company-technology edge as validated.",FY2025-Walmart-ESG-Report.pdf | 2024-saudi-aramco-sustainability-report-full-en.pdf | Apple_Environmental_Progress_Report_2025.pdf,31 | 32 | 34 | 4 | 12,ormance Report Sustainable Leadership Sustainable Solutions Water Circularity Decarbonization Sustainable Foundations Natural World People & Communities Responsible Business Sustainable Performance 43 Decarbonization Progressing on Our Net-
P1,R4_TECHNOLOGY_PATH_AXIS,technology_path_axis,r449_nationalaustraliabank,NATIONAL AUSTRALIA BANK,澳大利亚国民银行,449,4,assets/data/world500/workbench/world500_technology_timeline_validation_queue.csv | assets/data/world500/workbench/world500_technology_cost_validation_queue.csv,timeline_and_cost_signal_validation | project_cost_signal_validation,P1_validate_timeline_and_cost_signals | P1_validate_project_cost_signal,disclosure_keyword_signal_not_project_cost_or_verified_abatement,"Technology-company relationships need company-specific project, timeline, cost/investment, or abatement evidence before being treated as validated technology-path evidence.",把关键词信号升级到公司级项目证据，补时间节点和成本/投资证据边界。,"Backfill company-specific project evidence, timeline milestone, cost/investment, or abatement evidence before treating the company-technology edge as validated.",2024-saudi-aramco-sustainability-report-full-en.pdf | Apple_Environmental_Progress_Report_2025.pdf,4 | 12 | 13 | 19 | 68 | 100 | 104,"ly coal retirement without relevant replacement, the grid not being ready for 100% renewables and consumer energy resources not adequately integrated into the grid."
P1,R4_TECHNOLOGY_PATH_AXIS,technology_path_axis,r484_commonwealthbankofaustralia,COMMONWEALTH BANK OF AUSTRALIA,澳洲联邦银行,484,4,assets/data/world500/workbench/world500_technology_company_evidence_backfill_queue.csv | assets/data/world500/workbench/world500_technology_timeline_validation_queue.csv | assets/data/world500/workbench/world500_technology_cost_validation_queue.csv,company_specific_technology_evidence_backfill | timeline_and_cost_signal_validation,P0_backfill_company_specific_technology_evidence | P1_validate_timeline_and_cost_signals,disclosure_keyword_signal_not_project_cost_or_verified_abatement,"Technology-company relationships need company-specific project, timeline, cost/investment, or abatement evidence before being treated as validated technology-path evidence.",把关键词信号升级到公司级项目证据，补时间节点和成本/投资证据边界。,"Backfill company-specific project evidence, timeline milestone, cost/investment, or abatement evidence before treating the company-technology edge as validated.",2024-saudi-aramco-sustainability-report-full-en.pdf | Apple_Environmental_Progress_Report_2025.pdf,4 | 12 | 100 | 104 | 13 | 19 | 68,"In Australia, reductions in emissions in the oil and gas sector are assumed to be supported by the Federal Government’s Safeguard Mechanism, which incentivises solutions to minimise Scope 1 emissions, including through carbon capture use an"
P1,R4_TECHNOLOGY_PATH_AXIS,technology_path_axis,r031_samsungelectronics,SAMSUNG ELECTRONICS,三星电子,31,3,assets/data/world500/workbench/world500_technology_company_evidence_backfill_queue.csv | assets/data/world500/workbench/world500_technology_timeline_validation_queue.csv | assets/data/world500/workbench/world500_technology_cost_validation_queue.csv,company_specific_technology_evidence_backfill | timeline_and_cost_signal_validation,P0_backfill_company_specific_technology_evidence | P1_validate_timeline_and_cost_signals,disclosure_keyword_signal_not_project_cost_or_verified_abatement,"Technology-company relationships need company-specific project, timeline, cost/investment, or abatement evidence before being treated as validated technology-path evidence.",把关键词信号升级到公司级项目证据，补时间节点和成本/投资证据边界。,"Backfill company-specific project evidence, timeline milestone, cost/investment, or abatement evidence before treating the company-technology edge as validated.",Apple_Environmental_Progress_Report_2025.pdf | FY2025-Walmart-ESG-Report.pdf,100 | 104 | 31 | 32 | 34,"S918) Value Chain Carbon Reduction The DX Division is striving to reduce value chain carbon emissions from a product life cycle perspective including material procurement, production, transportation, usage, disposal, and recycling as well a"
P1,R4_TECHNOLOGY_PATH_AXIS,technology_path_axis,r036_fordmotor,FORD MOTOR,福特汽车公司,36,3,assets/data/world500/workbench/world500_technology_timeline_validation_queue.csv | assets/data/world500/workbench/world500_technology_cost_validation_queue.csv,timeline_and_cost_signal_validation | project_cost_signal_validation,P1_validate_timeline_and_cost_signals | P1_validate_project_cost_signal,disclosure_keyword_signal_not_project_cost_or_verified_abatement,"Technology-company relationships need company-specific project, timeline, cost/investment, or abatement evidence before being treated as validated technology-path evidence.",把关键词信号升级到公司级项目证据，补时间节点和成本/投资证据边界。,"Backfill company-specific project evidence, timeline milestone, cost/investment, or abatement evidence before treating the company-technology edge as validated.",FY2025-Walmart-ESG-Report.pdf | 2025-integrated-sustainability-and-financial-report-FORD MOTOR.pdf | 2024-AT&T-sustainability-report.pdf,31 | 32 | 34 | 5 | 5.0 | 13,Fundamentals Sustainability at Ford Products and Services Environment Social Governance Sustainability Statement Data Appendices Financial | Products and Services | Climate | Circular Economy | Water | Human Rights | Product Safety | Hum...
P1,R4_TECHNOLOGY_PATH_AXIS,technology_path_axis,r052_phillips66公司,Phillips 66,Phillips 66,52,3,assets/data/world500/workbench/world500_technology_company_evidence_backfill_queue.csv | assets/data/world500/workbench/world500_technology_timeline_validation_queue.csv | assets/data/world500/workbench/world500_technology_cost_validation_queue.csv,company_specific_technology_evidence_backfill | timeline_and_cost_signal_validation,P0_backfill_company_specific_technology_evidence | P1_validate_timeline_and_cost_signals,disclosure_keyword_signal_not_project_cost_or_verified_abatement,"Technology-company relationships need company-specific project, timeline, cost/investment, or abatement evidence before being treated as validated technology-path evidence.",把关键词信号升级到公司级项目证据，补时间节点和成本/投资证据边界。,"Backfill company-specific project evidence, timeline milestone, cost/investment, or abatement evidence before treating the company-technology edge as validated.",Apple_Environmental_Progress_Report_2025.pdf | 2024-saudi-aramco-sustainability-report-full-en.pdf,100 | 104 | 13 | 19 | 68,"This includes 6,847 metric tons of methane emissions excluded in the GHGRP but accounted for in our company Scope 1 and 2 GHG emissions to represent methane more holistically."
P1,R4_TECHNOLOGY_PATH_AXIS,technology_path_axis,r061_valeroenergy,VALERO ENERGY,瓦莱罗能源公司,61,3,assets/data/world500/workbench/world500_technology_timeline_validation_queue.csv | assets/data/world500/workbench/world500_technology_cost_validation_queue.csv,timeline_and_cost_signal_validation | project_cost_signal_validation,P1_validate_timeline_and_cost_signals | P1_validate_project_cost_signal,disclosure_keyword_signal_not_project_cost_or_verified_abatement,"Technology-company relationships need company-specific project, timeline, cost/investment, or abatement evidence before being treated as validated technology-path evidence.",把关键词信号升级到公司级项目证据，补时间节点和成本/投资证据边界。,"Backfill company-specific project evidence, timeline milestone, cost/investment, or abatement evidence before treating the company-technology edge as validated.",Apple_Environmental_Progress_Report_2025.pdf | shell-annual-report-2024.pdf | 2024-saudi-aramco-sustainability-report-full-en.pdf,86 | 86.0 | 103 | 4 | 12,"For instance, combustion of biofuels is not part of the accounting of Scope 3, Category 11 in the GHG Protocol."
P1,R4_TECHNOLOGY_PATH_AXIS,technology_path_axis,r066_metaplatforms公司,Meta Platforms,Meta Platforms,66,3,assets/data/world500/workbench/world500_technology_timeline_validation_queue.csv | assets/data/world500/workbench/world500_technology_cost_validation_queue.csv,timeline_and_cost_signal_validation | project_cost_signal_validation,P1_validate_timeline_and_cost_signals | P1_validate_project_cost_signal,disclosure_keyword_signal_not_project_cost_or_verified_abatement,"Technology-company relationships need company-specific project, timeline, cost/investment, or abatement evidence before being treated as validated technology-path evidence.",把关键词信号升级到公司级项目证据，补时间节点和成本/投资证据边界。,"Backfill company-specific project evidence, timeline milestone, cost/investment, or abatement evidence before treating the company-technology edge as validated.",Apple_Environmental_Progress_Report_2025.pdf | 2024-saudi-aramco-sustainability-report-full-en.pdf,100 | 104 | 13 | 19 | 68,"We also apply additional renewable energy certificates to our Scope 3 emissions to reduce emissions associated with fuel- and energy-related activities, customer use of our consumer hardware, including Meta Quest headsets, and employees wor"
P1,R4_TECHNOLOGY_PATH_AXIS,technology_path_axis,r068_verizoncommunications,VERIZON COMMUNICATIONS,威瑞森电信,68,3,assets/data/world500/workbench/world500_technology_timeline_validation_queue.csv | assets/data/world500/workbench/world500_technology_cost_validation_queue.csv,timeline_and_cost_signal_validation | project_cost_signal_validation,P1_validate_timeline_and_cost_signals | P1_validate_project_cost_signal,disclosure_keyword_signal_not_project_cost_or_verified_abatement,"Technology-company relationships need company-specific project, timeline, cost/investment, or abatement evidence before being treated as validated technology-path evidence.",把关键词信号升级到公司级项目证据，补时间节点和成本/投资证据边界。,"Backfill company-specific project evidence, timeline milestone, cost/investment, or abatement evidence before treating the company-technology edge as validated.",Apple_Environmental_Progress_Report_2025.pdf | 2023_Volkswagen_Group_Sustainability_Report.pdf,12 | 12.0 | 56 | 100 | 104,"We are reducing operational (scope 1 and 2) emissions by phasing out use of fossil fuels in our buildings and fleet, improving energy efficiency across our networks and facilities and transitioning to renewable energy."
P1,R4_TECHNOLOGY_PATH_AXIS,technology_path_axis,r082_allianz,ALLIANZ,安联保险集团,82,3,assets/data/world500/workbench/world500_technology_company_evidence_backfill_queue.csv | assets/data/world500/workbench/world500_technology_timeline_validation_queue.csv | assets/data/world500/workbench/world500_technology_cost_validation_queue.csv,company_specific_technology_evidence_backfill | timeline_and_cost_signal_validation,P0_backfill_company_specific_technology_evidence | P1_validate_timeline_and_cost_signals,disclosure_keyword_signal_not_project_cost_or_verified_abatement,"Technology-company relationships need company-specific project, timeline, cost/investment, or abatement evidence before being treated as validated technology-path evidence.",把关键词信号升级到公司级项目证据，补时间节点和成本/投资证据边界。,"Backfill company-specific project evidence, timeline milestone, cost/investment, or abatement evidence before treating the company-technology edge as validated.",Apple_Environmental_Progress_Report_2025.pdf | 2025-integrated-sustainability-and-financial-report-FORD MOTOR.pdf | 2024-AT&T-sustainability-report.pdf,100 | 104 | 5 | 5.0 | 13,"For cars with combustion engines, CO₂ emissions data (Scope 1) of the vehicle is used, while for electric vehicles, the electricity consumption of the vehicle is multiplied by the electricity emission factor for the country to calculate the"
P1,R4_TECHNOLOGY_PATH_AXIS,technology_path_axis,r101_eon,E.ON,意昂集团,101,3,assets/data/world500/workbench/world500_technology_company_evidence_backfill_queue.csv | assets/data/world500/workbench/world500_technology_timeline_validation_queue.csv | assets/data/world500/workbench/world500_technology_cost_validation_queue.csv,company_specific_technology_evidence_backfill | timeline_and_cost_signal_validation,P0_backfill_company_specific_technology_evidence | P1_validate_timeline_and_cost_signals,disclosure_keyword_signal_not_project_cost_or_verified_abatement,"Technology-company relationships need company-specific project, timeline, cost/investment, or abatement evidence before being treated as validated technology-path evidence.",把关键词信号升级到公司级项目证据，补时间节点和成本/投资证据边界。,"Backfill company-specific project evidence, timeline milestone, cost/investment, or abatement evidence before treating the company-technology edge as validated.",Apple_Environmental_Progress_Report_2025.pdf | 2023_Volkswagen_Group_Sustainability_Report.pdf,100 | 104 | 12 | 12.0 | 56,"upport our customers in switching from gas to green, energy-efficient solutions like heat pumps as well as solar and PV systems. We are also expanding our range of green energy contracts for our customers in order to reduce Scope 3 emission"
P1,R4_TECHNOLOGY_PATH_AXIS,technology_path_axis,r107_itochu,ITOCHU,日本伊藤忠商事株式会社,107,3,assets/data/world500/workbench/world500_technology_timeline_validation_queue.csv | assets/data/world500/workbench/world500_technology_cost_validation_queue.csv,timeline_and_cost_signal_validation | project_cost_signal_validation,P1_validate_timeline_and_cost_signals | P1_validate_project_cost_signal,disclosure_keyword_signal_not_project_cost_or_verified_abatement,"Technology-company relationships need company-specific project, timeline, cost/investment, or abatement evidence before being treated as validated technology-path evidence.",把关键词信号升级到公司级项目证据，补时间节点和成本/投资证据边界。,"Backfill company-specific project evidence, timeline milestone, cost/investment, or abatement evidence before treating the company-technology edge as validated.",2024-saudi-aramco-sustainability-report-full-en.pdf | Apple_Environmental_Progress_Report_2025.pdf | shell-annual-report-2024.pdf,4 | 12 | 86 | 86.0 | 103,"evaluation for overall supply chain) ● Group company environmental status survey (2, 3 companies per year) ● Supply chain sustainability surveys (supplier) ● Internal environmental audits based on ISO14001 (ITOCHU Corporation, 3 applicable"
P1,R4_TECHNOLOGY_PATH_AXIS,technology_path_axis,r114_royalaholddelhaize,ROYAL AHOLD DELHAIZE,皇家阿霍德德尔海兹集团,114,3,assets/data/world500/workbench/world500_technology_company_evidence_backfill_queue.csv | assets/data/world500/workbench/world500_technology_cost_validation_queue.csv,company_specific_technology_evidence_backfill | project_cost_signal_validation,P0_backfill_company_specific_technology_evidence | P1_validate_project_cost_signal,disclosure_keyword_signal_not_project_cost_or_verified_abatement,"Technology-company relationships need company-specific project, timeline, cost/investment, or abatement evidence before being treated as validated technology-path evidence.",把关键词信号升级到公司级项目证据，补时间节点和成本/投资证据边界。,"Backfill company-specific project evidence, timeline milestone, cost/investment, or abatement evidence before treating the company-technology edge as validated.",Apple_Environmental_Progress_Report_2025.pdf | 2024-saudi-aramco-sustainability-report-full-en.pdf,100 | 104 | 13 | 19 | 68 | 4 | 12,"For our scope 1 and 2 emissions, to achieve net zero by 2040, we will reduce at least 90% of our baseline emissions and neutralize up to 10% with carbon removals sourced outside of our value chain."
P1,R4_TECHNOLOGY_PATH_AXIS,technology_path_axis,r166_vinci,VINCI,万喜集团,166,3,assets/data/world500/workbench/world500_technology_timeline_validation_queue.csv | assets/data/world500/workbench/world500_technology_cost_validation_queue.csv,timeline_and_cost_signal_validation | project_cost_signal_validation,P1_validate_timeline_and_cost_signals | P1_validate_project_cost_signal,disclosure_keyword_signal_not_project_cost_or_verified_abatement,"Technology-company relationships need company-specific project, timeline, cost/investment, or abatement evidence before being treated as validated technology-path evidence.",把关键词信号升级到公司级项目证据，补时间节点和成本/投资证据边界。,"Backfill company-specific project evidence, timeline milestone, cost/investment, or abatement evidence before treating the company-technology edge as validated.",2024-saudi-aramco-sustainability-report-full-en.pdf | Apple_Environmental_Progress_Report_2025.pdf | FY2025-Walmart-ESG-Report.pdf,4 | 12 | 31 | 32 | 34,Reported Scope 1 emissions include stationary and mobile fuel combustion emissions and process emissions.
P1,R4_TECHNOLOGY_PATH_AXIS,technology_path_axis,r183_airbus,AIRBUS,空中客车公司,183,3,assets/data/world500/workbench/world500_technology_timeline_validation_queue.csv | assets/data/world500/workbench/world500_technology_cost_validation_queue.csv,timeline_and_cost_signal_validation | project_cost_signal_validation,P1_validate_timeline_and_cost_signals | P1_validate_project_cost_signal,disclosure_keyword_signal_not_project_cost_or_verified_abatement,"Technology-company relationships need company-specific project, timeline, cost/investment, or abatement evidence before being treated as validated technology-path evidence.",把关键词信号升级到公司级项目证据，补时间节点和成本/投资证据边界。,"Backfill company-specific project evidence, timeline milestone, cost/investment, or abatement evidence before treating the company-technology edge as validated.",2024-saudi-aramco-sustainability-report-full-en.pdf | FY2025-Walmart-ESG-Report.pdf,13 | 19 | 68 | 31 | 32 | 34,". Calculation includes contractual instruments (Biomethane Guarantees of Origines) as part of Scope 1 emissions, calculated based on biomethane emission factors instead of natural gas. This approach will be refined as further related guidan"
P1,R4_TECHNOLOGY_PATH_AXIS,technology_path_axis,r200_bancobilbaovizcayaargentaria,BANCO BILBAO VIZCAYA ARGENTARIA,西班牙对外银行,200,3,assets/data/world500/workbench/world500_technology_timeline_validation_queue.csv | assets/data/world500/workbench/world500_technology_cost_validation_queue.csv,timeline_and_cost_signal_validation | project_cost_signal_validation,P1_validate_timeline_and_cost_signals | P1_validate_project_cost_signal,disclosure_keyword_signal_not_project_cost_or_verified_abatement,"Technology-company relationships need company-specific project, timeline, cost/investment, or abatement evidence before being treated as validated technology-path evidence.",把关键词信号升级到公司级项目证据，补时间节点和成本/投资证据边界。,"Backfill company-specific project evidence, timeline milestone, cost/investment, or abatement evidence before treating the company-technology edge as validated.",FY2025-Walmart-ESG-Report.pdf | 2024-saudi-aramco-sustainability-report-full-en.pdf | Apple_Environmental_Progress_Report_2025.pdf,31 | 32 | 34 | 4 | 12,"icity and fossil fuels (natural gas, liquefied petroleum gas (LPG), diesel and coal), except fuels consumed in fleets. (6) Net waste is the total waste generated minus the waste that is recycled. (7) Includes Scope 1 (fuels in facilities an"
P1,R4_TECHNOLOGY_PATH_AXIS,technology_path_axis,r205_deutschebank,DEUTSCHE BANK,德意志银行,205,3,assets/data/world500/workbench/world500_technology_timeline_validation_queue.csv | assets/data/world500/workbench/world500_technology_cost_validation_queue.csv,timeline_and_cost_signal_validation | project_cost_signal_validation,P1_validate_timeline_and_cost_signals | P1_validate_project_cost_signal,disclosure_keyword_signal_not_project_cost_or_verified_abatement,"Technology-company relationships need company-specific project, timeline, cost/investment, or abatement evidence before being treated as validated technology-path evidence.",把关键词信号升级到公司级项目证据，补时间节点和成本/投资证据边界。,"Backfill company-specific project evidence, timeline milestone, cost/investment, or abatement evidence before treating the company-technology edge as validated.",Apple_Environmental_Progress_Report_2025.pdf | 2023_Volkswagen_Group_Sustainability_Report.pdf | 2024-saudi-aramco-sustainability-report-full-en.pdf,12 | 12.0 | 56 | 4,The year-on-year increase in financed emissions can be explained by three factors: (i) client emission factors (tCO2/€ m) which led to an increase of 1.9 MtCO2/y;
P1,R4_TECHNOLOGY_PATH_AXIS,technology_path_axis,r263_novartis,NOVARTIS,诺华公司,263,3,assets/data/world500/workbench/world500_technology_timeline_validation_queue.csv | assets/data/world500/workbench/world500_technology_cost_validation_queue.csv,timeline_and_cost_signal_validation | project_cost_signal_validation,P1_validate_timeline_and_cost_signals | P1_validate_project_cost_signal,disclosure_keyword_signal_not_project_cost_or_verified_abatement,"Technology-company relationships need company-specific project, timeline, cost/investment, or abatement evidence before being treated as validated technology-path evidence.",把关键词信号升级到公司级项目证据，补时间节点和成本/投资证据边界。,"Backfill company-specific project evidence, timeline milestone, cost/investment, or abatement evidence before treating the company-technology edge as validated.",Apple_Environmental_Progress_Report_2025.pdf | 2023_Volkswagen_Group_Sustainability_Report.pdf,12 | 12.0 | 56 | 100 | 104,"rgy solutions across our operations, and reduce consumption of natural resources. Our activities led to a reduction of our own emissions and those from purchased energy (Scope 1 and 2) by 20% from the prior year and 71% from a 2016 base yea"
P1,R4_TECHNOLOGY_PATH_AXIS,technology_path_axis,r264_riotintogroup,RIO TINTO GROUP,力拓集团,264,3,assets/data/world500/workbench/world500_technology_company_evidence_backfill_queue.csv | assets/data/world500/workbench/world500_technology_timeline_validation_queue.csv | assets/data/world500/workbench/world500_technology_cost_validation_queue.csv,company_specific_technology_evidence_backfill | timeline_and_cost_signal_validation,P0_backfill_company_specific_technology_evidence | P1_validate_timeline_and_cost_signals,disclosure_keyword_signal_not_project_cost_or_verified_abatement,"Technology-company relationships need company-specific project, timeline, cost/investment, or abatement evidence before being treated as validated technology-path evidence.",把关键词信号升级到公司级项目证据，补时间节点和成本/投资证据边界。,"Backfill company-specific project evidence, timeline milestone, cost/investment, or abatement evidence before treating the company-technology edge as validated.",Apple_Environmental_Progress_Report_2025.pdf | 2024-saudi-aramco-sustainability-report-full-en.pdf,100 | 104 | 4 | 12,rial trial of replacing coke with biocarbon (25% replacement) for pelletisation. – Develop bioenergy supply sources (biofuel and biocarbon) to support the industrial ramp-up of the new joint venture ÉvolysTM. – Complete phase 2 of the BlueS
P1,R4_TECHNOLOGY_PATH_AXIS,technology_path_axis,r290_phoenixpharma,PHOENIX PHARMA,菲尼克斯医药公司,290,3,assets/data/world500/workbench/world500_technology_timeline_validation_queue.csv | assets/data/world500/workbench/world500_technology_cost_validation_queue.csv,timeline_and_cost_signal_validation | project_cost_signal_validation,P1_validate_timeline_and_cost_signals | P1_validate_project_cost_signal,disclosure_keyword_signal_not_project_cost_or_verified_abatement,"Technology-company relationships need company-specific project, timeline, cost/investment, or abatement evidence before being treated as validated technology-path evidence.",把关键词信号升级到公司级项目证据，补时间节点和成本/投资证据边界。,"Backfill company-specific project evidence, timeline milestone, cost/investment, or abatement evidence before treating the company-technology edge as validated.",Apple_Environmental_Progress_Report_2025.pdf | 2023_Volkswagen_Group_Sustainability_Report.pdf | FY2025-Walmart-ESG-Report.pdf,12 | 12.0 | 56 | 31 | 32 | 34,"In addition, our Scope 1 emissions slightly decreased due to first success- es in transitioning our fleet to E-mobility and switching to heat pumps in many premises."
P1,R4_TECHNOLOGY_PATH_AXIS,technology_path_axis,r344_continental,CONTINENTAL,德国大陆集团,344,3,assets/data/world500/workbench/world500_technology_company_evidence_backfill_queue.csv | assets/data/world500/workbench/world500_technology_timeline_validation_queue.csv | assets/data/world500/workbench/world500_technology_cost_validation_queue.csv,company_specific_technology_evidence_backfill | timeline_and_cost_signal_validation,P0_backfill_company_specific_technology_evidence | P1_validate_timeline_and_cost_signals,disclosure_keyword_signal_not_project_cost_or_verified_abatement,"Technology-company relationships need company-specific project, timeline, cost/investment, or abatement evidence before being treated as validated technology-path evidence.",把关键词信号升级到公司级项目证据，补时间节点和成本/投资证据边界。,"Backfill company-specific project evidence, timeline milestone, cost/investment, or abatement evidence before treating the company-technology edge as validated.",Apple_Environmental_Progress_Report_2025.pdf | 2023_Volkswagen_Group_Sustainability_Report.pdf,100 | 104 | 12 | 12.0 | 56,"mental Information 129 Management Approaches to Climate Change Mitigation, Climate Change Adaptation, Energy Efficiency and Renewable Energy Regarding climate change, Continental has implemented manage- ment approaches that include the foll"
P1,R4_TECHNOLOGY_PATH_AXIS,technology_path_axis,r387_schneiderelectric,SCHNEIDER ELECTRIC,施耐德电气,387,3,assets/data/world500/workbench/world500_technology_company_evidence_backfill_queue.csv | assets/data/world500/workbench/world500_technology_timeline_validation_queue.csv | assets/data/world500/workbench/world500_technology_cost_validation_queue.csv,company_specific_technology_evidence_backfill | timeline_and_cost_signal_validation,P0_backfill_company_specific_technology_evidence | P1_validate_timeline_and_cost_signals,disclosure_keyword_signal_not_project_cost_or_verified_abatement,"Technology-company relationships need company-specific project, timeline, cost/investment, or abatement evidence before being treated as validated technology-path evidence.",把关键词信号升级到公司级项目证据，补时间节点和成本/投资证据边界。,"Backfill company-specific project evidence, timeline milestone, cost/investment, or abatement evidence before treating the company-technology edge as validated.",2024-saudi-aramco-sustainability-report-full-en.pdf | Apple_Environmental_Progress_Report_2025.pdf | FY2025-Walmart-ESG-Report.pdf,4 | 12 | 31 | 32 | 34,"| Schneider Electric STATEMENTS 2 – SUSTAINABILITY planet (e.g., a thermoplastic sourced out of post consumer recycled content, a steel product manufactured out of an electrical arc furnace, an aluminum part produced out of a ASI-certified"
P1,R4_TECHNOLOGY_PATH_AXIS,technology_path_axis,r455_elililly,ELI LILLY,美国礼来公司,455,3,assets/data/world500/workbench/world500_technology_timeline_validation_queue.csv | assets/data/world500/workbench/world500_technology_cost_validation_queue.csv,timeline_and_cost_signal_validation | project_cost_signal_validation,P1_validate_timeline_and_cost_signals | P1_validate_project_cost_signal,disclosure_keyword_signal_not_project_cost_or_verified_abatement,"Technology-company relationships need company-specific project, timeline, cost/investment, or abatement evidence before being treated as validated technology-path evidence.",把关键词信号升级到公司级项目证据，补时间节点和成本/投资证据边界。,"Backfill company-specific project evidence, timeline milestone, cost/investment, or abatement evidence before treating the company-technology edge as validated.",2024-saudi-aramco-sustainability-report-full-en.pdf | Apple_Environmental_Progress_Report_2025.pdf,4 | 12 | 100 | 104,"2 Includes Scope 1 emissions and energy from onsite fuel combustion, refrigerants, process emissions and mobile combustion sources;"
P1,R4_TECHNOLOGY_PATH_AXIS,technology_path_axis,r461_rabobankgroup,RABOBANK GROUP,荷兰合作银行集团,461,3,assets/data/world500/workbench/world500_technology_company_evidence_backfill_queue.csv | assets/data/world500/workbench/world500_technology_timeline_validation_queue.csv | assets/data/world500/workbench/world500_technology_cost_validation_queue.csv,company_specific_technology_evidence_backfill | timeline_and_cost_signal_validation,P0_backfill_company_specific_technology_evidence | P1_validate_timeline_and_cost_signals,disclosure_keyword_signal_not_project_cost_or_verified_abatement,"Technology-company relationships need company-specific project, timeline, cost/investment, or abatement evidence before being treated as validated technology-path evidence.",把关键词信号升级到公司级项目证据，补时间节点和成本/投资证据边界。,"Backfill company-specific project evidence, timeline milestone, cost/investment, or abatement evidence before treating the company-technology edge as validated.",2024-saudi-aramco-sustainability-report-full-en.pdf | Apple_Environmental_Progress_Report_2025.pdf,13 | 19 | 68 | 100 | 104,"ithin our own operations. • Helping customers to reduce their emissions. • Growing our renewable energy portfolio. We set targets for the most material sector x region combinations of our portfolio, with the help of science-based pathways f"
P1,R4_TECHNOLOGY_PATH_AXIS,technology_path_axis,r001_walmart,WALMART,沃尔玛,1,2,assets/data/world500/workbench/world500_technology_timeline_validation_queue.csv | assets/data/world500/workbench/world500_technology_cost_validation_queue.csv,timeline_and_cost_signal_validation,P1_validate_timeline_and_cost_signals,disclosure_keyword_signal_not_project_cost_or_verified_abatement,"Technology-company relationships need company-specific project, timeline, cost/investment, or abatement evidence before being treated as validated technology-path evidence.",把关键词信号升级到公司级项目证据，补时间节点和成本/投资证据边界。,"Backfill company-specific project evidence, timeline milestone, cost/investment, or abatement evidence before treating the company-technology edge as validated.",FY2025-Walmart-ESG-Report.pdf,31 | 32 | 34,e: Circular Economy People in Supply Chains Animal Welfare Product Supply Chain Sustainability Scope 1: 9.03 MMT CO2e Scope 2 (market-based): 6.61 MMT CO2e Walmart’s CY2024 Operational Emissions Percent of Total Scope 1 & 2 GHG Emissions 0.
P1,R4_TECHNOLOGY_PATH_AXIS,technology_path_axis,r008_unitedhealthgroup,UNITEDHEALTH GROUP,联合健康集团,8,2,assets/data/world500/workbench/world500_technology_timeline_validation_queue.csv | assets/data/world500/workbench/world500_technology_cost_validation_queue.csv,project_timeline_signal_validation | project_cost_signal_validation,P1_validate_project_timeline_signal | P1_validate_project_cost_signal,disclosure_keyword_signal_not_project_cost_or_verified_abatement,"Technology-company relationships need company-specific project, timeline, cost/investment, or abatement evidence before being treated as validated technology-path evidence.",把关键词信号升级到公司级项目证据，补时间节点和成本/投资证据边界。,"Backfill company-specific project evidence, timeline milestone, cost/investment, or abatement evidence before treating the company-technology edge as validated.",2024-saudi-aramco-sustainability-report-full-en.pdf | Apple_Environmental_Progress_Report_2025.pdf,4 | 12 | 100 | 104,"The audit identified several cost-effective measures which we implemented, including faucet retrofits and showerhead replacements, saving an estimated 392,000 gallons of water annually."
P1,R4_TECHNOLOGY_PATH_AXIS,technology_path_axis,r010_cvshealth公司,CVS Health,CVS Health,10,2,assets/data/world500/workbench/world500_technology_timeline_validation_queue.csv | assets/data/world500/workbench/world500_technology_cost_validation_queue.csv,timeline_and_cost_signal_validation,P1_validate_timeline_and_cost_signals,disclosure_keyword_signal_not_project_cost_or_verified_abatement,"Technology-company relationships need company-specific project, timeline, cost/investment, or abatement evidence before being treated as validated technology-path evidence.",把关键词信号升级到公司级项目证据，补时间节点和成本/投资证据边界。,"Backfill company-specific project evidence, timeline milestone, cost/investment, or abatement evidence before treating the company-technology edge as validated.",Apple_Environmental_Progress_Report_2025.pdf,100 | 104,Decarbon ization of operations through renewable energy generation Medium Opportunity All We can continue to reduce our Scope 2 emissions through entering into a power purchase agreement (PPA) or virtual PPA (provided the grid has higher em
P1,R4_TECHNOLOGY_PATH_AXIS,technology_path_axis,r017_alphabet公司,Alphabet,Alphabet,17,2,assets/data/world500/workbench/world500_technology_timeline_validation_queue.csv | assets/data/world500/workbench/world500_technology_cost_validation_queue.csv,timeline_and_cost_signal_validation,P1_validate_timeline_and_cost_signals,disclosure_keyword_signal_not_project_cost_or_verified_abatement,"Technology-company relationships need company-specific project, timeline, cost/investment, or abatement evidence before being treated as validated technology-path evidence.",把关键词信号升级到公司级项目证据，补时间节点和成本/投资证据边界。,"Backfill company-specific project evidence, timeline milestone, cost/investment, or abatement evidence before treating the company-technology edge as validated.",Apple_Environmental_Progress_Report_2025.pdf | 2023_Volkswagen_Group_Sustainability_Report.pdf,12 | 12.0 | 56,"Our scope 1 emissions reduction efforts to date have focused on electrification, refrigerant mitigation, and renewable fuel use."
P1,R4_TECHNOLOGY_PATH_AXIS,technology_path_axis,r029_chevron,CHEVRON,雪佛龙,29,2,assets/data/world500/workbench/world500_technology_timeline_validation_queue.csv | assets/data/world500/workbench/world500_technology_cost_validation_queue.csv,timeline_and_cost_signal_validation,P1_validate_timeline_and_cost_signals,disclosure_keyword_signal_not_project_cost_or_verified_abatement,"Technology-company relationships need company-specific project, timeline, cost/investment, or abatement evidence before being treated as validated technology-path evidence.",把关键词信号升级到公司级项目证据，补时间节点和成本/投资证据边界。,"Backfill company-specific project evidence, timeline milestone, cost/investment, or abatement evidence before treating the company-technology edge as validated.",2024-saudi-aramco-sustainability-report-full-en.pdf,13 | 19 | 68,s CO₂e/boe) 26.8 28.6 27.5 26.1 27.1 Methane intensity (kilograms CO₂e/boe) 2.0 2.1 1.9 1.6 1.7 Flaring intensity (kilograms CO₂e/boe) 3.8 4.3 3.5 2.8 3.0 Refining carbon intensity (kilograms CO₂e/boe) 1 38.6 37.9 37.0 36.0 37.0 CCE4: C4 di
P1,R4_TECHNOLOGY_PATH_AXIS,technology_path_axis,r039_generalmotors,GENERAL MOTORS,通用汽车公司,39,2,assets/data/world500/workbench/world500_technology_cost_validation_queue.csv,project_cost_signal_validation,P1_validate_project_cost_signal,disclosure_keyword_signal_not_project_cost_or_verified_abatement,"Technology-company relationships need company-specific project, timeline, cost/investment, or abatement evidence before being treated as validated technology-path evidence.",把关键词信号升级到公司级项目证据，补时间节点和成本/投资证据边界。,"Backfill company-specific project evidence, timeline milestone, cost/investment, or abatement evidence before treating the company-technology edge as validated.",Apple_Environmental_Progress_Report_2025.pdf | shell-annual-report-2024.pdf,86 | 86.0 | 103 | 100 | 104,"oline emissions factor of 0.581 kgCO2e Per L (Petrol average biofuel blend, UK Greenhouse Gas Reporting: Conversion Factors 2023) and fuel tank-to-wheel (TTW) emissions factor of 2.328 kgCO2e Per L (EPA Emissions Factors for Greenhouse Gas"
P1,R4_TECHNOLOGY_PATH_AXIS,technology_path_axis,r045_citigroup,CITIGROUP,花旗集团,45,2,assets/data/world500/workbench/world500_technology_timeline_validation_queue.csv | assets/data/world500/workbench/world500_technology_cost_validation_queue.csv,timeline_and_cost_signal_validation,P1_validate_timeline_and_cost_signals,disclosure_keyword_signal_not_project_cost_or_verified_abatement,"Technology-company relationships need company-specific project, timeline, cost/investment, or abatement evidence before being treated as validated technology-path evidence.",把关键词信号升级到公司级项目证据，补时间节点和成本/投资证据边界。,"Backfill company-specific project evidence, timeline milestone, cost/investment, or abatement evidence before treating the company-technology edge as validated.",2024-saudi-aramco-sustainability-report-full-en.pdf | Apple_Environmental_Progress_Report_2025.pdf,4 | 12,"In addition, in the cafés at our New York headquarters, we replaced 100% of plastic beverage containers with aluminum or glass, and we have avoided the use of nearly 4."
P1,R4_TECHNOLOGY_PATH_AXIS,technology_path_axis,r050_marathonpetroleum,MARATHON PETROLEUM,马拉松原油公司,50,2,assets/data/world500/workbench/world500_technology_timeline_validation_queue.csv | assets/data/world500/workbench/world500_technology_cost_validation_queue.csv,timeline_and_cost_signal_validation,P1_validate_timeline_and_cost_signals,disclosure_keyword_signal_not_project_cost_or_verified_abatement,"Technology-company relationships need company-specific project, timeline, cost/investment, or abatement evidence before being treated as validated technology-path evidence.",把关键词信号升级到公司级项目证据，补时间节点和成本/投资证据边界。,"Backfill company-specific project evidence, timeline milestone, cost/investment, or abatement evidence before treating the company-technology edge as validated.",2024-saudi-aramco-sustainability-report-full-en.pdf,13 | 19 | 68,"Our Scope 1 and 2 GHG emissions intensity is down 28% from our 2014 baseline, freshwater withdrawal intensity is down 18% from a 2016 baseline, and we have reduced methane emissions intensity an impressive 59% from 2016 levels."
P1,R4_TECHNOLOGY_PATH_AXIS,technology_path_axis,r067_hsbcholdings,HSBC HOLDINGS,汇丰银行控股公司,67,2,assets/data/world500/workbench/world500_technology_timeline_validation_queue.csv | assets/data/world500/workbench/world500_technology_cost_validation_queue.csv,timeline_and_cost_signal_validation,P1_validate_timeline_and_cost_signals,disclosure_keyword_signal_not_project_cost_or_verified_abatement,"Technology-company relationships need company-specific project, timeline, cost/investment, or abatement evidence before being treated as validated technology-path evidence.",把关键词信号升级到公司级项目证据，补时间节点和成本/投资证据边界。,"Backfill company-specific project evidence, timeline milestone, cost/investment, or abatement evidence before treating the company-technology edge as validated.",2024-saudi-aramco-sustainability-report-full-en.pdf,13 | 19 | 68,"Oil and gas For the oil and gas sector, our analysis included scope 1, 2 and 3 emissions, including carbon dioxide and methane, for upstream and integrated companies."
P1,R4_TECHNOLOGY_PATH_AXIS,technology_path_axis,r074_atandt,AT&T,美国电话电报公司,74,2,assets/data/world500/workbench/world500_technology_timeline_validation_queue.csv | assets/data/world500/workbench/world500_technology_cost_validation_queue.csv,timeline_and_cost_signal_validation,P1_validate_timeline_and_cost_signals,disclosure_keyword_signal_not_project_cost_or_verified_abatement,"Technology-company relationships need company-specific project, timeline, cost/investment, or abatement evidence before being treated as validated technology-path evidence.",把关键词信号升级到公司级项目证据，补时间节点和成本/投资证据边界。,"Backfill company-specific project evidence, timeline milestone, cost/investment, or abatement evidence before treating the company-technology edge as validated.",2025-integrated-sustainability-and-financial-report-FORD MOTOR.pdf | 2024-AT&T-sustainability-report.pdf,5 | 5.0 | 13,"2 AT&T sites Are under development to become hubs for infrastructure, which will support future expansion of our EV fleet Target Reduce our absolute Scope 1 and 2 GHG emissions by 63% (2015 base year) — aligning with a 1.5°C pathway by the"
P1,R4_TECHNOLOGY_PATH_AXIS,technology_path_axis,r090_target,TARGET,塔吉特公司,90,2,assets/data/world500/workbench/world500_technology_timeline_validation_queue.csv | assets/data/world500/workbench/world500_technology_cost_validation_queue.csv,timeline_and_cost_signal_validation,P1_validate_timeline_and_cost_signals,disclosure_keyword_signal_not_project_cost_or_verified_abatement,"Technology-company relationships need company-specific project, timeline, cost/investment, or abatement evidence before being treated as validated technology-path evidence.",把关键词信号升级到公司级项目证据，补时间节点和成本/投资证据边界。,"Backfill company-specific project evidence, timeline milestone, cost/investment, or abatement evidence before treating the company-technology edge as validated.",FY2025-Walmart-ESG-Report.pdf,31 | 32 | 34,1 Transparency and Reporting 4 Data Tables 13 Indexes 13 GRI Index 24 SASB Index 30 SDG Index 32 TCFD Index 36 TNFD Index 46 UNGPRF Index 50 Glossary 4 Climate 6 Circularity 7 Resource Use 9 Supporting Our Team Members 10 Serving and Streng
P1,R4_TECHNOLOGY_PATH_AXIS,technology_path_axis,r091_equinor公司,Equinor,Equinor,91,2,assets/data/world500/workbench/world500_technology_timeline_validation_queue.csv | assets/data/world500/workbench/world500_technology_cost_validation_queue.csv,timeline_and_cost_signal_validation,P1_validate_timeline_and_cost_signals,disclosure_keyword_signal_not_project_cost_or_verified_abatement,"Technology-company relationships need company-specific project, timeline, cost/investment, or abatement evidence before being treated as validated technology-path evidence.",把关键词信号升级到公司级项目证据，补时间节点和成本/投资证据边界。,"Backfill company-specific project evidence, timeline milestone, cost/investment, or abatement evidence before treating the company-technology edge as validated.",2024-saudi-aramco-sustainability-report-full-en.pdf,13 | 19 | 68,".2 0.01 2.4 2.3 KG CO 2/BOE PERCENT GW MTPA Upstream CO2 intensity Methane intensity Renewables CO2 storage IOGP average 16 kg CO2/boe OGCI average 0.14% Installed 3 Installed or under development 1) Operational control 100%, group wide, ba"
P1,R4_TECHNOLOGY_PATH_AXIS,technology_path_axis,r097_enel,ENEL,意大利国家电力公司,97,2,assets/data/world500/workbench/world500_technology_timeline_validation_queue.csv | assets/data/world500/workbench/world500_technology_cost_validation_queue.csv,timeline_and_cost_signal_validation,P1_validate_timeline_and_cost_signals,disclosure_keyword_signal_not_project_cost_or_verified_abatement,"Technology-company relationships need company-specific project, timeline, cost/investment, or abatement evidence before being treated as validated technology-path evidence.",把关键词信号升级到公司级项目证据，补时间节点和成本/投资证据边界。,"Backfill company-specific project evidence, timeline milestone, cost/investment, or abatement evidence before treating the company-technology edge as validated.",2024-saudi-aramco-sustainability-report-full-en.pdf,13 | 19 | 68,"There are two sources of direct methane emissions (Scope 1): • methane emissions from the combustion of fuels, mainly in power plants for electricity generation, and to a lesser extent in auxiliary power plant services, grids, and building"
P1,R4_TECHNOLOGY_PATH_AXIS,technology_path_axis,r111_morganstanley,MORGAN STANLEY,摩根士丹利,111,2,assets/data/world500/workbench/world500_technology_timeline_validation_queue.csv | assets/data/world500/workbench/world500_technology_cost_validation_queue.csv,timeline_and_cost_signal_validation,P1_validate_timeline_and_cost_signals,disclosure_keyword_signal_not_project_cost_or_verified_abatement,"Technology-company relationships need company-specific project, timeline, cost/investment, or abatement evidence before being treated as validated technology-path evidence.",把关键词信号升级到公司级项目证据，补时间节点和成本/投资证据边界。,"Backfill company-specific project evidence, timeline milestone, cost/investment, or abatement evidence before treating the company-technology edge as validated.",2024-saudi-aramco-sustainability-report-full-en.pdf,13 | 19 | 68,"Morgan Stanley has determined that the boundary around our carbon neutrality status is scope 1, scope 2 location-based emissions, scope 3 business travel and downstream leased assets, carbon offsets purchased from the voluntary carbon marke"
P1,R4_TECHNOLOGY_PATH_AXIS,technology_path_axis,r116_indianoil,INDIAN OIL,印度石油公司,116,2,assets/data/world500/workbench/world500_technology_timeline_validation_queue.csv | assets/data/world500/workbench/world500_technology_cost_validation_queue.csv,timeline_and_cost_signal_validation,P1_validate_timeline_and_cost_signals,disclosure_keyword_signal_not_project_cost_or_verified_abatement,"Technology-company relationships need company-specific project, timeline, cost/investment, or abatement evidence before being treated as validated technology-path evidence.",把关键词信号升级到公司级项目证据，补时间节点和成本/投资证据边界。,"Backfill company-specific project evidence, timeline milestone, cost/investment, or abatement evidence before treating the company-technology edge as validated.",2024-saudi-aramco-sustainability-report-full-en.pdf,13 | 19 | 68,Fugitive Emissions (methane) = 0.19% of total stationary emissions b.
P1,R4_TECHNOLOGY_PATH_AXIS,technology_path_axis,r125_ptt,PTT,泰国国家石油有限公司,125,2,assets/data/world500/workbench/world500_technology_timeline_validation_queue.csv | assets/data/world500/workbench/world500_technology_cost_validation_queue.csv,timeline_and_cost_signal_validation,P1_validate_timeline_and_cost_signals,disclosure_keyword_signal_not_project_cost_or_verified_abatement,"Technology-company relationships need company-specific project, timeline, cost/investment, or abatement evidence before being treated as validated technology-path evidence.",把关键词信号升级到公司级项目证据，补时间节点和成本/投资证据边界。,"Backfill company-specific project evidence, timeline milestone, cost/investment, or abatement evidence before treating the company-technology edge as validated.",2024-saudi-aramco-sustainability-report-full-en.pdf | Apple_Environmental_Progress_Report_2025.pdf,4 | 12,"Enhancement of Greenhouse Gas Accounting and Reporting PTT has established a comprehensive framework for accounting and reporting greenhouse gas (GHG) emissions, absorption, and sequestration, which includes direct emissions (Scope 1), indi"
P1,R4_TECHNOLOGY_PATH_AXIS,technology_path_axis,r151_sevenandi控股公司,Seven & I Holdings,Seven & I 控股,151,2,assets/data/world500/workbench/world500_technology_timeline_validation_queue.csv | assets/data/world500/workbench/world500_technology_cost_validation_queue.csv,timeline_and_cost_signal_validation,P1_validate_timeline_and_cost_signals,disclosure_keyword_signal_not_project_cost_or_verified_abatement,"Technology-company relationships need company-specific project, timeline, cost/investment, or abatement evidence before being treated as validated technology-path evidence.",把关键词信号升级到公司级项目证据，补时间节点和成本/投资证据边界。,"Backfill company-specific project evidence, timeline milestone, cost/investment, or abatement evidence before treating the company-technology edge as validated.",FY2025-Walmart-ESG-Report.pdf,31 | 32 | 34,"unced in May 2019, the Environment Subcommittee is working to promote initiatives to develop a decarbonized society, a circular economy, and a society in harmony with nature. Based on recommendations of the Task Force on Climate-related Fin"
P1,R4_TECHNOLOGY_PATH_AXIS,technology_path_axis,r159_boeing,BOEING,波音,159,2,assets/data/world500/workbench/world500_technology_timeline_validation_queue.csv | assets/data/world500/workbench/world500_technology_cost_validation_queue.csv,timeline_and_cost_signal_validation,P1_validate_timeline_and_cost_signals,disclosure_keyword_signal_not_project_cost_or_verified_abatement,"Technology-company relationships need company-specific project, timeline, cost/investment, or abatement evidence before being treated as validated technology-path evidence.",把关键词信号升级到公司级项目证据，补时间节点和成本/投资证据边界。,"Backfill company-specific project evidence, timeline milestone, cost/investment, or abatement evidence before treating the company-technology edge as validated.",Apple_Environmental_Progress_Report_2025.pdf,100 | 104,pace Safety Office to improve team independence and reinforce the direct link between safety and quality Sustainable Operations Reduce greenhouse gas (GHG) emissions from Boeing operations through conservation and renewable energy Achieve 3
P1,R4_TECHNOLOGY_PATH_AXIS,technology_path_axis,r165_pertamina,PERTAMINA,印尼国家石油公司,165,2,assets/data/world500/workbench/world500_technology_timeline_validation_queue.csv | assets/data/world500/workbench/world500_technology_cost_validation_queue.csv,timeline_and_cost_signal_validation,P1_validate_timeline_and_cost_signals,disclosure_keyword_signal_not_project_cost_or_verified_abatement,"Technology-company relationships need company-specific project, timeline, cost/investment, or abatement evidence before being treated as validated technology-path evidence.",把关键词信号升级到公司级项目证据，补时间节点和成本/投资证据边界。,"Backfill company-specific project evidence, timeline milestone, cost/investment, or abatement evidence before treating the company-technology edge as validated.",Apple_Environmental_Progress_Report_2025.pdf | 2023_Volkswagen_Group_Sustainability_Report.pdf,12 | 12.0 | 56,"Tujuan | Goals Aspirasi | Aspiration: Scope 1 & 2 — Net Zero Emission by 2060 Efisiensi Energi Energy Efficiency Pembangkitan Energi Hijau Green Power Generation Pengurangan Kerugian (misalnya, flare, metana) Loss Reduction (e.g flare, meth"
P1,R4_TECHNOLOGY_PATH_AXIS,technology_path_axis,r182_ubsgroup,UBS GROUP,瑞银集团,182,2,assets/data/world500/workbench/world500_technology_timeline_validation_queue.csv | assets/data/world500/workbench/world500_technology_cost_validation_queue.csv,timeline_and_cost_signal_validation,P1_validate_timeline_and_cost_signals,disclosure_keyword_signal_not_project_cost_or_verified_abatement,"Technology-company relationships need company-specific project, timeline, cost/investment, or abatement evidence before being treated as validated technology-path evidence.",把关键词信号升级到公司级项目证据，补时间节点和成本/投资证据边界。,"Backfill company-specific project evidence, timeline milestone, cost/investment, or abatement evidence before treating the company-technology edge as validated.",2024-saudi-aramco-sustainability-report-full-en.pdf | Apple_Environmental_Progress_Report_2025.pdf,4 | 12,and – cement reduced 3%.
P1,R4_TECHNOLOGY_PATH_AXIS,technology_path_axis,r190_arcelormittal,ARCELORMITTAL,安赛乐米塔尔,190,2,assets/data/world500/workbench/world500_technology_timeline_validation_queue.csv | assets/data/world500/workbench/world500_technology_cost_validation_queue.csv,timeline_and_cost_signal_validation,P1_validate_timeline_and_cost_signals,disclosure_keyword_signal_not_project_cost_or_verified_abatement,"Technology-company relationships need company-specific project, timeline, cost/investment, or abatement evidence before being treated as validated technology-path evidence.",把关键词信号升级到公司级项目证据，补时间节点和成本/投资证据边界。,"Backfill company-specific project evidence, timeline milestone, cost/investment, or abatement evidence before treating the company-technology edge as validated.",Apple_Environmental_Progress_Report_2025.pdf | 2023_Volkswagen_Group_Sustainability_Report.pdf,12 | 12.0 | 56,n Priorities and environmental footprint management system Reducing emissions into the air Energy efficiency Water and waste 05 Top quality steel Our steel Our supply chain High product and production quality IT projects 06 About this repor
P1,R4_TECHNOLOGY_PATH_AXIS,technology_path_axis,r191_generalelectric,GENERAL ELECTRIC,通用电气公司,191,2,assets/data/world500/workbench/world500_technology_timeline_validation_queue.csv | assets/data/world500/workbench/world500_technology_cost_validation_queue.csv,timeline_and_cost_signal_validation,P1_validate_timeline_and_cost_signals,disclosure_keyword_signal_not_project_cost_or_verified_abatement,"Technology-company relationships need company-specific project, timeline, cost/investment, or abatement evidence before being treated as validated technology-path evidence.",把关键词信号升级到公司级项目证据，补时间节点和成本/投资证据边界。,"Backfill company-specific project evidence, timeline milestone, cost/investment, or abatement evidence before treating the company-technology edge as validated.",Apple_Environmental_Progress_Report_2025.pdf | shell-annual-report-2024.pdf,86 | 86.0 | 103,"Additionally, we are putting our capabilities into practice through the use of available decarbonization levers to help address our own Scope 1 emissions: • 400,000 gallons of neat SAF purchased through the book-and-claim system • ~1,000 me"
P1,R4_TECHNOLOGY_PATH_AXIS,technology_path_axis,r197_rochegroup,ROCHE GROUP,瑞士罗氏公司,197,2,assets/data/world500/workbench/world500_technology_timeline_validation_queue.csv | assets/data/world500/workbench/world500_technology_cost_validation_queue.csv,timeline_and_cost_signal_validation,P1_validate_timeline_and_cost_signals,disclosure_keyword_signal_not_project_cost_or_verified_abatement,"Technology-company relationships need company-specific project, timeline, cost/investment, or abatement evidence before being treated as validated technology-path evidence.",把关键词信号升级到公司级项目证据，补时间节点和成本/投资证据边界。,"Backfill company-specific project evidence, timeline milestone, cost/investment, or abatement evidence before treating the company-technology edge as validated.",Apple_Environmental_Progress_Report_2025.pdf | 2023_Volkswagen_Group_Sustainability_Report.pdf,12 | 12.0 | 56,"This is a result of long-term efforts to drive energy efficiency across our sites, increase sourced sustainable electricity to approximately 86%, and implement renewable heat solutions such as heat pumps and biomass boilers, where loca"
P1,R4_TECHNOLOGY_PATH_AXIS,technology_path_axis,r199_caterpillar,CATERPILLAR,卡特彼勒,199,2,assets/data/world500/workbench/world500_technology_timeline_validation_queue.csv | assets/data/world500/workbench/world500_technology_cost_validation_queue.csv,timeline_and_cost_signal_validation,P1_validate_timeline_and_cost_signals,disclosure_keyword_signal_not_project_cost_or_verified_abatement,"Technology-company relationships need company-specific project, timeline, cost/investment, or abatement evidence before being treated as validated technology-path evidence.",把关键词信号升级到公司级项目证据，补时间节点和成本/投资证据边界。,"Backfill company-specific project evidence, timeline milestone, cost/investment, or abatement evidence before treating the company-technology edge as validated.",FY2025-Walmart-ESG-Report.pdf,31 | 32 | 34,tomers 12 ◆Innovating Advanced Technologies 13 ◆Supporting a Circular Economy 17 ◆Caterpillar Services & Sustainability 19 ◆Customer & Product Safety 20 SUPPORTING ENVIRONMENTAL STEWARDSHIP ◆Climate & Energy Statement 22 ◆Climate Scenarios
P1,R4_TECHNOLOGY_PATH_AXIS,technology_path_axis,r209_lg电子,LG Electronics,LG电子,209,2,assets/data/world500/workbench/world500_technology_cost_validation_queue.csv,project_cost_signal_validation,P1_validate_project_cost_signal,disclosure_keyword_signal_not_project_cost_or_verified_abatement,"Technology-company relationships need company-specific project, timeline, cost/investment, or abatement evidence before being treated as validated technology-path evidence.",把关键词信号升级到公司级项目证据，补时间节点和成本/投资证据边界。,"Backfill company-specific project evidence, timeline milestone, cost/investment, or abatement evidence before treating the company-technology edge as validated.",2024-saudi-aramco-sustainability-report-full-en.pdf | Apple_Environmental_Progress_Report_2025.pdf,4 | 12 | 100 | 104,"Date Agenda Title Type Climate-Related Content March 26, 2024 Report on 2024 ESG Business Strategy Reporting Includes Scope 1 and 2 reduction strategies, renewable energy plan June 27, 2024 Report on the Publication of the 2023–2024 Sustain"
P1,R4_TECHNOLOGY_PATH_AXIS,technology_path_axis,r215_munichregroup,MUNICH RE GROUP,慕尼黑再保险集团,215,2,assets/data/world500/workbench/world500_technology_timeline_validation_queue.csv | assets/data/world500/workbench/world500_technology_cost_validation_queue.csv,timeline_and_cost_signal_validation,P1_validate_timeline_and_cost_signals,disclosure_keyword_signal_not_project_cost_or_verified_abatement,"Technology-company relationships need company-specific project, timeline, cost/investment, or abatement evidence before being treated as validated technology-path evidence.",把关键词信号升级到公司级项目证据，补时间节点和成本/投资证据边界。,"Backfill company-specific project evidence, timeline milestone, cost/investment, or abatement evidence before treating the company-technology edge as validated.",2025-integrated-sustainability-and-financial-report-FORD MOTOR.pdf | 2024-AT&T-sustainability-report.pdf,5 | 5.0 | 13,"By increasing the proportion of electric vehicles in our fleets (scope 1), travelling with carbon-neutral trains (scope 3), and generally using digital communication media instead of in-person meetings, we were able to achieve a definite re"
P1,R4_TECHNOLOGY_PATH_AXIS,technology_path_axis,r220_nipponsteelcorporation,NIPPON STEEL CORPORATION,日本制铁集团公司,220,2,assets/data/world500/workbench/world500_technology_timeline_validation_queue.csv | assets/data/world500/workbench/world500_technology_cost_validation_queue.csv,timeline_and_cost_signal_validation,P1_validate_timeline_and_cost_signals,disclosure_keyword_signal_not_project_cost_or_verified_abatement,"Technology-company relationships need company-specific project, timeline, cost/investment, or abatement evidence before being treated as validated technology-path evidence.",把关键词信号升级到公司级项目证据，补时间节点和成本/投资证据边界。,"Backfill company-specific project evidence, timeline milestone, cost/investment, or abatement evidence before treating the company-technology edge as validated.",2024-saudi-aramco-sustainability-report-full-en.pdf,13 | 19 | 68,"3 Carbon Capture, Utilization and Storage [Scope of scenario] Domestic Scope 1+2 (direct emissions in our production sites + indirect emissions from purchased electricity) 4 Including Nippon Coke & Engineering Co., Ltd. and Sanso Center Co."
P1,R4_TECHNOLOGY_PATH_AXIS,technology_path_axis,r222_nvidia,NVIDIA,英伟达公司,222,2,assets/data/world500/workbench/world500_technology_timeline_validation_queue.csv | assets/data/world500/workbench/world500_technology_cost_validation_queue.csv,timeline_and_cost_signal_validation,P1_validate_timeline_and_cost_signals,disclosure_keyword_signal_not_project_cost_or_verified_abatement,"Technology-company relationships need company-specific project, timeline, cost/investment, or abatement evidence before being treated as validated technology-path evidence.",把关键词信号升级到公司级项目证据，补时间节点和成本/投资证据边界。,"Backfill company-specific project evidence, timeline milestone, cost/investment, or abatement evidence before treating the company-technology edge as validated.",Apple_Environmental_Progress_Report_2025.pdf,100 | 104,"Achieving our Climate Targets We’ve made important progress towards our existing energy and emissions goals: Scope 1 and 2: In FY23, we set a goal to purchase or generate enough renewable electricity to match 100% of our global electricity"
P1,R4_TECHNOLOGY_PATH_AXIS,technology_path_axis,r227_daimlertruckholding,DAIMLER TRUCK HOLDING,戴姆勒卡车控股股份公司,227,2,assets/data/world500/workbench/world500_technology_timeline_validation_queue.csv | assets/data/world500/workbench/world500_technology_cost_validation_queue.csv,timeline_and_cost_signal_validation,P1_validate_timeline_and_cost_signals,disclosure_keyword_signal_not_project_cost_or_verified_abatement,"Technology-company relationships need company-specific project, timeline, cost/investment, or abatement evidence before being treated as validated technology-path evidence.",把关键词信号升级到公司级项目证据，补时间节点和成本/投资证据边界。,"Backfill company-specific project evidence, timeline milestone, cost/investment, or abatement evidence before treating the company-technology edge as validated.",FY2025-Walmart-ESG-Report.pdf,31 | 32 | 34,"rbon Disclosure Project (CDP); Targeted suppliers are direct suppliers for production material. Calculation based on production material purchasing volume. 2 New allocation of ""scrape for recycling"" to category ""diverted from disposal"" sinc"
P1,R4_TECHNOLOGY_PATH_AXIS,technology_path_axis,r235_conocophillips,CONOCOPHILLIPS,康菲石油公司,235,2,assets/data/world500/workbench/world500_technology_timeline_validation_queue.csv | assets/data/world500/workbench/world500_technology_cost_validation_queue.csv,timeline_and_cost_signal_validation,P1_validate_timeline_and_cost_signals,disclosure_keyword_signal_not_project_cost_or_verified_abatement,"Technology-company relationships need company-specific project, timeline, cost/investment, or abatement evidence before being treated as validated technology-path evidence.",把关键词信号升级到公司级项目证据，补时间节点和成本/投资证据边界。,"Backfill company-specific project evidence, timeline milestone, cost/investment, or abatement evidence before treating the company-technology edge as validated.",2024-saudi-aramco-sustainability-report-full-en.pdf,13 | 19 | 68,Scope 1 and Scope 2 Emissions Targets and Reductions Methane • Reduced methane emissions intensity by ~60% since 2015. • Progressed methane emissions reduction activities in support of our target to achieve near-zero (1.5 kg CO2e/BOE or app
P1,R4_TECHNOLOGY_PATH_AXIS,technology_path_axis,r246_ciscosystems,CISCO SYSTEMS,思科公司,246,2,assets/data/world500/workbench/world500_technology_timeline_validation_queue.csv | assets/data/world500/workbench/world500_technology_cost_validation_queue.csv,timeline_and_cost_signal_validation,P1_validate_timeline_and_cost_signals,disclosure_keyword_signal_not_project_cost_or_verified_abatement,"Technology-company relationships need company-specific project, timeline, cost/investment, or abatement evidence before being treated as validated technology-path evidence.",把关键词信号升级到公司级项目证据，补时间节点和成本/投资证据边界。,"Backfill company-specific project evidence, timeline milestone, cost/investment, or abatement evidence before treating the company-technology edge as validated.",Apple_Environmental_Progress_Report_2025.pdf,100 | 104,"engaging with our suppliers to better understand their use of renewable energy, to set emissions-reduction goals, and to help them engage with their own suppliers to tackle emissions. ~4% LOGISTICS (Scope 3 Category 4) We are addressing emi"
P1,R4_TECHNOLOGY_PATH_AXIS,technology_path_axis,r250_contemporaryamperextechnology,CONTEMPORARY AMPEREX TECHNOLOGY,宁德时代新能源科技股份有限公司,250,2,assets/data/world500/workbench/world500_technology_cost_validation_queue.csv,project_cost_signal_validation,P1_validate_project_cost_signal,disclosure_keyword_signal_not_project_cost_or_verified_abatement,"Technology-company relationships need company-specific project, timeline, cost/investment, or abatement evidence before being treated as validated technology-path evidence.",把关键词信号升级到公司级项目证据，补时间节点和成本/投资证据边界。,"Backfill company-specific project evidence, timeline milestone, cost/investment, or abatement evidence before treating the company-technology edge as validated.",2023_Volkswagen_Group_Sustainability_Report.pdf | totalenergies_sustainability-climate-2025-progress-report_2025_en.pdf | 2024-saudi-aramco-sustainability-report-full-en.pdf | Apple_Environmental_Progress_Report_2025.pdf,56 | 56.0 | 18 | 4 | 12,"控制管理程序》 • 排放来源：工业废水、生活污水 • 主要污染物：化学需氧量（Chemical Oxygen Demand, COD）、氨氮（Ammoniacal Nitrogen, NH3-N）等 • 减量目标：2025 年，电池基地单位产量COD 产生量较2021 年减少10% • 目标进展：推进中 • 污染防治设施：工业废水处理站、化粪池、食堂废水处理站 • 处理方式：对于工业废水，除江苏时代、时代上汽工业制成过程废水零排放，江苏 力泰工业废水作危险废物处置，主营业务为"
P1,R4_TECHNOLOGY_PATH_AXIS,technology_path_axis,r258_bharatpetroleum,BHARAT PETROLEUM,巴拉特石油公司,258,2,assets/data/world500/workbench/world500_technology_timeline_validation_queue.csv | assets/data/world500/workbench/world500_technology_cost_validation_queue.csv,timeline_and_cost_signal_validation,P1_validate_timeline_and_cost_signals,disclosure_keyword_signal_not_project_cost_or_verified_abatement,"Technology-company relationships need company-specific project, timeline, cost/investment, or abatement evidence before being treated as validated technology-path evidence.",把关键词信号升级到公司级项目证据，补时间节点和成本/投资证据边界。,"Backfill company-specific project evidence, timeline milestone, cost/investment, or abatement evidence before treating the company-technology edge as validated.",2023_Volkswagen_Group_Sustainability_Report.pdf | totalenergies_sustainability-climate-2025-progress-report_2025_en.pdf,56 | 56.0 | 18,chi Refinery announced Launched indigenous Hydrogen Electrolyser during India Energy Week l BPCL became the First Indian Company to operate upstream Block in UAE l BORL & BGRL amalgamated with BPCL to improve synergies l BPCL committed to b
P1,R4_TECHNOLOGY_PATH_AXIS,technology_path_axis,r289_maerskgroup,MAERSK GROUP,马士基集团,289,2,assets/data/world500/workbench/world500_technology_timeline_validation_queue.csv | assets/data/world500/workbench/world500_technology_cost_validation_queue.csv,timeline_and_cost_signal_validation,P1_validate_timeline_and_cost_signals,disclosure_keyword_signal_not_project_cost_or_verified_abatement,"Technology-company relationships need company-specific project, timeline, cost/investment, or abatement evidence before being treated as validated technology-path evidence.",把关键词信号升级到公司级项目证据，补时间节点和成本/投资证据边界。,"Backfill company-specific project evidence, timeline milestone, cost/investment, or abatement evidence before treating the company-technology edge as validated.",2023_Volkswagen_Group_Sustainability_Report.pdf | totalenergies_sustainability-climate-2025-progress-report_2025_en.pdf,56 | 56.0 | 18,"tely listed on Nasdaq Copenhagen, resulting in the distribution of Svitzer shares to Maersk shareholders. 4 November First dual-fuel retrofit Maersk Halifax was converted into the world’s first retrofitted dual-fuel methanol vessel. 9 Febru"
P1,R4_TECHNOLOGY_PATH_AXIS,technology_path_axis,r297_sanofi,SANOFI,赛诺菲,297,2,assets/data/world500/workbench/world500_technology_timeline_validation_queue.csv | assets/data/world500/workbench/world500_technology_cost_validation_queue.csv,project_timeline_signal_validation | project_cost_signal_validation,P1_validate_project_timeline_signal | P1_validate_project_cost_signal,disclosure_keyword_signal_not_project_cost_or_verified_abatement,"Technology-company relationships need company-specific project, timeline, cost/investment, or abatement evidence before being treated as validated technology-path evidence.",把关键词信号升级到公司级项目证据，补时间节点和成本/投资证据边界。,"Backfill company-specific project evidence, timeline milestone, cost/investment, or abatement evidence before treating the company-technology edge as validated.",2024-saudi-aramco-sustainability-report-full-en.pdf | Apple_Environmental_Progress_Report_2025.pdf | 2023_Volkswagen_Group_Sustainability_Report.pdf,4 | 12 | 12.0 | 56,"Types of internal carbon prices Volume concerned (tCO2e) Prices applied (€/tCO2e) Scope description CAPEX shadow price 15% energy reduction under Scope 1 & 2 target 100 Enforcement is not yet systematic, but Sanofi intends to apply it to al"
P1,R4_TECHNOLOGY_PATH_AXIS,technology_path_axis,r298_marubeni,MARUBENI,丸红株式会社,298,2,assets/data/world500/workbench/world500_technology_cost_validation_queue.csv,project_cost_signal_validation,P1_validate_project_cost_signal,disclosure_keyword_signal_not_project_cost_or_verified_abatement,"Technology-company relationships need company-specific project, timeline, cost/investment, or abatement evidence before being treated as validated technology-path evidence.",把关键词信号升级到公司级项目证据，补时间节点和成本/投资证据边界。,"Backfill company-specific project evidence, timeline milestone, cost/investment, or abatement evidence before treating the company-technology edge as validated.",2024-saudi-aramco-sustainability-report-full-en.pdf | Apple_Environmental_Progress_Report_2025.pdf,4 | 12 | 100 | 104,"ized (GHG elimination) through internationally recognized nature-based solutions (e.g., forests, farmland, etc.), or through technological solutions, with the aim of achieving net-zero GHG emissions by 2050. *1 Boundary of the net-zero GHG"
P1,R4_TECHNOLOGY_PATH_AXIS,technology_path_axis,r301_swissre,SWISS RE,瑞士再保险股份有限公司,301,2,assets/data/world500/workbench/world500_technology_company_evidence_backfill_queue.csv | assets/data/world500/workbench/world500_technology_cost_validation_queue.csv,company_specific_technology_evidence_backfill | project_cost_signal_validation,P0_backfill_company_specific_technology_evidence | P1_validate_project_cost_signal,disclosure_keyword_signal_not_project_cost_or_verified_abatement,"Technology-company relationships need company-specific project, timeline, cost/investment, or abatement evidence before being treated as validated technology-path evidence.",把关键词信号升级到公司级项目证据，补时间节点和成本/投资证据边界。,"Backfill company-specific project evidence, timeline milestone, cost/investment, or abatement evidence before treating the company-technology edge as validated.",2024-saudi-aramco-sustainability-report-full-en.pdf | Apple_Environmental_Progress_Report_2025.pdf,4 | 12 | 100 | 104,| Sustainability Report 2024 8 This is a “renewable electricity procurement target” to actively source renewable electricity at a rate that is consistent with well below 2°C global warming scenarios. This is considered by the Science Based
P1,R4_TECHNOLOGY_PATH_AXIS,technology_path_axis,r318_sumitomo,SUMITOMO,住友商事,318,2,assets/data/world500/workbench/world500_technology_timeline_validation_queue.csv | assets/data/world500/workbench/world500_technology_cost_validation_queue.csv,timeline_and_cost_signal_validation,P1_validate_timeline_and_cost_signals,disclosure_keyword_signal_not_project_cost_or_verified_abatement,"Technology-company relationships need company-specific project, timeline, cost/investment, or abatement evidence before being treated as validated technology-path evidence.",把关键词信号升级到公司级项目证据，补时间节点和成本/投资证据边界。,"Backfill company-specific project evidence, timeline milestone, cost/investment, or abatement evidence before treating the company-technology edge as validated.",2024-saudi-aramco-sustainability-report-full-en.pdf,13 | 19 | 68,ネットワーキングを行っていきます。 日本CCS調査・Global CCS Institute・ アジアCCUSネットワーク 日本CCS調査㈱に参画し、CO2を回収し地中貯留するCCS技術及びCO2の化学合成等の活用に関する実証試験を行っていま す。また、Global CCS Institute（GCCSI）に参画し、CCSの実施に望ましい条件整備を目指しています。さらに2021年から はアジアCCUSネットワークに参画し、アジア諸国に対してCCUSに関する知見の共有と啓蒙活動
P1,R4_TECHNOLOGY_PATH_AXIS,technology_path_axis,r324_americaninternationalgroup,AMERICAN INTERNATIONAL GROUP,美国国际集团,324,2,assets/data/world500/workbench/world500_technology_cost_validation_queue.csv,project_cost_signal_validation,P1_validate_project_cost_signal,disclosure_keyword_signal_not_project_cost_or_verified_abatement,"Technology-company relationships need company-specific project, timeline, cost/investment, or abatement evidence before being treated as validated technology-path evidence.",把关键词信号升级到公司级项目证据，补时间节点和成本/投资证据边界。,"Backfill company-specific project evidence, timeline milestone, cost/investment, or abatement evidence before treating the company-technology edge as validated.",2025-integrated-sustainability-and-financial-report-FORD MOTOR.pdf | 2024-AT&T-sustainability-report.pdf | Apple_Environmental_Progress_Report_2025.pdf,5 | 5.0 | 13 | 100 | 104,"to control heating, ventilation, air conditioning and other equipment • Transition to more fuel-efficient fleet models • Switch to hybrid and electric vehicles where feasible Procuring renewable energy • In 2024, 11% of our energy consumpti"
P1,R4_TECHNOLOGY_PATH_AXIS,technology_path_axis,r329_astrazeneca,ASTRAZENECA,阿斯利康,329,2,assets/data/world500/workbench/world500_technology_cost_validation_queue.csv,project_cost_signal_validation,P1_validate_project_cost_signal,disclosure_keyword_signal_not_project_cost_or_verified_abatement,"Technology-company relationships need company-specific project, timeline, cost/investment, or abatement evidence before being treated as validated technology-path evidence.",把关键词信号升级到公司级项目证据，补时间节点和成本/投资证据边界。,"Backfill company-specific project evidence, timeline milestone, cost/investment, or abatement evidence before treating the company-technology edge as validated.",Apple_Environmental_Progress_Report_2025.pdf | ENGIE_DEU_2024_US__PDF_MEL_v3.pdf | 2025-integrated-sustainability-and-financial-report-FORD MOTOR.pdf | 2024-AT&T-sustainability-report.pdf,13 | 13.0 | 22 | 5 | 5.0,"In 2024, we reached the significant milestone of over 60% of our global fleet being battery electric vehicles."
P1,R4_TECHNOLOGY_PATH_AXIS,technology_path_axis,r342_bristolmyerssquibb,BRISTOL-MYERS SQUIBB,百时美施贵宝公司,342,2,assets/data/world500/workbench/world500_technology_cost_validation_queue.csv,project_cost_signal_validation,P1_validate_project_cost_signal,disclosure_keyword_signal_not_project_cost_or_verified_abatement,"Technology-company relationships need company-specific project, timeline, cost/investment, or abatement evidence before being treated as validated technology-path evidence.",把关键词信号升级到公司级项目证据，补时间节点和成本/投资证据边界。,"Backfill company-specific project evidence, timeline milestone, cost/investment, or abatement evidence before treating the company-technology edge as validated.",Apple_Environmental_Progress_Report_2025.pdf | 2023_Volkswagen_Group_Sustainability_Report.pdf,12 | 12.0 | 56 | 100 | 104,Energy Efficiency Transition to Renewable Electricity Virtual power purchase agreements (VPPAs) are an important part of BMS’ strategy to meet our target to achieve 100% of purchased electricity from renewable sources by the end of 2030.
P1,R4_TECHNOLOGY_PATH_AXIS,technology_path_axis,r346_dow,DOW,陶氏公司,346,2,assets/data/world500/workbench/world500_technology_company_evidence_backfill_queue.csv | assets/data/world500/workbench/world500_technology_cost_validation_queue.csv,company_specific_technology_evidence_backfill | project_cost_signal_validation,P0_backfill_company_specific_technology_evidence | P1_validate_project_cost_signal,disclosure_keyword_signal_not_project_cost_or_verified_abatement,"Technology-company relationships need company-specific project, timeline, cost/investment, or abatement evidence before being treated as validated technology-path evidence.",把关键词信号升级到公司级项目证据，补时间节点和成本/投资证据边界。,"Backfill company-specific project evidence, timeline milestone, cost/investment, or abatement evidence before treating the company-technology edge as validated.",2024-saudi-aramco-sustainability-report-full-en.pdf | Apple_Environmental_Progress_Report_2025.pdf,4 | 12 | 100 | 104,"purchases accounted for in another category 21.0% Good 3.3 Relevant, calculated Hybrid Dow internal records for fuel and energy purchased for Dow operations in 2024 Ecoinvent v3.11 N/A Emissions related to the production of renewable energy"
P1,R4_TECHNOLOGY_PATH_AXIS,technology_path_axis,r350_telefónica,TELEFÓNICA,西班牙电话公司,350,2,assets/data/world500/workbench/world500_technology_company_evidence_backfill_queue.csv | assets/data/world500/workbench/world500_technology_cost_validation_queue.csv,company_specific_technology_evidence_backfill | project_cost_signal_validation,P0_backfill_company_specific_technology_evidence | P1_validate_project_cost_signal,disclosure_keyword_signal_not_project_cost_or_verified_abatement,"Technology-company relationships need company-specific project, timeline, cost/investment, or abatement evidence before being treated as validated technology-path evidence.",把关键词信号升级到公司级项目证据，补时间节点和成本/投资证据边界。,"Backfill company-specific project evidence, timeline milestone, cost/investment, or abatement evidence before treating the company-technology edge as validated.",2024-saudi-aramco-sustainability-report-full-en.pdf | Apple_Environmental_Progress_Report_2025.pdf,4 | 12 | 100 | 104,"Climate change Table 2. Energy consumption evolution Energy consumption Unit 2023 2024 Total energy consumption MWh 6,011,861 6,059,374 Electricity consumption + self-generation MWh 5,739,167 5,783,755 Renewable electricity consumption M..."
P1,R4_TECHNOLOGY_PATH_AXIS,technology_path_axis,r353_woolworthsgroup,WOOLWORTHS GROUP,伍尔沃斯集团,353,2,assets/data/world500/workbench/world500_technology_cost_validation_queue.csv,project_cost_signal_validation,P1_validate_project_cost_signal,disclosure_keyword_signal_not_project_cost_or_verified_abatement,"Technology-company relationships need company-specific project, timeline, cost/investment, or abatement evidence before being treated as validated technology-path evidence.",把关键词信号升级到公司级项目证据，补时间节点和成本/投资证据边界。,"Backfill company-specific project evidence, timeline milestone, cost/investment, or abatement evidence before treating the company-technology edge as validated.",2025-integrated-sustainability-and-financial-report-FORD MOTOR.pdf | 2024-AT&T-sustainability-report.pdf | Apple_Environmental_Progress_Report_2025.pdf,5 | 5.0 | 13 | 100 | 104,"We are committed to aligning with a 1.5°C future, having reduced our direct emissions by 22.9% from our F23 baseline, with a pathway to 100% renewable electricity by 2025 and 75 electric vehicles in our fleet."
P1,R4_TECHNOLOGY_PATH_AXIS,technology_path_axis,r357_magnainternational,MAGNA INTERNATIONAL,麦格纳国际,357,2,assets/data/world500/workbench/world500_technology_company_evidence_backfill_queue.csv | assets/data/world500/workbench/world500_technology_cost_validation_queue.csv,company_specific_technology_evidence_backfill | project_cost_signal_validation,P0_backfill_company_specific_technology_evidence | P1_validate_project_cost_signal,disclosure_keyword_signal_not_project_cost_or_verified_abatement,"Technology-company relationships need company-specific project, timeline, cost/investment, or abatement evidence before being treated as validated technology-path evidence.",把关键词信号升级到公司级项目证据，补时间节点和成本/投资证据边界。,"Backfill company-specific project evidence, timeline milestone, cost/investment, or abatement evidence before treating the company-technology edge as validated.",Apple_Environmental_Progress_Report_2025.pdf | 2023_Volkswagen_Group_Sustainability_Report.pdf,100 | 104 | 12 | 12.0 | 56,"Topic SASB Code Metric Unit of Measure 2024(1) Change from 2019 Baseline(2) Energy Management TR-AP-130a.1 Aggregate amount of energy consumed Gigajoules (GJ) MegaWatt hours (MWh) 20,243,182 GJ 5,623,106 MWh 12.1% % of energy consumed suppl"
P1,R4_TECHNOLOGY_PATH_AXIS,technology_path_axis,r367_canadianimperialbankofcommerce,CANADIAN IMPERIAL BANK OF COMMERCE,加拿大帝国商业银行,367,2,assets/data/world500/workbench/world500_technology_company_evidence_backfill_queue.csv | assets/data/world500/workbench/world500_technology_cost_validation_queue.csv,company_specific_technology_evidence_backfill | project_cost_signal_validation,P0_backfill_company_specific_technology_evidence | P1_validate_project_cost_signal,disclosure_keyword_signal_not_project_cost_or_verified_abatement,"Technology-company relationships need company-specific project, timeline, cost/investment, or abatement evidence before being treated as validated technology-path evidence.",把关键词信号升级到公司级项目证据，补时间节点和成本/投资证据边界。,"Backfill company-specific project evidence, timeline milestone, cost/investment, or abatement evidence before treating the company-technology edge as validated.",Apple_Environmental_Progress_Report_2025.pdf | 2024-saudi-aramco-sustainability-report-full-en.pdf,100 | 104 | 13 | 19 | 68,(1) 2024 purchased carbon removals relate to reforestation projects that adhere to the AB32 Compliance; Climate Action Reserve voluntary market standard. (2) All Scope 3 emissions are calculated and disclosed using the following reporting s
P1,R4_TECHNOLOGY_PATH_AXIS,technology_path_axis,r392_coop集团,Coop,Coop,392,2,assets/data/world500/workbench/world500_technology_timeline_validation_queue.csv | assets/data/world500/workbench/world500_technology_cost_validation_queue.csv,timeline_and_cost_signal_validation,P1_validate_timeline_and_cost_signals,disclosure_keyword_signal_not_project_cost_or_verified_abatement,"Technology-company relationships need company-specific project, timeline, cost/investment, or abatement evidence before being treated as validated technology-path evidence.",把关键词信号升级到公司级项目证据，补时间节点和成本/投资证据边界。,"Backfill company-specific project evidence, timeline milestone, cost/investment, or abatement evidence before treating the company-technology edge as validated.",Apple_Environmental_Progress_Report_2025.pdf,100 | 104,"refrigerants • Utilization of waste heat • Expansion of photovoltaic units • Renewable energy sources to generate heat • Sustainable Construction Guidelines for New Builds and Conversions TARGET: PRODUCTION AS THE COOP GROUP, WE ARE REDUCIN"
P1,R4_TECHNOLOGY_PATH_AXIS,technology_path_axis,r401_suncorenergy,SUNCOR ENERGY,森科能源公司,401,2,assets/data/world500/workbench/world500_technology_company_evidence_backfill_queue.csv,company_specific_technology_evidence_backfill,P0_backfill_company_specific_technology_evidence,disclosure_keyword_signal_not_project_cost_or_verified_abatement,"Technology-company relationships need company-specific project, timeline, cost/investment, or abatement evidence before being treated as validated technology-path evidence.",把关键词信号升级到公司级项目证据，补时间节点和成本/投资证据边界。,"Backfill company-specific project evidence, timeline milestone, cost/investment, or abatement evidence before treating the company-technology edge as validated.",2024-saudi-aramco-sustainability-report-full-en.pdf | Apple_Environmental_Progress_Report_2025.pdf,13 | 19 | 68 | 100 | 104,
P1,R4_TECHNOLOGY_PATH_AXIS,technology_path_axis,r403_ubertechnologies公司,Uber Technologies,Uber Technologies,403,2,assets/data/world500/workbench/world500_technology_company_evidence_backfill_queue.csv | assets/data/world500/workbench/world500_technology_timeline_validation_queue.csv,company_specific_technology_evidence_backfill | project_timeline_signal_validation,P0_backfill_company_specific_technology_evidence | P1_validate_project_timeline_signal,disclosure_keyword_signal_not_project_cost_or_verified_abatement,"Technology-company relationships need company-specific project, timeline, cost/investment, or abatement evidence before being treated as validated technology-path evidence.",把关键词信号升级到公司级项目证据，补时间节点和成本/投资证据边界。,"Backfill company-specific project evidence, timeline milestone, cost/investment, or abatement evidence before treating the company-technology edge as validated.",2024-saudi-aramco-sustainability-report-full-en.pdf | Apple_Environmental_Progress_Report_2025.pdf | 2025-integrated-sustainability-and-financial-report-FORD MOTOR.pdf | 2024-AT&T-sustainability-report.pdf,4 | 12 | 5 | 5.0 | 13,"almost 12 million people worldwide are part of our membership programs. Along the way, we continued to lead on the issues that matter. On climate, we more than tripled the number of electric vehicles on the platform, and the Science Based T"
P1,R4_TECHNOLOGY_PATH_AXIS,technology_path_axis,r416_mitsubishielectric,MITSUBISHI ELECTRIC,三菱电机股份有限公司,416,2,assets/data/world500/workbench/world500_technology_timeline_validation_queue.csv | assets/data/world500/workbench/world500_technology_cost_validation_queue.csv,timeline_and_cost_signal_validation,P1_validate_timeline_and_cost_signals,disclosure_keyword_signal_not_project_cost_or_verified_abatement,"Technology-company relationships need company-specific project, timeline, cost/investment, or abatement evidence before being treated as validated technology-path evidence.",把关键词信号升级到公司级项目证据，补时间节点和成本/投资证据边界。,"Backfill company-specific project evidence, timeline milestone, cost/investment, or abatement evidence before treating the company-technology edge as validated.",2024-saudi-aramco-sustainability-report-full-en.pdf | Apple_Environmental_Progress_Report_2025.pdf,4 | 12,"reduces this workload and supports companies in promoting carbon neutrality by helping them utilize fresh and accurate data for management decisions. * Scope 1: Direct GHG emissions by the business operator (fuel combustion, industrial pro"
P1,R4_TECHNOLOGY_PATH_AXIS,technology_path_axis,r424_starbucks,STARBUCKS,星巴克公司,424,2,assets/data/world500/workbench/world500_technology_timeline_validation_queue.csv | assets/data/world500/workbench/world500_technology_cost_validation_queue.csv,timeline_and_cost_signal_validation,P1_validate_timeline_and_cost_signals,disclosure_keyword_signal_not_project_cost_or_verified_abatement,"Technology-company relationships need company-specific project, timeline, cost/investment, or abatement evidence before being treated as validated technology-path evidence.",把关键词信号升级到公司级项目证据，补时间节点和成本/投资证据边界。,"Backfill company-specific project evidence, timeline milestone, cost/investment, or abatement evidence before treating the company-technology edge as validated.",2024-saudi-aramco-sustainability-report-full-en.pdf,13 | 19 | 68,"446,716 443,011 459,757 Scope 3 agricultural dairy methane emissions – Manure 279,555 300,636 307,359 Scope 3 agricultural dairy methane emissions – Feed 5,409 5,448 5,659 Percentage of Scope 3 emissions from agricultural dairy methane 6% 6"
P1,R4_TECHNOLOGY_PATH_AXIS,technology_path_axis,r445_salesforce,SALESFORCE,赛富时,445,2,assets/data/world500/workbench/world500_technology_timeline_validation_queue.csv | assets/data/world500/workbench/world500_technology_cost_validation_queue.csv,timeline_and_cost_signal_validation,P1_validate_timeline_and_cost_signals,disclosure_keyword_signal_not_project_cost_or_verified_abatement,"Technology-company relationships need company-specific project, timeline, cost/investment, or abatement evidence before being treated as validated technology-path evidence.",把关键词信号升级到公司级项目证据，补时间节点和成本/投资证据边界。,"Backfill company-specific project evidence, timeline milestone, cost/investment, or abatement evidence before treating the company-technology edge as validated.",Apple_Environmental_Progress_Report_2025.pdf,100 | 104,"The following emission factors are used in the scope 2 MBM inventory, in accordance with the GHG Protocol data hierarchy: • Energy attribute certificates obtained from virtual power purchase agreements (""VPP As"") and other sources;"
P1,R4_TECHNOLOGY_PATH_AXIS,technology_path_axis,r450_sap公司,SAP,SAP,450,2,assets/data/world500/workbench/world500_technology_company_evidence_backfill_queue.csv | assets/data/world500/workbench/world500_technology_cost_validation_queue.csv,company_specific_technology_evidence_backfill | project_cost_signal_validation,P0_backfill_company_specific_technology_evidence | P1_validate_project_cost_signal,disclosure_keyword_signal_not_project_cost_or_verified_abatement,"Technology-company relationships need company-specific project, timeline, cost/investment, or abatement evidence before being treated as validated technology-path evidence.",把关键词信号升级到公司级项目证据，补时间节点和成本/投资证据边界。,"Backfill company-specific project evidence, timeline milestone, cost/investment, or abatement evidence before treating the company-technology edge as validated.",Apple_Environmental_Progress_Report_2025.pdf | 2023_Volkswagen_Group_Sustainability_Report.pdf,100 | 104 | 12 | 12.0 | 56,"tion in MWh (rounded to 100 MWh) 2024 Total Energy Consumption 757,900 Energy from Fossil Sources Energy from Renewable Sources1 Energy from Nuclear Sources Total Energy Consumption 447,900 310,000 0 Scope 1 Fuel consumption from natural ga"
P1,R4_TECHNOLOGY_PATH_AXIS,technology_path_axis,r459_cummins,CUMMINS,康明斯公司,459,2,assets/data/world500/workbench/world500_technology_timeline_validation_queue.csv | assets/data/world500/workbench/world500_technology_cost_validation_queue.csv,timeline_and_cost_signal_validation,P1_validate_timeline_and_cost_signals,disclosure_keyword_signal_not_project_cost_or_verified_abatement,"Technology-company relationships need company-specific project, timeline, cost/investment, or abatement evidence before being treated as validated technology-path evidence.",把关键词信号升级到公司级项目证据，补时间节点和成本/投资证据边界。,"Backfill company-specific project evidence, timeline milestone, cost/investment, or abatement evidence before treating the company-technology edge as validated.",FY2025-Walmart-ESG-Report.pdf,31 | 32 | 34,als at a glance DECARBONIZATION MATERIALS COMMUNITIES FACILITIES ENERGY PRODUCTS SUPPLIERS FACILITIES WASTE CIRCULARITY FACILITIES VOC FACILITIES WATER COMMUNITY WATER Reduce absolute greenhouse gas (GHG) emissions from facilities and opera
P1,R4_TECHNOLOGY_PATH_AXIS,technology_path_axis,r462_aisin,AISIN,爱信,462,2,assets/data/world500/workbench/world500_technology_timeline_validation_queue.csv | assets/data/world500/workbench/world500_technology_cost_validation_queue.csv,timeline_and_cost_signal_validation,P1_validate_timeline_and_cost_signals,disclosure_keyword_signal_not_project_cost_or_verified_abatement,"Technology-company relationships need company-specific project, timeline, cost/investment, or abatement evidence before being treated as validated technology-path evidence.",把关键词信号升级到公司级项目证据，补时间节点和成本/投资证据边界。,"Backfill company-specific project evidence, timeline milestone, cost/investment, or abatement evidence before treating the company-technology edge as validated.",FY2025-Walmart-ESG-Report.pdf,31 | 32 | 34,io of intellectual property ● Strengthening development platform technology ● DX ● Environmental management system ● Establishing a society in which people co-exist with nature ● Establishing a recycling-oriented society ● Establishing a ze
P1,R4_TECHNOLOGY_PATH_AXIS,technology_path_axis,r464_britishamericantobacco,BRITISH AMERICAN TOBACCO,英美烟草集团,464,2,assets/data/world500/workbench/world500_technology_timeline_validation_queue.csv | assets/data/world500/workbench/world500_technology_cost_validation_queue.csv,timeline_and_cost_signal_validation,P1_validate_timeline_and_cost_signals,disclosure_keyword_signal_not_project_cost_or_verified_abatement,"Technology-company relationships need company-specific project, timeline, cost/investment, or abatement evidence before being treated as validated technology-path evidence.",把关键词信号升级到公司级项目证据，补时间节点和成本/投资证据边界。,"Backfill company-specific project evidence, timeline milestone, cost/investment, or abatement evidence before treating the company-technology edge as validated.",FY2025-Walmart-ESG-Report.pdf,31 | 32 | 34,"ess 69 Double Materiality Assessment 70 Our Five Focus Areas: Tobacco Harm Reduction 72 Climate 78 Nature 86 Circularity 94 Communities 102 Sustainability Governance 114 Sustainability Policies, Procedures and Standards 116 Creating a Cultu"
P1,R4_TECHNOLOGY_PATH_AXIS,technology_path_axis,r467_tongweigroup,TONGWEI GROUP,通威集团有限公司,467,2,assets/data/world500/workbench/world500_technology_timeline_validation_queue.csv | assets/data/world500/workbench/world500_technology_cost_validation_queue.csv,timeline_and_cost_signal_validation,P1_validate_timeline_and_cost_signals,disclosure_keyword_signal_not_project_cost_or_verified_abatement,"Technology-company relationships need company-specific project, timeline, cost/investment, or abatement evidence before being treated as validated technology-path evidence.",把关键词信号升级到公司级项目证据，补时间节点和成本/投资证据边界。,"Backfill company-specific project evidence, timeline milestone, cost/investment, or abatement evidence before treating the company-technology edge as validated.",Apple_Environmental_Progress_Report_2025.pdf,100 | 104,"tner Program” Tongwei Co., Ltd. joins the Corporation Carbon Neutral Action (CCNA) Tongwei Co., Ltd. signs UN Women's Empow- erment Principles (WEPs) Tongwei Co., Ltd. joins the RE100 Tongwei Solar (Hefei) Co., Ltd. joins the Science Based"
P1,R4_TECHNOLOGY_PATH_AXIS,technology_path_axis,r469_novonordisk,NOVO NORDISK,诺和诺德公司,469,2,assets/data/world500/workbench/world500_technology_timeline_validation_queue.csv | assets/data/world500/workbench/world500_technology_cost_validation_queue.csv,timeline_and_cost_signal_validation,P1_validate_timeline_and_cost_signals,disclosure_keyword_signal_not_project_cost_or_verified_abatement,"Technology-company relationships need company-specific project, timeline, cost/investment, or abatement evidence before being treated as validated technology-path evidence.",把关键词信号升级到公司级项目证据，补时间节点和成本/投资证据边界。,"Backfill company-specific project evidence, timeline milestone, cost/investment, or abatement evidence before treating the company-technology edge as validated.",Apple_Environmental_Progress_Report_2025.pdf | shell-annual-report-2024.pdf,86 | 86.0 | 103,"Reducing emissions from product distribution (scope 3, category 4 and 9) Lower distribution emissions by air, sea, and road: 1) by air, converting additional upstream air freight to sea freight, while securing Sustainable Aviation Fuel"
P1,R4_TECHNOLOGY_PATH_AXIS,technology_path_axis,r479_schlumberger,SCHLUMBERGER,斯伦贝谢公司,479,2,assets/data/world500/workbench/world500_technology_timeline_validation_queue.csv | assets/data/world500/workbench/world500_technology_cost_validation_queue.csv,timeline_and_cost_signal_validation,P1_validate_timeline_and_cost_signals,disclosure_keyword_signal_not_project_cost_or_verified_abatement,"Technology-company relationships need company-specific project, timeline, cost/investment, or abatement evidence before being treated as validated technology-path evidence.",把关键词信号升级到公司级项目证据，补时间节点和成本/投资证据边界。,"Backfill company-specific project evidence, timeline milestone, cost/investment, or abatement evidence before treating the company-technology edge as validated.",FY2025-Walmart-ESG-Report.pdf,31 | 32 | 34,ip 33 → Enabling Circularity 35 → Safeguarding Biodiversity Cybersecurity 36 → Data Privacy and Cybersecurity Stakeholder Engagement 37 → Stakeholder Engagement Data 39 → Sustainability Accounting Standards Board (SASB) Index 41 → Global Re
P1,R4_TECHNOLOGY_PATH_AXIS,technology_path_axis,r482_jerónimomartins公司,Jerónimo Martins,Jerónimo Martins,482,2,assets/data/world500/workbench/world500_technology_timeline_validation_queue.csv | assets/data/world500/workbench/world500_technology_cost_validation_queue.csv,timeline_and_cost_signal_validation,P1_validate_timeline_and_cost_signals,disclosure_keyword_signal_not_project_cost_or_verified_abatement,"Technology-company relationships need company-specific project, timeline, cost/investment, or abatement evidence before being treated as validated technology-path evidence.",把关键词信号升级到公司级项目证据，补时间节点和成本/投资证据边界。,"Backfill company-specific project evidence, timeline milestone, cost/investment, or abatement evidence before treating the company-technology edge as validated.",2024-saudi-aramco-sustainability-report-full-en.pdf,13 | 19 | 68,"The emission factors defined by IPCC for stationary combustion, refrigerant gases and enteric methane emissions and those defined by the Greenhouse Gas Protocol for fuel used in the light vehicle fleet were used to calculate the scope 1 car"
P1,R4_TECHNOLOGY_PATH_AXIS,technology_path_axis,r485_centrica,CENTRICA,英国森特理克集团,485,2,assets/data/world500/workbench/world500_technology_timeline_validation_queue.csv | assets/data/world500/workbench/world500_technology_cost_validation_queue.csv,timeline_and_cost_signal_validation,P1_validate_timeline_and_cost_signals,disclosure_keyword_signal_not_project_cost_or_verified_abatement,"Technology-company relationships need company-specific project, timeline, cost/investment, or abatement evidence before being treated as validated technology-path evidence.",把关键词信号升级到公司级项目证据，补时间节点和成本/投资证据边界。,"Backfill company-specific project evidence, timeline milestone, cost/investment, or abatement evidence before treating the company-technology edge as validated.",Apple_Environmental_Progress_Report_2025.pdf | 2023_Volkswagen_Group_Sustainability_Report.pdf,12 | 12.0 | 56,rit Energy assets in the UK and Netherlands. Non-operated nuclear emissions are excluded. † Included in DNV’s independent limited assurance report. See page 38 or centrica.com/assurance for more. (i) Comprises Scope 1 and Scope 2 emission
P1,R4_TECHNOLOGY_PATH_AXIS,technology_path_axis,r489_3m公司,3M,3M,489,2,assets/data/world500/workbench/world500_technology_company_evidence_backfill_queue.csv | assets/data/world500/workbench/world500_technology_cost_validation_queue.csv,company_specific_technology_evidence_backfill | project_cost_signal_validation,P0_backfill_company_specific_technology_evidence | P1_validate_project_cost_signal,disclosure_keyword_signal_not_project_cost_or_verified_abatement,"Technology-company relationships need company-specific project, timeline, cost/investment, or abatement evidence before being treated as validated technology-path evidence.",把关键词信号升级到公司级项目证据，补时间节点和成本/投资证据边界。,"Backfill company-specific project evidence, timeline milestone, cost/investment, or abatement evidence before treating the company-technology edge as validated.",Apple_Environmental_Progress_Report_2025.pdf | FY2025-Walmart-ESG-Report.pdf,100 | 104 | 31 | 32 | 34,3M | 2025 Global Impact Report 29 Circularity Climate Innovation Introduction Communities Governance Appendix Our workplace Task Force on Climate-Related Financial Disclosures (TCFD) recommendations Severe weather and long-term climate tren
P1,R4_TECHNOLOGY_PATH_AXIS,technology_path_axis,r500_三星candt公司,Samsung C&T,三星C&T,500,2,assets/data/world500/workbench/world500_technology_timeline_validation_queue.csv | assets/data/world500/workbench/world500_technology_cost_validation_queue.csv,timeline_and_cost_signal_validation,P1_validate_timeline_and_cost_signals,disclosure_keyword_signal_not_project_cost_or_verified_abatement,"Technology-company relationships need company-specific project, timeline, cost/investment, or abatement evidence before being treated as validated technology-path evidence.",把关键词信号升级到公司级项目证据，补时间节点和成本/投资证据边界。,"Backfill company-specific project evidence, timeline milestone, cost/investment, or abatement evidence before treating the company-technology edge as validated.",2025-integrated-sustainability-and-financial-report-FORD MOTOR.pdf | 2024-AT&T-sustainability-report.pdf,5 | 5.0 | 13,Calculation of Reduction Size - Electric vehicle transition: Scope 1 emissions of internal combustion engines - Scope 2 emissions of electric vehicles - Hot air circulation curing method during winter season: [(Kerosene usage/80%) - Kerosen
P1,R4_TECHNOLOGY_PATH_AXIS,technology_path_axis,r025_bp,BP,英国石油公司,25,1,assets/data/world500/workbench/world500_technology_cost_validation_queue.csv,project_cost_signal_validation,P1_validate_project_cost_signal,disclosure_keyword_signal_not_project_cost_or_verified_abatement,"Technology-company relationships need company-specific project, timeline, cost/investment, or abatement evidence before being treated as validated technology-path evidence.",把关键词信号升级到公司级项目证据，补时间节点和成本/投资证据边界。,"Backfill company-specific project evidence, timeline milestone, cost/investment, or abatement evidence before treating the company-technology edge as validated.",2024-saudi-aramco-sustainability-report-full-en.pdf,13 | 19 | 68,"Our aim for net zero operations Our aim is to reach net zero by 2050 or sooner for Scope 1 and 2 emissions within bp’s operational control (on a CO2e basis), including by maintaining ‘near-zero’a methane intensity across our operated prod"
P1,R4_TECHNOLOGY_PATH_AXIS,technology_path_axis,r026_microsoft,MICROSOFT,微软,26,1,assets/data/world500/workbench/world500_technology_cost_validation_queue.csv,project_cost_signal_validation,P1_validate_project_cost_signal,disclosure_keyword_signal_not_project_cost_or_verified_abatement,"Technology-company relationships need company-specific project, timeline, cost/investment, or abatement evidence before being treated as validated technology-path evidence.",把关键词信号升级到公司级项目证据，补时间节点和成本/投资证据边界。,"Backfill company-specific project evidence, timeline milestone, cost/investment, or abatement evidence before treating the company-technology edge as validated.",2024-saudi-aramco-sustainability-report-full-en.pdf,13 | 19 | 68,2030 Target year Total target carbon emissions Projected carbon removal Retirements Emissions FY20 FY21 FY22 FY23 FY24 SCOPE 3 Direct emissions created by a company’s activities Indirect emissions from the generation of purchased electricit
P1,R4_TECHNOLOGY_PATH_AXIS,technology_path_axis,r027_cardinalhealth,CARDINAL HEALTH,嘉德诺健康集团,27,1,assets/data/world500/workbench/world500_technology_cost_validation_queue.csv,project_cost_signal_validation,P1_validate_project_cost_signal,disclosure_keyword_signal_not_project_cost_or_verified_abatement,"Technology-company relationships need company-specific project, timeline, cost/investment, or abatement evidence before being treated as validated technology-path evidence.",把关键词信号升级到公司级项目证据，补时间节点和成本/投资证据边界。,"Backfill company-specific project evidence, timeline milestone, cost/investment, or abatement evidence before treating the company-technology edge as validated.",Apple_Environmental_Progress_Report_2025.pdf,100 | 104,"imization, renewable energy, and improved transportation efficiency. Reducing our environmental impact In fiscal 2024 we took additional steps toward reducing our environmental impact. We sought and received approval from the Science Based"
P1,R4_TECHNOLOGY_PATH_AXIS,technology_path_axis,r033_cignagroup,CIGNA GROUP,信诺集团,33,1,assets/data/world500/workbench/world500_technology_company_evidence_backfill_queue.csv,company_specific_technology_evidence_backfill,P0_backfill_company_specific_technology_evidence,disclosure_keyword_signal_not_project_cost_or_verified_abatement,"Technology-company relationships need company-specific project, timeline, cost/investment, or abatement evidence before being treated as validated technology-path evidence.",把关键词信号升级到公司级项目证据，补时间节点和成本/投资证据边界。,"Backfill company-specific project evidence, timeline milestone, cost/investment, or abatement evidence before treating the company-technology edge as validated.",Apple_Environmental_Progress_Report_2025.pdf,100 | 104,
P1,R4_TECHNOLOGY_PATH_AXIS,technology_path_axis,r049_electricitédefrance,ELECTRICITÉ DE FRANCE,法国电力公司,49,1,assets/data/world500/workbench/world500_technology_cost_validation_queue.csv,project_cost_signal_validation,P1_validate_project_cost_signal,disclosure_keyword_signal_not_project_cost_or_verified_abatement,"Technology-company relationships need company-specific project, timeline, cost/investment, or abatement evidence before being treated as validated technology-path evidence.",把关键词信号升级到公司级项目证据，补时间节点和成本/投资证据边界。,"Backfill company-specific project evidence, timeline milestone, cost/investment, or abatement evidence before treating the company-technology edge as validated.",Apple_Environmental_Progress_Report_2025.pdf | 2023_Volkswagen_Group_Sustainability_Report.pdf,12 | 12.0 | 56,"le Analysis (LCA) of the kWh of EDF nuclear electricity in France, conducted by EDF R&D and published in 2022, EDF launched the “On Deck” approach aimed at reducing the carbon footprint of the nuclear fuel cycle activities, which represente"
P1,R4_TECHNOLOGY_PATH_AXIS,technology_path_axis,r079_uniper公司,Uniper,Uniper,79,1,assets/data/world500/workbench/world500_technology_cost_validation_queue.csv,project_cost_signal_validation,P1_validate_project_cost_signal,disclosure_keyword_signal_not_project_cost_or_verified_abatement,"Technology-company relationships need company-specific project, timeline, cost/investment, or abatement evidence before being treated as validated technology-path evidence.",把关键词信号升级到公司级项目证据，补时间节点和成本/投资证据边界。,"Backfill company-specific project evidence, timeline milestone, cost/investment, or abatement evidence before treating the company-technology edge as validated.",Apple_Environmental_Progress_Report_2025.pdf | 2023_Volkswagen_Group_Sustainability_Report.pdf,12 | 12.0 | 56,"rnize or expand our existing fleet Optimizing our 5 GW hydropower and nuclear power assets to maximize value creation Flexible Generation Phasing out our remaining 2.1 GW of commer- cial coal-fired generation capacity by 2029, equating to"
P1,R4_TECHNOLOGY_PATH_AXIS,technology_path_axis,r117_adm公司,ADM,ADM,117,1,assets/data/world500/workbench/world500_technology_company_evidence_backfill_queue.csv,company_specific_technology_evidence_backfill,P0_backfill_company_specific_technology_evidence,disclosure_keyword_signal_not_project_cost_or_verified_abatement,"Technology-company relationships need company-specific project, timeline, cost/investment, or abatement evidence before being treated as validated technology-path evidence.",把关键词信号升级到公司级项目证据，补时间节点和成本/投资证据边界。,"Backfill company-specific project evidence, timeline milestone, cost/investment, or abatement evidence before treating the company-technology edge as validated.",Apple_Environmental_Progress_Report_2025.pdf,100 | 104,
P1,R4_TECHNOLOGY_PATH_AXIS,technology_path_axis,r119_christiandior,CHRISTIAN DIOR,迪奥公司,119,1,assets/data/world500/workbench/world500_technology_company_evidence_backfill_queue.csv,company_specific_technology_evidence_backfill,P0_backfill_company_specific_technology_evidence,disclosure_keyword_signal_not_project_cost_or_verified_abatement,"Technology-company relationships need company-specific project, timeline, cost/investment, or abatement evidence before being treated as validated technology-path evidence.",把关键词信号升级到公司级项目证据，补时间节点和成本/投资证据边界。,"Backfill company-specific project evidence, timeline milestone, cost/investment, or abatement evidence before treating the company-technology edge as validated.",Apple_Environmental_Progress_Report_2025.pdf,100 | 104,
P1,R4_TECHNOLOGY_PATH_AXIS,technology_path_axis,r120_nippontelegraphandtelephone,NIPPON TELEGRAPH AND TELEPHONE,日本电报电话公司,120,1,assets/data/world500/workbench/world500_technology_company_evidence_backfill_queue.csv,company_specific_technology_evidence_backfill,P0_backfill_company_specific_technology_evidence,disclosure_keyword_signal_not_project_cost_or_verified_abatement,"Technology-company relationships need company-specific project, timeline, cost/investment, or abatement evidence before being treated as validated technology-path evidence.",把关键词信号升级到公司级项目证据，补时间节点和成本/投资证据边界。,"Backfill company-specific project evidence, timeline milestone, cost/investment, or abatement evidence before treating the company-technology edge as validated.",Apple_Environmental_Progress_Report_2025.pdf,100 | 104,
P1,R4_TECHNOLOGY_PATH_AXIS,technology_path_axis,r122_carrefour,CARREFOUR,家乐福,122,1,assets/data/world500/workbench/world500_technology_cost_validation_queue.csv,project_cost_signal_validation,P1_validate_project_cost_signal,disclosure_keyword_signal_not_project_cost_or_verified_abatement,"Technology-company relationships need company-specific project, timeline, cost/investment, or abatement evidence before being treated as validated technology-path evidence.",把关键词信号升级到公司级项目证据，补时间节点和成本/投资证据边界。,"Backfill company-specific project evidence, timeline milestone, cost/investment, or abatement evidence before treating the company-technology edge as validated.",Apple_Environmental_Progress_Report_2025.pdf,100 | 104,cope 1 & 2 CO emissions % (in tCO eq) -70% 2040 Proportion of renewable electricity out of total electricity consumption % (in MWh) 100% 2030 0% 2019 Reduction in energy use intensity % (in kWh/sq.m.) -20% 2026 528 2019 -27.5% 2030 Reductio
P1,R4_TECHNOLOGY_PATH_AXIS,technology_path_axis,r123_pepsico,PEPSICO,百事公司,123,1,assets/data/world500/workbench/world500_technology_cost_validation_queue.csv,project_cost_signal_validation,P1_validate_project_cost_signal,disclosure_keyword_signal_not_project_cost_or_verified_abatement,"Technology-company relationships need company-specific project, timeline, cost/investment, or abatement evidence before being treated as validated technology-path evidence.",把关键词信号升级到公司级项目证据，补时间节点和成本/投资证据边界。,"Backfill company-specific project evidence, timeline milestone, cost/investment, or abatement evidence before treating the company-technology edge as validated.",2024-saudi-aramco-sustainability-report-full-en.pdf,13 | 19 | 68,need to reduce our emissions by the following (all measured against a 2022 baseline): Net-zero Baseline emissions Actual emissions Target emissions Residuals Carbon removals to balance residual emissions 50% reduction in emissions from our
P1,R4_TECHNOLOGY_PATH_AXIS,technology_path_axis,r128_sony,SONY,索尼,128,1,assets/data/world500/workbench/world500_technology_cost_validation_queue.csv,project_cost_signal_validation,P1_validate_project_cost_signal,disclosure_keyword_signal_not_project_cost_or_verified_abatement,"Technology-company relationships need company-specific project, timeline, cost/investment, or abatement evidence before being treated as validated technology-path evidence.",把关键词信号升级到公司级项目证据，补时间节点和成本/投资证据边界。,"Backfill company-specific project evidence, timeline milestone, cost/investment, or abatement evidence before treating the company-technology edge as validated.",Apple_Environmental_Progress_Report_2025.pdf,100 | 104,ectricity for power used in their global business operations • Joined in 2018 • Committed to procuring 100% renewable electricity for power used in its global business operations by 2030 • Selected as a corporate member of the RE100 Advisor
P1,R4_TECHNOLOGY_PATH_AXIS,technology_path_axis,r139_lowes,LOWE'S,美国劳氏公司,139,1,assets/data/world500/workbench/world500_technology_cost_validation_queue.csv,project_cost_signal_validation,P1_validate_project_cost_signal,disclosure_keyword_signal_not_project_cost_or_verified_abatement,"Technology-company relationships need company-specific project, timeline, cost/investment, or abatement evidence before being treated as validated technology-path evidence.",把关键词信号升级到公司级项目证据，补时间节点和成本/投资证据边界。,"Backfill company-specific project evidence, timeline milestone, cost/investment, or abatement evidence before treating the company-technology edge as validated.",Apple_Environmental_Progress_Report_2025.pdf,100 | 104,BY 2030: 50% renewable energy1 for Lowe's facilities 2021 2030 14% BY 2030: Reduce absolute scope 1 and 2 GHG emissions by 42% from 2021 levels 2021 2030 19% Reduce absolute scope 3 emissions by 25% from 2021 levels 2021 2030 20% BY 2050: A
P1,R4_TECHNOLOGY_PATH_AXIS,technology_path_axis,r145_siemens,SIEMENS,西门子,145,1,assets/data/world500/workbench/world500_technology_company_evidence_backfill_queue.csv,company_specific_technology_evidence_backfill,P0_backfill_company_specific_technology_evidence,disclosure_keyword_signal_not_project_cost_or_verified_abatement,"Technology-company relationships need company-specific project, timeline, cost/investment, or abatement evidence before being treated as validated technology-path evidence.",把关键词信号升级到公司级项目证据，补时间节点和成本/投资证据边界。,"Backfill company-specific project evidence, timeline milestone, cost/investment, or abatement evidence before treating the company-technology edge as validated.",Apple_Environmental_Progress_Report_2025.pdf,100 | 104,
P1,R4_TECHNOLOGY_PATH_AXIS,technology_path_axis,r163_sysco,SYSCO,西斯科公司,163,1,assets/data/world500/workbench/world500_technology_timeline_validation_queue.csv,project_timeline_signal_validation,P1_validate_project_timeline_signal,disclosure_keyword_signal_not_project_cost_or_verified_abatement,"Technology-company relationships need company-specific project, timeline, cost/investment, or abatement evidence before being treated as validated technology-path evidence.",把关键词信号升级到公司级项目证据，补时间节点和成本/投资证据边界。,"Backfill company-specific project evidence, timeline milestone, cost/investment, or abatement evidence before treating the company-technology edge as validated.",2025-integrated-sustainability-and-financial-report-FORD MOTOR.pdf | 2024-AT&T-sustainability-report.pdf,5 | 5.0 | 13,"PROGRESS:4 Supported Scope 1 and 2 reductions by deploying an additional 110 EVs across our global fleets, completing our Riverside, California, EV Hub, sourcing 4.3 million gallons o"
P1,R4_TECHNOLOGY_PATH_AXIS,technology_path_axis,r168_torontodominionbank,TORONTO-DOMINION BANK,多伦多道明银行,168,1,assets/data/world500/workbench/world500_technology_company_evidence_backfill_queue.csv,company_specific_technology_evidence_backfill,P0_backfill_company_specific_technology_evidence,disclosure_keyword_signal_not_project_cost_or_verified_abatement,"Technology-company relationships need company-specific project, timeline, cost/investment, or abatement evidence before being treated as validated technology-path evidence.",把关键词信号升级到公司级项目证据，补时间节点和成本/投资证据边界。,"Backfill company-specific project evidence, timeline milestone, cost/investment, or abatement evidence before treating the company-technology edge as validated.",Apple_Environmental_Progress_Report_2025.pdf,100 | 104,
P1,R4_TECHNOLOGY_PATH_AXIS,technology_path_axis,r174_法国bpce银行集团,BPCE Group,法国BPCE银行,174,1,assets/data/world500/workbench/world500_technology_cost_validation_queue.csv,project_cost_signal_validation,P1_validate_project_cost_signal,disclosure_keyword_signal_not_project_cost_or_verified_abatement,"Technology-company relationships need company-specific project, timeline, cost/investment, or abatement evidence before being treated as validated technology-path evidence.",把关键词信号升级到公司级项目证据，补时间节点和成本/投资证据边界。,"Backfill company-specific project evidence, timeline milestone, cost/investment, or abatement evidence before treating the company-technology edge as validated.",2024-saudi-aramco-sustainability-report-full-en.pdf | Apple_Environmental_Progress_Report_2025.pdf,4 | 12,It should be noted that the IEA revised the Net Zero Scope 1 target upwards in its latest report published in 2023. sce- nario The cement sector target is to obtain an average carbon intensity for Natixis CIB’s ﬁnancing of cement producers
P1,R4_TECHNOLOGY_PATH_AXIS,technology_path_axis,r176_巴西jbs公司,JBS,巴西JBS,176,1,assets/data/world500/workbench/world500_technology_company_evidence_backfill_queue.csv,company_specific_technology_evidence_backfill,P0_backfill_company_specific_technology_evidence,disclosure_keyword_signal_not_project_cost_or_verified_abatement,"Technology-company relationships need company-specific project, timeline, cost/investment, or abatement evidence before being treated as validated technology-path evidence.",把关键词信号升级到公司级项目证据，补时间节点和成本/投资证据边界。,"Backfill company-specific project evidence, timeline milestone, cost/investment, or abatement evidence before treating the company-technology edge as validated.",Apple_Environmental_Progress_Report_2025.pdf,100 | 104,
P1,R4_TECHNOLOGY_PATH_AXIS,technology_path_axis,r177_alimentationcouchetard公司,Alimentation Couche-Tard,Alimentation Couche-Tard,177,1,assets/data/world500/workbench/world500_technology_cost_validation_queue.csv,project_cost_signal_validation,P1_validate_project_cost_signal,disclosure_keyword_signal_not_project_cost_or_verified_abatement,"Technology-company relationships need company-specific project, timeline, cost/investment, or abatement evidence before being treated as validated technology-path evidence.",把关键词信号升级到公司级项目证据，补时间节点和成本/投资证据边界。,"Backfill company-specific project evidence, timeline milestone, cost/investment, or abatement evidence before treating the company-technology edge as validated.",2025-integrated-sustainability-and-financial-report-FORD MOTOR.pdf | 2024-AT&T-sustainability-report.pdf,5 | 5.0 | 13,Sustainability Report © 2025 59 Category 3: Energy and Fuel Activities Our Category 3 data covers upstream emissions from the generation of purchased electricity that is sold to our EV charger customers.
P1,R4_TECHNOLOGY_PATH_AXIS,technology_path_axis,r234_panasonicholdings,PANASONIC HOLDINGS,松下控股公司,234,1,assets/data/world500/workbench/world500_technology_timeline_validation_queue.csv,project_timeline_signal_validation,P1_validate_project_timeline_signal,disclosure_keyword_signal_not_project_cost_or_verified_abatement,"Technology-company relationships need company-specific project, timeline, cost/investment, or abatement evidence before being treated as validated technology-path evidence.",把关键词信号升级到公司级项目证据，补时间节点和成本/投资证据边界。,"Backfill company-specific project evidence, timeline milestone, cost/investment, or abatement evidence before treating the company-technology edge as validated.",Apple_Environmental_Progress_Report_2025.pdf,100 | 104,Energy: ★4.5 TWh Purchased electricity 3.07 TWh including renewable energy ★0.95 TWh*1 Production of renewable energy in our own sites ★0.11 TWh Town gas 70.0million m3 LNG 10.8 kt LPG 4.4 kt Heavy oil 6.2 Ml Light oil 2.0 Ml Kerosene 1.6 M
P1,R4_TECHNOLOGY_PATH_AXIS,technology_path_axis,r241_tdsynnex公司,TD Synnex,TD Synnex,241,1,assets/data/world500/workbench/world500_technology_company_evidence_backfill_queue.csv,company_specific_technology_evidence_backfill,P0_backfill_company_specific_technology_evidence,disclosure_keyword_signal_not_project_cost_or_verified_abatement,"Technology-company relationships need company-specific project, timeline, cost/investment, or abatement evidence before being treated as validated technology-path evidence.",把关键词信号升级到公司级项目证据，补时间节点和成本/投资证据边界。,"Backfill company-specific project evidence, timeline milestone, cost/investment, or abatement evidence before treating the company-technology edge as validated.",Apple_Environmental_Progress_Report_2025.pdf,100 | 104,
P1,R4_TECHNOLOGY_PATH_AXIS,technology_path_axis,r252_bancobradesco,BANCO BRADESCO,巴西布拉德斯科银行,252,1,assets/data/world500/workbench/world500_technology_company_evidence_backfill_queue.csv,company_specific_technology_evidence_backfill,P0_backfill_company_specific_technology_evidence,disclosure_keyword_signal_not_project_cost_or_verified_abatement,"Technology-company relationships need company-specific project, timeline, cost/investment, or abatement evidence before being treated as validated technology-path evidence.",把关键词信号升级到公司级项目证据，补时间节点和成本/投资证据边界。,"Backfill company-specific project evidence, timeline milestone, cost/investment, or abatement evidence before treating the company-technology edge as validated.",Apple_Environmental_Progress_Report_2025.pdf,100 | 104,
P1,R4_TECHNOLOGY_PATH_AXIS,technology_path_axis,r261_intel,INTEL,英特尔公司,261,1,assets/data/world500/workbench/world500_technology_company_evidence_backfill_queue.csv,company_specific_technology_evidence_backfill,P0_backfill_company_specific_technology_evidence,disclosure_keyword_signal_not_project_cost_or_verified_abatement,"Technology-company relationships need company-specific project, timeline, cost/investment, or abatement evidence before being treated as validated technology-path evidence.",把关键词信号升级到公司级项目证据，补时间节点和成本/投资证据边界。,"Backfill company-specific project evidence, timeline milestone, cost/investment, or abatement evidence before treating the company-technology edge as validated.",Apple_Environmental_Progress_Report_2025.pdf,100 | 104,
P1,R4_TECHNOLOGY_PATH_AXIS,technology_path_axis,r262_tjx公司,TJX,TJX,262,1,assets/data/world500/workbench/world500_technology_company_evidence_backfill_queue.csv,company_specific_technology_evidence_backfill,P0_backfill_company_specific_technology_evidence,disclosure_keyword_signal_not_project_cost_or_verified_abatement,"Technology-company relationships need company-specific project, timeline, cost/investment, or abatement evidence before being treated as validated technology-path evidence.",把关键词信号升级到公司级项目证据，补时间节点和成本/投资证据边界。,"Backfill company-specific project evidence, timeline milestone, cost/investment, or abatement evidence before treating the company-technology edge as validated.",Apple_Environmental_Progress_Report_2025.pdf,100 | 104,
P1,R4_TECHNOLOGY_PATH_AXIS,technology_path_axis,r272_performancefoodgroup公司,Performance Food Group,Performance Food Group,272,1,assets/data/world500/workbench/world500_technology_cost_validation_queue.csv,project_cost_signal_validation,P1_validate_project_cost_signal,disclosure_keyword_signal_not_project_cost_or_verified_abatement,"Technology-company relationships need company-specific project, timeline, cost/investment, or abatement evidence before being treated as validated technology-path evidence.",把关键词信号升级到公司级项目证据，补时间节点和成本/投资证据边界。,"Backfill company-specific project evidence, timeline milestone, cost/investment, or abatement evidence before treating the company-technology edge as validated.",Apple_Environmental_Progress_Report_2025.pdf,100 | 104,Renewable Energy Secure 10% of purchased electricity from renewable sources by 2030.
P1,R4_TECHNOLOGY_PATH_AXIS,technology_path_axis,r278_americanairlinesgroup,AMERICAN AIRLINES GROUP,美国航空集团,278,1,assets/data/world500/workbench/world500_technology_cost_validation_queue.csv,project_cost_signal_validation,P1_validate_project_cost_signal,disclosure_keyword_signal_not_project_cost_or_verified_abatement,"Technology-company relationships need company-specific project, timeline, cost/investment, or abatement evidence before being treated as validated technology-path evidence.",把关键词信号升级到公司级项目证据，补时间节点和成本/投资证据边界。,"Backfill company-specific project evidence, timeline milestone, cost/investment, or abatement evidence before treating the company-technology edge as validated.",Apple_Environmental_Progress_Report_2025.pdf | shell-annual-report-2024.pdf,86 | 86.0 | 103,"99 0.101 1,549 Widebody legacy 0.351 0.101 4,192 Widebody latest generation7 0.318 0.089 4,253 67 Emissions From Renewable Fuels in 2024 (in metric tons)8 EMISSIONS CATEGORY SAF RENEWABLE DIESEL ETHANOL TOTAL Biogenic emissions (CO2) 26,712"
P1,R4_TECHNOLOGY_PATH_AXIS,technology_path_axis,r282_volvo,VOLVO,沃尔沃集团,282,1,assets/data/world500/workbench/world500_technology_cost_validation_queue.csv,project_cost_signal_validation,P1_validate_project_cost_signal,disclosure_keyword_signal_not_project_cost_or_verified_abatement,"Technology-company relationships need company-specific project, timeline, cost/investment, or abatement evidence before being treated as validated technology-path evidence.",把关键词信号升级到公司级项目证据，补时间节点和成本/投资证据边界。,"Backfill company-specific project evidence, timeline milestone, cost/investment, or abatement evidence before treating the company-technology edge as validated.",2024-saudi-aramco-sustainability-report-full-en.pdf | Apple_Environmental_Progress_Report_2025.pdf,4 | 12,"a founding member of the First Movers Coalition (see information box below), the Volvo Group has committed to source at least 10% near-zero steel and low carbon aluminum by 2030."
P1,R4_TECHNOLOGY_PATH_AXIS,technology_path_axis,r305_denso,DENSO,电装公司,305,1,assets/data/world500/workbench/world500_technology_company_evidence_backfill_queue.csv,company_specific_technology_evidence_backfill,P0_backfill_company_specific_technology_evidence,disclosure_keyword_signal_not_project_cost_or_verified_abatement,"Technology-company relationships need company-specific project, timeline, cost/investment, or abatement evidence before being treated as validated technology-path evidence.",把关键词信号升级到公司级项目证据，补时间节点和成本/投资证据边界。,"Backfill company-specific project evidence, timeline milestone, cost/investment, or abatement evidence before treating the company-technology edge as validated.",2024-saudi-aramco-sustainability-report-full-en.pdf | Apple_Environmental_Progress_Report_2025.pdf,4 | 12,
P1,R4_TECHNOLOGY_PATH_AXIS,technology_path_axis,r339_hyundaimobis,HYUNDAI MOBIS,现代摩比斯公司,339,1,assets/data/world500/workbench/world500_technology_cost_validation_queue.csv,project_cost_signal_validation,P1_validate_project_cost_signal,disclosure_keyword_signal_not_project_cost_or_verified_abatement,"Technology-company relationships need company-specific project, timeline, cost/investment, or abatement evidence before being treated as validated technology-path evidence.",把关键词信号升级到公司级项目证据，补时间节点和成本/投资证据边界。,"Backfill company-specific project evidence, timeline milestone, cost/investment, or abatement evidence before treating the company-technology edge as validated.",Apple_Environmental_Progress_Report_2025.pdf,100 | 104,"GHG emissions (Scope 1 + 2, based on FY2019) 2024 emissions 401,502 tco2eq 2045 target 0 tco2eq Use of and transition to renewable energy at operation sites (based on FY2019) 2024 progress 12.9% 2030 target 65%, 2040 target 100% Product cat"
P1,R4_TECHNOLOGY_PATH_AXIS,technology_path_axis,r345_raízen公司,Raízen,Raízen,345,1,assets/data/world500/workbench/world500_technology_company_evidence_backfill_queue.csv,company_specific_technology_evidence_backfill,P0_backfill_company_specific_technology_evidence,disclosure_keyword_signal_not_project_cost_or_verified_abatement,"Technology-company relationships need company-specific project, timeline, cost/investment, or abatement evidence before being treated as validated technology-path evidence.",把关键词信号升级到公司级项目证据，补时间节点和成本/投资证据边界。,"Backfill company-specific project evidence, timeline milestone, cost/investment, or abatement evidence before treating the company-technology edge as validated.",Apple_Environmental_Progress_Report_2025.pdf,100 | 104,
P1,R4_TECHNOLOGY_PATH_AXIS,technology_path_axis,r349_fomentoeconómicomexicano公司,Fomento Económico Mexicano,Fomento Económico Mexicano,349,1,assets/data/world500/workbench/world500_technology_company_evidence_backfill_queue.csv,company_specific_technology_evidence_backfill,P0_backfill_company_specific_technology_evidence,disclosure_keyword_signal_not_project_cost_or_verified_abatement,"Technology-company relationships need company-specific project, timeline, cost/investment, or abatement evidence before being treated as validated technology-path evidence.",把关键词信号升级到公司级项目证据，补时间节点和成本/投资证据边界。,"Backfill company-specific project evidence, timeline milestone, cost/investment, or abatement evidence before treating the company-technology edge as validated.",Apple_Environmental_Progress_Report_2025.pdf,100 | 104,
P1,R4_TECHNOLOGY_PATH_AXIS,technology_path_axis,r358_omvgroup,OMV GROUP,奥地利石油天然气集团,358,1,assets/data/world500/workbench/world500_technology_cost_validation_queue.csv,project_cost_signal_validation,P1_validate_project_cost_signal,disclosure_keyword_signal_not_project_cost_or_verified_abatement,"Technology-company relationships need company-specific project, timeline, cost/investment, or abatement evidence before being treated as validated technology-path evidence.",把关键词信号升级到公司级项目证据，补时间节点和成本/投资证据边界。,"Backfill company-specific project evidence, timeline milestone, cost/investment, or abatement evidence before treating the company-technology edge as validated.",2024-saudi-aramco-sustainability-report-full-en.pdf,13 | 19 | 68,2030 Zero routine flaring and venting 2050 Net-zero Scope 1 GHG emissions Absolute Target Value chain activities Own operations In scope 100% routine flaring and routine venting emissions from fully owned assets and assets where the Group’s
P1,R4_TECHNOLOGY_PATH_AXIS,technology_path_axis,r368_lyondellbasellindustries,LYONDELLBASELL INDUSTRIES,利安德巴塞尔工业公司,368,1,assets/data/world500/workbench/world500_technology_company_evidence_backfill_queue.csv,company_specific_technology_evidence_backfill,P0_backfill_company_specific_technology_evidence,disclosure_keyword_signal_not_project_cost_or_verified_abatement,"Technology-company relationships need company-specific project, timeline, cost/investment, or abatement evidence before being treated as validated technology-path evidence.",把关键词信号升级到公司级项目证据，补时间节点和成本/投资证据边界。,"Backfill company-specific project evidence, timeline milestone, cost/investment, or abatement evidence before treating the company-technology edge as validated.",2024-saudi-aramco-sustainability-report-full-en.pdf | Apple_Environmental_Progress_Report_2025.pdf,4 | 12,
P1,R4_TECHNOLOGY_PATH_AXIS,technology_path_axis,r374_lufthansagroup,LUFTHANSA GROUP,汉莎集团,374,1,assets/data/world500/workbench/world500_technology_company_evidence_backfill_queue.csv,company_specific_technology_evidence_backfill,P0_backfill_company_specific_technology_evidence,disclosure_keyword_signal_not_project_cost_or_verified_abatement,"Technology-company relationships need company-specific project, timeline, cost/investment, or abatement evidence before being treated as validated technology-path evidence.",把关键词信号升级到公司级项目证据，补时间节点和成本/投资证据边界。,"Backfill company-specific project evidence, timeline milestone, cost/investment, or abatement evidence before treating the company-technology edge as validated.",Apple_Environmental_Progress_Report_2025.pdf,100 | 104,
P1,R4_TECHNOLOGY_PATH_AXIS,technology_path_axis,r379_日本kddi电信公司,KDDI,日本KDDI电信,379,1,assets/data/world500/workbench/world500_technology_company_evidence_backfill_queue.csv,company_specific_technology_evidence_backfill,P0_backfill_company_specific_technology_evidence,disclosure_keyword_signal_not_project_cost_or_verified_abatement,"Technology-company relationships need company-specific project, timeline, cost/investment, or abatement evidence before being treated as validated technology-path evidence.",把关键词信号升级到公司级项目证据，补时间节点和成本/投资证据边界。,"Backfill company-specific project evidence, timeline milestone, cost/investment, or abatement evidence before treating the company-technology edge as validated.",Apple_Environmental_Progress_Report_2025.pdf,100 | 104,
P1,R4_TECHNOLOGY_PATH_AXIS,technology_path_axis,r386_inditex公司,Inditex,Inditex,386,1,assets/data/world500/workbench/world500_technology_cost_validation_queue.csv,project_cost_signal_validation,P1_validate_project_cost_signal,disclosure_keyword_signal_not_project_cost_or_verified_abatement,"Technology-company relationships need company-specific project, timeline, cost/investment, or abatement evidence before being treated as validated technology-path evidence.",把关键词信号升级到公司级项目证据，补时间节点和成本/投资证据边界。,"Backfill company-specific project evidence, timeline milestone, cost/investment, or abatement evidence before treating the company-technology edge as validated.",FY2025-Walmart-ESG-Report.pdf,31 | 32 | 34,Estimated emissions Emissions t CO2 eq 2025 / 25% reduction in water consumption in our supply chain with respect to 2020 levels. / 100% lower-impact polyester and linen. / Circularity services such as Zara Pre-Owned in key markets. / Use o
P1,R4_TECHNOLOGY_PATH_AXIS,technology_path_axis,r397_xiaomi,XIAOMI,小米集团,397,1,assets/data/world500/workbench/world500_technology_company_evidence_backfill_queue.csv,company_specific_technology_evidence_backfill,P0_backfill_company_specific_technology_evidence,disclosure_keyword_signal_not_project_cost_or_verified_abatement,"Technology-company relationships need company-specific project, timeline, cost/investment, or abatement evidence before being treated as validated technology-path evidence.",把关键词信号升级到公司级项目证据，补时间节点和成本/投资证据边界。,"Backfill company-specific project evidence, timeline milestone, cost/investment, or abatement evidence before treating the company-technology edge as validated.",Apple_Environmental_Progress_Report_2025.pdf,100 | 104,
P1,R4_TECHNOLOGY_PATH_AXIS,technology_path_axis,r400_gsk,GSK,葛兰素史克集团,400,1,assets/data/world500/workbench/world500_technology_company_evidence_backfill_queue.csv,company_specific_technology_evidence_backfill,P0_backfill_company_specific_technology_evidence,disclosure_keyword_signal_not_project_cost_or_verified_abatement,"Technology-company relationships need company-specific project, timeline, cost/investment, or abatement evidence before being treated as validated technology-path evidence.",把关键词信号升级到公司级项目证据，补时间节点和成本/投资证据边界。,"Backfill company-specific project evidence, timeline milestone, cost/investment, or abatement evidence before treating the company-technology edge as validated.",Apple_Environmental_Progress_Report_2025.pdf,100 | 104,
P1,R4_TECHNOLOGY_PATH_AXIS,technology_path_axis,r421_jardinematheson,JARDINE MATHESON,怡和集团,421,1,assets/data/world500/workbench/world500_technology_cost_validation_queue.csv,project_cost_signal_validation,P1_validate_project_cost_signal,disclosure_keyword_signal_not_project_cost_or_verified_abatement,"Technology-company relationships need company-specific project, timeline, cost/investment, or abatement evidence before being treated as validated technology-path evidence.",把关键词信号升级到公司级项目证据，补时间节点和成本/投资证据边界。,"Backfill company-specific project evidence, timeline milestone, cost/investment, or abatement evidence before treating the company-technology edge as validated.",2024-saudi-aramco-sustainability-report-full-en.pdf,13 | 19 | 68,"Jardines Sustainability Report 2024 34 AAL Over 80% of AAL’s scope 1 and 2 emissions were attributed to methane emissions from processing Palm Oil Mill Effluent (POME) at the palm oil mills, and the use of chemical fertilisers."
P1,R4_TECHNOLOGY_PATH_AXIS,technology_path_axis,r423_daiwahouseindustry,DAIWA HOUSE INDUSTRY,大和房建,423,1,assets/data/world500/workbench/world500_technology_cost_validation_queue.csv,project_cost_signal_validation,P1_validate_project_cost_signal,disclosure_keyword_signal_not_project_cost_or_verified_abatement,"Technology-company relationships need company-specific project, timeline, cost/investment, or abatement evidence before being treated as validated technology-path evidence.",把关键词信号升级到公司级项目证据，补时间节点和成本/投资证据边界。,"Backfill company-specific project evidence, timeline milestone, cost/investment, or abatement evidence before treating the company-technology edge as validated.",Apple_Environmental_Progress_Report_2025.pdf,100 | 104,"Achieved our target for Scope 2 emission reduction by adopting renewable electricity In fiscal 2024, we transitioned to renewable energy sources and purchased non-fossil-fuel energy certificates as an electricity buyer, making over 99% of o"
P1,R4_TECHNOLOGY_PATH_AXIS,technology_path_axis,r426_qualcomm,QUALCOMM,高通,426,1,assets/data/world500/workbench/world500_technology_timeline_validation_queue.csv,project_timeline_signal_validation,P1_validate_project_timeline_signal,disclosure_keyword_signal_not_project_cost_or_verified_abatement,"Technology-company relationships need company-specific project, timeline, cost/investment, or abatement evidence before being treated as validated technology-path evidence.",把关键词信号升级到公司级项目证据，补时间节点和成本/投资证据边界。,"Backfill company-specific project evidence, timeline milestone, cost/investment, or abatement evidence before treating the company-technology edge as validated.",Apple_Environmental_Progress_Report_2025.pdf | 2023_Volkswagen_Group_Sustainability_Report.pdf,12 | 12.0 | 56,30 Annual avoided emissions of CO2e due to cumulative investments made for energy efficiency for global facilities. 31 GHG emissions data are calculated using the GHG Protocol Corporate Accounting and Reporting Standard. Our Environment Uni
P1,R4_TECHNOLOGY_PATH_AXIS,technology_path_axis,r428_jfeholdings,JFE HOLDINGS,日本钢铁工程控股公司,428,1,assets/data/world500/workbench/world500_technology_timeline_validation_queue.csv,project_timeline_signal_validation,P1_validate_project_timeline_signal,disclosure_keyword_signal_not_project_cost_or_verified_abatement,"Technology-company relationships need company-specific project, timeline, cost/investment, or abatement evidence before being treated as validated technology-path evidence.",把关键词信号升级到公司级项目证据，补时间节点和成本/投资证据边界。,"Backfill company-specific project evidence, timeline milestone, cost/investment, or abatement evidence before treating the company-technology edge as validated.",FY2025-Walmart-ESG-Report.pdf,31 | 32 | 34,"put Coke oven gas Coke oven and sintering plant BF gas Blast furnace BOF gas BOF and CC Reheat furnace Rolling Shipments JFE Group Recycling Processes Community, Environment and Society Output Wastewater million tonnes % Evaporation loss mi"
P1,R4_TECHNOLOGY_PATH_AXIS,technology_path_axis,r431_elo集团,ELO,ELO,431,1,assets/data/world500/workbench/world500_technology_company_evidence_backfill_queue.csv,company_specific_technology_evidence_backfill,P0_backfill_company_specific_technology_evidence,disclosure_keyword_signal_not_project_cost_or_verified_abatement,"Technology-company relationships need company-specific project, timeline, cost/investment, or abatement evidence before being treated as validated technology-path evidence.",把关键词信号升级到公司级项目证据，补时间节点和成本/投资证据边界。,"Backfill company-specific project evidence, timeline milestone, cost/investment, or abatement evidence before treating the company-technology edge as validated.",Apple_Environmental_Progress_Report_2025.pdf,100 | 104,
P1,R4_TECHNOLOGY_PATH_AXIS,technology_path_axis,r440_philipmorrisinternational,PHILIP MORRIS INTERNATIONAL,菲利普－莫里斯国际公司,440,1,assets/data/world500/workbench/world500_technology_company_evidence_backfill_queue.csv,company_specific_technology_evidence_backfill,P0_backfill_company_specific_technology_evidence,disclosure_keyword_signal_not_project_cost_or_verified_abatement,"Technology-company relationships need company-specific project, timeline, cost/investment, or abatement evidence before being treated as validated technology-path evidence.",把关键词信号升级到公司级项目证据，补时间节点和成本/投资证据边界。,"Backfill company-specific project evidence, timeline milestone, cost/investment, or abatement evidence before treating the company-technology edge as validated.",Apple_Environmental_Progress_Report_2025.pdf,100 | 104,
P1,R4_TECHNOLOGY_PATH_AXIS,technology_path_axis,r441_paccar,PACCAR,帕卡公司,441,1,assets/data/world500/workbench/world500_technology_cost_validation_queue.csv,project_cost_signal_validation,P1_validate_project_cost_signal,disclosure_keyword_signal_not_project_cost_or_verified_abatement,"Technology-company relationships need company-specific project, timeline, cost/investment, or abatement evidence before being treated as validated technology-path evidence.",把关键词信号升级到公司级项目证据，补时间节点和成本/投资证据边界。,"Backfill company-specific project evidence, timeline milestone, cost/investment, or abatement evidence before treating the company-technology edge as validated.",Apple_Environmental_Progress_Report_2025.pdf | 2023_Volkswagen_Group_Sustainability_Report.pdf,12 | 12.0 | 56,"1 PACCAR SASB-ESG Report 2024 SASB Standards Disclosure Table Industrial Machinery & Goods Sustainability Accounting Standard Version 2023-12 Topic Metric Disclosure Energy Management See TCFD-CDP Report: C8.2a Total energy consumed 975,978"
P1,R4_TECHNOLOGY_PATH_AXIS,technology_path_axis,r454_sompoholdings,SOMPO HOLDINGS,损保控股有限公司,454,1,assets/data/world500/workbench/world500_technology_company_evidence_backfill_queue.csv,company_specific_technology_evidence_backfill,P0_backfill_company_specific_technology_evidence,disclosure_keyword_signal_not_project_cost_or_verified_abatement,"Technology-company relationships need company-specific project, timeline, cost/investment, or abatement evidence before being treated as validated technology-path evidence.",把关键词信号升级到公司级项目证据，补时间节点和成本/投资证据边界。,"Backfill company-specific project evidence, timeline milestone, cost/investment, or abatement evidence before treating the company-technology edge as validated.",2024-saudi-aramco-sustainability-report-full-en.pdf,13 | 19 | 68,
P1,R4_TECHNOLOGY_PATH_AXIS,technology_path_axis,r468_netflix公司,Netflix,Netflix,468,1,assets/data/world500/workbench/world500_technology_company_evidence_backfill_queue.csv,company_specific_technology_evidence_backfill,P0_backfill_company_specific_technology_evidence,disclosure_keyword_signal_not_project_cost_or_verified_abatement,"Technology-company relationships need company-specific project, timeline, cost/investment, or abatement evidence before being treated as validated technology-path evidence.",把关键词信号升级到公司级项目证据，补时间节点和成本/投资证据边界。,"Backfill company-specific project evidence, timeline milestone, cost/investment, or abatement evidence before treating the company-technology edge as validated.",Apple_Environmental_Progress_Report_2025.pdf,100 | 104,
P1,R4_TECHNOLOGY_PATH_AXIS,technology_path_axis,r478_siemensenergy,SIEMENS ENERGY,西门子能源,478,1,assets/data/world500/workbench/world500_technology_company_evidence_backfill_queue.csv,company_specific_technology_evidence_backfill,P0_backfill_company_specific_technology_evidence,disclosure_keyword_signal_not_project_cost_or_verified_abatement,"Technology-company relationships need company-specific project, timeline, cost/investment, or abatement evidence before being treated as validated technology-path evidence.",把关键词信号升级到公司级项目证据，补时间节点和成本/投资证据边界。,"Backfill company-specific project evidence, timeline milestone, cost/investment, or abatement evidence before treating the company-technology edge as validated.",Apple_Environmental_Progress_Report_2025.pdf,100 | 104,
P1,R4_TECHNOLOGY_PATH_AXIS,technology_path_axis,r486_linde,LINDE,林德集团,486,1,assets/data/world500/workbench/world500_technology_cost_validation_queue.csv,project_cost_signal_validation,P1_validate_project_cost_signal,disclosure_keyword_signal_not_project_cost_or_verified_abatement,"Technology-company relationships need company-specific project, timeline, cost/investment, or abatement evidence before being treated as validated technology-path evidence.",把关键词信号升级到公司级项目证据，补时间节点和成本/投资证据边界。,"Backfill company-specific project evidence, timeline milestone, cost/investment, or abatement evidence before treating the company-technology edge as validated.",2023_Volkswagen_Group_Sustainability_Report.pdf | totalenergies_sustainability-climate-2025-progress-report_2025_en.pdf,56 | 56.0 | 18,"(green) hydrogen projects. 2035: In 2028, the target horizon for our 10-year managed climate objectives ends. Recognizing the importance of climate change, in 2021, Linde developed a mid-term vision for 2035 and set our 2035 Science Based T"
P1,R4_TECHNOLOGY_PATH_AXIS,technology_path_axis,r498_瑞士abb集团,ABB,瑞士ABB,498,1,assets/data/world500/workbench/world500_technology_cost_validation_queue.csv,project_cost_signal_validation,P1_validate_project_cost_signal,disclosure_keyword_signal_not_project_cost_or_verified_abatement,"Technology-company relationships need company-specific project, timeline, cost/investment, or abatement evidence before being treated as validated technology-path evidence.",把关键词信号升级到公司级项目证据，补时间节点和成本/投资证据边界。,"Backfill company-specific project evidence, timeline milestone, cost/investment, or abatement evidence before treating the company-technology edge as validated.",Apple_Environmental_Progress_Report_2025.pdf | shell-annual-report-2024.pdf,86 | 86.0 | 103,"34 ABB SUSTAINABILITY STATEMENT 2024 OVERVIEW OF SCOPE 1, 2 AND 3 GHG EMISSIONS (kt CO2e) 2024 2023 Gross scope 1 GHG emissions, of which Use of fuels 67 70 Coolants 4 4 SF6 8 9 Transport by own fleet 40 44 Emissions from biofuels - - Total"
P1,R5_PRIMARY_SECONDARY_BUBBLE,primary_secondary_bubble,r004_saudiaramco,SAUDI ARAMCO,沙特阿美公司,4,2,assets/data/world500/workbench/world500_primary_secondary_unknown_share_review_queue.csv | assets/data/world500/workbench/world500_primary_secondary_calculation_weight_validation_queue.csv,high_unknown_source_share | calculation_weight_validation,P1_reduce_unknown_source_share,source_mix_ratio_from_method_rows_not_audited_calculation_weight,Primary-data ratios must distinguish explicit reported calculation weights from method-row source-mix inference.,把来源结构比例与真实计算权重区分开，优先补原文明示 primary data 百分比。,Separate explicit reported primary-data calculation weights from source-mix inference before using the ratio as a data-quality conclusion.,2024-saudi-aramco-sustainability-report-full-en.pdf,13 | 16,
P1,R5_PRIMARY_SECONDARY_BUBBLE,primary_secondary_bubble,r007_apple,APPLE,苹果公司,7,2,assets/data/world500/workbench/world500_primary_secondary_unknown_share_review_queue.csv | assets/data/world500/workbench/world500_primary_secondary_calculation_weight_validation_queue.csv,high_unknown_source_share | calculation_weight_validation,P1_reduce_unknown_source_share,source_mix_ratio_from_method_rows_not_audited_calculation_weight,Primary-data ratios must distinguish explicit reported calculation weights from method-row source-mix inference.,把来源结构比例与真实计算权重区分开，优先补原文明示 primary data 百分比。,Separate explicit reported primary-data calculation weights from source-mix inference before using the ratio as a data-quality conclusion.,Apple_Environmental_Progress_Report_2025.pdf,107,
P1,R5_PRIMARY_SECONDARY_BUBBLE,primary_secondary_bubble,r008_unitedhealthgroup,UNITEDHEALTH GROUP,联合健康集团,8,2,assets/data/world500/workbench/world500_primary_secondary_unknown_share_review_queue.csv | assets/data/world500/workbench/world500_primary_secondary_calculation_weight_validation_queue.csv,high_unknown_source_share | calculation_weight_validation,P1_reduce_unknown_source_share,source_mix_ratio_from_method_rows_not_audited_calculation_weight,Primary-data ratios must distinguish explicit reported calculation weights from method-row source-mix inference.,把来源结构比例与真实计算权重区分开，优先补原文明示 primary data 百分比。,Separate explicit reported primary-data calculation weights from source-mix inference before using the ratio as a data-quality conclusion.,UNITEDHEALTH GROUP—2024-sustainability-report.pdf,70,
P1,R5_PRIMARY_SECONDARY_BUBBLE,primary_secondary_bubble,r010_cvshealth公司,CVS Health,CVS Health,10,2,assets/data/world500/workbench/world500_primary_secondary_unknown_share_review_queue.csv | assets/data/world500/workbench/world500_primary_secondary_calculation_weight_validation_queue.csv,high_unknown_source_share | calculation_weight_validation,P1_reduce_unknown_source_share,source_mix_ratio_from_method_rows_not_audited_calculation_weight,Primary-data ratios must distinguish explicit reported calculation weights from method-row source-mix inference.,把来源结构比例与真实计算权重区分开，优先补原文明示 primary data 百分比。,Separate explicit reported primary-data calculation weights from source-mix inference before using the ratio as a data-quality conclusion.,CVS Health-2024-Impact-Report-Appendix.pdf,83,
P1,R5_PRIMARY_SECONDARY_BUBBLE,primary_secondary_bubble,r011_volkswagen,VOLKSWAGEN,大众公司,11,2,assets/data/world500/workbench/world500_primary_secondary_unknown_share_review_queue.csv | assets/data/world500/workbench/world500_primary_secondary_calculation_weight_validation_queue.csv,high_unknown_source_share | calculation_weight_validation,P1_reduce_unknown_source_share,source_mix_ratio_from_method_rows_not_audited_calculation_weight,Primary-data ratios must distinguish explicit reported calculation weights from method-row source-mix inference.,把来源结构比例与真实计算权重区分开，优先补原文明示 primary data 百分比。,Separate explicit reported primary-data calculation weights from source-mix inference before using the ratio as a data-quality conclusion.,2023_Volkswagen_Group_Sustainability_Report.pdf,67,
P1,R5_PRIMARY_SECONDARY_BUBBLE,primary_secondary_bubble,r013_shell,SHELL,壳牌公司,13,2,assets/data/world500/workbench/world500_primary_secondary_unknown_share_review_queue.csv | assets/data/world500/workbench/world500_primary_secondary_calculation_weight_validation_queue.csv,high_unknown_source_share | calculation_weight_validation,P1_reduce_unknown_source_share,source_mix_ratio_from_method_rows_not_audited_calculation_weight,Primary-data ratios must distinguish explicit reported calculation weights from method-row source-mix inference.,把来源结构比例与真实计算权重区分开，优先补原文明示 primary data 百分比。,Separate explicit reported primary-data calculation weights from source-mix inference before using the ratio as a data-quality conclusion.,shell-annual-report-2024.pdf,357 | 375,
P1,R5_PRIMARY_SECONDARY_BUBBLE,primary_secondary_bubble,r016_mckesson,MCKESSON,麦克森公司,16,2,assets/data/world500/workbench/world500_primary_secondary_unknown_share_review_queue.csv | assets/data/world500/workbench/world500_primary_secondary_calculation_weight_validation_queue.csv,high_unknown_source_share | calculation_weight_validation,P1_reduce_unknown_source_share,source_mix_ratio_from_method_rows_not_audited_calculation_weight,Primary-data ratios must distinguish explicit reported calculation weights from method-row source-mix inference.,把来源结构比例与真实计算权重区分开，优先补原文明示 primary data 百分比。,Separate explicit reported primary-data calculation weights from source-mix inference before using the ratio as a data-quality conclusion.,McKesson Impact Report 2024.pdf,62,
P1,R5_PRIMARY_SECONDARY_BUBBLE,primary_secondary_bubble,r017_alphabet公司,Alphabet,Alphabet,17,2,assets/data/world500/workbench/world500_primary_secondary_unknown_share_review_queue.csv | assets/data/world500/workbench/world500_primary_secondary_calculation_weight_validation_queue.csv,high_unknown_source_share | calculation_weight_validation,P1_reduce_unknown_source_share,source_mix_ratio_from_method_rows_not_audited_calculation_weight,Primary-data ratios must distinguish explicit reported calculation weights from method-row source-mix inference.,把来源结构比例与真实计算权重区分开，优先补原文明示 primary data 百分比。,Separate explicit reported primary-data calculation weights from source-mix inference before using the ratio as a data-quality conclusion.,google-2025-environmental-report.pdf,112,
P1,R5_PRIMARY_SECONDARY_BUBBLE,primary_secondary_bubble,r023_totalenergies,TOTALENERGIES,道达尔能源公司,23,2,assets/data/world500/workbench/world500_primary_secondary_unknown_share_review_queue.csv | assets/data/world500/workbench/world500_primary_secondary_calculation_weight_validation_queue.csv,high_unknown_source_share | calculation_weight_validation,P1_reduce_unknown_source_share,source_mix_ratio_from_method_rows_not_audited_calculation_weight,Primary-data ratios must distinguish explicit reported calculation weights from method-row source-mix inference.,把来源结构比例与真实计算权重区分开，优先补原文明示 primary data 百分比。,Separate explicit reported primary-data calculation weights from source-mix inference before using the ratio as a data-quality conclusion.,totalenergies_sustainability-climate-2025-progress-report_2025_en.pdf,103,
P1,R5_PRIMARY_SECONDARY_BUBBLE,primary_secondary_bubble,r026_microsoft,MICROSOFT,微软,26,2,assets/data/world500/workbench/world500_primary_secondary_unknown_share_review_queue.csv | assets/data/world500/workbench/world500_primary_secondary_calculation_weight_validation_queue.csv,high_unknown_source_share | calculation_weight_validation,P1_reduce_unknown_source_share,explicit_reported_primary_percentage_pending_weight_validation,Primary-data ratios must distinguish explicit reported calculation weights from method-row source-mix inference.,把来源结构比例与真实计算权重区分开，优先补原文明示 primary data 百分比。,Separate explicit reported primary-data calculation weights from source-mix inference before using the ratio as a data-quality conclusion.,2025-Microsoft-Environmental-Sustainability-Report-PDF.pdf,24 | 23,
P1,R5_PRIMARY_SECONDARY_BUBBLE,primary_secondary_bubble,r027_cardinalhealth,CARDINAL HEALTH,嘉德诺健康集团,27,2,assets/data/world500/workbench/world500_primary_secondary_unknown_share_review_queue.csv | assets/data/world500/workbench/world500_primary_secondary_calculation_weight_validation_queue.csv,high_unknown_source_share | calculation_weight_validation,P1_reduce_unknown_source_share,source_mix_ratio_from_method_rows_not_audited_calculation_weight,Primary-data ratios must distinguish explicit reported calculation weights from method-row source-mix inference.,把来源结构比例与真实计算权重区分开，优先补原文明示 primary data 百分比。,Separate explicit reported primary-data calculation weights from source-mix inference before using the ratio as a data-quality conclusion.,cardinal-health-fy24-ESG-report.pdf,105,
P1,R5_PRIMARY_SECONDARY_BUBBLE,primary_secondary_bubble,r036_fordmotor,FORD MOTOR,福特汽车公司,36,2,assets/data/world500/workbench/world500_primary_secondary_unknown_share_review_queue.csv | assets/data/world500/workbench/world500_primary_secondary_calculation_weight_validation_queue.csv,high_unknown_source_share | calculation_weight_validation,P1_reduce_unknown_source_share,explicit_reported_primary_percentage_pending_weight_validation,Primary-data ratios must distinguish explicit reported calculation weights from method-row source-mix inference.,把来源结构比例与真实计算权重区分开，优先补原文明示 primary data 百分比。,Separate explicit reported primary-data calculation weights from source-mix inference before using the ratio as a data-quality conclusion.,2025-integrated-sustainability-and-financial-report-FORD MOTOR.pdf,193 | 13 | 14,
P1,R5_PRIMARY_SECONDARY_BUBBLE,primary_secondary_bubble,r038_bankofamerica,BANK OF AMERICA,美国银行,38,2,assets/data/world500/workbench/world500_primary_secondary_unknown_share_review_queue.csv | assets/data/world500/workbench/world500_primary_secondary_calculation_weight_validation_queue.csv,high_unknown_source_share | calculation_weight_validation,P1_reduce_unknown_source_share,source_mix_ratio_from_method_rows_not_audited_calculation_weight,Primary-data ratios must distinguish explicit reported calculation weights from method-row source-mix inference.,把来源结构比例与真实计算权重区分开，优先补原文明示 primary data 百分比。,Separate explicit reported primary-data calculation weights from source-mix inference before using the ratio as a data-quality conclusion.,BankOfAmerica_Sustainability_2024_Report.pdf,123 | 19,
P1,R5_PRIMARY_SECONDARY_BUBBLE,primary_secondary_bubble,r039_generalmotors,GENERAL MOTORS,通用汽车公司,39,2,assets/data/world500/workbench/world500_primary_secondary_unknown_share_review_queue.csv | assets/data/world500/workbench/world500_primary_secondary_calculation_weight_validation_queue.csv,high_unknown_source_share | calculation_weight_validation,P1_reduce_unknown_source_share,source_mix_ratio_from_method_rows_not_audited_calculation_weight,Primary-data ratios must distinguish explicit reported calculation weights from method-row source-mix inference.,把来源结构比例与真实计算权重区分开，优先补原文明示 primary data 百分比。,Separate explicit reported primary-data calculation weights from source-mix inference before using the ratio as a data-quality conclusion.,GM_2023_SR.pdf,11,
P1,R5_PRIMARY_SECONDARY_BUBBLE,primary_secondary_bubble,r049_electricitédefrance,ELECTRICITÉ DE FRANCE,法国电力公司,49,2,assets/data/world500/workbench/world500_primary_secondary_unknown_share_review_queue.csv | assets/data/world500/workbench/world500_primary_secondary_calculation_weight_validation_queue.csv,high_unknown_source_share | calculation_weight_validation,P1_reduce_unknown_source_share,source_mix_ratio_from_method_rows_not_audited_calculation_weight,Primary-data ratios must distinguish explicit reported calculation weights from method-row source-mix inference.,把来源结构比例与真实计算权重区分开，优先补原文明示 primary data 百分比。,Separate explicit reported primary-data calculation weights from source-mix inference before using the ratio as a data-quality conclusion.,edf-urd-annual-financial-report-2024-en-accessible.pdf,205,
P1,R5_PRIMARY_SECONDARY_BUBBLE,primary_secondary_bubble,r053_pinganinsurance,PING AN INSURANCE,中国平安保险（集团）股份有限公司,53,2,assets/data/world500/workbench/world500_primary_secondary_unknown_share_review_queue.csv | assets/data/world500/workbench/world500_primary_secondary_calculation_weight_validation_queue.csv,high_unknown_source_share | calculation_weight_validation,P1_reduce_unknown_source_share,source_mix_ratio_from_method_rows_not_audited_calculation_weight,Primary-data ratios must distinguish explicit reported calculation weights from method-row source-mix inference.,把来源结构比例与真实计算权重区分开，优先补原文明示 primary data 百分比。,Separate explicit reported primary-data calculation weights from source-mix inference before using the ratio as a data-quality conclusion.,2024中国平安可持续报告.pdf,171,
P1,R5_PRIMARY_SECONDARY_BUBBLE,primary_secondary_bubble,r057_hondamotor,HONDA MOTOR,本田汽车,57,2,assets/data/world500/workbench/world500_primary_secondary_unknown_share_review_queue.csv | assets/data/world500/workbench/world500_primary_secondary_calculation_weight_validation_queue.csv,high_unknown_source_share | calculation_weight_validation,P1_reduce_unknown_source_share,source_mix_ratio_from_method_rows_not_audited_calculation_weight,Primary-data ratios must distinguish explicit reported calculation weights from method-row source-mix inference.,把来源结构比例与真实计算权重区分开，优先补原文明示 primary data 百分比。,Separate explicit reported primary-data calculation weights from source-mix inference before using the ratio as a data-quality conclusion.,honda-SR-2025-en-all.pdf,35,
P1,R5_PRIMARY_SECONDARY_BUBBLE,primary_secondary_bubble,r061_valeroenergy,VALERO ENERGY,瓦莱罗能源公司,61,2,assets/data/world500/workbench/world500_primary_secondary_unknown_share_review_queue.csv | assets/data/world500/workbench/world500_primary_secondary_calculation_weight_validation_queue.csv,high_unknown_source_share | calculation_weight_validation,P1_reduce_unknown_source_share,source_mix_ratio_from_method_rows_not_audited_calculation_weight,Primary-data ratios must distinguish explicit reported calculation weights from method-row source-mix inference.,把来源结构比例与真实计算权重区分开，优先补原文明示 primary data 百分比。,Separate explicit reported primary-data calculation weights from source-mix inference before using the ratio as a data-quality conclusion.,VALERO ENERGY-2024 ESG Report 0823 FINAL pages.pdf,21 | 77,
P1,R5_PRIMARY_SECONDARY_BUBBLE,primary_secondary_bubble,r065_mitsubishi,MITSUBISHI,三菱商事株式会社,65,2,assets/data/world500/workbench/world500_primary_secondary_unknown_share_review_queue.csv | assets/data/world500/workbench/world500_primary_secondary_calculation_weight_validation_queue.csv,high_unknown_source_share | calculation_weight_validation,P1_reduce_unknown_source_share,source_mix_ratio_from_method_rows_not_audited_calculation_weight,Primary-data ratios must distinguish explicit reported calculation weights from method-row source-mix inference.,把来源结构比例与真实计算权重区分开，优先补原文明示 primary data 百分比。,Separate explicit reported primary-data calculation weights from source-mix inference before using the ratio as a data-quality conclusion.,MITSUBISHI-ESG-2024.pdf,66,
P1,R5_PRIMARY_SECONDARY_BUBBLE,primary_secondary_bubble,r066_metaplatforms公司,Meta Platforms,Meta Platforms,66,2,assets/data/world500/workbench/world500_primary_secondary_unknown_share_review_queue.csv | assets/data/world500/workbench/world500_primary_secondary_calculation_weight_validation_queue.csv,high_unknown_source_share | calculation_weight_validation,P1_reduce_unknown_source_share,source_mix_ratio_from_method_rows_not_audited_calculation_weight,Primary-data ratios must distinguish explicit reported calculation weights from method-row source-mix inference.,把来源结构比例与真实计算权重区分开，优先补原文明示 primary data 百分比。,Separate explicit reported primary-data calculation weights from source-mix inference before using the ratio as a data-quality conclusion.,Meta-2024-Sustainability-Report.pdf,89,
P1,R5_PRIMARY_SECONDARY_BUBBLE,primary_secondary_bubble,r067_hsbcholdings,HSBC HOLDINGS,汇丰银行控股公司,67,2,assets/data/world500/workbench/world500_primary_secondary_unknown_share_review_queue.csv | assets/data/world500/workbench/world500_primary_secondary_calculation_weight_validation_queue.csv,high_unknown_source_share | calculation_weight_validation,P1_reduce_unknown_source_share,source_mix_ratio_from_method_rows_not_audited_calculation_weight,Primary-data ratios must distinguish explicit reported calculation weights from method-row source-mix inference.,把来源结构比例与真实计算权重区分开，优先补原文明示 primary data 百分比。,Separate explicit reported primary-data calculation weights from source-mix inference before using the ratio as a data-quality conclusion.,HSBC HOLDINGS-250219-annual-report-and-accounts-2024.pdf,56 | 58,
P1,R5_PRIMARY_SECONDARY_BUBBLE,primary_secondary_bubble,r073_hyundaimotor,HYUNDAI MOTOR,现代汽车,73,2,assets/data/world500/workbench/world500_primary_secondary_unknown_share_review_queue.csv | assets/data/world500/workbench/world500_primary_secondary_calculation_weight_validation_queue.csv,high_unknown_source_share | calculation_weight_validation,P1_reduce_unknown_source_share,source_mix_ratio_from_method_rows_not_audited_calculation_weight,Primary-data ratios must distinguish explicit reported calculation weights from method-row source-mix inference.,把来源结构比例与真实计算权重区分开，优先补原文明示 primary data 百分比。,Separate explicit reported primary-data calculation weights from source-mix inference before using the ratio as a data-quality conclusion.,HYUNDAI MOTOR-hmc-2025-sustainability-report-en-v13.pdf,39 | 40,
P1,R5_PRIMARY_SECONDARY_BUBBLE,primary_secondary_bubble,r077_deutschetelekom,DEUTSCHE TELEKOM,德国电信,77,2,assets/data/world500/workbench/world500_primary_secondary_unknown_share_review_queue.csv | assets/data/world500/workbench/world500_primary_secondary_calculation_weight_validation_queue.csv,high_unknown_source_share | calculation_weight_validation,P1_reduce_unknown_source_share,source_mix_ratio_from_method_rows_not_audited_calculation_weight,Primary-data ratios must distinguish explicit reported calculation weights from method-row source-mix inference.,把来源结构比例与真实计算权重区分开，优先补原文明示 primary data 百分比。,Separate explicit reported primary-data calculation weights from source-mix inference before using the ratio as a data-quality conclusion.,DEUTSCHE TELEKOM-cr_en_2022_dt_final.pdf,100,
P1,R5_PRIMARY_SECONDARY_BUBBLE,primary_secondary_bubble,r082_allianz,ALLIANZ,安联保险集团,82,2,assets/data/world500/workbench/world500_primary_secondary_unknown_share_review_queue.csv | assets/data/world500/workbench/world500_primary_secondary_calculation_weight_validation_queue.csv,high_unknown_source_share | calculation_weight_validation,P1_reduce_unknown_source_share,explicit_reported_primary_percentage_pending_weight_validation,Primary-data ratios must distinguish explicit reported calculation weights from method-row source-mix inference.,把来源结构比例与真实计算权重区分开，优先补原文明示 primary data 百分比。,Separate explicit reported primary-data calculation weights from source-mix inference before using the ratio as a data-quality conclusion.,en-allianz-group-annual-report-2024.pdf,102,
P1,R5_PRIMARY_SECONDARY_BUBBLE,primary_secondary_bubble,r089_rosneftoil,ROSNEFT OIL,俄罗斯石油公司,89,2,assets/data/world500/workbench/world500_primary_secondary_unknown_share_review_queue.csv | assets/data/world500/workbench/world500_primary_secondary_calculation_weight_validation_queue.csv,high_unknown_source_share | calculation_weight_validation,P1_reduce_unknown_source_share,source_mix_ratio_from_method_rows_not_audited_calculation_weight,Primary-data ratios must distinguish explicit reported calculation weights from method-row source-mix inference.,把来源结构比例与真实计算权重区分开，优先补原文明示 primary data 百分比。,Separate explicit reported primary-data calculation weights from source-mix inference before using the ratio as a data-quality conclusion.,ROSNEFT OIL-Rosneft_SR2024_ENG.pdf,63,
P1,R5_PRIMARY_SECONDARY_BUBBLE,primary_secondary_bubble,r091_equinor公司,Equinor,Equinor,91,2,assets/data/world500/workbench/world500_primary_secondary_unknown_share_review_queue.csv | assets/data/world500/workbench/world500_primary_secondary_calculation_weight_validation_queue.csv,high_unknown_source_share | calculation_weight_validation,P1_reduce_unknown_source_share,explicit_reported_primary_percentage_pending_weight_validation,Primary-data ratios must distinguish explicit reported calculation weights from method-row source-mix inference.,把来源结构比例与真实计算权重区分开，优先补原文明示 primary data 百分比。,Separate explicit reported primary-data calculation weights from source-mix inference before using the ratio as a data-quality conclusion.,annual-report-2024-equinor.pdf,120 | 119,
P1,R5_PRIMARY_SECONDARY_BUBBLE,primary_secondary_bubble,r096_nestlé,NESTLÉ,雀巢公司,96,2,assets/data/world500/workbench/world500_primary_secondary_unknown_share_review_queue.csv | assets/data/world500/workbench/world500_primary_secondary_calculation_weight_validation_queue.csv,high_unknown_source_share | calculation_weight_validation,P1_reduce_unknown_source_share,source_mix_ratio_from_method_rows_not_audited_calculation_weight,Primary-data ratios must distinguish explicit reported calculation weights from method-row source-mix inference.,把来源结构比例与真实计算权重区分开，优先补原文明示 primary data 百分比。,Separate explicit reported primary-data calculation weights from source-mix inference before using the ratio as a data-quality conclusion.,NESTLÉ-non-financial-statement-2024.pdf,110,
P1,R5_PRIMARY_SECONDARY_BUBBLE,primary_secondary_bubble,r097_enel,ENEL,意大利国家电力公司,97,2,assets/data/world500/workbench/world500_primary_secondary_unknown_share_review_queue.csv | assets/data/world500/workbench/world500_primary_secondary_calculation_weight_validation_queue.csv,high_unknown_source_share | calculation_weight_validation,P1_reduce_unknown_source_share,explicit_reported_primary_percentage_pending_weight_validation,Primary-data ratios must distinguish explicit reported calculation weights from method-row source-mix inference.,把来源结构比例与真实计算权重区分开，优先补原文明示 primary data 百分比。,Separate explicit reported primary-data calculation weights from source-mix inference before using the ratio as a data-quality conclusion.,ENEL-integrated-annual-report_2024.pdf,147 | 142,
P1,R5_PRIMARY_SECONDARY_BUBBLE,primary_secondary_bubble,r098_eni,ENI,埃尼石油公司,98,2,assets/data/world500/workbench/world500_primary_secondary_unknown_share_review_queue.csv | assets/data/world500/workbench/world500_primary_secondary_calculation_weight_validation_queue.csv,high_unknown_source_share | calculation_weight_validation,P1_reduce_unknown_source_share,source_mix_ratio_from_method_rows_not_audited_calculation_weight,Primary-data ratios must distinguish explicit reported calculation weights from method-row source-mix inference.,把来源结构比例与真实计算权重区分开，优先补原文明示 primary data 百分比。,Separate explicit reported primary-data calculation weights from source-mix inference before using the ratio as a data-quality conclusion.,ENI-Annual-Report-2024.pdf,165,
P1,R5_PRIMARY_SECONDARY_BUBBLE,primary_secondary_bubble,r101_eon,E.ON,意昂集团,101,2,assets/data/world500/workbench/world500_primary_secondary_unknown_share_review_queue.csv | assets/data/world500/workbench/world500_primary_secondary_calculation_weight_validation_queue.csv,high_unknown_source_share | calculation_weight_validation,P1_reduce_unknown_source_share,source_mix_ratio_from_method_rows_not_audited_calculation_weight,Primary-data ratios must distinguish explicit reported calculation weights from method-row source-mix inference.,把来源结构比例与真实计算权重区分开，优先补原文明示 primary data 百分比。,Separate explicit reported primary-data calculation weights from source-mix inference before using the ratio as a data-quality conclusion.,E.ON-GB24-gesamt-EN_final.pdf,42,
P1,R5_PRIMARY_SECONDARY_BUBBLE,primary_secondary_bubble,r107_itochu,ITOCHU,日本伊藤忠商事株式会社,107,2,assets/data/world500/workbench/world500_primary_secondary_unknown_share_review_queue.csv | assets/data/world500/workbench/world500_primary_secondary_calculation_weight_validation_queue.csv,high_unknown_source_share | calculation_weight_validation,P1_reduce_unknown_source_share,source_mix_ratio_from_method_rows_not_audited_calculation_weight,Primary-data ratios must distinguish explicit reported calculation weights from method-row source-mix inference.,把来源结构比例与真实计算权重区分开，优先补原文明示 primary data 百分比。,Separate explicit reported primary-data calculation weights from source-mix inference before using the ratio as a data-quality conclusion.,ITOCHU-ESG report 2024.pdf,109 | 110,
P1,R5_PRIMARY_SECONDARY_BUBBLE,primary_secondary_bubble,r111_morganstanley,MORGAN STANLEY,摩根士丹利,111,2,assets/data/world500/workbench/world500_primary_secondary_unknown_share_review_queue.csv | assets/data/world500/workbench/world500_primary_secondary_calculation_weight_validation_queue.csv,high_unknown_source_share | calculation_weight_validation,P1_reduce_unknown_source_share,source_mix_ratio_from_method_rows_not_audited_calculation_weight,Primary-data ratios must distinguish explicit reported calculation weights from method-row source-mix inference.,把来源结构比例与真实计算权重区分开，优先补原文明示 primary data 百分比。,Separate explicit reported primary-data calculation weights from source-mix inference before using the ratio as a data-quality conclusion.,Morgan_Stanley_2023_ESG_Report.pdf,85,
P1,R5_PRIMARY_SECONDARY_BUBBLE,primary_secondary_bubble,r114_royalaholddelhaize,ROYAL AHOLD DELHAIZE,皇家阿霍德德尔海兹集团,114,2,assets/data/world500/workbench/world500_primary_secondary_unknown_share_review_queue.csv | assets/data/world500/workbench/world500_primary_secondary_calculation_weight_validation_queue.csv,high_unknown_source_share | calculation_weight_validation,P1_reduce_unknown_source_share,source_mix_ratio_from_method_rows_not_audited_calculation_weight,Primary-data ratios must distinguish explicit reported calculation weights from method-row source-mix inference.,把来源结构比例与真实计算权重区分开，优先补原文明示 primary data 百分比。,Separate explicit reported primary-data calculation weights from source-mix inference before using the ratio as a data-quality conclusion.,Ahold_Delhaize_Annual_Report_2024.pdf,175 | 181 | 182,
P1,R5_PRIMARY_SECONDARY_BUBBLE,primary_secondary_bubble,r116_indianoil,INDIAN OIL,印度石油公司,116,2,assets/data/world500/workbench/world500_primary_secondary_unknown_share_review_queue.csv | assets/data/world500/workbench/world500_primary_secondary_calculation_weight_validation_queue.csv,high_unknown_source_share | calculation_weight_validation,P1_reduce_unknown_source_share,source_mix_ratio_from_method_rows_not_audited_calculation_weight,Primary-data ratios must distinguish explicit reported calculation weights from method-row source-mix inference.,把来源结构比例与真实计算权重区分开，优先补原文明示 primary data 百分比。,Separate explicit reported primary-data calculation weights from source-mix inference before using the ratio as a data-quality conclusion.,INDIAN OIL-IOCL-Sustainability-Report-2023-24.pdf,121 | 122 | 143,
P1,R5_PRIMARY_SECONDARY_BUBBLE,primary_secondary_bubble,r119_christiandior,CHRISTIAN DIOR,迪奥公司,119,2,assets/data/world500/workbench/world500_primary_secondary_unknown_share_review_queue.csv | assets/data/world500/workbench/world500_primary_secondary_calculation_weight_validation_queue.csv,high_unknown_source_share | calculation_weight_validation,P1_reduce_unknown_source_share,source_mix_ratio_from_method_rows_not_audited_calculation_weight,Primary-data ratios must distinguish explicit reported calculation weights from method-row source-mix inference.,把来源结构比例与真实计算权重区分开，优先补原文明示 primary data 百分比。,Separate explicit reported primary-data calculation weights from source-mix inference before using the ratio as a data-quality conclusion.,ChristianDior_2024_Annual_Report.pdf,103,
P1,R5_PRIMARY_SECONDARY_BUBBLE,primary_secondary_bubble,r121_mitsui,MITSUI,三井物产株式会社,121,2,assets/data/world500/workbench/world500_primary_secondary_unknown_share_review_queue.csv | assets/data/world500/workbench/world500_primary_secondary_calculation_weight_validation_queue.csv,high_unknown_source_share | calculation_weight_validation,P1_reduce_unknown_source_share,source_mix_ratio_from_method_rows_not_audited_calculation_weight,Primary-data ratios must distinguish explicit reported calculation weights from method-row source-mix inference.,把来源结构比例与真实计算权重区分开，优先补原文明示 primary data 百分比。,Separate explicit reported primary-data calculation weights from source-mix inference before using the ratio as a data-quality conclusion.,SUMITOMO MITSUI FINANCIAL GROUP sustainability_report_e_2025.pdf,126 | 127,
P1,R5_PRIMARY_SECONDARY_BUBBLE,primary_secondary_bubble,r124_unitedparcelservice,UNITED PARCEL SERVICE,联合包裹速递服务公司,124,2,assets/data/world500/workbench/world500_primary_secondary_unknown_share_review_queue.csv | assets/data/world500/workbench/world500_primary_secondary_calculation_weight_validation_queue.csv,high_unknown_source_share | calculation_weight_validation,P1_reduce_unknown_source_share,source_mix_ratio_from_method_rows_not_audited_calculation_weight,Primary-data ratios must distinguish explicit reported calculation weights from method-row source-mix inference.,把来源结构比例与真实计算权重区分开，优先补原文明示 primary data 百分比。,Separate explicit reported primary-data calculation weights from source-mix inference before using the ratio as a data-quality conclusion.,2024-UPS-GRI-Report.pdf,5 | 53,
P1,R5_PRIMARY_SECONDARY_BUBBLE,primary_secondary_bubble,r125_ptt,PTT,泰国国家石油有限公司,125,2,assets/data/world500/workbench/world500_primary_secondary_unknown_share_review_queue.csv | assets/data/world500/workbench/world500_primary_secondary_calculation_weight_validation_queue.csv,high_unknown_source_share | calculation_weight_validation,P1_reduce_unknown_source_share,source_mix_ratio_from_method_rows_not_audited_calculation_weight,Primary-data ratios must distinguish explicit reported calculation weights from method-row source-mix inference.,把来源结构比例与真实计算权重区分开，优先补原文明示 primary data 百分比。,Separate explicit reported primary-data calculation weights from source-mix inference before using the ratio as a data-quality conclusion.,PTT One Report ENG 2024.pdf,152,
P1,R5_PRIMARY_SECONDARY_BUBBLE,primary_secondary_bubble,r126_axa,AXA,安盛,126,2,assets/data/world500/workbench/world500_primary_secondary_unknown_share_review_queue.csv | assets/data/world500/workbench/world500_primary_secondary_calculation_weight_validation_queue.csv,high_unknown_source_share | calculation_weight_validation,P1_reduce_unknown_source_share,source_mix_ratio_from_method_rows_not_audited_calculation_weight,Primary-data ratios must distinguish explicit reported calculation weights from method-row source-mix inference.,把来源结构比例与真实计算权重区分开，优先补原文明示 primary data 百分比。,Separate explicit reported primary-data calculation weights from source-mix inference before using the ratio as a data-quality conclusion.,axa_urd2024_accessible_va.pdf,152 | 235,
P1,R5_PRIMARY_SECONDARY_BUBBLE,primary_secondary_bubble,r128_sony,SONY,索尼,128,2,assets/data/world500/workbench/world500_primary_secondary_unknown_share_review_queue.csv | assets/data/world500/workbench/world500_primary_secondary_calculation_weight_validation_queue.csv,high_unknown_source_share | calculation_weight_validation,P1_reduce_unknown_source_share,source_mix_ratio_from_method_rows_not_audited_calculation_weight,Primary-data ratios must distinguish explicit reported calculation weights from method-row source-mix inference.,把来源结构比例与真实计算权重区分开，优先补原文明示 primary data 百分比。,Separate explicit reported primary-data calculation weights from source-mix inference before using the ratio as a data-quality conclusion.,SONY-SustainabilityReport2025_E.pdf,25,
P1,R5_PRIMARY_SECONDARY_BUBBLE,primary_secondary_bubble,r130_engie集团,Engie,Engie,130,2,assets/data/world500/workbench/world500_primary_secondary_unknown_share_review_queue.csv | assets/data/world500/workbench/world500_primary_secondary_calculation_weight_validation_queue.csv,high_unknown_source_share | calculation_weight_validation,P1_reduce_unknown_source_share,source_mix_ratio_from_method_rows_not_audited_calculation_weight,Primary-data ratios must distinguish explicit reported calculation weights from method-row source-mix inference.,把来源结构比例与真实计算权重区分开，优先补原文明示 primary data 百分比。,Separate explicit reported primary-data calculation weights from source-mix inference before using the ratio as a data-quality conclusion.,ENGIE_DEU_2024_US__PDF_MEL_v3.pdf,113 | 120,
P1,R5_PRIMARY_SECONDARY_BUBBLE,primary_secondary_bubble,r132_orlen,ORLEN,波兰国营石油公司,132,2,assets/data/world500/workbench/world500_primary_secondary_unknown_share_review_queue.csv | assets/data/world500/workbench/world500_primary_secondary_calculation_weight_validation_queue.csv,high_unknown_source_share | calculation_weight_validation,P1_reduce_unknown_source_share,explicit_reported_primary_percentage_pending_weight_validation,Primary-data ratios must distinguish explicit reported calculation weights from method-row source-mix inference.,把来源结构比例与真实计算权重区分开，优先补原文明示 primary data 百分比。,Separate explicit reported primary-data calculation weights from source-mix inference before using the ratio as a data-quality conclusion.,Management Board on the Operations of ORLEN Group 2024.pdf.coredownload.pdf,161 | 160,
P1,R5_PRIMARY_SECONDARY_BUBBLE,primary_secondary_bubble,r137_royalbankofcanada,ROYAL BANK OF CANADA,加拿大皇家银行,137,2,assets/data/world500/workbench/world500_primary_secondary_unknown_share_review_queue.csv | assets/data/world500/workbench/world500_primary_secondary_calculation_weight_validation_queue.csv,high_unknown_source_share | calculation_weight_validation,P1_reduce_unknown_source_share,source_mix_ratio_from_method_rows_not_audited_calculation_weight,Primary-data ratios must distinguish explicit reported calculation weights from method-row source-mix inference.,把来源结构比例与真实计算权重区分开，优先补原文明示 primary data 百分比。,Separate explicit reported primary-data calculation weights from source-mix inference before using the ratio as a data-quality conclusion.,ROYAL BANK OF CANADA-RBC-2024-sustainability-report.pdf,118,
P1,R5_PRIMARY_SECONDARY_BUBBLE,primary_secondary_bubble,r139_lowes,LOWE'S,美国劳氏公司,139,2,assets/data/world500/workbench/world500_primary_secondary_unknown_share_review_queue.csv | assets/data/world500/workbench/world500_primary_secondary_calculation_weight_validation_queue.csv,high_unknown_source_share | calculation_weight_validation,P1_reduce_unknown_source_share,source_mix_ratio_from_method_rows_not_audited_calculation_weight,Primary-data ratios must distinguish explicit reported calculation weights from method-row source-mix inference.,把来源结构比例与真实计算权重区分开，优先补原文明示 primary data 百分比。,Separate explicit reported primary-data calculation weights from source-mix inference before using the ratio as a data-quality conclusion.,Lowes_2024_CRR_6.30.25_1_0.pdf,10,
P1,R5_PRIMARY_SECONDARY_BUBBLE,primary_secondary_bubble,r145_siemens,SIEMENS,西门子,145,2,assets/data/world500/workbench/world500_primary_secondary_unknown_share_review_queue.csv | assets/data/world500/workbench/world500_primary_secondary_calculation_weight_validation_queue.csv,high_unknown_source_share | calculation_weight_validation,P1_reduce_unknown_source_share,source_mix_ratio_from_method_rows_not_audited_calculation_weight,Primary-data ratios must distinguish explicit reported calculation weights from method-row source-mix inference.,把来源结构比例与真实计算权重区分开，优先补原文明示 primary data 百分比。,Separate explicit reported primary-data calculation weights from source-mix inference before using the ratio as a data-quality conclusion.,SIEMENS ENERGY-sustainability-report-2024-pdf_Original%20file.pdf,86,
P1,R5_PRIMARY_SECONDARY_BUBBLE,primary_secondary_bubble,r150_wuchanzhongdagroup,WUCHAN ZHONGDA GROUP,物产中大集团股份有限公司,150,2,assets/data/world500/workbench/world500_primary_secondary_unknown_share_review_queue.csv | assets/data/world500/workbench/world500_primary_secondary_calculation_weight_validation_queue.csv,high_unknown_source_share | calculation_weight_validation,P1_reduce_unknown_source_share,source_mix_ratio_from_method_rows_not_audited_calculation_weight,Primary-data ratios must distinguish explicit reported calculation weights from method-row source-mix inference.,把来源结构比例与真实计算权重区分开，优先补原文明示 primary data 百分比。,Separate explicit reported primary-data calculation weights from source-mix inference before using the ratio as a data-quality conclusion.,2024物产中大集团股份有限公司环境、社会及治理报告.pdf,90,
P1,R5_PRIMARY_SECONDARY_BUBBLE,primary_secondary_bubble,r151_sevenandi控股公司,Seven & I Holdings,Seven & I 控股,151,2,assets/data/world500/workbench/world500_primary_secondary_unknown_share_review_queue.csv | assets/data/world500/workbench/world500_primary_secondary_calculation_weight_validation_queue.csv,high_unknown_source_share | calculation_weight_validation,P1_reduce_unknown_source_share,source_mix_ratio_from_method_rows_not_audited_calculation_weight,Primary-data ratios must distinguish explicit reported calculation weights from method-row source-mix inference.,把来源结构比例与真实计算权重区分开，优先补原文明示 primary data 百分比。,Separate explicit reported primary-data calculation weights from source-mix inference before using the ratio as a data-quality conclusion.,Seven & I 控股公司-2024_all_01.pdf,300,
P1,R5_PRIMARY_SECONDARY_BUBBLE,primary_secondary_bubble,r162_kia,KIA,起亚公司,162,2,assets/data/world500/workbench/world500_primary_secondary_unknown_share_review_queue.csv | assets/data/world500/workbench/world500_primary_secondary_calculation_weight_validation_queue.csv,high_unknown_source_share | calculation_weight_validation,P1_reduce_unknown_source_share,source_mix_ratio_from_method_rows_not_audited_calculation_weight,Primary-data ratios must distinguish explicit reported calculation weights from method-row source-mix inference.,把来源结构比例与真实计算权重区分开，优先补原文明示 primary data 百分比。,Separate explicit reported primary-data calculation weights from source-mix inference before using the ratio as a data-quality conclusion.,2025 KIA Sustainability Report.pdf,106 | 21 | 35,
P1,R5_PRIMARY_SECONDARY_BUBBLE,primary_secondary_bubble,r164_daiichilifeholdings,DAI-ICHI LIFE HOLDINGS,第一生命控股有限公司,164,2,assets/data/world500/workbench/world500_primary_secondary_unknown_share_review_queue.csv | assets/data/world500/workbench/world500_primary_secondary_calculation_weight_validation_queue.csv,high_unknown_source_share | calculation_weight_validation,P1_reduce_unknown_source_share,source_mix_ratio_from_method_rows_not_audited_calculation_weight,Primary-data ratios must distinguish explicit reported calculation weights from method-row source-mix inference.,把来源结构比例与真实计算权重区分开，优先补原文明示 primary data 百分比。,Separate explicit reported primary-data calculation weights from source-mix inference before using the ratio as a data-quality conclusion.,2024-DAI-ICHI LIFE HOLDINGS-index_001.pdf,236 | 88 | 90,
P1,R5_PRIMARY_SECONDARY_BUBBLE,primary_secondary_bubble,r166_vinci,VINCI,万喜集团,166,2,assets/data/world500/workbench/world500_primary_secondary_unknown_share_review_queue.csv | assets/data/world500/workbench/world500_primary_secondary_calculation_weight_validation_queue.csv,high_unknown_source_share | calculation_weight_validation,P1_reduce_unknown_source_share,source_mix_ratio_from_method_rows_not_audited_calculation_weight,Primary-data ratios must distinguish explicit reported calculation weights from method-row source-mix inference.,把来源结构比例与真实计算权重区分开，优先补原文明示 primary data 百分比。,Separate explicit reported primary-data calculation weights from source-mix inference before using the ratio as a data-quality conclusion.,VINCI-2024_workforce_related_environmental_and_social_information.pdf,30 | 88,
P1,R5_PRIMARY_SECONDARY_BUBBLE,primary_secondary_bubble,r168_torontodominionbank,TORONTO-DOMINION BANK,多伦多道明银行,168,2,assets/data/world500/workbench/world500_primary_secondary_unknown_share_review_queue.csv | assets/data/world500/workbench/world500_primary_secondary_calculation_weight_validation_queue.csv,high_unknown_source_share | calculation_weight_validation,P1_reduce_unknown_source_share,source_mix_ratio_from_method_rows_not_audited_calculation_weight,Primary-data ratios must distinguish explicit reported calculation weights from method-row source-mix inference.,把来源结构比例与真实计算权重区分开，优先补原文明示 primary data 百分比。,Separate explicit reported primary-data calculation weights from source-mix inference before using the ratio as a data-quality conclusion.,2024-TORONTO-DOMINION BANK-sustainability-report-en.pdf,55,
P1,R5_PRIMARY_SECONDARY_BUBBLE,primary_secondary_bubble,r182_ubsgroup,UBS GROUP,瑞银集团,182,2,assets/data/world500/workbench/world500_primary_secondary_unknown_share_review_queue.csv | assets/data/world500/workbench/world500_primary_secondary_calculation_weight_validation_queue.csv,high_unknown_source_share | calculation_weight_validation,P1_reduce_unknown_source_share,source_mix_ratio_from_method_rows_not_audited_calculation_weight,Primary-data ratios must distinguish explicit reported calculation weights from method-row source-mix inference.,把来源结构比例与真实计算权重区分开，优先补原文明示 primary data 百分比。,Separate explicit reported primary-data calculation weights from source-mix inference before using the ratio as a data-quality conclusion.,UBS GROUP-sustainability-report-2024.pdf,125 | 30,
P1,R5_PRIMARY_SECONDARY_BUBBLE,primary_secondary_bubble,r183_airbus,AIRBUS,空中客车公司,183,2,assets/data/world500/workbench/world500_primary_secondary_unknown_share_review_queue.csv | assets/data/world500/workbench/world500_primary_secondary_calculation_weight_validation_queue.csv,high_unknown_source_share | calculation_weight_validation,P1_reduce_unknown_source_share,source_mix_ratio_from_method_rows_not_audited_calculation_weight,Primary-data ratios must distinguish explicit reported calculation weights from method-row source-mix inference.,把来源结构比例与真实计算权重区分开，优先补原文明示 primary data 百分比。,Separate explicit reported primary-data calculation weights from source-mix inference before using the ratio as a data-quality conclusion.,AIRBUS-pm_38_711_711991-us758j55ai.pdf,2 | 5,
P1,R5_PRIMARY_SECONDARY_BUBBLE,primary_secondary_bubble,r185_zhejianggeelyholdinggroup,ZHEJIANG GEELY HOLDING GROUP,浙江吉利控股集团有限公司,185,2,assets/data/world500/workbench/world500_primary_secondary_unknown_share_review_queue.csv | assets/data/world500/workbench/world500_primary_secondary_calculation_weight_validation_queue.csv,high_unknown_source_share | calculation_weight_validation,P1_reduce_unknown_source_share,source_mix_ratio_from_method_rows_not_audited_calculation_weight,Primary-data ratios must distinguish explicit reported calculation weights from method-row source-mix inference.,把来源结构比例与真实计算权重区分开，优先补原文明示 primary data 百分比。,Separate explicit reported primary-data calculation weights from source-mix inference before using the ratio as a data-quality conclusion.,Geely-Holding-Group-Sustainability-Report-2024-ZH.pdf,39,
P1,R5_PRIMARY_SECONDARY_BUBBLE,primary_secondary_bubble,r189_itaúunibancoholding,ITAÚ UNIBANCO HOLDING,伊塔乌联合银行控股公司,189,2,assets/data/world500/workbench/world500_primary_secondary_unknown_share_review_queue.csv | assets/data/world500/workbench/world500_primary_secondary_calculation_weight_validation_queue.csv,high_unknown_source_share | calculation_weight_validation,P1_reduce_unknown_source_share,source_mix_ratio_from_method_rows_not_audited_calculation_weight,Primary-data ratios must distinguish explicit reported calculation weights from method-row source-mix inference.,把来源结构比例与真实计算权重区分开，优先补原文明示 primary data 百分比。,Separate explicit reported primary-data calculation weights from source-mix inference before using the ratio as a data-quality conclusion.,ITAÚ UNIBANCO HOLDING ESG Report 2024.pdf,124,
P1,R5_PRIMARY_SECONDARY_BUBBLE,primary_secondary_bubble,r196_hitachi,HITACHI,日立,196,2,assets/data/world500/workbench/world500_primary_secondary_unknown_share_review_queue.csv | assets/data/world500/workbench/world500_primary_secondary_calculation_weight_validation_queue.csv,high_unknown_source_share | calculation_weight_validation,P1_reduce_unknown_source_share,source_mix_ratio_from_method_rows_not_audited_calculation_weight,Primary-data ratios must distinguish explicit reported calculation weights from method-row source-mix inference.,把来源结构比例与真实计算权重区分开，优先补原文明示 primary data 百分比。,Separate explicit reported primary-data calculation weights from source-mix inference before using the ratio as a data-quality conclusion.,HITACHI_en_sustainability2025.pdf,130 | 51,
P1,R5_PRIMARY_SECONDARY_BUBBLE,primary_secondary_bubble,r197_rochegroup,ROCHE GROUP,瑞士罗氏公司,197,2,assets/data/world500/workbench/world500_primary_secondary_unknown_share_review_queue.csv | assets/data/world500/workbench/world500_primary_secondary_calculation_weight_validation_queue.csv,high_unknown_source_share | calculation_weight_validation,P1_reduce_unknown_source_share,source_mix_ratio_from_method_rows_not_audited_calculation_weight,Primary-data ratios must distinguish explicit reported calculation weights from method-row source-mix inference.,把来源结构比例与真实计算权重区分开，优先补原文明示 primary data 百分比。,Separate explicit reported primary-data calculation weights from source-mix inference before using the ratio as a data-quality conclusion.,Roche_Annual_Report_2024.pdf,107,
P1,R5_PRIMARY_SECONDARY_BUBBLE,primary_secondary_bubble,r200_bancobilbaovizcayaargentaria,BANCO BILBAO VIZCAYA ARGENTARIA,西班牙对外银行,200,2,assets/data/world500/workbench/world500_primary_secondary_unknown_share_review_queue.csv | assets/data/world500/workbench/world500_primary_secondary_calculation_weight_validation_queue.csv,high_unknown_source_share | calculation_weight_validation,P1_reduce_unknown_source_share,source_mix_ratio_from_method_rows_not_audited_calculation_weight,Primary-data ratios must distinguish explicit reported calculation weights from method-row source-mix inference.,把来源结构比例与真实计算权重区分开，优先补原文明示 primary data 百分比。,Separate explicit reported primary-data calculation weights from source-mix inference before using the ratio as a data-quality conclusion.,BBVA_Annual_Report_2024_ENG.pdf,108,
P1,R5_PRIMARY_SECONDARY_BUBBLE,primary_secondary_bubble,r202_metlife,METLIFE,美国大都会集团,202,2,assets/data/world500/workbench/world500_primary_secondary_unknown_share_review_queue.csv | assets/data/world500/workbench/world500_primary_secondary_calculation_weight_validation_queue.csv,high_unknown_source_share | calculation_weight_validation,P1_reduce_unknown_source_share,source_mix_ratio_from_method_rows_not_audited_calculation_weight,Primary-data ratios must distinguish explicit reported calculation weights from method-row source-mix inference.,把来源结构比例与真实计算权重区分开，优先补原文明示 primary data 百分比。,Separate explicit reported primary-data calculation weights from source-mix inference before using the ratio as a data-quality conclusion.,metlife_sustainability_report_2024.pdf,70,
P1,R5_PRIMARY_SECONDARY_BUBBLE,primary_secondary_bubble,r205_deutschebank,DEUTSCHE BANK,德意志银行,205,2,assets/data/world500/workbench/world500_primary_secondary_unknown_share_review_queue.csv | assets/data/world500/workbench/world500_primary_secondary_calculation_weight_validation_queue.csv,high_unknown_source_share | calculation_weight_validation,P1_reduce_unknown_source_share,explicit_reported_primary_percentage_pending_weight_validation,Primary-data ratios must distinguish explicit reported calculation weights from method-row source-mix inference.,把来源结构比例与真实计算权重区分开，优先补原文明示 primary data 百分比。,Separate explicit reported primary-data calculation weights from source-mix inference before using the ratio as a data-quality conclusion.,Deutsche_Bank_Annual_Report_2024.pdf,312 | 303,
P1,R5_PRIMARY_SECONDARY_BUBBLE,primary_secondary_bubble,r206_chinavanke,CHINA VANKE,万科企业股份有限公司,206,2,assets/data/world500/workbench/world500_primary_secondary_unknown_share_review_queue.csv | assets/data/world500/workbench/world500_primary_secondary_calculation_weight_validation_queue.csv,high_unknown_source_share | calculation_weight_validation,P1_reduce_unknown_source_share,source_mix_ratio_from_method_rows_not_audited_calculation_weight,Primary-data ratios must distinguish explicit reported calculation weights from method-row source-mix inference.,把来源结构比例与真实计算权重区分开，优先补原文明示 primary data 百分比。,Separate explicit reported primary-data calculation weights from source-mix inference before using the ratio as a data-quality conclusion.,2024-CHINA VANKE-sustainability-report.pdf,105 | 108,
P1,R5_PRIMARY_SECONDARY_BUBBLE,primary_secondary_bubble,r208_sumitomomitsuifinancialgroup,SUMITOMO MITSUI FINANCIAL GROUP,日本三井住友金融集团,208,2,assets/data/world500/workbench/world500_primary_secondary_unknown_share_review_queue.csv | assets/data/world500/workbench/world500_primary_secondary_calculation_weight_validation_queue.csv,high_unknown_source_share | calculation_weight_validation,P1_reduce_unknown_source_share,source_mix_ratio_from_method_rows_not_audited_calculation_weight,Primary-data ratios must distinguish explicit reported calculation weights from method-row source-mix inference.,把来源结构比例与真实计算权重区分开，优先补原文明示 primary data 百分比。,Separate explicit reported primary-data calculation weights from source-mix inference before using the ratio as a data-quality conclusion.,SUMITOMO MITSUI FINANCIAL GROUP sustainability_report_e_2025.pdf,126 | 127,
P1,R5_PRIMARY_SECONDARY_BUBBLE,primary_secondary_bubble,r209_lg电子,LG Electronics,LG电子,209,2,assets/data/world500/workbench/world500_primary_secondary_unknown_share_review_queue.csv | assets/data/world500/workbench/world500_primary_secondary_calculation_weight_validation_queue.csv,high_unknown_source_share | calculation_weight_validation,P1_reduce_unknown_source_share,source_mix_ratio_from_method_rows_not_audited_calculation_weight,Primary-data ratios must distinguish explicit reported calculation weights from method-row source-mix inference.,把来源结构比例与真实计算权重区分开，优先补原文明示 primary data 百分比。,Separate explicit reported primary-data calculation weights from source-mix inference before using the ratio as a data-quality conclusion.,2024-2025_LGE_Sustainability_Report_English.pdf,25,
P1,R5_PRIMARY_SECONDARY_BUBBLE,primary_secondary_bubble,r212_barclays,BARCLAYS,巴克莱,212,2,assets/data/world500/workbench/world500_primary_secondary_unknown_share_review_queue.csv | assets/data/world500/workbench/world500_primary_secondary_calculation_weight_validation_queue.csv,high_unknown_source_share | calculation_weight_validation,P1_reduce_unknown_source_share,source_mix_ratio_from_method_rows_not_audited_calculation_weight,Primary-data ratios must distinguish explicit reported calculation weights from method-row source-mix inference.,把来源结构比例与真实计算权重区分开，优先补原文明示 primary data 百分比。,Separate explicit reported primary-data calculation weights from source-mix inference before using the ratio as a data-quality conclusion.,BARCLAYS TCFD BBPLC report 2024.pdf,28,
P1,R5_PRIMARY_SECONDARY_BUBBLE,primary_secondary_bubble,r224_zurichinsurancegroup,ZURICH INSURANCE GROUP,苏黎世保险集团,224,2,assets/data/world500/workbench/world500_primary_secondary_unknown_share_review_queue.csv | assets/data/world500/workbench/world500_primary_secondary_calculation_weight_validation_queue.csv,high_unknown_source_share | calculation_weight_validation,P1_reduce_unknown_source_share,source_mix_ratio_from_method_rows_not_audited_calculation_weight,Primary-data ratios must distinguish explicit reported calculation weights from method-row source-mix inference.,把来源结构比例与真实计算权重区分开，优先补原文明示 primary data 百分比。,Separate explicit reported primary-data calculation weights from source-mix inference before using the ratio as a data-quality conclusion.,ZURICH INSURANCE GROUP sustainability-report-2024.pdf,15 | 53,
P1,R5_PRIMARY_SECONDARY_BUBBLE,primary_secondary_bubble,r230_bungeglobal,BUNGE GLOBAL,邦吉公司,230,2,assets/data/world500/workbench/world500_primary_secondary_unknown_share_review_queue.csv | assets/data/world500/workbench/world500_primary_secondary_calculation_weight_validation_queue.csv,high_unknown_source_share | calculation_weight_validation,P1_reduce_unknown_source_share,source_mix_ratio_from_method_rows_not_audited_calculation_weight,Primary-data ratios must distinguish explicit reported calculation weights from method-row source-mix inference.,把来源结构比例与真实计算权重区分开，优先补原文明示 primary data 百分比。,Separate explicit reported primary-data calculation weights from source-mix inference before using the ratio as a data-quality conclusion.,2025-Bunge-Global-Sustainability-Report.pdf,33,
P1,R5_PRIMARY_SECONDARY_BUBBLE,primary_secondary_bubble,r231_anheuserbuschinbev,ANHEUSER-BUSCH INBEV,百威英博,231,2,assets/data/world500/workbench/world500_primary_secondary_unknown_share_review_queue.csv | assets/data/world500/workbench/world500_primary_secondary_calculation_weight_validation_queue.csv,high_unknown_source_share | calculation_weight_validation,P1_reduce_unknown_source_share,source_mix_ratio_from_method_rows_not_audited_calculation_weight,Primary-data ratios must distinguish explicit reported calculation weights from method-row source-mix inference.,把来源结构比例与真实计算权重区分开，优先补原文明示 primary data 百分比。,Separate explicit reported primary-data calculation weights from source-mix inference before using the ratio as a data-quality conclusion.,20224-ANHEUSER-BUSCH INBEV-sustainability-report,82,
P1,R5_PRIMARY_SECONDARY_BUBBLE,primary_secondary_bubble,r234_panasonicholdings,PANASONIC HOLDINGS,松下控股公司,234,2,assets/data/world500/workbench/world500_primary_secondary_unknown_share_review_queue.csv | assets/data/world500/workbench/world500_primary_secondary_calculation_weight_validation_queue.csv,high_unknown_source_share | calculation_weight_validation,P1_reduce_unknown_source_share,source_mix_ratio_from_method_rows_not_audited_calculation_weight,Primary-data ratios must distinguish explicit reported calculation weights from method-row source-mix inference.,把来源结构比例与真实计算权重区分开，优先补原文明示 primary data 百分比。,Separate explicit reported primary-data calculation weights from source-mix inference before using the ratio as a data-quality conclusion.,2025_Sustainability Date Book PANASONIC HOLDINGS.pdf,20 | 35,
P1,R5_PRIMARY_SECONDARY_BUBBLE,primary_secondary_bubble,r235_conocophillips,CONOCOPHILLIPS,康菲石油公司,235,2,assets/data/world500/workbench/world500_primary_secondary_unknown_share_review_queue.csv | assets/data/world500/workbench/world500_primary_secondary_calculation_weight_validation_queue.csv,high_unknown_source_share | calculation_weight_validation,P1_reduce_unknown_source_share,source_mix_ratio_from_method_rows_not_audited_calculation_weight,Primary-data ratios must distinguish explicit reported calculation weights from method-row source-mix inference.,把来源结构比例与真实计算权重区分开，优先补原文明示 primary data 百分比。,Separate explicit reported primary-data calculation weights from source-mix inference before using the ratio as a data-quality conclusion.,2024-sustainability-report CONOCOPHILLIPS.pdf,23,
P1,R5_PRIMARY_SECONDARY_BUBBLE,primary_secondary_bubble,r237_deltaairlines,DELTA AIR LINES,达美航空,237,2,assets/data/world500/workbench/world500_primary_secondary_unknown_share_review_queue.csv | assets/data/world500/workbench/world500_primary_secondary_calculation_weight_validation_queue.csv,high_unknown_source_share | calculation_weight_validation,P1_reduce_unknown_source_share,source_mix_ratio_from_method_rows_not_audited_calculation_weight,Primary-data ratios must distinguish explicit reported calculation weights from method-row source-mix inference.,把来源结构比例与真实计算权重区分开，优先补原文明示 primary data 百分比。,Separate explicit reported primary-data calculation weights from source-mix inference before using the ratio as a data-quality conclusion.,delta-difference-2024-report.pdf,48 | 57,
P1,R5_PRIMARY_SECONDARY_BUBBLE,primary_secondary_bubble,r241_tdsynnex公司,TD Synnex,TD Synnex,241,2,assets/data/world500/workbench/world500_primary_secondary_unknown_share_review_queue.csv | assets/data/world500/workbench/world500_primary_secondary_calculation_weight_validation_queue.csv,high_unknown_source_share | calculation_weight_validation,P1_reduce_unknown_source_share,source_mix_ratio_from_method_rows_not_audited_calculation_weight,Primary-data ratios must distinguish explicit reported calculation weights from method-row source-mix inference.,把来源结构比例与真实计算权重区分开，优先补原文明示 primary data 百分比。,Separate explicit reported primary-data calculation weights from source-mix inference before using the ratio as a data-quality conclusion.,tdsynnex-fy2024-ccr-ada.pdf,67,
P1,R5_PRIMARY_SECONDARY_BUBBLE,primary_secondary_bubble,r246_ciscosystems,CISCO SYSTEMS,思科公司,246,2,assets/data/world500/workbench/world500_primary_secondary_unknown_share_review_queue.csv | assets/data/world500/workbench/world500_primary_secondary_calculation_weight_validation_queue.csv,high_unknown_source_share | calculation_weight_validation,P1_reduce_unknown_source_share,source_mix_ratio_from_method_rows_not_audited_calculation_weight,Primary-data ratios must distinguish explicit reported calculation weights from method-row source-mix inference.,把来源结构比例与真实计算权重区分开，优先补原文明示 primary data 百分比。,Separate explicit reported primary-data calculation weights from source-mix inference before using the ratio as a data-quality conclusion.,CISCO SYSTEMS purpose-report-2024.pdf,2 | 56,
P1,R5_PRIMARY_SECONDARY_BUBBLE,primary_secondary_bubble,r247_repsol,REPSOL,雷普索尔公司,247,2,assets/data/world500/workbench/world500_primary_secondary_unknown_share_review_queue.csv | assets/data/world500/workbench/world500_primary_secondary_calculation_weight_validation_queue.csv,high_unknown_source_share | calculation_weight_validation,P1_reduce_unknown_source_share,explicit_reported_primary_percentage_pending_weight_validation,Primary-data ratios must distinguish explicit reported calculation weights from method-row source-mix inference.,把来源结构比例与真实计算权重区分开，优先补原文明示 primary data 百分比。,Separate explicit reported primary-data calculation weights from source-mix inference before using the ratio as a data-quality conclusion.,REPSOL consolidated-statement-non-financial-information-sustainability-information-2024.pdf,136 | 134 | 135,
P1,R5_PRIMARY_SECONDARY_BUBBLE,primary_secondary_bubble,r248_lenovogroup,LENOVO GROUP,联想集团有限公司,248,2,assets/data/world500/workbench/world500_primary_secondary_unknown_share_review_queue.csv | assets/data/world500/workbench/world500_primary_secondary_calculation_weight_validation_queue.csv,high_unknown_source_share | calculation_weight_validation,P1_reduce_unknown_source_share,source_mix_ratio_from_method_rows_not_audited_calculation_weight,Primary-data ratios must distinguish explicit reported calculation weights from method-row source-mix inference.,把来源结构比例与真实计算权重区分开，优先补原文明示 primary data 百分比。,Separate explicit reported primary-data calculation weights from source-mix inference before using the ratio as a data-quality conclusion.,FY2025-lenovo-sustainability-report.pdf,100 | 101,
P1,R5_PRIMARY_SECONDARY_BUBBLE,primary_secondary_bubble,r250_contemporaryamperextechnology,CONTEMPORARY AMPEREX TECHNOLOGY,宁德时代新能源科技股份有限公司,250,2,assets/data/world500/workbench/world500_primary_secondary_unknown_share_review_queue.csv | assets/data/world500/workbench/world500_primary_secondary_calculation_weight_validation_queue.csv,high_unknown_source_share | calculation_weight_validation,P1_reduce_unknown_source_share,source_mix_ratio_from_method_rows_not_audited_calculation_weight,Primary-data ratios must distinguish explicit reported calculation weights from method-row source-mix inference.,把来源结构比例与真实计算权重区分开，优先补原文明示 primary data 百分比。,Separate explicit reported primary-data calculation weights from source-mix inference before using the ratio as a data-quality conclusion.,宁德时代2024年ESG报告.pdf,72,
P1,R5_PRIMARY_SECONDARY_BUBBLE,primary_secondary_bubble,r251_renault,RENAULT,雷诺,251,2,assets/data/world500/workbench/world500_primary_secondary_unknown_share_review_queue.csv | assets/data/world500/workbench/world500_primary_secondary_calculation_weight_validation_queue.csv,high_unknown_source_share | calculation_weight_validation,P1_reduce_unknown_source_share,source_mix_ratio_from_method_rows_not_audited_calculation_weight,Primary-data ratios must distinguish explicit reported calculation weights from method-row source-mix inference.,把来源结构比例与真实计算权重区分开，优先补原文明示 primary data 百分比。,Separate explicit reported primary-data calculation weights from source-mix inference before using the ratio as a data-quality conclusion.,RENAULT_Rapport_Climat_2024_GB_1920x1080pix_V1_prol_MEL.pdf,46,
P1,R5_PRIMARY_SECONDARY_BUBBLE,primary_secondary_bubble,r258_bharatpetroleum,BHARAT PETROLEUM,巴拉特石油公司,258,2,assets/data/world500/workbench/world500_primary_secondary_unknown_share_review_queue.csv | assets/data/world500/workbench/world500_primary_secondary_calculation_weight_validation_queue.csv,high_unknown_source_share | calculation_weight_validation,P1_reduce_unknown_source_share,source_mix_ratio_from_method_rows_not_audited_calculation_weight,Primary-data ratios must distinguish explicit reported calculation weights from method-row source-mix inference.,把来源结构比例与真实计算权重区分开，优先补原文明示 primary data 百分比。,Separate explicit reported primary-data calculation weights from source-mix inference before using the ratio as a data-quality conclusion.,BHARAT PETROLEUM sustainability-report-2023-24.pdf,241 | 242,
P1,R5_PRIMARY_SECONDARY_BUBBLE,primary_secondary_bubble,r260_newyorklifeinsurance,NEW YORK LIFE INSURANCE,美国纽约人寿保险公司,260,2,assets/data/world500/workbench/world500_primary_secondary_unknown_share_review_queue.csv | assets/data/world500/workbench/world500_primary_secondary_calculation_weight_validation_queue.csv,high_unknown_source_share | calculation_weight_validation,P1_reduce_unknown_source_share,source_mix_ratio_from_method_rows_not_audited_calculation_weight,Primary-data ratios must distinguish explicit reported calculation weights from method-row source-mix inference.,把来源结构比例与真实计算权重区分开，优先补原文明示 primary data 百分比。,Separate explicit reported primary-data calculation weights from source-mix inference before using the ratio as a data-quality conclusion.,2024NEW YORK LIFE INSURANCE Corporate-Responsibility-Report.pdf,44,
P1,R5_PRIMARY_SECONDARY_BUBBLE,primary_secondary_bubble,r263_novartis,NOVARTIS,诺华公司,263,2,assets/data/world500/workbench/world500_primary_secondary_unknown_share_review_queue.csv | assets/data/world500/workbench/world500_primary_secondary_calculation_weight_validation_queue.csv,high_unknown_source_share | calculation_weight_validation,P1_reduce_unknown_source_share,source_mix_ratio_from_method_rows_not_audited_calculation_weight,Primary-data ratios must distinguish explicit reported calculation weights from method-row source-mix inference.,把来源结构比例与真实计算权重区分开，优先补原文明示 primary data 百分比。,Separate explicit reported primary-data calculation weights from source-mix inference before using the ratio as a data-quality conclusion.,novartis-integrated-report-2024.pdf,29,
P1,R5_PRIMARY_SECONDARY_BUBBLE,primary_secondary_bubble,r264_riotintogroup,RIO TINTO GROUP,力拓集团,264,2,assets/data/world500/workbench/world500_primary_secondary_unknown_share_review_queue.csv | assets/data/world500/workbench/world500_primary_secondary_calculation_weight_validation_queue.csv,high_unknown_source_share | calculation_weight_validation,P1_reduce_unknown_source_share,source_mix_ratio_from_method_rows_not_audited_calculation_weight,Primary-data ratios must distinguish explicit reported calculation weights from method-row source-mix inference.,把来源结构比例与真实计算权重区分开，优先补原文明示 primary data 百分比。,Separate explicit reported primary-data calculation weights from source-mix inference before using the ratio as a data-quality conclusion.,2024-RIO TINTO GROUP-annual-report.pdf,326 | 59 | 65,
P1,R5_PRIMARY_SECONDARY_BUBBLE,primary_secondary_bubble,r268_bhpgroup,BHP GROUP,必和必拓集团,268,2,assets/data/world500/workbench/world500_primary_secondary_unknown_share_review_queue.csv | assets/data/world500/workbench/world500_primary_secondary_calculation_weight_validation_queue.csv,high_unknown_source_share | calculation_weight_validation,P1_reduce_unknown_source_share,source_mix_ratio_from_method_rows_not_audited_calculation_weight,Primary-data ratios must distinguish explicit reported calculation weights from method-row source-mix inference.,把来源结构比例与真实计算权重区分开，优先补原文明示 primary data 百分比。,Separate explicit reported primary-data calculation weights from source-mix inference before using the ratio as a data-quality conclusion.,250819_bhpannualreport2025.pdf,232 | 52 | 53,
P1,R5_PRIMARY_SECONDARY_BUBBLE,primary_secondary_bubble,r269_hp,HP,惠普公司,269,2,assets/data/world500/workbench/world500_primary_secondary_unknown_share_review_queue.csv | assets/data/world500/workbench/world500_primary_secondary_calculation_weight_validation_queue.csv,high_unknown_source_share | calculation_weight_validation,P1_reduce_unknown_source_share,source_mix_ratio_from_method_rows_not_audited_calculation_weight,Primary-data ratios must distinguish explicit reported calculation weights from method-row source-mix inference.,把来源结构比例与真实计算权重区分开，优先补原文明示 primary data 百分比。,Separate explicit reported primary-data calculation weights from source-mix inference before using the ratio as a data-quality conclusion.,2024_HP_sustainability_report.pdf,159 | 4,
P1,R5_PRIMARY_SECONDARY_BUBBLE,primary_secondary_bubble,r271_tatamotors,TATA MOTORS,印度塔塔汽车公司,271,2,assets/data/world500/workbench/world500_primary_secondary_unknown_share_review_queue.csv | assets/data/world500/workbench/world500_primary_secondary_calculation_weight_validation_queue.csv,high_unknown_source_share | calculation_weight_validation,P1_reduce_unknown_source_share,source_mix_ratio_from_method_rows_not_audited_calculation_weight,Primary-data ratios must distinguish explicit reported calculation weights from method-row source-mix inference.,把来源结构比例与真实计算权重区分开，优先补原文明示 primary data 百分比。,Separate explicit reported primary-data calculation weights from source-mix inference before using the ratio as a data-quality conclusion.,tata-motor-IAR-2024-25.pdf,231,
P1,R5_PRIMARY_SECONDARY_BUBBLE,primary_secondary_bubble,r273_iberdrola公司,Iberdrola,Iberdrola,273,2,assets/data/world500/workbench/world500_primary_secondary_unknown_share_review_queue.csv | assets/data/world500/workbench/world500_primary_secondary_calculation_weight_validation_queue.csv,high_unknown_source_share | calculation_weight_validation,P1_reduce_unknown_source_share,source_mix_ratio_from_method_rows_not_audited_calculation_weight,Primary-data ratios must distinguish explicit reported calculation weights from method-row source-mix inference.,把来源结构比例与真实计算权重区分开，优先补原文明示 primary data 百分比。,Separate explicit reported primary-data calculation weights from source-mix inference before using the ratio as a data-quality conclusion.,gsm25-IBERDROLA-sustainability-report-2024.pdf,108 | 115,
P1,R5_PRIMARY_SECONDARY_BUBBLE,primary_secondary_bubble,r275_idemitsukosan,IDEMITSU KOSAN,日本出光兴产株式会社,275,2,assets/data/world500/workbench/world500_primary_secondary_unknown_share_review_queue.csv | assets/data/world500/workbench/world500_primary_secondary_calculation_weight_validation_queue.csv,high_unknown_source_share | calculation_weight_validation,P1_reduce_unknown_source_share,source_mix_ratio_from_method_rows_not_audited_calculation_weight,Primary-data ratios must distinguish explicit reported calculation weights from method-row source-mix inference.,把来源结构比例与真实计算权重区分开，优先补原文明示 primary data 百分比。,Separate explicit reported primary-data calculation weights from source-mix inference before using the ratio as a data-quality conclusion.,IDEMITSU KOSAN integrated report.pdf,53 | 56,
P1,R5_PRIMARY_SECONDARY_BUBBLE,primary_secondary_bubble,r278_americanairlinesgroup,AMERICAN AIRLINES GROUP,美国航空集团,278,2,assets/data/world500/workbench/world500_primary_secondary_unknown_share_review_queue.csv | assets/data/world500/workbench/world500_primary_secondary_calculation_weight_validation_queue.csv,high_unknown_source_share | calculation_weight_validation,P1_reduce_unknown_source_share,source_mix_ratio_from_method_rows_not_audited_calculation_weight,Primary-data ratios must distinguish explicit reported calculation weights from method-row source-mix inference.,把来源结构比例与真实计算权重区分开，优先补原文明示 primary data 百分比。,Separate explicit reported primary-data calculation weights from source-mix inference before using the ratio as a data-quality conclusion.,American-Airlines-Sustainability-Report-2024.pdf,93 | 94,
P1,R5_PRIMARY_SECONDARY_BUBBLE,primary_secondary_bubble,r282_volvo,VOLVO,沃尔沃集团,282,2,assets/data/world500/workbench/world500_primary_secondary_unknown_share_review_queue.csv | assets/data/world500/workbench/world500_primary_secondary_calculation_weight_validation_queue.csv,high_unknown_source_share | calculation_weight_validation,P1_reduce_unknown_source_share,source_mix_ratio_from_method_rows_not_audited_calculation_weight,Primary-data ratios must distinguish explicit reported calculation weights from method-row source-mix inference.,把来源结构比例与真实计算权重区分开，优先补原文明示 primary data 百分比。,Separate explicit reported primary-data calculation weights from source-mix inference before using the ratio as a data-quality conclusion.,volvo-group-annual-report-2024.pdf,151 | 158,
P1,R5_PRIMARY_SECONDARY_BUBBLE,primary_secondary_bubble,r283_intesasanpaolo,INTESA SANPAOLO,意大利联合圣保罗银行,283,2,assets/data/world500/workbench/world500_primary_secondary_unknown_share_review_queue.csv | assets/data/world500/workbench/world500_primary_secondary_calculation_weight_validation_queue.csv,high_unknown_source_share | calculation_weight_validation,P1_reduce_unknown_source_share,source_mix_ratio_from_method_rows_not_audited_calculation_weight,Primary-data ratios must distinguish explicit reported calculation weights from method-row source-mix inference.,把来源结构比例与真实计算权重区分开，优先补原文明示 primary data 百分比。,Separate explicit reported primary-data calculation weights from source-mix inference before using the ratio as a data-quality conclusion.,2024_INTESA SANPAOLO-Climate_Report.pdf,102 | 114,
P1,R5_PRIMARY_SECONDARY_BUBBLE,primary_secondary_bubble,r289_maerskgroup,MAERSK GROUP,马士基集团,289,2,assets/data/world500/workbench/world500_primary_secondary_unknown_share_review_queue.csv | assets/data/world500/workbench/world500_primary_secondary_calculation_weight_validation_queue.csv,high_unknown_source_share | calculation_weight_validation,P1_reduce_unknown_source_share,source_mix_ratio_from_method_rows_not_audited_calculation_weight,Primary-data ratios must distinguish explicit reported calculation weights from method-row source-mix inference.,把来源结构比例与真实计算权重区分开，优先补原文明示 primary data 百分比。,Separate explicit reported primary-data calculation weights from source-mix inference before using the ratio as a data-quality conclusion.,Maersk Annual Report 2024.pdf,90,
P1,R5_PRIMARY_SECONDARY_BUBBLE,primary_secondary_bubble,r290_phoenixpharma,PHOENIX PHARMA,菲尼克斯医药公司,290,2,assets/data/world500/workbench/world500_primary_secondary_unknown_share_review_queue.csv | assets/data/world500/workbench/world500_primary_secondary_calculation_weight_validation_queue.csv,high_unknown_source_share | calculation_weight_validation,P1_reduce_unknown_source_share,source_mix_ratio_from_method_rows_not_audited_calculation_weight,Primary-data ratios must distinguish explicit reported calculation weights from method-row source-mix inference.,把来源结构比例与真实计算权重区分开，优先补原文明示 primary data 百分比。,Separate explicit reported primary-data calculation weights from source-mix inference before using the ratio as a data-quality conclusion.,PHOENIX_Sustainability_Report_2024_25.pdf,14,
P1,R5_PRIMARY_SECONDARY_BUBBLE,primary_secondary_bubble,r294_bankofmontreal,BANK OF MONTREAL,蒙特利尔银行,294,2,assets/data/world500/workbench/world500_primary_secondary_unknown_share_review_queue.csv | assets/data/world500/workbench/world500_primary_secondary_calculation_weight_validation_queue.csv,high_unknown_source_share | calculation_weight_validation,P1_reduce_unknown_source_share,source_mix_ratio_from_method_rows_not_audited_calculation_weight,Primary-data ratios must distinguish explicit reported calculation weights from method-row source-mix inference.,把来源结构比例与真实计算权重区分开，优先补原文明示 primary data 百分比。,Separate explicit reported primary-data calculation weights from source-mix inference before using the ratio as a data-quality conclusion.,BMO_2024_SCR_EN_interactive.pdf,112 | 77,
P1,R5_PRIMARY_SECONDARY_BUBBLE,primary_secondary_bubble,r297_sanofi,SANOFI,赛诺菲,297,2,assets/data/world500/workbench/world500_primary_secondary_unknown_share_review_queue.csv | assets/data/world500/workbench/world500_primary_secondary_calculation_weight_validation_queue.csv,high_unknown_source_share | calculation_weight_validation,P1_reduce_unknown_source_share,source_mix_ratio_from_method_rows_not_audited_calculation_weight,Primary-data ratios must distinguish explicit reported calculation weights from method-row source-mix inference.,把来源结构比例与真实计算权重区分开，优先补原文明示 primary data 百分比。,Separate explicit reported primary-data calculation weights from source-mix inference before using the ratio as a data-quality conclusion.,SANOFI-sustainability-statement-2024--ESG-Report-.pdf,133 | 134,
P1,R5_PRIMARY_SECONDARY_BUBBLE,primary_secondary_bubble,r298_marubeni,MARUBENI,丸红株式会社,298,2,assets/data/world500/workbench/world500_primary_secondary_unknown_share_review_queue.csv | assets/data/world500/workbench/world500_primary_secondary_calculation_weight_validation_queue.csv,high_unknown_source_share | calculation_weight_validation,P1_reduce_unknown_source_share,source_mix_ratio_from_method_rows_not_audited_calculation_weight,Primary-data ratios must distinguish explicit reported calculation weights from method-row source-mix inference.,把来源结构比例与真实计算权重区分开，优先补原文明示 primary data 百分比。,Separate explicit reported primary-data calculation weights from source-mix inference before using the ratio as a data-quality conclusion.,MARUBENI-sustainability-2024_en_all.pdf,60 | 61,
P1,R5_PRIMARY_SECONDARY_BUBBLE,primary_secondary_bubble,r301_swissre,SWISS RE,瑞士再保险股份有限公司,301,2,assets/data/world500/workbench/world500_primary_secondary_unknown_share_review_queue.csv | assets/data/world500/workbench/world500_primary_secondary_calculation_weight_validation_queue.csv,high_unknown_source_share | calculation_weight_validation,P1_reduce_unknown_source_share,source_mix_ratio_from_method_rows_not_audited_calculation_weight,Primary-data ratios must distinguish explicit reported calculation weights from method-row source-mix inference.,把来源结构比例与真实计算权重区分开，优先补原文明示 primary data 百分比。,Separate explicit reported primary-data calculation weights from source-mix inference before using the ratio as a data-quality conclusion.,2024-SWISS RE-sustainability-report-en.pdf,100 | 76,
P1,R5_PRIMARY_SECONDARY_BUBBLE,primary_secondary_bubble,r302_chubb,CHUBB,安达保险公司,302,2,assets/data/world500/workbench/world500_primary_secondary_unknown_share_review_queue.csv | assets/data/world500/workbench/world500_primary_secondary_calculation_weight_validation_queue.csv,high_unknown_source_share | calculation_weight_validation,P1_reduce_unknown_source_share,source_mix_ratio_from_method_rows_not_audited_calculation_weight,Primary-data ratios must distinguish explicit reported calculation weights from method-row source-mix inference.,把来源结构比例与真实计算权重区分开，优先补原文明示 primary data 百分比。,Separate explicit reported primary-data calculation weights from source-mix inference before using the ratio as a data-quality conclusion.,Chubb-2024-Sustainability-Report.pdf,13,
P1,R5_PRIMARY_SECONDARY_BUBBLE,primary_secondary_bubble,r310_vodafonegroup,VODAFONE GROUP,沃达丰集团,310,2,assets/data/world500/workbench/world500_primary_secondary_unknown_share_review_queue.csv | assets/data/world500/workbench/world500_primary_secondary_calculation_weight_validation_queue.csv,high_unknown_source_share | calculation_weight_validation,P1_reduce_unknown_source_share,source_mix_ratio_from_method_rows_not_audited_calculation_weight,Primary-data ratios must distinguish explicit reported calculation weights from method-row source-mix inference.,把来源结构比例与真实计算权重区分开，优先补原文明示 primary data 百分比。,Separate explicit reported primary-data calculation weights from source-mix inference before using the ratio as a data-quality conclusion.,Vodafone 2025 Annual Report.pdf,37 | 55,
P1,R5_PRIMARY_SECONDARY_BUBBLE,primary_secondary_bubble,r315_unicreditgroup,UNICREDIT GROUP,联合信贷集团,315,2,assets/data/world500/workbench/world500_primary_secondary_unknown_share_review_queue.csv | assets/data/world500/workbench/world500_primary_secondary_calculation_weight_validation_queue.csv,high_unknown_source_share | calculation_weight_validation,P1_reduce_unknown_source_share,source_mix_ratio_from_method_rows_not_audited_calculation_weight,Primary-data ratios must distinguish explicit reported calculation weights from method-row source-mix inference.,把来源结构比例与真实计算权重区分开，优先补原文明示 primary data 百分比。,Separate explicit reported primary-data calculation weights from source-mix inference before using the ratio as a data-quality conclusion.,2024-UNICREDIT GROUP-Annual-Reports-and-Accounts.pdf,270 | 273,
P1,R5_PRIMARY_SECONDARY_BUBBLE,primary_secondary_bubble,r322_ingkagroup,INGKA GROUP,英格卡集团,322,2,assets/data/world500/workbench/world500_primary_secondary_unknown_share_review_queue.csv | assets/data/world500/workbench/world500_primary_secondary_calculation_weight_validation_queue.csv,high_unknown_source_share | calculation_weight_validation,P1_reduce_unknown_source_share,source_mix_ratio_from_method_rows_not_audited_calculation_weight,Primary-data ratios must distinguish explicit reported calculation weights from method-row source-mix inference.,把来源结构比例与真实计算权重区分开，优先补原文明示 primary data 百分比。,Separate explicit reported primary-data calculation weights from source-mix inference before using the ratio as a data-quality conclusion.,ingkagroup_annualsummaryandsustainabilityreport_fy24.pdf,60,
P1,R5_PRIMARY_SECONDARY_BUBBLE,primary_secondary_bubble,r324_americaninternationalgroup,AMERICAN INTERNATIONAL GROUP,美国国际集团,324,2,assets/data/world500/workbench/world500_primary_secondary_unknown_share_review_queue.csv | assets/data/world500/workbench/world500_primary_secondary_calculation_weight_validation_queue.csv,high_unknown_source_share | calculation_weight_validation,P1_reduce_unknown_source_share,source_mix_ratio_from_method_rows_not_audited_calculation_weight,Primary-data ratios must distinguish explicit reported calculation weights from method-row source-mix inference.,把来源结构比例与真实计算权重区分开，优先补原文明示 primary data 百分比。,Separate explicit reported primary-data calculation weights from source-mix inference before using the ratio as a data-quality conclusion.,AMERICAN INTERNATIONAL GROUP-aig-sustainability-report-2024.pdf,31,
P1,R5_PRIMARY_SECONDARY_BUBBLE,primary_secondary_bubble,r329_astrazeneca,ASTRAZENECA,阿斯利康,329,2,assets/data/world500/workbench/world500_primary_secondary_unknown_share_review_queue.csv | assets/data/world500/workbench/world500_primary_secondary_calculation_weight_validation_queue.csv,high_unknown_source_share | calculation_weight_validation,P1_reduce_unknown_source_share,source_mix_ratio_from_method_rows_not_audited_calculation_weight,Primary-data ratios must distinguish explicit reported calculation weights from method-row source-mix inference.,把来源结构比例与真实计算权重区分开，优先补原文明示 primary data 百分比。,Separate explicit reported primary-data calculation weights from source-mix inference before using the ratio as a data-quality conclusion.,AstraZeneca_AR_2024.pdf,235 | 237,
P1,R5_PRIMARY_SECONDARY_BUBBLE,primary_secondary_bubble,r333_tiaa,TIAA,美国教师退休基金会,333,2,assets/data/world500/workbench/world500_primary_secondary_unknown_share_review_queue.csv | assets/data/world500/workbench/world500_primary_secondary_calculation_weight_validation_queue.csv,high_unknown_source_share | calculation_weight_validation,P1_reduce_unknown_source_share,source_mix_ratio_from_method_rows_not_audited_calculation_weight,Primary-data ratios must distinguish explicit reported calculation weights from method-row source-mix inference.,把来源结构比例与真实计算权重区分开，优先补原文明示 primary data 百分比。,Separate explicit reported primary-data calculation weights from source-mix inference before using the ratio as a data-quality conclusion.,TIAA climate_report_2024.pdf,40 | 45,
P1,R5_PRIMARY_SECONDARY_BUBBLE,primary_secondary_bubble,r339_hyundaimobis,HYUNDAI MOBIS,现代摩比斯公司,339,2,assets/data/world500/workbench/world500_primary_secondary_unknown_share_review_queue.csv | assets/data/world500/workbench/world500_primary_secondary_calculation_weight_validation_queue.csv,high_unknown_source_share | calculation_weight_validation,P1_reduce_unknown_source_share,source_mix_ratio_from_method_rows_not_audited_calculation_weight,Primary-data ratios must distinguish explicit reported calculation weights from method-row source-mix inference.,把来源结构比例与真实计算权重区分开，优先补原文明示 primary data 百分比。,Separate explicit reported primary-data calculation weights from source-mix inference before using the ratio as a data-quality conclusion.,HYUNDAI MOBIS sustainability report 2025.pdf,46 | 52 | 65,
P1,R5_PRIMARY_SECONDARY_BUBBLE,primary_secondary_bubble,r342_bristolmyerssquibb,BRISTOL-MYERS SQUIBB,百时美施贵宝公司,342,2,assets/data/world500/workbench/world500_primary_secondary_unknown_share_review_queue.csv | assets/data/world500/workbench/world500_primary_secondary_calculation_weight_validation_queue.csv,high_unknown_source_share | calculation_weight_validation,P1_reduce_unknown_source_share,source_mix_ratio_from_method_rows_not_audited_calculation_weight,Primary-data ratios must distinguish explicit reported calculation weights from method-row source-mix inference.,把来源结构比例与真实计算权重区分开，优先补原文明示 primary data 百分比。,Separate explicit reported primary-data calculation weights from source-mix inference before using the ratio as a data-quality conclusion.,BRISTOL-MYERS SQUIBB BMS-Building-a-Better-Future-Report-2024.pdf,66,
P1,R5_PRIMARY_SECONDARY_BUBBLE,primary_secondary_bubble,r344_continental,CONTINENTAL,德国大陆集团,344,2,assets/data/world500/workbench/world500_primary_secondary_unknown_share_review_queue.csv | assets/data/world500/workbench/world500_primary_secondary_calculation_weight_validation_queue.csv,high_unknown_source_share | calculation_weight_validation,P1_reduce_unknown_source_share,source_mix_ratio_from_method_rows_not_audited_calculation_weight,Primary-data ratios must distinguish explicit reported calculation weights from method-row source-mix inference.,把来源结构比例与真实计算权重区分开，优先补原文明示 primary data 百分比。,Separate explicit reported primary-data calculation weights from source-mix inference before using the ratio as a data-quality conclusion.,CONTINENTAL annual-report-2024.pdf,137 | 139,
P1,R5_PRIMARY_SECONDARY_BUBBLE,primary_secondary_bubble,r346_dow,DOW,陶氏公司,346,2,assets/data/world500/workbench/world500_primary_secondary_unknown_share_review_queue.csv | assets/data/world500/workbench/world500_primary_secondary_calculation_weight_validation_queue.csv,high_unknown_source_share | calculation_weight_validation,P1_reduce_unknown_source_share,source_mix_ratio_from_method_rows_not_audited_calculation_weight,Primary-data ratios must distinguish explicit reported calculation weights from method-row source-mix inference.,把来源结构比例与真实计算权重区分开，优先补原文明示 primary data 百分比。,Separate explicit reported primary-data calculation weights from source-mix inference before using the ratio as a data-quality conclusion.,DOW-2024-progress-report.pdf,119,
P1,R5_PRIMARY_SECONDARY_BUBBLE,primary_secondary_bubble,r350_telefónica,TELEFÓNICA,西班牙电话公司,350,2,assets/data/world500/workbench/world500_primary_secondary_unknown_share_review_queue.csv | assets/data/world500/workbench/world500_primary_secondary_calculation_weight_validation_queue.csv,high_unknown_source_share | calculation_weight_validation,P1_reduce_unknown_source_share,explicit_reported_primary_percentage_pending_weight_validation,Primary-data ratios must distinguish explicit reported calculation weights from method-row source-mix inference.,把来源结构比例与真实计算权重区分开，优先补原文明示 primary data 百分比。,Separate explicit reported primary-data calculation weights from source-mix inference before using the ratio as a data-quality conclusion.,2024TELEFÓNICA consolidated-management-report.pdf,111 | 100,
P1,R5_PRIMARY_SECONDARY_BUBBLE,primary_secondary_bubble,r356_thermofisherscientific,THERMO FISHER SCIENTIFIC,赛默飞世尔科技公司,356,2,assets/data/world500/workbench/world500_primary_secondary_unknown_share_review_queue.csv | assets/data/world500/workbench/world500_primary_secondary_calculation_weight_validation_queue.csv,high_unknown_source_share | calculation_weight_validation,P1_reduce_unknown_source_share,source_mix_ratio_from_method_rows_not_audited_calculation_weight,Primary-data ratios must distinguish explicit reported calculation weights from method-row source-mix inference.,把来源结构比例与真实计算权重区分开，优先补原文明示 primary data 百分比。,Separate explicit reported primary-data calculation weights from source-mix inference before using the ratio as a data-quality conclusion.,2023-THERMO FISHER SCIENTIFIC-CSR-Report.pdf,62,
P1,R5_PRIMARY_SECONDARY_BUBBLE,primary_secondary_bubble,r357_magnainternational,MAGNA INTERNATIONAL,麦格纳国际,357,2,assets/data/world500/workbench/world500_primary_secondary_unknown_share_review_queue.csv | assets/data/world500/workbench/world500_primary_secondary_calculation_weight_validation_queue.csv,high_unknown_source_share | calculation_weight_validation,P1_reduce_unknown_source_share,source_mix_ratio_from_method_rows_not_audited_calculation_weight,Primary-data ratios must distinguish explicit reported calculation weights from method-row source-mix inference.,把来源结构比例与真实计算权重区分开，优先补原文明示 primary data 百分比。,Separate explicit reported primary-data calculation weights from source-mix inference before using the ratio as a data-quality conclusion.,101227_magna_sustainabilityreport_fy2024_final_cda.pdf,5,
P1,R5_PRIMARY_SECONDARY_BUBBLE,primary_secondary_bubble,r358_omvgroup,OMV GROUP,奥地利石油天然气集团,358,2,assets/data/world500/workbench/world500_primary_secondary_unknown_share_review_queue.csv | assets/data/world500/workbench/world500_primary_secondary_calculation_weight_validation_queue.csv,high_unknown_source_share | calculation_weight_validation,P1_reduce_unknown_source_share,source_mix_ratio_from_method_rows_not_audited_calculation_weight,Primary-data ratios must distinguish explicit reported calculation weights from method-row source-mix inference.,把来源结构比例与真实计算权重区分开，优先补原文明示 primary data 百分比。,Separate explicit reported primary-data calculation weights from source-mix inference before using the ratio as a data-quality conclusion.,entire-omv-ar24.pdf,111 | 209 | 216,
P1,R5_PRIMARY_SECONDARY_BUBBLE,primary_secondary_bubble,r368_lyondellbasellindustries,LYONDELLBASELL INDUSTRIES,利安德巴塞尔工业公司,368,2,assets/data/world500/workbench/world500_primary_secondary_unknown_share_review_queue.csv | assets/data/world500/workbench/world500_primary_secondary_calculation_weight_validation_queue.csv,high_unknown_source_share | calculation_weight_validation,P1_reduce_unknown_source_share,source_mix_ratio_from_method_rows_not_audited_calculation_weight,Primary-data ratios must distinguish explicit reported calculation weights from method-row source-mix inference.,把来源结构比例与真实计算权重区分开，优先补原文明示 primary data 百分比。,Separate explicit reported primary-data calculation weights from source-mix inference before using the ratio as a data-quality conclusion.,2024-LYONDELLBASELL INDUSTRIES-sustainability-report.pdf,127 | 43,
P1,R5_PRIMARY_SECONDARY_BUBBLE,primary_secondary_bubble,r369_jsainsbury,J. SAINSBURY,森宝利公司,369,2,assets/data/world500/workbench/world500_primary_secondary_unknown_share_review_queue.csv | assets/data/world500/workbench/world500_primary_secondary_calculation_weight_validation_queue.csv,high_unknown_source_share | calculation_weight_validation,P1_reduce_unknown_source_share,source_mix_ratio_from_method_rows_not_audited_calculation_weight,Primary-data ratios must distinguish explicit reported calculation weights from method-row source-mix inference.,把来源结构比例与真实计算权重区分开，优先补原文明示 primary data 百分比。,Separate explicit reported primary-data calculation weights from source-mix inference before using the ratio as a data-quality conclusion.,sainsburys-plan-for-better-report-2024-25.pdf,32 | 35,
P1,R5_PRIMARY_SECONDARY_BUBBLE,primary_secondary_bubble,r376_abbottlaboratories,ABBOTT LABORATORIES,雅培公司,376,2,assets/data/world500/workbench/world500_primary_secondary_unknown_share_review_queue.csv | assets/data/world500/workbench/world500_primary_secondary_calculation_weight_validation_queue.csv,high_unknown_source_share | calculation_weight_validation,P1_reduce_unknown_source_share,source_mix_ratio_from_method_rows_not_audited_calculation_weight,Primary-data ratios must distinguish explicit reported calculation weights from method-row source-mix inference.,把来源结构比例与真实计算权重区分开，优先补原文明示 primary data 百分比。,Separate explicit reported primary-data calculation weights from source-mix inference before using the ratio as a data-quality conclusion.,Abbott-2024-Global-Sustainability-Report-June-2025.pdf,85,
P1,R5_PRIMARY_SECONDARY_BUBBLE,primary_secondary_bubble,r379_日本kddi电信公司,KDDI,日本KDDI电信,379,2,assets/data/world500/workbench/world500_primary_secondary_unknown_share_review_queue.csv | assets/data/world500/workbench/world500_primary_secondary_calculation_weight_validation_queue.csv,high_unknown_source_share | calculation_weight_validation,P1_reduce_unknown_source_share,source_mix_ratio_from_method_rows_not_audited_calculation_weight,Primary-data ratios must distinguish explicit reported calculation weights from method-row source-mix inference.,把来源结构比例与真实计算权重区分开，优先补原文明示 primary data 百分比。,Separate explicit reported primary-data calculation weights from source-mix inference before using the ratio as a data-quality conclusion.,kddi_sir2024_e.pdf,34,
P1,R5_PRIMARY_SECONDARY_BUBBLE,primary_secondary_bubble,r386_inditex公司,Inditex,Inditex,386,2,assets/data/world500/workbench/world500_primary_secondary_unknown_share_review_queue.csv | assets/data/world500/workbench/world500_primary_secondary_calculation_weight_validation_queue.csv,high_unknown_source_share | calculation_weight_validation,P1_reduce_unknown_source_share,explicit_reported_primary_percentage_pending_weight_validation,Primary-data ratios must distinguish explicit reported calculation weights from method-row source-mix inference.,把来源结构比例与真实计算权重区分开，优先补原文明示 primary data 百分比。,Separate explicit reported primary-data calculation weights from source-mix inference before using the ratio as a data-quality conclusion.,INDITEX Sustainability report2024.pdf,262 | 259 | 260,
P1,R5_PRIMARY_SECONDARY_BUBBLE,primary_secondary_bubble,r387_schneiderelectric,SCHNEIDER ELECTRIC,施耐德电气,387,2,assets/data/world500/workbench/world500_primary_secondary_unknown_share_review_queue.csv | assets/data/world500/workbench/world500_primary_secondary_calculation_weight_validation_queue.csv,high_unknown_source_share | calculation_weight_validation,P1_reduce_unknown_source_share,source_mix_ratio_from_method_rows_not_audited_calculation_weight,Primary-data ratios must distinguish explicit reported calculation weights from method-row source-mix inference.,把来源结构比例与真实计算权重区分开，优先补原文明示 primary data 百分比。,Separate explicit reported primary-data calculation weights from source-mix inference before using the ratio as a data-quality conclusion.,2024-SCHNEIDER ELECTRIC-sustainability-report_tcm564-513141.pdf,31 | 43 | 44,
P1,R5_PRIMARY_SECONDARY_BUBBLE,primary_secondary_bubble,r391_西班牙acs集团,ACS Group,西班牙ACS,391,2,assets/data/world500/workbench/world500_primary_secondary_unknown_share_review_queue.csv | assets/data/world500/workbench/world500_primary_secondary_calculation_weight_validation_queue.csv,high_unknown_source_share | calculation_weight_validation,P1_reduce_unknown_source_share,source_mix_ratio_from_method_rows_not_audited_calculation_weight,Primary-data ratios must distinguish explicit reported calculation weights from method-row source-mix inference.,把来源结构比例与真实计算权重区分开，优先补原文明示 primary data 百分比。,Separate explicit reported primary-data calculation weights from source-mix inference before using the ratio as a data-quality conclusion.,2024_ACS_Sustainability_Report.pdf,81 | 85,
P1,R5_PRIMARY_SECONDARY_BUBBLE,primary_secondary_bubble,r392_coop集团,Coop,Coop,392,2,assets/data/world500/workbench/world500_primary_secondary_unknown_share_review_queue.csv | assets/data/world500/workbench/world500_primary_secondary_calculation_weight_validation_queue.csv,high_unknown_source_share | calculation_weight_validation,P1_reduce_unknown_source_share,source_mix_ratio_from_method_rows_not_audited_calculation_weight,Primary-data ratios must distinguish explicit reported calculation weights from method-row source-mix inference.,把来源结构比例与真实计算权重区分开，优先补原文明示 primary data 百分比。,Separate explicit reported primary-data calculation weights from source-mix inference before using the ratio as a data-quality conclusion.,COOP GROUP Fortschrittsbericht-Nachhaltigkeit-2024_en.pdf,221 | 53,
P1,R5_PRIMARY_SECONDARY_BUBBLE,primary_secondary_bubble,r401_suncorenergy,SUNCOR ENERGY,森科能源公司,401,2,assets/data/world500/workbench/world500_primary_secondary_unknown_share_review_queue.csv | assets/data/world500/workbench/world500_primary_secondary_calculation_weight_validation_queue.csv,high_unknown_source_share | calculation_weight_validation,P1_reduce_unknown_source_share,source_mix_ratio_from_method_rows_not_audited_calculation_weight,Primary-data ratios must distinguish explicit reported calculation weights from method-row source-mix inference.,把来源结构比例与真实计算权重区分开，优先补原文明示 primary data 百分比。,Separate explicit reported primary-data calculation weights from source-mix inference before using the ratio as a data-quality conclusion.,2023_SUNCOR ENERGY_sustainability_report.pdf,84,
P1,R5_PRIMARY_SECONDARY_BUBBLE,primary_secondary_bubble,r416_mitsubishielectric,MITSUBISHI ELECTRIC,三菱电机股份有限公司,416,2,assets/data/world500/workbench/world500_primary_secondary_unknown_share_review_queue.csv | assets/data/world500/workbench/world500_primary_secondary_calculation_weight_validation_queue.csv,high_unknown_source_share | calculation_weight_validation,P1_reduce_unknown_source_share,source_mix_ratio_from_method_rows_not_audited_calculation_weight,Primary-data ratios must distinguish explicit reported calculation weights from method-row source-mix inference.,把来源结构比例与真实计算权重区分开，优先补原文明示 primary data 百分比。,Separate explicit reported primary-data calculation weights from source-mix inference before using the ratio as a data-quality conclusion.,MITSUBISHI ELECTRIC integrated_report2024_en.pdf,133 | 134,
P1,R5_PRIMARY_SECONDARY_BUBBLE,primary_secondary_bubble,r421_jardinematheson,JARDINE MATHESON,怡和集团,421,2,assets/data/world500/workbench/world500_primary_secondary_unknown_share_review_queue.csv | assets/data/world500/workbench/world500_primary_secondary_calculation_weight_validation_queue.csv,high_unknown_source_share | calculation_weight_validation,P1_reduce_unknown_source_share,source_mix_ratio_from_method_rows_not_audited_calculation_weight,Primary-data ratios must distinguish explicit reported calculation weights from method-row source-mix inference.,把来源结构比例与真实计算权重区分开，优先补原文明示 primary data 百分比。,Separate explicit reported primary-data calculation weights from source-mix inference before using the ratio as a data-quality conclusion.,2024_JARDINE MATHESON_sustainability_report.pdf,93,
P1,R5_PRIMARY_SECONDARY_BUBBLE,primary_secondary_bubble,r423_daiwahouseindustry,DAIWA HOUSE INDUSTRY,大和房建,423,2,assets/data/world500/workbench/world500_primary_secondary_unknown_share_review_queue.csv | assets/data/world500/workbench/world500_primary_secondary_calculation_weight_validation_queue.csv,high_unknown_source_share | calculation_weight_validation,P1_reduce_unknown_source_share,source_mix_ratio_from_method_rows_not_audited_calculation_weight,Primary-data ratios must distinguish explicit reported calculation weights from method-row source-mix inference.,把来源结构比例与真实计算权重区分开，优先补原文明示 primary data 百分比。,Separate explicit reported primary-data calculation weights from source-mix inference before using the ratio as a data-quality conclusion.,2025 DAIWA HOUSE INDUSTRY_Sustainability_All.pdf,132 | 133,
P1,R5_PRIMARY_SECONDARY_BUBBLE,primary_secondary_bubble,r427_broadcom,BROADCOM,博通公司,427,2,assets/data/world500/workbench/world500_primary_secondary_unknown_share_review_queue.csv | assets/data/world500/workbench/world500_primary_secondary_calculation_weight_validation_queue.csv,high_unknown_source_share | calculation_weight_validation,P1_reduce_unknown_source_share,source_mix_ratio_from_method_rows_not_audited_calculation_weight,Primary-data ratios must distinguish explicit reported calculation weights from method-row source-mix inference.,把来源结构比例与真实计算权重区分开，优先补原文明示 primary data 百分比。,Separate explicit reported primary-data calculation weights from source-mix inference before using the ratio as a data-quality conclusion.,broadcom-2024-corpresponsibility-final.pdf,62,
P1,R5_PRIMARY_SECONDARY_BUBBLE,primary_secondary_bubble,r428_jfeholdings,JFE HOLDINGS,日本钢铁工程控股公司,428,2,assets/data/world500/workbench/world500_primary_secondary_unknown_share_review_queue.csv | assets/data/world500/workbench/world500_primary_secondary_calculation_weight_validation_queue.csv,high_unknown_source_share | calculation_weight_validation,P1_reduce_unknown_source_share,source_mix_ratio_from_method_rows_not_audited_calculation_weight,Primary-data ratios must distinguish explicit reported calculation weights from method-row source-mix inference.,把来源结构比例与真实计算权重区分开，优先补原文明示 primary data 百分比。,Separate explicit reported primary-data calculation weights from source-mix inference before using the ratio as a data-quality conclusion.,JFE HOLDINGS sustainability2024e.pdf,20 | 238,
P1,R5_PRIMARY_SECONDARY_BUBBLE,primary_secondary_bubble,r431_elo集团,ELO,ELO,431,2,assets/data/world500/workbench/world500_primary_secondary_unknown_share_review_queue.csv | assets/data/world500/workbench/world500_primary_secondary_calculation_weight_validation_queue.csv,high_unknown_source_share | calculation_weight_validation,P1_reduce_unknown_source_share,source_mix_ratio_from_method_rows_not_audited_calculation_weight,Primary-data ratios must distinguish explicit reported calculation weights from method-row source-mix inference.,把来源结构比例与真实计算权重区分开，优先补原文明示 primary data 百分比。,Separate explicit reported primary-data calculation weights from source-mix inference before using the ratio as a data-quality conclusion.,RFA_ELO_2024_EN-1.pdf,148 | 149,
P1,R5_PRIMARY_SECONDARY_BUBBLE,primary_secondary_bubble,r445_salesforce,SALESFORCE,赛富时,445,2,assets/data/world500/workbench/world500_primary_secondary_unknown_share_review_queue.csv | assets/data/world500/workbench/world500_primary_secondary_calculation_weight_validation_queue.csv,high_unknown_source_share | calculation_weight_validation,P1_reduce_unknown_source_share,source_mix_ratio_from_method_rows_not_audited_calculation_weight,Primary-data ratios must distinguish explicit reported calculation weights from method-row source-mix inference.,把来源结构比例与真实计算权重区分开，优先补原文明示 primary data 百分比。,Separate explicit reported primary-data calculation weights from source-mix inference before using the ratio as a data-quality conclusion.,salesforce-fy24-stakeholder-impact-report.pdf,101,
P1,R5_PRIMARY_SECONDARY_BUBBLE,primary_secondary_bubble,r448_jabil,JABIL,捷普公司,448,2,assets/data/world500/workbench/world500_primary_secondary_unknown_share_review_queue.csv | assets/data/world500/workbench/world500_primary_secondary_calculation_weight_validation_queue.csv,high_unknown_source_share | calculation_weight_validation,P1_reduce_unknown_source_share,source_mix_ratio_from_method_rows_not_audited_calculation_weight,Primary-data ratios must distinguish explicit reported calculation weights from method-row source-mix inference.,把来源结构比例与真实计算权重区分开，优先补原文明示 primary data 百分比。,Separate explicit reported primary-data calculation weights from source-mix inference before using the ratio as a data-quality conclusion.,2024 Sustainability Report_Jabil.pdf,56,
P1,R5_PRIMARY_SECONDARY_BUBBLE,primary_secondary_bubble,r449_nationalaustraliabank,NATIONAL AUSTRALIA BANK,澳大利亚国民银行,449,2,assets/data/world500/workbench/world500_primary_secondary_unknown_share_review_queue.csv | assets/data/world500/workbench/world500_primary_secondary_calculation_weight_validation_queue.csv,high_unknown_source_share | calculation_weight_validation,P1_reduce_unknown_source_share,source_mix_ratio_from_method_rows_not_audited_calculation_weight,Primary-data ratios must distinguish explicit reported calculation weights from method-row source-mix inference.,把来源结构比例与真实计算权重区分开，优先补原文明示 primary data 百分比。,Separate explicit reported primary-data calculation weights from source-mix inference before using the ratio as a data-quality conclusion.,2024-NATIONAL AUSTRALIA BANK-climate-report.pdf,47 | 78 | 79,
P1,R5_PRIMARY_SECONDARY_BUBBLE,primary_secondary_bubble,r455_elililly,ELI LILLY,美国礼来公司,455,2,assets/data/world500/workbench/world500_primary_secondary_unknown_share_review_queue.csv | assets/data/world500/workbench/world500_primary_secondary_calculation_weight_validation_queue.csv,high_unknown_source_share | calculation_weight_validation,P1_reduce_unknown_source_share,source_mix_ratio_from_method_rows_not_audited_calculation_weight,Primary-data ratios must distinguish explicit reported calculation weights from method-row source-mix inference.,把来源结构比例与真实计算权重区分开，优先补原文明示 primary data 百分比。,Separate explicit reported primary-data calculation weights from source-mix inference before using the ratio as a data-quality conclusion.,2024_ELI LILLY-SustainabilityReport-20251020_FINAL.pdf,15 | 17,
P1,R5_PRIMARY_SECONDARY_BUBBLE,primary_secondary_bubble,r456_koreagas,KOREA GAS,韩国天然气公司,456,2,assets/data/world500/workbench/world500_primary_secondary_unknown_share_review_queue.csv | assets/data/world500/workbench/world500_primary_secondary_calculation_weight_validation_queue.csv,high_unknown_source_share | calculation_weight_validation,P1_reduce_unknown_source_share,source_mix_ratio_from_method_rows_not_audited_calculation_weight,Primary-data ratios must distinguish explicit reported calculation weights from method-row source-mix inference.,把来源结构比例与真实计算权重区分开，优先补原文明示 primary data 百分比。,Separate explicit reported primary-data calculation weights from source-mix inference before using the ratio as a data-quality conclusion.,KOGAS 2025 SUSTAINABILITY REPORT(A4).pdf,120,
P1,R5_PRIMARY_SECONDARY_BUBBLE,primary_secondary_bubble,r461_rabobankgroup,RABOBANK GROUP,荷兰合作银行集团,461,2,assets/data/world500/workbench/world500_primary_secondary_unknown_share_review_queue.csv | assets/data/world500/workbench/world500_primary_secondary_calculation_weight_validation_queue.csv,high_unknown_source_share | calculation_weight_validation,P1_reduce_unknown_source_share,source_mix_ratio_from_method_rows_not_audited_calculation_weight,Primary-data ratios must distinguish explicit reported calculation weights from method-row source-mix inference.,把来源结构比例与真实计算权重区分开，优先补原文明示 primary data 百分比。,Separate explicit reported primary-data calculation weights from source-mix inference before using the ratio as a data-quality conclusion.,rabobank_impact_report_2024.pdf,45,
P1,R5_PRIMARY_SECONDARY_BUBBLE,primary_secondary_bubble,r462_aisin,AISIN,爱信,462,2,assets/data/world500/workbench/world500_primary_secondary_unknown_share_review_queue.csv | assets/data/world500/workbench/world500_primary_secondary_calculation_weight_validation_queue.csv,high_unknown_source_share | calculation_weight_validation,P1_reduce_unknown_source_share,source_mix_ratio_from_method_rows_not_audited_calculation_weight,Primary-data ratios must distinguish explicit reported calculation weights from method-row source-mix inference.,把来源结构比例与真实计算权重区分开，优先补原文明示 primary data 百分比。,Separate explicit reported primary-data calculation weights from source-mix inference before using the ratio as a data-quality conclusion.,2024 AISIN_integrated report.pdf,93,
P1,R5_PRIMARY_SECONDARY_BUBBLE,primary_secondary_bubble,r466_bankofnewyorkmellon,BANK OF NEW YORK MELLON,纽约梅隆银行,466,2,assets/data/world500/workbench/world500_primary_secondary_unknown_share_review_queue.csv | assets/data/world500/workbench/world500_primary_secondary_calculation_weight_validation_queue.csv,high_unknown_source_share | calculation_weight_validation,P1_reduce_unknown_source_share,source_mix_ratio_from_method_rows_not_audited_calculation_weight,Primary-data ratios must distinguish explicit reported calculation weights from method-row source-mix inference.,把来源结构比例与真实计算权重区分开，优先补原文明示 primary data 百分比。,Separate explicit reported primary-data calculation weights from source-mix inference before using the ratio as a data-quality conclusion.,2023-BANK OF NEW YORK MELLON sustainability-report.pdf,123,
P1,R5_PRIMARY_SECONDARY_BUBBLE,primary_secondary_bubble,r467_tongweigroup,TONGWEI GROUP,通威集团有限公司,467,2,assets/data/world500/workbench/world500_primary_secondary_unknown_share_review_queue.csv | assets/data/world500/workbench/world500_primary_secondary_calculation_weight_validation_queue.csv,high_unknown_source_share | calculation_weight_validation,P1_reduce_unknown_source_share,source_mix_ratio_from_method_rows_not_audited_calculation_weight,Primary-data ratios must distinguish explicit reported calculation weights from method-row source-mix inference.,把来源结构比例与真实计算权重区分开，优先补原文明示 primary data 百分比。,Separate explicit reported primary-data calculation weights from source-mix inference before using the ratio as a data-quality conclusion.,2024 TONGWEI GROUP ESG report.pdf,133,
P1,R5_PRIMARY_SECONDARY_BUBBLE,primary_secondary_bubble,r469_novonordisk,NOVO NORDISK,诺和诺德公司,469,2,assets/data/world500/workbench/world500_primary_secondary_unknown_share_review_queue.csv | assets/data/world500/workbench/world500_primary_secondary_calculation_weight_validation_queue.csv,high_unknown_source_share | calculation_weight_validation,P1_reduce_unknown_source_share,explicit_reported_primary_percentage_pending_weight_validation,Primary-data ratios must distinguish explicit reported calculation weights from method-row source-mix inference.,把来源结构比例与真实计算权重区分开，优先补原文明示 primary data 百分比。,Separate explicit reported primary-data calculation weights from source-mix inference before using the ratio as a data-quality conclusion.,novo-nordisk-annual-report-2024.pdf,57,
P1,R5_PRIMARY_SECONDARY_BUBBLE,primary_secondary_bubble,r478_siemensenergy,SIEMENS ENERGY,西门子能源,478,2,assets/data/world500/workbench/world500_primary_secondary_unknown_share_review_queue.csv | assets/data/world500/workbench/world500_primary_secondary_calculation_weight_validation_queue.csv,high_unknown_source_share | calculation_weight_validation,P1_reduce_unknown_source_share,source_mix_ratio_from_method_rows_not_audited_calculation_weight,Primary-data ratios must distinguish explicit reported calculation weights from method-row source-mix inference.,把来源结构比例与真实计算权重区分开，优先补原文明示 primary data 百分比。,Separate explicit reported primary-data calculation weights from source-mix inference before using the ratio as a data-quality conclusion.,SIEMENS ENERGY-sustainability-report-2024-pdf_Original%20file.pdf,86,
P1,R5_PRIMARY_SECONDARY_BUBBLE,primary_secondary_bubble,r480_ecopetrol,ECOPETROL,哥伦比亚国家石油公司,480,2,assets/data/world500/workbench/world500_primary_secondary_unknown_share_review_queue.csv | assets/data/world500/workbench/world500_primary_secondary_calculation_weight_validation_queue.csv,high_unknown_source_share | calculation_weight_validation,P1_reduce_unknown_source_share,source_mix_ratio_from_method_rows_not_audited_calculation_weight,Primary-data ratios must distinguish explicit reported calculation weights from method-row source-mix inference.,把来源结构比例与真实计算权重区分开，优先补原文明示 primary data 百分比。,Separate explicit reported primary-data calculation weights from source-mix inference before using the ratio as a data-quality conclusion.,2024-ECOPETROL-integrated-management-report.pdf,145 | 151,
P1,R5_PRIMARY_SECONDARY_BUBBLE,primary_secondary_bubble,r481_arrowelectronics,ARROW ELECTRONICS,艾睿电子,481,2,assets/data/world500/workbench/world500_primary_secondary_unknown_share_review_queue.csv | assets/data/world500/workbench/world500_primary_secondary_calculation_weight_validation_queue.csv,high_unknown_source_share | calculation_weight_validation,P1_reduce_unknown_source_share,source_mix_ratio_from_method_rows_not_audited_calculation_weight,Primary-data ratios must distinguish explicit reported calculation weights from method-row source-mix inference.,把来源结构比例与真实计算权重区分开，优先补原文明示 primary data 百分比。,Separate explicit reported primary-data calculation weights from source-mix inference before using the ratio as a data-quality conclusion.,2024-ARROW ELECTRONICS-Corporate-Stewardship-and-Impact-Report-1.pdf,36,
P1,R5_PRIMARY_SECONDARY_BUBBLE,primary_secondary_bubble,r482_jerónimomartins公司,Jerónimo Martins,Jerónimo Martins,482,2,assets/data/world500/workbench/world500_primary_secondary_unknown_share_review_queue.csv | assets/data/world500/workbench/world500_primary_secondary_calculation_weight_validation_queue.csv,high_unknown_source_share | calculation_weight_validation,P1_reduce_unknown_source_share,explicit_reported_primary_percentage_pending_weight_validation,Primary-data ratios must distinguish explicit reported calculation weights from method-row source-mix inference.,把来源结构比例与真实计算权重区分开，优先补原文明示 primary data 百分比。,Separate explicit reported primary-data calculation weights from source-mix inference before using the ratio as a data-quality conclusion.,Jerónimo Martins公司-nfr-corporate-responsibility-jeronimomartins-ar24.pdf,33 | 31,
P1,R5_PRIMARY_SECONDARY_BUBBLE,primary_secondary_bubble,r484_commonwealthbankofaustralia,COMMONWEALTH BANK OF AUSTRALIA,澳洲联邦银行,484,2,assets/data/world500/workbench/world500_primary_secondary_unknown_share_review_queue.csv | assets/data/world500/workbench/world500_primary_secondary_calculation_weight_validation_queue.csv,high_unknown_source_share | calculation_weight_validation,P1_reduce_unknown_source_share,source_mix_ratio_from_method_rows_not_audited_calculation_weight,Primary-data ratios must distinguish explicit reported calculation weights from method-row source-mix inference.,把来源结构比例与真实计算权重区分开，优先补原文明示 primary data 百分比。,Separate explicit reported primary-data calculation weights from source-mix inference before using the ratio as a data-quality conclusion.,COMMONWEALTH BANK OF AUSTRALIA-2024-Climate-Report.pdf,18 | 58,
P1,R5_PRIMARY_SECONDARY_BUBBLE,primary_secondary_bubble,r487_heineken,HEINEKEN,喜力公司,487,2,assets/data/world500/workbench/world500_primary_secondary_unknown_share_review_queue.csv | assets/data/world500/workbench/world500_primary_secondary_calculation_weight_validation_queue.csv,high_unknown_source_share | calculation_weight_validation,P1_reduce_unknown_source_share,source_mix_ratio_from_method_rows_not_audited_calculation_weight,Primary-data ratios must distinguish explicit reported calculation weights from method-row source-mix inference.,把来源结构比例与真实计算权重区分开，优先补原文明示 primary data 百分比。,Separate explicit reported primary-data calculation weights from source-mix inference before using the ratio as a data-quality conclusion.,heineken_n_v_annual_report_2024_final_20feb2025.pdf,250 | 251,
P1,R5_PRIMARY_SECONDARY_BUBBLE,primary_secondary_bubble,r491_apolloglobalmanagement,APOLLO GLOBAL MANAGEMENT,阿波罗全球管理公司,491,2,assets/data/world500/workbench/world500_primary_secondary_unknown_share_review_queue.csv | assets/data/world500/workbench/world500_primary_secondary_calculation_weight_validation_queue.csv,high_unknown_source_share | calculation_weight_validation,P1_reduce_unknown_source_share,source_mix_ratio_from_method_rows_not_audited_calculation_weight,Primary-data ratios must distinguish explicit reported calculation weights from method-row source-mix inference.,把来源结构比例与真实计算权重区分开，优先补原文明示 primary data 百分比。,Separate explicit reported primary-data calculation weights from source-mix inference before using the ratio as a data-quality conclusion.,apollo-2024-sustainability-report-june-2025.pdf,34,
P1,R5_PRIMARY_SECONDARY_BUBBLE,primary_secondary_bubble,r492_emiratesgroup,EMIRATES GROUP,阿联酋航空集团,492,2,assets/data/world500/workbench/world500_primary_secondary_unknown_share_review_queue.csv | assets/data/world500/workbench/world500_primary_secondary_calculation_weight_validation_queue.csv,high_unknown_source_share | calculation_weight_validation,P1_reduce_unknown_source_share,source_mix_ratio_from_method_rows_not_audited_calculation_weight,Primary-data ratios must distinguish explicit reported calculation weights from method-row source-mix inference.,把来源结构比例与真实计算权重区分开，优先补原文明示 primary data 百分比。,Separate explicit reported primary-data calculation weights from source-mix inference before using the ratio as a data-quality conclusion.,2023-2024-EMIRATES GROUP-annual-report.pdf,72 | 73,
P1,R5_PRIMARY_SECONDARY_BUBBLE,primary_secondary_bubble,r498_瑞士abb集团,ABB,瑞士ABB,498,2,assets/data/world500/workbench/world500_primary_secondary_unknown_share_review_queue.csv | assets/data/world500/workbench/world500_primary_secondary_calculation_weight_validation_queue.csv,high_unknown_source_share | calculation_weight_validation,P1_reduce_unknown_source_share,source_mix_ratio_from_method_rows_not_audited_calculation_weight,Primary-data ratios must distinguish explicit reported calculation weights from method-row source-mix inference.,把来源结构比例与真实计算权重区分开，优先补原文明示 primary data 百分比。,Separate explicit reported primary-data calculation weights from source-mix inference before using the ratio as a data-quality conclusion.,ABB Sustainability Statement 2024.pdf,113,
P1,R5_PRIMARY_SECONDARY_BUBBLE,primary_secondary_bubble,r001_walmart,WALMART,沃尔玛,1,1,assets/data/world500/workbench/world500_primary_secondary_source_origin_backfill_queue.csv,missing_primary_secondary_classification,P0_classify_source_origin,source_mix_ratio_from_method_rows_not_audited_calculation_weight,Primary-data ratios must distinguish explicit reported calculation weights from method-row source-mix inference.,把来源结构比例与真实计算权重区分开，优先补原文明示 primary data 百分比。,Separate explicit reported primary-data calculation weights from source-mix inference before using the ratio as a data-quality conclusion.,,,
P1,R5_PRIMARY_SECONDARY_BUBBLE,primary_secondary_bubble,r002_amazoncom,AMAZON.COM,亚马逊,2,1,assets/data/world500/workbench/world500_primary_secondary_source_origin_backfill_queue.csv,missing_primary_secondary_classification,P0_classify_source_origin,source_mix_ratio_from_method_rows_not_audited_calculation_weight,Primary-data ratios must distinguish explicit reported calculation weights from method-row source-mix inference.,把来源结构比例与真实计算权重区分开，优先补原文明示 primary data 百分比。,Separate explicit reported primary-data calculation weights from source-mix inference before using the ratio as a data-quality conclusion.,,,
P1,R5_PRIMARY_SECONDARY_BUBBLE,primary_secondary_bubble,r005_sinopecgroup,SINOPEC GROUP,中国石油化工集团有限公司,5,1,assets/data/world500/workbench/world500_primary_secondary_calculation_weight_validation_queue.csv,calculation_weight_validation,P2_verify_source_mix_snippets,source_mix_ratio_from_method_rows_not_audited_calculation_weight,Primary-data ratios must distinguish explicit reported calculation weights from method-row source-mix inference.,把来源结构比例与真实计算权重区分开，优先补原文明示 primary data 百分比。,Separate explicit reported primary-data calculation weights from source-mix inference before using the ratio as a data-quality conclusion.,Sinopec_Group_Annual_Report_2024_en.pdf,16 | 18,
P1,R5_PRIMARY_SECONDARY_BUBBLE,primary_secondary_bubble,r015_toyotamotor,TOYOTA MOTOR,丰田汽车公司,15,1,assets/data/world500/workbench/world500_primary_secondary_source_origin_backfill_queue.csv,missing_primary_secondary_classification,P0_classify_source_origin,source_mix_ratio_from_method_rows_not_audited_calculation_weight,Primary-data ratios must distinguish explicit reported calculation weights from method-row source-mix inference.,把来源结构比例与真实计算权重区分开，优先补原文明示 primary data 百分比。,Separate explicit reported primary-data calculation weights from source-mix inference before using the ratio as a data-quality conclusion.,,,
P1,R5_PRIMARY_SECONDARY_BUBBLE,primary_secondary_bubble,r018_cencora公司,Cencora,Cencora,18,1,assets/data/world500/workbench/world500_primary_secondary_source_origin_backfill_queue.csv,missing_primary_secondary_classification,P0_classify_source_origin,source_mix_ratio_from_method_rows_not_audited_calculation_weight,Primary-data ratios must distinguish explicit reported calculation weights from method-row source-mix inference.,把来源结构比例与真实计算权重区分开，优先补原文明示 primary data 百分比。,Separate explicit reported primary-data calculation weights from source-mix inference before using the ratio as a data-quality conclusion.,,,
P1,R5_PRIMARY_SECONDARY_BUBBLE,primary_secondary_bubble,r019_trafiguragroup,TRAFIGURA GROUP,托克集团,19,1,assets/data/world500/workbench/world500_primary_secondary_source_origin_backfill_queue.csv,missing_primary_secondary_classification,P0_classify_source_origin,source_mix_ratio_from_method_rows_not_audited_calculation_weight,Primary-data ratios must distinguish explicit reported calculation weights from method-row source-mix inference.,把来源结构比例与真实计算权重区分开，优先补原文明示 primary data 百分比。,Separate explicit reported primary-data calculation weights from source-mix inference before using the ratio as a data-quality conclusion.,,,
P1,R5_PRIMARY_SECONDARY_BUBBLE,primary_secondary_bubble,r020_costcowholesale,COSTCO WHOLESALE,开市客,20,1,assets/data/world500/workbench/world500_primary_secondary_source_origin_backfill_queue.csv,missing_primary_secondary_classification,P0_classify_source_origin,source_mix_ratio_from_method_rows_not_audited_calculation_weight,Primary-data ratios must distinguish explicit reported calculation weights from method-row source-mix inference.,把来源结构比例与真实计算权重区分开，优先补原文明示 primary data 百分比。,Separate explicit reported primary-data calculation weights from source-mix inference before using the ratio as a data-quality conclusion.,,,
P1,R5_PRIMARY_SECONDARY_BUBBLE,primary_secondary_bubble,r021_jpmorganchase,JPMORGAN CHASE,摩根大通公司,21,1,assets/data/world500/workbench/world500_primary_secondary_source_origin_backfill_queue.csv,missing_primary_secondary_classification,P0_classify_source_origin,source_mix_ratio_from_method_rows_not_audited_calculation_weight,Primary-data ratios must distinguish explicit reported calculation weights from method-row source-mix inference.,把来源结构比例与真实计算权重区分开，优先补原文明示 primary data 百分比。,Separate explicit reported primary-data calculation weights from source-mix inference before using the ratio as a data-quality conclusion.,,,
P1,R5_PRIMARY_SECONDARY_BUBBLE,primary_secondary_bubble,r025_bp,BP,英国石油公司,25,1,assets/data/world500/workbench/world500_primary_secondary_source_origin_backfill_queue.csv,missing_primary_secondary_classification,P0_classify_source_origin,source_mix_ratio_from_method_rows_not_audited_calculation_weight,Primary-data ratios must distinguish explicit reported calculation weights from method-row source-mix inference.,把来源结构比例与真实计算权重区分开，优先补原文明示 primary data 百分比。,Separate explicit reported primary-data calculation weights from source-mix inference before using the ratio as a data-quality conclusion.,,,
P1,R5_PRIMARY_SECONDARY_BUBBLE,primary_secondary_bubble,r029_chevron,CHEVRON,雪佛龙,29,1,assets/data/world500/workbench/world500_primary_secondary_source_origin_backfill_queue.csv,missing_primary_secondary_classification,P0_classify_source_origin,source_mix_ratio_from_method_rows_not_audited_calculation_weight,Primary-data ratios must distinguish explicit reported calculation weights from method-row source-mix inference.,把来源结构比例与真实计算权重区分开，优先补原文明示 primary data 百分比。,Separate explicit reported primary-data calculation weights from source-mix inference before using the ratio as a data-quality conclusion.,,,
P1,R5_PRIMARY_SECONDARY_BUBBLE,primary_secondary_bubble,r030_chinaconstructionbank,CHINA CONSTRUCTION BANK,中国建设银行股份有限公司,30,1,assets/data/world500/workbench/world500_primary_secondary_source_origin_backfill_queue.csv,missing_primary_secondary_classification,P0_classify_source_origin,source_mix_ratio_from_method_rows_not_audited_calculation_weight,Primary-data ratios must distinguish explicit reported calculation weights from method-row source-mix inference.,把来源结构比例与真实计算权重区分开，优先补原文明示 primary data 百分比。,Separate explicit reported primary-data calculation weights from source-mix inference before using the ratio as a data-quality conclusion.,,,
P1,R5_PRIMARY_SECONDARY_BUBBLE,primary_secondary_bubble,r031_samsungelectronics,SAMSUNG ELECTRONICS,三星电子,31,1,assets/data/world500/workbench/world500_primary_secondary_source_origin_backfill_queue.csv,missing_primary_secondary_classification,P0_classify_source_origin,source_mix_ratio_from_method_rows_not_audited_calculation_weight,Primary-data ratios must distinguish explicit reported calculation weights from method-row source-mix inference.,把来源结构比例与真实计算权重区分开，优先补原文明示 primary data 百分比。,Separate explicit reported primary-data calculation weights from source-mix inference before using the ratio as a data-quality conclusion.,,,
P1,R5_PRIMARY_SECONDARY_BUBBLE,primary_secondary_bubble,r032_honhaiprecisionindustry,HON HAI PRECISION INDUSTRY,鸿海精密工业股份有限公司,32,1,assets/data/world500/workbench/world500_primary_secondary_source_origin_backfill_queue.csv,missing_primary_secondary_classification,P0_classify_source_origin,source_mix_ratio_from_method_rows_not_audited_calculation_weight,Primary-data ratios must distinguish explicit reported calculation weights from method-row source-mix inference.,把来源结构比例与真实计算权重区分开，优先补原文明示 primary data 百分比。,Separate explicit reported primary-data calculation weights from source-mix inference before using the ratio as a data-quality conclusion.,,,
P1,R5_PRIMARY_SECONDARY_BUBBLE,primary_secondary_bubble,r033_cignagroup,CIGNA GROUP,信诺集团,33,1,assets/data/world500/workbench/world500_primary_secondary_source_origin_backfill_queue.csv,missing_primary_secondary_classification,P0_classify_source_origin,source_mix_ratio_from_method_rows_not_audited_calculation_weight,Primary-data ratios must distinguish explicit reported calculation weights from method-row source-mix inference.,把来源结构比例与真实计算权重区分开，优先补原文明示 primary data 百分比。,Separate explicit reported primary-data calculation weights from source-mix inference before using the ratio as a data-quality conclusion.,,,
P1,R5_PRIMARY_SECONDARY_BUBBLE,primary_secondary_bubble,r034_agriculturalbankofchina,AGRICULTURAL BANK OF CHINA,中国农业银行股份有限公司,34,1,assets/data/world500/workbench/world500_primary_secondary_calculation_weight_validation_queue.csv,calculation_weight_validation,P2_verify_source_mix_snippets,source_mix_ratio_from_method_rows_not_audited_calculation_weight,Primary-data ratios must distinguish explicit reported calculation weights from method-row source-mix inference.,把来源结构比例与真实计算权重区分开，优先补原文明示 primary data 百分比。,Separate explicit reported primary-data calculation weights from source-mix inference before using the ratio as a data-quality conclusion.,2024-中国农业银行股份有限公司可持续发展报告.pdf,24,
P1,R5_PRIMARY_SECONDARY_BUBBLE,primary_secondary_bubble,r037_bankofchina,BANK OF CHINA,中国银行股份有限公司,37,1,assets/data/world500/workbench/world500_primary_secondary_calculation_weight_validation_queue.csv,calculation_weight_validation,P2_verify_source_mix_snippets,source_mix_ratio_from_method_rows_not_audited_calculation_weight,Primary-data ratios must distinguish explicit reported calculation weights from method-row source-mix inference.,把来源结构比例与真实计算权重区分开，优先补原文明示 primary data 百分比。,Separate explicit reported primary-data calculation weights from source-mix inference before using the ratio as a data-quality conclusion.,2024中国银行股份有限公司社会责任报告.pdf,67,
P1,R5_PRIMARY_SECONDARY_BUBBLE,primary_secondary_bubble,r041_bmwgroup,BMW GROUP,宝马集团,41,1,assets/data/world500/workbench/world500_primary_secondary_source_origin_backfill_queue.csv,missing_primary_secondary_classification,P0_classify_source_origin,source_mix_ratio_from_method_rows_not_audited_calculation_weight,Primary-data ratios must distinguish explicit reported calculation weights from method-row source-mix inference.,把来源结构比例与真实计算权重区分开，优先补原文明示 primary data 百分比。,Separate explicit reported primary-data calculation weights from source-mix inference before using the ratio as a data-quality conclusion.,,,
P1,R5_PRIMARY_SECONDARY_BUBBLE,primary_secondary_bubble,r042_mercedesbenzgroup,MERCEDES-BENZ GROUP,梅赛德斯-奔驰集团,42,1,assets/data/world500/workbench/world500_primary_secondary_source_origin_backfill_queue.csv,missing_primary_secondary_classification,P0_classify_source_origin,source_mix_ratio_from_method_rows_not_audited_calculation_weight,Primary-data ratios must distinguish explicit reported calculation weights from method-row source-mix inference.,把来源结构比例与真实计算权重区分开，优先补原文明示 primary data 百分比。,Separate explicit reported primary-data calculation weights from source-mix inference before using the ratio as a data-quality conclusion.,,,
P1,R5_PRIMARY_SECONDARY_BUBBLE,primary_secondary_bubble,r045_citigroup,CITIGROUP,花旗集团,45,1,assets/data/world500/workbench/world500_primary_secondary_source_origin_backfill_queue.csv,missing_primary_secondary_classification,P0_classify_source_origin,source_mix_ratio_from_method_rows_not_audited_calculation_weight,Primary-data ratios must distinguish explicit reported calculation weights from method-row source-mix inference.,把来源结构比例与真实计算权重区分开，优先补原文明示 primary data 百分比。,Separate explicit reported primary-data calculation weights from source-mix inference before using the ratio as a data-quality conclusion.,,,
P1,R5_PRIMARY_SECONDARY_BUBBLE,primary_secondary_bubble,r046_centene公司,Centene,Centene,46,1,assets/data/world500/workbench/world500_primary_secondary_source_origin_backfill_queue.csv,missing_primary_secondary_classification,P0_classify_source_origin,source_mix_ratio_from_method_rows_not_audited_calculation_weight,Primary-data ratios must distinguish explicit reported calculation weights from method-row source-mix inference.,把来源结构比例与真实计算权重区分开，优先补原文明示 primary data 百分比。,Separate explicit reported primary-data calculation weights from source-mix inference before using the ratio as a data-quality conclusion.,,,
P1,R5_PRIMARY_SECONDARY_BUBBLE,primary_secondary_bubble,r047_jdcom,JD.COM,京东集团股份有限公司,47,1,assets/data/world500/workbench/world500_primary_secondary_source_origin_backfill_queue.csv,missing_primary_secondary_classification,P0_classify_source_origin,source_mix_ratio_from_method_rows_not_audited_calculation_weight,Primary-data ratios must distinguish explicit reported calculation weights from method-row source-mix inference.,把来源结构比例与真实计算权重区分开，优先补原文明示 primary data 百分比。,Separate explicit reported primary-data calculation weights from source-mix inference before using the ratio as a data-quality conclusion.,,,
P1,R5_PRIMARY_SECONDARY_BUBBLE,primary_secondary_bubble,r048_homedepot,HOME DEPOT,家得宝,48,1,assets/data/world500/workbench/world500_primary_secondary_source_origin_backfill_queue.csv,missing_primary_secondary_classification,P0_classify_source_origin,source_mix_ratio_from_method_rows_not_audited_calculation_weight,Primary-data ratios must distinguish explicit reported calculation weights from method-row source-mix inference.,把来源结构比例与真实计算权重区分开，优先补原文明示 primary data 百分比。,Separate explicit reported primary-data calculation weights from source-mix inference before using the ratio as a data-quality conclusion.,,,
P1,R5_PRIMARY_SECONDARY_BUBBLE,primary_secondary_bubble,r050_marathonpetroleum,MARATHON PETROLEUM,马拉松原油公司,50,1,assets/data/world500/workbench/world500_primary_secondary_source_origin_backfill_queue.csv,missing_primary_secondary_classification,P0_classify_source_origin,source_mix_ratio_from_method_rows_not_audited_calculation_weight,Primary-data ratios must distinguish explicit reported calculation weights from method-row source-mix inference.,把来源结构比例与真实计算权重区分开，优先补原文明示 primary data 百分比。,Separate explicit reported primary-data calculation weights from source-mix inference before using the ratio as a data-quality conclusion.,,,
P1,R5_PRIMARY_SECONDARY_BUBBLE,primary_secondary_bubble,r052_phillips66公司,Phillips 66,Phillips 66,52,1,assets/data/world500/workbench/world500_primary_secondary_source_origin_backfill_queue.csv,missing_primary_secondary_classification,P0_classify_source_origin,source_mix_ratio_from_method_rows_not_audited_calculation_weight,Primary-data ratios must distinguish explicit reported calculation weights from method-row source-mix inference.,把来源结构比例与真实计算权重区分开，优先补原文明示 primary data 百分比。,Separate explicit reported primary-data calculation weights from source-mix inference before using the ratio as a data-quality conclusion.,,,
P1,R5_PRIMARY_SECONDARY_BUBBLE,primary_secondary_bubble,r055_chinamobilecommunications,CHINA MOBILE COMMUNICATIONS,中国移动通信集团有限公司,55,1,assets/data/world500/workbench/world500_primary_secondary_source_origin_backfill_queue.csv,missing_primary_secondary_classification,P0_classify_source_origin,source_mix_ratio_from_method_rows_not_audited_calculation_weight,Primary-data ratios must distinguish explicit reported calculation weights from method-row source-mix inference.,把来源结构比例与真实计算权重区分开，优先补原文明示 primary data 百分比。,Separate explicit reported primary-data calculation weights from source-mix inference before using the ratio as a data-quality conclusion.,,,
P1,R5_PRIMARY_SECONDARY_BUBBLE,primary_secondary_bubble,r058_fanniemae,FANNIE MAE,房利美,58,1,assets/data/world500/workbench/world500_primary_secondary_source_origin_backfill_queue.csv,missing_primary_secondary_classification,P0_classify_source_origin,source_mix_ratio_from_method_rows_not_audited_calculation_weight,Primary-data ratios must distinguish explicit reported calculation weights from method-row source-mix inference.,把来源结构比例与真实计算权重区分开，优先补原文明示 primary data 百分比。,Separate explicit reported primary-data calculation weights from source-mix inference before using the ratio as a data-quality conclusion.,,,
P1,R5_PRIMARY_SECONDARY_BUBBLE,primary_secondary_bubble,r059_chinalifeinsurance,CHINA LIFE INSURANCE,中国人寿保险（集团）公司,59,1,assets/data/world500/workbench/world500_primary_secondary_source_origin_backfill_queue.csv,missing_primary_secondary_classification,P0_classify_source_origin,source_mix_ratio_from_method_rows_not_audited_calculation_weight,Primary-data ratios must distinguish explicit reported calculation weights from method-row source-mix inference.,把来源结构比例与真实计算权重区分开，优先补原文明示 primary data 百分比。,Separate explicit reported primary-data calculation weights from source-mix inference before using the ratio as a data-quality conclusion.,,,
P1,R5_PRIMARY_SECONDARY_BUBBLE,primary_secondary_bubble,r060_walgreensbootsalliance,WALGREENS BOOTS ALLIANCE,沃博联,60,1,assets/data/world500/workbench/world500_primary_secondary_source_origin_backfill_queue.csv,missing_primary_secondary_classification,P0_classify_source_origin,source_mix_ratio_from_method_rows_not_audited_calculation_weight,Primary-data ratios must distinguish explicit reported calculation weights from method-row source-mix inference.,把来源结构比例与真实计算权重区分开，优先补原文明示 primary data 百分比。,Separate explicit reported primary-data calculation weights from source-mix inference before using the ratio as a data-quality conclusion.,,,
P1,R5_PRIMARY_SECONDARY_BUBBLE,primary_secondary_bubble,r063_chinacommunicationsconstruction,CHINA COMMUNICATIONS CONSTRUCTION,中国交通建设集团有限公司,63,1,assets/data/world500/workbench/world500_primary_secondary_source_origin_backfill_queue.csv,missing_primary_secondary_classification,P0_classify_source_origin,source_mix_ratio_from_method_rows_not_audited_calculation_weight,Primary-data ratios must distinguish explicit reported calculation weights from method-row source-mix inference.,把来源结构比例与真实计算权重区分开，优先补原文明示 primary data 百分比。,Separate explicit reported primary-data calculation weights from source-mix inference before using the ratio as a data-quality conclusion.,,,
P1,R5_PRIMARY_SECONDARY_BUBBLE,primary_secondary_bubble,r068_verizoncommunications,VERIZON COMMUNICATIONS,威瑞森电信,68,1,assets/data/world500/workbench/world500_primary_secondary_source_origin_backfill_queue.csv,missing_primary_secondary_classification,P0_classify_source_origin,source_mix_ratio_from_method_rows_not_audited_calculation_weight,Primary-data ratios must distinguish explicit reported calculation weights from method-row source-mix inference.,把来源结构比例与真实计算权重区分开，优先补原文明示 primary data 百分比。,Separate explicit reported primary-data calculation weights from source-mix inference before using the ratio as a data-quality conclusion.,,,
P1,R5_PRIMARY_SECONDARY_BUBBLE,primary_secondary_bubble,r070_alibabagroupholding,ALIBABA GROUP HOLDING,阿里巴巴集团控股有限公司,70,1,assets/data/world500/workbench/world500_primary_secondary_source_origin_backfill_queue.csv,missing_primary_secondary_classification,P0_classify_source_origin,source_mix_ratio_from_method_rows_not_audited_calculation_weight,Primary-data ratios must distinguish explicit reported calculation weights from method-row source-mix inference.,把来源结构比例与真实计算权重区分开，优先补原文明示 primary data 百分比。,Separate explicit reported primary-data calculation weights from source-mix inference before using the ratio as a data-quality conclusion.,,,
P1,R5_PRIMARY_SECONDARY_BUBBLE,primary_secondary_bubble,r071_citicgroup,CITIC GROUP,中国中信集团有限公司,71,1,assets/data/world500/workbench/world500_primary_secondary_source_origin_backfill_queue.csv,missing_primary_secondary_classification,P0_classify_source_origin,source_mix_ratio_from_method_rows_not_audited_calculation_weight,Primary-data ratios must distinguish explicit reported calculation weights from method-row source-mix inference.,把来源结构比例与真实计算权重区分开，优先补原文明示 primary data 百分比。,Separate explicit reported primary-data calculation weights from source-mix inference before using the ratio as a data-quality conclusion.,,,
P1,R5_PRIMARY_SECONDARY_BUBBLE,primary_secondary_bubble,r074_atandt,AT&T,美国电话电报公司,74,1,assets/data/world500/workbench/world500_primary_secondary_source_origin_backfill_queue.csv,missing_primary_secondary_classification,P0_classify_source_origin,source_mix_ratio_from_method_rows_not_audited_calculation_weight,Primary-data ratios must distinguish explicit reported calculation weights from method-row source-mix inference.,把来源结构比例与真实计算权重区分开，优先补原文明示 primary data 百分比。,Separate explicit reported primary-data calculation weights from source-mix inference before using the ratio as a data-quality conclusion.,,,
P1,R5_PRIMARY_SECONDARY_BUBBLE,primary_secondary_bubble,r079_uniper公司,Uniper,Uniper,79,1,assets/data/world500/workbench/world500_primary_secondary_source_origin_backfill_queue.csv,missing_primary_secondary_classification,P0_classify_source_origin,source_mix_ratio_from_method_rows_not_audited_calculation_weight,Primary-data ratios must distinguish explicit reported calculation weights from method-row source-mix inference.,把来源结构比例与真实计算权重区分开，优先补原文明示 primary data 百分比。,Separate explicit reported primary-data calculation weights from source-mix inference before using the ratio as a data-quality conclusion.,,,
P1,R5_PRIMARY_SECONDARY_BUBBLE,primary_secondary_bubble,r086_relianceindustries,RELIANCE INDUSTRIES,信实工业公司,86,1,assets/data/world500/workbench/world500_primary_secondary_calculation_weight_validation_queue.csv,calculation_weight_validation,P2_verify_source_mix_snippets,source_mix_ratio_from_method_rows_not_audited_calculation_weight,Primary-data ratios must distinguish explicit reported calculation weights from method-row source-mix inference.,把来源结构比例与真实计算权重区分开，优先补原文明示 primary data 百分比。,Separate explicit reported primary-data calculation weights from source-mix inference before using the ratio as a data-quality conclusion.,RELIANCE INDUSTRIES-BRSR2024~25.pdf,36,
P1,R5_PRIMARY_SECONDARY_BUBBLE,primary_secondary_bubble,r090_target,TARGET,塔吉特公司,90,1,assets/data/world500/workbench/world500_primary_secondary_source_origin_backfill_queue.csv,missing_primary_secondary_classification,P0_classify_source_origin,source_mix_ratio_from_method_rows_not_audited_calculation_weight,Primary-data ratios must distinguish explicit reported calculation weights from method-row source-mix inference.,把来源结构比例与真实计算权重区分开，优先补原文明示 primary data 百分比。,Separate explicit reported primary-data calculation weights from source-mix inference before using the ratio as a data-quality conclusion.,,,
P1,R5_PRIMARY_SECONDARY_BUBBLE,primary_secondary_bubble,r095_lifeinsurancecorpofindia,LIFE INSURANCE CORP. OF INDIA,印度人寿保险公司,95,1,assets/data/world500/workbench/world500_primary_secondary_calculation_weight_validation_queue.csv,calculation_weight_validation,P2_verify_source_mix_snippets,source_mix_ratio_from_method_rows_not_audited_calculation_weight,Primary-data ratios must distinguish explicit reported calculation weights from method-row source-mix inference.,把来源结构比例与真实计算权重区分开，优先补原文明示 primary data 百分比。,Separate explicit reported primary-data calculation weights from source-mix inference before using the ratio as a data-quality conclusion.,LIC_Annual_Report_2023_2024.pdf,299 | 302,
P1,R5_PRIMARY_SECONDARY_BUBBLE,primary_secondary_bubble,r100_sk集团,SK,SK,100,1,assets/data/world500/workbench/world500_primary_secondary_source_origin_backfill_queue.csv,missing_primary_secondary_classification,P0_classify_source_origin,source_mix_ratio_from_method_rows_not_audited_calculation_weight,Primary-data ratios must distinguish explicit reported calculation weights from method-row source-mix inference.,把来源结构比例与真实计算权重区分开，优先补原文明示 primary data 百分比。,Separate explicit reported primary-data calculation weights from source-mix inference before using the ratio as a data-quality conclusion.,,,
P1,R5_PRIMARY_SECONDARY_BUBBLE,primary_secondary_bubble,r105_boschgroup,BOSCH GROUP,博世集团,105,1,assets/data/world500/workbench/world500_primary_secondary_source_origin_backfill_queue.csv,missing_primary_secondary_classification,P0_classify_source_origin,source_mix_ratio_from_method_rows_not_audited_calculation_weight,Primary-data ratios must distinguish explicit reported calculation weights from method-row source-mix inference.,把来源结构比例与真实计算权重区分开，优先补原文明示 primary data 百分比。,Separate explicit reported primary-data calculation weights from source-mix inference before using the ratio as a data-quality conclusion.,,,
P1,R5_PRIMARY_SECONDARY_BUBBLE,primary_secondary_bubble,r110_tesla,TESLA,特斯拉,110,1,assets/data/world500/workbench/world500_primary_secondary_source_origin_backfill_queue.csv,missing_primary_secondary_classification,P0_classify_source_origin,source_mix_ratio_from_method_rows_not_audited_calculation_weight,Primary-data ratios must distinguish explicit reported calculation weights from method-row source-mix inference.,把来源结构比例与真实计算权重区分开，优先补原文明示 primary data 百分比。,Separate explicit reported primary-data calculation weights from source-mix inference before using the ratio as a data-quality conclusion.,,,
P1,R5_PRIMARY_SECONDARY_BUBBLE,primary_secondary_bubble,r113_brookfield,BROOKFIELD,博枫公司,113,1,assets/data/world500/workbench/world500_primary_secondary_source_origin_backfill_queue.csv,missing_primary_secondary_classification,P0_classify_source_origin,source_mix_ratio_from_method_rows_not_audited_calculation_weight,Primary-data ratios must distinguish explicit reported calculation weights from method-row source-mix inference.,把来源结构比例与真实计算权重区分开，优先补原文明示 primary data 百分比。,Separate explicit reported primary-data calculation weights from source-mix inference before using the ratio as a data-quality conclusion.,,,
P1,R5_PRIMARY_SECONDARY_BUBBLE,primary_secondary_bubble,r115_johnsonandjohnson,JOHNSON & JOHNSON,强生,115,1,assets/data/world500/workbench/world500_primary_secondary_source_origin_backfill_queue.csv,missing_primary_secondary_classification,P0_classify_source_origin,source_mix_ratio_from_method_rows_not_audited_calculation_weight,Primary-data ratios must distinguish explicit reported calculation weights from method-row source-mix inference.,把来源结构比例与真实计算权重区分开，优先补原文明示 primary data 百分比。,Separate explicit reported primary-data calculation weights from source-mix inference before using the ratio as a data-quality conclusion.,,,
P1,R5_PRIMARY_SECONDARY_BUBBLE,primary_secondary_bubble,r117_adm公司,ADM,ADM,117,1,assets/data/world500/workbench/world500_primary_secondary_source_origin_backfill_queue.csv,missing_primary_secondary_classification,P0_classify_source_origin,source_mix_ratio_from_method_rows_not_audited_calculation_weight,Primary-data ratios must distinguish explicit reported calculation weights from method-row source-mix inference.,把来源结构比例与真实计算权重区分开，优先补原文明示 primary data 百分比。,Separate explicit reported primary-data calculation weights from source-mix inference before using the ratio as a data-quality conclusion.,,,
P1,R5_PRIMARY_SECONDARY_BUBBLE,primary_secondary_bubble,r120_nippontelegraphandtelephone,NIPPON TELEGRAPH AND TELEPHONE,日本电报电话公司,120,1,assets/data/world500/workbench/world500_primary_secondary_source_origin_backfill_queue.csv,missing_primary_secondary_classification,P0_classify_source_origin,source_mix_ratio_from_method_rows_not_audited_calculation_weight,Primary-data ratios must distinguish explicit reported calculation weights from method-row source-mix inference.,把来源结构比例与真实计算权重区分开，优先补原文明示 primary data 百分比。,Separate explicit reported primary-data calculation weights from source-mix inference before using the ratio as a data-quality conclusion.,,,
P1,R5_PRIMARY_SECONDARY_BUBBLE,primary_secondary_bubble,r122_carrefour,CARREFOUR,家乐福,122,1,assets/data/world500/workbench/world500_primary_secondary_source_origin_backfill_queue.csv,missing_primary_secondary_classification,P0_classify_source_origin,source_mix_ratio_from_method_rows_not_audited_calculation_weight,Primary-data ratios must distinguish explicit reported calculation weights from method-row source-mix inference.,把来源结构比例与真实计算权重区分开，优先补原文明示 primary data 百分比。,Separate explicit reported primary-data calculation weights from source-mix inference before using the ratio as a data-quality conclusion.,,,
P1,R5_PRIMARY_SECONDARY_BUBBLE,primary_secondary_bubble,r123_pepsico,PEPSICO,百事公司,123,1,assets/data/world500/workbench/world500_primary_secondary_source_origin_backfill_queue.csv,missing_primary_secondary_classification,P0_classify_source_origin,source_mix_ratio_from_method_rows_not_audited_calculation_weight,Primary-data ratios must distinguish explicit reported calculation weights from method-row source-mix inference.,把来源结构比例与真实计算权重区分开，优先补原文明示 primary data 百分比。,Separate explicit reported primary-data calculation weights from source-mix inference before using the ratio as a data-quality conclusion.,,,
P1,R5_PRIMARY_SECONDARY_BUBBLE,primary_secondary_bubble,r127_fedex,FEDEX,联邦快递,127,1,assets/data/world500/workbench/world500_primary_secondary_source_origin_backfill_queue.csv,missing_primary_secondary_classification,P0_classify_source_origin,source_mix_ratio_from_method_rows_not_audited_calculation_weight,Primary-data ratios must distinguish explicit reported calculation weights from method-row source-mix inference.,把来源结构比例与真实计算权重区分开，优先补原文明示 primary data 百分比。,Separate explicit reported primary-data calculation weights from source-mix inference before using the ratio as a data-quality conclusion.,,,
P1,R5_PRIMARY_SECONDARY_BUBBLE,primary_secondary_bubble,r129_chinafawgroup,CHINA FAW GROUP,中国第一汽车集团有限公司,129,1,assets/data/world500/workbench/world500_primary_secondary_source_origin_backfill_queue.csv,missing_primary_secondary_classification,P0_classify_source_origin,source_mix_ratio_from_method_rows_not_audited_calculation_weight,Primary-data ratios must distinguish explicit reported calculation weights from method-row source-mix inference.,把来源结构比例与真实计算权重区分开，优先补原文明示 primary data 百分比。,Separate explicit reported primary-data calculation weights from source-mix inference before using the ratio as a data-quality conclusion.,,,
P1,R5_PRIMARY_SECONDARY_BUBBLE,primary_secondary_bubble,r131_waltdisney,WALT DISNEY,华特迪士尼公司,131,1,assets/data/world500/workbench/world500_primary_secondary_source_origin_backfill_queue.csv,missing_primary_secondary_classification,P0_classify_source_origin,source_mix_ratio_from_method_rows_not_audited_calculation_weight,Primary-data ratios must distinguish explicit reported calculation weights from method-row source-mix inference.,把来源结构比例与真实计算权重区分开，优先补原文明示 primary data 百分比。,Separate explicit reported primary-data calculation weights from source-mix inference before using the ratio as a data-quality conclusion.,,,
P1,R5_PRIMARY_SECONDARY_BUBBLE,primary_secondary_bubble,r133_delltechnologies,DELL TECHNOLOGIES,戴尔科技公司,133,1,assets/data/world500/workbench/world500_primary_secondary_source_origin_backfill_queue.csv,missing_primary_secondary_classification,P0_classify_source_origin,source_mix_ratio_from_method_rows_not_audited_calculation_weight,Primary-data ratios must distinguish explicit reported calculation weights from method-row source-mix inference.,把来源结构比例与真实计算权重区分开，优先补原文明示 primary data 百分比。,Separate explicit reported primary-data calculation weights from source-mix inference before using the ratio as a data-quality conclusion.,,,
P1,R5_PRIMARY_SECONDARY_BUBBLE,primary_secondary_bubble,r134_dhlgroup,DHL GROUP,敦豪集团,134,1,assets/data/world500/workbench/world500_primary_secondary_source_origin_backfill_queue.csv,missing_primary_secondary_classification,P0_classify_source_origin,source_mix_ratio_from_method_rows_not_audited_calculation_weight,Primary-data ratios must distinguish explicit reported calculation weights from method-row source-mix inference.,把来源结构比例与真实计算权重区分开，优先补原文明示 primary data 百分比。,Separate explicit reported primary-data calculation weights from source-mix inference before using the ratio as a data-quality conclusion.,,,
P1,R5_PRIMARY_SECONDARY_BUBBLE,primary_secondary_bubble,r135_chinatelecommunications,CHINA TELECOMMUNICATIONS,中国电信集团有限公司,135,1,assets/data/world500/workbench/world500_primary_secondary_source_origin_backfill_queue.csv,missing_primary_secondary_classification,P0_classify_source_origin,source_mix_ratio_from_method_rows_not_audited_calculation_weight,Primary-data ratios must distinguish explicit reported calculation weights from method-row source-mix inference.,把来源结构比例与真实计算权重区分开，优先补原文明示 primary data 百分比。,Separate explicit reported primary-data calculation weights from source-mix inference before using the ratio as a data-quality conclusion.,,,
P1,R5_PRIMARY_SECONDARY_BUBBLE,primary_secondary_bubble,r136_nissanmotor,NISSAN MOTOR,日产汽车,136,1,assets/data/world500/workbench/world500_primary_secondary_source_origin_backfill_queue.csv,missing_primary_secondary_classification,P0_classify_source_origin,source_mix_ratio_from_method_rows_not_audited_calculation_weight,Primary-data ratios must distinguish explicit reported calculation weights from method-row source-mix inference.,把来源结构比例与真实计算权重区分开，优先补原文明示 primary data 百分比。,Separate explicit reported primary-data calculation weights from source-mix inference before using the ratio as a data-quality conclusion.,,,
P1,R5_PRIMARY_SECONDARY_BUBBLE,primary_secondary_bubble,r140_tesco,TESCO,乐购,140,1,assets/data/world500/workbench/world500_primary_secondary_source_origin_backfill_queue.csv,missing_primary_secondary_classification,P0_classify_source_origin,source_mix_ratio_from_method_rows_not_audited_calculation_weight,Primary-data ratios must distinguish explicit reported calculation weights from method-row source-mix inference.,把来源结构比例与真实计算权重区分开，优先补原文明示 primary data 百分比。,Separate explicit reported primary-data calculation weights from source-mix inference before using the ratio as a data-quality conclusion.,,,
P1,R5_PRIMARY_SECONDARY_BUBBLE,primary_secondary_bubble,r141_tencentholdings,TENCENT HOLDINGS,腾讯控股有限公司,141,1,assets/data/world500/workbench/world500_primary_secondary_source_origin_backfill_queue.csv,missing_primary_secondary_classification,P0_classify_source_origin,source_mix_ratio_from_method_rows_not_audited_calculation_weight,Primary-data ratios must distinguish explicit reported calculation weights from method-row source-mix inference.,把来源结构比例与真实计算权重区分开，优先补原文明示 primary data 百分比。,Separate explicit reported primary-data calculation weights from source-mix inference before using the ratio as a data-quality conclusion.,,,
P1,R5_PRIMARY_SECONDARY_BUBBLE,primary_secondary_bubble,r143_byd,BYD,比亚迪股份有限公司,143,1,assets/data/world500/workbench/world500_primary_secondary_source_origin_backfill_queue.csv,missing_primary_secondary_classification,P0_classify_source_origin,source_mix_ratio_from_method_rows_not_audited_calculation_weight,Primary-data ratios must distinguish explicit reported calculation weights from method-row source-mix inference.,把来源结构比例与真实计算权重区分开，优先补原文明示 primary data 百分比。,Separate explicit reported primary-data calculation weights from source-mix inference before using the ratio as a data-quality conclusion.,,,
P1,R5_PRIMARY_SECONDARY_BUBBLE,primary_secondary_bubble,r144_nipponlifeinsurance,NIPPON LIFE INSURANCE,日本生命保险公司,144,1,assets/data/world500/workbench/world500_primary_secondary_calculation_weight_validation_queue.csv,calculation_weight_validation,P2_verify_source_mix_snippets,source_mix_ratio_from_method_rows_not_audited_calculation_weight,Primary-data ratios must distinguish explicit reported calculation weights from method-row source-mix inference.,把来源结构比例与真实计算权重区分开，优先补原文明示 primary data 百分比。,Separate explicit reported primary-data calculation weights from source-mix inference before using the ratio as a data-quality conclusion.,NIPPON LIFE INSURANCE-2024_Sustainability_Report.pdf,134,
P1,R5_PRIMARY_SECONDARY_BUBBLE,primary_secondary_bubble,r152_albertsons,ALBERTSONS,艾伯森公司,152,1,assets/data/world500/workbench/world500_primary_secondary_source_origin_backfill_queue.csv,missing_primary_secondary_classification,P0_classify_source_origin,source_mix_ratio_from_method_rows_not_audited_calculation_weight,Primary-data ratios must distinguish explicit reported calculation weights from method-row source-mix inference.,把来源结构比例与真实计算权重区分开，优先补原文明示 primary data 百分比。,Separate explicit reported primary-data calculation weights from source-mix inference before using the ratio as a data-quality conclusion.,,,
P1,R5_PRIMARY_SECONDARY_BUBBLE,primary_secondary_bubble,r153_eneosholdings,ENEOS HOLDINGS,引能仕控股株式会社,153,1,assets/data/world500/workbench/world500_primary_secondary_source_origin_backfill_queue.csv,missing_primary_secondary_classification,P0_classify_source_origin,source_mix_ratio_from_method_rows_not_audited_calculation_weight,Primary-data ratios must distinguish explicit reported calculation weights from method-row source-mix inference.,把来源结构比例与真实计算权重区分开，优先补原文明示 primary data 百分比。,Separate explicit reported primary-data calculation weights from source-mix inference before using the ratio as a data-quality conclusion.,,,
P1,R5_PRIMARY_SECONDARY_BUBBLE,primary_secondary_bubble,r156_uspostalservice,U.S. POSTAL SERVICE,美国邮政,156,1,assets/data/world500/workbench/world500_primary_secondary_source_origin_backfill_queue.csv,missing_primary_secondary_classification,P0_classify_source_origin,source_mix_ratio_from_method_rows_not_audited_calculation_weight,Primary-data ratios must distinguish explicit reported calculation weights from method-row source-mix inference.,把来源结构比例与真实计算权重区分开，优先补原文明示 primary data 百分比。,Separate explicit reported primary-data calculation weights from source-mix inference before using the ratio as a data-quality conclusion.,,,
P1,R5_PRIMARY_SECONDARY_BUBBLE,primary_secondary_bubble,r157_jiangxicopper,JIANGXI COPPER,江西铜业集团有限公司,157,1,assets/data/world500/workbench/world500_primary_secondary_source_origin_backfill_queue.csv,missing_primary_secondary_classification,P0_classify_source_origin,source_mix_ratio_from_method_rows_not_audited_calculation_weight,Primary-data ratios must distinguish explicit reported calculation weights from method-row source-mix inference.,把来源结构比例与真实计算权重区分开，优先补原文明示 primary data 百分比。,Separate explicit reported primary-data calculation weights from source-mix inference before using the ratio as a data-quality conclusion.,,,
P1,R5_PRIMARY_SECONDARY_BUBBLE,primary_secondary_bubble,r158_peoplesinsurancecoofchina,PEOPLE'S INSURANCE CO. OF CHINA,中国人民保险集团股份有限公司,158,1,assets/data/world500/workbench/world500_primary_secondary_source_origin_backfill_queue.csv,missing_primary_secondary_classification,P0_classify_source_origin,source_mix_ratio_from_method_rows_not_audited_calculation_weight,Primary-data ratios must distinguish explicit reported calculation weights from method-row source-mix inference.,把来源结构比例与真实计算权重区分开，优先补原文明示 primary data 百分比。,Separate explicit reported primary-data calculation weights from source-mix inference before using the ratio as a data-quality conclusion.,,,
P1,R5_PRIMARY_SECONDARY_BUBBLE,primary_secondary_bubble,r159_boeing,BOEING,波音,159,1,assets/data/world500/workbench/world500_primary_secondary_source_origin_backfill_queue.csv,missing_primary_secondary_classification,P0_classify_source_origin,source_mix_ratio_from_method_rows_not_audited_calculation_weight,Primary-data ratios must distinguish explicit reported calculation weights from method-row source-mix inference.,把来源结构比例与真实计算权重区分开，优先补原文明示 primary data 百分比。,Separate explicit reported primary-data calculation weights from source-mix inference before using the ratio as a data-quality conclusion.,,,
P1,R5_PRIMARY_SECONDARY_BUBBLE,primary_secondary_bubble,r163_sysco,SYSCO,西斯科公司,163,1,assets/data/world500/workbench/world500_primary_secondary_source_origin_backfill_queue.csv,missing_primary_secondary_classification,P0_classify_source_origin,source_mix_ratio_from_method_rows_not_audited_calculation_weight,Primary-data ratios must distinguish explicit reported calculation weights from method-row source-mix inference.,把来源结构比例与真实计算权重区分开，优先补原文明示 primary data 百分比。,Separate explicit reported primary-data calculation weights from source-mix inference before using the ratio as a data-quality conclusion.,,,
P1,R5_PRIMARY_SECONDARY_BUBBLE,primary_secondary_bubble,r165_pertamina,PERTAMINA,印尼国家石油公司,165,1,assets/data/world500/workbench/world500_primary_secondary_source_origin_backfill_queue.csv,missing_primary_secondary_classification,P0_classify_source_origin,source_mix_ratio_from_method_rows_not_audited_calculation_weight,Primary-data ratios must distinguish explicit reported calculation weights from method-row source-mix inference.,把来源结构比例与真实计算权重区分开，优先补原文明示 primary data 百分比。,Separate explicit reported primary-data calculation weights from source-mix inference before using the ratio as a data-quality conclusion.,,,
P1,R5_PRIMARY_SECONDARY_BUBBLE,primary_secondary_bubble,r169_lukoil,LUKOIL,卢克石油公司,169,1,assets/data/world500/workbench/world500_primary_secondary_source_origin_backfill_queue.csv,missing_primary_secondary_classification,P0_classify_source_origin,source_mix_ratio_from_method_rows_not_audited_calculation_weight,Primary-data ratios must distinguish explicit reported calculation weights from method-row source-mix inference.,把来源结构比例与真实计算权重区分开，优先补原文明示 primary data 百分比。,Separate explicit reported primary-data calculation weights from source-mix inference before using the ratio as a data-quality conclusion.,,,
P1,R5_PRIMARY_SECONDARY_BUBBLE,primary_secondary_bubble,r174_法国bpce银行集团,BPCE Group,法国BPCE银行,174,1,assets/data/world500/workbench/world500_primary_secondary_source_origin_backfill_queue.csv,missing_primary_secondary_classification,P0_classify_source_origin,source_mix_ratio_from_method_rows_not_audited_calculation_weight,Primary-data ratios must distinguish explicit reported calculation weights from method-row source-mix inference.,把来源结构比例与真实计算权重区分开，优先补原文明示 primary data 百分比。,Separate explicit reported primary-data calculation weights from source-mix inference before using the ratio as a data-quality conclusion.,,,
P1,R5_PRIMARY_SECONDARY_BUBBLE,primary_secondary_bubble,r176_巴西jbs公司,JBS,巴西JBS,176,1,assets/data/world500/workbench/world500_primary_secondary_source_origin_backfill_queue.csv,missing_primary_secondary_classification,P0_classify_source_origin,source_mix_ratio_from_method_rows_not_audited_calculation_weight,Primary-data ratios must distinguish explicit reported calculation weights from method-row source-mix inference.,把来源结构比例与真实计算权重区分开，优先补原文明示 primary data 百分比。,Separate explicit reported primary-data calculation weights from source-mix inference before using the ratio as a data-quality conclusion.,,,
P1,R5_PRIMARY_SECONDARY_BUBBLE,primary_secondary_bubble,r177_alimentationcouchetard公司,Alimentation Couche-Tard,Alimentation Couche-Tard,177,1,assets/data/world500/workbench/world500_primary_secondary_source_origin_backfill_queue.csv,missing_primary_secondary_classification,P0_classify_source_origin,source_mix_ratio_from_method_rows_not_audited_calculation_weight,Primary-data ratios must distinguish explicit reported calculation weights from method-row source-mix inference.,把来源结构比例与真实计算权重区分开，优先补原文明示 primary data 百分比。,Separate explicit reported primary-data calculation weights from source-mix inference before using the ratio as a data-quality conclusion.,,,
P1,R5_PRIMARY_SECONDARY_BUBBLE,primary_secondary_bubble,r178_statebankofindia,STATE BANK OF INDIA,印度国家银行,178,1,assets/data/world500/workbench/world500_primary_secondary_source_origin_backfill_queue.csv,missing_primary_secondary_classification,P0_classify_source_origin,source_mix_ratio_from_method_rows_not_audited_calculation_weight,Primary-data ratios must distinguish explicit reported calculation weights from method-row source-mix inference.,把来源结构比例与真实计算权重区分开，优先补原文明示 primary data 百分比。,Separate explicit reported primary-data calculation weights from source-mix inference before using the ratio as a data-quality conclusion.,,,
P1,R5_PRIMARY_SECONDARY_BUBBLE,primary_secondary_bubble,r179_chinamerchantsbank,CHINA MERCHANTS BANK,招商银行股份有限公司,179,1,assets/data/world500/workbench/world500_primary_secondary_source_origin_backfill_queue.csv,missing_primary_secondary_classification,P0_classify_source_origin,source_mix_ratio_from_method_rows_not_audited_calculation_weight,Primary-data ratios must distinguish explicit reported calculation weights from method-row source-mix inference.,把来源结构比例与真实计算权重区分开，优先补原文明示 primary data 百分比。,Separate explicit reported primary-data calculation weights from source-mix inference before using the ratio as a data-quality conclusion.,,,
P1,R5_PRIMARY_SECONDARY_BUBBLE,primary_secondary_bubble,r184_toyotatsusho,TOYOTA TSUSHO,丰田通商公司,184,1,assets/data/world500/workbench/world500_primary_secondary_source_origin_backfill_queue.csv,missing_primary_secondary_classification,P0_classify_source_origin,source_mix_ratio_from_method_rows_not_audited_calculation_weight,Primary-data ratios must distinguish explicit reported calculation weights from method-row source-mix inference.,把来源结构比例与真实计算权重区分开，优先补原文明示 primary data 百分比。,Separate explicit reported primary-data calculation weights from source-mix inference before using the ratio as a data-quality conclusion.,,,
P1,R5_PRIMARY_SECONDARY_BUBBLE,primary_secondary_bubble,r191_generalelectric,GENERAL ELECTRIC,通用电气公司,191,1,assets/data/world500/workbench/world500_primary_secondary_source_origin_backfill_queue.csv,missing_primary_secondary_classification,P0_classify_source_origin,source_mix_ratio_from_method_rows_not_audited_calculation_weight,Primary-data ratios must distinguish explicit reported calculation weights from method-row source-mix inference.,把来源结构比例与真实计算权重区分开，优先补原文明示 primary data 百分比。,Separate explicit reported primary-data calculation weights from source-mix inference before using the ratio as a data-quality conclusion.,,,
P1,R5_PRIMARY_SECONDARY_BUBBLE,primary_secondary_bubble,r193_lockheedmartin,LOCKHEED MARTIN,洛克希德－马丁,193,1,assets/data/world500/workbench/world500_primary_secondary_calculation_weight_validation_queue.csv,calculation_weight_validation,P2_verify_source_mix_snippets,source_mix_ratio_from_method_rows_not_audited_calculation_weight,Primary-data ratios must distinguish explicit reported calculation weights from method-row source-mix inference.,把来源结构比例与真实计算权重区分开，优先补原文明示 primary data 百分比。,Separate explicit reported primary-data calculation weights from source-mix inference before using the ratio as a data-quality conclusion.,2024-LOCKHEED MARTIN-Sustainability-Performance-Report.pdf,42,
P1,R5_PRIMARY_SECONDARY_BUBBLE,primary_secondary_bubble,r195_americanexpress,AMERICAN EXPRESS,美国运通公司,195,1,assets/data/world500/workbench/world500_primary_secondary_source_origin_backfill_queue.csv,missing_primary_secondary_classification,P0_classify_source_origin,source_mix_ratio_from_method_rows_not_audited_calculation_weight,Primary-data ratios must distinguish explicit reported calculation weights from method-row source-mix inference.,把来源结构比例与真实计算权重区分开，优先补原文明示 primary data 百分比。,Separate explicit reported primary-data calculation weights from source-mix inference before using the ratio as a data-quality conclusion.,,,
P1,R5_PRIMARY_SECONDARY_BUBBLE,primary_secondary_bubble,r198_wilmarinternational,WILMAR INTERNATIONAL,丰益国际,198,1,assets/data/world500/workbench/world500_primary_secondary_source_origin_backfill_queue.csv,missing_primary_secondary_classification,P0_classify_source_origin,source_mix_ratio_from_method_rows_not_audited_calculation_weight,Primary-data ratios must distinguish explicit reported calculation weights from method-row source-mix inference.,把来源结构比例与真实计算权重区分开，优先补原文明示 primary data 百分比。,Separate explicit reported primary-data calculation weights from source-mix inference before using the ratio as a data-quality conclusion.,,,
P1,R5_PRIMARY_SECONDARY_BUBBLE,primary_secondary_bubble,r199_caterpillar,CATERPILLAR,卡特彼勒,199,1,assets/data/world500/workbench/world500_primary_secondary_source_origin_backfill_queue.csv,missing_primary_secondary_classification,P0_classify_source_origin,source_mix_ratio_from_method_rows_not_audited_calculation_weight,Primary-data ratios must distinguish explicit reported calculation weights from method-row source-mix inference.,把来源结构比例与真实计算权重区分开，优先补原文明示 primary data 百分比。,Separate explicit reported primary-data calculation weights from source-mix inference before using the ratio as a data-quality conclusion.,,,
P1,R5_PRIMARY_SECONDARY_BUBBLE,primary_secondary_bubble,r201_koreaelectricpower,KOREA ELECTRIC POWER,韩国电力公司,201,1,assets/data/world500/workbench/world500_primary_secondary_calculation_weight_validation_queue.csv,calculation_weight_validation,P2_verify_source_mix_snippets,source_mix_ratio_from_method_rows_not_audited_calculation_weight,Primary-data ratios must distinguish explicit reported calculation weights from method-row source-mix inference.,把来源结构比例与真实计算权重区分开，优先补原文明示 primary data 百分比。,Separate explicit reported primary-data calculation weights from source-mix inference before using the ratio as a data-quality conclusion.,(KEPCO)2024SustainabilityReport_Eng.pdf,150,
P1,R5_PRIMARY_SECONDARY_BUBBLE,primary_secondary_bubble,r203_aeon,AEON,日本永旺集团,203,1,assets/data/world500/workbench/world500_primary_secondary_source_origin_backfill_queue.csv,missing_primary_secondary_classification,P0_classify_source_origin,source_mix_ratio_from_method_rows_not_audited_calculation_weight,Primary-data ratios must distinguish explicit reported calculation weights from method-row source-mix inference.,把来源结构比例与真实计算权重区分开，优先补原文明示 primary data 百分比。,Separate explicit reported primary-data calculation weights from source-mix inference before using the ratio as a data-quality conclusion.,,,
P1,R5_PRIMARY_SECONDARY_BUBBLE,primary_secondary_bubble,r204_lloydsbankinggroup,LLOYDS BANKING GROUP,英国劳埃德银行集团,204,1,assets/data/world500/workbench/world500_primary_secondary_source_origin_backfill_queue.csv,missing_primary_secondary_classification,P0_classify_source_origin,source_mix_ratio_from_method_rows_not_audited_calculation_weight,Primary-data ratios must distinguish explicit reported calculation weights from method-row source-mix inference.,把来源结构比例与真实计算权重区分开，优先补原文明示 primary data 百分比。,Separate explicit reported primary-data calculation weights from source-mix inference before using the ratio as a data-quality conclusion.,,,
P1,R5_PRIMARY_SECONDARY_BUBBLE,primary_secondary_bubble,r207_hca医疗保健公司,HCA Healthcare,HCA 医疗保健,207,1,assets/data/world500/workbench/world500_primary_secondary_source_origin_backfill_queue.csv,missing_primary_secondary_classification,P0_classify_source_origin,source_mix_ratio_from_method_rows_not_audited_calculation_weight,Primary-data ratios must distinguish explicit reported calculation weights from method-row source-mix inference.,把来源结构比例与真实计算权重区分开，优先补原文明示 primary data 百分比。,Separate explicit reported primary-data calculation weights from source-mix inference before using the ratio as a data-quality conclusion.,,,
P1,R5_PRIMARY_SECONDARY_BUBBLE,primary_secondary_bubble,r211_accenture,ACCENTURE,埃森哲,211,1,assets/data/world500/workbench/world500_primary_secondary_source_origin_backfill_queue.csv,missing_primary_secondary_classification,P0_classify_source_origin,source_mix_ratio_from_method_rows_not_audited_calculation_weight,Primary-data ratios must distinguish explicit reported calculation weights from method-row source-mix inference.,把来源结构比例与真实计算权重区分开，优先补原文明示 primary data 百分比。,Separate explicit reported primary-data calculation weights from source-mix inference before using the ratio as a data-quality conclusion.,,,
P1,R5_PRIMARY_SECONDARY_BUBBLE,primary_secondary_bubble,r215_munichregroup,MUNICH RE GROUP,慕尼黑再保险集团,215,1,assets/data/world500/workbench/world500_primary_secondary_source_origin_backfill_queue.csv,missing_primary_secondary_classification,P0_classify_source_origin,source_mix_ratio_from_method_rows_not_audited_calculation_weight,Primary-data ratios must distinguish explicit reported calculation weights from method-row source-mix inference.,把来源结构比例与真实计算权重区分开，优先补原文明示 primary data 百分比。,Separate explicit reported primary-data calculation weights from source-mix inference before using the ratio as a data-quality conclusion.,,,
P1,R5_PRIMARY_SECONDARY_BUBBLE,primary_secondary_bubble,r217_bancodobrasil,BANCO DO BRASIL,巴西银行,217,1,assets/data/world500/workbench/world500_primary_secondary_source_origin_backfill_queue.csv,missing_primary_secondary_classification,P0_classify_source_origin,source_mix_ratio_from_method_rows_not_audited_calculation_weight,Primary-data ratios must distinguish explicit reported calculation weights from method-row source-mix inference.,把来源结构比例与真实计算权重区分开，优先补原文明示 primary data 百分比。,Separate explicit reported primary-data calculation weights from source-mix inference before using the ratio as a data-quality conclusion.,,,
P1,R5_PRIMARY_SECONDARY_BUBBLE,primary_secondary_bubble,r220_nipponsteelcorporation,NIPPON STEEL CORPORATION,日本制铁集团公司,220,1,assets/data/world500/workbench/world500_primary_secondary_source_origin_backfill_queue.csv,missing_primary_secondary_classification,P0_classify_source_origin,source_mix_ratio_from_method_rows_not_audited_calculation_weight,Primary-data ratios must distinguish explicit reported calculation weights from method-row source-mix inference.,把来源结构比例与真实计算权重区分开，优先补原文明示 primary data 百分比。,Separate explicit reported primary-data calculation weights from source-mix inference before using the ratio as a data-quality conclusion.,,,
P1,R5_PRIMARY_SECONDARY_BUBBLE,primary_secondary_bubble,r221_deere,DEERE,迪尔公司,221,1,assets/data/world500/workbench/world500_primary_secondary_source_origin_backfill_queue.csv,missing_primary_secondary_classification,P0_classify_source_origin,source_mix_ratio_from_method_rows_not_audited_calculation_weight,Primary-data ratios must distinguish explicit reported calculation weights from method-row source-mix inference.,把来源结构比例与真实计算权重区分开，优先补原文明示 primary data 百分比。,Separate explicit reported primary-data calculation weights from source-mix inference before using the ratio as a data-quality conclusion.,,,
P1,R5_PRIMARY_SECONDARY_BUBBLE,primary_secondary_bubble,r222_nvidia,NVIDIA,英伟达公司,222,1,assets/data/world500/workbench/world500_primary_secondary_source_origin_backfill_queue.csv,missing_primary_secondary_classification,P0_classify_source_origin,source_mix_ratio_from_method_rows_not_audited_calculation_weight,Primary-data ratios must distinguish explicit reported calculation weights from method-row source-mix inference.,把来源结构比例与真实计算权重区分开，优先补原文明示 primary data 百分比。,Separate explicit reported primary-data calculation weights from source-mix inference before using the ratio as a data-quality conclusion.,,,
P1,R5_PRIMARY_SECONDARY_BUBBLE,primary_secondary_bubble,r223_stonex集团,StoneX,StoneX,223,1,assets/data/world500/workbench/world500_primary_secondary_source_origin_backfill_queue.csv,missing_primary_secondary_classification,P0_classify_source_origin,source_mix_ratio_from_method_rows_not_audited_calculation_weight,Primary-data ratios must distinguish explicit reported calculation weights from method-row source-mix inference.,把来源结构比例与真实计算权重区分开，优先补原文明示 primary data 百分比。,Separate explicit reported primary-data calculation weights from source-mix inference before using the ratio as a data-quality conclusion.,,,
P1,R5_PRIMARY_SECONDARY_BUBBLE,primary_secondary_bubble,r225_bouygues,BOUYGUES,法国布伊格集团,225,1,assets/data/world500/workbench/world500_primary_secondary_source_origin_backfill_queue.csv,missing_primary_secondary_classification,P0_classify_source_origin,source_mix_ratio_from_method_rows_not_audited_calculation_weight,Primary-data ratios must distinguish explicit reported calculation weights from method-row source-mix inference.,把来源结构比例与真实计算权重区分开，优先补原文明示 primary data 百分比。,Separate explicit reported primary-data calculation weights from source-mix inference before using the ratio as a data-quality conclusion.,,,
P1,R5_PRIMARY_SECONDARY_BUBBLE,primary_secondary_bubble,r226_mizuhofinancialgroup,MIZUHO FINANCIAL GROUP,日本瑞穗金融集团,226,1,assets/data/world500/workbench/world500_primary_secondary_calculation_weight_validation_queue.csv,calculation_weight_validation,P2_verify_source_mix_snippets,source_mix_ratio_from_method_rows_not_audited_calculation_weight,Primary-data ratios must distinguish explicit reported calculation weights from method-row source-mix inference.,把来源结构比例与真实计算权重区分开，优先补原文明示 primary data 百分比。,Separate explicit reported primary-data calculation weights from source-mix inference before using the ratio as a data-quality conclusion.,MIZUHO FINANCIAL GROUP esg_databook_2024.pdf,14,
P1,R5_PRIMARY_SECONDARY_BUBBLE,primary_secondary_bubble,r227_daimlertruckholding,DAIMLER TRUCK HOLDING,戴姆勒卡车控股股份公司,227,1,assets/data/world500/workbench/world500_primary_secondary_source_origin_backfill_queue.csv,missing_primary_secondary_classification,P0_classify_source_origin,source_mix_ratio_from_method_rows_not_audited_calculation_weight,Primary-data ratios must distinguish explicit reported calculation weights from method-row source-mix inference.,把来源结构比例与真实计算权重区分开，优先补原文明示 primary data 百分比。,Separate explicit reported primary-data calculation weights from source-mix inference before using the ratio as a data-quality conclusion.,,,
P1,R5_PRIMARY_SECONDARY_BUBBLE,primary_secondary_bubble,r228_inggroup,ING GROUP,荷兰国际集团,228,1,assets/data/world500/workbench/world500_primary_secondary_source_origin_backfill_queue.csv,missing_primary_secondary_classification,P0_classify_source_origin,source_mix_ratio_from_method_rows_not_audited_calculation_weight,Primary-data ratios must distinguish explicit reported calculation weights from method-row source-mix inference.,把来源结构比例与真实计算权重区分开，优先补原文明示 primary data 百分比。,Separate explicit reported primary-data calculation weights from source-mix inference before using the ratio as a data-quality conclusion.,,,
P1,R5_PRIMARY_SECONDARY_BUBBLE,primary_secondary_bubble,r236_pfizer,PFIZER,辉瑞制药有限公司,236,1,assets/data/world500/workbench/world500_primary_secondary_source_origin_backfill_queue.csv,missing_primary_secondary_classification,P0_classify_source_origin,source_mix_ratio_from_method_rows_not_audited_calculation_weight,Primary-data ratios must distinguish explicit reported calculation weights from method-row source-mix inference.,把来源结构比例与真实计算权重区分开，优先补原文明示 primary data 百分比。,Separate explicit reported primary-data calculation weights from source-mix inference before using the ratio as a data-quality conclusion.,,,
P1,R5_PRIMARY_SECONDARY_BUBBLE,primary_secondary_bubble,r244_allstate,ALLSTATE,好事达,244,1,assets/data/world500/workbench/world500_primary_secondary_source_origin_backfill_queue.csv,missing_primary_secondary_classification,P0_classify_source_origin,source_mix_ratio_from_method_rows_not_audited_calculation_weight,Primary-data ratios must distinguish explicit reported calculation weights from method-row source-mix inference.,把来源结构比例与真实计算权重区分开，优先补原文明示 primary data 百分比。,Separate explicit reported primary-data calculation weights from source-mix inference before using the ratio as a data-quality conclusion.,,,
P1,R5_PRIMARY_SECONDARY_BUBBLE,primary_secondary_bubble,r252_bancobradesco,BANCO BRADESCO,巴西布拉德斯科银行,252,1,assets/data/world500/workbench/world500_primary_secondary_source_origin_backfill_queue.csv,missing_primary_secondary_classification,P0_classify_source_origin,source_mix_ratio_from_method_rows_not_audited_calculation_weight,Primary-data ratios must distinguish explicit reported calculation weights from method-row source-mix inference.,把来源结构比例与真实计算权重区分开，优先补原文明示 primary data 百分比。,Separate explicit reported primary-data calculation weights from source-mix inference before using the ratio as a data-quality conclusion.,,,
P1,R5_PRIMARY_SECONDARY_BUBBLE,primary_secondary_bubble,r255_chartercommunications,CHARTER COMMUNICATIONS,特许通讯公司,255,1,assets/data/world500/workbench/world500_primary_secondary_source_origin_backfill_queue.csv,missing_primary_secondary_classification,P0_classify_source_origin,source_mix_ratio_from_method_rows_not_audited_calculation_weight,Primary-data ratios must distinguish explicit reported calculation weights from method-row source-mix inference.,把来源结构比例与真实计算权重区分开，优先补原文明示 primary data 百分比。,Separate explicit reported primary-data calculation weights from source-mix inference before using the ratio as a data-quality conclusion.,,,
P1,R5_PRIMARY_SECONDARY_BUBBLE,primary_secondary_bubble,r257_edekazentrale,EDEKA ZENTRALE,德国艾德卡公司,257,1,assets/data/world500/workbench/world500_primary_secondary_source_origin_backfill_queue.csv,missing_primary_secondary_classification,P0_classify_source_origin,source_mix_ratio_from_method_rows_not_audited_calculation_weight,Primary-data ratios must distinguish explicit reported calculation weights from method-row source-mix inference.,把来源结构比例与真实计算权重区分开，优先补原文明示 primary data 百分比。,Separate explicit reported primary-data calculation weights from source-mix inference before using the ratio as a data-quality conclusion.,,,
P1,R5_PRIMARY_SECONDARY_BUBBLE,primary_secondary_bubble,r259_abbvie,ABBVIE,艾伯维,259,1,assets/data/world500/workbench/world500_primary_secondary_source_origin_backfill_queue.csv,missing_primary_secondary_classification,P0_classify_source_origin,source_mix_ratio_from_method_rows_not_audited_calculation_weight,Primary-data ratios must distinguish explicit reported calculation weights from method-row source-mix inference.,把来源结构比例与真实计算权重区分开，优先补原文明示 primary data 百分比。,Separate explicit reported primary-data calculation weights from source-mix inference before using the ratio as a data-quality conclusion.,,,
P1,R5_PRIMARY_SECONDARY_BUBBLE,primary_secondary_bubble,r261_intel,INTEL,英特尔公司,261,1,assets/data/world500/workbench/world500_primary_secondary_source_origin_backfill_queue.csv,missing_primary_secondary_classification,P0_classify_source_origin,source_mix_ratio_from_method_rows_not_audited_calculation_weight,Primary-data ratios must distinguish explicit reported calculation weights from method-row source-mix inference.,把来源结构比例与真实计算权重区分开，优先补原文明示 primary data 百分比。,Separate explicit reported primary-data calculation weights from source-mix inference before using the ratio as a data-quality conclusion.,,,
P1,R5_PRIMARY_SECONDARY_BUBBLE,primary_secondary_bubble,r262_tjx公司,TJX,TJX,262,1,assets/data/world500/workbench/world500_primary_secondary_source_origin_backfill_queue.csv,missing_primary_secondary_classification,P0_classify_source_origin,source_mix_ratio_from_method_rows_not_audited_calculation_weight,Primary-data ratios must distinguish explicit reported calculation weights from method-row source-mix inference.,把来源结构比例与真实计算权重区分开，优先补原文明示 primary data 百分比。,Separate explicit reported primary-data calculation weights from source-mix inference before using the ratio as a data-quality conclusion.,,,
P1,R5_PRIMARY_SECONDARY_BUBBLE,primary_secondary_bubble,r266_prudentialfinancial,PRUDENTIAL FINANCIAL,保德信金融集团,266,1,assets/data/world500/workbench/world500_primary_secondary_source_origin_backfill_queue.csv,missing_primary_secondary_classification,P0_classify_source_origin,source_mix_ratio_from_method_rows_not_audited_calculation_weight,Primary-data ratios must distinguish explicit reported calculation weights from method-row source-mix inference.,把来源结构比例与真实计算权重区分开，优先补原文明示 primary data 百分比。,Separate explicit reported primary-data calculation weights from source-mix inference before using the ratio as a data-quality conclusion.,,,
P1,R5_PRIMARY_SECONDARY_BUBBLE,primary_secondary_bubble,r270_unitedairlinesholdings,UNITED AIRLINES HOLDINGS,联合航空控股公司,270,1,assets/data/world500/workbench/world500_primary_secondary_calculation_weight_validation_queue.csv,calculation_weight_validation,P2_verify_source_mix_snippets,source_mix_ratio_from_method_rows_not_audited_calculation_weight,Primary-data ratios must distinguish explicit reported calculation weights from method-row source-mix inference.,把来源结构比例与真实计算权重区分开，优先补原文明示 primary data 百分比。,Separate explicit reported primary-data calculation weights from source-mix inference before using the ratio as a data-quality conclusion.,2024-UNITED AIRLINES HOLDINGS-report-interactive.pdf,41,
P1,R5_PRIMARY_SECONDARY_BUBBLE,primary_secondary_bubble,r272_performancefoodgroup公司,Performance Food Group,Performance Food Group,272,1,assets/data/world500/workbench/world500_primary_secondary_source_origin_backfill_queue.csv,missing_primary_secondary_classification,P0_classify_source_origin,source_mix_ratio_from_method_rows_not_audited_calculation_weight,Primary-data ratios must distinguish explicit reported calculation weights from method-row source-mix inference.,把来源结构比例与真实计算权重区分开，优先补原文明示 primary data 百分比。,Separate explicit reported primary-data calculation weights from source-mix inference before using the ratio as a data-quality conclusion.,,,
P1,R5_PRIMARY_SECONDARY_BUBBLE,primary_secondary_bubble,r286_bayer,BAYER,拜耳集团,286,1,assets/data/world500/workbench/world500_primary_secondary_source_origin_backfill_queue.csv,missing_primary_secondary_classification,P0_classify_source_origin,source_mix_ratio_from_method_rows_not_audited_calculation_weight,Primary-data ratios must distinguish explicit reported calculation weights from method-row source-mix inference.,把来源结构比例与真实计算权重区分开，优先补原文明示 primary data 百分比。,Separate explicit reported primary-data calculation weights from source-mix inference before using the ratio as a data-quality conclusion.,,,
P1,R5_PRIMARY_SECONDARY_BUBBLE,primary_secondary_bubble,r287_tokiomarineholdings,TOKIO MARINE HOLDINGS,东京海上日动火灾保险公司,287,1,assets/data/world500/workbench/world500_primary_secondary_source_origin_backfill_queue.csv,missing_primary_secondary_classification,P0_classify_source_origin,source_mix_ratio_from_method_rows_not_audited_calculation_weight,Primary-data ratios must distinguish explicit reported calculation weights from method-row source-mix inference.,把来源结构比例与真实计算权重区分开，优先补原文明示 primary data 百分比。,Separate explicit reported primary-data calculation weights from source-mix inference before using the ratio as a data-quality conclusion.,,,
P1,R5_PRIMARY_SECONDARY_BUBBLE,primary_secondary_bubble,r295_zffriedrichshafen,ZF FRIEDRICHSHAFEN,采埃孚,295,1,assets/data/world500/workbench/world500_primary_secondary_source_origin_backfill_queue.csv,missing_primary_secondary_classification,P0_classify_source_origin,source_mix_ratio_from_method_rows_not_audited_calculation_weight,Primary-data ratios must distinguish explicit reported calculation weights from method-row source-mix inference.,把来源结构比例与真实计算权重区分开，优先补原文明示 primary data 百分比。,Separate explicit reported primary-data calculation weights from source-mix inference before using the ratio as a data-quality conclusion.,,,
P1,R5_PRIMARY_SECONDARY_BUBBLE,primary_secondary_bubble,r305_denso,DENSO,电装公司,305,1,assets/data/world500/workbench/world500_primary_secondary_source_origin_backfill_queue.csv,missing_primary_secondary_classification,P0_classify_source_origin,source_mix_ratio_from_method_rows_not_audited_calculation_weight,Primary-data ratios must distinguish explicit reported calculation weights from method-row source-mix inference.,把来源结构比例与真实计算权重区分开，优先补原文明示 primary data 百分比。,Separate explicit reported primary-data calculation weights from source-mix inference before using the ratio as a data-quality conclusion.,,,
P1,R5_PRIMARY_SECONDARY_BUBBLE,primary_secondary_bubble,r308_veoliaenvironnement,VEOLIA ENVIRONNEMENT,法国威立雅环境集团,308,1,assets/data/world500/workbench/world500_primary_secondary_source_origin_backfill_queue.csv,missing_primary_secondary_classification,P0_classify_source_origin,source_mix_ratio_from_method_rows_not_audited_calculation_weight,Primary-data ratios must distinguish explicit reported calculation weights from method-row source-mix inference.,把来源结构比例与真实计算权重区分开，优先补原文明示 primary data 百分比。,Separate explicit reported primary-data calculation weights from source-mix inference before using the ratio as a data-quality conclusion.,,,
P1,R5_PRIMARY_SECONDARY_BUBBLE,primary_secondary_bubble,r311_plainsgpholdings公司,Plains GP Holdings,Plains GP Holdings,311,1,assets/data/world500/workbench/world500_primary_secondary_source_origin_backfill_queue.csv,missing_primary_secondary_classification,P0_classify_source_origin,source_mix_ratio_from_method_rows_not_audited_calculation_weight,Primary-data ratios must distinguish explicit reported calculation weights from method-row source-mix inference.,把来源结构比例与真实计算权重区分开，优先补原文明示 primary data 百分比。,Separate explicit reported primary-data calculation weights from source-mix inference before using the ratio as a data-quality conclusion.,,,
P1,R5_PRIMARY_SECONDARY_BUBBLE,primary_secondary_bubble,r313_exor集团,EXOR,EXOR,313,1,assets/data/world500/workbench/world500_primary_secondary_source_origin_backfill_queue.csv,missing_primary_secondary_classification,P0_classify_source_origin,source_mix_ratio_from_method_rows_not_audited_calculation_weight,Primary-data ratios must distinguish explicit reported calculation weights from method-row source-mix inference.,把来源结构比例与真实计算权重区分开，优先补原文明示 primary data 百分比。,Separate explicit reported primary-data calculation weights from source-mix inference before using the ratio as a data-quality conclusion.,,,
P1,R5_PRIMARY_SECONDARY_BUBBLE,primary_secondary_bubble,r317_tokyoelectricpower,TOKYO ELECTRIC POWER,东京电力公司,317,1,assets/data/world500/workbench/world500_primary_secondary_calculation_weight_validation_queue.csv,calculation_weight_validation,P2_verify_source_mix_snippets,source_mix_ratio_from_method_rows_not_audited_calculation_weight,Primary-data ratios must distinguish explicit reported calculation weights from method-row source-mix inference.,把来源结构比例与真实计算权重区分开，优先补原文明示 primary data 百分比。,Separate explicit reported primary-data calculation weights from source-mix inference before using the ratio as a data-quality conclusion.,TOKYO ELECTRIC POWER TP2024_en_web_print.pdf,25,
P1,R5_PRIMARY_SECONDARY_BUBBLE,primary_secondary_bubble,r319_worldkinect公司,World Kinect,World Kinect,319,1,assets/data/world500/workbench/world500_primary_secondary_source_origin_backfill_queue.csv,missing_primary_secondary_classification,P0_classify_source_origin,source_mix_ratio_from_method_rows_not_audited_calculation_weight,Primary-data ratios must distinguish explicit reported calculation weights from method-row source-mix inference.,把来源结构比例与真实计算权重区分开，优先补原文明示 primary data 百分比。,Separate explicit reported primary-data calculation weights from source-mix inference before using the ratio as a data-quality conclusion.,,,
P1,R5_PRIMARY_SECONDARY_BUBBLE,primary_secondary_bubble,r327_talanx公司,Talanx,Talanx,327,1,assets/data/world500/workbench/world500_primary_secondary_source_origin_backfill_queue.csv,missing_primary_secondary_classification,P0_classify_source_origin,source_mix_ratio_from_method_rows_not_audited_calculation_weight,Primary-data ratios must distinguish explicit reported calculation weights from method-row source-mix inference.,把来源结构比例与真实计算权重区分开，优先补原文明示 primary data 百分比。,Separate explicit reported primary-data calculation weights from source-mix inference before using the ratio as a data-quality conclusion.,,,
P1,R5_PRIMARY_SECONDARY_BUBBLE,primary_secondary_bubble,r335_chs公司,CHS,CHS,335,1,assets/data/world500/workbench/world500_primary_secondary_source_origin_backfill_queue.csv,missing_primary_secondary_classification,P0_classify_source_origin,source_mix_ratio_from_method_rows_not_audited_calculation_weight,Primary-data ratios must distinguish explicit reported calculation weights from method-row source-mix inference.,把来源结构比例与真实计算权重区分开，优先补原文明示 primary data 百分比。,Separate explicit reported primary-data calculation weights from source-mix inference before using the ratio as a data-quality conclusion.,,,
P1,R5_PRIMARY_SECONDARY_BUBBLE,primary_secondary_bubble,r345_raízen公司,Raízen,Raízen,345,1,assets/data/world500/workbench/world500_primary_secondary_source_origin_backfill_queue.csv,missing_primary_secondary_classification,P0_classify_source_origin,source_mix_ratio_from_method_rows_not_audited_calculation_weight,Primary-data ratios must distinguish explicit reported calculation weights from method-row source-mix inference.,把来源结构比例与真实计算权重区分开，优先补原文明示 primary data 百分比。,Separate explicit reported primary-data calculation weights from source-mix inference before using the ratio as a data-quality conclusion.,,,
P1,R5_PRIMARY_SECONDARY_BUBBLE,primary_secondary_bubble,r348_loréal,L'ORÉAL,欧莱雅,348,1,assets/data/world500/workbench/world500_primary_secondary_source_origin_backfill_queue.csv,missing_primary_secondary_classification,P0_classify_source_origin,source_mix_ratio_from_method_rows_not_audited_calculation_weight,Primary-data ratios must distinguish explicit reported calculation weights from method-row source-mix inference.,把来源结构比例与真实计算权重区分开，优先补原文明示 primary data 百分比。,Separate explicit reported primary-data calculation weights from source-mix inference before using the ratio as a data-quality conclusion.,,,
P1,R5_PRIMARY_SECONDARY_BUBBLE,primary_secondary_bubble,r349_fomentoeconómicomexicano公司,Fomento Económico Mexicano,Fomento Económico Mexicano,349,1,assets/data/world500/workbench/world500_primary_secondary_source_origin_backfill_queue.csv,missing_primary_secondary_classification,P0_classify_source_origin,source_mix_ratio_from_method_rows_not_audited_calculation_weight,Primary-data ratios must distinguish explicit reported calculation weights from method-row source-mix inference.,把来源结构比例与真实计算权重区分开，优先补原文明示 primary data 百分比。,Separate explicit reported primary-data calculation weights from source-mix inference before using the ratio as a data-quality conclusion.,,,
P1,R5_PRIMARY_SECONDARY_BUBBLE,primary_secondary_bubble,r352_bestbuy,BEST BUY,百思买,352,1,assets/data/world500/workbench/world500_primary_secondary_source_origin_backfill_queue.csv,missing_primary_secondary_classification,P0_classify_source_origin,source_mix_ratio_from_method_rows_not_audited_calculation_weight,Primary-data ratios must distinguish explicit reported calculation weights from method-row source-mix inference.,把来源结构比例与真实计算权重区分开，优先补原文明示 primary data 百分比。,Separate explicit reported primary-data calculation weights from source-mix inference before using the ratio as a data-quality conclusion.,,,
P1,R5_PRIMARY_SECONDARY_BUBBLE,primary_secondary_bubble,r353_woolworthsgroup,WOOLWORTHS GROUP,伍尔沃斯集团,353,1,assets/data/world500/workbench/world500_primary_secondary_source_origin_backfill_queue.csv,missing_primary_secondary_classification,P0_classify_source_origin,source_mix_ratio_from_method_rows_not_audited_calculation_weight,Primary-data ratios must distinguish explicit reported calculation weights from method-row source-mix inference.,把来源结构比例与真实计算权重区分开，优先补原文明示 primary data 百分比。,Separate explicit reported primary-data calculation weights from source-mix inference before using the ratio as a data-quality conclusion.,,,
P1,R5_PRIMARY_SECONDARY_BUBBLE,primary_secondary_bubble,r359_massachusettsmutuallifeinsurance,MASSACHUSETTS MUTUAL LIFE INSURANCE,万通互惠理财公司,359,1,assets/data/world500/workbench/world500_primary_secondary_source_origin_backfill_queue.csv,missing_primary_secondary_classification,P0_classify_source_origin,source_mix_ratio_from_method_rows_not_audited_calculation_weight,Primary-data ratios must distinguish explicit reported calculation weights from method-row source-mix inference.,把来源结构比例与真实计算权重区分开，优先补原文明示 primary data 百分比。,Separate explicit reported primary-data calculation weights from source-mix inference before using the ratio as a data-quality conclusion.,,,
P1,R5_PRIMARY_SECONDARY_BUBBLE,primary_secondary_bubble,r365_travelers公司,Travelers,Travelers,365,1,assets/data/world500/workbench/world500_primary_secondary_source_origin_backfill_queue.csv,missing_primary_secondary_classification,P0_classify_source_origin,source_mix_ratio_from_method_rows_not_audited_calculation_weight,Primary-data ratios must distinguish explicit reported calculation weights from method-row source-mix inference.,把来源结构比例与真实计算权重区分开，优先补原文明示 primary data 百分比。,Separate explicit reported primary-data calculation weights from source-mix inference before using the ratio as a data-quality conclusion.,,,
P1,R5_PRIMARY_SECONDARY_BUBBLE,primary_secondary_bubble,r366_warnerbrosdiscovery,WARNER BROS. DISCOVERY,华纳兄弟探索公司,366,1,assets/data/world500/workbench/world500_primary_secondary_source_origin_backfill_queue.csv,missing_primary_secondary_classification,P0_classify_source_origin,source_mix_ratio_from_method_rows_not_audited_calculation_weight,Primary-data ratios must distinguish explicit reported calculation weights from method-row source-mix inference.,把来源结构比例与真实计算权重区分开，优先补原文明示 primary data 百分比。,Separate explicit reported primary-data calculation weights from source-mix inference before using the ratio as a data-quality conclusion.,,,
P1,R5_PRIMARY_SECONDARY_BUBBLE,primary_secondary_bubble,r367_canadianimperialbankofcommerce,CANADIAN IMPERIAL BANK OF COMMERCE,加拿大帝国商业银行,367,1,assets/data/world500/workbench/world500_primary_secondary_source_origin_backfill_queue.csv,missing_primary_secondary_classification,P0_classify_source_origin,source_mix_ratio_from_method_rows_not_audited_calculation_weight,Primary-data ratios must distinguish explicit reported calculation weights from method-row source-mix inference.,把来源结构比例与真实计算权重区分开，优先补原文明示 primary data 百分比。,Separate explicit reported primary-data calculation weights from source-mix inference before using the ratio as a data-quality conclusion.,,,
P1,R5_PRIMARY_SECONDARY_BUBBLE,primary_secondary_bubble,r374_lufthansagroup,LUFTHANSA GROUP,汉莎集团,374,1,assets/data/world500/workbench/world500_primary_secondary_calculation_weight_validation_queue.csv,calculation_weight_validation,P2_verify_source_mix_snippets,explicit_reported_primary_percentage_pending_weight_validation,Primary-data ratios must distinguish explicit reported calculation weights from method-row source-mix inference.,把来源结构比例与真实计算权重区分开，优先补原文明示 primary data 百分比。,Separate explicit reported primary-data calculation weights from source-mix inference before using the ratio as a data-quality conclusion.,LH-AR-2024-e.pdf,180 | 176 | 178,
P1,R5_PRIMARY_SECONDARY_BUBBLE,primary_secondary_bubble,r375_pegatron,PEGATRON,和硕,375,1,assets/data/world500/workbench/world500_primary_secondary_source_origin_backfill_queue.csv,missing_primary_secondary_classification,P0_classify_source_origin,source_mix_ratio_from_method_rows_not_audited_calculation_weight,Primary-data ratios must distinguish explicit reported calculation weights from method-row source-mix inference.,把来源结构比例与真实计算权重区分开，优先补原文明示 primary data 百分比。,Separate explicit reported primary-data calculation weights from source-mix inference before using the ratio as a data-quality conclusion.,,,
P1,R5_PRIMARY_SECONDARY_BUBBLE,primary_secondary_bubble,r384_meituan,MEITUAN,美团,384,1,assets/data/world500/workbench/world500_primary_secondary_source_origin_backfill_queue.csv,missing_primary_secondary_classification,P0_classify_source_origin,source_mix_ratio_from_method_rows_not_audited_calculation_weight,Primary-data ratios must distinguish explicit reported calculation weights from method-row source-mix inference.,把来源结构比例与真实计算权重区分开，优先补原文明示 primary data 百分比。,Separate explicit reported primary-data calculation weights from source-mix inference before using the ratio as a data-quality conclusion.,,,
P1,R5_PRIMARY_SECONDARY_BUBBLE,primary_secondary_bubble,r395_pbfenergy公司,PBF Energy,PBF Energy,395,1,assets/data/world500/workbench/world500_primary_secondary_source_origin_backfill_queue.csv,missing_primary_secondary_classification,P0_classify_source_origin,source_mix_ratio_from_method_rows_not_audited_calculation_weight,Primary-data ratios must distinguish explicit reported calculation weights from method-row source-mix inference.,把来源结构比例与真实计算权重区分开，优先补原文明示 primary data 百分比。,Separate explicit reported primary-data calculation weights from source-mix inference before using the ratio as a data-quality conclusion.,,,
P1,R5_PRIMARY_SECONDARY_BUBBLE,primary_secondary_bubble,r397_xiaomi,XIAOMI,小米集团,397,1,assets/data/world500/workbench/world500_primary_secondary_source_origin_backfill_queue.csv,missing_primary_secondary_classification,P0_classify_source_origin,source_mix_ratio_from_method_rows_not_audited_calculation_weight,Primary-data ratios must distinguish explicit reported calculation weights from method-row source-mix inference.,把来源结构比例与真实计算权重区分开，优先补原文明示 primary data 百分比。,Separate explicit reported primary-data calculation weights from source-mix inference before using the ratio as a data-quality conclusion.,,,
P1,R5_PRIMARY_SECONDARY_BUBBLE,primary_secondary_bubble,r398_compassgroup,COMPASS GROUP,康帕斯集团,398,1,assets/data/world500/workbench/world500_primary_secondary_calculation_weight_validation_queue.csv,calculation_weight_validation,P2_verify_source_mix_snippets,source_mix_ratio_from_method_rows_not_audited_calculation_weight,Primary-data ratios must distinguish explicit reported calculation weights from method-row source-mix inference.,把来源结构比例与真实计算权重区分开，优先补原文明示 primary data 百分比。,Separate explicit reported primary-data calculation weights from source-mix inference before using the ratio as a data-quality conclusion.,COMPASS GROUP sustainability-report_2024.pdf,10,
P1,R5_PRIMARY_SECONDARY_BUBBLE,primary_secondary_bubble,r399_meijiyasudalifeinsurance,MEIJI YASUDA LIFE INSURANCE,日本明治安田生命保险公司,399,1,assets/data/world500/workbench/world500_primary_secondary_calculation_weight_validation_queue.csv,calculation_weight_validation,P2_verify_source_mix_snippets,source_mix_ratio_from_method_rows_not_audited_calculation_weight,Primary-data ratios must distinguish explicit reported calculation weights from method-row source-mix inference.,把来源结构比例与真实计算权重区分开，优先补原文明示 primary data 百分比。,Separate explicit reported primary-data calculation weights from source-mix inference before using the ratio as a data-quality conclusion.,MEIJI YASUDA LIFE INSURANCE annual_2024_all.pdf,45,
P1,R5_PRIMARY_SECONDARY_BUBBLE,primary_secondary_bubble,r400_gsk,GSK,葛兰素史克集团,400,1,assets/data/world500/workbench/world500_primary_secondary_source_origin_backfill_queue.csv,missing_primary_secondary_classification,P0_classify_source_origin,source_mix_ratio_from_method_rows_not_audited_calculation_weight,Primary-data ratios must distinguish explicit reported calculation weights from method-row source-mix inference.,把来源结构比例与真实计算权重区分开，优先补原文明示 primary data 百分比。,Separate explicit reported primary-data calculation weights from source-mix inference before using the ratio as a data-quality conclusion.,,,
P1,R5_PRIMARY_SECONDARY_BUBBLE,primary_secondary_bubble,r403_ubertechnologies公司,Uber Technologies,Uber Technologies,403,1,assets/data/world500/workbench/world500_primary_secondary_source_origin_backfill_queue.csv,missing_primary_secondary_classification,P0_classify_source_origin,source_mix_ratio_from_method_rows_not_audited_calculation_weight,Primary-data ratios must distinguish explicit reported calculation weights from method-row source-mix inference.,把来源结构比例与真实计算权重区分开，优先补原文明示 primary data 百分比。,Separate explicit reported primary-data calculation weights from source-mix inference before using the ratio as a data-quality conclusion.,,,
P1,R5_PRIMARY_SECONDARY_BUBBLE,primary_secondary_bubble,r406_suzukimotor,SUZUKI MOTOR,铃木汽车,406,1,assets/data/world500/workbench/world500_primary_secondary_source_origin_backfill_queue.csv,missing_primary_secondary_classification,P0_classify_source_origin,source_mix_ratio_from_method_rows_not_audited_calculation_weight,Primary-data ratios must distinguish explicit reported calculation weights from method-row source-mix inference.,把来源结构比例与真实计算权重区分开，优先补原文明示 primary data 百分比。,Separate explicit reported primary-data calculation weights from source-mix inference before using the ratio as a data-quality conclusion.,,,
P1,R5_PRIMARY_SECONDARY_BUBBLE,primary_secondary_bubble,r407_haiersmarthome,HAIER SMART HOME,海尔智家股份有限公司,407,1,assets/data/world500/workbench/world500_primary_secondary_source_origin_backfill_queue.csv,missing_primary_secondary_classification,P0_classify_source_origin,source_mix_ratio_from_method_rows_not_audited_calculation_weight,Primary-data ratios must distinguish explicit reported calculation weights from method-row source-mix inference.,把来源结构比例与真实计算权重区分开，优先补原文明示 primary data 百分比。,Separate explicit reported primary-data calculation weights from source-mix inference before using the ratio as a data-quality conclusion.,,,
P1,R5_PRIMARY_SECONDARY_BUBBLE,primary_secondary_bubble,r409_laposte,LA POSTE,法国邮政,409,1,assets/data/world500/workbench/world500_primary_secondary_source_origin_backfill_queue.csv,missing_primary_secondary_classification,P0_classify_source_origin,source_mix_ratio_from_method_rows_not_audited_calculation_weight,Primary-data ratios must distinguish explicit reported calculation weights from method-row source-mix inference.,把来源结构比例与真实计算权重区分开，优先补原文明示 primary data 百分比。,Separate explicit reported primary-data calculation weights from source-mix inference before using the ratio as a data-quality conclusion.,,,
P1,R5_PRIMARY_SECONDARY_BUBBLE,primary_secondary_bubble,r413_honeywellinternational,HONEYWELL INTERNATIONAL,霍尼韦尔国际公司,413,1,assets/data/world500/workbench/world500_primary_secondary_source_origin_backfill_queue.csv,missing_primary_secondary_classification,P0_classify_source_origin,source_mix_ratio_from_method_rows_not_audited_calculation_weight,Primary-data ratios must distinguish explicit reported calculation weights from method-row source-mix inference.,把来源结构比例与真实计算权重区分开，优先补原文明示 primary data 百分比。,Separate explicit reported primary-data calculation weights from source-mix inference before using the ratio as a data-quality conclusion.,,,
P1,R5_PRIMARY_SECONDARY_BUBBLE,primary_secondary_bubble,r415_sfholding,S.F. HOLDING,顺丰控股股份有限公司,415,1,assets/data/world500/workbench/world500_primary_secondary_source_origin_backfill_queue.csv,missing_primary_secondary_classification,P0_classify_source_origin,source_mix_ratio_from_method_rows_not_audited_calculation_weight,Primary-data ratios must distinguish explicit reported calculation weights from method-row source-mix inference.,把来源结构比例与真实计算权重区分开，优先补原文明示 primary data 百分比。,Separate explicit reported primary-data calculation weights from source-mix inference before using the ratio as a data-quality conclusion.,,,
P1,R5_PRIMARY_SECONDARY_BUBBLE,primary_secondary_bubble,r422_mondelezinternational,MONDELEZ INTERNATIONAL,亿滋国际,422,1,assets/data/world500/workbench/world500_primary_secondary_source_origin_backfill_queue.csv,missing_primary_secondary_classification,P0_classify_source_origin,source_mix_ratio_from_method_rows_not_audited_calculation_weight,Primary-data ratios must distinguish explicit reported calculation weights from method-row source-mix inference.,把来源结构比例与真实计算权重区分开，优先补原文明示 primary data 百分比。,Separate explicit reported primary-data calculation weights from source-mix inference before using the ratio as a data-quality conclusion.,,,
P1,R5_PRIMARY_SECONDARY_BUBBLE,primary_secondary_bubble,r424_starbucks,STARBUCKS,星巴克公司,424,1,assets/data/world500/workbench/world500_primary_secondary_source_origin_backfill_queue.csv,missing_primary_secondary_classification,P0_classify_source_origin,source_mix_ratio_from_method_rows_not_audited_calculation_weight,Primary-data ratios must distinguish explicit reported calculation weights from method-row source-mix inference.,把来源结构比例与真实计算权重区分开，优先补原文明示 primary data 百分比。,Separate explicit reported primary-data calculation weights from source-mix inference before using the ratio as a data-quality conclusion.,,,
P1,R5_PRIMARY_SECONDARY_BUBBLE,primary_secondary_bubble,r425_olamgroup,OLAM GROUP,新加坡奥兰集团,425,1,assets/data/world500/workbench/world500_primary_secondary_source_origin_backfill_queue.csv,missing_primary_secondary_classification,P0_classify_source_origin,source_mix_ratio_from_method_rows_not_audited_calculation_weight,Primary-data ratios must distinguish explicit reported calculation weights from method-row source-mix inference.,把来源结构比例与真实计算权重区分开，优先补原文明示 primary data 百分比。,Separate explicit reported primary-data calculation weights from source-mix inference before using the ratio as a data-quality conclusion.,,,
P1,R5_PRIMARY_SECONDARY_BUBBLE,primary_secondary_bubble,r426_qualcomm,QUALCOMM,高通,426,1,assets/data/world500/workbench/world500_primary_secondary_source_origin_backfill_queue.csv,missing_primary_secondary_classification,P0_classify_source_origin,source_mix_ratio_from_method_rows_not_audited_calculation_weight,Primary-data ratios must distinguish explicit reported calculation weights from method-row source-mix inference.,把来源结构比例与真实计算权重区分开，优先补原文明示 primary data 百分比。,Separate explicit reported primary-data calculation weights from source-mix inference before using the ratio as a data-quality conclusion.,,,
P1,R5_PRIMARY_SECONDARY_BUBBLE,primary_secondary_bubble,r434_drhorton公司,D.R. Horton,D.R. Horton,434,1,assets/data/world500/workbench/world500_primary_secondary_source_origin_backfill_queue.csv,missing_primary_secondary_classification,P0_classify_source_origin,source_mix_ratio_from_method_rows_not_audited_calculation_weight,Primary-data ratios must distinguish explicit reported calculation weights from method-row source-mix inference.,把来源结构比例与真实计算权重区分开，优先补原文明示 primary data 百分比。,Separate explicit reported primary-data calculation weights from source-mix inference before using the ratio as a data-quality conclusion.,,,
P1,R5_PRIMARY_SECONDARY_BUBBLE,primary_secondary_bubble,r440_philipmorrisinternational,PHILIP MORRIS INTERNATIONAL,菲利普－莫里斯国际公司,440,1,assets/data/world500/workbench/world500_primary_secondary_calculation_weight_validation_queue.csv,calculation_weight_validation,P2_verify_source_mix_snippets,source_mix_ratio_from_method_rows_not_audited_calculation_weight,Primary-data ratios must distinguish explicit reported calculation weights from method-row source-mix inference.,把来源结构比例与真实计算权重区分开，优先补原文明示 primary data 百分比。,Separate explicit reported primary-data calculation weights from source-mix inference before using the ratio as a data-quality conclusion.,PHILIP MORRIS INTERNATIONAL-integrated-report-2024.pdf,45,
P1,R5_PRIMARY_SECONDARY_BUBBLE,primary_secondary_bubble,r441_paccar,PACCAR,帕卡公司,441,1,assets/data/world500/workbench/world500_primary_secondary_source_origin_backfill_queue.csv,missing_primary_secondary_classification,P0_classify_source_origin,source_mix_ratio_from_method_rows_not_audited_calculation_weight,Primary-data ratios must distinguish explicit reported calculation weights from method-row source-mix inference.,把来源结构比例与真实计算权重区分开，优先补原文明示 primary data 百分比。,Separate explicit reported primary-data calculation weights from source-mix inference before using the ratio as a data-quality conclusion.,,,
P1,R5_PRIMARY_SECONDARY_BUBBLE,primary_secondary_bubble,r443_crh公司,CRH,CRH,443,1,assets/data/world500/workbench/world500_primary_secondary_source_origin_backfill_queue.csv,missing_primary_secondary_classification,P0_classify_source_origin,source_mix_ratio_from_method_rows_not_audited_calculation_weight,Primary-data ratios must distinguish explicit reported calculation weights from method-row source-mix inference.,把来源结构比例与真实计算权重区分开，优先补原文明示 primary data 百分比。,Separate explicit reported primary-data calculation weights from source-mix inference before using the ratio as a data-quality conclusion.,,,
P1,R5_PRIMARY_SECONDARY_BUBBLE,primary_secondary_bubble,r446_aiagroup,AIA GROUP,友邦保险控股有限公司,446,1,assets/data/world500/workbench/world500_primary_secondary_calculation_weight_validation_queue.csv,calculation_weight_validation,P2_verify_source_mix_snippets,source_mix_ratio_from_method_rows_not_audited_calculation_weight,Primary-data ratios must distinguish explicit reported calculation weights from method-row source-mix inference.,把来源结构比例与真实计算权重区分开，优先补原文明示 primary data 百分比。,Separate explicit reported primary-data calculation weights from source-mix inference before using the ratio as a data-quality conclusion.,AIA GROUP-Main-ESG-Report_CH.pdf,58,
P1,R5_PRIMARY_SECONDARY_BUBBLE,primary_secondary_bubble,r450_sap公司,SAP,SAP,450,1,assets/data/world500/workbench/world500_primary_secondary_source_origin_backfill_queue.csv,missing_primary_secondary_classification,P0_classify_source_origin,source_mix_ratio_from_method_rows_not_audited_calculation_weight,Primary-data ratios must distinguish explicit reported calculation weights from method-row source-mix inference.,把来源结构比例与真实计算权重区分开，优先补原文明示 primary data 百分比。,Separate explicit reported primary-data calculation weights from source-mix inference before using the ratio as a data-quality conclusion.,,,
P1,R5_PRIMARY_SECONDARY_BUBBLE,primary_secondary_bubble,r451_crrcgroup,CRRC GROUP,中国中车集团有限公司,451,1,assets/data/world500/workbench/world500_primary_secondary_calculation_weight_validation_queue.csv,calculation_weight_validation,P2_verify_source_mix_snippets,source_mix_ratio_from_method_rows_not_audited_calculation_weight,Primary-data ratios must distinguish explicit reported calculation weights from method-row source-mix inference.,把来源结构比例与真实计算权重区分开，优先补原文明示 primary data 百分比。,Separate explicit reported primary-data calculation weights from source-mix inference before using the ratio as a data-quality conclusion.,中国中车2024ESG报告.pdf,52 | 97,
P1,R5_PRIMARY_SECONDARY_BUBBLE,primary_secondary_bubble,r453_lennar,LENNAR,莱纳公司,453,1,assets/data/world500/workbench/world500_primary_secondary_source_origin_backfill_queue.csv,missing_primary_secondary_classification,P0_classify_source_origin,source_mix_ratio_from_method_rows_not_audited_calculation_weight,Primary-data ratios must distinguish explicit reported calculation weights from method-row source-mix inference.,把来源结构比例与真实计算权重区分开，优先补原文明示 primary data 百分比。,Separate explicit reported primary-data calculation weights from source-mix inference before using the ratio as a data-quality conclusion.,,,
P1,R5_PRIMARY_SECONDARY_BUBBLE,primary_secondary_bubble,r454_sompoholdings,SOMPO HOLDINGS,损保控股有限公司,454,1,assets/data/world500/workbench/world500_primary_secondary_source_origin_backfill_queue.csv,missing_primary_secondary_classification,P0_classify_source_origin,source_mix_ratio_from_method_rows_not_audited_calculation_weight,Primary-data ratios must distinguish explicit reported calculation weights from method-row source-mix inference.,把来源结构比例与真实计算权重区分开，优先补原文明示 primary data 百分比。,Separate explicit reported primary-data calculation weights from source-mix inference before using the ratio as a data-quality conclusion.,,,
P1,R5_PRIMARY_SECONDARY_BUBBLE,primary_secondary_bubble,r459_cummins,CUMMINS,康明斯公司,459,1,assets/data/world500/workbench/world500_primary_secondary_source_origin_backfill_queue.csv,missing_primary_secondary_classification,P0_classify_source_origin,source_mix_ratio_from_method_rows_not_audited_calculation_weight,Primary-data ratios must distinguish explicit reported calculation weights from method-row source-mix inference.,把来源结构比例与真实计算权重区分开，优先补原文明示 primary data 百分比。,Separate explicit reported primary-data calculation weights from source-mix inference before using the ratio as a data-quality conclusion.,,,
P1,R5_PRIMARY_SECONDARY_BUBBLE,primary_secondary_bubble,r463_rajeshexports公司,Rajesh Exports,Rajesh Exports,463,1,assets/data/world500/workbench/world500_primary_secondary_source_origin_backfill_queue.csv,missing_primary_secondary_classification,P0_classify_source_origin,source_mix_ratio_from_method_rows_not_audited_calculation_weight,Primary-data ratios must distinguish explicit reported calculation weights from method-row source-mix inference.,把来源结构比例与真实计算权重区分开，优先补原文明示 primary data 百分比。,Separate explicit reported primary-data calculation weights from source-mix inference before using the ratio as a data-quality conclusion.,,,
P1,R5_PRIMARY_SECONDARY_BUBBLE,primary_secondary_bubble,r464_britishamericantobacco,BRITISH AMERICAN TOBACCO,英美烟草集团,464,1,assets/data/world500/workbench/world500_primary_secondary_source_origin_backfill_queue.csv,missing_primary_secondary_classification,P0_classify_source_origin,source_mix_ratio_from_method_rows_not_audited_calculation_weight,Primary-data ratios must distinguish explicit reported calculation weights from method-row source-mix inference.,把来源结构比例与真实计算权重区分开，优先补原文明示 primary data 百分比。,Separate explicit reported primary-data calculation weights from source-mix inference before using the ratio as a data-quality conclusion.,,,
P1,R5_PRIMARY_SECONDARY_BUBBLE,primary_secondary_bubble,r468_netflix公司,Netflix,Netflix,468,1,assets/data/world500/workbench/world500_primary_secondary_source_origin_backfill_queue.csv,missing_primary_secondary_classification,P0_classify_source_origin,source_mix_ratio_from_method_rows_not_audited_calculation_weight,Primary-data ratios must distinguish explicit reported calculation weights from method-row source-mix inference.,把来源结构比例与真实计算权重区分开，优先补原文明示 primary data 百分比。,Separate explicit reported primary-data calculation weights from source-mix inference before using the ratio as a data-quality conclusion.,,,
P1,R5_PRIMARY_SECONDARY_BUBBLE,primary_secondary_bubble,r473_vtbbank,VTB BANK,俄罗斯外贸银行,473,1,assets/data/world500/workbench/world500_primary_secondary_source_origin_backfill_queue.csv,missing_primary_secondary_classification,P0_classify_source_origin,source_mix_ratio_from_method_rows_not_audited_calculation_weight,Primary-data ratios must distinguish explicit reported calculation weights from method-row source-mix inference.,把来源结构比例与真实计算权重区分开，优先补原文明示 primary data 百分比。,Separate explicit reported primary-data calculation weights from source-mix inference before using the ratio as a data-quality conclusion.,,,
P1,R5_PRIMARY_SECONDARY_BUBBLE,primary_secondary_bubble,r477_truistfinancial公司,Truist Financial,Truist Financial,477,1,assets/data/world500/workbench/world500_primary_secondary_source_origin_backfill_queue.csv,missing_primary_secondary_classification,P0_classify_source_origin,source_mix_ratio_from_method_rows_not_audited_calculation_weight,Primary-data ratios must distinguish explicit reported calculation weights from method-row source-mix inference.,把来源结构比例与真实计算权重区分开，优先补原文明示 primary data 百分比。,Separate explicit reported primary-data calculation weights from source-mix inference before using the ratio as a data-quality conclusion.,,,
P1,R5_PRIMARY_SECONDARY_BUBBLE,primary_secondary_bubble,r479_schlumberger,SCHLUMBERGER,斯伦贝谢公司,479,1,assets/data/world500/workbench/world500_primary_secondary_source_origin_backfill_queue.csv,missing_primary_secondary_classification,P0_classify_source_origin,source_mix_ratio_from_method_rows_not_audited_calculation_weight,Primary-data ratios must distinguish explicit reported calculation weights from method-row source-mix inference.,把来源结构比例与真实计算权重区分开，优先补原文明示 primary data 百分比。,Separate explicit reported primary-data calculation weights from source-mix inference before using the ratio as a data-quality conclusion.,,,
P1,R5_PRIMARY_SECONDARY_BUBBLE,primary_secondary_bubble,r485_centrica,CENTRICA,英国森特理克集团,485,1,assets/data/world500/workbench/world500_primary_secondary_source_origin_backfill_queue.csv,missing_primary_secondary_classification,P0_classify_source_origin,source_mix_ratio_from_method_rows_not_audited_calculation_weight,Primary-data ratios must distinguish explicit reported calculation weights from method-row source-mix inference.,把来源结构比例与真实计算权重区分开，优先补原文明示 primary data 百分比。,Separate explicit reported primary-data calculation weights from source-mix inference before using the ratio as a data-quality conclusion.,,,
P1,R5_PRIMARY_SECONDARY_BUBBLE,primary_secondary_bubble,r486_linde,LINDE,林德集团,486,1,assets/data/world500/workbench/world500_primary_secondary_source_origin_backfill_queue.csv,missing_primary_secondary_classification,P0_classify_source_origin,source_mix_ratio_from_method_rows_not_audited_calculation_weight,Primary-data ratios must distinguish explicit reported calculation weights from method-row source-mix inference.,把来源结构比例与真实计算权重区分开，优先补原文明示 primary data 百分比。,Separate explicit reported primary-data calculation weights from source-mix inference before using the ratio as a data-quality conclusion.,,,
P1,R5_PRIMARY_SECONDARY_BUBBLE,primary_secondary_bubble,r489_3m公司,3M,3M,489,1,assets/data/world500/workbench/world500_primary_secondary_source_origin_backfill_queue.csv,missing_primary_secondary_classification,P0_classify_source_origin,source_mix_ratio_from_method_rows_not_audited_calculation_weight,Primary-data ratios must distinguish explicit reported calculation weights from method-row source-mix inference.,把来源结构比例与真实计算权重区分开，优先补原文明示 primary data 百分比。,Separate explicit reported primary-data calculation weights from source-mix inference before using the ratio as a data-quality conclusion.,,,
P1,R5_PRIMARY_SECONDARY_BUBBLE,primary_secondary_bubble,r494_metro,METRO,麦德龙,494,1,assets/data/world500/workbench/world500_primary_secondary_source_origin_backfill_queue.csv,missing_primary_secondary_classification,P0_classify_source_origin,source_mix_ratio_from_method_rows_not_audited_calculation_weight,Primary-data ratios must distinguish explicit reported calculation weights from method-row source-mix inference.,把来源结构比例与真实计算权重区分开，优先补原文明示 primary data 百分比。,Separate explicit reported primary-data calculation weights from source-mix inference before using the ratio as a data-quality conclusion.,,,
P1,R5_PRIMARY_SECONDARY_BUBBLE,primary_secondary_bubble,r495_subaru,SUBARU,斯巴鲁公司,495,1,assets/data/world500/workbench/world500_primary_secondary_source_origin_backfill_queue.csv,missing_primary_secondary_classification,P0_classify_source_origin,source_mix_ratio_from_method_rows_not_audited_calculation_weight,Primary-data ratios must distinguish explicit reported calculation weights from method-row source-mix inference.,把来源结构比例与真实计算权重区分开，优先补原文明示 primary data 百分比。,Separate explicit reported primary-data calculation weights from source-mix inference before using the ratio as a data-quality conclusion.,,,
P1,R5_PRIMARY_SECONDARY_BUBBLE,primary_secondary_bubble,r500_三星candt公司,Samsung C&T,三星C&T,500,1,assets/data/world500/workbench/world500_primary_secondary_calculation_weight_validation_queue.csv,calculation_weight_validation,P2_verify_source_mix_snippets,source_mix_ratio_from_method_rows_not_audited_calculation_weight,Primary-data ratios must distinguish explicit reported calculation weights from method-row source-mix inference.,把来源结构比例与真实计算权重区分开，优先补原文明示 primary data 百分比。,Separate explicit reported primary-data calculation weights from source-mix inference before using the ratio as a data-quality conclusion.,2025 Samsung C&T Sustainability Report.pdf,111,
P2,R3_STANDARD_ROLE_FULL_GRAPH_AND_SCOPE_LANGUAGE,scope_language_policy,r031_samsungelectronics,SAMSUNG ELECTRONICS,三星电子,31,3,assets/data/world500/workbench/world500_non_ghg_scope_wording_review_queue.csv,P2_verify_non_ghg_source_quote_scope,P2_verify_non_ghg_source_quote_scope,,Scope 1/2/3 wording must remain GHG Protocol context or source quotation only; non-GHG standard language must use direct/indirect emissions wording.,确认非 GHG 标准源文中的 Scope 词只作为引用展示，不进入标准自身术语。,Confirm Scope wording is source-quote context only and is not promoted into non-GHG standard terminology.,SAMSUNG ELECTRONICS_Sustainability_report_2024_en.pdf,2,"onmental Performance Available Water Resources by Region Performance by Division Facts & Figures 56 57 62 65 66 Independent Assurance Report Verification Statement on Scope 1, 2 Greenhouse Gas Emission Verification Statement on Scope 3 Gree"
P2,R3_STANDARD_ROLE_FULL_GRAPH_AND_SCOPE_LANGUAGE,scope_language_policy,r001_walmart,WALMART,沃尔玛,1,2,assets/data/world500/workbench/world500_non_ghg_scope_wording_review_queue.csv,P2_verify_non_ghg_source_quote_scope,P2_verify_non_ghg_source_quote_scope,,Scope 1/2/3 wording must remain GHG Protocol context or source quotation only; non-GHG standard language must use direct/indirect emissions wording.,确认非 GHG 标准源文中的 Scope 词只作为引用展示，不进入标准自身术语。,Confirm Scope wording is source-quote context only and is not promoted into non-GHG standard terminology.,FY2025-Walmart-ESG-Report.pdf,30 | 7,"issions across Walmart’s global operations by 2040, reducing absolute Scope 1 & 2 GHG emissions 35% by 2025 and 65% by 2030 from our 2015 base year (interim targets approved as science-based and classified as 1.5°C-aligned by Science Based"
P2,R3_STANDARD_ROLE_FULL_GRAPH_AND_SCOPE_LANGUAGE,scope_language_policy,r017_alphabet公司,Alphabet,Alphabet,17,2,assets/data/world500/workbench/world500_non_ghg_scope_wording_review_queue.csv,P2_verify_non_ghg_source_quote_scope,P2_verify_non_ghg_source_quote_scope,,Scope 1/2/3 wording must remain GHG Protocol context or source quotation only; non-GHG standard language must use direct/indirect emissions wording.,确认非 GHG 标准源文中的 Scope 词只作为引用展示，不进入标准自身术语。,Confirm Scope wording is source-quote context only and is not promoted into non-GHG standard terminology.,google-2025-environmental-report.pdf,99,"d offices, and additional capital goods purchased for Alphabet’s operations. We use a combination of the average-data, and spend-based methods, as defined by the Scope 3 Technical Guidance, as well as LCAs that are in accordance with ISO 14"
P2,R3_STANDARD_ROLE_FULL_GRAPH_AND_SCOPE_LANGUAGE,scope_language_policy,r117_adm公司,ADM,ADM,117,2,assets/data/world500/workbench/world500_non_ghg_scope_wording_review_queue.csv,P2_verify_non_ghg_source_quote_scope,P2_verify_non_ghg_source_quote_scope,,Scope 1/2/3 wording must remain GHG Protocol context or source quotation only; non-GHG standard language must use direct/indirect emissions wording.,确认非 GHG 标准源文中的 Scope 词只作为引用展示，不进入标准自身术语。,Confirm Scope wording is source-quote context only and is not promoted into non-GHG standard terminology.,final_archer-daniels-midland-adm_2023-corporate-sustainability-report.pdf,23 | 50,"Scope 1 + 2 Carbon Reduction As previously disclosed, ADM committed to submitting a near-term GHG emission reduction target in alignment with the Science-based Targets Initiative’s (SBTi) target-setting criteria. We are pleased to announce"
P2,R3_STANDARD_ROLE_FULL_GRAPH_AND_SCOPE_LANGUAGE,scope_language_policy,r145_siemens,SIEMENS,西门子,145,2,assets/data/world500/workbench/world500_non_ghg_scope_wording_review_queue.csv,P2_verify_non_ghg_source_quote_scope,P2_verify_non_ghg_source_quote_scope,,Scope 1/2/3 wording must remain GHG Protocol context or source quotation only; non-GHG standard language must use direct/indirect emissions wording.,确认非 GHG 标准源文中的 Scope 词只作为引用展示，不进入标准自身术语。,Confirm Scope wording is source-quote context only and is not promoted into non-GHG standard terminology.,SIEMENS ENERGY-sustainability-report-2024-pdf_Original%20file.pdf,6 | 8,"ts. Clearly, it’s here we have the opportunity to make a major difference – and we’re already building new partnerships and working collaboratively with our customers to achieve this. Our goal is to reduce these Scope 3 downstream emissions"
P2,R3_STANDARD_ROLE_FULL_GRAPH_AND_SCOPE_LANGUAGE,scope_language_policy,r168_torontodominionbank,TORONTO-DOMINION BANK,多伦多道明银行,168,2,assets/data/world500/workbench/world500_non_ghg_scope_wording_review_queue.csv,P2_verify_non_ghg_source_quote_scope,P2_verify_non_ghg_source_quote_scope,,Scope 1/2/3 wording must remain GHG Protocol context or source quotation only; non-GHG standard language must use direct/indirect emissions wording.,确认非 GHG 标准源文中的 Scope 词只作为引用展示，不进入标准自身术语。,Confirm Scope wording is source-quote context only and is not promoted into non-GHG standard terminology.,2024-TORONTO-DOMINION BANK-sustainability-report-en.pdf,58 | 60,"target to achieve an absolute reduction in our location-based Scope 1 and 2 GHG emissions of 25% by 2025, relative to a 2019 baseline.57 This interim target is aligned with a science-based 1.5°C pathway and was set using the Science-Based T"
P2,R3_STANDARD_ROLE_FULL_GRAPH_AND_SCOPE_LANGUAGE,scope_language_policy,r215_munichregroup,MUNICH RE GROUP,慕尼黑再保险集团,215,2,assets/data/world500/workbench/world500_non_ghg_scope_wording_review_queue.csv,P2_verify_non_ghg_source_quote_scope,P2_verify_non_ghg_source_quote_scope,,Scope 1/2/3 wording must remain GHG Protocol context or source quotation only; non-GHG standard language must use direct/indirect emissions wording.,确认非 GHG 标准源文中的 Scope 词只作为引用展示，不进入标准自身术语。,Confirm Scope wording is source-quote context only and is not promoted into non-GHG standard terminology.,MunichRe-Group-Annual-Report-2024-en.pdf,61,"tary disclosures on scope 3 financed emissions, deriving from the standards published to date by the International Sustainability Standards Board (ISSB): IFRS S1 General Requirements for Disclosure of Sustainability-related Financial Inform"
P2,R3_STANDARD_ROLE_FULL_GRAPH_AND_SCOPE_LANGUAGE,scope_language_policy,r217_bancodobrasil,BANCO DO BRASIL,巴西银行,217,2,assets/data/world500/workbench/world500_non_ghg_scope_wording_review_queue.csv,P2_verify_non_ghg_source_quote_scope,P2_verify_non_ghg_source_quote_scope,,Scope 1/2/3 wording must remain GHG Protocol context or source quotation only; non-GHG standard language must use direct/indirect emissions wording.,确认非 GHG 标准源文中的 Scope 词只作为引用展示，不进入标准自身术语。,Confirm Scope wording is source-quote context only and is not promoted into non-GHG standard terminology.,BANCO DO BRASIL Annual Report - 2024.pdf,33,"ty), in relation to the 2023 financial year, by June 30, 2024. Accountability Measurement of financed scope 3 category 15 emissions (absolute and intensity), Business Loans asset class, in line with the recommendations of the Science Based"
P2,R3_STANDARD_ROLE_FULL_GRAPH_AND_SCOPE_LANGUAGE,scope_language_policy,r250_contemporaryamperextechnology,CONTEMPORARY AMPEREX TECHNOLOGY,宁德时代新能源科技股份有限公司,250,2,assets/data/world500/workbench/world500_non_ghg_scope_wording_review_queue.csv,P2_verify_non_ghg_source_quote_scope,P2_verify_non_ghg_source_quote_scope,,Scope 1/2/3 wording must remain GHG Protocol context or source quotation only; non-GHG standard language must use direct/indirect emissions wording.,确认非 GHG 标准源文中的 Scope 词只作为引用展示，不进入标准自身术语。,Confirm Scope wording is source-quote context only and is not promoted into non-GHG standard terminology.,宁德时代2024年ESG报告.pdf,64,电池生产基地排放强度 温室气体排放强度 3 吨二氧化碳当量/ 兆瓦时 9.98 5.77 4.56 电芯 吨二氧化碳当量/ 兆瓦时 8.74 5.02 4.12 封装模组 吨二氧化碳当量/ 兆瓦时 0.34 0.15 0.04 电池包 吨二氧化碳当量/ 兆瓦时 0.22 0.11 0.08 其他 吨二氧化碳当量/ 兆瓦时 0.69 0.49 0.32 温室气体排放强度同比下降比例 4 % 28.61 42.18 20.97 1 温室气体排放总量包括范围一、范围二温室气体排放。
P2,R3_STANDARD_ROLE_FULL_GRAPH_AND_SCOPE_LANGUAGE,scope_language_policy,r478_siemensenergy,SIEMENS ENERGY,西门子能源,478,2,assets/data/world500/workbench/world500_non_ghg_scope_wording_review_queue.csv,P2_verify_non_ghg_source_quote_scope,P2_verify_non_ghg_source_quote_scope,,Scope 1/2/3 wording must remain GHG Protocol context or source quotation only; non-GHG standard language must use direct/indirect emissions wording.,确认非 GHG 标准源文中的 Scope 词只作为引用展示，不进入标准自身术语。,Confirm Scope wording is source-quote context only and is not promoted into non-GHG standard terminology.,SIEMENS ENERGY-sustainability-report-2024-pdf_Original%20file.pdf,6 | 8,"ts. Clearly, it’s here we have the opportunity to make a major difference – and we’re already building new partnerships and working collaboratively with our customers to achieve this. Our goal is to reduce these Scope 3 downstream emissions"
P2,R3_STANDARD_ROLE_FULL_GRAPH_AND_SCOPE_LANGUAGE,scope_language_policy,r494_metro,METRO,麦德龙,494,2,assets/data/world500/workbench/world500_non_ghg_scope_wording_review_queue.csv,P2_verify_non_ghg_source_quote_scope,P2_verify_non_ghg_source_quote_scope,,Scope 1/2/3 wording must remain GHG Protocol context or source quotation only; non-GHG standard language must use direct/indirect emissions wording.,确认非 GHG 标准源文中的 Scope 词只作为引用展示，不进入标准自身术语。,Confirm Scope wording is source-quote context only and is not promoted into non-GHG standard terminology.,entire-metro-ar24.pdf,49,lute Scope 3 CO2 emissions10 (supply chain) by 15% by 2030 compared to 2018. Our goals for Scope 1 and Scope 2 are thus in line with the reductions required to keep global warming well below 2°C by 2100 compared to pre-industrial levels. Si
P2,R3_STANDARD_ROLE_FULL_GRAPH_AND_SCOPE_LANGUAGE,scope_language_policy,r011_volkswagen,VOLKSWAGEN,大众公司,11,1,assets/data/world500/workbench/world500_non_ghg_scope_wording_review_queue.csv,P2_verify_non_ghg_source_quote_scope,P2_verify_non_ghg_source_quote_scope,,Scope 1/2/3 wording must remain GHG Protocol context or source quotation only; non-GHG standard language must use direct/indirect emissions wording.,确认非 GHG 标准源文中的 Scope 词只作为引用展示，不进入标准自身术语。,Confirm Scope wording is source-quote context only and is not promoted into non-GHG standard terminology.,2023_Volkswagen_Group_Sustainability_Report.pdf,61,"cycling emissions, have been verified externally and inde­ pendently in accordance with the ISO 14040 and ISO 14044 standards. Scope 3 also includes emissions from additional Group entities and regions in some categories that are not direct"
P2,R3_STANDARD_ROLE_FULL_GRAPH_AND_SCOPE_LANGUAGE,scope_language_policy,r032_honhaiprecisionindustry,HON HAI PRECISION INDUSTRY,鸿海精密工业股份有限公司,32,1,assets/data/world500/workbench/world500_non_ghg_scope_wording_review_queue.csv,P2_verify_non_ghg_source_quote_scope,P2_verify_non_ghg_source_quote_scope,,Scope 1/2/3 wording must remain GHG Protocol context or source quotation only; non-GHG standard language must use direct/indirect emissions wording.,确认非 GHG 标准源文中的 Scope 词只作为引用展示，不进入标准自身术语。,Confirm Scope wording is source-quote context only and is not promoted into non-GHG standard terminology.,鸿海精密工业股份有限公司2024 - 中文完整版.pdf,209,"169.66 2,272,277 .12 20,265,302.49 和范畴一 0.00006 0.04972 0.04978 0s — (nd Ht) 0.00264 0.32861 0.33125 i= 资诚PWC 资诚PWC 资诚PWC 诚PWC 资诚PWC 资诚PWC 必维认证(北京)有 限公司 SAE 3410确信淮有 SAE 3410确信淮有 SAE 3410确信淮有 SAE 3410确信淮有 SAE 3410确信淮有 SAE 3410确信淮有 温室气体核算体系-"
P2,R3_STANDARD_ROLE_FULL_GRAPH_AND_SCOPE_LANGUAGE,scope_language_policy,r033_cignagroup,CIGNA GROUP,信诺集团,33,1,assets/data/world500/workbench/world500_non_ghg_scope_wording_review_queue.csv,P2_verify_non_ghg_source_quote_scope,P2_verify_non_ghg_source_quote_scope,,Scope 1/2/3 wording must remain GHG Protocol context or source quotation only; non-GHG standard language must use direct/indirect emissions wording.,确认非 GHG 标准源文中的 Scope 词只作为引用展示，不进入标准自身术语。,Confirm Scope wording is source-quote context only and is not promoted into non-GHG standard terminology.,2024-corporate-impact-report-CIGNA GROUP.pdf,49,"ing, ahead of schedule, our goal of reducing Scope 1 and 2 emissions 50%. We largely achieved our goal through renewable electricity procurement. Next, we’ll refresh our Scope 1 and 2 emissions-reduction goal in line with the Science Based"
P2,R3_STANDARD_ROLE_FULL_GRAPH_AND_SCOPE_LANGUAGE,scope_language_policy,r037_bankofchina,BANK OF CHINA,中国银行股份有限公司,37,1,assets/data/world500/workbench/world500_non_ghg_scope_wording_review_queue.csv,P2_verify_non_ghg_source_quote_scope,P2_verify_non_ghg_source_quote_scope,,Scope 1/2/3 wording must remain GHG Protocol context or source quotation only; non-GHG standard language must use direct/indirect emissions wording.,确认非 GHG 标准源文中的 Scope 词只作为引用展示，不进入标准自身术语。,Confirm Scope wording is source-quote context only and is not promoted into non-GHG standard terminology.,2024中国银行股份有限公司社会责任报告.pdf,24,"、甲烷及氧化亚气，自身运营温室气体排放 承销境内、境外绿色债券改行规模分别位列银行间市声 了 cee syne 了 -本和四 von — _ II, 加 工 IE IS . IAF I 了 7 ~~. 7 7 二日 oR » 7 ~_ 第 、彭情“全球离库绿色债券”排行檬中资同业第一。 为汽油、柴油、天然气、液化天然气、液化石油气、燃料油、煤等化石将料任底产生的 色金融债券和 100 亿元境 接排放;范围二为外购电力和热力隐含的间接排放;范围三类别 5 包括废纸、办公垃圾及"
P2,R3_STANDARD_ROLE_FULL_GRAPH_AND_SCOPE_LANGUAGE,scope_language_policy,r039_generalmotors,GENERAL MOTORS,通用汽车公司,39,1,assets/data/world500/workbench/world500_non_ghg_scope_wording_review_queue.csv,P2_verify_non_ghg_source_quote_scope,P2_verify_non_ghg_source_quote_scope,,Scope 1/2/3 wording must remain GHG Protocol context or source quotation only; non-GHG standard language must use direct/indirect emissions wording.,确认非 GHG 标准源文中的 Scope 词只作为引用展示，不进入标准自身术语。,Confirm Scope wording is source-quote context only and is not promoted into non-GHG standard terminology.,GM_2023_SR.pdf,19,use of sold products by 51% per vehicle kilometer by 2035 against a 2018 baseline Global Well-to-Wheel CO2 Emissions Intensity (gCO2e per km) Sales Weighted Average 18 2023 Sustainability Report Note 1 GM’s Scope 3 emissions are calculated
P2,R3_STANDARD_ROLE_FULL_GRAPH_AND_SCOPE_LANGUAGE,scope_language_policy,r042_mercedesbenzgroup,MERCEDES-BENZ GROUP,梅赛德斯-奔驰集团,42,1,assets/data/world500/workbench/world500_non_ghg_scope_wording_review_queue.csv,P2_verify_non_ghg_source_quote_scope,P2_verify_non_ghg_source_quote_scope,,Scope 1/2/3 wording must remain GHG Protocol context or source quotation only; non-GHG standard language must use direct/indirect emissions wording.,确认非 GHG 标准源文中的 Scope 词只作为引用展示，不进入标准自身术语。,Confirm Scope wording is source-quote context only and is not promoted into non-GHG standard terminology.,mercedes-benz-ir-sustainability-targets-and-metrics-summary-2024.pdf,4,"5 Scope 2: Indirect emissions from purchased energy, such as electricity or district heating, which is generated externally but consumed by the Group. The target is based on the market- based approach. 6 The year 2018 was selected as the ba"
P2,R3_STANDARD_ROLE_FULL_GRAPH_AND_SCOPE_LANGUAGE,scope_language_policy,r046_centene公司,Centene,Centene,46,1,assets/data/world500/workbench/world500_non_ghg_scope_wording_review_queue.csv,P2_verify_non_ghg_source_quote_scope,P2_verify_non_ghg_source_quote_scope,,Scope 1/2/3 wording must remain GHG Protocol context or source quotation only; non-GHG standard language must use direct/indirect emissions wording.,确认非 GHG 标准源文中的 Scope 词只作为引用展示，不进入标准自身术语。,Confirm Scope wording is source-quote context only and is not promoted into non-GHG standard terminology.,Centene-Corporate-Responsibility-2024.pdf,51,"ange in the context of our business is accounting for our own greenhouse gas (GHG) emissions to measure the impact we have on the environment. For the past several years, we have calculated our scope 1, scope 2 and scope 3 GHG emissions in"
P2,R3_STANDARD_ROLE_FULL_GRAPH_AND_SCOPE_LANGUAGE,scope_language_policy,r049_electricitédefrance,ELECTRICITÉ DE FRANCE,法国电力公司,49,1,assets/data/world500/workbench/world500_non_ghg_scope_wording_review_queue.csv,P2_verify_non_ghg_source_quote_scope,P2_verify_non_ghg_source_quote_scope,,Scope 1/2/3 wording must remain GHG Protocol context or source quotation only; non-GHG standard language must use direct/indirect emissions wording.,确认非 GHG 标准源文中的 Scope 词只作为引用展示，不进入标准自身术语。,Confirm Scope wording is source-quote context only and is not promoted into non-GHG standard terminology.,edf-urd-annual-financial-report-2024-en-accessible.pdf,209,"3.2.2.1.3.2.3. Reduction of the value chain emissions The EDF group has set targets for reducing its indirect Scope 3 emission to 2030, both for the whole of Scope 3 and specifically for the part of Scope 3 associated with gas sales to its"
P2,R3_STANDARD_ROLE_FULL_GRAPH_AND_SCOPE_LANGUAGE,scope_language_policy,r053_pinganinsurance,PING AN INSURANCE,中国平安保险（集团）股份有限公司,53,1,assets/data/world500/workbench/world500_non_ghg_scope_wording_review_queue.csv,P2_verify_non_ghg_source_quote_scope,P2_verify_non_ghg_source_quote_scope,,Scope 1/2/3 wording must remain GHG Protocol context or source quotation only; non-GHG standard language must use direct/indirect emissions wording.,确认非 GHG 标准源文中的 Scope 词只作为引用展示，不进入标准自身术语。,Confirm Scope wording is source-quote context only and is not promoted into non-GHG standard terminology.,2024中国平安可持续报告.pdf,171,"张使用和差旅温室气体排放 ( 吨二和氧化碳当量 ) 68,941 68,921 37,434 范围一、二、三温室气体排放总量 ( 吨二氧化碳当量 ) 439,291 478,606 492,710 人均温室气体排放量 ( 吨二氧化碳当量/人) 1.56 1.51 1.43 天1. 本集团环境数据的边界范围为集团主要成员公司范围，不包括自营物业。集团主要成员公司范围指本集团总部以及寿险及健康险、财产保险、银行、资产管理等主要业务经营范围内的子公司、联营及合营公司。组织边界确定及"
P2,R3_STANDARD_ROLE_FULL_GRAPH_AND_SCOPE_LANGUAGE,scope_language_policy,r068_verizoncommunications,VERIZON COMMUNICATIONS,威瑞森电信,68,1,assets/data/world500/workbench/world500_non_ghg_scope_wording_review_queue.csv,P2_verify_non_ghg_source_quote_scope,P2_verify_non_ghg_source_quote_scope,,Scope 1/2/3 wording must remain GHG Protocol context or source quotation only; non-GHG standard language must use direct/indirect emissions wording.,确认非 GHG 标准源文中的 Scope 词只作为引用展示，不进入标准自身术语。,Confirm Scope wording is source-quote context only and is not promoted into non-GHG standard terminology.,Verizon-2023-ESG-Report.pdf,41,"nt to 13% of electricity usage Target: Expect to source renewable energy equivalent to 100% of our annual electricity usage By 2030 * Scope 1, 2 and 3 emissions are independently assured. ** These targets were approved by the Science Based"
P2,R3_STANDARD_ROLE_FULL_GRAPH_AND_SCOPE_LANGUAGE,scope_language_policy,r071_citicgroup,CITIC GROUP,中国中信集团有限公司,71,1,assets/data/world500/workbench/world500_non_ghg_scope_wording_review_queue.csv,P2_verify_non_ghg_source_quote_scope,P2_verify_non_ghg_source_quote_scope,,Scope 1/2/3 wording must remain GHG Protocol context or source quotation only; non-GHG standard language must use direct/indirect emissions wording.,确认非 GHG 标准源文中的 Scope 词只作为引用展示，不进入标准自身术语。,Confirm Scope wording is source-quote context only and is not promoted into non-GHG standard terminology.,2024中国中信集团有限公司环境、社会及管治报告.pdf,4,"特 殊普通合伙) 对本报告中的选定关键数据执行有限鉴证业务，并出 如无特别说明，本报告披露范围与4 的范围一致。本报告关键绩效指标数据统计时间为 2024年1月1 独立鉴证报告。 报及《2023 年环境、 社会及管治报告》所涵盖 1253148, 部分内容延续 2025年3月28 。本报告已 2025 年3 经董事会审议通过。 J 28 本报告内容遵循香港联合交易所《3 守则》，并参考全球可持续发 Standards)。相关内容索引载了 PALL) 附录 C2 《环境、社会及"
P2,R3_STANDARD_ROLE_FULL_GRAPH_AND_SCOPE_LANGUAGE,scope_language_policy,r090_target,TARGET,塔吉特公司,90,1,assets/data/world500/workbench/world500_non_ghg_scope_wording_review_queue.csv,P2_verify_non_ghg_source_quote_scope,P2_verify_non_ghg_source_quote_scope,,Scope 1/2/3 wording must remain GHG Protocol context or source quotation only; non-GHG standard language must use direct/indirect emissions wording.,确认非 GHG 标准源文中的 Scope 词只作为引用展示，不进入标准自身术语。,Confirm Scope wording is source-quote context only and is not promoted into non-GHG standard terminology.,TARGET-2024-Sustainability-and-Governance-Report-Appendix.pdf,7,"ivalent (mtCO 2 e) or Giga Joules (GJ). The reductions in GHG emissions occurred in direct (scope 1) and indirect (scope 2) emissions. Gases included in the calculation: CO 2 , CH 4 , N 2 O and HFCs. Scope 1 and 2 reporting is organized in"
P2,R3_STANDARD_ROLE_FULL_GRAPH_AND_SCOPE_LANGUAGE,scope_language_policy,r094_statefarminsurance,STATE FARM INSURANCE,州立农业保险公司,94,1,assets/data/world500/workbench/world500_non_ghg_scope_wording_review_queue.csv,P2_verify_non_ghg_source_quote_scope,P2_verify_non_ghg_source_quote_scope,,Scope 1/2/3 wording must remain GHG Protocol context or source quotation only; non-GHG standard language must use direct/indirect emissions wording.,确认非 GHG 标准源文中的 Scope 词只作为引用展示，不进入标准自身术语。,Confirm Scope wording is source-quote context only and is not promoted into non-GHG standard terminology.,State_Farm_2024_Impact_Report.pdf,19,"emissions from 202,004 metric tons of CO2e to under 91,000 metric tons in 2024.** Our commitment to sustainability drives us to continue reducing our Scope 1 and 2 GHG emissions beyond our current goal. A breakdown of reductions will be ava"
P2,R3_STANDARD_ROLE_FULL_GRAPH_AND_SCOPE_LANGUAGE,scope_language_policy,r097_enel,ENEL,意大利国家电力公司,97,1,assets/data/world500/workbench/world500_non_ghg_scope_wording_review_queue.csv,P2_verify_non_ghg_source_quote_scope,P2_verify_non_ghg_source_quote_scope,,Scope 1/2/3 wording must remain GHG Protocol context or source quotation only; non-GHG standard language must use direct/indirect emissions wording.,确认非 GHG 标准源文中的 Scope 词只作为引用展示，不进入标准自身术语。,Confirm Scope wording is source-quote context only and is not promoted into non-GHG standard terminology.,ENEL-integrated-annual-report_2024.pdf,145,e for Scope 3 emissions included in the field of application of the in- ventory. The audit was conducted according to Stand- ard ISO 14064-3 for the compliance of greenhouse gas (GHG) inventories with the WBCSD/WRI Corporate Accounting and
P2,R3_STANDARD_ROLE_FULL_GRAPH_AND_SCOPE_LANGUAGE,scope_language_policy,r100_sk集团,SK,SK,100,1,assets/data/world500/workbench/world500_non_ghg_scope_wording_review_queue.csv,P2_verify_non_ghg_source_quote_scope,P2_verify_non_ghg_source_quote_scope,,Scope 1/2/3 wording must remain GHG Protocol context or source quotation only; non-GHG standard language must use direct/indirect emissions wording.,确认非 GHG 标准源文中的 Scope 词只作为引用展示，不进入标准自身术语。,Confirm Scope wording is source-quote context only and is not promoted into non-GHG standard terminology.,2025_SK-Inc_Sustainability Report_KOR.pdf,195,"증절차를 수행하였습니다. Assurance 검증 범위 검증 기준 및 절차 검증 수준 검증 결론 Scope 1, 2 온실가스 배출량 한국표준협회는 다음의 기준 및 절차에 따라 검증을 수행하였습니다. · 온실가스 배출권거래제의 배출량 보고 및 인증에 관한 지침(환경부고시 제2024-155호) · 온실가스 배출권거래제 운영을 위한 검증지침(환경부고시 제2024-169호) · 2006 IPCC Guidelines, KS I ISO14"
P2,R3_STANDARD_ROLE_FULL_GRAPH_AND_SCOPE_LANGUAGE,scope_language_policy,r105_boschgroup,BOSCH GROUP,博世集团,105,1,assets/data/world500/workbench/world500_non_ghg_scope_wording_review_queue.csv,P2_verify_non_ghg_source_quote_scope,P2_verify_non_ghg_source_quote_scope,,Scope 1/2/3 wording must remain GHG Protocol context or source quotation only; non-GHG standard language must use direct/indirect emissions wording.,确认非 GHG 标准源文中的 Scope 词只作为引用展示，不进入标准自身术语。,Confirm Scope wording is source-quote context only and is not promoted into non-GHG standard terminology.,bosch-sustainability-report-2024.pdf,32,Climate action at Bosch – the path to 2030 CO₂ emissions (scope 1 & 2) in millions of metric tons Emissions without carbon offsets Carbon offsets Emissions avoided compared with the baseline year 2018 G 12 3.3 2018 0.9 2020 0.9 2021 0.6 202
P2,R3_STANDARD_ROLE_FULL_GRAPH_AND_SCOPE_LANGUAGE,scope_language_policy,r122_carrefour,CARREFOUR,家乐福,122,1,assets/data/world500/workbench/world500_non_ghg_scope_wording_review_queue.csv,P2_verify_non_ghg_source_quote_scope,P2_verify_non_ghg_source_quote_scope,,Scope 1/2/3 wording must remain GHG Protocol context or source quotation only; non-GHG standard language must use direct/indirect emissions wording.,确认非 GHG 标准源文中的 Scope 词只作为引用展示，不进入标准自身术语。,Confirm Scope wording is source-quote context only and is not promoted into non-GHG standard terminology.,Carrefour_2024_Universal_Registration_Document.pdf,93,"ational Agreement on Plastic Packaging Reducing Scope 3 greenhouse gas emissions Adapting products and supply chains to climate change Scientific experts and consultants Definition of industry‑level/ national strategies Partnerships EY, ICa"
P2,R3_STANDARD_ROLE_FULL_GRAPH_AND_SCOPE_LANGUAGE,scope_language_policy,r123_pepsico,PEPSICO,百事公司,123,1,assets/data/world500/workbench/world500_non_ghg_scope_wording_review_queue.csv,P2_verify_non_ghg_source_quote_scope,P2_verify_non_ghg_source_quote_scope,,Scope 1/2/3 wording must remain GHG Protocol context or source quotation only; non-GHG standard language must use direct/indirect emissions wording.,确认非 GHG 标准源文中的 Scope 词只作为引用展示，不进入标准自身术语。,Confirm Scope wording is source-quote context only and is not promoted into non-GHG standard terminology.,PEPSICO-2024-esg-summary-esg-performance-metrics.pdf,7,"s to drive scalable positive impact Climate Transition Plan: PepsiCo publishes its Climate Transition Plan, which details updated Scope 1, 2, and 3 greenhouse gas (GHG) emissions reduction targets to align to 1.5°C, reflecting Science Based"
P2,R3_STANDARD_ROLE_FULL_GRAPH_AND_SCOPE_LANGUAGE,scope_language_policy,r140_tesco,TESCO,乐购,140,1,assets/data/world500/workbench/world500_non_ghg_scope_wording_review_queue.csv,P2_verify_non_ghg_source_quote_scope,P2_verify_non_ghg_source_quote_scope,,Scope 1/2/3 wording must remain GHG Protocol context or source quotation only; non-GHG standard language must use direct/indirect emissions wording.,确认非 GHG 标准源文中的 Scope 词只作为引用展示，不进入标准自身术语。,Confirm Scope wording is source-quote context only and is not promoted into non-GHG standard terminology.,tesco-sustainability-report-2025.pdf,9,"n more about our planet plan Jump to Databook Carbon-neutral operations by 2035, with interim targets to: Reduce absolute Scope 1 and 2 emissions by 60% by December 2025 (baseline 2015/16). Reduce absolute Scope 1 and 2 emissions by 85% by"
P2,R3_STANDARD_ROLE_FULL_GRAPH_AND_SCOPE_LANGUAGE,scope_language_policy,r199_caterpillar,CATERPILLAR,卡特彼勒,199,1,assets/data/world500/workbench/world500_non_ghg_scope_wording_review_queue.csv,P2_verify_non_ghg_source_quote_scope,P2_verify_non_ghg_source_quote_scope,,Scope 1/2/3 wording must remain GHG Protocol context or source quotation only; non-GHG standard language must use direct/indirect emissions wording.,确认非 GHG 标准源文中的 Scope 词只作为引用展示，不进入标准自身术语。,Confirm Scope wording is source-quote context only and is not promoted into non-GHG standard terminology.,CATERPILLAR 2024 SUSTAINABILITY REPORT.pdf,69,uracy and consistency in electrical grid energy data for U.S. locations. The goal remains unchanged at 30% and is aligned to the SBTi methodology guidance at the time of goal setting. 9. Location-based Scope 2 GHG emissions are provided in
P2,R3_STANDARD_ROLE_FULL_GRAPH_AND_SCOPE_LANGUAGE,scope_language_policy,r224_zurichinsurancegroup,ZURICH INSURANCE GROUP,苏黎世保险集团,224,1,assets/data/world500/workbench/world500_non_ghg_scope_wording_review_queue.csv,P2_verify_non_ghg_source_quote_scope,P2_verify_non_ghg_source_quote_scope,,Scope 1/2/3 wording must remain GHG Protocol context or source quotation only; non-GHG standard language must use direct/indirect emissions wording.,确认非 GHG 标准源文中的 Scope 词只作为引用展示，不进入标准自身术语。,Confirm Scope wording is source-quote context only and is not promoted into non-GHG standard terminology.,ZURICH INSURANCE GROUP sustainability-report-2024.pdf,13,nability report Risk review Financial review Zurich Insurance Group Annual Report 2024 127 Introduction | Governance | Planet | Customers | People 1 1Determined by scope 1& 2 for our customers’ emissions using the Partnership for Carbon Acc
P2,R3_STANDARD_ROLE_FULL_GRAPH_AND_SCOPE_LANGUAGE,scope_language_policy,r241_tdsynnex公司,TD Synnex,TD Synnex,241,1,assets/data/world500/workbench/world500_non_ghg_scope_wording_review_queue.csv,P2_verify_non_ghg_source_quote_scope,P2_verify_non_ghg_source_quote_scope,,Scope 1/2/3 wording must remain GHG Protocol context or source quotation only; non-GHG standard language must use direct/indirect emissions wording.,确认非 GHG 标准源文中的 Scope 词只作为引用展示，不进入标准自身术语。,Confirm Scope wording is source-quote context only and is not promoted into non-GHG standard terminology.,tdsynnex-fy2024-ccr-ada.pdf,3,"the entire IT ecosystem. As we do so, we’re translating our ambitions into action and delivering on key commitments. I’m proud to report that we’ve achieved our 2030 Scope 1 and 2 reduction targets, which are validated by the Science Based"
P2,R3_STANDARD_ROLE_FULL_GRAPH_AND_SCOPE_LANGUAGE,scope_language_policy,r244_allstate,ALLSTATE,好事达,244,1,assets/data/world500/workbench/world500_non_ghg_scope_wording_review_queue.csv,P2_verify_non_ghg_source_quote_scope,P2_verify_non_ghg_source_quote_scope,,Scope 1/2/3 wording must remain GHG Protocol context or source quotation only; non-GHG standard language must use direct/indirect emissions wording.,确认非 GHG 标准源文中的 Scope 词只作为引用展示，不进入标准自身术语。,Confirm Scope wording is source-quote context only and is not promoted into non-GHG standard terminology.,2024_ALLSTATE SustainabilityReport_FINAL.pdf,5,"sen not to make specific time bound commitments on Scope 3 emissions given lack of precision in measurement, limited control over third parties and unknown impacts on customers and shareholders. 33% In 2023, we decreased Scope 1 and 2 emiss"
P2,R3_STANDARD_ROLE_FULL_GRAPH_AND_SCOPE_LANGUAGE,scope_language_policy,r252_bancobradesco,BANCO BRADESCO,巴西布拉德斯科银行,252,1,assets/data/world500/workbench/world500_non_ghg_scope_wording_review_queue.csv,P2_verify_non_ghg_source_quote_scope,P2_verify_non_ghg_source_quote_scope,,Scope 1/2/3 wording must remain GHG Protocol context or source quotation only; non-GHG standard language must use direct/indirect emissions wording.,确认非 GHG 标准源文中的 Scope 词只作为引用展示，不进入标准自身术语。,Confirm Scope wording is source-quote context only and is not promoted into non-GHG standard terminology.,2024 BANCO BRADESCO ESG Report.pdf,7,"ded this neutralization to scope 3 operational emissions. And from 2020, we started operating with 100% renewable energy. We were also the first bank in the country to measure and disclose emissions from the corporate credit portfolio, usin"
P2,R3_STANDARD_ROLE_FULL_GRAPH_AND_SCOPE_LANGUAGE,scope_language_policy,r263_novartis,NOVARTIS,诺华公司,263,1,assets/data/world500/workbench/world500_non_ghg_scope_wording_review_queue.csv,P2_verify_non_ghg_source_quote_scope,P2_verify_non_ghg_source_quote_scope,,Scope 1/2/3 wording must remain GHG Protocol context or source quotation only; non-GHG standard language must use direct/indirect emissions wording.,确认非 GHG 标准源文中的 Scope 词只作为引用展示，不进入标准自身术语。,Confirm Scope wording is source-quote context only and is not promoted into non-GHG standard terminology.,novartis-integrated-report-2024.pdf,27,"rgy solutions across our operations, and reduce consumption of natural resources. Our activities led to a reduction of our own emissions and those from purchased energy (Scope 1 and 2) by 20% from the prior year and 71% from a 2016 base yea"
P2,R3_STANDARD_ROLE_FULL_GRAPH_AND_SCOPE_LANGUAGE,scope_language_policy,r273_iberdrola公司,Iberdrola,Iberdrola,273,1,assets/data/world500/workbench/world500_non_ghg_scope_wording_review_queue.csv,P2_verify_non_ghg_source_quote_scope,P2_verify_non_ghg_source_quote_scope,,Scope 1/2/3 wording must remain GHG Protocol context or source quotation only; non-GHG standard language must use direct/indirect emissions wording.,确认非 GHG 标准源文中的 Scope 词只作为引用展示，不进入标准自身术语。,Confirm Scope wording is source-quote context only and is not promoted into non-GHG standard terminology.,gsm25-IBERDROLA-sustainability-report-2024.pdf,81,"ecific CO2 emissions intensity in 2021 of all electricity companies included in the Euro Stoxx Utilities Index. This emissions reduction target, detailed in E1-4 section, is in line with the Group's Scope 1 emissions intensity reduction tar"
P2,R3_STANDARD_ROLE_FULL_GRAPH_AND_SCOPE_LANGUAGE,scope_language_policy,r286_bayer,BAYER,拜耳集团,286,1,assets/data/world500/workbench/world500_non_ghg_scope_wording_review_queue.csv,P2_verify_non_ghg_source_quote_scope,P2_verify_non_ghg_source_quote_scope,,Scope 1/2/3 wording must remain GHG Protocol context or source quotation only; non-GHG standard language must use direct/indirect emissions wording.,确认非 GHG 标准源文中的 Scope 词只作为引用展示，不进入标准自身术语。,Confirm Scope wording is source-quote context only and is not promoted into non-GHG standard terminology.,bayer-impact-report-2024.pdf,8,"sures to support SDG 13 “Climate action.” For example, we are reducing our own greenhouse gas emissions (Scope 1 & 2) and greenhouse gas emissions along our value chain (Scope 3). Our reduction targets were confirmed by the Sci- ence Based"
P2,R3_STANDARD_ROLE_FULL_GRAPH_AND_SCOPE_LANGUAGE,scope_language_policy,r302_chubb,CHUBB,安达保险公司,302,1,assets/data/world500/workbench/world500_non_ghg_scope_wording_review_queue.csv,P2_verify_non_ghg_source_quote_scope,P2_verify_non_ghg_source_quote_scope,,Scope 1/2/3 wording must remain GHG Protocol context or source quotation only; non-GHG standard language must use direct/indirect emissions wording.,确认非 GHG 标准源文中的 Scope 词只作为引用展示，不进入标准自身术语。,Confirm Scope wording is source-quote context only and is not promoted into non-GHG standard terminology.,Chubb-2024-Sustainability-Report.pdf,14,"ssions.9 Most importantly, the calculation of an “attribution factor” for Scope 3 insurance-associated emissions can cause the ultimate “attributed” value to vary for many reasons that have nothing to do with changes in emissions in the rea"
P2,R3_STANDARD_ROLE_FULL_GRAPH_AND_SCOPE_LANGUAGE,scope_language_policy,r308_veoliaenvironnement,VEOLIA ENVIRONNEMENT,法国威立雅环境集团,308,1,assets/data/world500/workbench/world500_non_ghg_scope_wording_review_queue.csv,P2_verify_non_ghg_source_quote_scope,P2_verify_non_ghg_source_quote_scope,,Scope 1/2/3 wording must remain GHG Protocol context or source quotation only; non-GHG standard language must use direct/indirect emissions wording.,确认非 GHG 标准源文中的 Scope 词只作为引用展示，不进入标准自身术语。,Confirm Scope wording is source-quote context only and is not promoted into non-GHG standard terminology.,veolia-2024-esg-report.pdf,16,(1) Across 67% of the scope 3 total in line with the medium-term target defined by the SBTi. DECARBONIZING TO LIMIT CLIMATE CHANGE ENVIRONMENT Our commitment: to combat pollution and accelerate ecological transformation. “Veolia’s activitie
P2,R3_STANDARD_ROLE_FULL_GRAPH_AND_SCOPE_LANGUAGE,scope_language_policy,r310_vodafonegroup,VODAFONE GROUP,沃达丰集团,310,1,assets/data/world500/workbench/world500_non_ghg_scope_wording_review_queue.csv,P2_verify_non_ghg_source_quote_scope,P2_verify_non_ghg_source_quote_scope,,Scope 1/2/3 wording must remain GHG Protocol context or source quotation only; non-GHG standard language must use direct/indirect emissions wording.,确认非 GHG 标准源文中的 Scope 词只作为引用展示，不进入标准自身术语。,Confirm Scope wording is source-quote context only and is not promoted into non-GHG standard terminology.,Vodafone 2025 Annual Report.pdf,37,"n operations (Scope 1 and 2 GHG emissions) by at least 90% globally by 2030, in line with the pathway required to limit global warming to 1.5°C by 2100, is part of Vodafone’s near-term target, which has been validated by the Science Based T"
P2,R3_STANDARD_ROLE_FULL_GRAPH_AND_SCOPE_LANGUAGE,scope_language_policy,r313_exor集团,EXOR,EXOR,313,1,assets/data/world500/workbench/world500_non_ghg_scope_wording_review_queue.csv,P2_verify_non_ghg_source_quote_scope,P2_verify_non_ghg_source_quote_scope,,Scope 1/2/3 wording must remain GHG Protocol context or source quotation only; non-GHG standard language must use direct/indirect emissions wording.,确认非 GHG 标准源文中的 Scope 词只作为引用展示，不进入标准自身术语。,Confirm Scope wording is source-quote context only and is not promoted into non-GHG standard terminology.,EXOR GROUP Sustainability Report 2023.pdf,7,"Exor Scope 2 Emissions 35 34 27 Exor Scope 3 Emissions 1,217 4,552 1,771 Exor Total Holding Level Emissions 1,259 4,594 1,811 Exor Companies Emissions (Scope 1 and 2)¹ 411,752 351,328 1) FY2023 emissions data from the companies will be disc"
P2,R3_STANDARD_ROLE_FULL_GRAPH_AND_SCOPE_LANGUAGE,scope_language_policy,r315_unicreditgroup,UNICREDIT GROUP,联合信贷集团,315,1,assets/data/world500/workbench/world500_non_ghg_scope_wording_review_queue.csv,P2_verify_non_ghg_source_quote_scope,P2_verify_non_ghg_source_quote_scope,,Scope 1/2/3 wording must remain GHG Protocol context or source quotation only; non-GHG standard language must use direct/indirect emissions wording.,确认非 GHG 标准源文中的 Scope 词只作为引用展示，不进入标准自身术语。,Confirm Scope wording is source-quote context only and is not promoted into non-GHG standard terminology.,2024-UNICREDIT GROUP-Annual-Reports-and-Accounts.pdf,140,"In the absence of primary data from stakeholders, UniCredit relies on estimation techniques that involve assumptions based on the best available information. These techniques include: Emissions factors: for Scope 3 GHG emissions, as indicat"
P2,R3_STANDARD_ROLE_FULL_GRAPH_AND_SCOPE_LANGUAGE,scope_language_policy,r324_americaninternationalgroup,AMERICAN INTERNATIONAL GROUP,美国国际集团,324,1,assets/data/world500/workbench/world500_non_ghg_scope_wording_review_queue.csv,P2_verify_non_ghg_source_quote_scope,P2_verify_non_ghg_source_quote_scope,,Scope 1/2/3 wording must remain GHG Protocol context or source quotation only; non-GHG standard language must use direct/indirect emissions wording.,确认非 GHG 标准源文中的 Scope 词只作为引用展示，不进入标准自身术语。,Confirm Scope wording is source-quote context only and is not promoted into non-GHG standard terminology.,AMERICAN INTERNATIONAL GROUP-aig-sustainability-report-2024.pdf,32,ore additional operational emissions 8 AIG's 100% renewable energy commitment applies to scope 2 emissions from electricity usage for facilities controlled or owned by AIG. 9 Using a market-based emissions calculation. 10 The Science Based
P2,R3_STANDARD_ROLE_FULL_GRAPH_AND_SCOPE_LANGUAGE,scope_language_policy,r367_canadianimperialbankofcommerce,CANADIAN IMPERIAL BANK OF COMMERCE,加拿大帝国商业银行,367,1,assets/data/world500/workbench/world500_non_ghg_scope_wording_review_queue.csv,P2_verify_non_ghg_source_quote_scope,P2_verify_non_ghg_source_quote_scope,,Scope 1/2/3 wording must remain GHG Protocol context or source quotation only; non-GHG standard language must use direct/indirect emissions wording.,确认非 GHG 标准源文中的 Scope 词只作为引用展示，不进入标准自身术语。,Confirm Scope wording is source-quote context only and is not promoted into non-GHG standard terminology.,CANADIAN IMPERIAL BANK OF COMMERCE-sustainability-report-2024-en.pdf,26,"s in Board-approved executive roles (Canada) •  • Percent of workforce that identify as Indigenous peoples (Canada) •  ISAE 3000 Employee engagement score ISAE 3000 Community investment ISAE 3000 Sustainable finance ISAE 3000 Scope 1, 2,"
P2,R3_STANDARD_ROLE_FULL_GRAPH_AND_SCOPE_LANGUAGE,scope_language_policy,r368_lyondellbasellindustries,LYONDELLBASELL INDUSTRIES,利安德巴塞尔工业公司,368,1,assets/data/world500/workbench/world500_non_ghg_scope_wording_review_queue.csv,P2_verify_non_ghg_source_quote_scope,P2_verify_non_ghg_source_quote_scope,,Scope 1/2/3 wording must remain GHG Protocol context or source quotation only; non-GHG standard language must use direct/indirect emissions wording.,确认非 GHG 标准源文中的 Scope 词只作为引用展示，不进入标准自身术语。,Confirm Scope wording is source-quote context only and is not promoted into non-GHG standard terminology.,2024-LYONDELLBASELL INDUSTRIES-sustainability-report.pdf,26,"with customers on their scope 3 emission targets, and work to evaluate our supply chain. Additionally, we are collaborating to support the harmonization of product life cycle metrics and their application (e.g., ISO 14040/44, Product Enviro"
P2,R3_STANDARD_ROLE_FULL_GRAPH_AND_SCOPE_LANGUAGE,scope_language_policy,r369_jsainsbury,J. SAINSBURY,森宝利公司,369,1,assets/data/world500/workbench/world500_non_ghg_scope_wording_review_queue.csv,P2_verify_non_ghg_source_quote_scope,P2_verify_non_ghg_source_quote_scope,,Scope 1/2/3 wording must remain GHG Protocol context or source quotation only; non-GHG standard language must use direct/indirect emissions wording.,确认非 GHG 标准源文中的 Scope 词只作为引用展示，不进入标准自身术语。,Confirm Scope wording is source-quote context only and is not promoted into non-GHG standard terminology.,sainsburys-plan-for-better-report-2024-25.pdf,4,"erations, from our 2018/19 baseline £33.8m raised for good causes this year 373% more surplus food redistributed to communities versus our 2019/20 baseline 39.8% of our Scope 3 emissions are covered by suppliers that have had any 1.5oC targ"
P2,R3_STANDARD_ROLE_FULL_GRAPH_AND_SCOPE_LANGUAGE,scope_language_policy,r376_abbottlaboratories,ABBOTT LABORATORIES,雅培公司,376,1,assets/data/world500/workbench/world500_non_ghg_scope_wording_review_queue.csv,P2_verify_non_ghg_source_quote_scope,P2_verify_non_ghg_source_quote_scope,,Scope 1/2/3 wording must remain GHG Protocol context or source quotation only; non-GHG standard language must use direct/indirect emissions wording.,确认非 GHG 标准源文中的 Scope 词只作为引用展示，不进入标准自身术语。,Confirm Scope wording is source-quote context only and is not promoted into non-GHG standard terminology.,Abbott-2024-Global-Sustainability-Report-June-2025.pdf,13,"l business loans, and technical assistance since March 2022. Protect a healthy environment Reduce absolute Scope 1 and 2 carbon emissions by 30%, from a 2018 baseline, by the end of 2030, consistent with the objectives of the Science-Based"
P2,R3_STANDARD_ROLE_FULL_GRAPH_AND_SCOPE_LANGUAGE,scope_language_policy,r392_coop集团,Coop,Coop,392,1,assets/data/world500/workbench/world500_non_ghg_scope_wording_review_queue.csv,P2_verify_non_ghg_source_quote_scope,P2_verify_non_ghg_source_quote_scope,,Scope 1/2/3 wording must remain GHG Protocol context or source quotation only; non-GHG standard language must use direct/indirect emissions wording.,确认非 GHG 标准源文中的 Scope 词只作为引用展示，不进入标准自身术语。,Confirm Scope wording is source-quote context only and is not promoted into non-GHG standard terminology.,COOP GROUP Fortschrittsbericht-Nachhaltigkeit-2024_en.pdf,216,We used the “operational control” approach as per the Green­ house Gas (GHG) Protocol to calculate CO2e emissions. The Scope 3 emissions were calculated in accordance with ISO 14064 and the GHG Protocol guidelines. Detailed informa­ tion on
P2,R3_STANDARD_ROLE_FULL_GRAPH_AND_SCOPE_LANGUAGE,scope_language_policy,r398_compassgroup,COMPASS GROUP,康帕斯集团,398,1,assets/data/world500/workbench/world500_non_ghg_scope_wording_review_queue.csv,P2_verify_non_ghg_source_quote_scope,P2_verify_non_ghg_source_quote_scope,,Scope 1/2/3 wording must remain GHG Protocol context or source quotation only; non-GHG standard language must use direct/indirect emissions wording.,确认非 GHG 标准源文中的 Scope 词只作为引用展示，不进入标准自身术语。,Confirm Scope wording is source-quote context only and is not promoted into non-GHG standard terminology.,COMPASS GROUP sustainability-report_2024.pdf,10,nd 3 emissions compared to 2023. Climate goals Climate net zero 1 by 2050 across our value chain 46% reduction in absolute Scope 1 & 2 GHG emissions by 2030 28% reduction in absolute Scope 3 GHG emissions associated with the food and drink
P2,R3_STANDARD_ROLE_FULL_GRAPH_AND_SCOPE_LANGUAGE,scope_language_policy,r407_haiersmarthome,HAIER SMART HOME,海尔智家股份有限公司,407,1,assets/data/world500/workbench/world500_non_ghg_scope_wording_review_queue.csv,P2_verify_non_ghg_source_quote_scope,P2_verify_non_ghg_source_quote_scope,,Scope 1/2/3 wording must remain GHG Protocol context or source quotation only; non-GHG standard language must use direct/indirect emissions wording.,确认非 GHG 标准源文中的 Scope 词只作为引用展示，不进入标准自身术语。,Confirm Scope wording is source-quote context only and is not promoted into non-GHG standard terminology.,海尔智家股份有限公司2024ESG报告.pdf,86,"数据来源以及所采用的评估方法，并可能受到其他未预见的不确 指标及目标 定性因素和主观判断的影响 。 2024 年起，海尔智家加速推进减破规划工作，并取得阶段性成果。海尔 智家中国区在“十五五”时期将以国家双控制度为指引，承诺以 2024 年 风险管理 为基准年，到 2030 年实现国内范围一、二温室气体排放强度降低 10%. 未来，海尔智家将持续完善中长期战略规划工作，预计于 2025 年内发布 体碳中和目标，智启“零碳未来""，共创绿色家园。此外，本年度，海 尔冷柜短期减排目"
P2,R3_STANDARD_ROLE_FULL_GRAPH_AND_SCOPE_LANGUAGE,scope_language_policy,r413_honeywellinternational,HONEYWELL INTERNATIONAL,霍尼韦尔国际公司,413,1,assets/data/world500/workbench/world500_non_ghg_scope_wording_review_queue.csv,P2_verify_non_ghg_source_quote_scope,P2_verify_non_ghg_source_quote_scope,,Scope 1/2/3 wording must remain GHG Protocol context or source quotation only; non-GHG standard language must use direct/indirect emissions wording.,确认非 GHG 标准源文中的 Scope 词只作为引用展示，不进入标准自身术语。,Confirm Scope wording is source-quote context only and is not promoted into non-GHG standard terminology.,HONEYWELL INTERNATIONAL-2025-impact-report.pdf,9,"all internal and external stakeholders1 >90% REDUCTION in Scope 1 and Scope 2 greenhouse gas intensity since 2004 6,800+ efficiency, emissions reduction, water and waste projects since 2010 Validated SCIENCE-BASED TARGET with Science Based"
P2,R3_STANDARD_ROLE_FULL_GRAPH_AND_SCOPE_LANGUAGE,scope_language_policy,r421_jardinematheson,JARDINE MATHESON,怡和集团,421,1,assets/data/world500/workbench/world500_non_ghg_scope_wording_review_queue.csv,P2_verify_non_ghg_source_quote_scope,P2_verify_non_ghg_source_quote_scope,,Scope 1/2/3 wording must remain GHG Protocol context or source quotation only; non-GHG standard language must use direct/indirect emissions wording.,确认非 GHG 标准源文中的 Scope 词只作为引用展示，不进入标准自身术语。,Confirm Scope wording is source-quote context only and is not promoted into non-GHG standard terminology.,2024_JARDINE MATHESON_sustainability_report.pdf,4,"2024 Highlights Accelerating decarbonisation 100% portfolio companies established scope 1 and 2 decarbonisation roadmaps, most are 1.5°C-aligned JEC, JRG and Zung Fu achieved target validation for scope 1, 2 and 3 emissions in 2024 from SBT"
P2,R3_STANDARD_ROLE_FULL_GRAPH_AND_SCOPE_LANGUAGE,scope_language_policy,r422_mondelezinternational,MONDELEZ INTERNATIONAL,亿滋国际,422,1,assets/data/world500/workbench/world500_non_ghg_scope_wording_review_queue.csv,P2_verify_non_ghg_source_quote_scope,P2_verify_non_ghg_source_quote_scope,,Scope 1/2/3 wording must remain GHG Protocol context or source quotation only; non-GHG standard language must use direct/indirect emissions wording.,确认非 GHG 标准源文中的 Scope 词只作为引用展示，不进入标准自身术语。,Confirm Scope wording is source-quote context only and is not promoted into non-GHG standard terminology.,2024-MONDELEZ INTERNATIONAL-Snacking-Made-Right-ESG-Report.pdf,16,"we can support key suppliers to develop the knowledge and skills needed to measure their Scope 3 emissions, conduct foot printing, set goals, identify opportunities for abatement and disclose information in alignment with the Science Based"
P2,R3_STANDARD_ROLE_FULL_GRAPH_AND_SCOPE_LANGUAGE,scope_language_policy,r427_broadcom,BROADCOM,博通公司,427,1,assets/data/world500/workbench/world500_non_ghg_scope_wording_review_queue.csv,P2_verify_non_ghg_source_quote_scope,P2_verify_non_ghg_source_quote_scope,,Scope 1/2/3 wording must remain GHG Protocol context or source quotation only; non-GHG standard language must use direct/indirect emissions wording.,确认非 GHG 标准源文中的 Scope 词只作为引用展示，不进入标准自身术语。,Confirm Scope wording is source-quote context only and is not promoted into non-GHG standard terminology.,broadcom-2024-corpresponsibility-final.pdf,3,rmination of our employees and the strength of our business and products. We continue to make progress on our commitment to reduce our Scope 1 and Scope 2 greenhouse gas (GHG) emissions in line with the UN Paris Agreement and Science Based
P2,R3_STANDARD_ROLE_FULL_GRAPH_AND_SCOPE_LANGUAGE,scope_language_policy,r443_crh公司,CRH,CRH,443,1,assets/data/world500/workbench/world500_non_ghg_scope_wording_review_queue.csv,P2_verify_non_ghg_source_quote_scope,P2_verify_non_ghg_source_quote_scope,,Scope 1/2/3 wording must remain GHG Protocol context or source quotation only; non-GHG standard language must use direct/indirect emissions wording.,确认非 GHG 标准源文中的 Scope 词只作为引用展示，不进入标准自身术语。,Confirm Scope wording is source-quote context only and is not promoted into non-GHG standard terminology.,crh-2024-sustainability-performance-report_final_interactive-1.pdf,39,"emissions reduction target of 30% by 2030 (from a 2021 base year) inclusive of organic business growth. This target applies to our group-wide gross carbon emissions and covers our total footprint across Scope 1, 2 and 3. The Science Based T"
P2,R3_STANDARD_ROLE_FULL_GRAPH_AND_SCOPE_LANGUAGE,scope_language_policy,r449_nationalaustraliabank,NATIONAL AUSTRALIA BANK,澳大利亚国民银行,449,1,assets/data/world500/workbench/world500_non_ghg_scope_wording_review_queue.csv,P2_verify_non_ghg_source_quote_scope,P2_verify_non_ghg_source_quote_scope,,Scope 1/2/3 wording must remain GHG Protocol context or source quotation only; non-GHG standard language must use direct/indirect emissions wording.,确认非 GHG 标准源文中的 Scope 词只作为引用展示，不进入标准自身术语。,Confirm Scope wording is source-quote context only and is not promoted into non-GHG standard terminology.,2024-NATIONAL AUSTRALIA BANK-climate-report.pdf,49,lement Approach 2021 baseline(1) 0.17 tCO2-e/MWh Metric Emissions intensity (tCO2-e/MWh) Emissions Scope Scope 1 and 2 2030 Target(1) 0.14 tCO2-e/MWh (18% reduction against 2021 baseline) Reference pathway IEA NZE 2050 (2021) Data quality s
P2,R3_STANDARD_ROLE_FULL_GRAPH_AND_SCOPE_LANGUAGE,scope_language_policy,r468_netflix公司,Netflix,Netflix,468,1,assets/data/world500/workbench/world500_non_ghg_scope_wording_review_queue.csv,P2_verify_non_ghg_source_quote_scope,P2_verify_non_ghg_source_quote_scope,,Scope 1/2/3 wording must remain GHG Protocol context or source quotation only; non-GHG standard language must use direct/indirect emissions wording.,确认非 GHG 标准源文中的 Scope 词只作为引用展示，不进入标准自身术语。,Confirm Scope wording is source-quote context only and is not promoted into non-GHG standard terminology.,2024-Netflix-Environmental-Social-Governance-Report.pdf,6,"tes (SAFc) in our Scopes 1 and 3 emissions. Refer to the appendix for further details. Scope 1 51,487 30,883 62,815 59,388 25,790 49,647 Scope 2 26,317 29,356 31,937 23,622 15,281 25,353 TOTAL (Scopes 1 and 2) 77,804 60,239 94,752 83,010 41"
P2,R3_STANDARD_ROLE_FULL_GRAPH_AND_SCOPE_LANGUAGE,scope_language_policy,r469_novonordisk,NOVO NORDISK,诺和诺德公司,469,1,assets/data/world500/workbench/world500_non_ghg_scope_wording_review_queue.csv,P2_verify_non_ghg_source_quote_scope,P2_verify_non_ghg_source_quote_scope,,Scope 1/2/3 wording must remain GHG Protocol context or source quotation only; non-GHG standard language must use direct/indirect emissions wording.,确认非 GHG 标准源文中的 Scope 词只作为引用展示，不进入标准自身术语。,Confirm Scope wording is source-quote context only and is not promoted into non-GHG standard terminology.,novo-nordisk-annual-report-2024.pdf,14,"our medicines. To achieve net zero emissions by 2045, we have a roadmap to reduce scope 3 emissions by 33% by 2033, using 2024 as the baseline. This target – which covers nearly 70% of our scope 3 emissions in accordance with Science Based"
P2,R3_STANDARD_ROLE_FULL_GRAPH_AND_SCOPE_LANGUAGE,scope_language_policy,r479_schlumberger,SCHLUMBERGER,斯伦贝谢公司,479,1,assets/data/world500/workbench/world500_non_ghg_scope_wording_review_queue.csv,P2_verify_non_ghg_source_quote_scope,P2_verify_non_ghg_source_quote_scope,,Scope 1/2/3 wording must remain GHG Protocol context or source quotation only; non-GHG standard language must use direct/indirect emissions wording.,确认非 GHG 标准源文中的 Scope 词只作为引用展示，不进入标准自身术语。,Confirm Scope wording is source-quote context only and is not promoted into non-GHG standard terminology.,SCHLUMBERGER-sustainability-report-2024.pdf,16,"Scope 3 in Our Value Chain continued The Environmental Steward (TES) Application Deployed in 2024 and to be adopted by all engineering teams, the TES app formalizes adherence to our ISO 14067-aligned Life Cycle Assessment (LCA) method, enab"
P2,R3_STANDARD_ROLE_FULL_GRAPH_AND_SCOPE_LANGUAGE,scope_language_policy,r487_heineken,HEINEKEN,喜力公司,487,1,assets/data/world500/workbench/world500_non_ghg_scope_wording_review_queue.csv,P2_verify_non_ghg_source_quote_scope,P2_verify_non_ghg_source_quote_scope,,Scope 1/2/3 wording must remain GHG Protocol context or source quotation only; non-GHG standard language must use direct/indirect emissions wording.,确认非 GHG 标准源文中的 Scope 词只作为引用展示，不进入标准自身术语。,Confirm Scope wording is source-quote context only and is not promoted into non-GHG standard terminology.,heineken_n_v_annual_report_2024_final_20feb2025.pdf,19,"y 20302 alongside reducing Scope 3 emissions by 26%. We aim to reduce Scope 3 by decreasing forest, land and agriculture (FLAG) emissions by 30% and energy-based emissions (non- FLAG) by 25%. These goals were validated by the Science Based"
P2,R3_STANDARD_ROLE_FULL_GRAPH_AND_SCOPE_LANGUAGE,scope_language_policy,r500_三星candt公司,Samsung C&T,三星C&T,500,1,assets/data/world500/workbench/world500_non_ghg_scope_wording_review_queue.csv,P2_verify_non_ghg_source_quote_scope,P2_verify_non_ghg_source_quote_scope,,Scope 1/2/3 wording must remain GHG Protocol context or source quotation only; non-GHG standard language must use direct/indirect emissions wording.,确认非 GHG 标准源文中的 Scope 词只作为引用展示，不进入标准自身术语。,Confirm Scope wording is source-quote context only and is not promoted into non-GHG standard terminology.,2025 Samsung C&T Sustainability Report.pdf,119,tegory 7 commuting Data Verified: Domestic and Overseas Corporation Scope 1&2 Emissions in 2024 Verification Criteria and Protocol The verification was performed at the request of Samsung C&T Corporation using the following verification sta
