company_id,world500_rank,company_name_en,company_name_zh,industry_section_code,industry_section_en,industry_section_zh,series_id,series_name_en,series_name_zh,category_en,category_zh,role_en,role_zh,principle_en,principle_zh,language_policy_en,language_policy_zh,match_status,evidence_gate,matched_aliases,evidence_count,pages,source_files,sample_review_status,sample_confidence,sample_snippet_en,sample_snippet_zh,recommended_use_en,recommended_use_zh
r001_walmart,1,WALMART,沃尔玛,F,Wholesale and Retail Trade,批发和零售业,ghg_scope2_guidance,GHG Protocol Scope 2 Guidance,GHG Protocol Scope 2 指南,Guidance,指南,Purchased electricity and energy method guidance,外购电力与能源口径指南,Location-based and market-based Scope 2 reporting are separated when cited.,原文显式引用时区分位置法与市场法 Scope 2 披露。,Scope 2 market-based and location-based language is treated as GHG-specific.,Scope 2 市场法/位置法术语只在 GHG Protocol 语境下使用。,contextual_overmapped_review,no_explicit_whitelisted_series_name_in_page_text,,4,7,FY2025-Walmart-ESG-Report.pdf,seed_batch_01,medium,rting Walmart Inc. calculates its GHG emissions footprint estimates in alignment with the Greenhouse Gas Protocol’s Corporate Accounting and Reporting Standard as well as the Corporate Value Chain (Scope 3) Accounting and Reporting Standard,rting Walmart Inc. calculates its GHG emissions footprint estimates in alignment with the Greenhouse Gas Protocol’s Corporate Accounting and Reporting Standa...,Review only: keep out of accepted standard-company conclusions until page-level evidence explicitly names the series.,仅供复核：页级证据明确命名具体系列前，不进入已采信标准-企业结论。
r001_walmart,1,WALMART,沃尔玛,F,Wholesale and Retail Trade,批发和零售业,ghg_scope3_calculation_guidance,GHG Protocol Scope 3 Calculation Guidance,GHG Protocol Scope 3 计算指南,Guidance,指南,Scope 3 inventory calculation guidance,Scope 3 清单计算指南,Companion calculation guidance for completing Scope 3 inventories.,配套计算指南，用于完成 Scope 3 清单。,Scope 3 categories are GHG-specific and only shown when the source uses that wording.,Scope 3 类别是 GHG 特有口径，仅在原文如此使用时展示。,contextual_overmapped_review,no_explicit_whitelisted_series_name_in_page_text,,1,7,FY2025-Walmart-ESG-Report.pdf,pdf_contextual_scope_inventory_mapping,pdf_page_backfill,Structured standard tag: GHG Protocol; Standard role: Accounting standard rting Walmart Inc. calculates its GHG emissions footprint estimates in alignment with the Greenhouse Gas Protocol’s Corporate Accounting and Reporting Standard as well as the Corporate Value Chain (Scope 3) Accounting and Reporting Standard FY2025-Walmart-ESG-Report.pdf INTRODUCTION O…,Structured standard tag: GHG Protocol; Standard role: Accounting standard rting Walmart Inc. calculates its GHG emissions footprint estimates in alignment with the Greenhouse Gas Protocol’s Corporate Accounting and Reporting Standard as well as the Corporate Value Chain (Scope 3) Accounting and Reporting Standard FY2025-Walmart-ESG-Report.pdf INTRODUCTION O…,Review only: keep out of accepted standard-company conclusions until page-level evidence explicitly names the series.,仅供复核：页级证据明确命名具体系列前，不进入已采信标准-企业结论。
r002_amazoncom,2,AMAZON.COM,亚马逊,F,Wholesale and Retail Trade,批发和零售业,ghg_corporate_standard,GHG Protocol Corporate Accounting and Reporting Standard,GHG Protocol 企业核算与报告标准,Standard,标准,Corporate inventory accounting standard,企业组织层面清单核算标准,"Relevance, completeness, consistency, transparency, and accuracy.",相关性、完整性、一致性、透明性和准确性。,"Within GHG Protocol evidence, this may define Scope 1 and Scope 2 corporate inventory boundaries.",仅在 GHG Protocol 证据下使用 Scope 1/2 的组织层面清单口径。,contextual_scope_inventory_mapping,no_explicit_whitelisted_series_name_in_page_text,,3,16,2024-amazon-sustainability-report.pdf,seed_batch_13,medium,"mber of services, regions, and time periods, and this transparency allows customers to identify areas of higher emissions and implement targeted optimizations to reduce their footprint. We continued to advocate for updated carbon accounting","mber of services, regions, and time periods, and this transparency allows customers to identify areas of higher emissions and implement targeted optimization...",Review only: keep out of accepted standard-company conclusions until page-level evidence explicitly names the series.,仅供复核：页级证据明确命名具体系列前，不进入已采信标准-企业结论。
r002_amazoncom,2,AMAZON.COM,亚马逊,F,Wholesale and Retail Trade,批发和零售业,ghg_scope2_guidance,GHG Protocol Scope 2 Guidance,GHG Protocol Scope 2 指南,Guidance,指南,Purchased electricity and energy method guidance,外购电力与能源口径指南,Location-based and market-based Scope 2 reporting are separated when cited.,原文显式引用时区分位置法与市场法 Scope 2 披露。,Scope 2 market-based and location-based language is treated as GHG-specific.,Scope 2 市场法/位置法术语只在 GHG Protocol 语境下使用。,contextual_scope_inventory_mapping,no_explicit_whitelisted_series_name_in_page_text,,3,16,2024-amazon-sustainability-report.pdf,seed_batch_13,medium,"mber of services, regions, and time periods, and this transparency allows customers to identify areas of higher emissions and implement targeted optimizations to reduce their footprint. We continued to advocate for updated carbon accounting","mber of services, regions, and time periods, and this transparency allows customers to identify areas of higher emissions and implement targeted optimization...",Review only: keep out of accepted standard-company conclusions until page-level evidence explicitly names the series.,仅供复核：页级证据明确命名具体系列前，不进入已采信标准-企业结论。
r002_amazoncom,2,AMAZON.COM,亚马逊,F,Wholesale and Retail Trade,批发和零售业,ghg_scope3_calculation_guidance,GHG Protocol Scope 3 Calculation Guidance,GHG Protocol Scope 3 计算指南,Guidance,指南,Scope 3 inventory calculation guidance,Scope 3 清单计算指南,Companion calculation guidance for completing Scope 3 inventories.,配套计算指南，用于完成 Scope 3 清单。,Scope 3 categories are GHG-specific and only shown when the source uses that wording.,Scope 3 类别是 GHG 特有口径，仅在原文如此使用时展示。,contextual_scope_inventory_mapping,no_explicit_whitelisted_series_name_in_page_text,,3,16,2024-amazon-sustainability-report.pdf,seed_batch_13,medium,"mber of services, regions, and time periods, and this transparency allows customers to identify areas of higher emissions and implement targeted optimizations to reduce their footprint. We continued to advocate for updated carbon accounting","mber of services, regions, and time periods, and this transparency allows customers to identify areas of higher emissions and implement targeted optimization...",Review only: keep out of accepted standard-company conclusions until page-level evidence explicitly names the series.,仅供复核：页级证据明确命名具体系列前，不进入已采信标准-企业结论。
r002_amazoncom,2,AMAZON.COM,亚马逊,F,Wholesale and Retail Trade,批发和零售业,ghg_scope3_standard,GHG Protocol Corporate Value Chain (Scope 3) Accounting and Reporting Standard,GHG Protocol 企业价值链（Scope 3）核算与报告标准,Standard,标准,Value-chain emissions accounting standard,价值链排放核算标准,Scope 3 categories are GHG Protocol-specific category language.,Scope 3 类别是 GHG Protocol 特有的类别口径。,Scope 3 and Scope 3 category names are only used for GHG Protocol evidence.,Scope 3 及十五类类别口径只在 GHG Protocol 证据下使用。,contextual_scope_inventory_mapping,no_explicit_whitelisted_series_name_in_page_text,,3,16,2024-amazon-sustainability-report.pdf,seed_batch_13,medium,"mber of services, regions, and time periods, and this transparency allows customers to identify areas of higher emissions and implement targeted optimizations to reduce their footprint. We continued to advocate for updated carbon accounting","mber of services, regions, and time periods, and this transparency allows customers to identify areas of higher emissions and implement targeted optimization...",Review only: keep out of accepted standard-company conclusions until page-level evidence explicitly names the series.,仅供复核：页级证据明确命名具体系列前，不进入已采信标准-企业结论。
r004_saudiaramco,4,SAUDI ARAMCO,沙特阿美公司,B,Mining,采矿业,ghg_corporate_standard,GHG Protocol Corporate Accounting and Reporting Standard,GHG Protocol 企业核算与报告标准,Standard,标准,Corporate inventory accounting standard,企业组织层面清单核算标准,"Relevance, completeness, consistency, transparency, and accuracy.",相关性、完整性、一致性、透明性和准确性。,"Within GHG Protocol evidence, this may define Scope 1 and Scope 2 corporate inventory boundaries.",仅在 GHG Protocol 证据下使用 Scope 1/2 的组织层面清单口径。,contextual_scope_inventory_mapping,no_explicit_whitelisted_series_name_in_page_text,,1,2,2024-saudi-aramco-sustainability-report-full-en.pdf,pdf_contextual_scope_inventory_mapping,pdf_page_backfill,Structured standard tag: GHG Protocol; Standard role: Accounting standard Report has been prepared with reference to and/or guidance from the following: • International Petroleum Industry Environmental Conservation Association (Ipieca) sustainability reporting guidelines; • Greenhouse gas (GHG) emissions measurem 2024-saudi-aramco-sustainability-report-full…,Structured standard tag: GHG Protocol; Standard role: Accounting standard Report has been prepared with reference to and/or guidance from the following: • International Petroleum Industry Environmental Conservation Association (Ipieca) sustainability reporting guidelines; • Greenhouse gas (GHG) emissions measurem 2024-saudi-aramco-sustainability-report-full…,Review only: keep out of accepted standard-company conclusions until page-level evidence explicitly names the series.,仅供复核：页级证据明确命名具体系列前，不进入已采信标准-企业结论。
r004_saudiaramco,4,SAUDI ARAMCO,沙特阿美公司,B,Mining,采矿业,ghg_scope3_standard,GHG Protocol Corporate Value Chain (Scope 3) Accounting and Reporting Standard,GHG Protocol 企业价值链（Scope 3）核算与报告标准,Standard,标准,Value-chain emissions accounting standard,价值链排放核算标准,Scope 3 categories are GHG Protocol-specific category language.,Scope 3 类别是 GHG Protocol 特有的类别口径。,Scope 3 and Scope 3 category names are only used for GHG Protocol evidence.,Scope 3 及十五类类别口径只在 GHG Protocol 证据下使用。,contextual_scope_inventory_mapping,no_explicit_whitelisted_series_name_in_page_text,,1,2,2024-saudi-aramco-sustainability-report-full-en.pdf,pdf_contextual_scope_inventory_mapping,pdf_page_backfill,Structured standard tag: GHG Protocol; Standard role: Accounting standard Report has been prepared with reference to and/or guidance from the following: • International Petroleum Industry Environmental Conservation Association (Ipieca) sustainability reporting guidelines; • Greenhouse gas (GHG) emissions measurem 2024-saudi-aramco-sustainability-report-full…,Structured standard tag: GHG Protocol; Standard role: Accounting standard Report has been prepared with reference to and/or guidance from the following: • International Petroleum Industry Environmental Conservation Association (Ipieca) sustainability reporting guidelines; • Greenhouse gas (GHG) emissions measurem 2024-saudi-aramco-sustainability-report-full…,Review only: keep out of accepted standard-company conclusions until page-level evidence explicitly names the series.,仅供复核：页级证据明确命名具体系列前，不进入已采信标准-企业结论。
r005_sinopecgroup,5,SINOPEC GROUP,中国石油化工集团有限公司,C,Manufacturing,制造业,ghg_scope3_standard,GHG Protocol Corporate Value Chain (Scope 3) Accounting and Reporting Standard,GHG Protocol 企业价值链（Scope 3）核算与报告标准,Standard,标准,Value-chain emissions accounting standard,价值链排放核算标准,Scope 3 categories are GHG Protocol-specific category language.,Scope 3 类别是 GHG Protocol 特有的类别口径。,Scope 3 and Scope 3 category names are only used for GHG Protocol evidence.,Scope 3 及十五类类别口径只在 GHG Protocol 证据下使用。,contextual_scope_inventory_mapping,no_explicit_whitelisted_series_name_in_page_text,,1,6,Sinopec_Group_Annual_Report_2024_en.pdf,pdf_contextual_scope_inventory_mapping,pdf_page_backfill,"Structured standard tag: GHG Protocol; Standard role: Accounting standard nan Sinopec_Group_Annual_Report_2024_en.pdf 国内生产经营 CHINA PETROCHEMICAL CORPORATION ANNUAL REPORT 2024 04 05 China Petrochemical Corporation (the Company) was established in July 1998 on the basis of the former China Pet- rochemical Corporation, a move by the central government to stra…","Structured standard tag: GHG Protocol; Standard role: Accounting standard nan Sinopec_Group_Annual_Report_2024_en.pdf 国内生产经营 CHINA PETROCHEMICAL CORPORATION ANNUAL REPORT 2024 04 05 China Petrochemical Corporation (the Company) was established in July 1998 on the basis of the former China Pet- rochemical Corporation, a move by the central government to stra…",Review only: keep out of accepted standard-company conclusions until page-level evidence explicitly names the series.,仅供复核：页级证据明确命名具体系列前，不进入已采信标准-企业结论。
r007_apple,7,APPLE,苹果公司,C,Manufacturing,制造业,ghg_corporate_standard,GHG Protocol Corporate Accounting and Reporting Standard,GHG Protocol 企业核算与报告标准,Standard,标准,Corporate inventory accounting standard,企业组织层面清单核算标准,"Relevance, completeness, consistency, transparency, and accuracy.",相关性、完整性、一致性、透明性和准确性。,"Within GHG Protocol evidence, this may define Scope 1 and Scope 2 corporate inventory boundaries.",仅在 GHG Protocol 证据下使用 Scope 1/2 的组织层面清单口径。,contextual_scope_inventory_mapping,no_explicit_whitelisted_series_name_in_page_text,,3,100,Apple_Environmental_Progress_Report_2025.pdf,seed_batch_01,medium,"ee data center in Iowa, bringing our total Apple-owned data center count to eight. We worked with local partners, including the City of Waukee and MidAmerican Energy, to source and provide wind energy for the site. 4 Emissions avoided are c","ee data center in Iowa, bringing our total Apple-owned data center count to eight. We worked with local partners, including the City of Waukee and MidAmerica...",Review only: keep out of accepted standard-company conclusions until page-level evidence explicitly names the series.,仅供复核：页级证据明确命名具体系列前，不进入已采信标准-企业结论。
r007_apple,7,APPLE,苹果公司,C,Manufacturing,制造业,ghg_land_sector_removals_standard,GHG Protocol Land Sector and Removals Standard,GHG Protocol 土地部门与碳移除标准,Standard,标准,Land emissions and removals accounting standard,土地排放与碳移除核算标准,"Quantify, report, and track land-sector emissions, CO2 removals, and related metrics.",量化、报告和跟踪土地部门排放、二氧化碳移除及相关指标。,Use land-sector/removals wording; do not translate removals into corporate Scope totals unless cited that way.,使用土地部门/移除口径；除非原文如此引用，不直接改写为企业 Scope 总量。,contextual_scope_inventory_mapping,no_explicit_whitelisted_series_name_in_page_text,,2,100,Apple_Environmental_Progress_Report_2025.pdf,seed_batch_01,medium,"ee data center in Iowa, bringing our total Apple-owned data center count to eight. We worked with local partners, including the City of Waukee and MidAmerican Energy, to source and provide wind energy for the site. 4 Emissions avoided are c","ee data center in Iowa, bringing our total Apple-owned data center count to eight. We worked with local partners, including the City of Waukee and MidAmerica...",Review only: keep out of accepted standard-company conclusions until page-level evidence explicitly names the series.,仅供复核：页级证据明确命名具体系列前，不进入已采信标准-企业结论。
r007_apple,7,APPLE,苹果公司,C,Manufacturing,制造业,ghg_product_standard,GHG Protocol Product Life Cycle Accounting and Reporting Standard,GHG Protocol 产品生命周期核算与报告标准,Standard,标准,Product life-cycle accounting standard,产品生命周期核算标准,Product-level life-cycle boundary; not a corporate Scope 1/2/3 total by itself.,产品层生命周期边界，本身不等同于企业 Scope 1/2/3 总量。,Use product life-cycle wording unless the source also cites corporate Scope accounting.,除非原文同时引用组织层 Scope 核算，否则使用产品生命周期口径。,contextual_scope_inventory_mapping,no_explicit_whitelisted_series_name_in_page_text,,3,100,Apple_Environmental_Progress_Report_2025.pdf,seed_batch_01,medium,"ee data center in Iowa, bringing our total Apple-owned data center count to eight. We worked with local partners, including the City of Waukee and MidAmerican Energy, to source and provide wind energy for the site. 4 Emissions avoided are c","ee data center in Iowa, bringing our total Apple-owned data center count to eight. We worked with local partners, including the City of Waukee and MidAmerica...",Review only: keep out of accepted standard-company conclusions until page-level evidence explicitly names the series.,仅供复核：页级证据明确命名具体系列前，不进入已采信标准-企业结论。
r007_apple,7,APPLE,苹果公司,C,Manufacturing,制造业,ghg_scope2_guidance,GHG Protocol Scope 2 Guidance,GHG Protocol Scope 2 指南,Guidance,指南,Purchased electricity and energy method guidance,外购电力与能源口径指南,Location-based and market-based Scope 2 reporting are separated when cited.,原文显式引用时区分位置法与市场法 Scope 2 披露。,Scope 2 market-based and location-based language is treated as GHG-specific.,Scope 2 市场法/位置法术语只在 GHG Protocol 语境下使用。,contextual_scope_inventory_mapping,no_explicit_whitelisted_series_name_in_page_text,,3,100,Apple_Environmental_Progress_Report_2025.pdf,seed_batch_01,medium,"ee data center in Iowa, bringing our total Apple-owned data center count to eight. We worked with local partners, including the City of Waukee and MidAmerican Energy, to source and provide wind energy for the site. 4 Emissions avoided are c","ee data center in Iowa, bringing our total Apple-owned data center count to eight. We worked with local partners, including the City of Waukee and MidAmerica...",Review only: keep out of accepted standard-company conclusions until page-level evidence explicitly names the series.,仅供复核：页级证据明确命名具体系列前，不进入已采信标准-企业结论。
r007_apple,7,APPLE,苹果公司,C,Manufacturing,制造业,ghg_scope3_calculation_guidance,GHG Protocol Scope 3 Calculation Guidance,GHG Protocol Scope 3 计算指南,Guidance,指南,Scope 3 inventory calculation guidance,Scope 3 清单计算指南,Companion calculation guidance for completing Scope 3 inventories.,配套计算指南，用于完成 Scope 3 清单。,Scope 3 categories are GHG-specific and only shown when the source uses that wording.,Scope 3 类别是 GHG 特有口径，仅在原文如此使用时展示。,contextual_scope_inventory_mapping,no_explicit_whitelisted_series_name_in_page_text,,3,100,Apple_Environmental_Progress_Report_2025.pdf,seed_batch_01,medium,"ee data center in Iowa, bringing our total Apple-owned data center count to eight. We worked with local partners, including the City of Waukee and MidAmerican Energy, to source and provide wind energy for the site. 4 Emissions avoided are c","ee data center in Iowa, bringing our total Apple-owned data center count to eight. We worked with local partners, including the City of Waukee and MidAmerica...",Review only: keep out of accepted standard-company conclusions until page-level evidence explicitly names the series.,仅供复核：页级证据明确命名具体系列前，不进入已采信标准-企业结论。
r007_apple,7,APPLE,苹果公司,C,Manufacturing,制造业,ghg_scope3_standard,GHG Protocol Corporate Value Chain (Scope 3) Accounting and Reporting Standard,GHG Protocol 企业价值链（Scope 3）核算与报告标准,Standard,标准,Value-chain emissions accounting standard,价值链排放核算标准,Scope 3 categories are GHG Protocol-specific category language.,Scope 3 类别是 GHG Protocol 特有的类别口径。,Scope 3 and Scope 3 category names are only used for GHG Protocol evidence.,Scope 3 及十五类类别口径只在 GHG Protocol 证据下使用。,contextual_overmapped_review,no_explicit_whitelisted_series_name_in_page_text,,4,100 | 106,Apple_Environmental_Progress_Report_2025.pdf,seed_batch_01,medium,"ee data center in Iowa, bringing our total Apple-owned data center count to eight. We worked with local partners, including the City of Waukee and MidAmerican Energy, to source and provide wind energy for the site. 4 Emissions avoided are c","ee data center in Iowa, bringing our total Apple-owned data center count to eight. We worked with local partners, including the City of Waukee and MidAmerica...",Review only: keep out of accepted standard-company conclusions until page-level evidence explicitly names the series.,仅供复核：页级证据明确命名具体系列前，不进入已采信标准-企业结论。
r008_unitedhealthgroup,8,UNITEDHEALTH GROUP,联合健康集团,J,Finance,金融业,ghg_scope2_guidance,GHG Protocol Scope 2 Guidance,GHG Protocol Scope 2 指南,Guidance,指南,Purchased electricity and energy method guidance,外购电力与能源口径指南,Location-based and market-based Scope 2 reporting are separated when cited.,原文显式引用时区分位置法与市场法 Scope 2 披露。,Scope 2 market-based and location-based language is treated as GHG-specific.,Scope 2 市场法/位置法术语只在 GHG Protocol 语境下使用。,contextual_overmapped_review,no_explicit_whitelisted_series_name_in_page_text,,2,33,UNITEDHEALTH GROUP—2024-sustainability-report.pdf,seed_batch_01,medium,"0305 • Have 77% of suppliers (by Category 1 and 4 emissions) set science-based targets by 2030* *Validated by the Science Based Targets initiative (SBTi) 3 Intergovernmental Panel on Climate Change (IPCC), Climate Change 2023: Synthesis Rep",0305 • Have 77% of suppliers (by Category 1 and 4 emissions) set science-based targets by 2030* *Validated by the Science Based Targets initiative (SBTi) 3 I...,Review only: keep out of accepted standard-company conclusions until page-level evidence explicitly names the series.,仅供复核：页级证据明确命名具体系列前，不进入已采信标准-企业结论。
r008_unitedhealthgroup,8,UNITEDHEALTH GROUP,联合健康集团,J,Finance,金融业,ghg_scope3_calculation_guidance,GHG Protocol Scope 3 Calculation Guidance,GHG Protocol Scope 3 计算指南,Guidance,指南,Scope 3 inventory calculation guidance,Scope 3 清单计算指南,Companion calculation guidance for completing Scope 3 inventories.,配套计算指南，用于完成 Scope 3 清单。,Scope 3 categories are GHG-specific and only shown when the source uses that wording.,Scope 3 类别是 GHG 特有口径，仅在原文如此使用时展示。,contextual_overmapped_review,no_explicit_whitelisted_series_name_in_page_text,,2,33,UNITEDHEALTH GROUP—2024-sustainability-report.pdf,seed_batch_01,medium,"0305 • Have 77% of suppliers (by Category 1 and 4 emissions) set science-based targets by 2030* *Validated by the Science Based Targets initiative (SBTi) 3 Intergovernmental Panel on Climate Change (IPCC), Climate Change 2023: Synthesis Rep",0305 • Have 77% of suppliers (by Category 1 and 4 emissions) set science-based targets by 2030* *Validated by the Science Based Targets initiative (SBTi) 3 I...,Review only: keep out of accepted standard-company conclusions until page-level evidence explicitly names the series.,仅供复核：页级证据明确命名具体系列前，不进入已采信标准-企业结论。
r008_unitedhealthgroup,8,UNITEDHEALTH GROUP,联合健康集团,J,Finance,金融业,ghg_scope3_standard,GHG Protocol Corporate Value Chain (Scope 3) Accounting and Reporting Standard,GHG Protocol 企业价值链（Scope 3）核算与报告标准,Standard,标准,Value-chain emissions accounting standard,价值链排放核算标准,Scope 3 categories are GHG Protocol-specific category language.,Scope 3 类别是 GHG Protocol 特有的类别口径。,Scope 3 and Scope 3 category names are only used for GHG Protocol evidence.,Scope 3 及十五类类别口径只在 GHG Protocol 证据下使用。,contextual_overmapped_review,no_explicit_whitelisted_series_name_in_page_text,,3,33,UNITEDHEALTH GROUP—2024-sustainability-report.pdf,seed_batch_01,medium,"0305 • Have 77% of suppliers (by Category 1 and 4 emissions) set science-based targets by 2030* *Validated by the Science Based Targets initiative (SBTi) 3 Intergovernmental Panel on Climate Change (IPCC), Climate Change 2023: Synthesis Rep",0305 • Have 77% of suppliers (by Category 1 and 4 emissions) set science-based targets by 2030* *Validated by the Science Based Targets initiative (SBTi) 3 I...,Review only: keep out of accepted standard-company conclusions until page-level evidence explicitly names the series.,仅供复核：页级证据明确命名具体系列前，不进入已采信标准-企业结论。
r010_cvshealth公司,10,CVS Health,CVS Health,F,Wholesale and Retail Trade,批发和零售业,ghg_scope2_guidance,GHG Protocol Scope 2 Guidance,GHG Protocol Scope 2 指南,Guidance,指南,Purchased electricity and energy method guidance,外购电力与能源口径指南,Location-based and market-based Scope 2 reporting are separated when cited.,原文显式引用时区分位置法与市场法 Scope 2 披露。,Scope 2 market-based and location-based language is treated as GHG-specific.,Scope 2 市场法/位置法术语只在 GHG Protocol 语境下使用。,contextual_scope_inventory_mapping,no_explicit_whitelisted_series_name_in_page_text,,1,36,CVS Health-2024-Impact-Report-Appendix.pdf,pdf_contextual_scope_inventory_mapping,pdf_page_backfill,"Structured standard tag: GHG Protocol; Standard role: Accounting standard Table of Contents Next Section Environmental Data GHG Emissions by Scope 2022-2024 A breakdown of Scope 1, 2 and 3 data are included below. The baseline year for data provided is 2019; the standards used are in accordance with the Greenhous CVS Health-2024-Impact-Report-Appendix.pdf N…","Structured standard tag: GHG Protocol; Standard role: Accounting standard Table of Contents Next Section Environmental Data GHG Emissions by Scope 2022-2024 A breakdown of Scope 1, 2 and 3 data are included below. The baseline year for data provided is 2019; the standards used are in accordance with the Greenhous CVS Health-2024-Impact-Report-Appendix.pdf N…",Review only: keep out of accepted standard-company conclusions until page-level evidence explicitly names the series.,仅供复核：页级证据明确命名具体系列前，不进入已采信标准-企业结论。
r010_cvshealth公司,10,CVS Health,CVS Health,F,Wholesale and Retail Trade,批发和零售业,ghg_scope3_calculation_guidance,GHG Protocol Scope 3 Calculation Guidance,GHG Protocol Scope 3 计算指南,Guidance,指南,Scope 3 inventory calculation guidance,Scope 3 清单计算指南,Companion calculation guidance for completing Scope 3 inventories.,配套计算指南，用于完成 Scope 3 清单。,Scope 3 categories are GHG-specific and only shown when the source uses that wording.,Scope 3 类别是 GHG 特有口径，仅在原文如此使用时展示。,contextual_scope_inventory_mapping,no_explicit_whitelisted_series_name_in_page_text,,1,36,CVS Health-2024-Impact-Report-Appendix.pdf,pdf_contextual_scope_inventory_mapping,pdf_page_backfill,"Structured standard tag: GHG Protocol; Standard role: Accounting standard Table of Contents Next Section Environmental Data GHG Emissions by Scope 2022-2024 A breakdown of Scope 1, 2 and 3 data are included below. The baseline year for data provided is 2019; the standards used are in accordance with the Greenhous CVS Health-2024-Impact-Report-Appendix.pdf N…","Structured standard tag: GHG Protocol; Standard role: Accounting standard Table of Contents Next Section Environmental Data GHG Emissions by Scope 2022-2024 A breakdown of Scope 1, 2 and 3 data are included below. The baseline year for data provided is 2019; the standards used are in accordance with the Greenhous CVS Health-2024-Impact-Report-Appendix.pdf N…",Review only: keep out of accepted standard-company conclusions until page-level evidence explicitly names the series.,仅供复核：页级证据明确命名具体系列前，不进入已采信标准-企业结论。
r011_volkswagen,11,VOLKSWAGEN,大众公司,C,Manufacturing,制造业,ghg_corporate_standard,GHG Protocol Corporate Accounting and Reporting Standard,GHG Protocol 企业核算与报告标准,Standard,标准,Corporate inventory accounting standard,企业组织层面清单核算标准,"Relevance, completeness, consistency, transparency, and accuracy.",相关性、完整性、一致性、透明性和准确性。,"Within GHG Protocol evidence, this may define Scope 1 and Scope 2 corporate inventory boundaries.",仅在 GHG Protocol 证据下使用 Scope 1/2 的组织层面清单口径。,contextual_scope_inventory_mapping,no_explicit_whitelisted_series_name_in_page_text,,3,62,2023_Volkswagen_Group_Sustainability_Report.pdf,seed_batch_01,medium,"inum content (since 2022). Transparency on CO₂ Emissions as a Basis for Improvements Every year, we calculate the Group’s carbon footprint using the Scope 1 to 3 inventory, in line with the requirements of the internationally accepted Green","inum content (since 2022). Transparency on CO₂ Emissions as a Basis for Improvements Every year, we calculate the Group’s carbon footprint using the Scope 1 ...",Review only: keep out of accepted standard-company conclusions until page-level evidence explicitly names the series.,仅供复核：页级证据明确命名具体系列前，不进入已采信标准-企业结论。
r011_volkswagen,11,VOLKSWAGEN,大众公司,C,Manufacturing,制造业,ghg_product_standard,GHG Protocol Product Life Cycle Accounting and Reporting Standard,GHG Protocol 产品生命周期核算与报告标准,Standard,标准,Product life-cycle accounting standard,产品生命周期核算标准,Product-level life-cycle boundary; not a corporate Scope 1/2/3 total by itself.,产品层生命周期边界，本身不等同于企业 Scope 1/2/3 总量。,Use product life-cycle wording unless the source also cites corporate Scope accounting.,除非原文同时引用组织层 Scope 核算，否则使用产品生命周期口径。,contextual_scope_inventory_mapping,no_explicit_whitelisted_series_name_in_page_text,,2,62,2023_Volkswagen_Group_Sustainability_Report.pdf,seed_batch_01,medium,"inum content (since 2022). Transparency on CO₂ Emissions as a Basis for Improvements Every year, we calculate the Group’s carbon footprint using the Scope 1 to 3 inventory, in line with the requirements of the internationally accepted Green","inum content (since 2022). Transparency on CO₂ Emissions as a Basis for Improvements Every year, we calculate the Group’s carbon footprint using the Scope 1 ...",Review only: keep out of accepted standard-company conclusions until page-level evidence explicitly names the series.,仅供复核：页级证据明确命名具体系列前，不进入已采信标准-企业结论。
r011_volkswagen,11,VOLKSWAGEN,大众公司,C,Manufacturing,制造业,ghg_scope2_guidance,GHG Protocol Scope 2 Guidance,GHG Protocol Scope 2 指南,Guidance,指南,Purchased electricity and energy method guidance,外购电力与能源口径指南,Location-based and market-based Scope 2 reporting are separated when cited.,原文显式引用时区分位置法与市场法 Scope 2 披露。,Scope 2 market-based and location-based language is treated as GHG-specific.,Scope 2 市场法/位置法术语只在 GHG Protocol 语境下使用。,contextual_scope_inventory_mapping,no_explicit_whitelisted_series_name_in_page_text,,2,62,2023_Volkswagen_Group_Sustainability_Report.pdf,seed_batch_01,medium,"inum content (since 2022). Transparency on CO₂ Emissions as a Basis for Improvements Every year, we calculate the Group’s carbon footprint using the Scope 1 to 3 inventory, in line with the requirements of the internationally accepted Green","inum content (since 2022). Transparency on CO₂ Emissions as a Basis for Improvements Every year, we calculate the Group’s carbon footprint using the Scope 1 ...",Review only: keep out of accepted standard-company conclusions until page-level evidence explicitly names the series.,仅供复核：页级证据明确命名具体系列前，不进入已采信标准-企业结论。
r011_volkswagen,11,VOLKSWAGEN,大众公司,C,Manufacturing,制造业,ghg_scope3_calculation_guidance,GHG Protocol Scope 3 Calculation Guidance,GHG Protocol Scope 3 计算指南,Guidance,指南,Scope 3 inventory calculation guidance,Scope 3 清单计算指南,Companion calculation guidance for completing Scope 3 inventories.,配套计算指南，用于完成 Scope 3 清单。,Scope 3 categories are GHG-specific and only shown when the source uses that wording.,Scope 3 类别是 GHG 特有口径，仅在原文如此使用时展示。,contextual_scope_inventory_mapping,no_explicit_whitelisted_series_name_in_page_text,,1,62,2023_Volkswagen_Group_Sustainability_Report.pdf,pdf_contextual_scope_inventory_mapping,pdf_page_backfill,"Structured standard tag: GHG Protocol; Standard role: Accounting standard inum content (since 2022). Transparency on CO₂ Emissions as a Basis for Improvements Every year, we calculate the Group’s carbon footprint using the Scope 1 to 3 inventory, in line with the requirements of the internationally accepted Green 2023_Volkswagen_Group_Sustainability_Report.…","Structured standard tag: GHG Protocol; Standard role: Accounting standard inum content (since 2022). Transparency on CO₂ Emissions as a Basis for Improvements Every year, we calculate the Group’s carbon footprint using the Scope 1 to 3 inventory, in line with the requirements of the internationally accepted Green 2023_Volkswagen_Group_Sustainability_Report.…",Review only: keep out of accepted standard-company conclusions until page-level evidence explicitly names the series.,仅供复核：页级证据明确命名具体系列前，不进入已采信标准-企业结论。
r011_volkswagen,11,VOLKSWAGEN,大众公司,C,Manufacturing,制造业,ghg_scope3_standard,GHG Protocol Corporate Value Chain (Scope 3) Accounting and Reporting Standard,GHG Protocol 企业价值链（Scope 3）核算与报告标准,Standard,标准,Value-chain emissions accounting standard,价值链排放核算标准,Scope 3 categories are GHG Protocol-specific category language.,Scope 3 类别是 GHG Protocol 特有的类别口径。,Scope 3 and Scope 3 category names are only used for GHG Protocol evidence.,Scope 3 及十五类类别口径只在 GHG Protocol 证据下使用。,contextual_scope_inventory_mapping,no_explicit_whitelisted_series_name_in_page_text,,3,62,2023_Volkswagen_Group_Sustainability_Report.pdf,seed_batch_01,medium,"inum content (since 2022). Transparency on CO₂ Emissions as a Basis for Improvements Every year, we calculate the Group’s carbon footprint using the Scope 1 to 3 inventory, in line with the requirements of the internationally accepted Green","inum content (since 2022). Transparency on CO₂ Emissions as a Basis for Improvements Every year, we calculate the Group’s carbon footprint using the Scope 1 ...",Review only: keep out of accepted standard-company conclusions until page-level evidence explicitly names the series.,仅供复核：页级证据明确命名具体系列前，不进入已采信标准-企业结论。
r012_exxonmobil,12,EXXON MOBIL,埃克森美孚,B,Mining,采矿业,ghg_corporate_standard,GHG Protocol Corporate Accounting and Reporting Standard,GHG Protocol 企业核算与报告标准,Standard,标准,Corporate inventory accounting standard,企业组织层面清单核算标准,"Relevance, completeness, consistency, transparency, and accuracy.",相关性、完整性、一致性、透明性和准确性。,"Within GHG Protocol evidence, this may define Scope 1 and Scope 2 corporate inventory boundaries.",仅在 GHG Protocol 证据下使用 Scope 1/2 的组织层面清单口径。,contextual_scope_inventory_mapping,no_explicit_whitelisted_series_name_in_page_text,,1,72,EXXON MOBIL-sustainability-report-2025.pdf,pdf_contextual_scope_inventory_mapping,pdf_page_backfill,"Structured standard tag: GHG Protocol; Standard role: Accounting standard ines and indicators in the Ipieca, the American Petroleum Institute (API), the International Association of Oil and Gas Producers Sustainability Reporting Guidance for the Oil and Gas Industry (4th edition, 2020, revised February 2023) and EXXON MOBIL-sustainability-report-2025.pdf Ex…","Structured standard tag: GHG Protocol; Standard role: Accounting standard ines and indicators in the Ipieca, the American Petroleum Institute (API), the International Association of Oil and Gas Producers Sustainability Reporting Guidance for the Oil and Gas Industry (4th edition, 2020, revised February 2023) and EXXON MOBIL-sustainability-report-2025.pdf Ex…",Review only: keep out of accepted standard-company conclusions until page-level evidence explicitly names the series.,仅供复核：页级证据明确命名具体系列前，不进入已采信标准-企业结论。
r012_exxonmobil,12,EXXON MOBIL,埃克森美孚,B,Mining,采矿业,ghg_scope2_guidance,GHG Protocol Scope 2 Guidance,GHG Protocol Scope 2 指南,Guidance,指南,Purchased electricity and energy method guidance,外购电力与能源口径指南,Location-based and market-based Scope 2 reporting are separated when cited.,原文显式引用时区分位置法与市场法 Scope 2 披露。,Scope 2 market-based and location-based language is treated as GHG-specific.,Scope 2 市场法/位置法术语只在 GHG Protocol 语境下使用。,contextual_scope_inventory_mapping,no_explicit_whitelisted_series_name_in_page_text,,1,72,EXXON MOBIL-sustainability-report-2025.pdf,pdf_contextual_scope_inventory_mapping,pdf_page_backfill,"Structured standard tag: GHG Protocol; Standard role: Accounting standard ines and indicators in the Ipieca, the American Petroleum Institute (API), the International Association of Oil and Gas Producers Sustainability Reporting Guidance for the Oil and Gas Industry (4th edition, 2020, revised February 2023) and EXXON MOBIL-sustainability-report-2025.pdf Ex…","Structured standard tag: GHG Protocol; Standard role: Accounting standard ines and indicators in the Ipieca, the American Petroleum Institute (API), the International Association of Oil and Gas Producers Sustainability Reporting Guidance for the Oil and Gas Industry (4th edition, 2020, revised February 2023) and EXXON MOBIL-sustainability-report-2025.pdf Ex…",Review only: keep out of accepted standard-company conclusions until page-level evidence explicitly names the series.,仅供复核：页级证据明确命名具体系列前，不进入已采信标准-企业结论。
r012_exxonmobil,12,EXXON MOBIL,埃克森美孚,B,Mining,采矿业,ghg_scope3_calculation_guidance,GHG Protocol Scope 3 Calculation Guidance,GHG Protocol Scope 3 计算指南,Guidance,指南,Scope 3 inventory calculation guidance,Scope 3 清单计算指南,Companion calculation guidance for completing Scope 3 inventories.,配套计算指南，用于完成 Scope 3 清单。,Scope 3 categories are GHG-specific and only shown when the source uses that wording.,Scope 3 类别是 GHG 特有口径，仅在原文如此使用时展示。,contextual_scope_inventory_mapping,no_explicit_whitelisted_series_name_in_page_text,,1,72,EXXON MOBIL-sustainability-report-2025.pdf,pdf_contextual_scope_inventory_mapping,pdf_page_backfill,"Structured standard tag: GHG Protocol; Standard role: Accounting standard ines and indicators in the Ipieca, the American Petroleum Institute (API), the International Association of Oil and Gas Producers Sustainability Reporting Guidance for the Oil and Gas Industry (4th edition, 2020, revised February 2023) and EXXON MOBIL-sustainability-report-2025.pdf Ex…","Structured standard tag: GHG Protocol; Standard role: Accounting standard ines and indicators in the Ipieca, the American Petroleum Institute (API), the International Association of Oil and Gas Producers Sustainability Reporting Guidance for the Oil and Gas Industry (4th edition, 2020, revised February 2023) and EXXON MOBIL-sustainability-report-2025.pdf Ex…",Review only: keep out of accepted standard-company conclusions until page-level evidence explicitly names the series.,仅供复核：页级证据明确命名具体系列前，不进入已采信标准-企业结论。
r012_exxonmobil,12,EXXON MOBIL,埃克森美孚,B,Mining,采矿业,ghg_scope3_standard,GHG Protocol Corporate Value Chain (Scope 3) Accounting and Reporting Standard,GHG Protocol 企业价值链（Scope 3）核算与报告标准,Standard,标准,Value-chain emissions accounting standard,价值链排放核算标准,Scope 3 categories are GHG Protocol-specific category language.,Scope 3 类别是 GHG Protocol 特有的类别口径。,Scope 3 and Scope 3 category names are only used for GHG Protocol evidence.,Scope 3 及十五类类别口径只在 GHG Protocol 证据下使用。,contextual_scope_inventory_mapping,no_explicit_whitelisted_series_name_in_page_text,,1,72,EXXON MOBIL-sustainability-report-2025.pdf,pdf_contextual_scope_inventory_mapping,pdf_page_backfill,"Structured standard tag: GHG Protocol; Standard role: Accounting standard ines and indicators in the Ipieca, the American Petroleum Institute (API), the International Association of Oil and Gas Producers Sustainability Reporting Guidance for the Oil and Gas Industry (4th edition, 2020, revised February 2023) and EXXON MOBIL-sustainability-report-2025.pdf Ex…","Structured standard tag: GHG Protocol; Standard role: Accounting standard ines and indicators in the Ipieca, the American Petroleum Institute (API), the International Association of Oil and Gas Producers Sustainability Reporting Guidance for the Oil and Gas Industry (4th edition, 2020, revised February 2023) and EXXON MOBIL-sustainability-report-2025.pdf Ex…",Review only: keep out of accepted standard-company conclusions until page-level evidence explicitly names the series.,仅供复核：页级证据明确命名具体系列前，不进入已采信标准-企业结论。
r013_shell,13,SHELL,壳牌公司,B,Mining,采矿业,ghg_product_standard,GHG Protocol Product Life Cycle Accounting and Reporting Standard,GHG Protocol 产品生命周期核算与报告标准,Standard,标准,Product life-cycle accounting standard,产品生命周期核算标准,Product-level life-cycle boundary; not a corporate Scope 1/2/3 total by itself.,产品层生命周期边界，本身不等同于企业 Scope 1/2/3 总量。,Use product life-cycle wording unless the source also cites corporate Scope accounting.,除非原文同时引用组织层 Scope 核算，否则使用产品生命周期口径。,contextual_scope_inventory_mapping,no_explicit_whitelisted_series_name_in_page_text,,1,99,shell-annual-report-2024.pdf,pdf_contextual_scope_inventory_mapping,pdf_page_backfill,"Structured standard tag: GHG Protocol; Standard role: Accounting standard uel and energy- related activities 117 112 115 89 Scope 3, Category 9: downstream transport and distribution [E, F] 3 3 3 — Scope 3, Category 11: use of sold products [G] 845 878 909 1,252 1,084 1,123 1,163 1,520 [A] Categorised using the d shell-annual-report-2024.pdf Scope 3 and NCI…","Structured standard tag: GHG Protocol; Standard role: Accounting standard uel and energy- related activities 117 112 115 89 Scope 3, Category 9: downstream transport and distribution [E, F] 3 3 3 — Scope 3, Category 11: use of sold products [G] 845 878 909 1,252 1,084 1,123 1,163 1,520 [A] Categorised using the d shell-annual-report-2024.pdf Scope 3 and NCI…",Review only: keep out of accepted standard-company conclusions until page-level evidence explicitly names the series.,仅供复核：页级证据明确命名具体系列前，不进入已采信标准-企业结论。
r013_shell,13,SHELL,壳牌公司,B,Mining,采矿业,ghg_scope3_calculation_guidance,GHG Protocol Scope 3 Calculation Guidance,GHG Protocol Scope 3 计算指南,Guidance,指南,Scope 3 inventory calculation guidance,Scope 3 清单计算指南,Companion calculation guidance for completing Scope 3 inventories.,配套计算指南，用于完成 Scope 3 清单。,Scope 3 categories are GHG-specific and only shown when the source uses that wording.,Scope 3 类别是 GHG 特有口径，仅在原文如此使用时展示。,contextual_scope_inventory_mapping,no_explicit_whitelisted_series_name_in_page_text,,1,99,shell-annual-report-2024.pdf,pdf_contextual_scope_inventory_mapping,pdf_page_backfill,"Structured standard tag: GHG Protocol; Standard role: Accounting standard uel and energy- related activities 117 112 115 89 Scope 3, Category 9: downstream transport and distribution [E, F] 3 3 3 — Scope 3, Category 11: use of sold products [G] 845 878 909 1,252 1,084 1,123 1,163 1,520 [A] Categorised using the d shell-annual-report-2024.pdf Scope 3 and NCI…","Structured standard tag: GHG Protocol; Standard role: Accounting standard uel and energy- related activities 117 112 115 89 Scope 3, Category 9: downstream transport and distribution [E, F] 3 3 3 — Scope 3, Category 11: use of sold products [G] 845 878 909 1,252 1,084 1,123 1,163 1,520 [A] Categorised using the d shell-annual-report-2024.pdf Scope 3 and NCI…",Review only: keep out of accepted standard-company conclusions until page-level evidence explicitly names the series.,仅供复核：页级证据明确命名具体系列前，不进入已采信标准-企业结论。
r016_mckesson,16,MCKESSON,麦克森公司,F,Wholesale and Retail Trade,批发和零售业,ghg_scope2_guidance,GHG Protocol Scope 2 Guidance,GHG Protocol Scope 2 指南,Guidance,指南,Purchased electricity and energy method guidance,外购电力与能源口径指南,Location-based and market-based Scope 2 reporting are separated when cited.,原文显式引用时区分位置法与市场法 Scope 2 披露。,Scope 2 market-based and location-based language is treated as GHG-specific.,Scope 2 市场法/位置法术语只在 GHG Protocol 语境下使用。,contextual_scope_inventory_mapping,no_explicit_whitelisted_series_name_in_page_text,,1,44,McKesson Impact Report 2024.pdf,pdf_contextual_scope_inventory_mapping,pdf_page_backfill,"Structured standard tag: GHG Protocol; Standard role: Accounting standard tion. See our Basis of Reporting — Greenhouse Gas (GHG) Emissions in ESG Markers section for more details about our GHG inventory and associated methodology. Actual numbers will fluctuate as we re-baseline, adjusting for divestitures and ac McKesson Impact Report 2024.pdf Our purpose …","Structured standard tag: GHG Protocol; Standard role: Accounting standard tion. See our Basis of Reporting — Greenhouse Gas (GHG) Emissions in ESG Markers section for more details about our GHG inventory and associated methodology. Actual numbers will fluctuate as we re-baseline, adjusting for divestitures and ac McKesson Impact Report 2024.pdf Our purpose …",Review only: keep out of accepted standard-company conclusions until page-level evidence explicitly names the series.,仅供复核：页级证据明确命名具体系列前，不进入已采信标准-企业结论。
r016_mckesson,16,MCKESSON,麦克森公司,F,Wholesale and Retail Trade,批发和零售业,ghg_scope3_calculation_guidance,GHG Protocol Scope 3 Calculation Guidance,GHG Protocol Scope 3 计算指南,Guidance,指南,Scope 3 inventory calculation guidance,Scope 3 清单计算指南,Companion calculation guidance for completing Scope 3 inventories.,配套计算指南，用于完成 Scope 3 清单。,Scope 3 categories are GHG-specific and only shown when the source uses that wording.,Scope 3 类别是 GHG 特有口径，仅在原文如此使用时展示。,contextual_scope_inventory_mapping,no_explicit_whitelisted_series_name_in_page_text,,1,44,McKesson Impact Report 2024.pdf,pdf_contextual_scope_inventory_mapping,pdf_page_backfill,"Structured standard tag: GHG Protocol; Standard role: Accounting standard tion. See our Basis of Reporting — Greenhouse Gas (GHG) Emissions in ESG Markers section for more details about our GHG inventory and associated methodology. Actual numbers will fluctuate as we re-baseline, adjusting for divestitures and ac McKesson Impact Report 2024.pdf Our purpose …","Structured standard tag: GHG Protocol; Standard role: Accounting standard tion. See our Basis of Reporting — Greenhouse Gas (GHG) Emissions in ESG Markers section for more details about our GHG inventory and associated methodology. Actual numbers will fluctuate as we re-baseline, adjusting for divestitures and ac McKesson Impact Report 2024.pdf Our purpose …",Review only: keep out of accepted standard-company conclusions until page-level evidence explicitly names the series.,仅供复核：页级证据明确命名具体系列前，不进入已采信标准-企业结论。
r016_mckesson,16,MCKESSON,麦克森公司,F,Wholesale and Retail Trade,批发和零售业,ghg_scope3_standard,GHG Protocol Corporate Value Chain (Scope 3) Accounting and Reporting Standard,GHG Protocol 企业价值链（Scope 3）核算与报告标准,Standard,标准,Value-chain emissions accounting standard,价值链排放核算标准,Scope 3 categories are GHG Protocol-specific category language.,Scope 3 类别是 GHG Protocol 特有的类别口径。,Scope 3 and Scope 3 category names are only used for GHG Protocol evidence.,Scope 3 及十五类类别口径只在 GHG Protocol 证据下使用。,contextual_scope_inventory_mapping,no_explicit_whitelisted_series_name_in_page_text,,1,44,McKesson Impact Report 2024.pdf,pdf_explicit_series_citation,pdf_page_backfill,e GHG emissions across our value chain and to work with our suppliers in connection with our SBTi targets. McKesson is taking steps designed to reduce both our direct (Scope 1 and 2) GHG emissions and those produced in our upstream and downstream value chain (Scope 3). We also engage with the National Academies of Medicine and the Association for Health Car…,e GHG emissions across our value chain and to work with our suppliers in connection with our SBTi targets. McKesson is taking steps designed to reduce both our direct (Scope 1 and 2) GHG emissions and those produced in our upstream and downstream value chain (Scope 3). We also engage with the National Academies of Medicine and the Association for Health Car…,Review only: keep out of accepted standard-company conclusions until page-level evidence explicitly names the series.,仅供复核：页级证据明确命名具体系列前，不进入已采信标准-企业结论。
r019_trafiguragroup,19,TRAFIGURA GROUP,托克集团,F,Wholesale and Retail Trade,批发和零售业,ghg_corporate_standard,GHG Protocol Corporate Accounting and Reporting Standard,GHG Protocol 企业核算与报告标准,Standard,标准,Corporate inventory accounting standard,企业组织层面清单核算标准,"Relevance, completeness, consistency, transparency, and accuracy.",相关性、完整性、一致性、透明性和准确性。,"Within GHG Protocol evidence, this may define Scope 1 and Scope 2 corporate inventory boundaries.",仅在 GHG Protocol 证据下使用 Scope 1/2 的组织层面清单口径。,contextual_scope_inventory_mapping,no_explicit_whitelisted_series_name_in_page_text,,2,25,2024_trafigura_sustainability_report.pdf,seed_batch_01,medium,"FY2020 baseline year of 1.729 mtCO2e (Scope 1) and 1.691 mtCO2e (Scope 2), which was restated in FY2024 on the basis of improvements to the calculation method applied. Scope 2 emissions have been calculated using the market-based methodolog","FY2020 baseline year of 1.729 mtCO2e (Scope 1) and 1.691 mtCO2e (Scope 2), which was restated in FY2024 on the basis of improvements to the calculation metho...",Review only: keep out of accepted standard-company conclusions until page-level evidence explicitly names the series.,仅供复核：页级证据明确命名具体系列前，不进入已采信标准-企业结论。
r019_trafiguragroup,19,TRAFIGURA GROUP,托克集团,F,Wholesale and Retail Trade,批发和零售业,ghg_scope2_guidance,GHG Protocol Scope 2 Guidance,GHG Protocol Scope 2 指南,Guidance,指南,Purchased electricity and energy method guidance,外购电力与能源口径指南,Location-based and market-based Scope 2 reporting are separated when cited.,原文显式引用时区分位置法与市场法 Scope 2 披露。,Scope 2 market-based and location-based language is treated as GHG-specific.,Scope 2 市场法/位置法术语只在 GHG Protocol 语境下使用。,contextual_scope_inventory_mapping,no_explicit_whitelisted_series_name_in_page_text,,2,25,2024_trafigura_sustainability_report.pdf,seed_batch_01,medium,"FY2020 baseline year of 1.729 mtCO2e (Scope 1) and 1.691 mtCO2e (Scope 2), which was restated in FY2024 on the basis of improvements to the calculation method applied. Scope 2 emissions have been calculated using the market-based methodolog","FY2020 baseline year of 1.729 mtCO2e (Scope 1) and 1.691 mtCO2e (Scope 2), which was restated in FY2024 on the basis of improvements to the calculation metho...",Review only: keep out of accepted standard-company conclusions until page-level evidence explicitly names the series.,仅供复核：页级证据明确命名具体系列前，不进入已采信标准-企业结论。
r020_costcowholesale,20,COSTCO WHOLESALE,开市客,F,Wholesale and Retail Trade,批发和零售业,ghg_corporate_standard,GHG Protocol Corporate Accounting and Reporting Standard,GHG Protocol 企业核算与报告标准,Standard,标准,Corporate inventory accounting standard,企业组织层面清单核算标准,"Relevance, completeness, consistency, transparency, and accuracy.",相关性、完整性、一致性、透明性和准确性。,"Within GHG Protocol evidence, this may define Scope 1 and Scope 2 corporate inventory boundaries.",仅在 GHG Protocol 证据下使用 Scope 1/2 的组织层面清单口径。,contextual_scope_inventory_mapping,no_explicit_whitelisted_series_name_in_page_text,,1,2,COSTCO WHOLESALE_ClimateActionPlan_FY24.pdf,pdf_contextual_scope_inventory_mapping,pdf_page_backfill,"Structured standard tag: GHG Protocol; Standard role: Accounting standard ategy and will continue to utilize SBTi’s guidance. Solutions must be operationally viable and fulﬁll our obligations to our shareholders, employees, members, suppliers and the communities we serve. Additional guidelines and frameworks we c COSTCO WHOLESALE_ClimateActionPlan_FY24.pdf …","Structured standard tag: GHG Protocol; Standard role: Accounting standard ategy and will continue to utilize SBTi’s guidance. Solutions must be operationally viable and fulﬁll our obligations to our shareholders, employees, members, suppliers and the communities we serve. Additional guidelines and frameworks we c COSTCO WHOLESALE_ClimateActionPlan_FY24.pdf …",Review only: keep out of accepted standard-company conclusions until page-level evidence explicitly names the series.,仅供复核：页级证据明确命名具体系列前，不进入已采信标准-企业结论。
r020_costcowholesale,20,COSTCO WHOLESALE,开市客,F,Wholesale and Retail Trade,批发和零售业,ghg_scope3_standard,GHG Protocol Corporate Value Chain (Scope 3) Accounting and Reporting Standard,GHG Protocol 企业价值链（Scope 3）核算与报告标准,Standard,标准,Value-chain emissions accounting standard,价值链排放核算标准,Scope 3 categories are GHG Protocol-specific category language.,Scope 3 类别是 GHG Protocol 特有的类别口径。,Scope 3 and Scope 3 category names are only used for GHG Protocol evidence.,Scope 3 及十五类类别口径只在 GHG Protocol 证据下使用。,contextual_scope_inventory_mapping,no_explicit_whitelisted_series_name_in_page_text,,1,2,COSTCO WHOLESALE_ClimateActionPlan_FY24.pdf,pdf_contextual_scope_inventory_mapping,pdf_page_backfill,"Structured standard tag: GHG Protocol; Standard role: Accounting standard ategy and will continue to utilize SBTi’s guidance. Solutions must be operationally viable and fulﬁll our obligations to our shareholders, employees, members, suppliers and the communities we serve. Additional guidelines and frameworks we c COSTCO WHOLESALE_ClimateActionPlan_FY24.pdf …","Structured standard tag: GHG Protocol; Standard role: Accounting standard ategy and will continue to utilize SBTi’s guidance. Solutions must be operationally viable and fulﬁll our obligations to our shareholders, employees, members, suppliers and the communities we serve. Additional guidelines and frameworks we c COSTCO WHOLESALE_ClimateActionPlan_FY24.pdf …",Review only: keep out of accepted standard-company conclusions until page-level evidence explicitly names the series.,仅供复核：页级证据明确命名具体系列前，不进入已采信标准-企业结论。
r023_totalenergies,23,TOTALENERGIES,道达尔能源公司,B,Mining,采矿业,ghg_corporate_standard,GHG Protocol Corporate Accounting and Reporting Standard,GHG Protocol 企业核算与报告标准,Standard,标准,Corporate inventory accounting standard,企业组织层面清单核算标准,"Relevance, completeness, consistency, transparency, and accuracy.",相关性、完整性、一致性、透明性和准确性。,"Within GHG Protocol evidence, this may define Scope 1 and Scope 2 corporate inventory boundaries.",仅在 GHG Protocol 证据下使用 Scope 1/2 的组织层面清单口径。,contextual_scope_inventory_mapping,no_explicit_whitelisted_series_name_in_page_text,,3,18,totalenergies_sustainability-climate-2025-progress-report_2025_en.pdf,seed_batch_01,medium,"to the different scenarios that may materialize depending on developments in low-carbon technologies (adoption rate, cost reduction), geopolitical relations, international trade 1. Biofuels, biogas, hydrogen and e-fuels/e-gas. 2. From opera","to the different scenarios that may materialize depending on developments in low-carbon technologies (adoption rate, cost reduction), geopolitical relations,...",Review only: keep out of accepted standard-company conclusions until page-level evidence explicitly names the series.,仅供复核：页级证据明确命名具体系列前，不进入已采信标准-企业结论。
r023_totalenergies,23,TOTALENERGIES,道达尔能源公司,B,Mining,采矿业,ghg_scope2_guidance,GHG Protocol Scope 2 Guidance,GHG Protocol Scope 2 指南,Guidance,指南,Purchased electricity and energy method guidance,外购电力与能源口径指南,Location-based and market-based Scope 2 reporting are separated when cited.,原文显式引用时区分位置法与市场法 Scope 2 披露。,Scope 2 market-based and location-based language is treated as GHG-specific.,Scope 2 市场法/位置法术语只在 GHG Protocol 语境下使用。,contextual_scope_inventory_mapping,no_explicit_whitelisted_series_name_in_page_text,,3,18,totalenergies_sustainability-climate-2025-progress-report_2025_en.pdf,seed_batch_01,medium,"to the different scenarios that may materialize depending on developments in low-carbon technologies (adoption rate, cost reduction), geopolitical relations, international trade 1. Biofuels, biogas, hydrogen and e-fuels/e-gas. 2. From opera","to the different scenarios that may materialize depending on developments in low-carbon technologies (adoption rate, cost reduction), geopolitical relations,...",Review only: keep out of accepted standard-company conclusions until page-level evidence explicitly names the series.,仅供复核：页级证据明确命名具体系列前，不进入已采信标准-企业结论。
r024_glencore,24,GLENCORE,嘉能可,B,Mining,采矿业,ghg_corporate_standard,GHG Protocol Corporate Accounting and Reporting Standard,GHG Protocol 企业核算与报告标准,Standard,标准,Corporate inventory accounting standard,企业组织层面清单核算标准,"Relevance, completeness, consistency, transparency, and accuracy.",相关性、完整性、一致性、透明性和准确性。,"Within GHG Protocol evidence, this may define Scope 1 and Scope 2 corporate inventory boundaries.",仅在 GHG Protocol 证据下使用 Scope 1/2 的组织层面清单口径。,contextual_scope_inventory_mapping,no_explicit_whitelisted_series_name_in_page_text,,3,68,Glencore_2024_Sustainability_Report.pdf,seed_batch_11,medium,"ement for 2024 on the Selected Information, we enquired about the rationale. For those over 5% of the 2023 disclosed metric we also inspected the supporting calculations provided by management, and where appropriate, reviewed against releva","ement for 2024 on the Selected Information, we enquired about the rationale. For those over 5% of the 2023 disclosed metric we also inspected the supporting ...",Review only: keep out of accepted standard-company conclusions until page-level evidence explicitly names the series.,仅供复核：页级证据明确命名具体系列前，不进入已采信标准-企业结论。
r024_glencore,24,GLENCORE,嘉能可,B,Mining,采矿业,ghg_scope2_guidance,GHG Protocol Scope 2 Guidance,GHG Protocol Scope 2 指南,Guidance,指南,Purchased electricity and energy method guidance,外购电力与能源口径指南,Location-based and market-based Scope 2 reporting are separated when cited.,原文显式引用时区分位置法与市场法 Scope 2 披露。,Scope 2 market-based and location-based language is treated as GHG-specific.,Scope 2 市场法/位置法术语只在 GHG Protocol 语境下使用。,contextual_scope_inventory_mapping,no_explicit_whitelisted_series_name_in_page_text,,2,68,Glencore_2024_Sustainability_Report.pdf,seed_batch_11,medium,"ement for 2024 on the Selected Information, we enquired about the rationale. For those over 5% of the 2023 disclosed metric we also inspected the supporting calculations provided by management, and where appropriate, reviewed against releva","ement for 2024 on the Selected Information, we enquired about the rationale. For those over 5% of the 2023 disclosed metric we also inspected the supporting ...",Review only: keep out of accepted standard-company conclusions until page-level evidence explicitly names the series.,仅供复核：页级证据明确命名具体系列前，不进入已采信标准-企业结论。
r024_glencore,24,GLENCORE,嘉能可,B,Mining,采矿业,ghg_scope3_calculation_guidance,GHG Protocol Scope 3 Calculation Guidance,GHG Protocol Scope 3 计算指南,Guidance,指南,Scope 3 inventory calculation guidance,Scope 3 清单计算指南,Companion calculation guidance for completing Scope 3 inventories.,配套计算指南，用于完成 Scope 3 清单。,Scope 3 categories are GHG-specific and only shown when the source uses that wording.,Scope 3 类别是 GHG 特有口径，仅在原文如此使用时展示。,contextual_scope_inventory_mapping,no_explicit_whitelisted_series_name_in_page_text,,2,68,Glencore_2024_Sustainability_Report.pdf,seed_batch_11,medium,"ement for 2024 on the Selected Information, we enquired about the rationale. For those over 5% of the 2023 disclosed metric we also inspected the supporting calculations provided by management, and where appropriate, reviewed against releva","ement for 2024 on the Selected Information, we enquired about the rationale. For those over 5% of the 2023 disclosed metric we also inspected the supporting ...",Review only: keep out of accepted standard-company conclusions until page-level evidence explicitly names the series.,仅供复核：页级证据明确命名具体系列前，不进入已采信标准-企业结论。
r024_glencore,24,GLENCORE,嘉能可,B,Mining,采矿业,ghg_scope3_standard,GHG Protocol Corporate Value Chain (Scope 3) Accounting and Reporting Standard,GHG Protocol 企业价值链（Scope 3）核算与报告标准,Standard,标准,Value-chain emissions accounting standard,价值链排放核算标准,Scope 3 categories are GHG Protocol-specific category language.,Scope 3 类别是 GHG Protocol 特有的类别口径。,Scope 3 and Scope 3 category names are only used for GHG Protocol evidence.,Scope 3 及十五类类别口径只在 GHG Protocol 证据下使用。,contextual_scope_inventory_mapping,no_explicit_whitelisted_series_name_in_page_text,,2,68,Glencore_2024_Sustainability_Report.pdf,seed_batch_11,medium,"ement for 2024 on the Selected Information, we enquired about the rationale. For those over 5% of the 2023 disclosed metric we also inspected the supporting calculations provided by management, and where appropriate, reviewed against releva","ement for 2024 on the Selected Information, we enquired about the rationale. For those over 5% of the 2023 disclosed metric we also inspected the supporting ...",Review only: keep out of accepted standard-company conclusions until page-level evidence explicitly names the series.,仅供复核：页级证据明确命名具体系列前，不进入已采信标准-企业结论。
r026_microsoft,26,MICROSOFT,微软,I,"Information Transmission, Software and Information Technology Services",信息传输、软件和信息技术服务业,ghg_corporate_standard,GHG Protocol Corporate Accounting and Reporting Standard,GHG Protocol 企业核算与报告标准,Standard,标准,Corporate inventory accounting standard,企业组织层面清单核算标准,"Relevance, completeness, consistency, transparency, and accuracy.",相关性、完整性、一致性、透明性和准确性。,"Within GHG Protocol evidence, this may define Scope 1 and Scope 2 corporate inventory boundaries.",仅在 GHG Protocol 证据下使用 Scope 1/2 的组织层面清单口径。,contextual_scope_inventory_mapping,no_explicit_whitelisted_series_name_in_page_text,,3,88,2025-Microsoft-Environmental-Sustainability-Report-PDF.pdf,seed_batch_01,medium,"performance and progress against our goals, and key challenges and trends we see in this work. We also publish our environmental data, which is included in the separate Environmental Data Fact Sheet. We present greenhouse gas emissions in a","performance and progress against our goals, and key challenges and trends we see in this work. We also publish our environmental data, which is included in t...",Review only: keep out of accepted standard-company conclusions until page-level evidence explicitly names the series.,仅供复核：页级证据明确命名具体系列前，不进入已采信标准-企业结论。
r026_microsoft,26,MICROSOFT,微软,I,"Information Transmission, Software and Information Technology Services",信息传输、软件和信息技术服务业,ghg_scope2_guidance,GHG Protocol Scope 2 Guidance,GHG Protocol Scope 2 指南,Guidance,指南,Purchased electricity and energy method guidance,外购电力与能源口径指南,Location-based and market-based Scope 2 reporting are separated when cited.,原文显式引用时区分位置法与市场法 Scope 2 披露。,Scope 2 market-based and location-based language is treated as GHG-specific.,Scope 2 市场法/位置法术语只在 GHG Protocol 语境下使用。,contextual_scope_inventory_mapping,no_explicit_whitelisted_series_name_in_page_text,,2,88,2025-Microsoft-Environmental-Sustainability-Report-PDF.pdf,seed_batch_01,medium,"performance and progress against our goals, and key challenges and trends we see in this work. We also publish our environmental data, which is included in the separate Environmental Data Fact Sheet. We present greenhouse gas emissions in a","performance and progress against our goals, and key challenges and trends we see in this work. We also publish our environmental data, which is included in t...",Review only: keep out of accepted standard-company conclusions until page-level evidence explicitly names the series.,仅供复核：页级证据明确命名具体系列前，不进入已采信标准-企业结论。
r026_microsoft,26,MICROSOFT,微软,I,"Information Transmission, Software and Information Technology Services",信息传输、软件和信息技术服务业,ghg_scope3_calculation_guidance,GHG Protocol Scope 3 Calculation Guidance,GHG Protocol Scope 3 计算指南,Guidance,指南,Scope 3 inventory calculation guidance,Scope 3 清单计算指南,Companion calculation guidance for completing Scope 3 inventories.,配套计算指南，用于完成 Scope 3 清单。,Scope 3 categories are GHG-specific and only shown when the source uses that wording.,Scope 3 类别是 GHG 特有口径，仅在原文如此使用时展示。,contextual_scope_inventory_mapping,no_explicit_whitelisted_series_name_in_page_text,,1,88,2025-Microsoft-Environmental-Sustainability-Report-PDF.pdf,pdf_contextual_scope_inventory_mapping,pdf_page_backfill,"Structured standard tag: GHG Protocol; Standard role: Accounting standard performance and progress against our goals, and key challenges and trends we see in this work. We also publish our environmental data, which is included in the separate Environmental Data Fact Sheet. We present greenhouse gas emissions in a 2025-Microsoft-Environmental-Sustainability-…","Structured standard tag: GHG Protocol; Standard role: Accounting standard performance and progress against our goals, and key challenges and trends we see in this work. We also publish our environmental data, which is included in the separate Environmental Data Fact Sheet. We present greenhouse gas emissions in a 2025-Microsoft-Environmental-Sustainability-…",Review only: keep out of accepted standard-company conclusions until page-level evidence explicitly names the series.,仅供复核：页级证据明确命名具体系列前，不进入已采信标准-企业结论。
r026_microsoft,26,MICROSOFT,微软,I,"Information Transmission, Software and Information Technology Services",信息传输、软件和信息技术服务业,ghg_scope3_standard,GHG Protocol Corporate Value Chain (Scope 3) Accounting and Reporting Standard,GHG Protocol 企业价值链（Scope 3）核算与报告标准,Standard,标准,Value-chain emissions accounting standard,价值链排放核算标准,Scope 3 categories are GHG Protocol-specific category language.,Scope 3 类别是 GHG Protocol 特有的类别口径。,Scope 3 and Scope 3 category names are only used for GHG Protocol evidence.,Scope 3 及十五类类别口径只在 GHG Protocol 证据下使用。,contextual_scope_inventory_mapping,no_explicit_whitelisted_series_name_in_page_text,,2,88,2025-Microsoft-Environmental-Sustainability-Report-PDF.pdf,seed_batch_01,medium,"performance and progress against our goals, and key challenges and trends we see in this work. We also publish our environmental data, which is included in the separate Environmental Data Fact Sheet. We present greenhouse gas emissions in a","performance and progress against our goals, and key challenges and trends we see in this work. We also publish our environmental data, which is included in t...",Review only: keep out of accepted standard-company conclusions until page-level evidence explicitly names the series.,仅供复核：页级证据明确命名具体系列前，不进入已采信标准-企业结论。
r027_cardinalhealth,27,CARDINAL HEALTH,嘉德诺健康集团,F,Wholesale and Retail Trade,批发和零售业,ghg_product_standard,GHG Protocol Product Life Cycle Accounting and Reporting Standard,GHG Protocol 产品生命周期核算与报告标准,Standard,标准,Product life-cycle accounting standard,产品生命周期核算标准,Product-level life-cycle boundary; not a corporate Scope 1/2/3 total by itself.,产品层生命周期边界，本身不等同于企业 Scope 1/2/3 总量。,Use product life-cycle wording unless the source also cites corporate Scope accounting.,除非原文同时引用组织层 Scope 核算，否则使用产品生命周期口径。,contextual_scope_inventory_mapping,no_explicit_whitelisted_series_name_in_page_text,,1,54,cardinal-health-fy24-ESG-report.pdf,pdf_contextual_scope_inventory_mapping,pdf_page_backfill,Structured standard tag: GHG Protocol; Standard role: Accounting standard o be fully operational by fiscal 2026. single-use devices collected in fiscal 2024 19.5M+ 19.5M+ pounds of waste diverted from landfills in fiscal 2024 metric tons of customer carbon emissions avoided28 6M 6M 120 120 Avoided emissions were cardinal-health-fy24-ESG-report.pdf 53 ESG FY…,Structured standard tag: GHG Protocol; Standard role: Accounting standard o be fully operational by fiscal 2026. single-use devices collected in fiscal 2024 19.5M+ 19.5M+ pounds of waste diverted from landfills in fiscal 2024 metric tons of customer carbon emissions avoided28 6M 6M 120 120 Avoided emissions were cardinal-health-fy24-ESG-report.pdf 53 ESG FY…,Review only: keep out of accepted standard-company conclusions until page-level evidence explicitly names the series.,仅供复核：页级证据明确命名具体系列前，不进入已采信标准-企业结论。
r028_stellantis集团,28,Stellantis,Stellantis,C,Manufacturing,制造业,ghg_corporate_standard,GHG Protocol Corporate Accounting and Reporting Standard,GHG Protocol 企业核算与报告标准,Standard,标准,Corporate inventory accounting standard,企业组织层面清单核算标准,"Relevance, completeness, consistency, transparency, and accuracy.",相关性、完整性、一致性、透明性和准确性。,"Within GHG Protocol evidence, this may define Scope 1 and Scope 2 corporate inventory boundaries.",仅在 GHG Protocol 证据下使用 Scope 1/2 的组织层面清单口径。,contextual_scope_inventory_mapping,no_explicit_whitelisted_series_name_in_page_text,,3,6,Stellantis-2024-Climate-Policy-Report.pdf,seed_batch_01,medium,"to our automotive business and strategic plan, decarbonisation and alignment with global climate agreements. In future reports, we will endeavour to widen and focus on other areas. - Paris Agreement Stellantis computes its carbon footprint","to our automotive business and strategic plan, decarbonisation and alignment with global climate agreements. In future reports, we will endeavour to widen an...",Review only: keep out of accepted standard-company conclusions until page-level evidence explicitly names the series.,仅供复核：页级证据明确命名具体系列前，不进入已采信标准-企业结论。
r029_chevron,29,CHEVRON,雪佛龙,B,Mining,采矿业,ghg_scope3_calculation_guidance,GHG Protocol Scope 3 Calculation Guidance,GHG Protocol Scope 3 计算指南,Guidance,指南,Scope 3 inventory calculation guidance,Scope 3 清单计算指南,Companion calculation guidance for completing Scope 3 inventories.,配套计算指南，用于完成 Scope 3 清单。,Scope 3 categories are GHG-specific and only shown when the source uses that wording.,Scope 3 类别是 GHG 特有口径，仅在原文如此使用时展示。,contextual_scope_inventory_mapping,no_explicit_whitelisted_series_name_in_page_text,,1,28,chevron-sustainability-highlights-2024.pdf,pdf_contextual_scope_inventory_mapping,pdf_page_backfill,"Structured standard tag: GHG Protocol; Standard role: Accounting standard pe 2 includes indirect emissions from imported electricity and steam. CO2, CH4 and N2O are accounted for in Chevron’s Scope 2 emissions. Scope 2 emissions are accounted for using the market- based approach as described in the World Resource chevron-sustainability-highlights-2024.pdf 2…","Structured standard tag: GHG Protocol; Standard role: Accounting standard pe 2 includes indirect emissions from imported electricity and steam. CO2, CH4 and N2O are accounted for in Chevron’s Scope 2 emissions. Scope 2 emissions are accounted for using the market- based approach as described in the World Resource chevron-sustainability-highlights-2024.pdf 2…",Review only: keep out of accepted standard-company conclusions until page-level evidence explicitly names the series.,仅供复核：页级证据明确命名具体系列前，不进入已采信标准-企业结论。
r030_chinaconstructionbank,30,CHINA CONSTRUCTION BANK,中国建设银行股份有限公司,J,Finance,金融业,ghg_corporate_standard,GHG Protocol Corporate Accounting and Reporting Standard,GHG Protocol 企业核算与报告标准,Standard,标准,Corporate inventory accounting standard,企业组织层面清单核算标准,"Relevance, completeness, consistency, transparency, and accuracy.",相关性、完整性、一致性、透明性和准确性。,"Within GHG Protocol evidence, this may define Scope 1 and Scope 2 corporate inventory boundaries.",仅在 GHG Protocol 证据下使用 Scope 1/2 的组织层面清单口径。,contextual_scope_inventory_mapping,no_explicit_whitelisted_series_name_in_page_text,,1,54,CCB_2024_Sustainability_Report.pdf,pdf_contextual_scope_inventory_mapping,pdf_page_backfill,"Structured standard tag: GHG Protocol; Standard role: Accounting standard rdance with the accounting method, activity level data, emission factor requirements, etc. of ISO14064-1 Greenhouse Gases-Part 1: Specification and Guidance at the Organization Level for Quantification and Reporting of Greenhouse Gas Emissi CCB_2024_Sustainability_Report.pdf China Con…","Structured standard tag: GHG Protocol; Standard role: Accounting standard rdance with the accounting method, activity level data, emission factor requirements, etc. of ISO14064-1 Greenhouse Gases-Part 1: Specification and Guidance at the Organization Level for Quantification and Reporting of Greenhouse Gas Emissi CCB_2024_Sustainability_Report.pdf China Con…",Review only: keep out of accepted standard-company conclusions until page-level evidence explicitly names the series.,仅供复核：页级证据明确命名具体系列前，不进入已采信标准-企业结论。
r030_chinaconstructionbank,30,CHINA CONSTRUCTION BANK,中国建设银行股份有限公司,J,Finance,金融业,ghg_scope2_guidance,GHG Protocol Scope 2 Guidance,GHG Protocol Scope 2 指南,Guidance,指南,Purchased electricity and energy method guidance,外购电力与能源口径指南,Location-based and market-based Scope 2 reporting are separated when cited.,原文显式引用时区分位置法与市场法 Scope 2 披露。,Scope 2 market-based and location-based language is treated as GHG-specific.,Scope 2 市场法/位置法术语只在 GHG Protocol 语境下使用。,contextual_scope_inventory_mapping,no_explicit_whitelisted_series_name_in_page_text,,1,54,CCB_2024_Sustainability_Report.pdf,pdf_contextual_scope_inventory_mapping,pdf_page_backfill,"Structured standard tag: GHG Protocol; Standard role: Accounting standard rdance with the accounting method, activity level data, emission factor requirements, etc. of ISO14064-1 Greenhouse Gases-Part 1: Specification and Guidance at the Organization Level for Quantification and Reporting of Greenhouse Gas Emissi CCB_2024_Sustainability_Report.pdf China Con…","Structured standard tag: GHG Protocol; Standard role: Accounting standard rdance with the accounting method, activity level data, emission factor requirements, etc. of ISO14064-1 Greenhouse Gases-Part 1: Specification and Guidance at the Organization Level for Quantification and Reporting of Greenhouse Gas Emissi CCB_2024_Sustainability_Report.pdf China Con…",Review only: keep out of accepted standard-company conclusions until page-level evidence explicitly names the series.,仅供复核：页级证据明确命名具体系列前，不进入已采信标准-企业结论。
r030_chinaconstructionbank,30,CHINA CONSTRUCTION BANK,中国建设银行股份有限公司,J,Finance,金融业,ghg_scope3_calculation_guidance,GHG Protocol Scope 3 Calculation Guidance,GHG Protocol Scope 3 计算指南,Guidance,指南,Scope 3 inventory calculation guidance,Scope 3 清单计算指南,Companion calculation guidance for completing Scope 3 inventories.,配套计算指南，用于完成 Scope 3 清单。,Scope 3 categories are GHG-specific and only shown when the source uses that wording.,Scope 3 类别是 GHG 特有口径，仅在原文如此使用时展示。,contextual_scope_inventory_mapping,no_explicit_whitelisted_series_name_in_page_text,,1,54,CCB_2024_Sustainability_Report.pdf,pdf_contextual_scope_inventory_mapping,pdf_page_backfill,"Structured standard tag: GHG Protocol; Standard role: Accounting standard rdance with the accounting method, activity level data, emission factor requirements, etc. of ISO14064-1 Greenhouse Gases-Part 1: Specification and Guidance at the Organization Level for Quantification and Reporting of Greenhouse Gas Emissi CCB_2024_Sustainability_Report.pdf China Con…","Structured standard tag: GHG Protocol; Standard role: Accounting standard rdance with the accounting method, activity level data, emission factor requirements, etc. of ISO14064-1 Greenhouse Gases-Part 1: Specification and Guidance at the Organization Level for Quantification and Reporting of Greenhouse Gas Emissi CCB_2024_Sustainability_Report.pdf China Con…",Review only: keep out of accepted standard-company conclusions until page-level evidence explicitly names the series.,仅供复核：页级证据明确命名具体系列前，不进入已采信标准-企业结论。
r030_chinaconstructionbank,30,CHINA CONSTRUCTION BANK,中国建设银行股份有限公司,J,Finance,金融业,ghg_scope3_standard,GHG Protocol Corporate Value Chain (Scope 3) Accounting and Reporting Standard,GHG Protocol 企业价值链（Scope 3）核算与报告标准,Standard,标准,Value-chain emissions accounting standard,价值链排放核算标准,Scope 3 categories are GHG Protocol-specific category language.,Scope 3 类别是 GHG Protocol 特有的类别口径。,Scope 3 and Scope 3 category names are only used for GHG Protocol evidence.,Scope 3 及十五类类别口径只在 GHG Protocol 证据下使用。,contextual_overmapped_review,no_explicit_whitelisted_series_name_in_page_text,,1,54,CCB_2024_Sustainability_Report.pdf,pdf_explicit_series_citation,pdf_page_backfill,"onal Power Grids in China were used. In 2024, electricity emission factors were updated to provincial emission factors in the Announcement on the Release of 2022 Electricity Carbon Dioxide Emission Factors. 3. Others include ethanol, fuel oil, and other fuel. Scope 3 2024 2023 Greenhouse gas emissions (tons of carbon dioxide) 20,288.51 17,602.43 Annual emis…","onal Power Grids in China were used. In 2024, electricity emission factors were updated to provincial emission factors in the Announcement on the Release of 2022 Electricity Carbon Dioxide Emission Factors. 3. Others include ethanol, fuel oil, and other fuel. Scope 3 2024 2023 Greenhouse gas emissions (tons of carbon dioxide) 20,288.51 17,602.43 Annual emis…",Review only: keep out of accepted standard-company conclusions until page-level evidence explicitly names the series.,仅供复核：页级证据明确命名具体系列前，不进入已采信标准-企业结论。
r031_samsungelectronics,31,SAMSUNG ELECTRONICS,三星电子,C,Manufacturing,制造业,ghg_corporate_standard,GHG Protocol Corporate Accounting and Reporting Standard,GHG Protocol 企业核算与报告标准,Standard,标准,Corporate inventory accounting standard,企业组织层面清单核算标准,"Relevance, completeness, consistency, transparency, and accuracy.",相关性、完整性、一致性、透明性和准确性。,"Within GHG Protocol evidence, this may define Scope 1 and Scope 2 corporate inventory boundaries.",仅在 GHG Protocol 证据下使用 Scope 1/2 的组织层面清单口径。,contextual_scope_inventory_mapping,no_explicit_whitelisted_series_name_in_page_text,,3,63,SAMSUNG ELECTRONICS_Sustainability_report_2024_en.pdf,seed_batch_01,medium,consumption reduction rate for each year relative to 2019 identical performance/specification models for 7 major product categories *Data for amount of GHG emissions reduced in the product use phase by year is being reviewed to refine its c,consumption reduction rate for each year relative to 2019 identical performance/specification models for 7 major product categories *Data for amount of GHG e...,Review only: keep out of accepted standard-company conclusions until page-level evidence explicitly names the series.,仅供复核：页级证据明确命名具体系列前，不进入已采信标准-企业结论。
r031_samsungelectronics,31,SAMSUNG ELECTRONICS,三星电子,C,Manufacturing,制造业,ghg_scope2_guidance,GHG Protocol Scope 2 Guidance,GHG Protocol Scope 2 指南,Guidance,指南,Purchased electricity and energy method guidance,外购电力与能源口径指南,Location-based and market-based Scope 2 reporting are separated when cited.,原文显式引用时区分位置法与市场法 Scope 2 披露。,Scope 2 market-based and location-based language is treated as GHG-specific.,Scope 2 市场法/位置法术语只在 GHG Protocol 语境下使用。,contextual_scope_inventory_mapping,no_explicit_whitelisted_series_name_in_page_text,,1,63,SAMSUNG ELECTRONICS_Sustainability_report_2024_en.pdf,pdf_contextual_scope_inventory_mapping,pdf_page_backfill,Structured standard tag: GHG Protocol; Standard role: Accounting standard consumption reduction rate for each year relative to 2019 identical performance/specification models for 7 major product categories *Data for amount of GHG emissions reduced in the product use phase by year is being reviewed to refine its c SAMSUNG ELECTRONICS_Sustainability_report_20…,Structured standard tag: GHG Protocol; Standard role: Accounting standard consumption reduction rate for each year relative to 2019 identical performance/specification models for 7 major product categories *Data for amount of GHG emissions reduced in the product use phase by year is being reviewed to refine its c SAMSUNG ELECTRONICS_Sustainability_report_20…,Review only: keep out of accepted standard-company conclusions until page-level evidence explicitly names the series.,仅供复核：页级证据明确命名具体系列前，不进入已采信标准-企业结论。
r031_samsungelectronics,31,SAMSUNG ELECTRONICS,三星电子,C,Manufacturing,制造业,ghg_scope3_calculation_guidance,GHG Protocol Scope 3 Calculation Guidance,GHG Protocol Scope 3 计算指南,Guidance,指南,Scope 3 inventory calculation guidance,Scope 3 清单计算指南,Companion calculation guidance for completing Scope 3 inventories.,配套计算指南，用于完成 Scope 3 清单。,Scope 3 categories are GHG-specific and only shown when the source uses that wording.,Scope 3 类别是 GHG 特有口径，仅在原文如此使用时展示。,contextual_scope_inventory_mapping,no_explicit_whitelisted_series_name_in_page_text,,1,63,SAMSUNG ELECTRONICS_Sustainability_report_2024_en.pdf,pdf_contextual_scope_inventory_mapping,pdf_page_backfill,Structured standard tag: GHG Protocol; Standard role: Accounting standard consumption reduction rate for each year relative to 2019 identical performance/specification models for 7 major product categories *Data for amount of GHG emissions reduced in the product use phase by year is being reviewed to refine its c SAMSUNG ELECTRONICS_Sustainability_report_20…,Structured standard tag: GHG Protocol; Standard role: Accounting standard consumption reduction rate for each year relative to 2019 identical performance/specification models for 7 major product categories *Data for amount of GHG emissions reduced in the product use phase by year is being reviewed to refine its c SAMSUNG ELECTRONICS_Sustainability_report_20…,Review only: keep out of accepted standard-company conclusions until page-level evidence explicitly names the series.,仅供复核：页级证据明确命名具体系列前，不进入已采信标准-企业结论。
r031_samsungelectronics,31,SAMSUNG ELECTRONICS,三星电子,C,Manufacturing,制造业,ghg_scope3_standard,GHG Protocol Corporate Value Chain (Scope 3) Accounting and Reporting Standard,GHG Protocol 企业价值链（Scope 3）核算与报告标准,Standard,标准,Value-chain emissions accounting standard,价值链排放核算标准,Scope 3 categories are GHG Protocol-specific category language.,Scope 3 类别是 GHG Protocol 特有的类别口径。,Scope 3 and Scope 3 category names are only used for GHG Protocol evidence.,Scope 3 及十五类类别口径只在 GHG Protocol 证据下使用。,contextual_scope_inventory_mapping,no_explicit_whitelisted_series_name_in_page_text,,1,63,SAMSUNG ELECTRONICS_Sustainability_report_2024_en.pdf,pdf_contextual_scope_inventory_mapping,pdf_page_backfill,Structured standard tag: GHG Protocol; Standard role: Accounting standard consumption reduction rate for each year relative to 2019 identical performance/specification models for 7 major product categories *Data for amount of GHG emissions reduced in the product use phase by year is being reviewed to refine its c SAMSUNG ELECTRONICS_Sustainability_report_20…,Structured standard tag: GHG Protocol; Standard role: Accounting standard consumption reduction rate for each year relative to 2019 identical performance/specification models for 7 major product categories *Data for amount of GHG emissions reduced in the product use phase by year is being reviewed to refine its c SAMSUNG ELECTRONICS_Sustainability_report_20…,Review only: keep out of accepted standard-company conclusions until page-level evidence explicitly names the series.,仅供复核：页级证据明确命名具体系列前，不进入已采信标准-企业结论。
r032_honhaiprecisionindustry,32,HON HAI PRECISION INDUSTRY,鸿海精密工业股份有限公司,C,Manufacturing,制造业,ghg_corporate_standard,GHG Protocol Corporate Accounting and Reporting Standard,GHG Protocol 企业核算与报告标准,Standard,标准,Corporate inventory accounting standard,企业组织层面清单核算标准,"Relevance, completeness, consistency, transparency, and accuracy.",相关性、完整性、一致性、透明性和准确性。,"Within GHG Protocol evidence, this may define Scope 1 and Scope 2 corporate inventory boundaries.",仅在 GHG Protocol 证据下使用 Scope 1/2 的组织层面清单口径。,contextual_scope_inventory_mapping,no_explicit_whitelisted_series_name_in_page_text,,1,162,鸿海精密工业股份有限公司2024 - 中文完整版.pdf,pdf_contextual_scope_inventory_mapping,pdf_page_backfill,"Structured standard tag: GHG Protocol; Standard role: Accounting standard 报告PRTR数据。2023年，供应商共产生230,000顺 OTHE 要 霹和640,000顺危险工业废物，其中一般工业废物综合利用量过150,000呆，利 HIE DARE OOF HRS SHRM, BUNS MR RHEE, Wh B75 305%. 1S 22H REPS Ci i eePRIRBUR, Rat eil>—AR TSS) FRESE PEL AE. MRRAER ARMIN, AE 6,000顺及危除工业废物25,000顺。 优先考虑客户的要求。 2. 鸿海精密工业股份有限公司2024 - 中文完整版.pdf 160 前言 永續領航, 行穩…","Structured standard tag: GHG Protocol; Standard role: Accounting standard 报告PRTR数据。2023年，供应商共产生230,000顺 OTHE 要 霹和640,000顺危险工业废物，其中一般工业废物综合利用量过150,000呆，利 HIE DARE OOF HRS SHRM, BUNS MR RHEE, Wh B75 305%. 1S 22H REPS Ci i eePRIRBUR, Rat eil>—AR TSS) FRESE PEL AE. MRRAER ARMIN, AE 6,000顺及危除工业废物25,000顺。 优先考虑客户的要求。 2. 鸿海精密工业股份有限公司2024 - 中文完整版.pdf 160 前言 永續領航, 行穩…",Review only: keep out of accepted standard-company conclusions until page-level evidence explicitly names the series.,仅供复核：页级证据明确命名具体系列前，不进入已采信标准-企业结论。
r032_honhaiprecisionindustry,32,HON HAI PRECISION INDUSTRY,鸿海精密工业股份有限公司,C,Manufacturing,制造业,ghg_scope3_standard,GHG Protocol Corporate Value Chain (Scope 3) Accounting and Reporting Standard,GHG Protocol 企业价值链（Scope 3）核算与报告标准,Standard,标准,Value-chain emissions accounting standard,价值链排放核算标准,Scope 3 categories are GHG Protocol-specific category language.,Scope 3 类别是 GHG Protocol 特有的类别口径。,Scope 3 and Scope 3 category names are only used for GHG Protocol evidence.,Scope 3 及十五类类别口径只在 GHG Protocol 证据下使用。,contextual_scope_inventory_mapping,no_explicit_whitelisted_series_name_in_page_text,,3,162,鸿海精密工业股份有限公司2024 - 中文完整版.pdf,seed_batch_01,medium,"报告PRTR数据。2023年，供应商共产生230,000顺 OTHE 要 霹和640,000顺危险工业废物，其中一般工业废物综合利用量过150,000呆，利 HIE DARE OOF HRS SHRM, BUNS MR RHEE, Wh B75 305%. 1S 22H REPS Ci i eePRIRBUR, Rat eil>—AR TSS) FRESE PEL AE. MRRAER ARMIN, AE 6,000顺及危除工业废物25,000顺。 优先考虑客户的要求。 2.","报告PRTR数据。2023年，供应商共产生230,000顺 OTHE 要 霹和640,000顺危险工业废物，其中一般工业废物综合利用量过150,000呆，利 HIE DARE OOF HRS SHRM, BUNS MR RHEE, Wh B75 305%. 1S 22H REPS Ci i eePRIRBUR, ...",Review only: keep out of accepted standard-company conclusions until page-level evidence explicitly names the series.,仅供复核：页级证据明确命名具体系列前，不进入已采信标准-企业结论。
r033_cignagroup,33,CIGNA GROUP,信诺集团,J,Finance,金融业,ghg_corporate_standard,GHG Protocol Corporate Accounting and Reporting Standard,GHG Protocol 企业核算与报告标准,Standard,标准,Corporate inventory accounting standard,企业组织层面清单核算标准,"Relevance, completeness, consistency, transparency, and accuracy.",相关性、完整性、一致性、透明性和准确性。,"Within GHG Protocol evidence, this may define Scope 1 and Scope 2 corporate inventory boundaries.",仅在 GHG Protocol 证据下使用 Scope 1/2 的组织层面清单口径。,contextual_scope_inventory_mapping,no_explicit_whitelisted_series_name_in_page_text,,2,73,2024-corporate-impact-report-CIGNA GROUP.pdf,seed_batch_01,medium,"ions. Scope 1 and 2 emissions are calculated using an operational control consolidation approach. Sources of emissions deemed to be de minimis are omitted, including refrigerants. All GHG emissions are calculated in accordance with the guid","ions. Scope 1 and 2 emissions are calculated using an operational control consolidation approach. Sources of emissions deemed to be de minimis are omitted, i...",Review only: keep out of accepted standard-company conclusions until page-level evidence explicitly names the series.,仅供复核：页级证据明确命名具体系列前，不进入已采信标准-企业结论。
r038_bankofamerica,38,BANK OF AMERICA,美国银行,J,Finance,金融业,ghg_scope3_calculation_guidance,GHG Protocol Scope 3 Calculation Guidance,GHG Protocol Scope 3 计算指南,Guidance,指南,Scope 3 inventory calculation guidance,Scope 3 清单计算指南,Companion calculation guidance for completing Scope 3 inventories.,配套计算指南，用于完成 Scope 3 清单。,Scope 3 categories are GHG-specific and only shown when the source uses that wording.,Scope 3 类别是 GHG 特有口径，仅在原文如此使用时展示。,contextual_scope_inventory_mapping,no_explicit_whitelisted_series_name_in_page_text,,2,20,BankOfAmerica_Sustainability_2024_Report.pdf,seed_batch_11,medium,"es. Through 2023, SAF accounted for 31% of our corporate and commercial jet fuel usage, surpassing our 2030 goal. In addition, the Company partners with a number of leading organizations to support our SAF efforts16: 14 GHG emissions Scopes","es. Through 2023, SAF accounted for 31% of our corporate and commercial jet fuel usage, surpassing our 2030 goal. In addition, the Company partners with a nu...",Review only: keep out of accepted standard-company conclusions until page-level evidence explicitly names the series.,仅供复核：页级证据明确命名具体系列前，不进入已采信标准-企业结论。
r039_generalmotors,39,GENERAL MOTORS,通用汽车公司,C,Manufacturing,制造业,ghg_corporate_standard,GHG Protocol Corporate Accounting and Reporting Standard,GHG Protocol 企业核算与报告标准,Standard,标准,Corporate inventory accounting standard,企业组织层面清单核算标准,"Relevance, completeness, consistency, transparency, and accuracy.",相关性、完整性、一致性、透明性和准确性。,"Within GHG Protocol evidence, this may define Scope 1 and Scope 2 corporate inventory boundaries.",仅在 GHG Protocol 证据下使用 Scope 1/2 的组织层面清单口径。,contextual_scope_inventory_mapping,no_explicit_whitelisted_series_name_in_page_text,,3,9,GM_2023_SR.pdf,seed_batch_11,medium,nability goals. We've taken productive strides in our operations and are continuously strengthening our strategy as we advance on our journey toward zero emissions. Note 1 These metrics are inclusive of organizational boundary adjustments t,nability goals. We've taken productive strides in our operations and are continuously strengthening our strategy as we advance on our journey toward zero emi...,Review only: keep out of accepted standard-company conclusions until page-level evidence explicitly names the series.,仅供复核：页级证据明确命名具体系列前，不进入已采信标准-企业结论。
r039_generalmotors,39,GENERAL MOTORS,通用汽车公司,C,Manufacturing,制造业,ghg_scope2_guidance,GHG Protocol Scope 2 Guidance,GHG Protocol Scope 2 指南,Guidance,指南,Purchased electricity and energy method guidance,外购电力与能源口径指南,Location-based and market-based Scope 2 reporting are separated when cited.,原文显式引用时区分位置法与市场法 Scope 2 披露。,Scope 2 market-based and location-based language is treated as GHG-specific.,Scope 2 市场法/位置法术语只在 GHG Protocol 语境下使用。,contextual_scope_inventory_mapping,no_explicit_whitelisted_series_name_in_page_text,,1,9,GM_2023_SR.pdf,pdf_contextual_scope_inventory_mapping,pdf_page_backfill,Structured standard tag: GHG Protocol; Standard role: Accounting standard nability goals. We've taken productive strides in our operations and are continuously strengthening our strategy as we advance on our journey toward zero emissions. Note 1 These metrics are inclusive of organizational boundary adjustments t GM_2023_SR.pdf Introduction Strategy Environ…,Structured standard tag: GHG Protocol; Standard role: Accounting standard nability goals. We've taken productive strides in our operations and are continuously strengthening our strategy as we advance on our journey toward zero emissions. Note 1 These metrics are inclusive of organizational boundary adjustments t GM_2023_SR.pdf Introduction Strategy Environ…,Review only: keep out of accepted standard-company conclusions until page-level evidence explicitly names the series.,仅供复核：页级证据明确命名具体系列前，不进入已采信标准-企业结论。
r039_generalmotors,39,GENERAL MOTORS,通用汽车公司,C,Manufacturing,制造业,ghg_scope3_calculation_guidance,GHG Protocol Scope 3 Calculation Guidance,GHG Protocol Scope 3 计算指南,Guidance,指南,Scope 3 inventory calculation guidance,Scope 3 清单计算指南,Companion calculation guidance for completing Scope 3 inventories.,配套计算指南，用于完成 Scope 3 清单。,Scope 3 categories are GHG-specific and only shown when the source uses that wording.,Scope 3 类别是 GHG 特有口径，仅在原文如此使用时展示。,contextual_scope_inventory_mapping,no_explicit_whitelisted_series_name_in_page_text,,1,9,GM_2023_SR.pdf,pdf_contextual_scope_inventory_mapping,pdf_page_backfill,Structured standard tag: GHG Protocol; Standard role: Accounting standard nability goals. We've taken productive strides in our operations and are continuously strengthening our strategy as we advance on our journey toward zero emissions. Note 1 These metrics are inclusive of organizational boundary adjustments t GM_2023_SR.pdf Introduction Strategy Environ…,Structured standard tag: GHG Protocol; Standard role: Accounting standard nability goals. We've taken productive strides in our operations and are continuously strengthening our strategy as we advance on our journey toward zero emissions. Note 1 These metrics are inclusive of organizational boundary adjustments t GM_2023_SR.pdf Introduction Strategy Environ…,Review only: keep out of accepted standard-company conclusions until page-level evidence explicitly names the series.,仅供复核：页级证据明确命名具体系列前，不进入已采信标准-企业结论。
r039_generalmotors,39,GENERAL MOTORS,通用汽车公司,C,Manufacturing,制造业,ghg_scope3_standard,GHG Protocol Corporate Value Chain (Scope 3) Accounting and Reporting Standard,GHG Protocol 企业价值链（Scope 3）核算与报告标准,Standard,标准,Value-chain emissions accounting standard,价值链排放核算标准,Scope 3 categories are GHG Protocol-specific category language.,Scope 3 类别是 GHG Protocol 特有的类别口径。,Scope 3 and Scope 3 category names are only used for GHG Protocol evidence.,Scope 3 及十五类类别口径只在 GHG Protocol 证据下使用。,contextual_scope_inventory_mapping,no_explicit_whitelisted_series_name_in_page_text,,1,9,GM_2023_SR.pdf,pdf_contextual_scope_inventory_mapping,pdf_page_backfill,Structured standard tag: GHG Protocol; Standard role: Accounting standard nability goals. We've taken productive strides in our operations and are continuously strengthening our strategy as we advance on our journey toward zero emissions. Note 1 These metrics are inclusive of organizational boundary adjustments t GM_2023_SR.pdf Introduction Strategy Environ…,Structured standard tag: GHG Protocol; Standard role: Accounting standard nability goals. We've taken productive strides in our operations and are continuously strengthening our strategy as we advance on our journey toward zero emissions. Note 1 These metrics are inclusive of organizational boundary adjustments t GM_2023_SR.pdf Introduction Strategy Environ…,Review only: keep out of accepted standard-company conclusions until page-level evidence explicitly names the series.,仅供复核：页级证据明确命名具体系列前，不进入已采信标准-企业结论。
r046_centene公司,46,Centene,Centene,J,Finance,金融业,ghg_corporate_standard,GHG Protocol Corporate Accounting and Reporting Standard,GHG Protocol 企业核算与报告标准,Standard,标准,Corporate inventory accounting standard,企业组织层面清单核算标准,"Relevance, completeness, consistency, transparency, and accuracy.",相关性、完整性、一致性、透明性和准确性。,"Within GHG Protocol evidence, this may define Scope 1 and Scope 2 corporate inventory boundaries.",仅在 GHG Protocol 证据下使用 Scope 1/2 的组织层面清单口径。,contextual_scope_inventory_mapping,no_explicit_whitelisted_series_name_in_page_text,,3,51,Centene-Corporate-Responsibility-2024.pdf,seed_batch_02,medium,"ange in the context of our business is accounting for our own greenhouse gas (GHG) emissions to measure the impact we have on the environment. For the past several years, we have calculated our scope 1, scope 2 and scope 3 GHG emissions in",ange in the context of our business is accounting for our own greenhouse gas (GHG) emissions to measure the impact we have on the environment. For the past s...,Review only: keep out of accepted standard-company conclusions until page-level evidence explicitly names the series.,仅供复核：页级证据明确命名具体系列前，不进入已采信标准-企业结论。
r046_centene公司,46,Centene,Centene,J,Finance,金融业,ghg_scope2_guidance,GHG Protocol Scope 2 Guidance,GHG Protocol Scope 2 指南,Guidance,指南,Purchased electricity and energy method guidance,外购电力与能源口径指南,Location-based and market-based Scope 2 reporting are separated when cited.,原文显式引用时区分位置法与市场法 Scope 2 披露。,Scope 2 market-based and location-based language is treated as GHG-specific.,Scope 2 市场法/位置法术语只在 GHG Protocol 语境下使用。,contextual_scope_inventory_mapping,no_explicit_whitelisted_series_name_in_page_text,,2,51,Centene-Corporate-Responsibility-2024.pdf,seed_batch_02,medium,"ange in the context of our business is accounting for our own greenhouse gas (GHG) emissions to measure the impact we have on the environment. For the past several years, we have calculated our scope 1, scope 2 and scope 3 GHG emissions in",ange in the context of our business is accounting for our own greenhouse gas (GHG) emissions to measure the impact we have on the environment. For the past s...,Review only: keep out of accepted standard-company conclusions until page-level evidence explicitly names the series.,仅供复核：页级证据明确命名具体系列前，不进入已采信标准-企业结论。
r046_centene公司,46,Centene,Centene,J,Finance,金融业,ghg_scope3_standard,GHG Protocol Corporate Value Chain (Scope 3) Accounting and Reporting Standard,GHG Protocol 企业价值链（Scope 3）核算与报告标准,Standard,标准,Value-chain emissions accounting standard,价值链排放核算标准,Scope 3 categories are GHG Protocol-specific category language.,Scope 3 类别是 GHG Protocol 特有的类别口径。,Scope 3 and Scope 3 category names are only used for GHG Protocol evidence.,Scope 3 及十五类类别口径只在 GHG Protocol 证据下使用。,contextual_scope_inventory_mapping,no_explicit_whitelisted_series_name_in_page_text,,2,51,Centene-Corporate-Responsibility-2024.pdf,seed_batch_02,medium,"ange in the context of our business is accounting for our own greenhouse gas (GHG) emissions to measure the impact we have on the environment. For the past several years, we have calculated our scope 1, scope 2 and scope 3 GHG emissions in",ange in the context of our business is accounting for our own greenhouse gas (GHG) emissions to measure the impact we have on the environment. For the past s...,Review only: keep out of accepted standard-company conclusions until page-level evidence explicitly names the series.,仅供复核：页级证据明确命名具体系列前，不进入已采信标准-企业结论。
r048_homedepot,48,HOME DEPOT,家得宝,F,Wholesale and Retail Trade,批发和零售业,ghg_scope2_guidance,GHG Protocol Scope 2 Guidance,GHG Protocol Scope 2 指南,Guidance,指南,Purchased electricity and energy method guidance,外购电力与能源口径指南,Location-based and market-based Scope 2 reporting are separated when cited.,原文显式引用时区分位置法与市场法 Scope 2 披露。,Scope 2 market-based and location-based language is treated as GHG-specific.,Scope 2 市场法/位置法术语只在 GHG Protocol 语境下使用。,contextual_scope_inventory_mapping,no_explicit_whitelisted_series_name_in_page_text,,3,45,2024_ESG_Report_The_Home_Depot.pdf,seed_batch_02,medium,"have also adopted strategies to minimize our supply chain and transportation emissions through distribution optimization. Lastly, we partner with our suppliers to drive more energy-efficient product innovation. 2023 Reported Emissions The H","have also adopted strategies to minimize our supply chain and transportation emissions through distribution optimization. Lastly, we partner with our supplie...",Review only: keep out of accepted standard-company conclusions until page-level evidence explicitly names the series.,仅供复核：页级证据明确命名具体系列前，不进入已采信标准-企业结论。
r048_homedepot,48,HOME DEPOT,家得宝,F,Wholesale and Retail Trade,批发和零售业,ghg_scope3_standard,GHG Protocol Corporate Value Chain (Scope 3) Accounting and Reporting Standard,GHG Protocol 企业价值链（Scope 3）核算与报告标准,Standard,标准,Value-chain emissions accounting standard,价值链排放核算标准,Scope 3 categories are GHG Protocol-specific category language.,Scope 3 类别是 GHG Protocol 特有的类别口径。,Scope 3 and Scope 3 category names are only used for GHG Protocol evidence.,Scope 3 及十五类类别口径只在 GHG Protocol 证据下使用。,contextual_scope_inventory_mapping,no_explicit_whitelisted_series_name_in_page_text,,3,45,2024_ESG_Report_The_Home_Depot.pdf,seed_batch_02,medium,"have also adopted strategies to minimize our supply chain and transportation emissions through distribution optimization. Lastly, we partner with our suppliers to drive more energy-efficient product innovation. 2023 Reported Emissions The H","have also adopted strategies to minimize our supply chain and transportation emissions through distribution optimization. Lastly, we partner with our supplie...",Review only: keep out of accepted standard-company conclusions until page-level evidence explicitly names the series.,仅供复核：页级证据明确命名具体系列前，不进入已采信标准-企业结论。
r049_electricitédefrance,49,ELECTRICITÉ DE FRANCE,法国电力公司,I,"Information Transmission, Software and Information Technology Services",电力、热力、燃气及水生产和供应业,ghg_product_standard,GHG Protocol Product Life Cycle Accounting and Reporting Standard,GHG Protocol 产品生命周期核算与报告标准,Standard,标准,Product life-cycle accounting standard,产品生命周期核算标准,Product-level life-cycle boundary; not a corporate Scope 1/2/3 total by itself.,产品层生命周期边界，本身不等同于企业 Scope 1/2/3 总量。,Use product life-cycle wording unless the source also cites corporate Scope accounting.,除非原文同时引用组织层 Scope 核算，否则使用产品生命周期口径。,contextual_scope_inventory_mapping,no_explicit_whitelisted_series_name_in_page_text,,1,193,edf-urd-annual-financial-report-2024-en-accessible.pdf,pdf_contextual_scope_inventory_mapping,pdf_page_backfill,Structured standard tag: GHG Protocol; Standard role: Accounting standard is viable over the long term. This ambition to decarbonise production is reflected in the objective of reducing the carbon intensity of the Group’s electricity and heat generation. (1) poweringpastcoal.org/members (2) icvcm.org/the-core-car edf-urd-annual-financial-report-2024-en-acce…,Structured standard tag: GHG Protocol; Standard role: Accounting standard is viable over the long term. This ambition to decarbonise production is reflected in the objective of reducing the carbon intensity of the Group’s electricity and heat generation. (1) poweringpastcoal.org/members (2) icvcm.org/the-core-car edf-urd-annual-financial-report-2024-en-acce…,Review only: keep out of accepted standard-company conclusions until page-level evidence explicitly names the series.,仅供复核：页级证据明确命名具体系列前，不进入已采信标准-企业结论。
r049_electricitédefrance,49,ELECTRICITÉ DE FRANCE,法国电力公司,I,"Information Transmission, Software and Information Technology Services",电力、热力、燃气及水生产和供应业,ghg_scope2_guidance,GHG Protocol Scope 2 Guidance,GHG Protocol Scope 2 指南,Guidance,指南,Purchased electricity and energy method guidance,外购电力与能源口径指南,Location-based and market-based Scope 2 reporting are separated when cited.,原文显式引用时区分位置法与市场法 Scope 2 披露。,Scope 2 market-based and location-based language is treated as GHG-specific.,Scope 2 市场法/位置法术语只在 GHG Protocol 语境下使用。,contextual_scope_inventory_mapping,no_explicit_whitelisted_series_name_in_page_text,,2,193,edf-urd-annual-financial-report-2024-en-accessible.pdf,seed_batch_11,medium,is viable over the long term. This ambition to decarbonise production is reflected in the objective of reducing the carbon intensity of the Group’s electricity and heat generation. (1) poweringpastcoal.org/members (2) icvcm.org/the-core-car,is viable over the long term. This ambition to decarbonise production is reflected in the objective of reducing the carbon intensity of the Group’s electrici...,Review only: keep out of accepted standard-company conclusions until page-level evidence explicitly names the series.,仅供复核：页级证据明确命名具体系列前，不进入已采信标准-企业结论。
r049_electricitédefrance,49,ELECTRICITÉ DE FRANCE,法国电力公司,I,"Information Transmission, Software and Information Technology Services",电力、热力、燃气及水生产和供应业,ghg_scope3_calculation_guidance,GHG Protocol Scope 3 Calculation Guidance,GHG Protocol Scope 3 计算指南,Guidance,指南,Scope 3 inventory calculation guidance,Scope 3 清单计算指南,Companion calculation guidance for completing Scope 3 inventories.,配套计算指南，用于完成 Scope 3 清单。,Scope 3 categories are GHG-specific and only shown when the source uses that wording.,Scope 3 类别是 GHG 特有口径，仅在原文如此使用时展示。,contextual_scope_inventory_mapping,no_explicit_whitelisted_series_name_in_page_text,,3,193,edf-urd-annual-financial-report-2024-en-accessible.pdf,seed_batch_11,medium,is viable over the long term. This ambition to decarbonise production is reflected in the objective of reducing the carbon intensity of the Group’s electricity and heat generation. (1) poweringpastcoal.org/members (2) icvcm.org/the-core-car,is viable over the long term. This ambition to decarbonise production is reflected in the objective of reducing the carbon intensity of the Group’s electrici...,Review only: keep out of accepted standard-company conclusions until page-level evidence explicitly names the series.,仅供复核：页级证据明确命名具体系列前，不进入已采信标准-企业结论。
r049_electricitédefrance,49,ELECTRICITÉ DE FRANCE,法国电力公司,I,"Information Transmission, Software and Information Technology Services",电力、热力、燃气及水生产和供应业,ghg_scope3_standard,GHG Protocol Corporate Value Chain (Scope 3) Accounting and Reporting Standard,GHG Protocol 企业价值链（Scope 3）核算与报告标准,Standard,标准,Value-chain emissions accounting standard,价值链排放核算标准,Scope 3 categories are GHG Protocol-specific category language.,Scope 3 类别是 GHG Protocol 特有的类别口径。,Scope 3 and Scope 3 category names are only used for GHG Protocol evidence.,Scope 3 及十五类类别口径只在 GHG Protocol 证据下使用。,contextual_scope_inventory_mapping,no_explicit_whitelisted_series_name_in_page_text,,3,193,edf-urd-annual-financial-report-2024-en-accessible.pdf,seed_batch_11,medium,is viable over the long term. This ambition to decarbonise production is reflected in the objective of reducing the carbon intensity of the Group’s electricity and heat generation. (1) poweringpastcoal.org/members (2) icvcm.org/the-core-car,is viable over the long term. This ambition to decarbonise production is reflected in the objective of reducing the carbon intensity of the Group’s electrici...,Review only: keep out of accepted standard-company conclusions until page-level evidence explicitly names the series.,仅供复核：页级证据明确命名具体系列前，不进入已采信标准-企业结论。
r050_marathonpetroleum,50,MARATHON PETROLEUM,马拉松原油公司,D,"Electricity, Heat, Gas and Water Production and Supply",电力、热力、燃气及水生产和供应业,ghg_scope2_guidance,GHG Protocol Scope 2 Guidance,GHG Protocol Scope 2 指南,Guidance,指南,Purchased electricity and energy method guidance,外购电力与能源口径指南,Location-based and market-based Scope 2 reporting are separated when cited.,原文显式引用时区分位置法与市场法 Scope 2 披露。,Scope 2 market-based and location-based language is treated as GHG-specific.,Scope 2 市场法/位置法术语只在 GHG Protocol 语境下使用。,contextual_scope_inventory_mapping,no_explicit_whitelisted_series_name_in_page_text,,1,56,2024_SustainabilityReport-MARATHON PETROLEUM.pdf,pdf_contextual_scope_inventory_mapping,pdf_page_backfill,"Structured standard tag: GHG Protocol; Standard role: Accounting standard perational control. (7) Scope 1 direct GHG emissions include those from Refining and MPLX and are generally calculated per the EPA’s Mandatory Greenhouse Gas Reporting Program, the World Resources Institute / World Business Council for Sust 2024_SustainabilityReport-MARATHON PETROLEUM…","Structured standard tag: GHG Protocol; Standard role: Accounting standard perational control. (7) Scope 1 direct GHG emissions include those from Refining and MPLX and are generally calculated per the EPA’s Mandatory Greenhouse Gas Reporting Program, the World Resources Institute / World Business Council for Sust 2024_SustainabilityReport-MARATHON PETROLEUM…",Review only: keep out of accepted standard-company conclusions until page-level evidence explicitly names the series.,仅供复核：页级证据明确命名具体系列前，不进入已采信标准-企业结论。
r050_marathonpetroleum,50,MARATHON PETROLEUM,马拉松原油公司,D,"Electricity, Heat, Gas and Water Production and Supply",电力、热力、燃气及水生产和供应业,ghg_scope3_calculation_guidance,GHG Protocol Scope 3 Calculation Guidance,GHG Protocol Scope 3 计算指南,Guidance,指南,Scope 3 inventory calculation guidance,Scope 3 清单计算指南,Companion calculation guidance for completing Scope 3 inventories.,配套计算指南，用于完成 Scope 3 清单。,Scope 3 categories are GHG-specific and only shown when the source uses that wording.,Scope 3 类别是 GHG 特有口径，仅在原文如此使用时展示。,contextual_scope_inventory_mapping,no_explicit_whitelisted_series_name_in_page_text,,1,56,2024_SustainabilityReport-MARATHON PETROLEUM.pdf,pdf_contextual_scope_inventory_mapping,pdf_page_backfill,"Structured standard tag: GHG Protocol; Standard role: Accounting standard perational control. (7) Scope 1 direct GHG emissions include those from Refining and MPLX and are generally calculated per the EPA’s Mandatory Greenhouse Gas Reporting Program, the World Resources Institute / World Business Council for Sust 2024_SustainabilityReport-MARATHON PETROLEUM…","Structured standard tag: GHG Protocol; Standard role: Accounting standard perational control. (7) Scope 1 direct GHG emissions include those from Refining and MPLX and are generally calculated per the EPA’s Mandatory Greenhouse Gas Reporting Program, the World Resources Institute / World Business Council for Sust 2024_SustainabilityReport-MARATHON PETROLEUM…",Review only: keep out of accepted standard-company conclusions until page-level evidence explicitly names the series.,仅供复核：页级证据明确命名具体系列前，不进入已采信标准-企业结论。
r050_marathonpetroleum,50,MARATHON PETROLEUM,马拉松原油公司,D,"Electricity, Heat, Gas and Water Production and Supply",电力、热力、燃气及水生产和供应业,ghg_scope3_standard,GHG Protocol Corporate Value Chain (Scope 3) Accounting and Reporting Standard,GHG Protocol 企业价值链（Scope 3）核算与报告标准,Standard,标准,Value-chain emissions accounting standard,价值链排放核算标准,Scope 3 categories are GHG Protocol-specific category language.,Scope 3 类别是 GHG Protocol 特有的类别口径。,Scope 3 and Scope 3 category names are only used for GHG Protocol evidence.,Scope 3 及十五类类别口径只在 GHG Protocol 证据下使用。,contextual_scope_inventory_mapping,no_explicit_whitelisted_series_name_in_page_text,,1,56,2024_SustainabilityReport-MARATHON PETROLEUM.pdf,pdf_contextual_scope_inventory_mapping,pdf_page_backfill,"Structured standard tag: GHG Protocol; Standard role: Accounting standard perational control. (7) Scope 1 direct GHG emissions include those from Refining and MPLX and are generally calculated per the EPA’s Mandatory Greenhouse Gas Reporting Program, the World Resources Institute / World Business Council for Sust 2024_SustainabilityReport-MARATHON PETROLEUM…","Structured standard tag: GHG Protocol; Standard role: Accounting standard perational control. (7) Scope 1 direct GHG emissions include those from Refining and MPLX and are generally calculated per the EPA’s Mandatory Greenhouse Gas Reporting Program, the World Resources Institute / World Business Council for Sust 2024_SustainabilityReport-MARATHON PETROLEUM…",Review only: keep out of accepted standard-company conclusions until page-level evidence explicitly names the series.,仅供复核：页级证据明确命名具体系列前，不进入已采信标准-企业结论。
r052_phillips66公司,52,Phillips 66,Phillips 66,D,"Electricity, Heat, Gas and Water Production and Supply",电力、热力、燃气及水生产和供应业,ghg_corporate_standard,GHG Protocol Corporate Accounting and Reporting Standard,GHG Protocol 企业核算与报告标准,Standard,标准,Corporate inventory accounting standard,企业组织层面清单核算标准,"Relevance, completeness, consistency, transparency, and accuracy.",相关性、完整性、一致性、透明性和准确性。,"Within GHG Protocol evidence, this may define Scope 1 and Scope 2 corporate inventory boundaries.",仅在 GHG Protocol 证据下使用 Scope 1/2 的组织层面清单口径。,contextual_scope_inventory_mapping,no_explicit_whitelisted_series_name_in_page_text,,3,51,PHILLIPS 66-2025-0023_3_Sustainability and People Report_DIGITAL 0623.pdf,seed_batch_02,medium,"2024. Starting in 2024, the Intergovernmental Panel on Climate Change Fifth Assessment Report (AR5) is used. Absolute Scope 1, 2 and 3 emissions are reported in accordance to the World Resources Institute/ World Business Council for Sustain","2024. Starting in 2024, the Intergovernmental Panel on Climate Change Fifth Assessment Report (AR5) is used. Absolute Scope 1, 2 and 3 emissions are reported...",Review only: keep out of accepted standard-company conclusions until page-level evidence explicitly names the series.,仅供复核：页级证据明确命名具体系列前，不进入已采信标准-企业结论。
r052_phillips66公司,52,Phillips 66,Phillips 66,D,"Electricity, Heat, Gas and Water Production and Supply",电力、热力、燃气及水生产和供应业,ghg_scope2_guidance,GHG Protocol Scope 2 Guidance,GHG Protocol Scope 2 指南,Guidance,指南,Purchased electricity and energy method guidance,外购电力与能源口径指南,Location-based and market-based Scope 2 reporting are separated when cited.,原文显式引用时区分位置法与市场法 Scope 2 披露。,Scope 2 market-based and location-based language is treated as GHG-specific.,Scope 2 市场法/位置法术语只在 GHG Protocol 语境下使用。,contextual_scope_inventory_mapping,no_explicit_whitelisted_series_name_in_page_text,,3,51,PHILLIPS 66-2025-0023_3_Sustainability and People Report_DIGITAL 0623.pdf,seed_batch_02,medium,"2024. Starting in 2024, the Intergovernmental Panel on Climate Change Fifth Assessment Report (AR5) is used. Absolute Scope 1, 2 and 3 emissions are reported in accordance to the World Resources Institute/ World Business Council for Sustain","2024. Starting in 2024, the Intergovernmental Panel on Climate Change Fifth Assessment Report (AR5) is used. Absolute Scope 1, 2 and 3 emissions are reported...",Review only: keep out of accepted standard-company conclusions until page-level evidence explicitly names the series.,仅供复核：页级证据明确命名具体系列前，不进入已采信标准-企业结论。
r052_phillips66公司,52,Phillips 66,Phillips 66,D,"Electricity, Heat, Gas and Water Production and Supply",电力、热力、燃气及水生产和供应业,ghg_scope3_calculation_guidance,GHG Protocol Scope 3 Calculation Guidance,GHG Protocol Scope 3 计算指南,Guidance,指南,Scope 3 inventory calculation guidance,Scope 3 清单计算指南,Companion calculation guidance for completing Scope 3 inventories.,配套计算指南，用于完成 Scope 3 清单。,Scope 3 categories are GHG-specific and only shown when the source uses that wording.,Scope 3 类别是 GHG 特有口径，仅在原文如此使用时展示。,contextual_scope_inventory_mapping,no_explicit_whitelisted_series_name_in_page_text,,1,51,PHILLIPS 66-2025-0023_3_Sustainability and People Report_DIGITAL 0623.pdf,pdf_contextual_scope_inventory_mapping,pdf_page_backfill,"Structured standard tag: GHG Protocol; Standard role: Accounting standard 2024. Starting in 2024, the Intergovernmental Panel on Climate Change Fifth Assessment Report (AR5) is used. Absolute Scope 1, 2 and 3 emissions are reported in accordance to the World Resources Institute/ World Business Council for Sustain PHILLIPS 66-2025-0023_3_Sustainability and P…","Structured standard tag: GHG Protocol; Standard role: Accounting standard 2024. Starting in 2024, the Intergovernmental Panel on Climate Change Fifth Assessment Report (AR5) is used. Absolute Scope 1, 2 and 3 emissions are reported in accordance to the World Resources Institute/ World Business Council for Sustain PHILLIPS 66-2025-0023_3_Sustainability and P…",Review only: keep out of accepted standard-company conclusions until page-level evidence explicitly names the series.,仅供复核：页级证据明确命名具体系列前，不进入已采信标准-企业结论。
r052_phillips66公司,52,Phillips 66,Phillips 66,D,"Electricity, Heat, Gas and Water Production and Supply",电力、热力、燃气及水生产和供应业,ghg_scope3_standard,GHG Protocol Corporate Value Chain (Scope 3) Accounting and Reporting Standard,GHG Protocol 企业价值链（Scope 3）核算与报告标准,Standard,标准,Value-chain emissions accounting standard,价值链排放核算标准,Scope 3 categories are GHG Protocol-specific category language.,Scope 3 类别是 GHG Protocol 特有的类别口径。,Scope 3 and Scope 3 category names are only used for GHG Protocol evidence.,Scope 3 及十五类类别口径只在 GHG Protocol 证据下使用。,contextual_scope_inventory_mapping,no_explicit_whitelisted_series_name_in_page_text,,3,51,PHILLIPS 66-2025-0023_3_Sustainability and People Report_DIGITAL 0623.pdf,seed_batch_02,medium,"2024. Starting in 2024, the Intergovernmental Panel on Climate Change Fifth Assessment Report (AR5) is used. Absolute Scope 1, 2 and 3 emissions are reported in accordance to the World Resources Institute/ World Business Council for Sustain","2024. Starting in 2024, the Intergovernmental Panel on Climate Change Fifth Assessment Report (AR5) is used. Absolute Scope 1, 2 and 3 emissions are reported...",Review only: keep out of accepted standard-company conclusions until page-level evidence explicitly names the series.,仅供复核：页级证据明确命名具体系列前，不进入已采信标准-企业结论。
r053_pinganinsurance,53,PING AN INSURANCE,中国平安保险（集团）股份有限公司,J,Finance,金融业,ghg_corporate_standard,GHG Protocol Corporate Accounting and Reporting Standard,GHG Protocol 企业核算与报告标准,Standard,标准,Corporate inventory accounting standard,企业组织层面清单核算标准,"Relevance, completeness, consistency, transparency, and accuracy.",相关性、完整性、一致性、透明性和准确性。,"Within GHG Protocol evidence, this may define Scope 1 and Scope 2 corporate inventory boundaries.",仅在 GHG Protocol 证据下使用 Scope 1/2 的组织层面清单口径。,contextual_scope_inventory_mapping,no_explicit_whitelisted_series_name_in_page_text,,3,171,2024中国平安可持续报告.pdf,seed_batch_11,medium,"张使用和差旅温室气体排放 ( 吨二和氧化碳当量 ) 68,941 68,921 37,434 范围一、二、三温室气体排放总量 ( 吨二氧化碳当量 ) 439,291 478,606 492,710 人均温室气体排放量 ( 吨二氧化碳当量/人) 1.56 1.51 1.43 天1. 本集团环境数据的边界范围为集团主要成员公司范围，不包括自营物业。集团主要成员公司范围指本集团总部以及寿险及健康险、财产保险、银行、资产管理等主要业务经营范围内的子公司、联营及合营公司。组织边界确定及","张使用和差旅温室气体排放 ( 吨二和氧化碳当量 ) 68,941 68,921 37,434 范围一、二、三温室气体排放总量 ( 吨二氧化碳当量 ) 439,291 478,606 492,710 人均温室气体排放量 ( 吨二氧化碳当量/人) 1.56 1.51 1.43 天1. 本集团环境数据的边界范围为集团主...",Review only: keep out of accepted standard-company conclusions until page-level evidence explicitly names the series.,仅供复核：页级证据明确命名具体系列前，不进入已采信标准-企业结论。
r053_pinganinsurance,53,PING AN INSURANCE,中国平安保险（集团）股份有限公司,J,Finance,金融业,ghg_scope2_guidance,GHG Protocol Scope 2 Guidance,GHG Protocol Scope 2 指南,Guidance,指南,Purchased electricity and energy method guidance,外购电力与能源口径指南,Location-based and market-based Scope 2 reporting are separated when cited.,原文显式引用时区分位置法与市场法 Scope 2 披露。,Scope 2 market-based and location-based language is treated as GHG-specific.,Scope 2 市场法/位置法术语只在 GHG Protocol 语境下使用。,contextual_scope_inventory_mapping,no_explicit_whitelisted_series_name_in_page_text,,3,171,2024中国平安可持续报告.pdf,seed_batch_11,medium,"张使用和差旅温室气体排放 ( 吨二和氧化碳当量 ) 68,941 68,921 37,434 范围一、二、三温室气体排放总量 ( 吨二氧化碳当量 ) 439,291 478,606 492,710 人均温室气体排放量 ( 吨二氧化碳当量/人) 1.56 1.51 1.43 天1. 本集团环境数据的边界范围为集团主要成员公司范围，不包括自营物业。集团主要成员公司范围指本集团总部以及寿险及健康险、财产保险、银行、资产管理等主要业务经营范围内的子公司、联营及合营公司。组织边界确定及","张使用和差旅温室气体排放 ( 吨二和氧化碳当量 ) 68,941 68,921 37,434 范围一、二、三温室气体排放总量 ( 吨二氧化碳当量 ) 439,291 478,606 492,710 人均温室气体排放量 ( 吨二氧化碳当量/人) 1.56 1.51 1.43 天1. 本集团环境数据的边界范围为集团主...",Review only: keep out of accepted standard-company conclusions until page-level evidence explicitly names the series.,仅供复核：页级证据明确命名具体系列前，不进入已采信标准-企业结论。
r053_pinganinsurance,53,PING AN INSURANCE,中国平安保险（集团）股份有限公司,J,Finance,金融业,ghg_scope3_standard,GHG Protocol Corporate Value Chain (Scope 3) Accounting and Reporting Standard,GHG Protocol 企业价值链（Scope 3）核算与报告标准,Standard,标准,Value-chain emissions accounting standard,价值链排放核算标准,Scope 3 categories are GHG Protocol-specific category language.,Scope 3 类别是 GHG Protocol 特有的类别口径。,Scope 3 and Scope 3 category names are only used for GHG Protocol evidence.,Scope 3 及十五类类别口径只在 GHG Protocol 证据下使用。,contextual_scope_inventory_mapping,no_explicit_whitelisted_series_name_in_page_text,,3,171,2024中国平安可持续报告.pdf,seed_batch_11,medium,"张使用和差旅温室气体排放 ( 吨二和氧化碳当量 ) 68,941 68,921 37,434 范围一、二、三温室气体排放总量 ( 吨二氧化碳当量 ) 439,291 478,606 492,710 人均温室气体排放量 ( 吨二氧化碳当量/人) 1.56 1.51 1.43 天1. 本集团环境数据的边界范围为集团主要成员公司范围，不包括自营物业。集团主要成员公司范围指本集团总部以及寿险及健康险、财产保险、银行、资产管理等主要业务经营范围内的子公司、联营及合营公司。组织边界确定及","张使用和差旅温室气体排放 ( 吨二和氧化碳当量 ) 68,941 68,921 37,434 范围一、二、三温室气体排放总量 ( 吨二氧化碳当量 ) 439,291 478,606 492,710 人均温室气体排放量 ( 吨二氧化碳当量/人) 1.56 1.51 1.43 天1. 本集团环境数据的边界范围为集团主...",Review only: keep out of accepted standard-company conclusions until page-level evidence explicitly names the series.,仅供复核：页级证据明确命名具体系列前，不进入已采信标准-企业结论。
r057_hondamotor,57,HONDA MOTOR,本田汽车,C,Manufacturing,制造业,ghg_corporate_standard,GHG Protocol Corporate Accounting and Reporting Standard,GHG Protocol 企业核算与报告标准,Standard,标准,Corporate inventory accounting standard,企业组织层面清单核算标准,"Relevance, completeness, consistency, transparency, and accuracy.",相关性、完整性、一致性、透明性和准确性。,"Within GHG Protocol evidence, this may define Scope 1 and Scope 2 corporate inventory boundaries.",仅在 GHG Protocol 证据下使用 Scope 1/2 的组织层面清单口径。,contextual_scope_inventory_mapping,no_explicit_whitelisted_series_name_in_page_text,,3,24,honda-SR-2025-en-all.pdf,seed_batch_13,medium,"ɾɾɾɾɾɾ 58 Climate Change Honda, as a comprehensive mobility company, believes it is essential to actively promote GHG emissions reduction efforts by calculating and disclosing GHG emissions from its global business activities. To achieve th","ɾɾɾɾɾɾ 58 Climate Change Honda, as a comprehensive mobility company, believes it is essential to actively promote GHG emissions reduction efforts by calculat...",Review only: keep out of accepted standard-company conclusions until page-level evidence explicitly names the series.,仅供复核：页级证据明确命名具体系列前，不进入已采信标准-企业结论。
r057_hondamotor,57,HONDA MOTOR,本田汽车,C,Manufacturing,制造业,ghg_scope3_calculation_guidance,GHG Protocol Scope 3 Calculation Guidance,GHG Protocol Scope 3 计算指南,Guidance,指南,Scope 3 inventory calculation guidance,Scope 3 清单计算指南,Companion calculation guidance for completing Scope 3 inventories.,配套计算指南，用于完成 Scope 3 清单。,Scope 3 categories are GHG-specific and only shown when the source uses that wording.,Scope 3 类别是 GHG 特有口径，仅在原文如此使用时展示。,contextual_scope_inventory_mapping,no_explicit_whitelisted_series_name_in_page_text,,1,24,honda-SR-2025-en-all.pdf,pdf_contextual_scope_inventory_mapping,pdf_page_backfill,"Structured standard tag: GHG Protocol; Standard role: Accounting standard ɾɾɾɾɾɾ 58 Climate Change Honda, as a comprehensive mobility company, believes it is essential to actively promote GHG emissions reduction efforts by calculating and disclosing GHG emissions from its global business activities. To achieve th honda-SR-2025-en-all.pdf 3 Environment Basic…","Structured standard tag: GHG Protocol; Standard role: Accounting standard ɾɾɾɾɾɾ 58 Climate Change Honda, as a comprehensive mobility company, believes it is essential to actively promote GHG emissions reduction efforts by calculating and disclosing GHG emissions from its global business activities. To achieve th honda-SR-2025-en-all.pdf 3 Environment Basic…",Review only: keep out of accepted standard-company conclusions until page-level evidence explicitly names the series.,仅供复核：页级证据明确命名具体系列前，不进入已采信标准-企业结论。
r057_hondamotor,57,HONDA MOTOR,本田汽车,C,Manufacturing,制造业,ghg_scope3_standard,GHG Protocol Corporate Value Chain (Scope 3) Accounting and Reporting Standard,GHG Protocol 企业价值链（Scope 3）核算与报告标准,Standard,标准,Value-chain emissions accounting standard,价值链排放核算标准,Scope 3 categories are GHG Protocol-specific category language.,Scope 3 类别是 GHG Protocol 特有的类别口径。,Scope 3 and Scope 3 category names are only used for GHG Protocol evidence.,Scope 3 及十五类类别口径只在 GHG Protocol 证据下使用。,contextual_scope_inventory_mapping,no_explicit_whitelisted_series_name_in_page_text,,1,24,honda-SR-2025-en-all.pdf,pdf_contextual_scope_inventory_mapping,pdf_page_backfill,"Structured standard tag: GHG Protocol; Standard role: Accounting standard ɾɾɾɾɾɾ 58 Climate Change Honda, as a comprehensive mobility company, believes it is essential to actively promote GHG emissions reduction efforts by calculating and disclosing GHG emissions from its global business activities. To achieve th honda-SR-2025-en-all.pdf 3 Environment Basic…","Structured standard tag: GHG Protocol; Standard role: Accounting standard ɾɾɾɾɾɾ 58 Climate Change Honda, as a comprehensive mobility company, believes it is essential to actively promote GHG emissions reduction efforts by calculating and disclosing GHG emissions from its global business activities. To achieve th honda-SR-2025-en-all.pdf 3 Environment Basic…",Review only: keep out of accepted standard-company conclusions until page-level evidence explicitly names the series.,仅供复核：页级证据明确命名具体系列前，不进入已采信标准-企业结论。
r060_walgreensbootsalliance,60,WALGREENS BOOTS ALLIANCE,沃博联,F,Wholesale and Retail Trade,批发和零售业,ghg_scope2_guidance,GHG Protocol Scope 2 Guidance,GHG Protocol Scope 2 指南,Guidance,指南,Purchased electricity and energy method guidance,外购电力与能源口径指南,Location-based and market-based Scope 2 reporting are separated when cited.,原文显式引用时区分位置法与市场法 Scope 2 披露。,Scope 2 market-based and location-based language is treated as GHG-specific.,Scope 2 市场法/位置法术语只在 GHG Protocol 语境下使用。,contextual_overmapped_review,no_explicit_whitelisted_series_name_in_page_text,,1,68,WALGREENS BOOTS ALLIANCE-Impact-Report-2024.pdf,pdf_contextual_scope_inventory_mapping,pdf_page_backfill,"Structured standard tag: GHG Protocol; Standard role: Accounting standard ions for entities for which it has financial control, as defined by the Greenhouse Gas Protocol A Corporate Accounting and Reporting Standard, Revised Edition, published by the World Resources Institute/World Business Council for Sustainabl WALGREENS BOOTS ALLIANCE-Impact-Report-2024.…","Structured standard tag: GHG Protocol; Standard role: Accounting standard ions for entities for which it has financial control, as defined by the Greenhouse Gas Protocol A Corporate Accounting and Reporting Standard, Revised Edition, published by the World Resources Institute/World Business Council for Sustainabl WALGREENS BOOTS ALLIANCE-Impact-Report-2024.…",Review only: keep out of accepted standard-company conclusions until page-level evidence explicitly names the series.,仅供复核：页级证据明确命名具体系列前，不进入已采信标准-企业结论。
r060_walgreensbootsalliance,60,WALGREENS BOOTS ALLIANCE,沃博联,F,Wholesale and Retail Trade,批发和零售业,ghg_scope3_standard,GHG Protocol Corporate Value Chain (Scope 3) Accounting and Reporting Standard,GHG Protocol 企业价值链（Scope 3）核算与报告标准,Standard,标准,Value-chain emissions accounting standard,价值链排放核算标准,Scope 3 categories are GHG Protocol-specific category language.,Scope 3 类别是 GHG Protocol 特有的类别口径。,Scope 3 and Scope 3 category names are only used for GHG Protocol evidence.,Scope 3 及十五类类别口径只在 GHG Protocol 证据下使用。,contextual_overmapped_review,no_explicit_whitelisted_series_name_in_page_text,,1,68,WALGREENS BOOTS ALLIANCE-Impact-Report-2024.pdf,pdf_explicit_series_citation,pdf_page_backfill,"nd Scope 2 emissions (resulting from purchased electricity, heat and steam consumed by the Company) are related to energy use for light and heat. We also report business travel and the portion of downstream transportation and distribution in our management of Scope 3 emissions (indirect emissions that are a consequence of Company activities but occur from s…","nd Scope 2 emissions (resulting from purchased electricity, heat and steam consumed by the Company) are related to energy use for light and heat. We also report business travel and the portion of downstream transportation and distribution in our management of Scope 3 emissions (indirect emissions that are a consequence of Company activities but occur from s…",Review only: keep out of accepted standard-company conclusions until page-level evidence explicitly names the series.,仅供复核：页级证据明确命名具体系列前，不进入已采信标准-企业结论。
r061_valeroenergy,61,VALERO ENERGY,瓦莱罗能源公司,D,"Electricity, Heat, Gas and Water Production and Supply",电力、热力、燃气及水生产和供应业,ghg_corporate_standard,GHG Protocol Corporate Accounting and Reporting Standard,GHG Protocol 企业核算与报告标准,Standard,标准,Corporate inventory accounting standard,企业组织层面清单核算标准,"Relevance, completeness, consistency, transparency, and accuracy.",相关性、完整性、一致性、透明性和准确性。,"Within GHG Protocol evidence, this may define Scope 1 and Scope 2 corporate inventory boundaries.",仅在 GHG Protocol 证据下使用 Scope 1/2 的组织层面清单口径。,contextual_scope_inventory_mapping,no_explicit_whitelisted_series_name_in_page_text,,3,14,VALERO ENERGY-2024 ESG Report 0823 FINAL pages.pdf,seed_batch_02,medium,"onducted in accordance with ISO 19011 or the equivalent. In 2023, more than 50 independent verifications were conducted on our low-carbon fuels production, some of which included a partial or full traceability review of the supply chain. Wh","onducted in accordance with ISO 19011 or the equivalent. In 2023, more than 50 independent verifications were conducted on our low-carbon fuels production, s...",Review only: keep out of accepted standard-company conclusions until page-level evidence explicitly names the series.,仅供复核：页级证据明确命名具体系列前，不进入已采信标准-企业结论。
r061_valeroenergy,61,VALERO ENERGY,瓦莱罗能源公司,D,"Electricity, Heat, Gas and Water Production and Supply",电力、热力、燃气及水生产和供应业,ghg_product_standard,GHG Protocol Product Life Cycle Accounting and Reporting Standard,GHG Protocol 产品生命周期核算与报告标准,Standard,标准,Product life-cycle accounting standard,产品生命周期核算标准,Product-level life-cycle boundary; not a corporate Scope 1/2/3 total by itself.,产品层生命周期边界，本身不等同于企业 Scope 1/2/3 总量。,Use product life-cycle wording unless the source also cites corporate Scope accounting.,除非原文同时引用组织层 Scope 核算，否则使用产品生命周期口径。,contextual_scope_inventory_mapping,no_explicit_whitelisted_series_name_in_page_text,,1,14,VALERO ENERGY-2024 ESG Report 0823 FINAL pages.pdf,pdf_contextual_scope_inventory_mapping,pdf_page_backfill,"Structured standard tag: GHG Protocol; Standard role: Accounting standard onducted in accordance with ISO 19011 or the equivalent. In 2023, more than 50 independent verifications were conducted on our low-carbon fuels production, some of which included a partial or full traceability review of the supply chain. Wh VALERO ENERGY-2024 ESG Report 0823 FINAL pag…","Structured standard tag: GHG Protocol; Standard role: Accounting standard onducted in accordance with ISO 19011 or the equivalent. In 2023, more than 50 independent verifications were conducted on our low-carbon fuels production, some of which included a partial or full traceability review of the supply chain. Wh VALERO ENERGY-2024 ESG Report 0823 FINAL pag…",Review only: keep out of accepted standard-company conclusions until page-level evidence explicitly names the series.,仅供复核：页级证据明确命名具体系列前，不进入已采信标准-企业结论。
r061_valeroenergy,61,VALERO ENERGY,瓦莱罗能源公司,D,"Electricity, Heat, Gas and Water Production and Supply",电力、热力、燃气及水生产和供应业,ghg_scope2_guidance,GHG Protocol Scope 2 Guidance,GHG Protocol Scope 2 指南,Guidance,指南,Purchased electricity and energy method guidance,外购电力与能源口径指南,Location-based and market-based Scope 2 reporting are separated when cited.,原文显式引用时区分位置法与市场法 Scope 2 披露。,Scope 2 market-based and location-based language is treated as GHG-specific.,Scope 2 市场法/位置法术语只在 GHG Protocol 语境下使用。,contextual_scope_inventory_mapping,no_explicit_whitelisted_series_name_in_page_text,,3,14,VALERO ENERGY-2024 ESG Report 0823 FINAL pages.pdf,seed_batch_02,medium,"onducted in accordance with ISO 19011 or the equivalent. In 2023, more than 50 independent verifications were conducted on our low-carbon fuels production, some of which included a partial or full traceability review of the supply chain. Wh","onducted in accordance with ISO 19011 or the equivalent. In 2023, more than 50 independent verifications were conducted on our low-carbon fuels production, s...",Review only: keep out of accepted standard-company conclusions until page-level evidence explicitly names the series.,仅供复核：页级证据明确命名具体系列前，不进入已采信标准-企业结论。
r061_valeroenergy,61,VALERO ENERGY,瓦莱罗能源公司,D,"Electricity, Heat, Gas and Water Production and Supply",电力、热力、燃气及水生产和供应业,ghg_scope3_calculation_guidance,GHG Protocol Scope 3 Calculation Guidance,GHG Protocol Scope 3 计算指南,Guidance,指南,Scope 3 inventory calculation guidance,Scope 3 清单计算指南,Companion calculation guidance for completing Scope 3 inventories.,配套计算指南，用于完成 Scope 3 清单。,Scope 3 categories are GHG-specific and only shown when the source uses that wording.,Scope 3 类别是 GHG 特有口径，仅在原文如此使用时展示。,contextual_scope_inventory_mapping,no_explicit_whitelisted_series_name_in_page_text,,1,14,VALERO ENERGY-2024 ESG Report 0823 FINAL pages.pdf,pdf_contextual_scope_inventory_mapping,pdf_page_backfill,"Structured standard tag: GHG Protocol; Standard role: Accounting standard onducted in accordance with ISO 19011 or the equivalent. In 2023, more than 50 independent verifications were conducted on our low-carbon fuels production, some of which included a partial or full traceability review of the supply chain. Wh VALERO ENERGY-2024 ESG Report 0823 FINAL pag…","Structured standard tag: GHG Protocol; Standard role: Accounting standard onducted in accordance with ISO 19011 or the equivalent. In 2023, more than 50 independent verifications were conducted on our low-carbon fuels production, some of which included a partial or full traceability review of the supply chain. Wh VALERO ENERGY-2024 ESG Report 0823 FINAL pag…",Review only: keep out of accepted standard-company conclusions until page-level evidence explicitly names the series.,仅供复核：页级证据明确命名具体系列前，不进入已采信标准-企业结论。
r061_valeroenergy,61,VALERO ENERGY,瓦莱罗能源公司,D,"Electricity, Heat, Gas and Water Production and Supply",电力、热力、燃气及水生产和供应业,ghg_scope3_standard,GHG Protocol Corporate Value Chain (Scope 3) Accounting and Reporting Standard,GHG Protocol 企业价值链（Scope 3）核算与报告标准,Standard,标准,Value-chain emissions accounting standard,价值链排放核算标准,Scope 3 categories are GHG Protocol-specific category language.,Scope 3 类别是 GHG Protocol 特有的类别口径。,Scope 3 and Scope 3 category names are only used for GHG Protocol evidence.,Scope 3 及十五类类别口径只在 GHG Protocol 证据下使用。,contextual_scope_inventory_mapping,no_explicit_whitelisted_series_name_in_page_text,,1,14,VALERO ENERGY-2024 ESG Report 0823 FINAL pages.pdf,pdf_contextual_scope_inventory_mapping,pdf_page_backfill,"Structured standard tag: GHG Protocol; Standard role: Accounting standard onducted in accordance with ISO 19011 or the equivalent. In 2023, more than 50 independent verifications were conducted on our low-carbon fuels production, some of which included a partial or full traceability review of the supply chain. Wh VALERO ENERGY-2024 ESG Report 0823 FINAL pag…","Structured standard tag: GHG Protocol; Standard role: Accounting standard onducted in accordance with ISO 19011 or the equivalent. In 2023, more than 50 independent verifications were conducted on our low-carbon fuels production, some of which included a partial or full traceability review of the supply chain. Wh VALERO ENERGY-2024 ESG Report 0823 FINAL pag…",Review only: keep out of accepted standard-company conclusions until page-level evidence explicitly names the series.,仅供复核：页级证据明确命名具体系列前，不进入已采信标准-企业结论。
r066_metaplatforms公司,66,Meta Platforms,Meta Platforms,F,Wholesale and Retail Trade,批发和零售业,ghg_corporate_standard,GHG Protocol Corporate Accounting and Reporting Standard,GHG Protocol 企业核算与报告标准,Standard,标准,Corporate inventory accounting standard,企业组织层面清单核算标准,"Relevance, completeness, consistency, transparency, and accuracy.",相关性、完整性、一致性、透明性和准确性。,"Within GHG Protocol evidence, this may define Scope 1 and Scope 2 corporate inventory boundaries.",仅在 GHG Protocol 证据下使用 Scope 1/2 的组织层面清单口径。,contextual_scope_inventory_mapping,no_explicit_whitelisted_series_name_in_page_text,,3,21,Meta-2024-Sustainability-Report.pdf,seed_batch_13,medium,"Our net zero program focuses on three pillars: In 2023, our net emissions equaled 7.4 million metric tons of CO2e. We report on all relevant emissions as defined by the GHG Protocol. Our annual data and methodology for calculating our envir","Our net zero program focuses on three pillars: In 2023, our net emissions equaled 7.4 million metric tons of CO2e. We report on all relevant emissions as def...",Review only: keep out of accepted standard-company conclusions until page-level evidence explicitly names the series.,仅供复核：页级证据明确命名具体系列前，不进入已采信标准-企业结论。
r066_metaplatforms公司,66,Meta Platforms,Meta Platforms,F,Wholesale and Retail Trade,批发和零售业,ghg_scope2_guidance,GHG Protocol Scope 2 Guidance,GHG Protocol Scope 2 指南,Guidance,指南,Purchased electricity and energy method guidance,外购电力与能源口径指南,Location-based and market-based Scope 2 reporting are separated when cited.,原文显式引用时区分位置法与市场法 Scope 2 披露。,Scope 2 market-based and location-based language is treated as GHG-specific.,Scope 2 市场法/位置法术语只在 GHG Protocol 语境下使用。,contextual_scope_inventory_mapping,no_explicit_whitelisted_series_name_in_page_text,,2,21,Meta-2024-Sustainability-Report.pdf,seed_batch_13,medium,"Our net zero program focuses on three pillars: In 2023, our net emissions equaled 7.4 million metric tons of CO2e. We report on all relevant emissions as defined by the GHG Protocol. Our annual data and methodology for calculating our envir","Our net zero program focuses on three pillars: In 2023, our net emissions equaled 7.4 million metric tons of CO2e. We report on all relevant emissions as def...",Review only: keep out of accepted standard-company conclusions until page-level evidence explicitly names the series.,仅供复核：页级证据明确命名具体系列前，不进入已采信标准-企业结论。
r066_metaplatforms公司,66,Meta Platforms,Meta Platforms,F,Wholesale and Retail Trade,批发和零售业,ghg_scope3_calculation_guidance,GHG Protocol Scope 3 Calculation Guidance,GHG Protocol Scope 3 计算指南,Guidance,指南,Scope 3 inventory calculation guidance,Scope 3 清单计算指南,Companion calculation guidance for completing Scope 3 inventories.,配套计算指南，用于完成 Scope 3 清单。,Scope 3 categories are GHG-specific and only shown when the source uses that wording.,Scope 3 类别是 GHG 特有口径，仅在原文如此使用时展示。,contextual_scope_inventory_mapping,no_explicit_whitelisted_series_name_in_page_text,,3,21,Meta-2024-Sustainability-Report.pdf,seed_batch_13,medium,"Our net zero program focuses on three pillars: In 2023, our net emissions equaled 7.4 million metric tons of CO2e. We report on all relevant emissions as defined by the GHG Protocol. Our annual data and methodology for calculating our envir","Our net zero program focuses on three pillars: In 2023, our net emissions equaled 7.4 million metric tons of CO2e. We report on all relevant emissions as def...",Review only: keep out of accepted standard-company conclusions until page-level evidence explicitly names the series.,仅供复核：页级证据明确命名具体系列前，不进入已采信标准-企业结论。
r066_metaplatforms公司,66,Meta Platforms,Meta Platforms,F,Wholesale and Retail Trade,批发和零售业,ghg_scope3_standard,GHG Protocol Corporate Value Chain (Scope 3) Accounting and Reporting Standard,GHG Protocol 企业价值链（Scope 3）核算与报告标准,Standard,标准,Value-chain emissions accounting standard,价值链排放核算标准,Scope 3 categories are GHG Protocol-specific category language.,Scope 3 类别是 GHG Protocol 特有的类别口径。,Scope 3 and Scope 3 category names are only used for GHG Protocol evidence.,Scope 3 及十五类类别口径只在 GHG Protocol 证据下使用。,contextual_scope_inventory_mapping,no_explicit_whitelisted_series_name_in_page_text,,3,21,Meta-2024-Sustainability-Report.pdf,seed_batch_13,medium,"Our net zero program focuses on three pillars: In 2023, our net emissions equaled 7.4 million metric tons of CO2e. We report on all relevant emissions as defined by the GHG Protocol. Our annual data and methodology for calculating our envir","Our net zero program focuses on three pillars: In 2023, our net emissions equaled 7.4 million metric tons of CO2e. We report on all relevant emissions as def...",Review only: keep out of accepted standard-company conclusions until page-level evidence explicitly names the series.,仅供复核：页级证据明确命名具体系列前，不进入已采信标准-企业结论。
r067_hsbcholdings,67,HSBC HOLDINGS,汇丰银行控股公司,J,Finance,金融业,ghg_corporate_standard,GHG Protocol Corporate Accounting and Reporting Standard,GHG Protocol 企业核算与报告标准,Standard,标准,Corporate inventory accounting standard,企业组织层面清单核算标准,"Relevance, completeness, consistency, transparency, and accuracy.",相关性、完整性、一致性、透明性和准确性。,"Within GHG Protocol evidence, this may define Scope 1 and Scope 2 corporate inventory boundaries.",仅在 GHG Protocol 证据下使用 Scope 1/2 的组织层面清单口径。,contextual_scope_inventory_mapping,no_explicit_whitelisted_series_name_in_page_text,,2,46,HSBC HOLDINGS-250219-annual-report-and-accounts-2024.pdf,seed_batch_02,medium,"Explaining scope 1, 2 and 3 emissions To measure and manage our greenhouse gas emissions, we follow the Greenhouse Gas Protocol global framework, which identifies three scopes of emissions. Scope 1 represents the direct emissions we create.","Explaining scope 1, 2 and 3 emissions To measure and manage our greenhouse gas emissions, we follow the Greenhouse Gas Protocol global framework, which ident...",Review only: keep out of accepted standard-company conclusions until page-level evidence explicitly names the series.,仅供复核：页级证据明确命名具体系列前，不进入已采信标准-企业结论。
r077_deutschetelekom,77,DEUTSCHE TELEKOM,德国电信,I,"Information Transmission, Software and Information Technology Services",信息传输、软件和信息技术服务业,ghg_corporate_standard,GHG Protocol Corporate Accounting and Reporting Standard,GHG Protocol 企业核算与报告标准,Standard,标准,Corporate inventory accounting standard,企业组织层面清单核算标准,"Relevance, completeness, consistency, transparency, and accuracy.",相关性、完整性、一致性、透明性和准确性。,"Within GHG Protocol evidence, this may define Scope 1 and Scope 2 corporate inventory boundaries.",仅在 GHG Protocol 证据下使用 Scope 1/2 的组织层面清单口径。,contextual_scope_inventory_mapping,no_explicit_whitelisted_series_name_in_page_text,,3,25,DEUTSCHE TELEKOM-cr_en_2022_dt_final.pdf,seed_batch_02,medium,r pollution. We have awarded this solution the #GreenMagenta label. Impact measurement: Our sustainability platform promotes awareness of mobility-related emissions Direct and indirect emissions from companies’ own or purchased resources (S,r pollution. We have awarded this solution the #GreenMagenta label. Impact measurement: Our sustainability platform promotes awareness of mobility-related em...,Review only: keep out of accepted standard-company conclusions until page-level evidence explicitly names the series.,仅供复核：页级证据明确命名具体系列前，不进入已采信标准-企业结论。
r077_deutschetelekom,77,DEUTSCHE TELEKOM,德国电信,I,"Information Transmission, Software and Information Technology Services",信息传输、软件和信息技术服务业,ghg_scope3_calculation_guidance,GHG Protocol Scope 3 Calculation Guidance,GHG Protocol Scope 3 计算指南,Guidance,指南,Scope 3 inventory calculation guidance,Scope 3 清单计算指南,Companion calculation guidance for completing Scope 3 inventories.,配套计算指南，用于完成 Scope 3 清单。,Scope 3 categories are GHG-specific and only shown when the source uses that wording.,Scope 3 类别是 GHG 特有口径，仅在原文如此使用时展示。,contextual_scope_inventory_mapping,no_explicit_whitelisted_series_name_in_page_text,,1,25,DEUTSCHE TELEKOM-cr_en_2022_dt_final.pdf,pdf_contextual_scope_inventory_mapping,pdf_page_backfill,Structured standard tag: GHG Protocol; Standard role: Accounting standard r pollution. We have awarded this solution the #GreenMagenta label. Impact measurement: Our sustainability platform promotes awareness of mobility-related emissions Direct and indirect emissions from companies’ own or purchased resources (S DEUTSCHE TELEKOM-cr_en_2022_dt_final.pdf 24 …,Structured standard tag: GHG Protocol; Standard role: Accounting standard r pollution. We have awarded this solution the #GreenMagenta label. Impact measurement: Our sustainability platform promotes awareness of mobility-related emissions Direct and indirect emissions from companies’ own or purchased resources (S DEUTSCHE TELEKOM-cr_en_2022_dt_final.pdf 24 …,Review only: keep out of accepted standard-company conclusions until page-level evidence explicitly names the series.,仅供复核：页级证据明确命名具体系列前，不进入已采信标准-企业结论。
r077_deutschetelekom,77,DEUTSCHE TELEKOM,德国电信,I,"Information Transmission, Software and Information Technology Services",信息传输、软件和信息技术服务业,ghg_scope3_standard,GHG Protocol Corporate Value Chain (Scope 3) Accounting and Reporting Standard,GHG Protocol 企业价值链（Scope 3）核算与报告标准,Standard,标准,Value-chain emissions accounting standard,价值链排放核算标准,Scope 3 categories are GHG Protocol-specific category language.,Scope 3 类别是 GHG Protocol 特有的类别口径。,Scope 3 and Scope 3 category names are only used for GHG Protocol evidence.,Scope 3 及十五类类别口径只在 GHG Protocol 证据下使用。,contextual_scope_inventory_mapping,no_explicit_whitelisted_series_name_in_page_text,,1,25,DEUTSCHE TELEKOM-cr_en_2022_dt_final.pdf,pdf_contextual_scope_inventory_mapping,pdf_page_backfill,Structured standard tag: GHG Protocol; Standard role: Accounting standard r pollution. We have awarded this solution the #GreenMagenta label. Impact measurement: Our sustainability platform promotes awareness of mobility-related emissions Direct and indirect emissions from companies’ own or purchased resources (S DEUTSCHE TELEKOM-cr_en_2022_dt_final.pdf 24 …,Structured standard tag: GHG Protocol; Standard role: Accounting standard r pollution. We have awarded this solution the #GreenMagenta label. Impact measurement: Our sustainability platform promotes awareness of mobility-related emissions Direct and indirect emissions from companies’ own or purchased resources (S DEUTSCHE TELEKOM-cr_en_2022_dt_final.pdf 24 …,Review only: keep out of accepted standard-company conclusions until page-level evidence explicitly names the series.,仅供复核：页级证据明确命名具体系列前，不进入已采信标准-企业结论。
r079_uniper公司,79,Uniper,Uniper,D,"Electricity, Heat, Gas and Water Production and Supply",电力、热力、燃气及水生产和供应业,ghg_corporate_standard,GHG Protocol Corporate Accounting and Reporting Standard,GHG Protocol 企业核算与报告标准,Standard,标准,Corporate inventory accounting standard,企业组织层面清单核算标准,"Relevance, completeness, consistency, transparency, and accuracy.",相关性、完整性、一致性、透明性和准确性。,"Within GHG Protocol evidence, this may define Scope 1 and Scope 2 corporate inventory boundaries.",仅在 GHG Protocol 证据下使用 Scope 1/2 的组织层面清单口径。,contextual_scope_inventory_mapping,no_explicit_whitelisted_series_name_in_page_text,,3,30,2025_08_07_Uniper_Climate_Transition_Plan_2025.pdf,seed_batch_03,medium,"carrying out the double materiality assessment (DMA) in accor- dance with the ESRS. As part of the DMA, the sources and concentration points of Uniper’s GHG emissions in its value chain and its own business activities are assessed based on","carrying out the double materiality assessment (DMA) in accor- dance with the ESRS. As part of the DMA, the sources and concentration points of Uniper’s GHG ...",Review only: keep out of accepted standard-company conclusions until page-level evidence explicitly names the series.,仅供复核：页级证据明确命名具体系列前，不进入已采信标准-企业结论。
r079_uniper公司,79,Uniper,Uniper,D,"Electricity, Heat, Gas and Water Production and Supply",电力、热力、燃气及水生产和供应业,ghg_scope3_standard,GHG Protocol Corporate Value Chain (Scope 3) Accounting and Reporting Standard,GHG Protocol 企业价值链（Scope 3）核算与报告标准,Standard,标准,Value-chain emissions accounting standard,价值链排放核算标准,Scope 3 categories are GHG Protocol-specific category language.,Scope 3 类别是 GHG Protocol 特有的类别口径。,Scope 3 and Scope 3 category names are only used for GHG Protocol evidence.,Scope 3 及十五类类别口径只在 GHG Protocol 证据下使用。,contextual_scope_inventory_mapping,no_explicit_whitelisted_series_name_in_page_text,,3,30,2025_08_07_Uniper_Climate_Transition_Plan_2025.pdf,seed_batch_03,medium,"carrying out the double materiality assessment (DMA) in accor- dance with the ESRS. As part of the DMA, the sources and concentration points of Uniper’s GHG emissions in its value chain and its own business activities are assessed based on","carrying out the double materiality assessment (DMA) in accor- dance with the ESRS. As part of the DMA, the sources and concentration points of Uniper’s GHG ...",Review only: keep out of accepted standard-company conclusions until page-level evidence explicitly names the series.,仅供复核：页级证据明确命名具体系列前，不进入已采信标准-企业结论。
r090_target,90,TARGET,塔吉特公司,L,Leasing and Business Services,租赁和商务服务业,ghg_scope2_guidance,GHG Protocol Scope 2 Guidance,GHG Protocol Scope 2 指南,Guidance,指南,Purchased electricity and energy method guidance,外购电力与能源口径指南,Location-based and market-based Scope 2 reporting are separated when cited.,原文显式引用时区分位置法与市场法 Scope 2 披露。,Scope 2 market-based and location-based language is treated as GHG-specific.,Scope 2 市场法/位置法术语只在 GHG Protocol 语境下使用。,contextual_scope_inventory_mapping,no_explicit_whitelisted_series_name_in_page_text,,1,6,TARGET-2024-Sustainability-and-Governance-Report-Appendix.pdf,pdf_contextual_scope_inventory_mapping,pdf_page_backfill,Structured standard tag: GHG Protocol; Standard role: Accounting standard Upstream/Downstream Transport (Fulfillment only) GHG emissions from 2017 baseline 6 -3.9% 5 10.1% 24.9% Target goal (2030: -32.5%) Change in retail PG&S GHG emissions from 2017 baseline 14% 19% 7 22% Quantity of gross other indirect (scope TARGET-2024-Sustainability-and-Governance-Rep…,Structured standard tag: GHG Protocol; Standard role: Accounting standard Upstream/Downstream Transport (Fulfillment only) GHG emissions from 2017 baseline 6 -3.9% 5 10.1% 24.9% Target goal (2030: -32.5%) Change in retail PG&S GHG emissions from 2017 baseline 14% 19% 7 22% Quantity of gross other indirect (scope TARGET-2024-Sustainability-and-Governance-Rep…,Review only: keep out of accepted standard-company conclusions until page-level evidence explicitly names the series.,仅供复核：页级证据明确命名具体系列前，不进入已采信标准-企业结论。
r090_target,90,TARGET,塔吉特公司,L,Leasing and Business Services,租赁和商务服务业,ghg_scope3_calculation_guidance,GHG Protocol Scope 3 Calculation Guidance,GHG Protocol Scope 3 计算指南,Guidance,指南,Scope 3 inventory calculation guidance,Scope 3 清单计算指南,Companion calculation guidance for completing Scope 3 inventories.,配套计算指南，用于完成 Scope 3 清单。,Scope 3 categories are GHG-specific and only shown when the source uses that wording.,Scope 3 类别是 GHG 特有口径，仅在原文如此使用时展示。,contextual_scope_inventory_mapping,no_explicit_whitelisted_series_name_in_page_text,,1,6,TARGET-2024-Sustainability-and-Governance-Report-Appendix.pdf,pdf_contextual_scope_inventory_mapping,pdf_page_backfill,Structured standard tag: GHG Protocol; Standard role: Accounting standard Upstream/Downstream Transport (Fulfillment only) GHG emissions from 2017 baseline 6 -3.9% 5 10.1% 24.9% Target goal (2030: -32.5%) Change in retail PG&S GHG emissions from 2017 baseline 14% 19% 7 22% Quantity of gross other indirect (scope TARGET-2024-Sustainability-and-Governance-Rep…,Structured standard tag: GHG Protocol; Standard role: Accounting standard Upstream/Downstream Transport (Fulfillment only) GHG emissions from 2017 baseline 6 -3.9% 5 10.1% 24.9% Target goal (2030: -32.5%) Change in retail PG&S GHG emissions from 2017 baseline 14% 19% 7 22% Quantity of gross other indirect (scope TARGET-2024-Sustainability-and-Governance-Rep…,Review only: keep out of accepted standard-company conclusions until page-level evidence explicitly names the series.,仅供复核：页级证据明确命名具体系列前，不进入已采信标准-企业结论。
r090_target,90,TARGET,塔吉特公司,L,Leasing and Business Services,租赁和商务服务业,ghg_scope3_standard,GHG Protocol Corporate Value Chain (Scope 3) Accounting and Reporting Standard,GHG Protocol 企业价值链（Scope 3）核算与报告标准,Standard,标准,Value-chain emissions accounting standard,价值链排放核算标准,Scope 3 categories are GHG Protocol-specific category language.,Scope 3 类别是 GHG Protocol 特有的类别口径。,Scope 3 and Scope 3 category names are only used for GHG Protocol evidence.,Scope 3 及十五类类别口径只在 GHG Protocol 证据下使用。,contextual_scope_inventory_mapping,no_explicit_whitelisted_series_name_in_page_text,,3,6,TARGET-2024-Sustainability-and-Governance-Report-Appendix.pdf,seed_batch_03,medium,Upstream/Downstream Transport (Fulfillment only) GHG emissions from 2017 baseline 6 -3.9% 5 10.1% 24.9% Target goal (2030: -32.5%) Change in retail PG&S GHG emissions from 2017 baseline 14% 19% 7 22% Quantity of gross other indirect (scope,Upstream/Downstream Transport (Fulfillment only) GHG emissions from 2017 baseline 6 -3.9% 5 10.1% 24.9% Target goal (2030: -32.5%) Change in retail PG&S GHG ...,Review only: keep out of accepted standard-company conclusions until page-level evidence explicitly names the series.,仅供复核：页级证据明确命名具体系列前，不进入已采信标准-企业结论。
r091_equinor公司,91,Equinor,Equinor,D,"Electricity, Heat, Gas and Water Production and Supply",电力、热力、燃气及水生产和供应业,ghg_corporate_standard,GHG Protocol Corporate Accounting and Reporting Standard,GHG Protocol 企业核算与报告标准,Standard,标准,Corporate inventory accounting standard,企业组织层面清单核算标准,"Relevance, completeness, consistency, transparency, and accuracy.",相关性、完整性、一致性、透明性和准确性。,"Within GHG Protocol evidence, this may define Scope 1 and Scope 2 corporate inventory boundaries.",仅在 GHG Protocol 证据下使用 Scope 1/2 的组织层面清单口径。,contextual_scope_inventory_mapping,no_explicit_whitelisted_series_name_in_page_text,,2,83,annual-report-2024-equinor.pdf,seed_batch_03,medium,"that Equinor is reporting in accordance with CSRD requirements, our approach is based on more than 20 years experience with sustainability reporting developed in accordance with global reporting standards for sustainability including the GR","that Equinor is reporting in accordance with CSRD requirements, our approach is based on more than 20 years experience with sustainability reporting develope...",Review only: keep out of accepted standard-company conclusions until page-level evidence explicitly names the series.,仅供复核：页级证据明确命名具体系列前，不进入已采信标准-企业结论。
r091_equinor公司,91,Equinor,Equinor,D,"Electricity, Heat, Gas and Water Production and Supply",电力、热力、燃气及水生产和供应业,ghg_scope2_guidance,GHG Protocol Scope 2 Guidance,GHG Protocol Scope 2 指南,Guidance,指南,Purchased electricity and energy method guidance,外购电力与能源口径指南,Location-based and market-based Scope 2 reporting are separated when cited.,原文显式引用时区分位置法与市场法 Scope 2 披露。,Scope 2 market-based and location-based language is treated as GHG-specific.,Scope 2 市场法/位置法术语只在 GHG Protocol 语境下使用。,contextual_scope_inventory_mapping,no_explicit_whitelisted_series_name_in_page_text,,2,83,annual-report-2024-equinor.pdf,seed_batch_03,medium,"that Equinor is reporting in accordance with CSRD requirements, our approach is based on more than 20 years experience with sustainability reporting developed in accordance with global reporting standards for sustainability including the GR","that Equinor is reporting in accordance with CSRD requirements, our approach is based on more than 20 years experience with sustainability reporting develope...",Review only: keep out of accepted standard-company conclusions until page-level evidence explicitly names the series.,仅供复核：页级证据明确命名具体系列前，不进入已采信标准-企业结论。
r091_equinor公司,91,Equinor,Equinor,D,"Electricity, Heat, Gas and Water Production and Supply",电力、热力、燃气及水生产和供应业,ghg_scope3_calculation_guidance,GHG Protocol Scope 3 Calculation Guidance,GHG Protocol Scope 3 计算指南,Guidance,指南,Scope 3 inventory calculation guidance,Scope 3 清单计算指南,Companion calculation guidance for completing Scope 3 inventories.,配套计算指南，用于完成 Scope 3 清单。,Scope 3 categories are GHG-specific and only shown when the source uses that wording.,Scope 3 类别是 GHG 特有口径，仅在原文如此使用时展示。,contextual_scope_inventory_mapping,no_explicit_whitelisted_series_name_in_page_text,,1,83,annual-report-2024-equinor.pdf,pdf_contextual_scope_inventory_mapping,pdf_page_backfill,"Structured standard tag: GHG Protocol; Standard role: Accounting standard that Equinor is reporting in accordance with CSRD requirements, our approach is based on more than 20 years experience with sustainability reporting developed in accordance with global reporting standards for sustainability including the GR annual-report-2024-equinor.pdf 3.1 General d…","Structured standard tag: GHG Protocol; Standard role: Accounting standard that Equinor is reporting in accordance with CSRD requirements, our approach is based on more than 20 years experience with sustainability reporting developed in accordance with global reporting standards for sustainability including the GR annual-report-2024-equinor.pdf 3.1 General d…",Review only: keep out of accepted standard-company conclusions until page-level evidence explicitly names the series.,仅供复核：页级证据明确命名具体系列前，不进入已采信标准-企业结论。
r091_equinor公司,91,Equinor,Equinor,D,"Electricity, Heat, Gas and Water Production and Supply",电力、热力、燃气及水生产和供应业,ghg_scope3_standard,GHG Protocol Corporate Value Chain (Scope 3) Accounting and Reporting Standard,GHG Protocol 企业价值链（Scope 3）核算与报告标准,Standard,标准,Value-chain emissions accounting standard,价值链排放核算标准,Scope 3 categories are GHG Protocol-specific category language.,Scope 3 类别是 GHG Protocol 特有的类别口径。,Scope 3 and Scope 3 category names are only used for GHG Protocol evidence.,Scope 3 及十五类类别口径只在 GHG Protocol 证据下使用。,contextual_scope_inventory_mapping,no_explicit_whitelisted_series_name_in_page_text,,3,83,annual-report-2024-equinor.pdf,seed_batch_03,medium,"that Equinor is reporting in accordance with CSRD requirements, our approach is based on more than 20 years experience with sustainability reporting developed in accordance with global reporting standards for sustainability including the GR","that Equinor is reporting in accordance with CSRD requirements, our approach is based on more than 20 years experience with sustainability reporting develope...",Review only: keep out of accepted standard-company conclusions until page-level evidence explicitly names the series.,仅供复核：页级证据明确命名具体系列前，不进入已采信标准-企业结论。
r096_nestlé,96,NESTLÉ,雀巢公司,C,Manufacturing,制造业,ghg_scope2_guidance,GHG Protocol Scope 2 Guidance,GHG Protocol Scope 2 指南,Guidance,指南,Purchased electricity and energy method guidance,外购电力与能源口径指南,Location-based and market-based Scope 2 reporting are separated when cited.,原文显式引用时区分位置法与市场法 Scope 2 披露。,Scope 2 market-based and location-based language is treated as GHG-specific.,Scope 2 市场法/位置法术语只在 GHG Protocol 语境下使用。,contextual_scope_inventory_mapping,no_explicit_whitelisted_series_name_in_page_text,,2,21,NESTLÉ-non-financial-statement-2024.pdf,seed_batch_03,medium,"ual GHG emissions for Scopes 1, 2 and 3 are tracked through an internal GHG accounting system (Greenhouse Gas Performance System (GPS)). GPS was developed internally for GHG accounting and reporting and the methodology governing the system","ual GHG emissions for Scopes 1, 2 and 3 are tracked through an internal GHG accounting system (Greenhouse Gas Performance System (GPS)). GPS was developed in...",Review only: keep out of accepted standard-company conclusions until page-level evidence explicitly names the series.,仅供复核：页级证据明确命名具体系列前，不进入已采信标准-企业结论。
r096_nestlé,96,NESTLÉ,雀巢公司,C,Manufacturing,制造业,ghg_scope3_calculation_guidance,GHG Protocol Scope 3 Calculation Guidance,GHG Protocol Scope 3 计算指南,Guidance,指南,Scope 3 inventory calculation guidance,Scope 3 清单计算指南,Companion calculation guidance for completing Scope 3 inventories.,配套计算指南，用于完成 Scope 3 清单。,Scope 3 categories are GHG-specific and only shown when the source uses that wording.,Scope 3 类别是 GHG 特有口径，仅在原文如此使用时展示。,contextual_scope_inventory_mapping,no_explicit_whitelisted_series_name_in_page_text,,3,21,NESTLÉ-non-financial-statement-2024.pdf,seed_batch_03,medium,"ual GHG emissions for Scopes 1, 2 and 3 are tracked through an internal GHG accounting system (Greenhouse Gas Performance System (GPS)). GPS was developed internally for GHG accounting and reporting and the methodology governing the system","ual GHG emissions for Scopes 1, 2 and 3 are tracked through an internal GHG accounting system (Greenhouse Gas Performance System (GPS)). GPS was developed in...",Review only: keep out of accepted standard-company conclusions until page-level evidence explicitly names the series.,仅供复核：页级证据明确命名具体系列前，不进入已采信标准-企业结论。
r096_nestlé,96,NESTLÉ,雀巢公司,C,Manufacturing,制造业,ghg_scope3_standard,GHG Protocol Corporate Value Chain (Scope 3) Accounting and Reporting Standard,GHG Protocol 企业价值链（Scope 3）核算与报告标准,Standard,标准,Value-chain emissions accounting standard,价值链排放核算标准,Scope 3 categories are GHG Protocol-specific category language.,Scope 3 类别是 GHG Protocol 特有的类别口径。,Scope 3 and Scope 3 category names are only used for GHG Protocol evidence.,Scope 3 及十五类类别口径只在 GHG Protocol 证据下使用。,contextual_scope_inventory_mapping,no_explicit_whitelisted_series_name_in_page_text,,3,21,NESTLÉ-non-financial-statement-2024.pdf,seed_batch_03,medium,"ual GHG emissions for Scopes 1, 2 and 3 are tracked through an internal GHG accounting system (Greenhouse Gas Performance System (GPS)). GPS was developed internally for GHG accounting and reporting and the methodology governing the system","ual GHG emissions for Scopes 1, 2 and 3 are tracked through an internal GHG accounting system (Greenhouse Gas Performance System (GPS)). GPS was developed in...",Review only: keep out of accepted standard-company conclusions until page-level evidence explicitly names the series.,仅供复核：页级证据明确命名具体系列前，不进入已采信标准-企业结论。
r097_enel,97,ENEL,意大利国家电力公司,I,"Information Transmission, Software and Information Technology Services",电力、热力、燃气及水生产和供应业,ghg_scope3_standard,GHG Protocol Corporate Value Chain (Scope 3) Accounting and Reporting Standard,GHG Protocol 企业价值链（Scope 3）核算与报告标准,Standard,标准,Value-chain emissions accounting standard,价值链排放核算标准,Scope 3 categories are GHG Protocol-specific category language.,Scope 3 类别是 GHG Protocol 特有的类别口径。,Scope 3 and Scope 3 category names are only used for GHG Protocol evidence.,Scope 3 及十五类类别口径只在 GHG Protocol 证据下使用。,contextual_overmapped_review,no_explicit_whitelisted_series_name_in_page_text,,4,131 | 145,ENEL-integrated-annual-report_2024.pdf,seed_batch_13,medium,"pe 1, including CO2, CH4 and N2O) from power generation and the Group’s indirect GHG emissions (Scope 3) from the generation of electricity purchased and sold to end customers (which is an element of subcategory 3 - Fuel- and Energy- Relate","pe 1, including CO2, CH4 and N2O) from power generation and the Group’s indirect GHG emissions (Scope 3) from the generation of electricity purchased and sol...",Review only: keep out of accepted standard-company conclusions until page-level evidence explicitly names the series.,仅供复核：页级证据明确命名具体系列前，不进入已采信标准-企业结论。
r098_eni,98,ENI,埃尼石油公司,D,"Electricity, Heat, Gas and Water Production and Supply",电力、热力、燃气及水生产和供应业,ghg_scope3_calculation_guidance,GHG Protocol Scope 3 Calculation Guidance,GHG Protocol Scope 3 计算指南,Guidance,指南,Scope 3 inventory calculation guidance,Scope 3 清单计算指南,Companion calculation guidance for completing Scope 3 inventories.,配套计算指南，用于完成 Scope 3 清单。,Scope 3 categories are GHG-specific and only shown when the source uses that wording.,Scope 3 类别是 GHG 特有口径，仅在原文如此使用时展示。,contextual_scope_inventory_mapping,no_explicit_whitelisted_series_name_in_page_text,,1,23,ENI-Annual-Report-2024.pdf,pdf_contextual_scope_inventory_mapping,pdf_page_backfill,"Structured standard tag: GHG Protocol; Standard role: Accounting standard r withdrawals (mmcm) 127 109 101 Re-injected production water (%) 51 42 43 (a) KPIs are calculated on an equity bases. Considering the update of the Global Warming Potential coefficients by the IPCC in 2024, the 2023 and 2022 data are repor ENI-Annual-Report-2024.pdf 2024 2023 2022 FI…","Structured standard tag: GHG Protocol; Standard role: Accounting standard r withdrawals (mmcm) 127 109 101 Re-injected production water (%) 51 42 43 (a) KPIs are calculated on an equity bases. Considering the update of the Global Warming Potential coefficients by the IPCC in 2024, the 2023 and 2022 data are repor ENI-Annual-Report-2024.pdf 2024 2023 2022 FI…",Review only: keep out of accepted standard-company conclusions until page-level evidence explicitly names the series.,仅供复核：页级证据明确命名具体系列前，不进入已采信标准-企业结论。
r101_eon,101,E.ON,意昂集团,D,"Electricity, Heat, Gas and Water Production and Supply",电力、热力、燃气及水生产和供应业,ghg_scope2_guidance,GHG Protocol Scope 2 Guidance,GHG Protocol Scope 2 指南,Guidance,指南,Purchased electricity and energy method guidance,外购电力与能源口径指南,Location-based and market-based Scope 2 reporting are separated when cited.,原文显式引用时区分位置法与市场法 Scope 2 披露。,Scope 2 market-based and location-based language is treated as GHG-specific.,Scope 2 市场法/位置法术语只在 GHG Protocol 语境下使用。,contextual_scope_inventory_mapping,no_explicit_whitelisted_series_name_in_page_text,,3,41,E.ON-GB24-gesamt-EN_final.pdf,seed_batch_13,medium,"upport our customers in switching from gas to green, energy-efficient solutions like heat pumps as well as solar and PV systems. We are also expanding our range of green energy contracts for our customers in order to reduce Scope 3 emission","upport our customers in switching from gas to green, energy-efficient solutions like heat pumps as well as solar and PV systems. We are also expanding our ra...",Review only: keep out of accepted standard-company conclusions until page-level evidence explicitly names the series.,仅供复核：页级证据明确命名具体系列前，不进入已采信标准-企业结论。
r101_eon,101,E.ON,意昂集团,D,"Electricity, Heat, Gas and Water Production and Supply",电力、热力、燃气及水生产和供应业,ghg_scope3_calculation_guidance,GHG Protocol Scope 3 Calculation Guidance,GHG Protocol Scope 3 计算指南,Guidance,指南,Scope 3 inventory calculation guidance,Scope 3 清单计算指南,Companion calculation guidance for completing Scope 3 inventories.,配套计算指南，用于完成 Scope 3 清单。,Scope 3 categories are GHG-specific and only shown when the source uses that wording.,Scope 3 类别是 GHG 特有口径，仅在原文如此使用时展示。,contextual_scope_inventory_mapping,no_explicit_whitelisted_series_name_in_page_text,,3,41,E.ON-GB24-gesamt-EN_final.pdf,seed_batch_13,medium,"upport our customers in switching from gas to green, energy-efficient solutions like heat pumps as well as solar and PV systems. We are also expanding our range of green energy contracts for our customers in order to reduce Scope 3 emission","upport our customers in switching from gas to green, energy-efficient solutions like heat pumps as well as solar and PV systems. We are also expanding our ra...",Review only: keep out of accepted standard-company conclusions until page-level evidence explicitly names the series.,仅供复核：页级证据明确命名具体系列前，不进入已采信标准-企业结论。
r105_boschgroup,105,BOSCH GROUP,博世集团,C,Manufacturing,制造业,ghg_scope3_standard,GHG Protocol Corporate Value Chain (Scope 3) Accounting and Reporting Standard,GHG Protocol 企业价值链（Scope 3）核算与报告标准,Standard,标准,Value-chain emissions accounting standard,价值链排放核算标准,Scope 3 categories are GHG Protocol-specific category language.,Scope 3 类别是 GHG Protocol 特有的类别口径。,Scope 3 and Scope 3 category names are only used for GHG Protocol evidence.,Scope 3 及十五类类别口径只在 GHG Protocol 证据下使用。,contextual_overmapped_review,no_explicit_whitelisted_series_name_in_page_text,,4,8 | 17 | 29 | 34,bosch-sustainability-report-2024.pdf,pdf_contextual_scope_inventory_mapping,pdf_page_backfill,"Structured standard tag: GHG Protocol; Standard role: Accounting standard ch Group, the activities of the business sectors, and the company’s economic situation, can be found in the current annual report. Bosch also supports the United Nations Sustainable Development Goals (SDG). 3 Scopes 1, 2, and 3 are used in bosch-sustainability-report-2024.pdf Strategy…","Structured standard tag: GHG Protocol; Standard role: Accounting standard ch Group, the activities of the business sectors, and the company’s economic situation, can be found in the current annual report. Bosch also supports the United Nations Sustainable Development Goals (SDG). 3 Scopes 1, 2, and 3 are used in bosch-sustainability-report-2024.pdf Strategy…",Review only: keep out of accepted standard-company conclusions until page-level evidence explicitly names the series.,仅供复核：页级证据明确命名具体系列前，不进入已采信标准-企业结论。
r107_itochu,107,ITOCHU,日本伊藤忠商事株式会社,L,Leasing and Business Services,租赁和商务服务业,ghg_corporate_standard,GHG Protocol Corporate Accounting and Reporting Standard,GHG Protocol 企业核算与报告标准,Standard,标准,Corporate inventory accounting standard,企业组织层面清单核算标准,"Relevance, completeness, consistency, transparency, and accuracy.",相关性、完整性、一致性、透明性和准确性。,"Within GHG Protocol evidence, this may define Scope 1 and Scope 2 corporate inventory boundaries.",仅在 GHG Protocol 证据下使用 Scope 1/2 的组织层面清单口径。,contextual_scope_inventory_mapping,no_explicit_whitelisted_series_name_in_page_text,,1,109,ITOCHU-ESG report 2024.pdf,pdf_contextual_scope_inventory_mapping,pdf_page_backfill,"Structured standard tag: GHG Protocol; Standard role: Accounting standard by Act on Rational Use and Appropriate Management of Fluorocarbons. However, HCFC is not included in the aggregation. ● Overseas Group Companies: Calculated based on the charging amount of fluorocarbons used as refrigerants. * The calculat ITOCHU-ESG report 2024.pdf Energy Consumptio…","Structured standard tag: GHG Protocol; Standard role: Accounting standard by Act on Rational Use and Appropriate Management of Fluorocarbons. However, HCFC is not included in the aggregation. ● Overseas Group Companies: Calculated based on the charging amount of fluorocarbons used as refrigerants. * The calculat ITOCHU-ESG report 2024.pdf Energy Consumptio…",Review only: keep out of accepted standard-company conclusions until page-level evidence explicitly names the series.,仅供复核：页级证据明确命名具体系列前，不进入已采信标准-企业结论。
r107_itochu,107,ITOCHU,日本伊藤忠商事株式会社,L,Leasing and Business Services,租赁和商务服务业,ghg_scope2_guidance,GHG Protocol Scope 2 Guidance,GHG Protocol Scope 2 指南,Guidance,指南,Purchased electricity and energy method guidance,外购电力与能源口径指南,Location-based and market-based Scope 2 reporting are separated when cited.,原文显式引用时区分位置法与市场法 Scope 2 披露。,Scope 2 market-based and location-based language is treated as GHG-specific.,Scope 2 市场法/位置法术语只在 GHG Protocol 语境下使用。,contextual_scope_inventory_mapping,no_explicit_whitelisted_series_name_in_page_text,,1,109,ITOCHU-ESG report 2024.pdf,pdf_contextual_scope_inventory_mapping,pdf_page_backfill,"Structured standard tag: GHG Protocol; Standard role: Accounting standard by Act on Rational Use and Appropriate Management of Fluorocarbons. However, HCFC is not included in the aggregation. ● Overseas Group Companies: Calculated based on the charging amount of fluorocarbons used as refrigerants. * The calculat ITOCHU-ESG report 2024.pdf Energy Consumptio…","Structured standard tag: GHG Protocol; Standard role: Accounting standard by Act on Rational Use and Appropriate Management of Fluorocarbons. However, HCFC is not included in the aggregation. ● Overseas Group Companies: Calculated based on the charging amount of fluorocarbons used as refrigerants. * The calculat ITOCHU-ESG report 2024.pdf Energy Consumptio…",Review only: keep out of accepted standard-company conclusions until page-level evidence explicitly names the series.,仅供复核：页级证据明确命名具体系列前，不进入已采信标准-企业结论。
r107_itochu,107,ITOCHU,日本伊藤忠商事株式会社,L,Leasing and Business Services,租赁和商务服务业,ghg_scope3_calculation_guidance,GHG Protocol Scope 3 Calculation Guidance,GHG Protocol Scope 3 计算指南,Guidance,指南,Scope 3 inventory calculation guidance,Scope 3 清单计算指南,Companion calculation guidance for completing Scope 3 inventories.,配套计算指南，用于完成 Scope 3 清单。,Scope 3 categories are GHG-specific and only shown when the source uses that wording.,Scope 3 类别是 GHG 特有口径，仅在原文如此使用时展示。,contextual_scope_inventory_mapping,no_explicit_whitelisted_series_name_in_page_text,,1,109,ITOCHU-ESG report 2024.pdf,pdf_contextual_scope_inventory_mapping,pdf_page_backfill,"Structured standard tag: GHG Protocol; Standard role: Accounting standard by Act on Rational Use and Appropriate Management of Fluorocarbons. However, HCFC is not included in the aggregation. ● Overseas Group Companies: Calculated based on the charging amount of fluorocarbons used as refrigerants. * The calculat ITOCHU-ESG report 2024.pdf Energy Consumptio…","Structured standard tag: GHG Protocol; Standard role: Accounting standard by Act on Rational Use and Appropriate Management of Fluorocarbons. However, HCFC is not included in the aggregation. ● Overseas Group Companies: Calculated based on the charging amount of fluorocarbons used as refrigerants. * The calculat ITOCHU-ESG report 2024.pdf Energy Consumptio…",Review only: keep out of accepted standard-company conclusions until page-level evidence explicitly names the series.,仅供复核：页级证据明确命名具体系列前，不进入已采信标准-企业结论。
r107_itochu,107,ITOCHU,日本伊藤忠商事株式会社,L,Leasing and Business Services,租赁和商务服务业,ghg_scope3_standard,GHG Protocol Corporate Value Chain (Scope 3) Accounting and Reporting Standard,GHG Protocol 企业价值链（Scope 3）核算与报告标准,Standard,标准,Value-chain emissions accounting standard,价值链排放核算标准,Scope 3 categories are GHG Protocol-specific category language.,Scope 3 类别是 GHG Protocol 特有的类别口径。,Scope 3 and Scope 3 category names are only used for GHG Protocol evidence.,Scope 3 及十五类类别口径只在 GHG Protocol 证据下使用。,contextual_scope_inventory_mapping,no_explicit_whitelisted_series_name_in_page_text,,1,109,ITOCHU-ESG report 2024.pdf,pdf_contextual_scope_inventory_mapping,pdf_page_backfill,"Structured standard tag: GHG Protocol; Standard role: Accounting standard by Act on Rational Use and Appropriate Management of Fluorocarbons. However, HCFC is not included in the aggregation. ● Overseas Group Companies: Calculated based on the charging amount of fluorocarbons used as refrigerants. * The calculat ITOCHU-ESG report 2024.pdf Energy Consumptio…","Structured standard tag: GHG Protocol; Standard role: Accounting standard by Act on Rational Use and Appropriate Management of Fluorocarbons. However, HCFC is not included in the aggregation. ● Overseas Group Companies: Calculated based on the charging amount of fluorocarbons used as refrigerants. * The calculat ITOCHU-ESG report 2024.pdf Energy Consumptio…",Review only: keep out of accepted standard-company conclusions until page-level evidence explicitly names the series.,仅供复核：页级证据明确命名具体系列前，不进入已采信标准-企业结论。
r111_morganstanley,111,MORGAN STANLEY,摩根士丹利,J,Finance,金融业,ghg_scope2_guidance,GHG Protocol Scope 2 Guidance,GHG Protocol Scope 2 指南,Guidance,指南,Purchased electricity and energy method guidance,外购电力与能源口径指南,Location-based and market-based Scope 2 reporting are separated when cited.,原文显式引用时区分位置法与市场法 Scope 2 披露。,Scope 2 market-based and location-based language is treated as GHG-specific.,Scope 2 市场法/位置法术语只在 GHG Protocol 语境下使用。,contextual_overmapped_review,no_explicit_whitelisted_series_name_in_page_text,,2,47,Morgan_Stanley_2023_ESG_Report.pdf,seed_batch_03,medium,for our purposes to meet carbon neutrality do not align with the criteria required to reflect those purchases in our scope 2 market-based figure in accordance with the Greenhouse Gas Protocol: A Corporate Accounting and Reporting Standard (,for our purposes to meet carbon neutrality do not align with the criteria required to reflect those purchases in our scope 2 market-based figure in accordanc...,Review only: keep out of accepted standard-company conclusions until page-level evidence explicitly names the series.,仅供复核：页级证据明确命名具体系列前，不进入已采信标准-企业结论。
r111_morganstanley,111,MORGAN STANLEY,摩根士丹利,J,Finance,金融业,ghg_scope3_standard,GHG Protocol Corporate Value Chain (Scope 3) Accounting and Reporting Standard,GHG Protocol 企业价值链（Scope 3）核算与报告标准,Standard,标准,Value-chain emissions accounting standard,价值链排放核算标准,Scope 3 categories are GHG Protocol-specific category language.,Scope 3 类别是 GHG Protocol 特有的类别口径。,Scope 3 and Scope 3 category names are only used for GHG Protocol evidence.,Scope 3 及十五类类别口径只在 GHG Protocol 证据下使用。,contextual_overmapped_review,no_explicit_whitelisted_series_name_in_page_text,,3,47 | 57 | 82,Morgan_Stanley_2023_ESG_Report.pdf,pdf_explicit_series_citation,pdf_page_backfill,"ement-determined metric that may be viewed or calculated differently by others who may use the same “carbon neutral” terminology. Morgan Stanley has determined that the boundary around our carbon neutrality status is scope 1, scope 2 location-based emissions, scope 3 business travel and downstream leased assets, carbon offsets purchased from the voluntary c…","ement-determined metric that may be viewed or calculated differently by others who may use the same “carbon neutral” terminology. Morgan Stanley has determined that the boundary around our carbon neutrality status is scope 1, scope 2 location-based emissions, scope 3 business travel and downstream leased assets, carbon offsets purchased from the voluntary c…",Review only: keep out of accepted standard-company conclusions until page-level evidence explicitly names the series.,仅供复核：页级证据明确命名具体系列前，不进入已采信标准-企业结论。
r114_royalaholddelhaize,114,ROYAL AHOLD DELHAIZE,皇家阿霍德德尔海兹集团,F,Wholesale and Retail Trade,批发和零售业,ghg_scope3_calculation_guidance,GHG Protocol Scope 3 Calculation Guidance,GHG Protocol Scope 3 计算指南,Guidance,指南,Scope 3 inventory calculation guidance,Scope 3 清单计算指南,Companion calculation guidance for completing Scope 3 inventories.,配套计算指南，用于完成 Scope 3 清单。,Scope 3 categories are GHG-specific and only shown when the source uses that wording.,Scope 3 类别是 GHG 特有口径，仅在原文如此使用时展示。,contextual_scope_inventory_mapping,no_explicit_whitelisted_series_name_in_page_text,,3,117,Ahold_Delhaize_Annual_Report_2024.pdf,seed_batch_11,medium,"rarching sustainability policy that covers our approach on climate and specific climate-related standards that provide further guidance to our brands. See also General information: Governance. Within our climate approach, we are guided by t",rarching sustainability policy that covers our approach on climate and specific climate-related standards that provide further guidance to our brands. See al...,Review only: keep out of accepted standard-company conclusions until page-level evidence explicitly names the series.,仅供复核：页级证据明确命名具体系列前，不进入已采信标准-企业结论。
r117_adm公司,117,ADM,ADM,C,Manufacturing,制造业,ghg_corporate_standard,GHG Protocol Corporate Accounting and Reporting Standard,GHG Protocol 企业核算与报告标准,Standard,标准,Corporate inventory accounting standard,企业组织层面清单核算标准,"Relevance, completeness, consistency, transparency, and accuracy.",相关性、完整性、一致性、透明性和准确性。,"Within GHG Protocol evidence, this may define Scope 1 and Scope 2 corporate inventory boundaries.",仅在 GHG Protocol 证据下使用 Scope 1/2 的组织层面清单口径。,contextual_overmapped_review,no_explicit_whitelisted_series_name_in_page_text,,2,25,final_archer-daniels-midland-adm_2023-corporate-sustainability-report.pdf,seed_batch_03,medium,"Scope 3 ADM continues to monitor the evolving landscape of GHG accounting best practices as we await the finalization of the GHG Protocol’s Land Sector and Removals Guidance, expected to be released in late 2024, and potential subsequent up",Scope 3 ADM continues to monitor the evolving landscape of GHG accounting best practices as we await the finalization of the GHG Protocol’s Land Sector and R...,Review only: keep out of accepted standard-company conclusions until page-level evidence explicitly names the series.,仅供复核：页级证据明确命名具体系列前，不进入已采信标准-企业结论。
r117_adm公司,117,ADM,ADM,C,Manufacturing,制造业,ghg_land_sector_removals_standard,GHG Protocol Land Sector and Removals Standard,GHG Protocol 土地部门与碳移除标准,Standard,标准,Land emissions and removals accounting standard,土地排放与碳移除核算标准,"Quantify, report, and track land-sector emissions, CO2 removals, and related metrics.",量化、报告和跟踪土地部门排放、二氧化碳移除及相关指标。,Use land-sector/removals wording; do not translate removals into corporate Scope totals unless cited that way.,使用土地部门/移除口径；除非原文如此引用，不直接改写为企业 Scope 总量。,contextual_overmapped_review,no_explicit_whitelisted_series_name_in_page_text,,2,25,final_archer-daniels-midland-adm_2023-corporate-sustainability-report.pdf,seed_batch_03,medium,"Scope 3 ADM continues to monitor the evolving landscape of GHG accounting best practices as we await the finalization of the GHG Protocol’s Land Sector and Removals Guidance, expected to be released in late 2024, and potential subsequent up",Scope 3 ADM continues to monitor the evolving landscape of GHG accounting best practices as we await the finalization of the GHG Protocol’s Land Sector and R...,Review only: keep out of accepted standard-company conclusions until page-level evidence explicitly names the series.,仅供复核：页级证据明确命名具体系列前，不进入已采信标准-企业结论。
r117_adm公司,117,ADM,ADM,C,Manufacturing,制造业,ghg_scope2_guidance,GHG Protocol Scope 2 Guidance,GHG Protocol Scope 2 指南,Guidance,指南,Purchased electricity and energy method guidance,外购电力与能源口径指南,Location-based and market-based Scope 2 reporting are separated when cited.,原文显式引用时区分位置法与市场法 Scope 2 披露。,Scope 2 market-based and location-based language is treated as GHG-specific.,Scope 2 市场法/位置法术语只在 GHG Protocol 语境下使用。,contextual_overmapped_review,no_explicit_whitelisted_series_name_in_page_text,,2,25,final_archer-daniels-midland-adm_2023-corporate-sustainability-report.pdf,seed_batch_03,medium,"Scope 3 ADM continues to monitor the evolving landscape of GHG accounting best practices as we await the finalization of the GHG Protocol’s Land Sector and Removals Guidance, expected to be released in late 2024, and potential subsequent up",Scope 3 ADM continues to monitor the evolving landscape of GHG accounting best practices as we await the finalization of the GHG Protocol’s Land Sector and R...,Review only: keep out of accepted standard-company conclusions until page-level evidence explicitly names the series.,仅供复核：页级证据明确命名具体系列前，不进入已采信标准-企业结论。
r119_christiandior,119,CHRISTIAN DIOR,迪奥公司,C,Manufacturing,制造业,ghg_corporate_standard,GHG Protocol Corporate Accounting and Reporting Standard,GHG Protocol 企业核算与报告标准,Standard,标准,Corporate inventory accounting standard,企业组织层面清单核算标准,"Relevance, completeness, consistency, transparency, and accuracy.",相关性、完整性、一致性、透明性和准确性。,"Within GHG Protocol evidence, this may define Scope 1 and Scope 2 corporate inventory boundaries.",仅在 GHG Protocol 证据下使用 Scope 1/2 的组织层面清单口径。,contextual_scope_inventory_mapping,no_explicit_whitelisted_series_name_in_page_text,,3,93,ChristianDior_2024_Annual_Report.pdf,seed_batch_11,medium,"venue. Ace of Spade, Minuty, Joseph Phelps, Patou, Buly, Perfumes Loewe, 24S, Kendo, LVMH Hotel Management and Cova were included in environmental reporting. Monetary and HR data extracted and used in the Scope 3 greenhouse gas emissions ca","venue. Ace of Spade, Minuty, Joseph Phelps, Patou, Buly, Perfumes Loewe, 24S, Kendo, LVMH Hotel Management and Cova were included in environmental reporting....",Review only: keep out of accepted standard-company conclusions until page-level evidence explicitly names the series.,仅供复核：页级证据明确命名具体系列前，不进入已采信标准-企业结论。
r119_christiandior,119,CHRISTIAN DIOR,迪奥公司,C,Manufacturing,制造业,ghg_scope2_guidance,GHG Protocol Scope 2 Guidance,GHG Protocol Scope 2 指南,Guidance,指南,Purchased electricity and energy method guidance,外购电力与能源口径指南,Location-based and market-based Scope 2 reporting are separated when cited.,原文显式引用时区分位置法与市场法 Scope 2 披露。,Scope 2 market-based and location-based language is treated as GHG-specific.,Scope 2 市场法/位置法术语只在 GHG Protocol 语境下使用。,contextual_scope_inventory_mapping,no_explicit_whitelisted_series_name_in_page_text,,2,93,ChristianDior_2024_Annual_Report.pdf,seed_batch_11,medium,"venue. Ace of Spade, Minuty, Joseph Phelps, Patou, Buly, Perfumes Loewe, 24S, Kendo, LVMH Hotel Management and Cova were included in environmental reporting. Monetary and HR data extracted and used in the Scope 3 greenhouse gas emissions ca","venue. Ace of Spade, Minuty, Joseph Phelps, Patou, Buly, Perfumes Loewe, 24S, Kendo, LVMH Hotel Management and Cova were included in environmental reporting....",Review only: keep out of accepted standard-company conclusions until page-level evidence explicitly names the series.,仅供复核：页级证据明确命名具体系列前，不进入已采信标准-企业结论。
r119_christiandior,119,CHRISTIAN DIOR,迪奥公司,C,Manufacturing,制造业,ghg_scope3_calculation_guidance,GHG Protocol Scope 3 Calculation Guidance,GHG Protocol Scope 3 计算指南,Guidance,指南,Scope 3 inventory calculation guidance,Scope 3 清单计算指南,Companion calculation guidance for completing Scope 3 inventories.,配套计算指南，用于完成 Scope 3 清单。,Scope 3 categories are GHG-specific and only shown when the source uses that wording.,Scope 3 类别是 GHG 特有口径，仅在原文如此使用时展示。,contextual_scope_inventory_mapping,no_explicit_whitelisted_series_name_in_page_text,,1,93,ChristianDior_2024_Annual_Report.pdf,pdf_contextual_scope_inventory_mapping,pdf_page_backfill,"Structured standard tag: GHG Protocol; Standard role: Accounting standard venue. Ace of Spade, Minuty, Joseph Phelps, Patou, Buly, Perfumes Loewe, 24S, Kendo, LVMH Hotel Management and Cova were included in environmental reporting. Monetary and HR data extracted and used in the Scope 3 greenhouse gas emissions ca ChristianDior_2024_Annual_Report.pdf Environ…","Structured standard tag: GHG Protocol; Standard role: Accounting standard venue. Ace of Spade, Minuty, Joseph Phelps, Patou, Buly, Perfumes Loewe, 24S, Kendo, LVMH Hotel Management and Cova were included in environmental reporting. Monetary and HR data extracted and used in the Scope 3 greenhouse gas emissions ca ChristianDior_2024_Annual_Report.pdf Environ…",Review only: keep out of accepted standard-company conclusions until page-level evidence explicitly names the series.,仅供复核：页级证据明确命名具体系列前，不进入已采信标准-企业结论。
r119_christiandior,119,CHRISTIAN DIOR,迪奥公司,C,Manufacturing,制造业,ghg_scope3_standard,GHG Protocol Corporate Value Chain (Scope 3) Accounting and Reporting Standard,GHG Protocol 企业价值链（Scope 3）核算与报告标准,Standard,标准,Value-chain emissions accounting standard,价值链排放核算标准,Scope 3 categories are GHG Protocol-specific category language.,Scope 3 类别是 GHG Protocol 特有的类别口径。,Scope 3 and Scope 3 category names are only used for GHG Protocol evidence.,Scope 3 及十五类类别口径只在 GHG Protocol 证据下使用。,contextual_scope_inventory_mapping,no_explicit_whitelisted_series_name_in_page_text,,3,93,ChristianDior_2024_Annual_Report.pdf,seed_batch_11,medium,"venue. Ace of Spade, Minuty, Joseph Phelps, Patou, Buly, Perfumes Loewe, 24S, Kendo, LVMH Hotel Management and Cova were included in environmental reporting. Monetary and HR data extracted and used in the Scope 3 greenhouse gas emissions ca","venue. Ace of Spade, Minuty, Joseph Phelps, Patou, Buly, Perfumes Loewe, 24S, Kendo, LVMH Hotel Management and Cova were included in environmental reporting....",Review only: keep out of accepted standard-company conclusions until page-level evidence explicitly names the series.,仅供复核：页级证据明确命名具体系列前，不进入已采信标准-企业结论。
r120_nippontelegraphandtelephone,120,NIPPON TELEGRAPH AND TELEPHONE,日本电报电话公司,I,"Information Transmission, Software and Information Technology Services",信息传输、软件和信息技术服务业,ghg_corporate_standard,GHG Protocol Corporate Accounting and Reporting Standard,GHG Protocol 企业核算与报告标准,Standard,标准,Corporate inventory accounting standard,企业组织层面清单核算标准,"Relevance, completeness, consistency, transparency, and accuracy.",相关性、完整性、一致性、透明性和准确性。,"Within GHG Protocol evidence, this may define Scope 1 and Scope 2 corporate inventory boundaries.",仅在 GHG Protocol 证据下使用 Scope 1/2 的组织层面清单口径。,contextual_scope_inventory_mapping,no_explicit_whitelisted_series_name_in_page_text,,1,35,NIPPON TELEGRAPH AND TELEPHONE-integrated_report_24e_p.pdf,pdf_contextual_scope_inventory_mapping,pdf_page_backfill,"Structured standard tag: GHG Protocol; Standard role: Accounting standard ion Further Strengthening of Collaborations with Suppliers · Facilitating the introduction of renewable energy by data center customers, etc. · Providing cloud services and promoting product energy conservation Customers’ Contributions to NIPPON TELEGRAPH AND TELEPHONE-integrated_re…","Structured standard tag: GHG Protocol; Standard role: Accounting standard ion Further Strengthening of Collaborations with Suppliers · Facilitating the introduction of renewable energy by data center customers, etc. · Providing cloud services and promoting product energy conservation Customers’ Contributions to NIPPON TELEGRAPH AND TELEPHONE-integrated_re…",Review only: keep out of accepted standard-company conclusions until page-level evidence explicitly names the series.,仅供复核：页级证据明确命名具体系列前，不进入已采信标准-企业结论。
r120_nippontelegraphandtelephone,120,NIPPON TELEGRAPH AND TELEPHONE,日本电报电话公司,I,"Information Transmission, Software and Information Technology Services",信息传输、软件和信息技术服务业,ghg_scope3_calculation_guidance,GHG Protocol Scope 3 Calculation Guidance,GHG Protocol Scope 3 计算指南,Guidance,指南,Scope 3 inventory calculation guidance,Scope 3 清单计算指南,Companion calculation guidance for completing Scope 3 inventories.,配套计算指南，用于完成 Scope 3 清单。,Scope 3 categories are GHG-specific and only shown when the source uses that wording.,Scope 3 类别是 GHG 特有口径，仅在原文如此使用时展示。,contextual_scope_inventory_mapping,no_explicit_whitelisted_series_name_in_page_text,,1,35,NIPPON TELEGRAPH AND TELEPHONE-integrated_report_24e_p.pdf,pdf_contextual_scope_inventory_mapping,pdf_page_backfill,"Structured standard tag: GHG Protocol; Standard role: Accounting standard ion Further Strengthening of Collaborations with Suppliers · Facilitating the introduction of renewable energy by data center customers, etc. · Providing cloud services and promoting product energy conservation Customers’ Contributions to NIPPON TELEGRAPH AND TELEPHONE-integrated_re…","Structured standard tag: GHG Protocol; Standard role: Accounting standard ion Further Strengthening of Collaborations with Suppliers · Facilitating the introduction of renewable energy by data center customers, etc. · Providing cloud services and promoting product energy conservation Customers’ Contributions to NIPPON TELEGRAPH AND TELEPHONE-integrated_re…",Review only: keep out of accepted standard-company conclusions until page-level evidence explicitly names the series.,仅供复核：页级证据明确命名具体系列前，不进入已采信标准-企业结论。
r121_mitsui,121,MITSUI,三井物产株式会社,L,Leasing and Business Services,租赁和商务服务业,ghg_corporate_standard,GHG Protocol Corporate Accounting and Reporting Standard,GHG Protocol 企业核算与报告标准,Standard,标准,Corporate inventory accounting standard,企业组织层面清单核算标准,"Relevance, completeness, consistency, transparency, and accuracy.",相关性、完整性、一致性、透明性和准确性。,"Within GHG Protocol evidence, this may define Scope 1 and Scope 2 corporate inventory boundaries.",仅在 GHG Protocol 证据下使用 Scope 1/2 的组织层面清单口径。,contextual_scope_inventory_mapping,no_explicit_whitelisted_series_name_in_page_text,,2,125,SUMITOMO MITSUI FINANCIAL GROUP sustainability_report_e_2025.pdf,seed_batch_03,medium,"ment 09. Appendix 07. Governance 05. Strategy 08. Metrics and targets 01. Message from the Group CEO 02. Editorial policy Calculation method for Scopes 1 and 2 GHG emissions relating to Scopes 1, 2, and 3 (Categories 1 to 14) are calculated",ment 09. Appendix 07. Governance 05. Strategy 08. Metrics and targets 01. Message from the Group CEO 02. Editorial policy Calculation method for Scopes 1 and...,Review only: keep out of accepted standard-company conclusions until page-level evidence explicitly names the series.,仅供复核：页级证据明确命名具体系列前，不进入已采信标准-企业结论。
r122_carrefour,122,CARREFOUR,家乐福,F,Wholesale and Retail Trade,批发和零售业,ghg_corporate_standard,GHG Protocol Corporate Accounting and Reporting Standard,GHG Protocol 企业核算与报告标准,Standard,标准,Corporate inventory accounting standard,企业组织层面清单核算标准,"Relevance, completeness, consistency, transparency, and accuracy.",相关性、完整性、一致性、透明性和准确性。,"Within GHG Protocol evidence, this may define Scope 1 and Scope 2 corporate inventory boundaries.",仅在 GHG Protocol 证据下使用 Scope 1/2 的组织层面清单口径。,contextual_scope_inventory_mapping,no_explicit_whitelisted_series_name_in_page_text,,3,93,Carrefour_2024_Universal_Registration_Document.pdf,seed_batch_12,medium,"ational Agreement on Plastic Packaging Reducing Scope 3 greenhouse gas emissions Adapting products and supply chains to climate change Scientific experts and consultants Definition of industry‑level/ national strategies Partnerships EY, ICa",ational Agreement on Plastic Packaging Reducing Scope 3 greenhouse gas emissions Adapting products and supply chains to climate change Scientific experts and...,Review only: keep out of accepted standard-company conclusions until page-level evidence explicitly names the series.,仅供复核：页级证据明确命名具体系列前，不进入已采信标准-企业结论。
r122_carrefour,122,CARREFOUR,家乐福,F,Wholesale and Retail Trade,批发和零售业,ghg_scope3_calculation_guidance,GHG Protocol Scope 3 Calculation Guidance,GHG Protocol Scope 3 计算指南,Guidance,指南,Scope 3 inventory calculation guidance,Scope 3 清单计算指南,Companion calculation guidance for completing Scope 3 inventories.,配套计算指南，用于完成 Scope 3 清单。,Scope 3 categories are GHG-specific and only shown when the source uses that wording.,Scope 3 类别是 GHG 特有口径，仅在原文如此使用时展示。,contextual_scope_inventory_mapping,no_explicit_whitelisted_series_name_in_page_text,,1,93,Carrefour_2024_Universal_Registration_Document.pdf,pdf_contextual_scope_inventory_mapping,pdf_page_backfill,"Structured standard tag: GHG Protocol; Standard role: Accounting standard ational Agreement on Plastic Packaging Reducing Scope 3 greenhouse gas emissions Adapting products and supply chains to climate change Scientific experts and consultants Definition of industry‑level/ national strategies Partnerships EY, ICa Carrefour_2024_Universal_Registration_Docume…","Structured standard tag: GHG Protocol; Standard role: Accounting standard ational Agreement on Plastic Packaging Reducing Scope 3 greenhouse gas emissions Adapting products and supply chains to climate change Scientific experts and consultants Definition of industry‑level/ national strategies Partnerships EY, ICa Carrefour_2024_Universal_Registration_Docume…",Review only: keep out of accepted standard-company conclusions until page-level evidence explicitly names the series.,仅供复核：页级证据明确命名具体系列前，不进入已采信标准-企业结论。
r122_carrefour,122,CARREFOUR,家乐福,F,Wholesale and Retail Trade,批发和零售业,ghg_scope3_standard,GHG Protocol Corporate Value Chain (Scope 3) Accounting and Reporting Standard,GHG Protocol 企业价值链（Scope 3）核算与报告标准,Standard,标准,Value-chain emissions accounting standard,价值链排放核算标准,Scope 3 categories are GHG Protocol-specific category language.,Scope 3 类别是 GHG Protocol 特有的类别口径。,Scope 3 and Scope 3 category names are only used for GHG Protocol evidence.,Scope 3 及十五类类别口径只在 GHG Protocol 证据下使用。,contextual_scope_inventory_mapping,no_explicit_whitelisted_series_name_in_page_text,,1,93,Carrefour_2024_Universal_Registration_Document.pdf,pdf_contextual_scope_inventory_mapping,pdf_page_backfill,"Structured standard tag: GHG Protocol; Standard role: Accounting standard ational Agreement on Plastic Packaging Reducing Scope 3 greenhouse gas emissions Adapting products and supply chains to climate change Scientific experts and consultants Definition of industry‑level/ national strategies Partnerships EY, ICa Carrefour_2024_Universal_Registration_Docume…","Structured standard tag: GHG Protocol; Standard role: Accounting standard ational Agreement on Plastic Packaging Reducing Scope 3 greenhouse gas emissions Adapting products and supply chains to climate change Scientific experts and consultants Definition of industry‑level/ national strategies Partnerships EY, ICa Carrefour_2024_Universal_Registration_Docume…",Review only: keep out of accepted standard-company conclusions until page-level evidence explicitly names the series.,仅供复核：页级证据明确命名具体系列前，不进入已采信标准-企业结论。
r123_pepsico,123,PEPSICO,百事公司,C,Manufacturing,制造业,ghg_corporate_standard,GHG Protocol Corporate Accounting and Reporting Standard,GHG Protocol 企业核算与报告标准,Standard,标准,Corporate inventory accounting standard,企业组织层面清单核算标准,"Relevance, completeness, consistency, transparency, and accuracy.",相关性、完整性、一致性、透明性和准确性。,"Within GHG Protocol evidence, this may define Scope 1 and Scope 2 corporate inventory boundaries.",仅在 GHG Protocol 证据下使用 Scope 1/2 的组织层面清单口径。,contextual_scope_inventory_mapping,no_explicit_whitelisted_series_name_in_page_text,,3,21,PEPSICO-2024-esg-summary-esg-performance-metrics.pdf,seed_batch_03,medium,"ith industry standards, advocating for supportive government policies and understanding the views of diverse stakeholders will influence the progress we are able to make in working towards our targets. 1 Goal tracks Scope 1 and 2 emissions","ith industry standards, advocating for supportive government policies and understanding the views of diverse stakeholders will influence the progress we are ...",Review only: keep out of accepted standard-company conclusions until page-level evidence explicitly names the series.,仅供复核：页级证据明确命名具体系列前，不进入已采信标准-企业结论。
r123_pepsico,123,PEPSICO,百事公司,C,Manufacturing,制造业,ghg_land_sector_removals_standard,GHG Protocol Land Sector and Removals Standard,GHG Protocol 土地部门与碳移除标准,Standard,标准,Land emissions and removals accounting standard,土地排放与碳移除核算标准,"Quantify, report, and track land-sector emissions, CO2 removals, and related metrics.",量化、报告和跟踪土地部门排放、二氧化碳移除及相关指标。,Use land-sector/removals wording; do not translate removals into corporate Scope totals unless cited that way.,使用土地部门/移除口径；除非原文如此引用，不直接改写为企业 Scope 总量。,contextual_scope_inventory_mapping,no_explicit_whitelisted_series_name_in_page_text,,1,21,PEPSICO-2024-esg-summary-esg-performance-metrics.pdf,pdf_contextual_scope_inventory_mapping,pdf_page_backfill,"Structured standard tag: GHG Protocol; Standard role: Accounting standard ith industry standards, advocating for supportive government policies and understanding the views of diverse stakeholders will influence the progress we are able to make in working towards our targets. 1 Goal tracks Scope 1 and 2 emissions PEPSICO-2024-esg-summary-esg-performance-metr…","Structured standard tag: GHG Protocol; Standard role: Accounting standard ith industry standards, advocating for supportive government policies and understanding the views of diverse stakeholders will influence the progress we are able to make in working towards our targets. 1 Goal tracks Scope 1 and 2 emissions PEPSICO-2024-esg-summary-esg-performance-metr…",Review only: keep out of accepted standard-company conclusions until page-level evidence explicitly names the series.,仅供复核：页级证据明确命名具体系列前，不进入已采信标准-企业结论。
r123_pepsico,123,PEPSICO,百事公司,C,Manufacturing,制造业,ghg_scope2_guidance,GHG Protocol Scope 2 Guidance,GHG Protocol Scope 2 指南,Guidance,指南,Purchased electricity and energy method guidance,外购电力与能源口径指南,Location-based and market-based Scope 2 reporting are separated when cited.,原文显式引用时区分位置法与市场法 Scope 2 披露。,Scope 2 market-based and location-based language is treated as GHG-specific.,Scope 2 市场法/位置法术语只在 GHG Protocol 语境下使用。,contextual_scope_inventory_mapping,no_explicit_whitelisted_series_name_in_page_text,,1,21,PEPSICO-2024-esg-summary-esg-performance-metrics.pdf,pdf_contextual_scope_inventory_mapping,pdf_page_backfill,"Structured standard tag: GHG Protocol; Standard role: Accounting standard ith industry standards, advocating for supportive government policies and understanding the views of diverse stakeholders will influence the progress we are able to make in working towards our targets. 1 Goal tracks Scope 1 and 2 emissions PEPSICO-2024-esg-summary-esg-performance-metr…","Structured standard tag: GHG Protocol; Standard role: Accounting standard ith industry standards, advocating for supportive government policies and understanding the views of diverse stakeholders will influence the progress we are able to make in working towards our targets. 1 Goal tracks Scope 1 and 2 emissions PEPSICO-2024-esg-summary-esg-performance-metr…",Review only: keep out of accepted standard-company conclusions until page-level evidence explicitly names the series.,仅供复核：页级证据明确命名具体系列前，不进入已采信标准-企业结论。
r123_pepsico,123,PEPSICO,百事公司,C,Manufacturing,制造业,ghg_scope3_calculation_guidance,GHG Protocol Scope 3 Calculation Guidance,GHG Protocol Scope 3 计算指南,Guidance,指南,Scope 3 inventory calculation guidance,Scope 3 清单计算指南,Companion calculation guidance for completing Scope 3 inventories.,配套计算指南，用于完成 Scope 3 清单。,Scope 3 categories are GHG-specific and only shown when the source uses that wording.,Scope 3 类别是 GHG 特有口径，仅在原文如此使用时展示。,contextual_scope_inventory_mapping,no_explicit_whitelisted_series_name_in_page_text,,1,21,PEPSICO-2024-esg-summary-esg-performance-metrics.pdf,pdf_contextual_scope_inventory_mapping,pdf_page_backfill,"Structured standard tag: GHG Protocol; Standard role: Accounting standard ith industry standards, advocating for supportive government policies and understanding the views of diverse stakeholders will influence the progress we are able to make in working towards our targets. 1 Goal tracks Scope 1 and 2 emissions PEPSICO-2024-esg-summary-esg-performance-metr…","Structured standard tag: GHG Protocol; Standard role: Accounting standard ith industry standards, advocating for supportive government policies and understanding the views of diverse stakeholders will influence the progress we are able to make in working towards our targets. 1 Goal tracks Scope 1 and 2 emissions PEPSICO-2024-esg-summary-esg-performance-metr…",Review only: keep out of accepted standard-company conclusions until page-level evidence explicitly names the series.,仅供复核：页级证据明确命名具体系列前，不进入已采信标准-企业结论。
r123_pepsico,123,PEPSICO,百事公司,C,Manufacturing,制造业,ghg_scope3_standard,GHG Protocol Corporate Value Chain (Scope 3) Accounting and Reporting Standard,GHG Protocol 企业价值链（Scope 3）核算与报告标准,Standard,标准,Value-chain emissions accounting standard,价值链排放核算标准,Scope 3 categories are GHG Protocol-specific category language.,Scope 3 类别是 GHG Protocol 特有的类别口径。,Scope 3 and Scope 3 category names are only used for GHG Protocol evidence.,Scope 3 及十五类类别口径只在 GHG Protocol 证据下使用。,contextual_scope_inventory_mapping,no_explicit_whitelisted_series_name_in_page_text,,1,21,PEPSICO-2024-esg-summary-esg-performance-metrics.pdf,pdf_contextual_scope_inventory_mapping,pdf_page_backfill,"Structured standard tag: GHG Protocol; Standard role: Accounting standard ith industry standards, advocating for supportive government policies and understanding the views of diverse stakeholders will influence the progress we are able to make in working towards our targets. 1 Goal tracks Scope 1 and 2 emissions PEPSICO-2024-esg-summary-esg-performance-metr…","Structured standard tag: GHG Protocol; Standard role: Accounting standard ith industry standards, advocating for supportive government policies and understanding the views of diverse stakeholders will influence the progress we are able to make in working towards our targets. 1 Goal tracks Scope 1 and 2 emissions PEPSICO-2024-esg-summary-esg-performance-metr…",Review only: keep out of accepted standard-company conclusions until page-level evidence explicitly names the series.,仅供复核：页级证据明确命名具体系列前，不进入已采信标准-企业结论。
r124_unitedparcelservice,124,UNITED PARCEL SERVICE,联合包裹速递服务公司,G,"Transport, Storage and Post",交通运输、仓储和邮政业,ghg_scope2_guidance,GHG Protocol Scope 2 Guidance,GHG Protocol Scope 2 指南,Guidance,指南,Purchased electricity and energy method guidance,外购电力与能源口径指南,Location-based and market-based Scope 2 reporting are separated when cited.,原文显式引用时区分位置法与市场法 Scope 2 披露。,Scope 2 market-based and location-based language is treated as GHG-specific.,Scope 2 市场法/位置法术语只在 GHG Protocol 语境下使用。,contextual_scope_inventory_mapping,no_explicit_whitelisted_series_name_in_page_text,,1,10,2024-UPS-GRI-Report.pdf,pdf_contextual_scope_inventory_mapping,pdf_page_backfill,Structured standard tag: GHG Protocol; Standard role: Accounting standard sustainability reports prior to publication. The Board's Audit Committee is responsible for overseeing the annual engagement of the independent third-party that examines UPS management's assertion that the Statement of GHG emissions is in a 2024-UPS-GRI-Report.pdf The Board's oversigh…,Structured standard tag: GHG Protocol; Standard role: Accounting standard sustainability reports prior to publication. The Board's Audit Committee is responsible for overseeing the annual engagement of the independent third-party that examines UPS management's assertion that the Statement of GHG emissions is in a 2024-UPS-GRI-Report.pdf The Board's oversigh…,Review only: keep out of accepted standard-company conclusions until page-level evidence explicitly names the series.,仅供复核：页级证据明确命名具体系列前，不进入已采信标准-企业结论。
r124_unitedparcelservice,124,UNITED PARCEL SERVICE,联合包裹速递服务公司,G,"Transport, Storage and Post",交通运输、仓储和邮政业,ghg_scope3_calculation_guidance,GHG Protocol Scope 3 Calculation Guidance,GHG Protocol Scope 3 计算指南,Guidance,指南,Scope 3 inventory calculation guidance,Scope 3 清单计算指南,Companion calculation guidance for completing Scope 3 inventories.,配套计算指南，用于完成 Scope 3 清单。,Scope 3 categories are GHG-specific and only shown when the source uses that wording.,Scope 3 类别是 GHG 特有口径，仅在原文如此使用时展示。,contextual_scope_inventory_mapping,no_explicit_whitelisted_series_name_in_page_text,,1,10,2024-UPS-GRI-Report.pdf,pdf_contextual_scope_inventory_mapping,pdf_page_backfill,Structured standard tag: GHG Protocol; Standard role: Accounting standard sustainability reports prior to publication. The Board's Audit Committee is responsible for overseeing the annual engagement of the independent third-party that examines UPS management's assertion that the Statement of GHG emissions is in a 2024-UPS-GRI-Report.pdf The Board's oversigh…,Structured standard tag: GHG Protocol; Standard role: Accounting standard sustainability reports prior to publication. The Board's Audit Committee is responsible for overseeing the annual engagement of the independent third-party that examines UPS management's assertion that the Statement of GHG emissions is in a 2024-UPS-GRI-Report.pdf The Board's oversigh…,Review only: keep out of accepted standard-company conclusions until page-level evidence explicitly names the series.,仅供复核：页级证据明确命名具体系列前，不进入已采信标准-企业结论。
r125_ptt,125,PTT,泰国国家石油有限公司,D,"Electricity, Heat, Gas and Water Production and Supply",电力、热力、燃气及水生产和供应业,ghg_corporate_standard,GHG Protocol Corporate Accounting and Reporting Standard,GHG Protocol 企业核算与报告标准,Standard,标准,Corporate inventory accounting standard,企业组织层面清单核算标准,"Relevance, completeness, consistency, transparency, and accuracy.",相关性、完整性、一致性、透明性和准确性。,"Within GHG Protocol evidence, this may define Scope 1 and Scope 2 corporate inventory boundaries.",仅在 GHG Protocol 证据下使用 Scope 1/2 的组织层面清单口径。,contextual_scope_inventory_mapping,no_explicit_whitelisted_series_name_in_page_text,,3,152,PTT One Report ENG 2024.pdf,seed_batch_13,medium,"sed from private power plants, GPSC and GC. • The emission factors and global warming potential (GWP) values used are referenced from IPCC AR6 for GWP calculations. • The standards, methodologies, assumptions, and/or calculation tools appli","sed from private power plants, GPSC and GC. • The emission factors and global warming potential (GWP) values used are referenced from IPCC AR6 for GWP calcul...",Review only: keep out of accepted standard-company conclusions until page-level evidence explicitly names the series.,仅供复核：页级证据明确命名具体系列前，不进入已采信标准-企业结论。
r125_ptt,125,PTT,泰国国家石油有限公司,D,"Electricity, Heat, Gas and Water Production and Supply",电力、热力、燃气及水生产和供应业,ghg_scope2_guidance,GHG Protocol Scope 2 Guidance,GHG Protocol Scope 2 指南,Guidance,指南,Purchased electricity and energy method guidance,外购电力与能源口径指南,Location-based and market-based Scope 2 reporting are separated when cited.,原文显式引用时区分位置法与市场法 Scope 2 披露。,Scope 2 market-based and location-based language is treated as GHG-specific.,Scope 2 市场法/位置法术语只在 GHG Protocol 语境下使用。,contextual_scope_inventory_mapping,no_explicit_whitelisted_series_name_in_page_text,,3,152,PTT One Report ENG 2024.pdf,seed_batch_13,medium,"sed from private power plants, GPSC and GC. • The emission factors and global warming potential (GWP) values used are referenced from IPCC AR6 for GWP calculations. • The standards, methodologies, assumptions, and/or calculation tools appli","sed from private power plants, GPSC and GC. • The emission factors and global warming potential (GWP) values used are referenced from IPCC AR6 for GWP calcul...",Review only: keep out of accepted standard-company conclusions until page-level evidence explicitly names the series.,仅供复核：页级证据明确命名具体系列前，不进入已采信标准-企业结论。
r125_ptt,125,PTT,泰国国家石油有限公司,D,"Electricity, Heat, Gas and Water Production and Supply",电力、热力、燃气及水生产和供应业,ghg_scope3_calculation_guidance,GHG Protocol Scope 3 Calculation Guidance,GHG Protocol Scope 3 计算指南,Guidance,指南,Scope 3 inventory calculation guidance,Scope 3 清单计算指南,Companion calculation guidance for completing Scope 3 inventories.,配套计算指南，用于完成 Scope 3 清单。,Scope 3 categories are GHG-specific and only shown when the source uses that wording.,Scope 3 类别是 GHG 特有口径，仅在原文如此使用时展示。,contextual_scope_inventory_mapping,no_explicit_whitelisted_series_name_in_page_text,,3,152,PTT One Report ENG 2024.pdf,seed_batch_13,medium,"sed from private power plants, GPSC and GC. • The emission factors and global warming potential (GWP) values used are referenced from IPCC AR6 for GWP calculations. • The standards, methodologies, assumptions, and/or calculation tools appli","sed from private power plants, GPSC and GC. • The emission factors and global warming potential (GWP) values used are referenced from IPCC AR6 for GWP calcul...",Review only: keep out of accepted standard-company conclusions until page-level evidence explicitly names the series.,仅供复核：页级证据明确命名具体系列前，不进入已采信标准-企业结论。
r125_ptt,125,PTT,泰国国家石油有限公司,D,"Electricity, Heat, Gas and Water Production and Supply",电力、热力、燃气及水生产和供应业,ghg_scope3_standard,GHG Protocol Corporate Value Chain (Scope 3) Accounting and Reporting Standard,GHG Protocol 企业价值链（Scope 3）核算与报告标准,Standard,标准,Value-chain emissions accounting standard,价值链排放核算标准,Scope 3 categories are GHG Protocol-specific category language.,Scope 3 类别是 GHG Protocol 特有的类别口径。,Scope 3 and Scope 3 category names are only used for GHG Protocol evidence.,Scope 3 及十五类类别口径只在 GHG Protocol 证据下使用。,contextual_scope_inventory_mapping,no_explicit_whitelisted_series_name_in_page_text,,3,152,PTT One Report ENG 2024.pdf,seed_batch_13,medium,"sed from private power plants, GPSC and GC. • The emission factors and global warming potential (GWP) values used are referenced from IPCC AR6 for GWP calculations. • The standards, methodologies, assumptions, and/or calculation tools appli","sed from private power plants, GPSC and GC. • The emission factors and global warming potential (GWP) values used are referenced from IPCC AR6 for GWP calcul...",Review only: keep out of accepted standard-company conclusions until page-level evidence explicitly names the series.,仅供复核：页级证据明确命名具体系列前，不进入已采信标准-企业结论。
r126_axa,126,AXA,安盛,J,Finance,金融业,ghg_corporate_standard,GHG Protocol Corporate Accounting and Reporting Standard,GHG Protocol 企业核算与报告标准,Standard,标准,Corporate inventory accounting standard,企业组织层面清单核算标准,"Relevance, completeness, consistency, transparency, and accuracy.",相关性、完整性、一致性、透明性和准确性。,"Within GHG Protocol evidence, this may define Scope 1 and Scope 2 corporate inventory boundaries.",仅在 GHG Protocol 证据下使用 Scope 1/2 的组织层面清单口径。,contextual_scope_inventory_mapping,no_explicit_whitelisted_series_name_in_page_text,,2,152,axa_urd2024_accessible_va.pdf,seed_batch_13,medium,"cond target (2) aiming for a 50% reduction in carbon intensity of its General Account by 2030 compared to 2019. The target encompasses listed corporate debt, equity, and real estate equity (3), covering investee's Scopes 1 and 2 GHG emissio","cond target (2) aiming for a 50% reduction in carbon intensity of its General Account by 2030 compared to 2019. The target encompasses listed corporate debt,...",Review only: keep out of accepted standard-company conclusions until page-level evidence explicitly names the series.,仅供复核：页级证据明确命名具体系列前，不进入已采信标准-企业结论。
r127_fedex,127,FEDEX,联邦快递,G,"Transport, Storage and Post",交通运输、仓储和邮政业,ghg_corporate_standard,GHG Protocol Corporate Accounting and Reporting Standard,GHG Protocol 企业核算与报告标准,Standard,标准,Corporate inventory accounting standard,企业组织层面清单核算标准,"Relevance, completeness, consistency, transparency, and accuracy.",相关性、完整性、一致性、透明性和准确性。,"Within GHG Protocol evidence, this may define Scope 1 and Scope 2 corporate inventory boundaries.",仅在 GHG Protocol 证据下使用 Scope 1/2 的组织层面清单口径。,contextual_scope_inventory_mapping,no_explicit_whitelisted_series_name_in_page_text,,3,19,FedEx_2025_CR_Report.pdf,seed_batch_03,medium,"and exploring how enhanced weathering can be integrated into industrial and agricultural processes, such as wastewater treatment and irrigation systems. Enhancing footprint data collection 2025 marks our 18th year of disclosing our emission","and exploring how enhanced weathering can be integrated into industrial and agricultural processes, such as wastewater treatment and irrigation systems. Enha...",Review only: keep out of accepted standard-company conclusions until page-level evidence explicitly names the series.,仅供复核：页级证据明确命名具体系列前，不进入已采信标准-企业结论。
r127_fedex,127,FEDEX,联邦快递,G,"Transport, Storage and Post",交通运输、仓储和邮政业,ghg_scope2_guidance,GHG Protocol Scope 2 Guidance,GHG Protocol Scope 2 指南,Guidance,指南,Purchased electricity and energy method guidance,外购电力与能源口径指南,Location-based and market-based Scope 2 reporting are separated when cited.,原文显式引用时区分位置法与市场法 Scope 2 披露。,Scope 2 market-based and location-based language is treated as GHG-specific.,Scope 2 市场法/位置法术语只在 GHG Protocol 语境下使用。,contextual_scope_inventory_mapping,no_explicit_whitelisted_series_name_in_page_text,,3,19,FedEx_2025_CR_Report.pdf,seed_batch_03,medium,"and exploring how enhanced weathering can be integrated into industrial and agricultural processes, such as wastewater treatment and irrigation systems. Enhancing footprint data collection 2025 marks our 18th year of disclosing our emission","and exploring how enhanced weathering can be integrated into industrial and agricultural processes, such as wastewater treatment and irrigation systems. Enha...",Review only: keep out of accepted standard-company conclusions until page-level evidence explicitly names the series.,仅供复核：页级证据明确命名具体系列前，不进入已采信标准-企业结论。
r127_fedex,127,FEDEX,联邦快递,G,"Transport, Storage and Post",交通运输、仓储和邮政业,ghg_scope3_calculation_guidance,GHG Protocol Scope 3 Calculation Guidance,GHG Protocol Scope 3 计算指南,Guidance,指南,Scope 3 inventory calculation guidance,Scope 3 清单计算指南,Companion calculation guidance for completing Scope 3 inventories.,配套计算指南，用于完成 Scope 3 清单。,Scope 3 categories are GHG-specific and only shown when the source uses that wording.,Scope 3 类别是 GHG 特有口径，仅在原文如此使用时展示。,contextual_scope_inventory_mapping,no_explicit_whitelisted_series_name_in_page_text,,3,19,FedEx_2025_CR_Report.pdf,seed_batch_03,medium,"and exploring how enhanced weathering can be integrated into industrial and agricultural processes, such as wastewater treatment and irrigation systems. Enhancing footprint data collection 2025 marks our 18th year of disclosing our emission","and exploring how enhanced weathering can be integrated into industrial and agricultural processes, such as wastewater treatment and irrigation systems. Enha...",Review only: keep out of accepted standard-company conclusions until page-level evidence explicitly names the series.,仅供复核：页级证据明确命名具体系列前，不进入已采信标准-企业结论。
r127_fedex,127,FEDEX,联邦快递,G,"Transport, Storage and Post",交通运输、仓储和邮政业,ghg_scope3_standard,GHG Protocol Corporate Value Chain (Scope 3) Accounting and Reporting Standard,GHG Protocol 企业价值链（Scope 3）核算与报告标准,Standard,标准,Value-chain emissions accounting standard,价值链排放核算标准,Scope 3 categories are GHG Protocol-specific category language.,Scope 3 类别是 GHG Protocol 特有的类别口径。,Scope 3 and Scope 3 category names are only used for GHG Protocol evidence.,Scope 3 及十五类类别口径只在 GHG Protocol 证据下使用。,contextual_scope_inventory_mapping,no_explicit_whitelisted_series_name_in_page_text,,3,19,FedEx_2025_CR_Report.pdf,seed_batch_03,medium,"and exploring how enhanced weathering can be integrated into industrial and agricultural processes, such as wastewater treatment and irrigation systems. Enhancing footprint data collection 2025 marks our 18th year of disclosing our emission","and exploring how enhanced weathering can be integrated into industrial and agricultural processes, such as wastewater treatment and irrigation systems. Enha...",Review only: keep out of accepted standard-company conclusions until page-level evidence explicitly names the series.,仅供复核：页级证据明确命名具体系列前，不进入已采信标准-企业结论。
r128_sony,128,SONY,索尼,C,Manufacturing,制造业,ghg_corporate_standard,GHG Protocol Corporate Accounting and Reporting Standard,GHG Protocol 企业核算与报告标准,Standard,标准,Corporate inventory accounting standard,企业组织层面清单核算标准,"Relevance, completeness, consistency, transparency, and accuracy.",相关性、完整性、一致性、透明性和准确性。,"Within GHG Protocol evidence, this may define Scope 1 and Scope 2 corporate inventory boundaries.",仅在 GHG Protocol 证据下使用 Scope 1/2 的组织层面清单口径。,contextual_scope_inventory_mapping,no_explicit_whitelisted_series_name_in_page_text,,3,115,SONY-SustainabilityReport2025_E.pdf,seed_batch_13,medium,"in. *1 Value chain refers to the entire product life cycle process, from procurement of materials through to manufacturing, use and disposal. It includes upstream and downstream manufacturing processes. *2 GHG emissions are calculated in","in. *1 Value chain refers to the entire product life cycle process, from procurement of materials through to manufacturing, use and disposal. It includes up...",Review only: keep out of accepted standard-company conclusions until page-level evidence explicitly names the series.,仅供复核：页级证据明确命名具体系列前，不进入已采信标准-企业结论。
r128_sony,128,SONY,索尼,C,Manufacturing,制造业,ghg_product_standard,GHG Protocol Product Life Cycle Accounting and Reporting Standard,GHG Protocol 产品生命周期核算与报告标准,Standard,标准,Product life-cycle accounting standard,产品生命周期核算标准,Product-level life-cycle boundary; not a corporate Scope 1/2/3 total by itself.,产品层生命周期边界，本身不等同于企业 Scope 1/2/3 总量。,Use product life-cycle wording unless the source also cites corporate Scope accounting.,除非原文同时引用组织层 Scope 核算，否则使用产品生命周期口径。,contextual_scope_inventory_mapping,no_explicit_whitelisted_series_name_in_page_text,,3,115,SONY-SustainabilityReport2025_E.pdf,seed_batch_13,medium,"in. *1 Value chain refers to the entire product life cycle process, from procurement of materials through to manufacturing, use and disposal. It includes upstream and downstream manufacturing processes. *2 GHG emissions are calculated in","in. *1 Value chain refers to the entire product life cycle process, from procurement of materials through to manufacturing, use and disposal. It includes up...",Review only: keep out of accepted standard-company conclusions until page-level evidence explicitly names the series.,仅供复核：页级证据明确命名具体系列前，不进入已采信标准-企业结论。
r128_sony,128,SONY,索尼,C,Manufacturing,制造业,ghg_scope2_guidance,GHG Protocol Scope 2 Guidance,GHG Protocol Scope 2 指南,Guidance,指南,Purchased electricity and energy method guidance,外购电力与能源口径指南,Location-based and market-based Scope 2 reporting are separated when cited.,原文显式引用时区分位置法与市场法 Scope 2 披露。,Scope 2 market-based and location-based language is treated as GHG-specific.,Scope 2 市场法/位置法术语只在 GHG Protocol 语境下使用。,contextual_scope_inventory_mapping,no_explicit_whitelisted_series_name_in_page_text,,1,115,SONY-SustainabilityReport2025_E.pdf,pdf_contextual_scope_inventory_mapping,pdf_page_backfill,"Structured standard tag: GHG Protocol; Standard role: Accounting standard in. *1 Value chain refers to the entire product life cycle process, from procurement of materials through to manufacturing, use and disposal. It includes upstream and downstream manufacturing processes. *2 GHG emissions are calculated in SONY-SustainabilityReport2025_E.pdf Metrics a…","Structured standard tag: GHG Protocol; Standard role: Accounting standard in. *1 Value chain refers to the entire product life cycle process, from procurement of materials through to manufacturing, use and disposal. It includes upstream and downstream manufacturing processes. *2 GHG emissions are calculated in SONY-SustainabilityReport2025_E.pdf Metrics a…",Review only: keep out of accepted standard-company conclusions until page-level evidence explicitly names the series.,仅供复核：页级证据明确命名具体系列前，不进入已采信标准-企业结论。
r128_sony,128,SONY,索尼,C,Manufacturing,制造业,ghg_scope3_calculation_guidance,GHG Protocol Scope 3 Calculation Guidance,GHG Protocol Scope 3 计算指南,Guidance,指南,Scope 3 inventory calculation guidance,Scope 3 清单计算指南,Companion calculation guidance for completing Scope 3 inventories.,配套计算指南，用于完成 Scope 3 清单。,Scope 3 categories are GHG-specific and only shown when the source uses that wording.,Scope 3 类别是 GHG 特有口径，仅在原文如此使用时展示。,contextual_scope_inventory_mapping,no_explicit_whitelisted_series_name_in_page_text,,1,115,SONY-SustainabilityReport2025_E.pdf,pdf_contextual_scope_inventory_mapping,pdf_page_backfill,"Structured standard tag: GHG Protocol; Standard role: Accounting standard in. *1 Value chain refers to the entire product life cycle process, from procurement of materials through to manufacturing, use and disposal. It includes upstream and downstream manufacturing processes. *2 GHG emissions are calculated in SONY-SustainabilityReport2025_E.pdf Metrics a…","Structured standard tag: GHG Protocol; Standard role: Accounting standard in. *1 Value chain refers to the entire product life cycle process, from procurement of materials through to manufacturing, use and disposal. It includes upstream and downstream manufacturing processes. *2 GHG emissions are calculated in SONY-SustainabilityReport2025_E.pdf Metrics a…",Review only: keep out of accepted standard-company conclusions until page-level evidence explicitly names the series.,仅供复核：页级证据明确命名具体系列前，不进入已采信标准-企业结论。
r128_sony,128,SONY,索尼,C,Manufacturing,制造业,ghg_scope3_standard,GHG Protocol Corporate Value Chain (Scope 3) Accounting and Reporting Standard,GHG Protocol 企业价值链（Scope 3）核算与报告标准,Standard,标准,Value-chain emissions accounting standard,价值链排放核算标准,Scope 3 categories are GHG Protocol-specific category language.,Scope 3 类别是 GHG Protocol 特有的类别口径。,Scope 3 and Scope 3 category names are only used for GHG Protocol evidence.,Scope 3 及十五类类别口径只在 GHG Protocol 证据下使用。,contextual_overmapped_review,no_explicit_whitelisted_series_name_in_page_text,,3,115,SONY-SustainabilityReport2025_E.pdf,seed_batch_13,medium,"in. *1 Value chain refers to the entire product life cycle process, from procurement of materials through to manufacturing, use and disposal. It includes upstream and downstream manufacturing processes. *2 GHG emissions are calculated in","in. *1 Value chain refers to the entire product life cycle process, from procurement of materials through to manufacturing, use and disposal. It includes up...",Review only: keep out of accepted standard-company conclusions until page-level evidence explicitly names the series.,仅供复核：页级证据明确命名具体系列前，不进入已采信标准-企业结论。
r130_engie集团,130,Engie,Engie,D,"Electricity, Heat, Gas and Water Production and Supply",电力、热力、燃气及水生产和供应业,ghg_scope3_calculation_guidance,GHG Protocol Scope 3 Calculation Guidance,GHG Protocol Scope 3 计算指南,Guidance,指南,Scope 3 inventory calculation guidance,Scope 3 清单计算指南,Companion calculation guidance for completing Scope 3 inventories.,配套计算指南，用于完成 Scope 3 清单。,Scope 3 categories are GHG-specific and only shown when the source uses that wording.,Scope 3 类别是 GHG 特有口径，仅在原文如此使用时展示。,contextual_scope_inventory_mapping,no_explicit_whitelisted_series_name_in_page_text,,1,112,ENGIE_DEU_2024_US__PDF_MEL_v3.pdf,pdf_contextual_scope_inventory_mapping,pdf_page_backfill,"Structured standard tag: GHG Protocol; Standard role: Accounting standard (fuel sales – Scope 3.11) is unchanged in order to ensure the commitment on gas sales. [E1-4 34b, AR 23, AR 24] The GHG emission reduction targets cover 100% of ENGIE’s GHG emissions assessment (Scopes 1, 2 and 3) in 2024. This assessment i ENGIE_DEU_2024_US__PDF_MEL_v3.pdf Sustainabi…","Structured standard tag: GHG Protocol; Standard role: Accounting standard (fuel sales – Scope 3.11) is unchanged in order to ensure the commitment on gas sales. [E1-4 34b, AR 23, AR 24] The GHG emission reduction targets cover 100% of ENGIE’s GHG emissions assessment (Scopes 1, 2 and 3) in 2024. This assessment i ENGIE_DEU_2024_US__PDF_MEL_v3.pdf Sustainabi…",Review only: keep out of accepted standard-company conclusions until page-level evidence explicitly names the series.,仅供复核：页级证据明确命名具体系列前，不进入已采信标准-企业结论。
r131_waltdisney,131,WALT DISNEY,华特迪士尼公司,R,"Culture, Sports and Entertainment",文化、体育和娱乐业,ghg_scope2_guidance,GHG Protocol Scope 2 Guidance,GHG Protocol Scope 2 指南,Guidance,指南,Purchased electricity and energy method guidance,外购电力与能源口径指南,Location-based and market-based Scope 2 reporting are separated when cited.,原文显式引用时区分位置法与市场法 Scope 2 披露。,Scope 2 market-based and location-based language is treated as GHG-specific.,Scope 2 市场法/位置法术语只在 GHG Protocol 语境下使用。,contextual_scope_inventory_mapping,no_explicit_whitelisted_series_name_in_page_text,,1,23,华特迪士尼公司-2024-SSI-Report.pdf,pdf_contextual_scope_inventory_mapping,pdf_page_backfill,"Structured standard tag: GHG Protocol; Standard role: Accounting standard ssions Water Waste Materials Sustainable Design Nature Data & Frameworks 23 We follow global frameworks to measure Scope 1, 2, & 3 GHG emissions: Learn more: 2030 Water Goals • Implement localized watershed stewardship strategies • Source s 华特迪士尼公司-2024-SSI-Report.pdf Our Science-Base…","Structured standard tag: GHG Protocol; Standard role: Accounting standard ssions Water Waste Materials Sustainable Design Nature Data & Frameworks 23 We follow global frameworks to measure Scope 1, 2, & 3 GHG emissions: Learn more: 2030 Water Goals • Implement localized watershed stewardship strategies • Source s 华特迪士尼公司-2024-SSI-Report.pdf Our Science-Base…",Review only: keep out of accepted standard-company conclusions until page-level evidence explicitly names the series.,仅供复核：页级证据明确命名具体系列前，不进入已采信标准-企业结论。
r131_waltdisney,131,WALT DISNEY,华特迪士尼公司,R,"Culture, Sports and Entertainment",文化、体育和娱乐业,ghg_scope3_calculation_guidance,GHG Protocol Scope 3 Calculation Guidance,GHG Protocol Scope 3 计算指南,Guidance,指南,Scope 3 inventory calculation guidance,Scope 3 清单计算指南,Companion calculation guidance for completing Scope 3 inventories.,配套计算指南，用于完成 Scope 3 清单。,Scope 3 categories are GHG-specific and only shown when the source uses that wording.,Scope 3 类别是 GHG 特有口径，仅在原文如此使用时展示。,contextual_scope_inventory_mapping,no_explicit_whitelisted_series_name_in_page_text,,1,23,华特迪士尼公司-2024-SSI-Report.pdf,pdf_contextual_scope_inventory_mapping,pdf_page_backfill,"Structured standard tag: GHG Protocol; Standard role: Accounting standard ssions Water Waste Materials Sustainable Design Nature Data & Frameworks 23 We follow global frameworks to measure Scope 1, 2, & 3 GHG emissions: Learn more: 2030 Water Goals • Implement localized watershed stewardship strategies • Source s 华特迪士尼公司-2024-SSI-Report.pdf Our Science-Base…","Structured standard tag: GHG Protocol; Standard role: Accounting standard ssions Water Waste Materials Sustainable Design Nature Data & Frameworks 23 We follow global frameworks to measure Scope 1, 2, & 3 GHG emissions: Learn more: 2030 Water Goals • Implement localized watershed stewardship strategies • Source s 华特迪士尼公司-2024-SSI-Report.pdf Our Science-Base…",Review only: keep out of accepted standard-company conclusions until page-level evidence explicitly names the series.,仅供复核：页级证据明确命名具体系列前，不进入已采信标准-企业结论。
r131_waltdisney,131,WALT DISNEY,华特迪士尼公司,R,"Culture, Sports and Entertainment",文化、体育和娱乐业,ghg_scope3_standard,GHG Protocol Corporate Value Chain (Scope 3) Accounting and Reporting Standard,GHG Protocol 企业价值链（Scope 3）核算与报告标准,Standard,标准,Value-chain emissions accounting standard,价值链排放核算标准,Scope 3 categories are GHG Protocol-specific category language.,Scope 3 类别是 GHG Protocol 特有的类别口径。,Scope 3 and Scope 3 category names are only used for GHG Protocol evidence.,Scope 3 及十五类类别口径只在 GHG Protocol 证据下使用。,contextual_scope_inventory_mapping,no_explicit_whitelisted_series_name_in_page_text,,1,23,华特迪士尼公司-2024-SSI-Report.pdf,pdf_explicit_series_citation,pdf_page_backfill,"anges, process changes, and other factors. We expect to follow SBTi methodology recommendations that companies use to check the validity of their target projections annually, and, at a minimum, reassess targets every five years. EMISSIONS (continued) Reducing Scope 3 Emissions and Engaging Suppliers and Licensees Recognizing the complex challenge of achievi…","anges, process changes, and other factors. We expect to follow SBTi methodology recommendations that companies use to check the validity of their target projections annually, and, at a minimum, reassess targets every five years. EMISSIONS (continued) Reducing Scope 3 Emissions and Engaging Suppliers and Licensees Recognizing the complex challenge of achievi…",Review only: keep out of accepted standard-company conclusions until page-level evidence explicitly names the series.,仅供复核：页级证据明确命名具体系列前，不进入已采信标准-企业结论。
r132_orlen,132,ORLEN,波兰国营石油公司,D,"Electricity, Heat, Gas and Water Production and Supply",电力、热力、燃气及水生产和供应业,ghg_scope3_calculation_guidance,GHG Protocol Scope 3 Calculation Guidance,GHG Protocol Scope 3 计算指南,Guidance,指南,Scope 3 inventory calculation guidance,Scope 3 清单计算指南,Companion calculation guidance for completing Scope 3 inventories.,配套计算指南，用于完成 Scope 3 清单。,Scope 3 categories are GHG-specific and only shown when the source uses that wording.,Scope 3 类别是 GHG 特有口径，仅在原文如此使用时展示。,contextual_overmapped_review,no_explicit_whitelisted_series_name_in_page_text,,3,119,Management Board on the Operations of ORLEN Group 2024.pdf.coredownload.pdf,seed_batch_04,medium,amending Regulation (EU) 2019/2088 (“Regulation (UE) 2020/852”). Disclosures regarding the EU Taxonomy are contained in Section 6.12 of this Sustainability Statement. Selected disclosures have been prepared based on other frameworks and sta,amending Regulation (EU) 2019/2088 (“Regulation (UE) 2020/852”). Disclosures regarding the EU Taxonomy are contained in Section 6.12 of this Sustainability S...,Review only: keep out of accepted standard-company conclusions until page-level evidence explicitly names the series.,仅供复核：页级证据明确命名具体系列前，不进入已采信标准-企业结论。
r134_dhlgroup,134,DHL GROUP,敦豪集团,G,"Transport, Storage and Post",交通运输、仓储和邮政业,ghg_corporate_standard,GHG Protocol Corporate Accounting and Reporting Standard,GHG Protocol 企业核算与报告标准,Standard,标准,Corporate inventory accounting standard,企业组织层面清单核算标准,"Relevance, completeness, consistency, transparency, and accuracy.",相关性、完整性、一致性、透明性和准确性。,"Within GHG Protocol evidence, this may define Scope 1 and Scope 2 corporate inventory boundaries.",仅在 GHG Protocol 证据下使用 Scope 1/2 的组织层面清单口径。,contextual_scope_inventory_mapping,no_explicit_whitelisted_series_name_in_page_text,,3,27,DHL-Group_2024-Progress-Report-on-Sustainability.pdf,seed_batch_04,medium,pital goods Fuel and energy- related activities Upstream transportation and distribution Business travel Employee commuting 1.77 2.49 27 SCOPE 3 GHG EMISSIONS The GHG emissions of transportation partners (Scope 3) are included under measure,pital goods Fuel and energy- related activities Upstream transportation and distribution Business travel Employee commuting 1.77 2.49 27 SCOPE 3 GHG EMISSION...,Review only: keep out of accepted standard-company conclusions until page-level evidence explicitly names the series.,仅供复核：页级证据明确命名具体系列前，不进入已采信标准-企业结论。
r134_dhlgroup,134,DHL GROUP,敦豪集团,G,"Transport, Storage and Post",交通运输、仓储和邮政业,ghg_scope3_standard,GHG Protocol Corporate Value Chain (Scope 3) Accounting and Reporting Standard,GHG Protocol 企业价值链（Scope 3）核算与报告标准,Standard,标准,Value-chain emissions accounting standard,价值链排放核算标准,Scope 3 categories are GHG Protocol-specific category language.,Scope 3 类别是 GHG Protocol 特有的类别口径。,Scope 3 and Scope 3 category names are only used for GHG Protocol evidence.,Scope 3 及十五类类别口径只在 GHG Protocol 证据下使用。,contextual_scope_inventory_mapping,no_explicit_whitelisted_series_name_in_page_text,,3,27,DHL-Group_2024-Progress-Report-on-Sustainability.pdf,seed_batch_04,medium,pital goods Fuel and energy- related activities Upstream transportation and distribution Business travel Employee commuting 1.77 2.49 27 SCOPE 3 GHG EMISSIONS The GHG emissions of transportation partners (Scope 3) are included under measure,pital goods Fuel and energy- related activities Upstream transportation and distribution Business travel Employee commuting 1.77 2.49 27 SCOPE 3 GHG EMISSION...,Review only: keep out of accepted standard-company conclusions until page-level evidence explicitly names the series.,仅供复核：页级证据明确命名具体系列前，不进入已采信标准-企业结论。
r136_nissanmotor,136,NISSAN MOTOR,日产汽车,C,Manufacturing,制造业,ghg_corporate_standard,GHG Protocol Corporate Accounting and Reporting Standard,GHG Protocol 企业核算与报告标准,Standard,标准,Corporate inventory accounting standard,企业组织层面清单核算标准,"Relevance, completeness, consistency, transparency, and accuracy.",相关性、完整性、一致性、透明性和准确性。,"Within GHG Protocol evidence, this may define Scope 1 and Scope 2 corporate inventory boundaries.",仅在 GHG Protocol 证据下使用 Scope 1/2 的组织层面清单口径。,contextual_scope_inventory_mapping,no_explicit_whitelisted_series_name_in_page_text,,3,63,NISSAN MOTOR-DB25_E_All.pdf,seed_batch_04,medium,"[Remarks] Basis of calculation for CO2 emissions subject to third-party assurance ■ CO2 emissions from Nissan Motor Co., Ltd. and consolidated subsidiaries: Calculated based on Nissan internal standards referencing the GHG Protocol. The ene","[Remarks] Basis of calculation for CO2 emissions subject to third-party assurance ■ CO2 emissions from Nissan Motor Co., Ltd. and consolidated subsidiaries: ...",Review only: keep out of accepted standard-company conclusions until page-level evidence explicitly names the series.,仅供复核：页级证据明确命名具体系列前，不进入已采信标准-企业结论。
r136_nissanmotor,136,NISSAN MOTOR,日产汽车,C,Manufacturing,制造业,ghg_scope3_calculation_guidance,GHG Protocol Scope 3 Calculation Guidance,GHG Protocol Scope 3 计算指南,Guidance,指南,Scope 3 inventory calculation guidance,Scope 3 清单计算指南,Companion calculation guidance for completing Scope 3 inventories.,配套计算指南，用于完成 Scope 3 清单。,Scope 3 categories are GHG-specific and only shown when the source uses that wording.,Scope 3 类别是 GHG 特有口径，仅在原文如此使用时展示。,contextual_scope_inventory_mapping,no_explicit_whitelisted_series_name_in_page_text,,1,63,NISSAN MOTOR-DB25_E_All.pdf,pdf_contextual_scope_inventory_mapping,pdf_page_backfill,"Structured standard tag: GHG Protocol; Standard role: Accounting standard [Remarks] Basis of calculation for CO2 emissions subject to third-party assurance ■ CO2 emissions from Nissan Motor Co., Ltd. and consolidated subsidiaries: Calculated based on Nissan internal standards referencing the GHG Protocol. The ene NISSAN MOTOR-DB25_E_All.pdf Third-party assu…","Structured standard tag: GHG Protocol; Standard role: Accounting standard [Remarks] Basis of calculation for CO2 emissions subject to third-party assurance ■ CO2 emissions from Nissan Motor Co., Ltd. and consolidated subsidiaries: Calculated based on Nissan internal standards referencing the GHG Protocol. The ene NISSAN MOTOR-DB25_E_All.pdf Third-party assu…",Review only: keep out of accepted standard-company conclusions until page-level evidence explicitly names the series.,仅供复核：页级证据明确命名具体系列前，不进入已采信标准-企业结论。
r137_royalbankofcanada,137,ROYAL BANK OF CANADA,加拿大皇家银行,J,Finance,金融业,ghg_scope3_calculation_guidance,GHG Protocol Scope 3 Calculation Guidance,GHG Protocol Scope 3 计算指南,Guidance,指南,Scope 3 inventory calculation guidance,Scope 3 清单计算指南,Companion calculation guidance for completing Scope 3 inventories.,配套计算指南，用于完成 Scope 3 清单。,Scope 3 categories are GHG-specific and only shown when the source uses that wording.,Scope 3 类别是 GHG 特有口径，仅在原文如此使用时展示。,contextual_scope_inventory_mapping,no_explicit_whitelisted_series_name_in_page_text,,1,58,ROYAL BANK OF CANADA-RBC-2024-sustainability-report.pdf,pdf_contextual_scope_inventory_mapping,pdf_page_backfill,"Structured standard tag: GHG Protocol; Standard role: Accounting standard le 16: Global emissions from our operations, for the year ended October 31 provides our global operational emissions for the last three years and our 2018 baseline. We report on our operational emissions with multi- year data calculated in ROYAL BANK OF CANADA-RBC-2024-sustainability-…","Structured standard tag: GHG Protocol; Standard role: Accounting standard le 16: Global emissions from our operations, for the year ended October 31 provides our global operational emissions for the last three years and our 2018 baseline. We report on our operational emissions with multi- year data calculated in ROYAL BANK OF CANADA-RBC-2024-sustainability-…",Review only: keep out of accepted standard-company conclusions until page-level evidence explicitly names the series.,仅供复核：页级证据明确命名具体系列前，不进入已采信标准-企业结论。
r137_royalbankofcanada,137,ROYAL BANK OF CANADA,加拿大皇家银行,J,Finance,金融业,ghg_scope3_standard,GHG Protocol Corporate Value Chain (Scope 3) Accounting and Reporting Standard,GHG Protocol 企业价值链（Scope 3）核算与报告标准,Standard,标准,Value-chain emissions accounting standard,价值链排放核算标准,Scope 3 categories are GHG Protocol-specific category language.,Scope 3 类别是 GHG Protocol 特有的类别口径。,Scope 3 and Scope 3 category names are only used for GHG Protocol evidence.,Scope 3 及十五类类别口径只在 GHG Protocol 证据下使用。,contextual_scope_inventory_mapping,no_explicit_whitelisted_series_name_in_page_text,,1,58,ROYAL BANK OF CANADA-RBC-2024-sustainability-report.pdf,pdf_contextual_scope_inventory_mapping,pdf_page_backfill,"Structured standard tag: GHG Protocol; Standard role: Accounting standard le 16: Global emissions from our operations, for the year ended October 31 provides our global operational emissions for the last three years and our 2018 baseline. We report on our operational emissions with multi- year data calculated in ROYAL BANK OF CANADA-RBC-2024-sustainability-…","Structured standard tag: GHG Protocol; Standard role: Accounting standard le 16: Global emissions from our operations, for the year ended October 31 provides our global operational emissions for the last three years and our 2018 baseline. We report on our operational emissions with multi- year data calculated in ROYAL BANK OF CANADA-RBC-2024-sustainability-…",Review only: keep out of accepted standard-company conclusions until page-level evidence explicitly names the series.,仅供复核：页级证据明确命名具体系列前，不进入已采信标准-企业结论。
r140_tesco,140,TESCO,乐购,F,Wholesale and Retail Trade,批发和零售业,ghg_corporate_standard,GHG Protocol Corporate Accounting and Reporting Standard,GHG Protocol 企业核算与报告标准,Standard,标准,Corporate inventory accounting standard,企业组织层面清单核算标准,"Relevance, completeness, consistency, transparency, and accuracy.",相关性、完整性、一致性、透明性和准确性。,"Within GHG Protocol evidence, this may define Scope 1 and Scope 2 corporate inventory boundaries.",仅在 GHG Protocol 证据下使用 Scope 1/2 的组织层面清单口径。,contextual_scope_inventory_mapping,no_explicit_whitelisted_series_name_in_page_text,,3,10,tesco-sustainability-report-2025.pdf,seed_batch_04,medium,"Scope 3 methodology We continually work to improve our footprint data to comply with the SBTi guidelines and the GHG Protocol. Our footprint calculations were mainly based on secondary emissions factors, in line with the industry, but we’re",Scope 3 methodology We continually work to improve our footprint data to comply with the SBTi guidelines and the GHG Protocol. Our footprint calculations wer...,Review only: keep out of accepted standard-company conclusions until page-level evidence explicitly names the series.,仅供复核：页级证据明确命名具体系列前，不进入已采信标准-企业结论。
r140_tesco,140,TESCO,乐购,F,Wholesale and Retail Trade,批发和零售业,ghg_land_sector_removals_standard,GHG Protocol Land Sector and Removals Standard,GHG Protocol 土地部门与碳移除标准,Standard,标准,Land emissions and removals accounting standard,土地排放与碳移除核算标准,"Quantify, report, and track land-sector emissions, CO2 removals, and related metrics.",量化、报告和跟踪土地部门排放、二氧化碳移除及相关指标。,Use land-sector/removals wording; do not translate removals into corporate Scope totals unless cited that way.,使用土地部门/移除口径；除非原文如此引用，不直接改写为企业 Scope 总量。,contextual_scope_inventory_mapping,no_explicit_whitelisted_series_name_in_page_text,,1,10,tesco-sustainability-report-2025.pdf,pdf_contextual_scope_inventory_mapping,pdf_page_backfill,"Structured standard tag: GHG Protocol; Standard role: Accounting standard Scope 3 methodology We continually work to improve our footprint data to comply with the SBTi guidelines and the GHG Protocol. Our footprint calculations were mainly based on secondary emissions factors, in line with the industry, but we’re tesco-sustainability-report-2025.pdf The pil…","Structured standard tag: GHG Protocol; Standard role: Accounting standard Scope 3 methodology We continually work to improve our footprint data to comply with the SBTi guidelines and the GHG Protocol. Our footprint calculations were mainly based on secondary emissions factors, in line with the industry, but we’re tesco-sustainability-report-2025.pdf The pil…",Review only: keep out of accepted standard-company conclusions until page-level evidence explicitly names the series.,仅供复核：页级证据明确命名具体系列前，不进入已采信标准-企业结论。
r140_tesco,140,TESCO,乐购,F,Wholesale and Retail Trade,批发和零售业,ghg_scope2_guidance,GHG Protocol Scope 2 Guidance,GHG Protocol Scope 2 指南,Guidance,指南,Purchased electricity and energy method guidance,外购电力与能源口径指南,Location-based and market-based Scope 2 reporting are separated when cited.,原文显式引用时区分位置法与市场法 Scope 2 披露。,Scope 2 market-based and location-based language is treated as GHG-specific.,Scope 2 市场法/位置法术语只在 GHG Protocol 语境下使用。,contextual_scope_inventory_mapping,no_explicit_whitelisted_series_name_in_page_text,,1,10,tesco-sustainability-report-2025.pdf,pdf_contextual_scope_inventory_mapping,pdf_page_backfill,"Structured standard tag: GHG Protocol; Standard role: Accounting standard Scope 3 methodology We continually work to improve our footprint data to comply with the SBTi guidelines and the GHG Protocol. Our footprint calculations were mainly based on secondary emissions factors, in line with the industry, but we’re tesco-sustainability-report-2025.pdf The pil…","Structured standard tag: GHG Protocol; Standard role: Accounting standard Scope 3 methodology We continually work to improve our footprint data to comply with the SBTi guidelines and the GHG Protocol. Our footprint calculations were mainly based on secondary emissions factors, in line with the industry, but we’re tesco-sustainability-report-2025.pdf The pil…",Review only: keep out of accepted standard-company conclusions until page-level evidence explicitly names the series.,仅供复核：页级证据明确命名具体系列前，不进入已采信标准-企业结论。
r140_tesco,140,TESCO,乐购,F,Wholesale and Retail Trade,批发和零售业,ghg_scope3_calculation_guidance,GHG Protocol Scope 3 Calculation Guidance,GHG Protocol Scope 3 计算指南,Guidance,指南,Scope 3 inventory calculation guidance,Scope 3 清单计算指南,Companion calculation guidance for completing Scope 3 inventories.,配套计算指南，用于完成 Scope 3 清单。,Scope 3 categories are GHG-specific and only shown when the source uses that wording.,Scope 3 类别是 GHG 特有口径，仅在原文如此使用时展示。,contextual_scope_inventory_mapping,no_explicit_whitelisted_series_name_in_page_text,,3,10,tesco-sustainability-report-2025.pdf,seed_batch_04,medium,"Scope 3 methodology We continually work to improve our footprint data to comply with the SBTi guidelines and the GHG Protocol. Our footprint calculations were mainly based on secondary emissions factors, in line with the industry, but we’re",Scope 3 methodology We continually work to improve our footprint data to comply with the SBTi guidelines and the GHG Protocol. Our footprint calculations wer...,Review only: keep out of accepted standard-company conclusions until page-level evidence explicitly names the series.,仅供复核：页级证据明确命名具体系列前，不进入已采信标准-企业结论。
r140_tesco,140,TESCO,乐购,F,Wholesale and Retail Trade,批发和零售业,ghg_scope3_standard,GHG Protocol Corporate Value Chain (Scope 3) Accounting and Reporting Standard,GHG Protocol 企业价值链（Scope 3）核算与报告标准,Standard,标准,Value-chain emissions accounting standard,价值链排放核算标准,Scope 3 categories are GHG Protocol-specific category language.,Scope 3 类别是 GHG Protocol 特有的类别口径。,Scope 3 and Scope 3 category names are only used for GHG Protocol evidence.,Scope 3 及十五类类别口径只在 GHG Protocol 证据下使用。,contextual_scope_inventory_mapping,no_explicit_whitelisted_series_name_in_page_text,,1,10,tesco-sustainability-report-2025.pdf,pdf_contextual_scope_inventory_mapping,pdf_page_backfill,"Structured standard tag: GHG Protocol; Standard role: Accounting standard Scope 3 methodology We continually work to improve our footprint data to comply with the SBTi guidelines and the GHG Protocol. Our footprint calculations were mainly based on secondary emissions factors, in line with the industry, but we’re tesco-sustainability-report-2025.pdf The pil…","Structured standard tag: GHG Protocol; Standard role: Accounting standard Scope 3 methodology We continually work to improve our footprint data to comply with the SBTi guidelines and the GHG Protocol. Our footprint calculations were mainly based on secondary emissions factors, in line with the industry, but we’re tesco-sustainability-report-2025.pdf The pil…",Review only: keep out of accepted standard-company conclusions until page-level evidence explicitly names the series.,仅供复核：页级证据明确命名具体系列前，不进入已采信标准-企业结论。
r144_nipponlifeinsurance,144,NIPPON LIFE INSURANCE,日本生命保险公司,J,Finance,金融业,ghg_corporate_standard,GHG Protocol Corporate Accounting and Reporting Standard,GHG Protocol 企业核算与报告标准,Standard,标准,Corporate inventory accounting standard,企业组织层面清单核算标准,"Relevance, completeness, consistency, transparency, and accuracy.",相关性、完整性、一致性、透明性和准确性。,"Within GHG Protocol evidence, this may define Scope 1 and Scope 2 corporate inventory boundaries.",仅在 GHG Protocol 证据下使用 Scope 1/2 的组织层面清单口径。,contextual_scope_inventory_mapping,no_explicit_whitelisted_series_name_in_page_text,,2,122,NIPPON LIFE INSURANCE-2024_Sustainability_Report.pdf,seed_batch_04,medium,"eld n Basic approach to identifying and disclosing CO2 emissions in the field of business activities In fiscal 2018, the Company began disclosing CO2 emissions for Nippon Life on a standalone basis. In identifying and disclosing CO2 emis- s","eld n Basic approach to identifying and disclosing CO2 emissions in the field of business activities In fiscal 2018, the Company began disclosing CO2 emissio...",Review only: keep out of accepted standard-company conclusions until page-level evidence explicitly names the series.,仅供复核：页级证据明确命名具体系列前，不进入已采信标准-企业结论。
r145_siemens,145,SIEMENS,西门子,C,Manufacturing,制造业,ghg_corporate_standard,GHG Protocol Corporate Accounting and Reporting Standard,GHG Protocol 企业核算与报告标准,Standard,标准,Corporate inventory accounting standard,企业组织层面清单核算标准,"Relevance, completeness, consistency, transparency, and accuracy.",相关性、完整性、一致性、透明性和准确性。,"Within GHG Protocol evidence, this may define Scope 1 and Scope 2 corporate inventory boundaries.",仅在 GHG Protocol 证据下使用 Scope 1/2 的组织层面清单口径。,contextual_scope_inventory_mapping,no_explicit_whitelisted_series_name_in_page_text,,1,29,SIEMENS ENERGY-sustainability-report-2024-pdf_Original%20file.pdf,pdf_contextual_scope_inventory_mapping,pdf_page_backfill,"Structured standard tag: GHG Protocol; Standard role: Accounting standard s planning until 2030 were evaluated for the base case scenario. We also evaluated and decided on emission reduction levers (for more information, see chapter  Strategic focus) Our Scope 3 emissions from the use of sold products have been SIEMENS ENERGY-sustainability-report-2024-pdf…","Structured standard tag: GHG Protocol; Standard role: Accounting standard s planning until 2030 were evaluated for the base case scenario. We also evaluated and decided on emission reduction levers (for more information, see chapter  Strategic focus) Our Scope 3 emissions from the use of sold products have been SIEMENS ENERGY-sustainability-report-2024-pdf…",Review only: keep out of accepted standard-company conclusions until page-level evidence explicitly names the series.,仅供复核：页级证据明确命名具体系列前，不进入已采信标准-企业结论。
r145_siemens,145,SIEMENS,西门子,C,Manufacturing,制造业,ghg_scope3_calculation_guidance,GHG Protocol Scope 3 Calculation Guidance,GHG Protocol Scope 3 计算指南,Guidance,指南,Scope 3 inventory calculation guidance,Scope 3 清单计算指南,Companion calculation guidance for completing Scope 3 inventories.,配套计算指南，用于完成 Scope 3 清单。,Scope 3 categories are GHG-specific and only shown when the source uses that wording.,Scope 3 类别是 GHG 特有口径，仅在原文如此使用时展示。,contextual_scope_inventory_mapping,no_explicit_whitelisted_series_name_in_page_text,,1,29,SIEMENS ENERGY-sustainability-report-2024-pdf_Original%20file.pdf,pdf_contextual_scope_inventory_mapping,pdf_page_backfill,"Structured standard tag: GHG Protocol; Standard role: Accounting standard s planning until 2030 were evaluated for the base case scenario. We also evaluated and decided on emission reduction levers (for more information, see chapter  Strategic focus) Our Scope 3 emissions from the use of sold products have been SIEMENS ENERGY-sustainability-report-2024-pdf…","Structured standard tag: GHG Protocol; Standard role: Accounting standard s planning until 2030 were evaluated for the base case scenario. We also evaluated and decided on emission reduction levers (for more information, see chapter  Strategic focus) Our Scope 3 emissions from the use of sold products have been SIEMENS ENERGY-sustainability-report-2024-pdf…",Review only: keep out of accepted standard-company conclusions until page-level evidence explicitly names the series.,仅供复核：页级证据明确命名具体系列前，不进入已采信标准-企业结论。
r145_siemens,145,SIEMENS,西门子,C,Manufacturing,制造业,ghg_scope3_standard,GHG Protocol Corporate Value Chain (Scope 3) Accounting and Reporting Standard,GHG Protocol 企业价值链（Scope 3）核算与报告标准,Standard,标准,Value-chain emissions accounting standard,价值链排放核算标准,Scope 3 categories are GHG Protocol-specific category language.,Scope 3 类别是 GHG Protocol 特有的类别口径。,Scope 3 and Scope 3 category names are only used for GHG Protocol evidence.,Scope 3 及十五类类别口径只在 GHG Protocol 证据下使用。,contextual_scope_inventory_mapping,no_explicit_whitelisted_series_name_in_page_text,,3,29,SIEMENS ENERGY-sustainability-report-2024-pdf_Original%20file.pdf,seed_batch_04,medium,"s planning until 2030 were evaluated for the base case scenario. We also evaluated and decided on emission reduction levers (for more information, see chapter  Strategic focus) Our Scope 3 emissions from the use of sold products have been","s planning until 2030 were evaluated for the base case scenario. We also evaluated and decided on emission reduction levers (for more information, see chapte...",Review only: keep out of accepted standard-company conclusions until page-level evidence explicitly names the series.,仅供复核：页级证据明确命名具体系列前，不进入已采信标准-企业结论。
r153_eneosholdings,153,ENEOS HOLDINGS,引能仕控股株式会社,D,"Electricity, Heat, Gas and Water Production and Supply",电力、热力、燃气及水生产和供应业,ghg_corporate_standard,GHG Protocol Corporate Accounting and Reporting Standard,GHG Protocol 企业核算与报告标准,Standard,标准,Corporate inventory accounting standard,企业组织层面清单核算标准,"Relevance, completeness, consistency, transparency, and accuracy.",相关性、完整性、一致性、透明性和准确性。,"Within GHG Protocol evidence, this may define Scope 1 and Scope 2 corporate inventory boundaries.",仅在 GHG Protocol 证据下使用 Scope 1/2 的组织层面清单口径。,contextual_scope_inventory_mapping,no_explicit_whitelisted_series_name_in_page_text,,3,27,eneos_en_2023_f.pdf,seed_batch_13,medium,"e calculated based on the latest petroleum product sales volumes. Since fiscal 2023, we have been reviewing the transportation and distribution calculation category. The Group’s GHG emissions (Scope 1 and 2) are calculated using the control","e calculated based on the latest petroleum product sales volumes. Since fiscal 2023, we have been reviewing the transportation and distribution calculation c...",Review only: keep out of accepted standard-company conclusions until page-level evidence explicitly names the series.,仅供复核：页级证据明确命名具体系列前，不进入已采信标准-企业结论。
r153_eneosholdings,153,ENEOS HOLDINGS,引能仕控股株式会社,D,"Electricity, Heat, Gas and Water Production and Supply",电力、热力、燃气及水生产和供应业,ghg_scope3_calculation_guidance,GHG Protocol Scope 3 Calculation Guidance,GHG Protocol Scope 3 计算指南,Guidance,指南,Scope 3 inventory calculation guidance,Scope 3 清单计算指南,Companion calculation guidance for completing Scope 3 inventories.,配套计算指南，用于完成 Scope 3 清单。,Scope 3 categories are GHG-specific and only shown when the source uses that wording.,Scope 3 类别是 GHG 特有口径，仅在原文如此使用时展示。,contextual_scope_inventory_mapping,no_explicit_whitelisted_series_name_in_page_text,,1,27,eneos_en_2023_f.pdf,pdf_contextual_scope_inventory_mapping,pdf_page_backfill,"Structured standard tag: GHG Protocol; Standard role: Accounting standard e calculated based on the latest petroleum product sales volumes. Since fiscal 2023, we have been reviewing the transportation and distribution calculation category. The Group’s GHG emissions (Scope 1 and 2) are calculated using the control eneos_en_2023_f.pdf Roadmap for the Reductio…","Structured standard tag: GHG Protocol; Standard role: Accounting standard e calculated based on the latest petroleum product sales volumes. Since fiscal 2023, we have been reviewing the transportation and distribution calculation category. The Group’s GHG emissions (Scope 1 and 2) are calculated using the control eneos_en_2023_f.pdf Roadmap for the Reductio…",Review only: keep out of accepted standard-company conclusions until page-level evidence explicitly names the series.,仅供复核：页级证据明确命名具体系列前，不进入已采信标准-企业结论。
r153_eneosholdings,153,ENEOS HOLDINGS,引能仕控股株式会社,D,"Electricity, Heat, Gas and Water Production and Supply",电力、热力、燃气及水生产和供应业,ghg_scope3_standard,GHG Protocol Corporate Value Chain (Scope 3) Accounting and Reporting Standard,GHG Protocol 企业价值链（Scope 3）核算与报告标准,Standard,标准,Value-chain emissions accounting standard,价值链排放核算标准,Scope 3 categories are GHG Protocol-specific category language.,Scope 3 类别是 GHG Protocol 特有的类别口径。,Scope 3 and Scope 3 category names are only used for GHG Protocol evidence.,Scope 3 及十五类类别口径只在 GHG Protocol 证据下使用。,contextual_scope_inventory_mapping,no_explicit_whitelisted_series_name_in_page_text,,1,27,eneos_en_2023_f.pdf,pdf_contextual_scope_inventory_mapping,pdf_page_backfill,"Structured standard tag: GHG Protocol; Standard role: Accounting standard e calculated based on the latest petroleum product sales volumes. Since fiscal 2023, we have been reviewing the transportation and distribution calculation category. The Group’s GHG emissions (Scope 1 and 2) are calculated using the control eneos_en_2023_f.pdf Roadmap for the Reductio…","Structured standard tag: GHG Protocol; Standard role: Accounting standard e calculated based on the latest petroleum product sales volumes. Since fiscal 2023, we have been reviewing the transportation and distribution calculation category. The Group’s GHG emissions (Scope 1 and 2) are calculated using the control eneos_en_2023_f.pdf Roadmap for the Reductio…",Review only: keep out of accepted standard-company conclusions until page-level evidence explicitly names the series.,仅供复核：页级证据明确命名具体系列前，不进入已采信标准-企业结论。
r166_vinci,166,VINCI,万喜集团,E,Construction,建筑业,ghg_corporate_standard,GHG Protocol Corporate Accounting and Reporting Standard,GHG Protocol 企业核算与报告标准,Standard,标准,Corporate inventory accounting standard,企业组织层面清单核算标准,"Relevance, completeness, consistency, transparency, and accuracy.",相关性、完整性、一致性、透明性和准确性。,"Within GHG Protocol evidence, this may define Scope 1 and Scope 2 corporate inventory boundaries.",仅在 GHG Protocol 证据下使用 Scope 1/2 的组织层面清单口径。,contextual_scope_inventory_mapping,no_explicit_whitelisted_series_name_in_page_text,,3,19,VINCI-2024_workforce_related_environmental_and_social_information.pdf,seed_batch_04,medium,"ct emissions (Scopes 1 and 2) by 40% by 2030 (from 2018 levels); – reduce indirect upstream and downstream emissions (Scope 3) by 20% by 2030 (from 2019 levels). This reduction covers all of the emissions categories, upstream and downstream",ct emissions (Scopes 1 and 2) by 40% by 2030 (from 2018 levels); – reduce indirect upstream and downstream emissions (Scope 3) by 20% by 2030 (from 2019 leve...,Review only: keep out of accepted standard-company conclusions until page-level evidence explicitly names the series.,仅供复核：页级证据明确命名具体系列前，不进入已采信标准-企业结论。
r166_vinci,166,VINCI,万喜集团,E,Construction,建筑业,ghg_product_standard,GHG Protocol Product Life Cycle Accounting and Reporting Standard,GHG Protocol 产品生命周期核算与报告标准,Standard,标准,Product life-cycle accounting standard,产品生命周期核算标准,Product-level life-cycle boundary; not a corporate Scope 1/2/3 total by itself.,产品层生命周期边界，本身不等同于企业 Scope 1/2/3 总量。,Use product life-cycle wording unless the source also cites corporate Scope accounting.,除非原文同时引用组织层 Scope 核算，否则使用产品生命周期口径。,contextual_scope_inventory_mapping,no_explicit_whitelisted_series_name_in_page_text,,2,19,VINCI-2024_workforce_related_environmental_and_social_information.pdf,seed_batch_04,medium,"ct emissions (Scopes 1 and 2) by 40% by 2030 (from 2018 levels); – reduce indirect upstream and downstream emissions (Scope 3) by 20% by 2030 (from 2019 levels). This reduction covers all of the emissions categories, upstream and downstream",ct emissions (Scopes 1 and 2) by 40% by 2030 (from 2018 levels); – reduce indirect upstream and downstream emissions (Scope 3) by 20% by 2030 (from 2019 leve...,Review only: keep out of accepted standard-company conclusions until page-level evidence explicitly names the series.,仅供复核：页级证据明确命名具体系列前，不进入已采信标准-企业结论。
r166_vinci,166,VINCI,万喜集团,E,Construction,建筑业,ghg_scope2_guidance,GHG Protocol Scope 2 Guidance,GHG Protocol Scope 2 指南,Guidance,指南,Purchased electricity and energy method guidance,外购电力与能源口径指南,Location-based and market-based Scope 2 reporting are separated when cited.,原文显式引用时区分位置法与市场法 Scope 2 披露。,Scope 2 market-based and location-based language is treated as GHG-specific.,Scope 2 市场法/位置法术语只在 GHG Protocol 语境下使用。,contextual_scope_inventory_mapping,no_explicit_whitelisted_series_name_in_page_text,,3,19,VINCI-2024_workforce_related_environmental_and_social_information.pdf,seed_batch_04,medium,"ct emissions (Scopes 1 and 2) by 40% by 2030 (from 2018 levels); – reduce indirect upstream and downstream emissions (Scope 3) by 20% by 2030 (from 2019 levels). This reduction covers all of the emissions categories, upstream and downstream",ct emissions (Scopes 1 and 2) by 40% by 2030 (from 2018 levels); – reduce indirect upstream and downstream emissions (Scope 3) by 20% by 2030 (from 2019 leve...,Review only: keep out of accepted standard-company conclusions until page-level evidence explicitly names the series.,仅供复核：页级证据明确命名具体系列前，不进入已采信标准-企业结论。
r166_vinci,166,VINCI,万喜集团,E,Construction,建筑业,ghg_scope3_standard,GHG Protocol Corporate Value Chain (Scope 3) Accounting and Reporting Standard,GHG Protocol 企业价值链（Scope 3）核算与报告标准,Standard,标准,Value-chain emissions accounting standard,价值链排放核算标准,Scope 3 categories are GHG Protocol-specific category language.,Scope 3 类别是 GHG Protocol 特有的类别口径。,Scope 3 and Scope 3 category names are only used for GHG Protocol evidence.,Scope 3 及十五类类别口径只在 GHG Protocol 证据下使用。,contextual_scope_inventory_mapping,no_explicit_whitelisted_series_name_in_page_text,,3,19,VINCI-2024_workforce_related_environmental_and_social_information.pdf,seed_batch_04,medium,"ct emissions (Scopes 1 and 2) by 40% by 2030 (from 2018 levels); – reduce indirect upstream and downstream emissions (Scope 3) by 20% by 2030 (from 2019 levels). This reduction covers all of the emissions categories, upstream and downstream",ct emissions (Scopes 1 and 2) by 40% by 2030 (from 2018 levels); – reduce indirect upstream and downstream emissions (Scope 3) by 20% by 2030 (from 2019 leve...,Review only: keep out of accepted standard-company conclusions until page-level evidence explicitly names the series.,仅供复核：页级证据明确命名具体系列前，不进入已采信标准-企业结论。
r168_torontodominionbank,168,TORONTO-DOMINION BANK,多伦多道明银行,J,Finance,金融业,ghg_scope3_calculation_guidance,GHG Protocol Scope 3 Calculation Guidance,GHG Protocol Scope 3 计算指南,Guidance,指南,Scope 3 inventory calculation guidance,Scope 3 清单计算指南,Companion calculation guidance for completing Scope 3 inventories.,配套计算指南，用于完成 Scope 3 清单。,Scope 3 categories are GHG-specific and only shown when the source uses that wording.,Scope 3 类别是 GHG 特有口径，仅在原文如此使用时展示。,contextual_overmapped_review,no_explicit_whitelisted_series_name_in_page_text,,2,60,2024-TORONTO-DOMINION BANK-sustainability-report-en.pdf,seed_batch_05,medium,"tors, their Scope 3 emissions, attributed to the Bank based on the proportion of the Bank’s lending to or investing in the client company. Financed emissions are calculated in accordance with the guidance from the Partnership for Carbon Acc","tors, their Scope 3 emissions, attributed to the Bank based on the proportion of the Bank’s lending to or investing in the client company. Financed emissions...",Review only: keep out of accepted standard-company conclusions until page-level evidence explicitly names the series.,仅供复核：页级证据明确命名具体系列前，不进入已采信标准-企业结论。
r176_巴西jbs公司,176,JBS,巴西JBS,C,Manufacturing,制造业,ghg_scope2_guidance,GHG Protocol Scope 2 Guidance,GHG Protocol Scope 2 指南,Guidance,指南,Purchased electricity and energy method guidance,外购电力与能源口径指南,Location-based and market-based Scope 2 reporting are separated when cited.,原文显式引用时区分位置法与市场法 Scope 2 披露。,Scope 2 market-based and location-based language is treated as GHG-specific.,Scope 2 市场法/位置法术语只在 GHG Protocol 语境下使用。,contextual_overmapped_review,no_explicit_whitelisted_series_name_in_page_text,,2,21 | 30,JBS_Sustainability_Report_2023.pdf,pdf_contextual_scope_inventory_mapping,pdf_page_backfill,"Structured standard tag: GHG Protocol; Standard role: Accounting standard the environmental footprint of operations and implementing actions to reduce these impacts, both in the company’s own operations and those of its suppliers. • Global inventory of direct and indirect greenhouse gas (GHG) emissions, followin JBS_Sustainability_Report_2023.pdf CATEGORY …","Structured standard tag: GHG Protocol; Standard role: Accounting standard the environmental footprint of operations and implementing actions to reduce these impacts, both in the company’s own operations and those of its suppliers. • Global inventory of direct and indirect greenhouse gas (GHG) emissions, followin JBS_Sustainability_Report_2023.pdf CATEGORY …",Review only: keep out of accepted standard-company conclusions until page-level evidence explicitly names the series.,仅供复核：页级证据明确命名具体系列前，不进入已采信标准-企业结论。
r176_巴西jbs公司,176,JBS,巴西JBS,C,Manufacturing,制造业,ghg_scope3_calculation_guidance,GHG Protocol Scope 3 Calculation Guidance,GHG Protocol Scope 3 计算指南,Guidance,指南,Scope 3 inventory calculation guidance,Scope 3 清单计算指南,Companion calculation guidance for completing Scope 3 inventories.,配套计算指南，用于完成 Scope 3 清单。,Scope 3 categories are GHG-specific and only shown when the source uses that wording.,Scope 3 类别是 GHG 特有口径，仅在原文如此使用时展示。,contextual_scope_inventory_mapping,no_explicit_whitelisted_series_name_in_page_text,,1,21,JBS_Sustainability_Report_2023.pdf,pdf_contextual_scope_inventory_mapping,pdf_page_backfill,"Structured standard tag: GHG Protocol; Standard role: Accounting standard the environmental footprint of operations and implementing actions to reduce these impacts, both in the company’s own operations and those of its suppliers. • Global inventory of direct and indirect greenhouse gas (GHG) emissions, followin JBS_Sustainability_Report_2023.pdf CATEGORY …","Structured standard tag: GHG Protocol; Standard role: Accounting standard the environmental footprint of operations and implementing actions to reduce these impacts, both in the company’s own operations and those of its suppliers. • Global inventory of direct and indirect greenhouse gas (GHG) emissions, followin JBS_Sustainability_Report_2023.pdf CATEGORY …",Review only: keep out of accepted standard-company conclusions until page-level evidence explicitly names the series.,仅供复核：页级证据明确命名具体系列前，不进入已采信标准-企业结论。
r176_巴西jbs公司,176,JBS,巴西JBS,C,Manufacturing,制造业,ghg_scope3_standard,GHG Protocol Corporate Value Chain (Scope 3) Accounting and Reporting Standard,GHG Protocol 企业价值链（Scope 3）核算与报告标准,Standard,标准,Value-chain emissions accounting standard,价值链排放核算标准,Scope 3 categories are GHG Protocol-specific category language.,Scope 3 类别是 GHG Protocol 特有的类别口径。,Scope 3 and Scope 3 category names are only used for GHG Protocol evidence.,Scope 3 及十五类类别口径只在 GHG Protocol 证据下使用。,contextual_overmapped_review,no_explicit_whitelisted_series_name_in_page_text,,6,21 | 30,JBS_Sustainability_Report_2023.pdf,seed_batch_13,medium,"the environmental footprint of operations and implementing actions to reduce these impacts, both in the company’s own operations and those of its suppliers. • Global inventory of direct and indirect greenhouse gas (GHG) emissions, followin","the environmental footprint of operations and implementing actions to reduce these impacts, both in the company’s own operations and those of its suppliers. ...",Review only: keep out of accepted standard-company conclusions until page-level evidence explicitly names the series.,仅供复核：页级证据明确命名具体系列前，不进入已采信标准-企业结论。
r177_alimentationcouchetard公司,177,Alimentation Couche-Tard,Alimentation Couche-Tard,F,Wholesale and Retail Trade,批发和零售业,ghg_scope3_calculation_guidance,GHG Protocol Scope 3 Calculation Guidance,GHG Protocol Scope 3 计算指南,Guidance,指南,Scope 3 inventory calculation guidance,Scope 3 清单计算指南,Companion calculation guidance for completing Scope 3 inventories.,配套计算指南，用于完成 Scope 3 清单。,Scope 3 categories are GHG-specific and only shown when the source uses that wording.,Scope 3 类别是 GHG 特有口径，仅在原文如此使用时展示。,contextual_overmapped_review,no_explicit_whitelisted_series_name_in_page_text,,1,52,ALIMENTATION COUCHE-TARD-COTA085_ACT_2025_Sustainability_Report_EN_20250625_v2.pdf,pdf_contextual_scope_inventory_mapping,pdf_page_backfill,Structured standard tag: GHG Protocol; Standard role: Accounting standard Alimentation Couche-Tard Inc. Sustainability Report © 2025 52 Scope 1 & 2 GHG Emissions ACT’s Scope 1 and 2 GHG emissions are calculated in accordance with the Greenhouse Gas Protocol Corporate Accounting and Reporting Standard. Our 2025 re ALIMENTATION COUCHE-TARD-COTA085_ACT_2025_Su…,Structured standard tag: GHG Protocol; Standard role: Accounting standard Alimentation Couche-Tard Inc. Sustainability Report © 2025 52 Scope 1 & 2 GHG Emissions ACT’s Scope 1 and 2 GHG emissions are calculated in accordance with the Greenhouse Gas Protocol Corporate Accounting and Reporting Standard. Our 2025 re ALIMENTATION COUCHE-TARD-COTA085_ACT_2025_Su…,Review only: keep out of accepted standard-company conclusions until page-level evidence explicitly names the series.,仅供复核：页级证据明确命名具体系列前，不进入已采信标准-企业结论。
r183_airbus,183,AIRBUS,空中客车公司,C,Manufacturing,制造业,ghg_corporate_standard,GHG Protocol Corporate Accounting and Reporting Standard,GHG Protocol 企业核算与报告标准,Standard,标准,Corporate inventory accounting standard,企业组织层面清单核算标准,"Relevance, completeness, consistency, transparency, and accuracy.",相关性、完整性、一致性、透明性和准确性。,"Within GHG Protocol evidence, this may define Scope 1 and Scope 2 corporate inventory boundaries.",仅在 GHG Protocol 证据下使用 Scope 1/2 的组织层面清单口径。,contextual_scope_inventory_mapping,no_explicit_whitelisted_series_name_in_page_text,,3,4,AIRBUS-pm_38_711_711991-us758j55ai.pdf,seed_batch_05,medium,". Calculation includes contractual instruments (Biomethane Guarantees of Origines) as part of Scope 1 emissions, calculated based on biomethane emission factors instead of natural gas. This approach will be refined as further related guidan",". Calculation includes contractual instruments (Biomethane Guarantees of Origines) as part of Scope 1 emissions, calculated based on biomethane emission fact...",Review only: keep out of accepted standard-company conclusions until page-level evidence explicitly names the series.,仅供复核：页级证据明确命名具体系列前，不进入已采信标准-企业结论。
r183_airbus,183,AIRBUS,空中客车公司,C,Manufacturing,制造业,ghg_product_standard,GHG Protocol Product Life Cycle Accounting and Reporting Standard,GHG Protocol 产品生命周期核算与报告标准,Standard,标准,Product life-cycle accounting standard,产品生命周期核算标准,Product-level life-cycle boundary; not a corporate Scope 1/2/3 total by itself.,产品层生命周期边界，本身不等同于企业 Scope 1/2/3 总量。,Use product life-cycle wording unless the source also cites corporate Scope accounting.,除非原文同时引用组织层 Scope 核算，否则使用产品生命周期口径。,contextual_scope_inventory_mapping,no_explicit_whitelisted_series_name_in_page_text,,1,4,AIRBUS-pm_38_711_711991-us758j55ai.pdf,pdf_contextual_scope_inventory_mapping,pdf_page_backfill,"Structured standard tag: GHG Protocol; Standard role: Accounting standard . Calculation includes contractual instruments (Biomethane Guarantees of Origines) as part of Scope 1 emissions, calculated based on biomethane emission factors instead of natural gas. This approach will be refined as further related guidan AIRBUS-pm_38_711_711991-us758j55ai.pdf SOx t…","Structured standard tag: GHG Protocol; Standard role: Accounting standard . Calculation includes contractual instruments (Biomethane Guarantees of Origines) as part of Scope 1 emissions, calculated based on biomethane emission factors instead of natural gas. This approach will be refined as further related guidan AIRBUS-pm_38_711_711991-us758j55ai.pdf SOx t…",Review only: keep out of accepted standard-company conclusions until page-level evidence explicitly names the series.,仅供复核：页级证据明确命名具体系列前，不进入已采信标准-企业结论。
r183_airbus,183,AIRBUS,空中客车公司,C,Manufacturing,制造业,ghg_scope2_guidance,GHG Protocol Scope 2 Guidance,GHG Protocol Scope 2 指南,Guidance,指南,Purchased electricity and energy method guidance,外购电力与能源口径指南,Location-based and market-based Scope 2 reporting are separated when cited.,原文显式引用时区分位置法与市场法 Scope 2 披露。,Scope 2 market-based and location-based language is treated as GHG-specific.,Scope 2 市场法/位置法术语只在 GHG Protocol 语境下使用。,contextual_scope_inventory_mapping,no_explicit_whitelisted_series_name_in_page_text,,3,4,AIRBUS-pm_38_711_711991-us758j55ai.pdf,seed_batch_05,medium,". Calculation includes contractual instruments (Biomethane Guarantees of Origines) as part of Scope 1 emissions, calculated based on biomethane emission factors instead of natural gas. This approach will be refined as further related guidan",". Calculation includes contractual instruments (Biomethane Guarantees of Origines) as part of Scope 1 emissions, calculated based on biomethane emission fact...",Review only: keep out of accepted standard-company conclusions until page-level evidence explicitly names the series.,仅供复核：页级证据明确命名具体系列前，不进入已采信标准-企业结论。
r183_airbus,183,AIRBUS,空中客车公司,C,Manufacturing,制造业,ghg_scope3_calculation_guidance,GHG Protocol Scope 3 Calculation Guidance,GHG Protocol Scope 3 计算指南,Guidance,指南,Scope 3 inventory calculation guidance,Scope 3 清单计算指南,Companion calculation guidance for completing Scope 3 inventories.,配套计算指南，用于完成 Scope 3 清单。,Scope 3 categories are GHG-specific and only shown when the source uses that wording.,Scope 3 类别是 GHG 特有口径，仅在原文如此使用时展示。,contextual_scope_inventory_mapping,no_explicit_whitelisted_series_name_in_page_text,,3,4,AIRBUS-pm_38_711_711991-us758j55ai.pdf,seed_batch_05,medium,". Calculation includes contractual instruments (Biomethane Guarantees of Origines) as part of Scope 1 emissions, calculated based on biomethane emission factors instead of natural gas. This approach will be refined as further related guidan",". Calculation includes contractual instruments (Biomethane Guarantees of Origines) as part of Scope 1 emissions, calculated based on biomethane emission fact...",Review only: keep out of accepted standard-company conclusions until page-level evidence explicitly names the series.,仅供复核：页级证据明确命名具体系列前，不进入已采信标准-企业结论。
r183_airbus,183,AIRBUS,空中客车公司,C,Manufacturing,制造业,ghg_scope3_standard,GHG Protocol Corporate Value Chain (Scope 3) Accounting and Reporting Standard,GHG Protocol 企业价值链（Scope 3）核算与报告标准,Standard,标准,Value-chain emissions accounting standard,价值链排放核算标准,Scope 3 categories are GHG Protocol-specific category language.,Scope 3 类别是 GHG Protocol 特有的类别口径。,Scope 3 and Scope 3 category names are only used for GHG Protocol evidence.,Scope 3 及十五类类别口径只在 GHG Protocol 证据下使用。,contextual_scope_inventory_mapping,no_explicit_whitelisted_series_name_in_page_text,,3,4,AIRBUS-pm_38_711_711991-us758j55ai.pdf,seed_batch_05,medium,". Calculation includes contractual instruments (Biomethane Guarantees of Origines) as part of Scope 1 emissions, calculated based on biomethane emission factors instead of natural gas. This approach will be refined as further related guidan",". Calculation includes contractual instruments (Biomethane Guarantees of Origines) as part of Scope 1 emissions, calculated based on biomethane emission fact...",Review only: keep out of accepted standard-company conclusions until page-level evidence explicitly names the series.,仅供复核：页级证据明确命名具体系列前，不进入已采信标准-企业结论。
r185_zhejianggeelyholdinggroup,185,ZHEJIANG GEELY HOLDING GROUP,浙江吉利控股集团有限公司,C,Manufacturing,制造业,ghg_corporate_standard,GHG Protocol Corporate Accounting and Reporting Standard,GHG Protocol 企业核算与报告标准,Standard,标准,Corporate inventory accounting standard,企业组织层面清单核算标准,"Relevance, completeness, consistency, transparency, and accuracy.",相关性、完整性、一致性、透明性和准确性。,"Within GHG Protocol evidence, this may define Scope 1 and Scope 2 corporate inventory boundaries.",仅在 GHG Protocol 证据下使用 Scope 1/2 的组织层面清单口径。,contextual_scope_inventory_mapping,no_explicit_whitelisted_series_name_in_page_text,,3,39,Geely-Holding-Group-Sustainability-Report-2024-ZH.pdf,seed_batch_13,medium,市运营中心（北京、深圳、 杭州、苏州、南京、成都、重庆、福州、汕头、郑州） - 路特斯科技：包括办公、直营门店、测试车队、充电场站、 莲花汽车全球智能工厂等 - 沃尔沃汽车：覆盖沃尔沃汽车公司及其子公司的制造业务与 非制造业务 -LEVC：包含翼真品牌事业部（支持服务部门、营销中心）与 翼真义乌工厂 - 雷达汽车：包含雷达新能源汽车（浙江）有限公司与山东吉 利新能源商用车有限公司 温室气体排放量的计算参照世界资源所（WRI）和世界可持续 发展工商理事会（WBCSD）发布的《温,市运营中心（北京、深圳、 杭州、苏州、南京、成都、重庆、福州、汕头、郑州） - 路特斯科技：包括办公、直营门店、测试车队、充电场站、 莲花汽车全球智能工厂等 - 沃尔沃汽车：覆盖沃尔沃汽车公司及其子公司的制造业务与 非制造业务 -LEVC：包含翼真品牌事业部（支持服务部门、营销中心）与 翼真义乌工厂 - 雷达汽车...,Review only: keep out of accepted standard-company conclusions until page-level evidence explicitly names the series.,仅供复核：页级证据明确命名具体系列前，不进入已采信标准-企业结论。
r185_zhejianggeelyholdinggroup,185,ZHEJIANG GEELY HOLDING GROUP,浙江吉利控股集团有限公司,C,Manufacturing,制造业,ghg_scope2_guidance,GHG Protocol Scope 2 Guidance,GHG Protocol Scope 2 指南,Guidance,指南,Purchased electricity and energy method guidance,外购电力与能源口径指南,Location-based and market-based Scope 2 reporting are separated when cited.,原文显式引用时区分位置法与市场法 Scope 2 披露。,Scope 2 market-based and location-based language is treated as GHG-specific.,Scope 2 市场法/位置法术语只在 GHG Protocol 语境下使用。,contextual_scope_inventory_mapping,no_explicit_whitelisted_series_name_in_page_text,,3,39,Geely-Holding-Group-Sustainability-Report-2024-ZH.pdf,seed_batch_13,medium,市运营中心（北京、深圳、 杭州、苏州、南京、成都、重庆、福州、汕头、郑州） - 路特斯科技：包括办公、直营门店、测试车队、充电场站、 莲花汽车全球智能工厂等 - 沃尔沃汽车：覆盖沃尔沃汽车公司及其子公司的制造业务与 非制造业务 -LEVC：包含翼真品牌事业部（支持服务部门、营销中心）与 翼真义乌工厂 - 雷达汽车：包含雷达新能源汽车（浙江）有限公司与山东吉 利新能源商用车有限公司 温室气体排放量的计算参照世界资源所（WRI）和世界可持续 发展工商理事会（WBCSD）发布的《温,市运营中心（北京、深圳、 杭州、苏州、南京、成都、重庆、福州、汕头、郑州） - 路特斯科技：包括办公、直营门店、测试车队、充电场站、 莲花汽车全球智能工厂等 - 沃尔沃汽车：覆盖沃尔沃汽车公司及其子公司的制造业务与 非制造业务 -LEVC：包含翼真品牌事业部（支持服务部门、营销中心）与 翼真义乌工厂 - 雷达汽车...,Review only: keep out of accepted standard-company conclusions until page-level evidence explicitly names the series.,仅供复核：页级证据明确命名具体系列前，不进入已采信标准-企业结论。
r185_zhejianggeelyholdinggroup,185,ZHEJIANG GEELY HOLDING GROUP,浙江吉利控股集团有限公司,C,Manufacturing,制造业,ghg_scope3_standard,GHG Protocol Corporate Value Chain (Scope 3) Accounting and Reporting Standard,GHG Protocol 企业价值链（Scope 3）核算与报告标准,Standard,标准,Value-chain emissions accounting standard,价值链排放核算标准,Scope 3 categories are GHG Protocol-specific category language.,Scope 3 类别是 GHG Protocol 特有的类别口径。,Scope 3 and Scope 3 category names are only used for GHG Protocol evidence.,Scope 3 及十五类类别口径只在 GHG Protocol 证据下使用。,contextual_scope_inventory_mapping,no_explicit_whitelisted_series_name_in_page_text,,3,39,Geely-Holding-Group-Sustainability-Report-2024-ZH.pdf,seed_batch_13,medium,市运营中心（北京、深圳、 杭州、苏州、南京、成都、重庆、福州、汕头、郑州） - 路特斯科技：包括办公、直营门店、测试车队、充电场站、 莲花汽车全球智能工厂等 - 沃尔沃汽车：覆盖沃尔沃汽车公司及其子公司的制造业务与 非制造业务 -LEVC：包含翼真品牌事业部（支持服务部门、营销中心）与 翼真义乌工厂 - 雷达汽车：包含雷达新能源汽车（浙江）有限公司与山东吉 利新能源商用车有限公司 温室气体排放量的计算参照世界资源所（WRI）和世界可持续 发展工商理事会（WBCSD）发布的《温,市运营中心（北京、深圳、 杭州、苏州、南京、成都、重庆、福州、汕头、郑州） - 路特斯科技：包括办公、直营门店、测试车队、充电场站、 莲花汽车全球智能工厂等 - 沃尔沃汽车：覆盖沃尔沃汽车公司及其子公司的制造业务与 非制造业务 -LEVC：包含翼真品牌事业部（支持服务部门、营销中心）与 翼真义乌工厂 - 雷达汽车...,Review only: keep out of accepted standard-company conclusions until page-level evidence explicitly names the series.,仅供复核：页级证据明确命名具体系列前，不进入已采信标准-企业结论。
r189_itaúunibancoholding,189,ITAÚ UNIBANCO HOLDING,伊塔乌联合银行控股公司,J,Finance,金融业,ghg_corporate_standard,GHG Protocol Corporate Accounting and Reporting Standard,GHG Protocol 企业核算与报告标准,Standard,标准,Corporate inventory accounting standard,企业组织层面清单核算标准,"Relevance, completeness, consistency, transparency, and accuracy.",相关性、完整性、一致性、透明性和准确性。,"Within GHG Protocol evidence, this may define Scope 1 and Scope 2 corporate inventory boundaries.",仅在 GHG Protocol 证据下使用 Scope 1/2 的组织层面清单口径。,contextual_scope_inventory_mapping,no_explicit_whitelisted_series_name_in_page_text,,1,112,ITAÚ UNIBANCO HOLDING ESG Report 2024.pdf,pdf_contextual_scope_inventory_mapping,pdf_page_backfill,"Structured standard tag: GHG Protocol; Standard role: Accounting standard of our own emissions, and the implementation of a decarbonization plan for our operations and businesses as a means to reduce our environmental impacts. Since 2008, we have conducted our GHG emissions inventory annually, using the methodolo ITAÚ UNIBANCO HOLDING ESG Report 2024.pdf Aw…","Structured standard tag: GHG Protocol; Standard role: Accounting standard of our own emissions, and the implementation of a decarbonization plan for our operations and businesses as a means to reduce our environmental impacts. Since 2008, we have conducted our GHG emissions inventory annually, using the methodolo ITAÚ UNIBANCO HOLDING ESG Report 2024.pdf Aw…",Review only: keep out of accepted standard-company conclusions until page-level evidence explicitly names the series.,仅供复核：页级证据明确命名具体系列前，不进入已采信标准-企业结论。
r189_itaúunibancoholding,189,ITAÚ UNIBANCO HOLDING,伊塔乌联合银行控股公司,J,Finance,金融业,ghg_scope3_calculation_guidance,GHG Protocol Scope 3 Calculation Guidance,GHG Protocol Scope 3 计算指南,Guidance,指南,Scope 3 inventory calculation guidance,Scope 3 清单计算指南,Companion calculation guidance for completing Scope 3 inventories.,配套计算指南，用于完成 Scope 3 清单。,Scope 3 categories are GHG-specific and only shown when the source uses that wording.,Scope 3 类别是 GHG 特有口径，仅在原文如此使用时展示。,contextual_scope_inventory_mapping,no_explicit_whitelisted_series_name_in_page_text,,1,112,ITAÚ UNIBANCO HOLDING ESG Report 2024.pdf,pdf_contextual_scope_inventory_mapping,pdf_page_backfill,"Structured standard tag: GHG Protocol; Standard role: Accounting standard of our own emissions, and the implementation of a decarbonization plan for our operations and businesses as a means to reduce our environmental impacts. Since 2008, we have conducted our GHG emissions inventory annually, using the methodolo ITAÚ UNIBANCO HOLDING ESG Report 2024.pdf Aw…","Structured standard tag: GHG Protocol; Standard role: Accounting standard of our own emissions, and the implementation of a decarbonization plan for our operations and businesses as a means to reduce our environmental impacts. Since 2008, we have conducted our GHG emissions inventory annually, using the methodolo ITAÚ UNIBANCO HOLDING ESG Report 2024.pdf Aw…",Review only: keep out of accepted standard-company conclusions until page-level evidence explicitly names the series.,仅供复核：页级证据明确命名具体系列前，不进入已采信标准-企业结论。
r191_generalelectric,191,GENERAL ELECTRIC,通用电气公司,C,Manufacturing,制造业,ghg_scope2_guidance,GHG Protocol Scope 2 Guidance,GHG Protocol Scope 2 指南,Guidance,指南,Purchased electricity and energy method guidance,外购电力与能源口径指南,Location-based and market-based Scope 2 reporting are separated when cited.,原文显式引用时区分位置法与市场法 Scope 2 披露。,Scope 2 market-based and location-based language is treated as GHG-specific.,Scope 2 市场法/位置法术语只在 GHG Protocol 语境下使用。,contextual_overmapped_review,no_explicit_whitelisted_series_name_in_page_text,,3,3,GENERAL ELECTRIC-Aerospace 2025-sustainability-report.pdf,seed_batch_05,medium,"Greenhouse Gas (GHG) Inventory Management Plan, which primarily follows the World Resources Institute/ World Business Council for Sustainable Development (WRI/WBCSD) Greenhouse Gas Protocol: A Corporate Accounting and Reporting Standard, Re","Greenhouse Gas (GHG) Inventory Management Plan, which primarily follows the World Resources Institute/ World Business Council for Sustainable Development (WR...",Review only: keep out of accepted standard-company conclusions until page-level evidence explicitly names the series.,仅供复核：页级证据明确命名具体系列前，不进入已采信标准-企业结论。
r191_generalelectric,191,GENERAL ELECTRIC,通用电气公司,C,Manufacturing,制造业,ghg_scope3_calculation_guidance,GHG Protocol Scope 3 Calculation Guidance,GHG Protocol Scope 3 计算指南,Guidance,指南,Scope 3 inventory calculation guidance,Scope 3 清单计算指南,Companion calculation guidance for completing Scope 3 inventories.,配套计算指南，用于完成 Scope 3 清单。,Scope 3 categories are GHG-specific and only shown when the source uses that wording.,Scope 3 类别是 GHG 特有口径，仅在原文如此使用时展示。,contextual_overmapped_review,no_explicit_whitelisted_series_name_in_page_text,,3,3,GENERAL ELECTRIC-Aerospace 2025-sustainability-report.pdf,seed_batch_05,medium,"Greenhouse Gas (GHG) Inventory Management Plan, which primarily follows the World Resources Institute/ World Business Council for Sustainable Development (WRI/WBCSD) Greenhouse Gas Protocol: A Corporate Accounting and Reporting Standard, Re","Greenhouse Gas (GHG) Inventory Management Plan, which primarily follows the World Resources Institute/ World Business Council for Sustainable Development (WR...",Review only: keep out of accepted standard-company conclusions until page-level evidence explicitly names the series.,仅供复核：页级证据明确命名具体系列前，不进入已采信标准-企业结论。
r191_generalelectric,191,GENERAL ELECTRIC,通用电气公司,C,Manufacturing,制造业,ghg_scope3_standard,GHG Protocol Corporate Value Chain (Scope 3) Accounting and Reporting Standard,GHG Protocol 企业价值链（Scope 3）核算与报告标准,Standard,标准,Value-chain emissions accounting standard,价值链排放核算标准,Scope 3 categories are GHG Protocol-specific category language.,Scope 3 类别是 GHG Protocol 特有的类别口径。,Scope 3 and Scope 3 category names are only used for GHG Protocol evidence.,Scope 3 及十五类类别口径只在 GHG Protocol 证据下使用。,contextual_overmapped_review,no_explicit_whitelisted_series_name_in_page_text,,3,3,GENERAL ELECTRIC-Aerospace 2025-sustainability-report.pdf,seed_batch_05,medium,"Greenhouse Gas (GHG) Inventory Management Plan, which primarily follows the World Resources Institute/ World Business Council for Sustainable Development (WRI/WBCSD) Greenhouse Gas Protocol: A Corporate Accounting and Reporting Standard, Re","Greenhouse Gas (GHG) Inventory Management Plan, which primarily follows the World Resources Institute/ World Business Council for Sustainable Development (WR...",Review only: keep out of accepted standard-company conclusions until page-level evidence explicitly names the series.,仅供复核：页级证据明确命名具体系列前，不进入已采信标准-企业结论。
r193_lockheedmartin,193,LOCKHEED MARTIN,洛克希德－马丁,C,Manufacturing,制造业,ghg_scope2_guidance,GHG Protocol Scope 2 Guidance,GHG Protocol Scope 2 指南,Guidance,指南,Purchased electricity and energy method guidance,外购电力与能源口径指南,Location-based and market-based Scope 2 reporting are separated when cited.,原文显式引用时区分位置法与市场法 Scope 2 披露。,Scope 2 market-based and location-based language is treated as GHG-specific.,Scope 2 市场法/位置法术语只在 GHG Protocol 语境下使用。,contextual_overmapped_review,no_explicit_whitelisted_series_name_in_page_text,,2,28,2024-LOCKHEED MARTIN-Sustainability-Performance-Report.pdf,seed_batch_05,medium,y in accordance with the World Business Council for Sustainable Development (WBCSD) and World Resources Institute (WRI) Greenhouse Gas – A Corporate Accounting Standard and Corporate Value Chain (Scope 3) Accounting and Reporting Standard (,y in accordance with the World Business Council for Sustainable Development (WBCSD) and World Resources Institute (WRI) Greenhouse Gas – A Corporate Accounti...,Review only: keep out of accepted standard-company conclusions until page-level evidence explicitly names the series.,仅供复核：页级证据明确命名具体系列前，不进入已采信标准-企业结论。
r193_lockheedmartin,193,LOCKHEED MARTIN,洛克希德－马丁,C,Manufacturing,制造业,ghg_scope3_calculation_guidance,GHG Protocol Scope 3 Calculation Guidance,GHG Protocol Scope 3 计算指南,Guidance,指南,Scope 3 inventory calculation guidance,Scope 3 清单计算指南,Companion calculation guidance for completing Scope 3 inventories.,配套计算指南，用于完成 Scope 3 清单。,Scope 3 categories are GHG-specific and only shown when the source uses that wording.,Scope 3 类别是 GHG 特有口径，仅在原文如此使用时展示。,contextual_overmapped_review,no_explicit_whitelisted_series_name_in_page_text,,1,28,2024-LOCKHEED MARTIN-Sustainability-Performance-Report.pdf,pdf_contextual_scope_inventory_mapping,pdf_page_backfill,Structured standard tag: GHG Protocol; Standard role: Accounting standard y in accordance with the World Business Council for Sustainable Development (WBCSD) and World Resources Institute (WRI) Greenhouse Gas – A Corporate Accounting Standard and Corporate Value Chain (Scope 3) Accounting and Reporting Standard ( 2024-LOCKHEED MARTIN-Sustainability-Performa…,Structured standard tag: GHG Protocol; Standard role: Accounting standard y in accordance with the World Business Council for Sustainable Development (WBCSD) and World Resources Institute (WRI) Greenhouse Gas – A Corporate Accounting Standard and Corporate Value Chain (Scope 3) Accounting and Reporting Standard ( 2024-LOCKHEED MARTIN-Sustainability-Performa…,Review only: keep out of accepted standard-company conclusions until page-level evidence explicitly names the series.,仅供复核：页级证据明确命名具体系列前，不进入已采信标准-企业结论。
r195_americanexpress,195,AMERICAN EXPRESS,美国运通公司,J,Finance,金融业,ghg_corporate_standard,GHG Protocol Corporate Accounting and Reporting Standard,GHG Protocol 企业核算与报告标准,Standard,标准,Corporate inventory accounting standard,企业组织层面清单核算标准,"Relevance, completeness, consistency, transparency, and accuracy.",相关性、完整性、一致性、透明性和准确性。,"Within GHG Protocol evidence, this may define Scope 1 and Scope 2 corporate inventory boundaries.",仅在 GHG Protocol 证据下使用 Scope 1/2 的组织层面清单口径。,contextual_scope_inventory_mapping,no_explicit_whitelisted_series_name_in_page_text,,3,66,AMERICAN EXPRESS_AXP_2023_2024_ESG_Report.pdf,seed_batch_05,medium,uare feet; FTE: Full-time Equivalent; $M USD: millions of dollars. 2 Energy usage is based on a combination of metered energy consumption billing data and estimated energy consumption data based on energy intensity per square footage standa,uare feet; FTE: Full-time Equivalent; $M USD: millions of dollars. 2 Energy usage is based on a combination of metered energy consumption billing data and es...,Review only: keep out of accepted standard-company conclusions until page-level evidence explicitly names the series.,仅供复核：页级证据明确命名具体系列前，不进入已采信标准-企业结论。
r195_americanexpress,195,AMERICAN EXPRESS,美国运通公司,J,Finance,金融业,ghg_project_protocol,GHG Protocol Project Protocol,GHG Protocol 项目减排核算协议,Project protocol,项目协议,Project-level reduction accounting protocol,项目层减排核算协议,Project accounting and reductions; not a direct corporate inventory total.,项目减排核算口径，不直接等同于企业组织层总排放。,Use project or reduction-accounting language for non-inventory evidence.,项目证据使用项目减排口径，不直接改写成 Scope 口径。,contextual_scope_inventory_mapping,no_explicit_whitelisted_series_name_in_page_text,,2,66,AMERICAN EXPRESS_AXP_2023_2024_ESG_Report.pdf,seed_batch_05,medium,uare feet; FTE: Full-time Equivalent; $M USD: millions of dollars. 2 Energy usage is based on a combination of metered energy consumption billing data and estimated energy consumption data based on energy intensity per square footage standa,uare feet; FTE: Full-time Equivalent; $M USD: millions of dollars. 2 Energy usage is based on a combination of metered energy consumption billing data and es...,Review only: keep out of accepted standard-company conclusions until page-level evidence explicitly names the series.,仅供复核：页级证据明确命名具体系列前，不进入已采信标准-企业结论。
r195_americanexpress,195,AMERICAN EXPRESS,美国运通公司,J,Finance,金融业,ghg_scope2_guidance,GHG Protocol Scope 2 Guidance,GHG Protocol Scope 2 指南,Guidance,指南,Purchased electricity and energy method guidance,外购电力与能源口径指南,Location-based and market-based Scope 2 reporting are separated when cited.,原文显式引用时区分位置法与市场法 Scope 2 披露。,Scope 2 market-based and location-based language is treated as GHG-specific.,Scope 2 市场法/位置法术语只在 GHG Protocol 语境下使用。,contextual_scope_inventory_mapping,no_explicit_whitelisted_series_name_in_page_text,,3,66,AMERICAN EXPRESS_AXP_2023_2024_ESG_Report.pdf,seed_batch_05,medium,uare feet; FTE: Full-time Equivalent; $M USD: millions of dollars. 2 Energy usage is based on a combination of metered energy consumption billing data and estimated energy consumption data based on energy intensity per square footage standa,uare feet; FTE: Full-time Equivalent; $M USD: millions of dollars. 2 Energy usage is based on a combination of metered energy consumption billing data and es...,Review only: keep out of accepted standard-company conclusions until page-level evidence explicitly names the series.,仅供复核：页级证据明确命名具体系列前，不进入已采信标准-企业结论。
r195_americanexpress,195,AMERICAN EXPRESS,美国运通公司,J,Finance,金融业,ghg_scope3_calculation_guidance,GHG Protocol Scope 3 Calculation Guidance,GHG Protocol Scope 3 计算指南,Guidance,指南,Scope 3 inventory calculation guidance,Scope 3 清单计算指南,Companion calculation guidance for completing Scope 3 inventories.,配套计算指南，用于完成 Scope 3 清单。,Scope 3 categories are GHG-specific and only shown when the source uses that wording.,Scope 3 类别是 GHG 特有口径，仅在原文如此使用时展示。,contextual_scope_inventory_mapping,no_explicit_whitelisted_series_name_in_page_text,,1,66,AMERICAN EXPRESS_AXP_2023_2024_ESG_Report.pdf,pdf_contextual_scope_inventory_mapping,pdf_page_backfill,Structured standard tag: GHG Protocol; Standard role: Accounting standard; Matched keywords: Estimated value uare feet; FTE: Full-time Equivalent; $M USD: millions of dollars. 2 Energy usage is based on a combination of metered energy consumption billing data and estimated energy consumption data based on energy intensity per square footage standa AMERICAN …,Structured standard tag: GHG Protocol; Standard role: Accounting standard; Matched keywords: Estimated value uare feet; FTE: Full-time Equivalent; $M USD: millions of dollars. 2 Energy usage is based on a combination of metered energy consumption billing data and estimated energy consumption data based on energy intensity per square footage standa AMERICAN …,Review only: keep out of accepted standard-company conclusions until page-level evidence explicitly names the series.,仅供复核：页级证据明确命名具体系列前，不进入已采信标准-企业结论。
r195_americanexpress,195,AMERICAN EXPRESS,美国运通公司,J,Finance,金融业,ghg_scope3_standard,GHG Protocol Corporate Value Chain (Scope 3) Accounting and Reporting Standard,GHG Protocol 企业价值链（Scope 3）核算与报告标准,Standard,标准,Value-chain emissions accounting standard,价值链排放核算标准,Scope 3 categories are GHG Protocol-specific category language.,Scope 3 类别是 GHG Protocol 特有的类别口径。,Scope 3 and Scope 3 category names are only used for GHG Protocol evidence.,Scope 3 及十五类类别口径只在 GHG Protocol 证据下使用。,contextual_scope_inventory_mapping,no_explicit_whitelisted_series_name_in_page_text,,3,66,AMERICAN EXPRESS_AXP_2023_2024_ESG_Report.pdf,seed_batch_05,medium,uare feet; FTE: Full-time Equivalent; $M USD: millions of dollars. 2 Energy usage is based on a combination of metered energy consumption billing data and estimated energy consumption data based on energy intensity per square footage standa,uare feet; FTE: Full-time Equivalent; $M USD: millions of dollars. 2 Energy usage is based on a combination of metered energy consumption billing data and es...,Review only: keep out of accepted standard-company conclusions until page-level evidence explicitly names the series.,仅供复核：页级证据明确命名具体系列前，不进入已采信标准-企业结论。
r196_hitachi,196,HITACHI,日立,C,Manufacturing,制造业,ghg_corporate_standard,GHG Protocol Corporate Accounting and Reporting Standard,GHG Protocol 企业核算与报告标准,Standard,标准,Corporate inventory accounting standard,企业组织层面清单核算标准,"Relevance, completeness, consistency, transparency, and accuracy.",相关性、完整性、一致性、透明性和准确性。,"Within GHG Protocol evidence, this may define Scope 1 and Scope 2 corporate inventory boundaries.",仅在 GHG Protocol 证据下使用 Scope 1/2 的组织层面清单口径。,contextual_scope_inventory_mapping,no_explicit_whitelisted_series_name_in_page_text,,1,50,HITACHI_en_sustainability2025.pdf,pdf_contextual_scope_inventory_mapping,pdf_page_backfill,"Structured standard tag: GHG Protocol; Standard role: Accounting standard; Matched keywords: Derived value Furthermore, by expanding the introduction of corporate PPA, we are accelerating the replacement of fossil fuel-derived electricity with electricity from renewable energy sources. The renewable electricity introduced will comply with the st HITACHI_en_…","Structured standard tag: GHG Protocol; Standard role: Accounting standard; Matched keywords: Derived value Furthermore, by expanding the introduction of corporate PPA, we are accelerating the replacement of fossil fuel-derived electricity with electricity from renewable energy sources. The renewable electricity introduced will comply with the st HITACHI_en_…",Review only: keep out of accepted standard-company conclusions until page-level evidence explicitly names the series.,仅供复核：页级证据明确命名具体系列前，不进入已采信标准-企业结论。
r196_hitachi,196,HITACHI,日立,C,Manufacturing,制造业,ghg_scope2_guidance,GHG Protocol Scope 2 Guidance,GHG Protocol Scope 2 指南,Guidance,指南,Purchased electricity and energy method guidance,外购电力与能源口径指南,Location-based and market-based Scope 2 reporting are separated when cited.,原文显式引用时区分位置法与市场法 Scope 2 披露。,Scope 2 market-based and location-based language is treated as GHG-specific.,Scope 2 市场法/位置法术语只在 GHG Protocol 语境下使用。,contextual_scope_inventory_mapping,no_explicit_whitelisted_series_name_in_page_text,,1,50,HITACHI_en_sustainability2025.pdf,pdf_contextual_scope_inventory_mapping,pdf_page_backfill,"Structured standard tag: GHG Protocol; Standard role: Accounting standard; Matched keywords: Derived value Furthermore, by expanding the introduction of corporate PPA, we are accelerating the replacement of fossil fuel-derived electricity with electricity from renewable energy sources. The renewable electricity introduced will comply with the st HITACHI_en_…","Structured standard tag: GHG Protocol; Standard role: Accounting standard; Matched keywords: Derived value Furthermore, by expanding the introduction of corporate PPA, we are accelerating the replacement of fossil fuel-derived electricity with electricity from renewable energy sources. The renewable electricity introduced will comply with the st HITACHI_en_…",Review only: keep out of accepted standard-company conclusions until page-level evidence explicitly names the series.,仅供复核：页级证据明确命名具体系列前，不进入已采信标准-企业结论。
r196_hitachi,196,HITACHI,日立,C,Manufacturing,制造业,ghg_scope3_calculation_guidance,GHG Protocol Scope 3 Calculation Guidance,GHG Protocol Scope 3 计算指南,Guidance,指南,Scope 3 inventory calculation guidance,Scope 3 清单计算指南,Companion calculation guidance for completing Scope 3 inventories.,配套计算指南，用于完成 Scope 3 清单。,Scope 3 categories are GHG-specific and only shown when the source uses that wording.,Scope 3 类别是 GHG 特有口径，仅在原文如此使用时展示。,contextual_scope_inventory_mapping,no_explicit_whitelisted_series_name_in_page_text,,1,50,HITACHI_en_sustainability2025.pdf,pdf_contextual_scope_inventory_mapping,pdf_page_backfill,"Structured standard tag: GHG Protocol; Standard role: Accounting standard; Matched keywords: Derived value Furthermore, by expanding the introduction of corporate PPA, we are accelerating the replacement of fossil fuel-derived electricity with electricity from renewable energy sources. The renewable electricity introduced will comply with the st HITACHI_en_…","Structured standard tag: GHG Protocol; Standard role: Accounting standard; Matched keywords: Derived value Furthermore, by expanding the introduction of corporate PPA, we are accelerating the replacement of fossil fuel-derived electricity with electricity from renewable energy sources. The renewable electricity introduced will comply with the st HITACHI_en_…",Review only: keep out of accepted standard-company conclusions until page-level evidence explicitly names the series.,仅供复核：页级证据明确命名具体系列前，不进入已采信标准-企业结论。
r196_hitachi,196,HITACHI,日立,C,Manufacturing,制造业,ghg_scope3_standard,GHG Protocol Corporate Value Chain (Scope 3) Accounting and Reporting Standard,GHG Protocol 企业价值链（Scope 3）核算与报告标准,Standard,标准,Value-chain emissions accounting standard,价值链排放核算标准,Scope 3 categories are GHG Protocol-specific category language.,Scope 3 类别是 GHG Protocol 特有的类别口径。,Scope 3 and Scope 3 category names are only used for GHG Protocol evidence.,Scope 3 及十五类类别口径只在 GHG Protocol 证据下使用。,contextual_scope_inventory_mapping,no_explicit_whitelisted_series_name_in_page_text,,1,50,HITACHI_en_sustainability2025.pdf,pdf_contextual_scope_inventory_mapping,pdf_page_backfill,"Structured standard tag: GHG Protocol; Standard role: Accounting standard; Matched keywords: Derived value Furthermore, by expanding the introduction of corporate PPA, we are accelerating the replacement of fossil fuel-derived electricity with electricity from renewable energy sources. The renewable electricity introduced will comply with the st HITACHI_en_…","Structured standard tag: GHG Protocol; Standard role: Accounting standard; Matched keywords: Derived value Furthermore, by expanding the introduction of corporate PPA, we are accelerating the replacement of fossil fuel-derived electricity with electricity from renewable energy sources. The renewable electricity introduced will comply with the st HITACHI_en_…",Review only: keep out of accepted standard-company conclusions until page-level evidence explicitly names the series.,仅供复核：页级证据明确命名具体系列前，不进入已采信标准-企业结论。
r198_wilmarinternational,198,WILMAR INTERNATIONAL,丰益国际,C,Manufacturing,制造业,ghg_corporate_standard,GHG Protocol Corporate Accounting and Reporting Standard,GHG Protocol 企业核算与报告标准,Standard,标准,Corporate inventory accounting standard,企业组织层面清单核算标准,"Relevance, completeness, consistency, transparency, and accuracy.",相关性、完整性、一致性、透明性和准确性。,"Within GHG Protocol evidence, this may define Scope 1 and Scope 2 corporate inventory boundaries.",仅在 GHG Protocol 证据下使用 Scope 1/2 的组织层面清单口径。,contextual_overmapped_review,no_explicit_whitelisted_series_name_in_page_text,,3,24,24_0151_wilmar_2024_sr-v7-27-may.pdf,seed_batch_13,medium,to align with our NDPE commitments and Agriculture Sectoral Roadmap to 1.5-degree Celsius: Palm Oil Sectoral Roadmap Commitment Index. 7 These avoided emissions directly contribute to a reduction in our Scope 1 emissions. Emissions are calc,to align with our NDPE commitments and Agriculture Sectoral Roadmap to 1.5-degree Celsius: Palm Oil Sectoral Roadmap Commitment Index. 7 These avoided emissi...,Review only: keep out of accepted standard-company conclusions until page-level evidence explicitly names the series.,仅供复核：页级证据明确命名具体系列前，不进入已采信标准-企业结论。
r198_wilmarinternational,198,WILMAR INTERNATIONAL,丰益国际,C,Manufacturing,制造业,ghg_project_protocol,GHG Protocol Project Protocol,GHG Protocol 项目减排核算协议,Project protocol,项目协议,Project-level reduction accounting protocol,项目层减排核算协议,Project accounting and reductions; not a direct corporate inventory total.,项目减排核算口径，不直接等同于企业组织层总排放。,Use project or reduction-accounting language for non-inventory evidence.,项目证据使用项目减排口径，不直接改写成 Scope 口径。,contextual_overmapped_review,no_explicit_whitelisted_series_name_in_page_text,,1,24,24_0151_wilmar_2024_sr-v7-27-may.pdf,pdf_contextual_scope_inventory_mapping,pdf_page_backfill,Structured standard tag: GHG Protocol; Standard role: Accounting standard to align with our NDPE commitments and Agriculture Sectoral Roadmap to 1.5-degree Celsius: Palm Oil Sectoral Roadmap Commitment Index. 7 These avoided emissions directly contribute to a reduction in our Scope 1 emissions. Emissions are calc 24_0151_wilmar_2024_sr-v7-27-may.pdf Energy …,Structured standard tag: GHG Protocol; Standard role: Accounting standard to align with our NDPE commitments and Agriculture Sectoral Roadmap to 1.5-degree Celsius: Palm Oil Sectoral Roadmap Commitment Index. 7 These avoided emissions directly contribute to a reduction in our Scope 1 emissions. Emissions are calc 24_0151_wilmar_2024_sr-v7-27-may.pdf Energy …,Review only: keep out of accepted standard-company conclusions until page-level evidence explicitly names the series.,仅供复核：页级证据明确命名具体系列前，不进入已采信标准-企业结论。
r198_wilmarinternational,198,WILMAR INTERNATIONAL,丰益国际,C,Manufacturing,制造业,ghg_scope2_guidance,GHG Protocol Scope 2 Guidance,GHG Protocol Scope 2 指南,Guidance,指南,Purchased electricity and energy method guidance,外购电力与能源口径指南,Location-based and market-based Scope 2 reporting are separated when cited.,原文显式引用时区分位置法与市场法 Scope 2 披露。,Scope 2 market-based and location-based language is treated as GHG-specific.,Scope 2 市场法/位置法术语只在 GHG Protocol 语境下使用。,contextual_overmapped_review,no_explicit_whitelisted_series_name_in_page_text,,3,24,24_0151_wilmar_2024_sr-v7-27-may.pdf,seed_batch_13,medium,to align with our NDPE commitments and Agriculture Sectoral Roadmap to 1.5-degree Celsius: Palm Oil Sectoral Roadmap Commitment Index. 7 These avoided emissions directly contribute to a reduction in our Scope 1 emissions. Emissions are calc,to align with our NDPE commitments and Agriculture Sectoral Roadmap to 1.5-degree Celsius: Palm Oil Sectoral Roadmap Commitment Index. 7 These avoided emissi...,Review only: keep out of accepted standard-company conclusions until page-level evidence explicitly names the series.,仅供复核：页级证据明确命名具体系列前，不进入已采信标准-企业结论。
r198_wilmarinternational,198,WILMAR INTERNATIONAL,丰益国际,C,Manufacturing,制造业,ghg_scope3_standard,GHG Protocol Corporate Value Chain (Scope 3) Accounting and Reporting Standard,GHG Protocol 企业价值链（Scope 3）核算与报告标准,Standard,标准,Value-chain emissions accounting standard,价值链排放核算标准,Scope 3 categories are GHG Protocol-specific category language.,Scope 3 类别是 GHG Protocol 特有的类别口径。,Scope 3 and Scope 3 category names are only used for GHG Protocol evidence.,Scope 3 及十五类类别口径只在 GHG Protocol 证据下使用。,contextual_overmapped_review,no_explicit_whitelisted_series_name_in_page_text,,3,24,24_0151_wilmar_2024_sr-v7-27-may.pdf,seed_batch_13,medium,to align with our NDPE commitments and Agriculture Sectoral Roadmap to 1.5-degree Celsius: Palm Oil Sectoral Roadmap Commitment Index. 7 These avoided emissions directly contribute to a reduction in our Scope 1 emissions. Emissions are calc,to align with our NDPE commitments and Agriculture Sectoral Roadmap to 1.5-degree Celsius: Palm Oil Sectoral Roadmap Commitment Index. 7 These avoided emissi...,Review only: keep out of accepted standard-company conclusions until page-level evidence explicitly names the series.,仅供复核：页级证据明确命名具体系列前，不进入已采信标准-企业结论。
r199_caterpillar,199,CATERPILLAR,卡特彼勒,C,Manufacturing,制造业,ghg_scope3_calculation_guidance,GHG Protocol Scope 3 Calculation Guidance,GHG Protocol Scope 3 计算指南,Guidance,指南,Scope 3 inventory calculation guidance,Scope 3 清单计算指南,Companion calculation guidance for completing Scope 3 inventories.,配套计算指南，用于完成 Scope 3 清单。,Scope 3 categories are GHG-specific and only shown when the source uses that wording.,Scope 3 类别是 GHG 特有口径，仅在原文如此使用时展示。,contextual_scope_inventory_mapping,no_explicit_whitelisted_series_name_in_page_text,,1,29,CATERPILLAR 2024 SUSTAINABILITY REPORT.pdf,pdf_contextual_scope_inventory_mapping,pdf_page_backfill,"Structured standard tag: GHG Protocol; Standard role: Accounting standard; Matched keywords: Estimated value cope 3 emissions are either not relevant to our business or are immaterial, representing collectively less than 5% of total enterprise GHG emissions. The trend of Caterpillar’s estimated Scope 3 use of sold products emissions, which utilize CATERPILL…","Structured standard tag: GHG Protocol; Standard role: Accounting standard; Matched keywords: Estimated value cope 3 emissions are either not relevant to our business or are immaterial, representing collectively less than 5% of total enterprise GHG emissions. The trend of Caterpillar’s estimated Scope 3 use of sold products emissions, which utilize CATERPILL…",Review only: keep out of accepted standard-company conclusions until page-level evidence explicitly names the series.,仅供复核：页级证据明确命名具体系列前，不进入已采信标准-企业结论。
r200_bancobilbaovizcayaargentaria,200,BANCO BILBAO VIZCAYA ARGENTARIA,西班牙对外银行,J,Finance,金融业,ghg_corporate_standard,GHG Protocol Corporate Accounting and Reporting Standard,GHG Protocol 企业核算与报告标准,Standard,标准,Corporate inventory accounting standard,企业组织层面清单核算标准,"Relevance, completeness, consistency, transparency, and accuracy.",相关性、完整性、一致性、透明性和准确性。,"Within GHG Protocol evidence, this may define Scope 1 and Scope 2 corporate inventory boundaries.",仅在 GHG Protocol 证据下使用 Scope 1/2 的组织层面清单口径。,contextual_scope_inventory_mapping,no_explicit_whitelisted_series_name_in_page_text,,2,111,BBVA_Annual_Report_2024_ENG.pdf,seed_batch_12,medium,"9.4% of the emissions generated by BBVA are CO2, while CH4 and N2O emissions represent 0.2% and 0.4%, respectively45. Emissions calculation methodology 46 Both Scope 1 and 2 emissions, as well as Scope 3 emissions, are calculated taking int","9.4% of the emissions generated by BBVA are CO2, while CH4 and N2O emissions represent 0.2% and 0.4%, respectively45. Emissions calculation methodology 46 Bo...",Review only: keep out of accepted standard-company conclusions until page-level evidence explicitly names the series.,仅供复核：页级证据明确命名具体系列前，不进入已采信标准-企业结论。
r200_bancobilbaovizcayaargentaria,200,BANCO BILBAO VIZCAYA ARGENTARIA,西班牙对外银行,J,Finance,金融业,ghg_scope3_calculation_guidance,GHG Protocol Scope 3 Calculation Guidance,GHG Protocol Scope 3 计算指南,Guidance,指南,Scope 3 inventory calculation guidance,Scope 3 清单计算指南,Companion calculation guidance for completing Scope 3 inventories.,配套计算指南，用于完成 Scope 3 清单。,Scope 3 categories are GHG-specific and only shown when the source uses that wording.,Scope 3 类别是 GHG 特有口径，仅在原文如此使用时展示。,contextual_scope_inventory_mapping,no_explicit_whitelisted_series_name_in_page_text,,2,111,BBVA_Annual_Report_2024_ENG.pdf,seed_batch_12,medium,"9.4% of the emissions generated by BBVA are CO2, while CH4 and N2O emissions represent 0.2% and 0.4%, respectively45. Emissions calculation methodology 46 Both Scope 1 and 2 emissions, as well as Scope 3 emissions, are calculated taking int","9.4% of the emissions generated by BBVA are CO2, while CH4 and N2O emissions represent 0.2% and 0.4%, respectively45. Emissions calculation methodology 46 Bo...",Review only: keep out of accepted standard-company conclusions until page-level evidence explicitly names the series.,仅供复核：页级证据明确命名具体系列前，不进入已采信标准-企业结论。
r205_deutschebank,205,DEUTSCHE BANK,德意志银行,J,Finance,金融业,ghg_scope3_standard,GHG Protocol Corporate Value Chain (Scope 3) Accounting and Reporting Standard,GHG Protocol 企业价值链（Scope 3）核算与报告标准,Standard,标准,Value-chain emissions accounting standard,价值链排放核算标准,Scope 3 categories are GHG Protocol-specific category language.,Scope 3 类别是 GHG Protocol 特有的类别口径。,Scope 3 and Scope 3 category names are only used for GHG Protocol evidence.,Scope 3 及十五类类别口径只在 GHG Protocol 证据下使用。,contextual_overmapped_review,no_explicit_whitelisted_series_name_in_page_text,,1,312,Deutsche_Bank_Annual_Report_2024.pdf,pdf_explicit_series_citation,pdf_page_backfill,tal information Annual Report 2024 Climate change – The financed emissions figures rely on client-specific data as well as proxy emissions factors. Scope 1 and 2 client- specific emissions data is sourced from MSCI and is always reported data from the client. Scope 3 client-specific emissions data is sourced from MSCI and can be either reported or estimated…,tal information Annual Report 2024 Climate change – The financed emissions figures rely on client-specific data as well as proxy emissions factors. Scope 1 and 2 client- specific emissions data is sourced from MSCI and is always reported data from the client. Scope 3 client-specific emissions data is sourced from MSCI and can be either reported or estimated…,Review only: keep out of accepted standard-company conclusions until page-level evidence explicitly names the series.,仅供复核：页级证据明确命名具体系列前，不进入已采信标准-企业结论。
r208_sumitomomitsuifinancialgroup,208,SUMITOMO MITSUI FINANCIAL GROUP,日本三井住友金融集团,J,Finance,金融业,ghg_corporate_standard,GHG Protocol Corporate Accounting and Reporting Standard,GHG Protocol 企业核算与报告标准,Standard,标准,Corporate inventory accounting standard,企业组织层面清单核算标准,"Relevance, completeness, consistency, transparency, and accuracy.",相关性、完整性、一致性、透明性和准确性。,"Within GHG Protocol evidence, this may define Scope 1 and Scope 2 corporate inventory boundaries.",仅在 GHG Protocol 证据下使用 Scope 1/2 的组织层面清单口径。,contextual_scope_inventory_mapping,no_explicit_whitelisted_series_name_in_page_text,,2,125,SUMITOMO MITSUI FINANCIAL GROUP sustainability_report_e_2025.pdf,seed_batch_05,medium,"ment 09. Appendix 07. Governance 05. Strategy 08. Metrics and targets 01. Message from the Group CEO 02. Editorial policy Calculation method for Scopes 1 and 2 GHG emissions relating to Scopes 1, 2, and 3 (Categories 1 to 14) are calculated",ment 09. Appendix 07. Governance 05. Strategy 08. Metrics and targets 01. Message from the Group CEO 02. Editorial policy Calculation method for Scopes 1 and...,Review only: keep out of accepted standard-company conclusions until page-level evidence explicitly names the series.,仅供复核：页级证据明确命名具体系列前，不进入已采信标准-企业结论。
r209_lg电子,209,LG Electronics,LG电子,C,Manufacturing,制造业,ghg_scope2_guidance,GHG Protocol Scope 2 Guidance,GHG Protocol Scope 2 指南,Guidance,指南,Purchased electricity and energy method guidance,外购电力与能源口径指南,Location-based and market-based Scope 2 reporting are separated when cited.,原文显式引用时区分位置法与市场法 Scope 2 披露。,Scope 2 market-based and location-based language is treated as GHG-specific.,Scope 2 市场法/位置法术语只在 GHG Protocol 语境下使用。,contextual_scope_inventory_mapping,no_explicit_whitelisted_series_name_in_page_text,,3,164,2024-2025_LGE_Sustainability_Report_English.pdf,seed_batch_13,medium,”) was commissioned by LG Electronics Inc. (“Company”) to perform third party verifica- tion for the Company’s Greenhouse Gas Statement. The Company is responsible for the preparation of the GHG statement on the basis set out within Audit S,”) was commissioned by LG Electronics Inc. (“Company”) to perform third party verifica- tion for the Company’s Greenhouse Gas Statement. The Company is respo...,Review only: keep out of accepted standard-company conclusions until page-level evidence explicitly names the series.,仅供复核：页级证据明确命名具体系列前，不进入已采信标准-企业结论。
r209_lg电子,209,LG Electronics,LG电子,C,Manufacturing,制造业,ghg_scope3_calculation_guidance,GHG Protocol Scope 3 Calculation Guidance,GHG Protocol Scope 3 计算指南,Guidance,指南,Scope 3 inventory calculation guidance,Scope 3 清单计算指南,Companion calculation guidance for completing Scope 3 inventories.,配套计算指南，用于完成 Scope 3 清单。,Scope 3 categories are GHG-specific and only shown when the source uses that wording.,Scope 3 类别是 GHG 特有口径，仅在原文如此使用时展示。,contextual_scope_inventory_mapping,no_explicit_whitelisted_series_name_in_page_text,,1,164,2024-2025_LGE_Sustainability_Report_English.pdf,pdf_contextual_scope_inventory_mapping,pdf_page_backfill,Structured standard tag: GHG Protocol; Standard role: Accounting standard ”) was commissioned by LG Electronics Inc. (“Company”) to perform third party verifica- tion for the Company’s Greenhouse Gas Statement. The Company is responsible for the preparation of the GHG statement on the basis set out within Audit S 2024-2025_LGE_Sustainability_Report_English.…,Structured standard tag: GHG Protocol; Standard role: Accounting standard ”) was commissioned by LG Electronics Inc. (“Company”) to perform third party verifica- tion for the Company’s Greenhouse Gas Statement. The Company is responsible for the preparation of the GHG statement on the basis set out within Audit S 2024-2025_LGE_Sustainability_Report_English.…,Review only: keep out of accepted standard-company conclusions until page-level evidence explicitly names the series.,仅供复核：页级证据明确命名具体系列前，不进入已采信标准-企业结论。
r217_bancodobrasil,217,BANCO DO BRASIL,巴西银行,J,Finance,金融业,ghg_corporate_standard,GHG Protocol Corporate Accounting and Reporting Standard,GHG Protocol 企业核算与报告标准,Standard,标准,Corporate inventory accounting standard,企业组织层面清单核算标准,"Relevance, completeness, consistency, transparency, and accuracy.",相关性、完整性、一致性、透明性和准确性。,"Within GHG Protocol evidence, this may define Scope 1 and Scope 2 corporate inventory boundaries.",仅在 GHG Protocol 证据下使用 Scope 1/2 的组织层面清单口径。,contextual_scope_inventory_mapping,no_explicit_whitelisted_series_name_in_page_text,,2,130,BANCO DO BRASIL Annual Report - 2024.pdf,seed_batch_05,medium,"1 emissions by 42% by 2030, based on the criteria of the Science-Based Targets initiative (SBTi) and the scenario of a global temperature increase below 2°C. To achieve this goal, we maintain an annual GHG inventory, in accordance with NBR","1 emissions by 42% by 2030, based on the criteria of the Science-Based Targets initiative (SBTi) and the scenario of a global temperature increase below 2°C....",Review only: keep out of accepted standard-company conclusions until page-level evidence explicitly names the series.,仅供复核：页级证据明确命名具体系列前，不进入已采信标准-企业结论。
r222_nvidia,222,NVIDIA,英伟达公司,C,Manufacturing,制造业,ghg_corporate_standard,GHG Protocol Corporate Accounting and Reporting Standard,GHG Protocol 企业核算与报告标准,Standard,标准,Corporate inventory accounting standard,企业组织层面清单核算标准,"Relevance, completeness, consistency, transparency, and accuracy.",相关性、完整性、一致性、透明性和准确性。,"Within GHG Protocol evidence, this may define Scope 1 and Scope 2 corporate inventory boundaries.",仅在 GHG Protocol 证据下使用 Scope 1/2 的组织层面清单口径。,contextual_scope_inventory_mapping,no_explicit_whitelisted_series_name_in_page_text,,3,12,NVIDIA-Sustainability-Report-Fiscal-Year-2025.pdf,seed_batch_06,medium,"age the greenhouse gas (GHG) emissions footprint of our data centers, labs, and offices, we strategically focus on locating new sites, selecting facilities to expand, managing our operations efficiently, and sourcing renewable energy. Manag","age the greenhouse gas (GHG) emissions footprint of our data centers, labs, and offices, we strategically focus on locating new sites, selecting facilities t...",Review only: keep out of accepted standard-company conclusions until page-level evidence explicitly names the series.,仅供复核：页级证据明确命名具体系列前，不进入已采信标准-企业结论。
r222_nvidia,222,NVIDIA,英伟达公司,C,Manufacturing,制造业,ghg_scope2_guidance,GHG Protocol Scope 2 Guidance,GHG Protocol Scope 2 指南,Guidance,指南,Purchased electricity and energy method guidance,外购电力与能源口径指南,Location-based and market-based Scope 2 reporting are separated when cited.,原文显式引用时区分位置法与市场法 Scope 2 披露。,Scope 2 market-based and location-based language is treated as GHG-specific.,Scope 2 市场法/位置法术语只在 GHG Protocol 语境下使用。,contextual_scope_inventory_mapping,no_explicit_whitelisted_series_name_in_page_text,,1,12,NVIDIA-Sustainability-Report-Fiscal-Year-2025.pdf,pdf_contextual_scope_inventory_mapping,pdf_page_backfill,"Structured standard tag: GHG Protocol; Standard role: Accounting standard age the greenhouse gas (GHG) emissions footprint of our data centers, labs, and offices, we strategically focus on locating new sites, selecting facilities to expand, managing our operations efficiently, and sourcing renewable energy. Manag NVIDIA-Sustainability-Report-Fiscal-Year-202…","Structured standard tag: GHG Protocol; Standard role: Accounting standard age the greenhouse gas (GHG) emissions footprint of our data centers, labs, and offices, we strategically focus on locating new sites, selecting facilities to expand, managing our operations efficiently, and sourcing renewable energy. Manag NVIDIA-Sustainability-Report-Fiscal-Year-202…",Review only: keep out of accepted standard-company conclusions until page-level evidence explicitly names the series.,仅供复核：页级证据明确命名具体系列前，不进入已采信标准-企业结论。
r222_nvidia,222,NVIDIA,英伟达公司,C,Manufacturing,制造业,ghg_scope3_standard,GHG Protocol Corporate Value Chain (Scope 3) Accounting and Reporting Standard,GHG Protocol 企业价值链（Scope 3）核算与报告标准,Standard,标准,Value-chain emissions accounting standard,价值链排放核算标准,Scope 3 categories are GHG Protocol-specific category language.,Scope 3 类别是 GHG Protocol 特有的类别口径。,Scope 3 and Scope 3 category names are only used for GHG Protocol evidence.,Scope 3 及十五类类别口径只在 GHG Protocol 证据下使用。,contextual_scope_inventory_mapping,no_explicit_whitelisted_series_name_in_page_text,,1,12,NVIDIA-Sustainability-Report-Fiscal-Year-2025.pdf,pdf_contextual_scope_inventory_mapping,pdf_page_backfill,"Structured standard tag: GHG Protocol; Standard role: Accounting standard age the greenhouse gas (GHG) emissions footprint of our data centers, labs, and offices, we strategically focus on locating new sites, selecting facilities to expand, managing our operations efficiently, and sourcing renewable energy. Manag NVIDIA-Sustainability-Report-Fiscal-Year-202…","Structured standard tag: GHG Protocol; Standard role: Accounting standard age the greenhouse gas (GHG) emissions footprint of our data centers, labs, and offices, we strategically focus on locating new sites, selecting facilities to expand, managing our operations efficiently, and sourcing renewable energy. Manag NVIDIA-Sustainability-Report-Fiscal-Year-202…",Review only: keep out of accepted standard-company conclusions until page-level evidence explicitly names the series.,仅供复核：页级证据明确命名具体系列前，不进入已采信标准-企业结论。
r223_stonex集团,223,StoneX,StoneX,J,Finance,金融业,ghg_corporate_standard,GHG Protocol Corporate Accounting and Reporting Standard,GHG Protocol 企业核算与报告标准,Standard,标准,Corporate inventory accounting standard,企业组织层面清单核算标准,"Relevance, completeness, consistency, transparency, and accuracy.",相关性、完整性、一致性、透明性和准确性。,"Within GHG Protocol evidence, this may define Scope 1 and Scope 2 corporate inventory boundaries.",仅在 GHG Protocol 证据下使用 Scope 1/2 的组织层面清单口径。,contextual_scope_inventory_mapping,no_explicit_whitelisted_series_name_in_page_text,,3,9,StoneX_ESG_Report_08.26.2024.pdf,seed_batch_06,medium,"ng an organizational boundary, which involves accounting for GHG emissions from operations over which StoneX has control across its entire business in all locations. StoneX’s GHG emissions have been calculated and analyzed in accordance wit","ng an organizational boundary, which involves accounting for GHG emissions from operations over which StoneX has control across its entire business in all lo...",Review only: keep out of accepted standard-company conclusions until page-level evidence explicitly names the series.,仅供复核：页级证据明确命名具体系列前，不进入已采信标准-企业结论。
r223_stonex集团,223,StoneX,StoneX,J,Finance,金融业,ghg_scope2_guidance,GHG Protocol Scope 2 Guidance,GHG Protocol Scope 2 指南,Guidance,指南,Purchased electricity and energy method guidance,外购电力与能源口径指南,Location-based and market-based Scope 2 reporting are separated when cited.,原文显式引用时区分位置法与市场法 Scope 2 披露。,Scope 2 market-based and location-based language is treated as GHG-specific.,Scope 2 市场法/位置法术语只在 GHG Protocol 语境下使用。,contextual_scope_inventory_mapping,no_explicit_whitelisted_series_name_in_page_text,,1,9,StoneX_ESG_Report_08.26.2024.pdf,pdf_contextual_scope_inventory_mapping,pdf_page_backfill,"Structured standard tag: GHG Protocol; Standard role: Accounting standard ng an organizational boundary, which involves accounting for GHG emissions from operations over which StoneX has control across its entire business in all locations. StoneX’s GHG emissions have been calculated and analyzed in accordance wit StoneX_ESG_Report_08.26.2024.pdf Environment…","Structured standard tag: GHG Protocol; Standard role: Accounting standard ng an organizational boundary, which involves accounting for GHG emissions from operations over which StoneX has control across its entire business in all locations. StoneX’s GHG emissions have been calculated and analyzed in accordance wit StoneX_ESG_Report_08.26.2024.pdf Environment…",Review only: keep out of accepted standard-company conclusions until page-level evidence explicitly names the series.,仅供复核：页级证据明确命名具体系列前，不进入已采信标准-企业结论。
r223_stonex集团,223,StoneX,StoneX,J,Finance,金融业,ghg_scope3_calculation_guidance,GHG Protocol Scope 3 Calculation Guidance,GHG Protocol Scope 3 计算指南,Guidance,指南,Scope 3 inventory calculation guidance,Scope 3 清单计算指南,Companion calculation guidance for completing Scope 3 inventories.,配套计算指南，用于完成 Scope 3 清单。,Scope 3 categories are GHG-specific and only shown when the source uses that wording.,Scope 3 类别是 GHG 特有口径，仅在原文如此使用时展示。,contextual_scope_inventory_mapping,no_explicit_whitelisted_series_name_in_page_text,,1,9,StoneX_ESG_Report_08.26.2024.pdf,pdf_contextual_scope_inventory_mapping,pdf_page_backfill,"Structured standard tag: GHG Protocol; Standard role: Accounting standard ng an organizational boundary, which involves accounting for GHG emissions from operations over which StoneX has control across its entire business in all locations. StoneX’s GHG emissions have been calculated and analyzed in accordance wit StoneX_ESG_Report_08.26.2024.pdf Environment…","Structured standard tag: GHG Protocol; Standard role: Accounting standard ng an organizational boundary, which involves accounting for GHG emissions from operations over which StoneX has control across its entire business in all locations. StoneX’s GHG emissions have been calculated and analyzed in accordance wit StoneX_ESG_Report_08.26.2024.pdf Environment…",Review only: keep out of accepted standard-company conclusions until page-level evidence explicitly names the series.,仅供复核：页级证据明确命名具体系列前，不进入已采信标准-企业结论。
r223_stonex集团,223,StoneX,StoneX,J,Finance,金融业,ghg_scope3_standard,GHG Protocol Corporate Value Chain (Scope 3) Accounting and Reporting Standard,GHG Protocol 企业价值链（Scope 3）核算与报告标准,Standard,标准,Value-chain emissions accounting standard,价值链排放核算标准,Scope 3 categories are GHG Protocol-specific category language.,Scope 3 类别是 GHG Protocol 特有的类别口径。,Scope 3 and Scope 3 category names are only used for GHG Protocol evidence.,Scope 3 及十五类类别口径只在 GHG Protocol 证据下使用。,contextual_scope_inventory_mapping,no_explicit_whitelisted_series_name_in_page_text,,1,9,StoneX_ESG_Report_08.26.2024.pdf,pdf_contextual_scope_inventory_mapping,pdf_page_backfill,"Structured standard tag: GHG Protocol; Standard role: Accounting standard ng an organizational boundary, which involves accounting for GHG emissions from operations over which StoneX has control across its entire business in all locations. StoneX’s GHG emissions have been calculated and analyzed in accordance wit StoneX_ESG_Report_08.26.2024.pdf Environment…","Structured standard tag: GHG Protocol; Standard role: Accounting standard ng an organizational boundary, which involves accounting for GHG emissions from operations over which StoneX has control across its entire business in all locations. StoneX’s GHG emissions have been calculated and analyzed in accordance wit StoneX_ESG_Report_08.26.2024.pdf Environment…",Review only: keep out of accepted standard-company conclusions until page-level evidence explicitly names the series.,仅供复核：页级证据明确命名具体系列前，不进入已采信标准-企业结论。
r230_bungeglobal,230,BUNGE GLOBAL,邦吉公司,C,Manufacturing,制造业,ghg_corporate_standard,GHG Protocol Corporate Accounting and Reporting Standard,GHG Protocol 企业核算与报告标准,Standard,标准,Corporate inventory accounting standard,企业组织层面清单核算标准,"Relevance, completeness, consistency, transparency, and accuracy.",相关性、完整性、一致性、透明性和准确性。,"Within GHG Protocol evidence, this may define Scope 1 and Scope 2 corporate inventory boundaries.",仅在 GHG Protocol 证据下使用 Scope 1/2 的组织层面清单口径。,contextual_scope_inventory_mapping,no_explicit_whitelisted_series_name_in_page_text,,3,7,2025-Bunge-Global-Sustainability-Report.pdf,seed_batch_06,medium,e on Responsible Soy (RTRS) certification The verification statements are published on our website. This report complements Bunge’s 2024 Annual Report and 2025 Modern Slavery Statement. About This Report 1 Our GHG emissions are reported in,e on Responsible Soy (RTRS) certification The verification statements are published on our website. This report complements Bunge’s 2024 Annual Report and 20...,Review only: keep out of accepted standard-company conclusions until page-level evidence explicitly names the series.,仅供复核：页级证据明确命名具体系列前，不进入已采信标准-企业结论。
r230_bungeglobal,230,BUNGE GLOBAL,邦吉公司,C,Manufacturing,制造业,ghg_scope2_guidance,GHG Protocol Scope 2 Guidance,GHG Protocol Scope 2 指南,Guidance,指南,Purchased electricity and energy method guidance,外购电力与能源口径指南,Location-based and market-based Scope 2 reporting are separated when cited.,原文显式引用时区分位置法与市场法 Scope 2 披露。,Scope 2 market-based and location-based language is treated as GHG-specific.,Scope 2 市场法/位置法术语只在 GHG Protocol 语境下使用。,contextual_scope_inventory_mapping,no_explicit_whitelisted_series_name_in_page_text,,2,7,2025-Bunge-Global-Sustainability-Report.pdf,seed_batch_06,medium,e on Responsible Soy (RTRS) certification The verification statements are published on our website. This report complements Bunge’s 2024 Annual Report and 2025 Modern Slavery Statement. About This Report 1 Our GHG emissions are reported in,e on Responsible Soy (RTRS) certification The verification statements are published on our website. This report complements Bunge’s 2024 Annual Report and 20...,Review only: keep out of accepted standard-company conclusions until page-level evidence explicitly names the series.,仅供复核：页级证据明确命名具体系列前，不进入已采信标准-企业结论。
r231_anheuserbuschinbev,231,ANHEUSER-BUSCH INBEV,百威英博,C,Manufacturing,制造业,ghg_corporate_standard,GHG Protocol Corporate Accounting and Reporting Standard,GHG Protocol 企业核算与报告标准,Standard,标准,Corporate inventory accounting standard,企业组织层面清单核算标准,"Relevance, completeness, consistency, transparency, and accuracy.",相关性、完整性、一致性、透明性和准确性。,"Within GHG Protocol evidence, this may define Scope 1 and Scope 2 corporate inventory boundaries.",仅在 GHG Protocol 证据下使用 Scope 1/2 的组织层面清单口径。,contextual_scope_inventory_mapping,no_explicit_whitelisted_series_name_in_page_text,,1,38,20224-ANHEUSER-BUSCH INBEV-sustainability-report,pdf_contextual_scope_inventory_mapping,pdf_page_backfill,Structured standard tag: GHG Protocol; Standard role: Accounting standard t by current climate science. Our approach considers: • Science Based Targets Initiative (SBTi) For setting and validating our climate goals and ambitions; • Recommendations from the TCFD For disclosing our risks and opportunities related 20224-ANHEUSER-BUSCH INBEV-sustainability-re…,Structured standard tag: GHG Protocol; Standard role: Accounting standard t by current climate science. Our approach considers: • Science Based Targets Initiative (SBTi) For setting and validating our climate goals and ambitions; • Recommendations from the TCFD For disclosing our risks and opportunities related 20224-ANHEUSER-BUSCH INBEV-sustainability-re…,Review only: keep out of accepted standard-company conclusions until page-level evidence explicitly names the series.,仅供复核：页级证据明确命名具体系列前，不进入已采信标准-企业结论。
r231_anheuserbuschinbev,231,ANHEUSER-BUSCH INBEV,百威英博,C,Manufacturing,制造业,ghg_scope2_guidance,GHG Protocol Scope 2 Guidance,GHG Protocol Scope 2 指南,Guidance,指南,Purchased electricity and energy method guidance,外购电力与能源口径指南,Location-based and market-based Scope 2 reporting are separated when cited.,原文显式引用时区分位置法与市场法 Scope 2 披露。,Scope 2 market-based and location-based language is treated as GHG-specific.,Scope 2 市场法/位置法术语只在 GHG Protocol 语境下使用。,contextual_scope_inventory_mapping,no_explicit_whitelisted_series_name_in_page_text,,1,38,20224-ANHEUSER-BUSCH INBEV-sustainability-report,pdf_contextual_scope_inventory_mapping,pdf_page_backfill,Structured standard tag: GHG Protocol; Standard role: Accounting standard t by current climate science. Our approach considers: • Science Based Targets Initiative (SBTi) For setting and validating our climate goals and ambitions; • Recommendations from the TCFD For disclosing our risks and opportunities related 20224-ANHEUSER-BUSCH INBEV-sustainability-re…,Structured standard tag: GHG Protocol; Standard role: Accounting standard t by current climate science. Our approach considers: • Science Based Targets Initiative (SBTi) For setting and validating our climate goals and ambitions; • Recommendations from the TCFD For disclosing our risks and opportunities related 20224-ANHEUSER-BUSCH INBEV-sustainability-re…,Review only: keep out of accepted standard-company conclusions until page-level evidence explicitly names the series.,仅供复核：页级证据明确命名具体系列前，不进入已采信标准-企业结论。
r231_anheuserbuschinbev,231,ANHEUSER-BUSCH INBEV,百威英博,C,Manufacturing,制造业,ghg_scope3_standard,GHG Protocol Corporate Value Chain (Scope 3) Accounting and Reporting Standard,GHG Protocol 企业价值链（Scope 3）核算与报告标准,Standard,标准,Value-chain emissions accounting standard,价值链排放核算标准,Scope 3 categories are GHG Protocol-specific category language.,Scope 3 类别是 GHG Protocol 特有的类别口径。,Scope 3 and Scope 3 category names are only used for GHG Protocol evidence.,Scope 3 及十五类类别口径只在 GHG Protocol 证据下使用。,contextual_scope_inventory_mapping,no_explicit_whitelisted_series_name_in_page_text,,1,38,20224-ANHEUSER-BUSCH INBEV-sustainability-report,pdf_contextual_scope_inventory_mapping,pdf_page_backfill,Structured standard tag: GHG Protocol; Standard role: Accounting standard t by current climate science. Our approach considers: • Science Based Targets Initiative (SBTi) For setting and validating our climate goals and ambitions; • Recommendations from the TCFD For disclosing our risks and opportunities related 20224-ANHEUSER-BUSCH INBEV-sustainability-re…,Structured standard tag: GHG Protocol; Standard role: Accounting standard t by current climate science. Our approach considers: • Science Based Targets Initiative (SBTi) For setting and validating our climate goals and ambitions; • Recommendations from the TCFD For disclosing our risks and opportunities related 20224-ANHEUSER-BUSCH INBEV-sustainability-re…,Review only: keep out of accepted standard-company conclusions until page-level evidence explicitly names the series.,仅供复核：页级证据明确命名具体系列前，不进入已采信标准-企业结论。
r234_panasonicholdings,234,PANASONIC HOLDINGS,松下控股公司,C,Manufacturing,制造业,ghg_corporate_standard,GHG Protocol Corporate Accounting and Reporting Standard,GHG Protocol 企业核算与报告标准,Standard,标准,Corporate inventory accounting standard,企业组织层面清单核算标准,"Relevance, completeness, consistency, transparency, and accuracy.",相关性、完整性、一致性、透明性和准确性。,"Within GHG Protocol evidence, this may define Scope 1 and Scope 2 corporate inventory boundaries.",仅在 GHG Protocol 证据下使用 Scope 1/2 的组织层面清单口径。,contextual_scope_inventory_mapping,no_explicit_whitelisted_series_name_in_page_text,,3,17,2025_Sustainability Date Book PANASONIC HOLDINGS.pdf,seed_batch_06,medium,on the ecosystem to become nature positive. (See page 68) - Procurement of sustainable raw materials. - Green space of operating units that contribute to biodiversity. - Products and services that contribute to biodiversity. *1 Classificati,on the ecosystem to become nature positive. (See page 68) - Procurement of sustainable raw materials. - Green space of operating units that contribute to bio...,Review only: keep out of accepted standard-company conclusions until page-level evidence explicitly names the series.,仅供复核：页级证据明确命名具体系列前，不进入已采信标准-企业结论。
r234_panasonicholdings,234,PANASONIC HOLDINGS,松下控股公司,C,Manufacturing,制造业,ghg_project_protocol,GHG Protocol Project Protocol,GHG Protocol 项目减排核算协议,Project protocol,项目协议,Project-level reduction accounting protocol,项目层减排核算协议,Project accounting and reductions; not a direct corporate inventory total.,项目减排核算口径，不直接等同于企业组织层总排放。,Use project or reduction-accounting language for non-inventory evidence.,项目证据使用项目减排口径，不直接改写成 Scope 口径。,contextual_scope_inventory_mapping,no_explicit_whitelisted_series_name_in_page_text,,2,17,2025_Sustainability Date Book PANASONIC HOLDINGS.pdf,seed_batch_06,medium,on the ecosystem to become nature positive. (See page 68) - Procurement of sustainable raw materials. - Green space of operating units that contribute to biodiversity. - Products and services that contribute to biodiversity. *1 Classificati,on the ecosystem to become nature positive. (See page 68) - Procurement of sustainable raw materials. - Green space of operating units that contribute to bio...,Review only: keep out of accepted standard-company conclusions until page-level evidence explicitly names the series.,仅供复核：页级证据明确命名具体系列前，不进入已采信标准-企业结论。
r234_panasonicholdings,234,PANASONIC HOLDINGS,松下控股公司,C,Manufacturing,制造业,ghg_scope2_guidance,GHG Protocol Scope 2 Guidance,GHG Protocol Scope 2 指南,Guidance,指南,Purchased electricity and energy method guidance,外购电力与能源口径指南,Location-based and market-based Scope 2 reporting are separated when cited.,原文显式引用时区分位置法与市场法 Scope 2 披露。,Scope 2 market-based and location-based language is treated as GHG-specific.,Scope 2 市场法/位置法术语只在 GHG Protocol 语境下使用。,contextual_scope_inventory_mapping,no_explicit_whitelisted_series_name_in_page_text,,2,17,2025_Sustainability Date Book PANASONIC HOLDINGS.pdf,seed_batch_06,medium,on the ecosystem to become nature positive. (See page 68) - Procurement of sustainable raw materials. - Green space of operating units that contribute to biodiversity. - Products and services that contribute to biodiversity. *1 Classificati,on the ecosystem to become nature positive. (See page 68) - Procurement of sustainable raw materials. - Green space of operating units that contribute to bio...,Review only: keep out of accepted standard-company conclusions until page-level evidence explicitly names the series.,仅供复核：页级证据明确命名具体系列前，不进入已采信标准-企业结论。
r234_panasonicholdings,234,PANASONIC HOLDINGS,松下控股公司,C,Manufacturing,制造业,ghg_scope3_calculation_guidance,GHG Protocol Scope 3 Calculation Guidance,GHG Protocol Scope 3 计算指南,Guidance,指南,Scope 3 inventory calculation guidance,Scope 3 清单计算指南,Companion calculation guidance for completing Scope 3 inventories.,配套计算指南，用于完成 Scope 3 清单。,Scope 3 categories are GHG-specific and only shown when the source uses that wording.,Scope 3 类别是 GHG 特有口径，仅在原文如此使用时展示。,contextual_scope_inventory_mapping,no_explicit_whitelisted_series_name_in_page_text,,1,17,2025_Sustainability Date Book PANASONIC HOLDINGS.pdf,pdf_contextual_scope_inventory_mapping,pdf_page_backfill,Structured standard tag: GHG Protocol; Standard role: Accounting standard on the ecosystem to become nature positive. (See page 68) - Procurement of sustainable raw materials. - Green space of operating units that contribute to biodiversity. - Products and services that contribute to biodiversity. *1 Classificati 2025_Sustainability Date Book PANASONIC HOLD…,Structured standard tag: GHG Protocol; Standard role: Accounting standard on the ecosystem to become nature positive. (See page 68) - Procurement of sustainable raw materials. - Green space of operating units that contribute to biodiversity. - Products and services that contribute to biodiversity. *1 Classificati 2025_Sustainability Date Book PANASONIC HOLD…,Review only: keep out of accepted standard-company conclusions until page-level evidence explicitly names the series.,仅供复核：页级证据明确命名具体系列前，不进入已采信标准-企业结论。
r234_panasonicholdings,234,PANASONIC HOLDINGS,松下控股公司,C,Manufacturing,制造业,ghg_scope3_standard,GHG Protocol Corporate Value Chain (Scope 3) Accounting and Reporting Standard,GHG Protocol 企业价值链（Scope 3）核算与报告标准,Standard,标准,Value-chain emissions accounting standard,价值链排放核算标准,Scope 3 categories are GHG Protocol-specific category language.,Scope 3 类别是 GHG Protocol 特有的类别口径。,Scope 3 and Scope 3 category names are only used for GHG Protocol evidence.,Scope 3 及十五类类别口径只在 GHG Protocol 证据下使用。,contextual_scope_inventory_mapping,no_explicit_whitelisted_series_name_in_page_text,,3,17,2025_Sustainability Date Book PANASONIC HOLDINGS.pdf,seed_batch_06,medium,on the ecosystem to become nature positive. (See page 68) - Procurement of sustainable raw materials. - Green space of operating units that contribute to biodiversity. - Products and services that contribute to biodiversity. *1 Classificati,on the ecosystem to become nature positive. (See page 68) - Procurement of sustainable raw materials. - Green space of operating units that contribute to bio...,Review only: keep out of accepted standard-company conclusions until page-level evidence explicitly names the series.,仅供复核：页级证据明确命名具体系列前，不进入已采信标准-企业结论。
r235_conocophillips,235,CONOCOPHILLIPS,康菲石油公司,B,Mining,采矿业,ghg_scope2_guidance,GHG Protocol Scope 2 Guidance,GHG Protocol Scope 2 指南,Guidance,指南,Purchased electricity and energy method guidance,外购电力与能源口径指南,Location-based and market-based Scope 2 reporting are separated when cited.,原文显式引用时区分位置法与市场法 Scope 2 披露。,Scope 2 market-based and location-based language is treated as GHG-specific.,Scope 2 市场法/位置法术语只在 GHG Protocol 语境下使用。,contextual_scope_inventory_mapping,no_explicit_whitelisted_series_name_in_page_text,,3,23,2024-sustainability-report CONOCOPHILLIPS.pdf,seed_batch_06,medium,ive portfolio without also having to repeatedly reset targets. ConocoPhillips Sustainability Report 2024 Managing climate-related risks 21 3 In support of our company reporting practices that are based on the data principles from the World,ive portfolio without also having to repeatedly reset targets. ConocoPhillips Sustainability Report 2024 Managing climate-related risks 21 3 In support of ou...,Review only: keep out of accepted standard-company conclusions until page-level evidence explicitly names the series.,仅供复核：页级证据明确命名具体系列前，不进入已采信标准-企业结论。
r235_conocophillips,235,CONOCOPHILLIPS,康菲石油公司,B,Mining,采矿业,ghg_scope3_calculation_guidance,GHG Protocol Scope 3 Calculation Guidance,GHG Protocol Scope 3 计算指南,Guidance,指南,Scope 3 inventory calculation guidance,Scope 3 清单计算指南,Companion calculation guidance for completing Scope 3 inventories.,配套计算指南，用于完成 Scope 3 清单。,Scope 3 categories are GHG-specific and only shown when the source uses that wording.,Scope 3 类别是 GHG 特有口径，仅在原文如此使用时展示。,contextual_scope_inventory_mapping,no_explicit_whitelisted_series_name_in_page_text,,1,23,2024-sustainability-report CONOCOPHILLIPS.pdf,pdf_contextual_scope_inventory_mapping,pdf_page_backfill,Structured standard tag: GHG Protocol; Standard role: Accounting standard ive portfolio without also having to repeatedly reset targets. ConocoPhillips Sustainability Report 2024 Managing climate-related risks 21 3 In support of our company reporting practices that are based on the data principles from the World 2024-sustainability-report CONOCOPHILLIPS.pdf…,Structured standard tag: GHG Protocol; Standard role: Accounting standard ive portfolio without also having to repeatedly reset targets. ConocoPhillips Sustainability Report 2024 Managing climate-related risks 21 3 In support of our company reporting practices that are based on the data principles from the World 2024-sustainability-report CONOCOPHILLIPS.pdf…,Review only: keep out of accepted standard-company conclusions until page-level evidence explicitly names the series.,仅供复核：页级证据明确命名具体系列前，不进入已采信标准-企业结论。
r235_conocophillips,235,CONOCOPHILLIPS,康菲石油公司,B,Mining,采矿业,ghg_scope3_standard,GHG Protocol Corporate Value Chain (Scope 3) Accounting and Reporting Standard,GHG Protocol 企业价值链（Scope 3）核算与报告标准,Standard,标准,Value-chain emissions accounting standard,价值链排放核算标准,Scope 3 categories are GHG Protocol-specific category language.,Scope 3 类别是 GHG Protocol 特有的类别口径。,Scope 3 and Scope 3 category names are only used for GHG Protocol evidence.,Scope 3 及十五类类别口径只在 GHG Protocol 证据下使用。,contextual_scope_inventory_mapping,no_explicit_whitelisted_series_name_in_page_text,,3,23,2024-sustainability-report CONOCOPHILLIPS.pdf,seed_batch_06,medium,ive portfolio without also having to repeatedly reset targets. ConocoPhillips Sustainability Report 2024 Managing climate-related risks 21 3 In support of our company reporting practices that are based on the data principles from the World,ive portfolio without also having to repeatedly reset targets. ConocoPhillips Sustainability Report 2024 Managing climate-related risks 21 3 In support of ou...,Review only: keep out of accepted standard-company conclusions until page-level evidence explicitly names the series.,仅供复核：页级证据明确命名具体系列前，不进入已采信标准-企业结论。
r236_pfizer,236,PFIZER,辉瑞制药有限公司,C,Manufacturing,制造业,ghg_product_standard,GHG Protocol Product Life Cycle Accounting and Reporting Standard,GHG Protocol 产品生命周期核算与报告标准,Standard,标准,Product life-cycle accounting standard,产品生命周期核算标准,Product-level life-cycle boundary; not a corporate Scope 1/2/3 total by itself.,产品层生命周期边界，本身不等同于企业 Scope 1/2/3 总量。,Use product life-cycle wording unless the source also cites corporate Scope accounting.,除非原文同时引用组织层 Scope 核算，否则使用产品生命周期口径。,contextual_scope_inventory_mapping,no_explicit_whitelisted_series_name_in_page_text,,1,33,Pfizer_2024_Impact_Report_02JUN2025.pdf,pdf_contextual_scope_inventory_mapping,pdf_page_backfill,Structured standard tag: GHG Protocol; Standard role: Accounting standard itigation measures for risks and opportunities with potential impact on financial performance and are working to quantify the financial impact of other selected items. Pfizer's climate-related risk management and emissions reporting are in Pfizer_2024_Impact_Report_02JUN2025.pdf Drivi…,Structured standard tag: GHG Protocol; Standard role: Accounting standard itigation measures for risks and opportunities with potential impact on financial performance and are working to quantify the financial impact of other selected items. Pfizer's climate-related risk management and emissions reporting are in Pfizer_2024_Impact_Report_02JUN2025.pdf Drivi…,Review only: keep out of accepted standard-company conclusions until page-level evidence explicitly names the series.,仅供复核：页级证据明确命名具体系列前，不进入已采信标准-企业结论。
r236_pfizer,236,PFIZER,辉瑞制药有限公司,C,Manufacturing,制造业,ghg_scope2_guidance,GHG Protocol Scope 2 Guidance,GHG Protocol Scope 2 指南,Guidance,指南,Purchased electricity and energy method guidance,外购电力与能源口径指南,Location-based and market-based Scope 2 reporting are separated when cited.,原文显式引用时区分位置法与市场法 Scope 2 披露。,Scope 2 market-based and location-based language is treated as GHG-specific.,Scope 2 市场法/位置法术语只在 GHG Protocol 语境下使用。,contextual_scope_inventory_mapping,no_explicit_whitelisted_series_name_in_page_text,,1,33,Pfizer_2024_Impact_Report_02JUN2025.pdf,pdf_contextual_scope_inventory_mapping,pdf_page_backfill,Structured standard tag: GHG Protocol; Standard role: Accounting standard itigation measures for risks and opportunities with potential impact on financial performance and are working to quantify the financial impact of other selected items. Pfizer's climate-related risk management and emissions reporting are in Pfizer_2024_Impact_Report_02JUN2025.pdf Drivi…,Structured standard tag: GHG Protocol; Standard role: Accounting standard itigation measures for risks and opportunities with potential impact on financial performance and are working to quantify the financial impact of other selected items. Pfizer's climate-related risk management and emissions reporting are in Pfizer_2024_Impact_Report_02JUN2025.pdf Drivi…,Review only: keep out of accepted standard-company conclusions until page-level evidence explicitly names the series.,仅供复核：页级证据明确命名具体系列前，不进入已采信标准-企业结论。
r236_pfizer,236,PFIZER,辉瑞制药有限公司,C,Manufacturing,制造业,ghg_scope3_calculation_guidance,GHG Protocol Scope 3 Calculation Guidance,GHG Protocol Scope 3 计算指南,Guidance,指南,Scope 3 inventory calculation guidance,Scope 3 清单计算指南,Companion calculation guidance for completing Scope 3 inventories.,配套计算指南，用于完成 Scope 3 清单。,Scope 3 categories are GHG-specific and only shown when the source uses that wording.,Scope 3 类别是 GHG 特有口径，仅在原文如此使用时展示。,contextual_scope_inventory_mapping,no_explicit_whitelisted_series_name_in_page_text,,1,33,Pfizer_2024_Impact_Report_02JUN2025.pdf,pdf_contextual_scope_inventory_mapping,pdf_page_backfill,Structured standard tag: GHG Protocol; Standard role: Accounting standard itigation measures for risks and opportunities with potential impact on financial performance and are working to quantify the financial impact of other selected items. Pfizer's climate-related risk management and emissions reporting are in Pfizer_2024_Impact_Report_02JUN2025.pdf Drivi…,Structured standard tag: GHG Protocol; Standard role: Accounting standard itigation measures for risks and opportunities with potential impact on financial performance and are working to quantify the financial impact of other selected items. Pfizer's climate-related risk management and emissions reporting are in Pfizer_2024_Impact_Report_02JUN2025.pdf Drivi…,Review only: keep out of accepted standard-company conclusions until page-level evidence explicitly names the series.,仅供复核：页级证据明确命名具体系列前，不进入已采信标准-企业结论。
r236_pfizer,236,PFIZER,辉瑞制药有限公司,C,Manufacturing,制造业,ghg_scope3_standard,GHG Protocol Corporate Value Chain (Scope 3) Accounting and Reporting Standard,GHG Protocol 企业价值链（Scope 3）核算与报告标准,Standard,标准,Value-chain emissions accounting standard,价值链排放核算标准,Scope 3 categories are GHG Protocol-specific category language.,Scope 3 类别是 GHG Protocol 特有的类别口径。,Scope 3 and Scope 3 category names are only used for GHG Protocol evidence.,Scope 3 及十五类类别口径只在 GHG Protocol 证据下使用。,contextual_scope_inventory_mapping,no_explicit_whitelisted_series_name_in_page_text,,1,33,Pfizer_2024_Impact_Report_02JUN2025.pdf,pdf_contextual_scope_inventory_mapping,pdf_page_backfill,Structured standard tag: GHG Protocol; Standard role: Accounting standard itigation measures for risks and opportunities with potential impact on financial performance and are working to quantify the financial impact of other selected items. Pfizer's climate-related risk management and emissions reporting are in Pfizer_2024_Impact_Report_02JUN2025.pdf Drivi…,Structured standard tag: GHG Protocol; Standard role: Accounting standard itigation measures for risks and opportunities with potential impact on financial performance and are working to quantify the financial impact of other selected items. Pfizer's climate-related risk management and emissions reporting are in Pfizer_2024_Impact_Report_02JUN2025.pdf Drivi…,Review only: keep out of accepted standard-company conclusions until page-level evidence explicitly names the series.,仅供复核：页级证据明确命名具体系列前，不进入已采信标准-企业结论。
r237_deltaairlines,237,DELTA AIR LINES,达美航空,G,"Transport, Storage and Post",交通运输、仓储和邮政业,ghg_scope2_guidance,GHG Protocol Scope 2 Guidance,GHG Protocol Scope 2 指南,Guidance,指南,Purchased electricity and energy method guidance,外购电力与能源口径指南,Location-based and market-based Scope 2 reporting are separated when cited.,原文显式引用时区分位置法与市场法 Scope 2 披露。,Scope 2 market-based and location-based language is treated as GHG-specific.,Scope 2 市场法/位置法术语只在 GHG Protocol 语境下使用。,contextual_scope_inventory_mapping,no_explicit_whitelisted_series_name_in_page_text,,2,8,delta-difference-2024-report.pdf,seed_batch_13,medium,"ner Refinery and related pipelines and terminal assets that supply jet fuel to our airline operations in the Northeastern United States. Monroe is operated separately, and, as such, information about Monroe is not reflected in this report.",ner Refinery and related pipelines and terminal assets that supply jet fuel to our airline operations in the Northeastern United States. Monroe is operated s...,Review only: keep out of accepted standard-company conclusions until page-level evidence explicitly names the series.,仅供复核：页级证据明确命名具体系列前，不进入已采信标准-企业结论。
r237_deltaairlines,237,DELTA AIR LINES,达美航空,G,"Transport, Storage and Post",交通运输、仓储和邮政业,ghg_scope3_calculation_guidance,GHG Protocol Scope 3 Calculation Guidance,GHG Protocol Scope 3 计算指南,Guidance,指南,Scope 3 inventory calculation guidance,Scope 3 清单计算指南,Companion calculation guidance for completing Scope 3 inventories.,配套计算指南，用于完成 Scope 3 清单。,Scope 3 categories are GHG-specific and only shown when the source uses that wording.,Scope 3 类别是 GHG 特有口径，仅在原文如此使用时展示。,contextual_scope_inventory_mapping,no_explicit_whitelisted_series_name_in_page_text,,2,8,delta-difference-2024-report.pdf,seed_batch_13,medium,"ner Refinery and related pipelines and terminal assets that supply jet fuel to our airline operations in the Northeastern United States. Monroe is operated separately, and, as such, information about Monroe is not reflected in this report.",ner Refinery and related pipelines and terminal assets that supply jet fuel to our airline operations in the Northeastern United States. Monroe is operated s...,Review only: keep out of accepted standard-company conclusions until page-level evidence explicitly names the series.,仅供复核：页级证据明确命名具体系列前，不进入已采信标准-企业结论。
r237_deltaairlines,237,DELTA AIR LINES,达美航空,G,"Transport, Storage and Post",交通运输、仓储和邮政业,ghg_scope3_standard,GHG Protocol Corporate Value Chain (Scope 3) Accounting and Reporting Standard,GHG Protocol 企业价值链（Scope 3）核算与报告标准,Standard,标准,Value-chain emissions accounting standard,价值链排放核算标准,Scope 3 categories are GHG Protocol-specific category language.,Scope 3 类别是 GHG Protocol 特有的类别口径。,Scope 3 and Scope 3 category names are only used for GHG Protocol evidence.,Scope 3 及十五类类别口径只在 GHG Protocol 证据下使用。,contextual_scope_inventory_mapping,no_explicit_whitelisted_series_name_in_page_text,,3,8,delta-difference-2024-report.pdf,seed_batch_13,medium,"ner Refinery and related pipelines and terminal assets that supply jet fuel to our airline operations in the Northeastern United States. Monroe is operated separately, and, as such, information about Monroe is not reflected in this report.",ner Refinery and related pipelines and terminal assets that supply jet fuel to our airline operations in the Northeastern United States. Monroe is operated s...,Review only: keep out of accepted standard-company conclusions until page-level evidence explicitly names the series.,仅供复核：页级证据明确命名具体系列前，不进入已采信标准-企业结论。
r241_tdsynnex公司,241,TD Synnex,TD Synnex,F,Wholesale and Retail Trade,批发和零售业,ghg_corporate_standard,GHG Protocol Corporate Accounting and Reporting Standard,GHG Protocol 企业核算与报告标准,Standard,标准,Corporate inventory accounting standard,企业组织层面清单核算标准,"Relevance, completeness, consistency, transparency, and accuracy.",相关性、完整性、一致性、透明性和准确性。,"Within GHG Protocol evidence, this may define Scope 1 and Scope 2 corporate inventory boundaries.",仅在 GHG Protocol 证据下使用 Scope 1/2 的组织层面清单口径。,contextual_scope_inventory_mapping,no_explicit_whitelisted_series_name_in_page_text,,2,67,tdsynnex-fy2024-ccr-ada.pdf,seed_batch_06,medium,recisely reflect the absolute figures. GHG TD SYNNEX’s GHG inventory is consistent with the principles and guidance of the World Resources Institute (WRI) and the World Business Council for Sustainable Development’s (WBCSD) Greenhouse Gas P,recisely reflect the absolute figures. GHG TD SYNNEX’s GHG inventory is consistent with the principles and guidance of the World Resources Institute (WRI) an...,Review only: keep out of accepted standard-company conclusions until page-level evidence explicitly names the series.,仅供复核：页级证据明确命名具体系列前，不进入已采信标准-企业结论。
r247_repsol,247,REPSOL,雷普索尔公司,D,"Electricity, Heat, Gas and Water Production and Supply",电力、热力、燃气及水生产和供应业,ghg_scope2_guidance,GHG Protocol Scope 2 Guidance,GHG Protocol Scope 2 指南,Guidance,指南,Purchased electricity and energy method guidance,外购电力与能源口径指南,Location-based and market-based Scope 2 reporting are separated when cited.,原文显式引用时区分位置法与市场法 Scope 2 披露。,Scope 2 market-based and location-based language is treated as GHG-specific.,Scope 2 市场法/位置法术语只在 GHG Protocol 语境下使用。,contextual_scope_inventory_mapping,no_explicit_whitelisted_series_name_in_page_text,,1,21,REPSOL consolidated-statement-non-financial-information-sustainability-information-2024.pdf,pdf_contextual_scope_inventory_mapping,pdf_page_backfill,"Structured standard tag: GHG Protocol; Standard role: Accounting standard f the Paris Agreement. 4 Low- or zero-carbon products refer to those that generate low or no greenhouse gas emissions throughout their life cycle, compared to conventional products. 5 Category 11 of Scope 3 emissions, according to the Green REPSOL consolidated-statement-non-financial-…","Structured standard tag: GHG Protocol; Standard role: Accounting standard f the Paris Agreement. 4 Low- or zero-carbon products refer to those that generate low or no greenhouse gas emissions throughout their life cycle, compared to conventional products. 5 Category 11 of Scope 3 emissions, according to the Green REPSOL consolidated-statement-non-financial-…",Review only: keep out of accepted standard-company conclusions until page-level evidence explicitly names the series.,仅供复核：页级证据明确命名具体系列前，不进入已采信标准-企业结论。
r247_repsol,247,REPSOL,雷普索尔公司,D,"Electricity, Heat, Gas and Water Production and Supply",电力、热力、燃气及水生产和供应业,ghg_scope3_calculation_guidance,GHG Protocol Scope 3 Calculation Guidance,GHG Protocol Scope 3 计算指南,Guidance,指南,Scope 3 inventory calculation guidance,Scope 3 清单计算指南,Companion calculation guidance for completing Scope 3 inventories.,配套计算指南，用于完成 Scope 3 清单。,Scope 3 categories are GHG-specific and only shown when the source uses that wording.,Scope 3 类别是 GHG 特有口径，仅在原文如此使用时展示。,contextual_scope_inventory_mapping,no_explicit_whitelisted_series_name_in_page_text,,1,21,REPSOL consolidated-statement-non-financial-information-sustainability-information-2024.pdf,pdf_contextual_scope_inventory_mapping,pdf_page_backfill,"Structured standard tag: GHG Protocol; Standard role: Accounting standard f the Paris Agreement. 4 Low- or zero-carbon products refer to those that generate low or no greenhouse gas emissions throughout their life cycle, compared to conventional products. 5 Category 11 of Scope 3 emissions, according to the Green REPSOL consolidated-statement-non-financial-…","Structured standard tag: GHG Protocol; Standard role: Accounting standard f the Paris Agreement. 4 Low- or zero-carbon products refer to those that generate low or no greenhouse gas emissions throughout their life cycle, compared to conventional products. 5 Category 11 of Scope 3 emissions, according to the Green REPSOL consolidated-statement-non-financial-…",Review only: keep out of accepted standard-company conclusions until page-level evidence explicitly names the series.,仅供复核：页级证据明确命名具体系列前，不进入已采信标准-企业结论。
r248_lenovogroup,248,LENOVO GROUP,联想集团有限公司,C,Manufacturing,制造业,ghg_product_standard,GHG Protocol Product Life Cycle Accounting and Reporting Standard,GHG Protocol 产品生命周期核算与报告标准,Standard,标准,Product life-cycle accounting standard,产品生命周期核算标准,Product-level life-cycle boundary; not a corporate Scope 1/2/3 total by itself.,产品层生命周期边界，本身不等同于企业 Scope 1/2/3 总量。,Use product life-cycle wording unless the source also cites corporate Scope accounting.,除非原文同时引用组织层 Scope 核算，否则使用产品生命周期口径。,contextual_overmapped_review,no_explicit_whitelisted_series_name_in_page_text,,1,100,FY2025-lenovo-sustainability-report.pdf,pdf_contextual_scope_inventory_mapping,pdf_page_backfill,"Structured standard tag: GHG Protocol; Standard role: Accounting standard 100 Lenovo Group Limited 2024/25 Environmental, Social and Governance Report GHG emissions measurement approach Approach Standards used • GHG Protocol Corporate Accounting and Reporting Standard (2004) • GHG Protocol Scope 2 Guidance (2015) FY2025-lenovo-sustainability-report.pdf 99 L…","Structured standard tag: GHG Protocol; Standard role: Accounting standard 100 Lenovo Group Limited 2024/25 Environmental, Social and Governance Report GHG emissions measurement approach Approach Standards used • GHG Protocol Corporate Accounting and Reporting Standard (2004) • GHG Protocol Scope 2 Guidance (2015) FY2025-lenovo-sustainability-report.pdf 99 L…",Review only: keep out of accepted standard-company conclusions until page-level evidence explicitly names the series.,仅供复核：页级证据明确命名具体系列前，不进入已采信标准-企业结论。
r248_lenovogroup,248,LENOVO GROUP,联想集团有限公司,C,Manufacturing,制造业,ghg_scope3_calculation_guidance,GHG Protocol Scope 3 Calculation Guidance,GHG Protocol Scope 3 计算指南,Guidance,指南,Scope 3 inventory calculation guidance,Scope 3 清单计算指南,Companion calculation guidance for completing Scope 3 inventories.,配套计算指南，用于完成 Scope 3 清单。,Scope 3 categories are GHG-specific and only shown when the source uses that wording.,Scope 3 类别是 GHG 特有口径，仅在原文如此使用时展示。,contextual_overmapped_review,no_explicit_whitelisted_series_name_in_page_text,,1,100,FY2025-lenovo-sustainability-report.pdf,pdf_contextual_scope_inventory_mapping,pdf_page_backfill,"Structured standard tag: GHG Protocol; Standard role: Accounting standard 100 Lenovo Group Limited 2024/25 Environmental, Social and Governance Report GHG emissions measurement approach Approach Standards used • GHG Protocol Corporate Accounting and Reporting Standard (2004) • GHG Protocol Scope 2 Guidance (2015) FY2025-lenovo-sustainability-report.pdf 99 L…","Structured standard tag: GHG Protocol; Standard role: Accounting standard 100 Lenovo Group Limited 2024/25 Environmental, Social and Governance Report GHG emissions measurement approach Approach Standards used • GHG Protocol Corporate Accounting and Reporting Standard (2004) • GHG Protocol Scope 2 Guidance (2015) FY2025-lenovo-sustainability-report.pdf 99 L…",Review only: keep out of accepted standard-company conclusions until page-level evidence explicitly names the series.,仅供复核：页级证据明确命名具体系列前，不进入已采信标准-企业结论。
r251_renault,251,RENAULT,雷诺,C,Manufacturing,制造业,ghg_corporate_standard,GHG Protocol Corporate Accounting and Reporting Standard,GHG Protocol 企业核算与报告标准,Standard,标准,Corporate inventory accounting standard,企业组织层面清单核算标准,"Relevance, completeness, consistency, transparency, and accuracy.",相关性、完整性、一致性、透明性和准确性。,"Within GHG Protocol evidence, this may define Scope 1 and Scope 2 corporate inventory boundaries.",仅在 GHG Protocol 证据下使用 Scope 1/2 的组织层面清单口径。,contextual_scope_inventory_mapping,no_explicit_whitelisted_series_name_in_page_text,,3,12,RENAULT_Rapport_Climat_2024_GB_1920x1080pix_V1_prol_MEL.pdf,seed_batch_06,medium,(NOT INCLUDED WITHIN SCOPE 2) Climate profile The Group’s carbon footprint The greenhouse gas (GHG) emissions that make up the company’s carbon footprint are categorized into three scopes. Renault Group reports its GHG emissions for each sc,(NOT INCLUDED WITHIN SCOPE 2) Climate profile The Group’s carbon footprint The greenhouse gas (GHG) emissions that make up the company’s carbon footprint are...,Review only: keep out of accepted standard-company conclusions until page-level evidence explicitly names the series.,仅供复核：页级证据明确命名具体系列前，不进入已采信标准-企业结论。
r251_renault,251,RENAULT,雷诺,C,Manufacturing,制造业,ghg_scope2_guidance,GHG Protocol Scope 2 Guidance,GHG Protocol Scope 2 指南,Guidance,指南,Purchased electricity and energy method guidance,外购电力与能源口径指南,Location-based and market-based Scope 2 reporting are separated when cited.,原文显式引用时区分位置法与市场法 Scope 2 披露。,Scope 2 market-based and location-based language is treated as GHG-specific.,Scope 2 市场法/位置法术语只在 GHG Protocol 语境下使用。,contextual_scope_inventory_mapping,no_explicit_whitelisted_series_name_in_page_text,,2,12,RENAULT_Rapport_Climat_2024_GB_1920x1080pix_V1_prol_MEL.pdf,seed_batch_06,medium,(NOT INCLUDED WITHIN SCOPE 2) Climate profile The Group’s carbon footprint The greenhouse gas (GHG) emissions that make up the company’s carbon footprint are categorized into three scopes. Renault Group reports its GHG emissions for each sc,(NOT INCLUDED WITHIN SCOPE 2) Climate profile The Group’s carbon footprint The greenhouse gas (GHG) emissions that make up the company’s carbon footprint are...,Review only: keep out of accepted standard-company conclusions until page-level evidence explicitly names the series.,仅供复核：页级证据明确命名具体系列前，不进入已采信标准-企业结论。
r251_renault,251,RENAULT,雷诺,C,Manufacturing,制造业,ghg_scope3_calculation_guidance,GHG Protocol Scope 3 Calculation Guidance,GHG Protocol Scope 3 计算指南,Guidance,指南,Scope 3 inventory calculation guidance,Scope 3 清单计算指南,Companion calculation guidance for completing Scope 3 inventories.,配套计算指南，用于完成 Scope 3 清单。,Scope 3 categories are GHG-specific and only shown when the source uses that wording.,Scope 3 类别是 GHG 特有口径，仅在原文如此使用时展示。,contextual_scope_inventory_mapping,no_explicit_whitelisted_series_name_in_page_text,,1,12,RENAULT_Rapport_Climat_2024_GB_1920x1080pix_V1_prol_MEL.pdf,pdf_contextual_scope_inventory_mapping,pdf_page_backfill,Structured standard tag: GHG Protocol; Standard role: Accounting standard (NOT INCLUDED WITHIN SCOPE 2) Climate profile The Group’s carbon footprint The greenhouse gas (GHG) emissions that make up the company’s carbon footprint are categorized into three scopes. Renault Group reports its GHG emissions for each sc RENAULT_Rapport_Climat_2024_GB_1920x1080pix_…,Structured standard tag: GHG Protocol; Standard role: Accounting standard (NOT INCLUDED WITHIN SCOPE 2) Climate profile The Group’s carbon footprint The greenhouse gas (GHG) emissions that make up the company’s carbon footprint are categorized into three scopes. Renault Group reports its GHG emissions for each sc RENAULT_Rapport_Climat_2024_GB_1920x1080pix_…,Review only: keep out of accepted standard-company conclusions until page-level evidence explicitly names the series.,仅供复核：页级证据明确命名具体系列前，不进入已采信标准-企业结论。
r251_renault,251,RENAULT,雷诺,C,Manufacturing,制造业,ghg_scope3_standard,GHG Protocol Corporate Value Chain (Scope 3) Accounting and Reporting Standard,GHG Protocol 企业价值链（Scope 3）核算与报告标准,Standard,标准,Value-chain emissions accounting standard,价值链排放核算标准,Scope 3 categories are GHG Protocol-specific category language.,Scope 3 类别是 GHG Protocol 特有的类别口径。,Scope 3 and Scope 3 category names are only used for GHG Protocol evidence.,Scope 3 及十五类类别口径只在 GHG Protocol 证据下使用。,contextual_scope_inventory_mapping,no_explicit_whitelisted_series_name_in_page_text,,1,12,RENAULT_Rapport_Climat_2024_GB_1920x1080pix_V1_prol_MEL.pdf,pdf_contextual_scope_inventory_mapping,pdf_page_backfill,Structured standard tag: GHG Protocol; Standard role: Accounting standard (NOT INCLUDED WITHIN SCOPE 2) Climate profile The Group’s carbon footprint The greenhouse gas (GHG) emissions that make up the company’s carbon footprint are categorized into three scopes. Renault Group reports its GHG emissions for each sc RENAULT_Rapport_Climat_2024_GB_1920x1080pix_…,Structured standard tag: GHG Protocol; Standard role: Accounting standard (NOT INCLUDED WITHIN SCOPE 2) Climate profile The Group’s carbon footprint The greenhouse gas (GHG) emissions that make up the company’s carbon footprint are categorized into three scopes. Renault Group reports its GHG emissions for each sc RENAULT_Rapport_Climat_2024_GB_1920x1080pix_…,Review only: keep out of accepted standard-company conclusions until page-level evidence explicitly names the series.,仅供复核：页级证据明确命名具体系列前，不进入已采信标准-企业结论。
r252_bancobradesco,252,BANCO BRADESCO,巴西布拉德斯科银行,J,Finance,金融业,ghg_corporate_standard,GHG Protocol Corporate Accounting and Reporting Standard,GHG Protocol 企业核算与报告标准,Standard,标准,Corporate inventory accounting standard,企业组织层面清单核算标准,"Relevance, completeness, consistency, transparency, and accuracy.",相关性、完整性、一致性、透明性和准确性。,"Within GHG Protocol evidence, this may define Scope 1 and Scope 2 corporate inventory boundaries.",仅在 GHG Protocol 证据下使用 Scope 1/2 的组织层面清单口径。,contextual_scope_inventory_mapping,no_explicit_whitelisted_series_name_in_page_text,,3,46,2024 BANCO BRADESCO ESG Report.pdf,seed_batch_06,medium,"Through the annual greenhouse gas inventory, we track the evolution of our operational emissions since 2006, following the guidelines of the ABNT ISO 14064-1 standard and, since 2008, incorporating the specifications of the Brazilian GHG Pr","Through the annual greenhouse gas inventory, we track the evolution of our operational emissions since 2006, following the guidelines of the ABNT ISO 14064-1...",Review only: keep out of accepted standard-company conclusions until page-level evidence explicitly names the series.,仅供复核：页级证据明确命名具体系列前，不进入已采信标准-企业结论。
r252_bancobradesco,252,BANCO BRADESCO,巴西布拉德斯科银行,J,Finance,金融业,ghg_scope2_guidance,GHG Protocol Scope 2 Guidance,GHG Protocol Scope 2 指南,Guidance,指南,Purchased electricity and energy method guidance,外购电力与能源口径指南,Location-based and market-based Scope 2 reporting are separated when cited.,原文显式引用时区分位置法与市场法 Scope 2 披露。,Scope 2 market-based and location-based language is treated as GHG-specific.,Scope 2 市场法/位置法术语只在 GHG Protocol 语境下使用。,contextual_scope_inventory_mapping,no_explicit_whitelisted_series_name_in_page_text,,2,46,2024 BANCO BRADESCO ESG Report.pdf,seed_batch_06,medium,"Through the annual greenhouse gas inventory, we track the evolution of our operational emissions since 2006, following the guidelines of the ABNT ISO 14064-1 standard and, since 2008, incorporating the specifications of the Brazilian GHG Pr","Through the annual greenhouse gas inventory, we track the evolution of our operational emissions since 2006, following the guidelines of the ABNT ISO 14064-1...",Review only: keep out of accepted standard-company conclusions until page-level evidence explicitly names the series.,仅供复核：页级证据明确命名具体系列前，不进入已采信标准-企业结论。
r252_bancobradesco,252,BANCO BRADESCO,巴西布拉德斯科银行,J,Finance,金融业,ghg_scope3_calculation_guidance,GHG Protocol Scope 3 Calculation Guidance,GHG Protocol Scope 3 计算指南,Guidance,指南,Scope 3 inventory calculation guidance,Scope 3 清单计算指南,Companion calculation guidance for completing Scope 3 inventories.,配套计算指南，用于完成 Scope 3 清单。,Scope 3 categories are GHG-specific and only shown when the source uses that wording.,Scope 3 类别是 GHG 特有口径，仅在原文如此使用时展示。,contextual_scope_inventory_mapping,no_explicit_whitelisted_series_name_in_page_text,,1,46,2024 BANCO BRADESCO ESG Report.pdf,pdf_contextual_scope_inventory_mapping,pdf_page_backfill,"Structured standard tag: GHG Protocol; Standard role: Accounting standard Through the annual greenhouse gas inventory, we track the evolution of our operational emissions since 2006, following the guidelines of the ABNT ISO 14064-1 standard and, since 2008, incorporating the specifications of the Brazilian GHG Pr 2024 BANCO BRADESCO ESG Report.pdf All renov…","Structured standard tag: GHG Protocol; Standard role: Accounting standard Through the annual greenhouse gas inventory, we track the evolution of our operational emissions since 2006, following the guidelines of the ABNT ISO 14064-1 standard and, since 2008, incorporating the specifications of the Brazilian GHG Pr 2024 BANCO BRADESCO ESG Report.pdf All renov…",Review only: keep out of accepted standard-company conclusions until page-level evidence explicitly names the series.,仅供复核：页级证据明确命名具体系列前，不进入已采信标准-企业结论。
r252_bancobradesco,252,BANCO BRADESCO,巴西布拉德斯科银行,J,Finance,金融业,ghg_scope3_standard,GHG Protocol Corporate Value Chain (Scope 3) Accounting and Reporting Standard,GHG Protocol 企业价值链（Scope 3）核算与报告标准,Standard,标准,Value-chain emissions accounting standard,价值链排放核算标准,Scope 3 categories are GHG Protocol-specific category language.,Scope 3 类别是 GHG Protocol 特有的类别口径。,Scope 3 and Scope 3 category names are only used for GHG Protocol evidence.,Scope 3 及十五类类别口径只在 GHG Protocol 证据下使用。,contextual_scope_inventory_mapping,no_explicit_whitelisted_series_name_in_page_text,,1,46,2024 BANCO BRADESCO ESG Report.pdf,pdf_contextual_scope_inventory_mapping,pdf_page_backfill,"Structured standard tag: GHG Protocol; Standard role: Accounting standard Through the annual greenhouse gas inventory, we track the evolution of our operational emissions since 2006, following the guidelines of the ABNT ISO 14064-1 standard and, since 2008, incorporating the specifications of the Brazilian GHG Pr 2024 BANCO BRADESCO ESG Report.pdf All renov…","Structured standard tag: GHG Protocol; Standard role: Accounting standard Through the annual greenhouse gas inventory, we track the evolution of our operational emissions since 2006, following the guidelines of the ABNT ISO 14064-1 standard and, since 2008, incorporating the specifications of the Brazilian GHG Pr 2024 BANCO BRADESCO ESG Report.pdf All renov…",Review only: keep out of accepted standard-company conclusions until page-level evidence explicitly names the series.,仅供复核：页级证据明确命名具体系列前，不进入已采信标准-企业结论。
r255_chartercommunications,255,CHARTER COMMUNICATIONS,特许通讯公司,I,"Information Transmission, Software and Information Technology Services",信息传输、软件和信息技术服务业,ghg_corporate_standard,GHG Protocol Corporate Accounting and Reporting Standard,GHG Protocol 企业核算与报告标准,Standard,标准,Corporate inventory accounting standard,企业组织层面清单核算标准,"Relevance, completeness, consistency, transparency, and accuracy.",相关性、完整性、一致性、透明性和准确性。,"Within GHG Protocol evidence, this may define Scope 1 and Scope 2 corporate inventory boundaries.",仅在 GHG Protocol 证据下使用 Scope 1/2 的组织层面清单口径。,contextual_scope_inventory_mapping,no_explicit_whitelisted_series_name_in_page_text,,3,21,2023 CHARTER COMMUNICATIONS esg-report.pdf,seed_batch_06,medium,"mpacts in addition to keeping our customers connected and our services affordable. In 2023, we continued developing and refining operational approaches supporting our carbon neutral strategies. We further enhanced our Scope 2 emissions repo","mpacts in addition to keeping our customers connected and our services affordable. In 2023, we continued developing and refining operational approaches suppo...",Review only: keep out of accepted standard-company conclusions until page-level evidence explicitly names the series.,仅供复核：页级证据明确命名具体系列前，不进入已采信标准-企业结论。
r255_chartercommunications,255,CHARTER COMMUNICATIONS,特许通讯公司,I,"Information Transmission, Software and Information Technology Services",信息传输、软件和信息技术服务业,ghg_scope2_guidance,GHG Protocol Scope 2 Guidance,GHG Protocol Scope 2 指南,Guidance,指南,Purchased electricity and energy method guidance,外购电力与能源口径指南,Location-based and market-based Scope 2 reporting are separated when cited.,原文显式引用时区分位置法与市场法 Scope 2 披露。,Scope 2 market-based and location-based language is treated as GHG-specific.,Scope 2 市场法/位置法术语只在 GHG Protocol 语境下使用。,contextual_scope_inventory_mapping,no_explicit_whitelisted_series_name_in_page_text,,3,21,2023 CHARTER COMMUNICATIONS esg-report.pdf,seed_batch_06,medium,"mpacts in addition to keeping our customers connected and our services affordable. In 2023, we continued developing and refining operational approaches supporting our carbon neutral strategies. We further enhanced our Scope 2 emissions repo","mpacts in addition to keeping our customers connected and our services affordable. In 2023, we continued developing and refining operational approaches suppo...",Review only: keep out of accepted standard-company conclusions until page-level evidence explicitly names the series.,仅供复核：页级证据明确命名具体系列前，不进入已采信标准-企业结论。
r255_chartercommunications,255,CHARTER COMMUNICATIONS,特许通讯公司,I,"Information Transmission, Software and Information Technology Services",信息传输、软件和信息技术服务业,ghg_scope3_calculation_guidance,GHG Protocol Scope 3 Calculation Guidance,GHG Protocol Scope 3 计算指南,Guidance,指南,Scope 3 inventory calculation guidance,Scope 3 清单计算指南,Companion calculation guidance for completing Scope 3 inventories.,配套计算指南，用于完成 Scope 3 清单。,Scope 3 categories are GHG-specific and only shown when the source uses that wording.,Scope 3 类别是 GHG 特有口径，仅在原文如此使用时展示。,contextual_scope_inventory_mapping,no_explicit_whitelisted_series_name_in_page_text,,1,21,2023 CHARTER COMMUNICATIONS esg-report.pdf,pdf_contextual_scope_inventory_mapping,pdf_page_backfill,"Structured standard tag: GHG Protocol; Standard role: Accounting standard mpacts in addition to keeping our customers connected and our services affordable. In 2023, we continued developing and refining operational approaches supporting our carbon neutral strategies. We further enhanced our Scope 2 emissions repo 2023 CHARTER COMMUNICATIONS esg-report.pdf C…","Structured standard tag: GHG Protocol; Standard role: Accounting standard mpacts in addition to keeping our customers connected and our services affordable. In 2023, we continued developing and refining operational approaches supporting our carbon neutral strategies. We further enhanced our Scope 2 emissions repo 2023 CHARTER COMMUNICATIONS esg-report.pdf C…",Review only: keep out of accepted standard-company conclusions until page-level evidence explicitly names the series.,仅供复核：页级证据明确命名具体系列前，不进入已采信标准-企业结论。
r255_chartercommunications,255,CHARTER COMMUNICATIONS,特许通讯公司,I,"Information Transmission, Software and Information Technology Services",信息传输、软件和信息技术服务业,ghg_scope3_standard,GHG Protocol Corporate Value Chain (Scope 3) Accounting and Reporting Standard,GHG Protocol 企业价值链（Scope 3）核算与报告标准,Standard,标准,Value-chain emissions accounting standard,价值链排放核算标准,Scope 3 categories are GHG Protocol-specific category language.,Scope 3 类别是 GHG Protocol 特有的类别口径。,Scope 3 and Scope 3 category names are only used for GHG Protocol evidence.,Scope 3 及十五类类别口径只在 GHG Protocol 证据下使用。,contextual_scope_inventory_mapping,no_explicit_whitelisted_series_name_in_page_text,,3,21,2023 CHARTER COMMUNICATIONS esg-report.pdf,seed_batch_06,medium,"mpacts in addition to keeping our customers connected and our services affordable. In 2023, we continued developing and refining operational approaches supporting our carbon neutral strategies. We further enhanced our Scope 2 emissions repo","mpacts in addition to keeping our customers connected and our services affordable. In 2023, we continued developing and refining operational approaches suppo...",Review only: keep out of accepted standard-company conclusions until page-level evidence explicitly names the series.,仅供复核：页级证据明确命名具体系列前，不进入已采信标准-企业结论。
r260_newyorklifeinsurance,260,NEW YORK LIFE INSURANCE,美国纽约人寿保险公司,J,Finance,金融业,ghg_scope2_guidance,GHG Protocol Scope 2 Guidance,GHG Protocol Scope 2 指南,Guidance,指南,Purchased electricity and energy method guidance,外购电力与能源口径指南,Location-based and market-based Scope 2 reporting are separated when cited.,原文显式引用时区分位置法与市场法 Scope 2 披露。,Scope 2 market-based and location-based language is treated as GHG-specific.,Scope 2 市场法/位置法术语只在 GHG Protocol 语境下使用。,contextual_scope_inventory_mapping,no_explicit_whitelisted_series_name_in_page_text,,2,44,2024NEW YORK LIFE INSURANCE Corporate-Responsibility-Report.pdf,seed_batch_06,medium,"OPERATIONAL TARGET AND SCOPE 1 AND 2 EMISSIONS In 2024, New York Life's operational Scope 1 and 2 were down 16% compared to our 2019 baseline. This is due to reduced energy usage and the addition of new sites with actual data to our footpri","OPERATIONAL TARGET AND SCOPE 1 AND 2 EMISSIONS In 2024, New York Life's operational Scope 1 and 2 were down 16% compared to our 2019 baseline. This is due to...",Review only: keep out of accepted standard-company conclusions until page-level evidence explicitly names the series.,仅供复核：页级证据明确命名具体系列前，不进入已采信标准-企业结论。
r261_intel,261,INTEL,英特尔公司,C,Manufacturing,制造业,ghg_scope2_guidance,GHG Protocol Scope 2 Guidance,GHG Protocol Scope 2 指南,Guidance,指南,Purchased electricity and energy method guidance,外购电力与能源口径指南,Location-based and market-based Scope 2 reporting are separated when cited.,原文显式引用时区分位置法与市场法 Scope 2 披露。,Scope 2 market-based and location-based language is treated as GHG-specific.,Scope 2 市场法/位置法术语只在 GHG Protocol 语境下使用。,contextual_scope_inventory_mapping,no_explicit_whitelisted_series_name_in_page_text,,3,36,INTEL CSR-2024-25-Full-Report.pdf,seed_batch_06,medium,"ndustries. For more information, see ”Sustainable Manufacturing” later in this section. Our emissions calculations are based on Global Reporting Initiative (GRI) Standards, the World Resources Institute/World Business Council for Sustainabl","ndustries. For more information, see ”Sustainable Manufacturing” later in this section. Our emissions calculations are based on Global Reporting Initiative (...",Review only: keep out of accepted standard-company conclusions until page-level evidence explicitly names the series.,仅供复核：页级证据明确命名具体系列前，不进入已采信标准-企业结论。
r261_intel,261,INTEL,英特尔公司,C,Manufacturing,制造业,ghg_scope3_calculation_guidance,GHG Protocol Scope 3 Calculation Guidance,GHG Protocol Scope 3 计算指南,Guidance,指南,Scope 3 inventory calculation guidance,Scope 3 清单计算指南,Companion calculation guidance for completing Scope 3 inventories.,配套计算指南，用于完成 Scope 3 清单。,Scope 3 categories are GHG-specific and only shown when the source uses that wording.,Scope 3 类别是 GHG 特有口径，仅在原文如此使用时展示。,contextual_scope_inventory_mapping,no_explicit_whitelisted_series_name_in_page_text,,3,36,INTEL CSR-2024-25-Full-Report.pdf,seed_batch_06,medium,"ndustries. For more information, see ”Sustainable Manufacturing” later in this section. Our emissions calculations are based on Global Reporting Initiative (GRI) Standards, the World Resources Institute/World Business Council for Sustainabl","ndustries. For more information, see ”Sustainable Manufacturing” later in this section. Our emissions calculations are based on Global Reporting Initiative (...",Review only: keep out of accepted standard-company conclusions until page-level evidence explicitly names the series.,仅供复核：页级证据明确命名具体系列前，不进入已采信标准-企业结论。
r261_intel,261,INTEL,英特尔公司,C,Manufacturing,制造业,ghg_scope3_standard,GHG Protocol Corporate Value Chain (Scope 3) Accounting and Reporting Standard,GHG Protocol 企业价值链（Scope 3）核算与报告标准,Standard,标准,Value-chain emissions accounting standard,价值链排放核算标准,Scope 3 categories are GHG Protocol-specific category language.,Scope 3 类别是 GHG Protocol 特有的类别口径。,Scope 3 and Scope 3 category names are only used for GHG Protocol evidence.,Scope 3 及十五类类别口径只在 GHG Protocol 证据下使用。,contextual_overmapped_review,no_explicit_whitelisted_series_name_in_page_text,,4,36 | 56,INTEL CSR-2024-25-Full-Report.pdf,seed_batch_06,medium,"ndustries. For more information, see ”Sustainable Manufacturing” later in this section. Our emissions calculations are based on Global Reporting Initiative (GRI) Standards, the World Resources Institute/World Business Council for Sustainabl","ndustries. For more information, see ”Sustainable Manufacturing” later in this section. Our emissions calculations are based on Global Reporting Initiative (...",Review only: keep out of accepted standard-company conclusions until page-level evidence explicitly names the series.,仅供复核：页级证据明确命名具体系列前，不进入已采信标准-企业结论。
r263_novartis,263,NOVARTIS,诺华公司,C,Manufacturing,制造业,ghg_corporate_standard,GHG Protocol Corporate Accounting and Reporting Standard,GHG Protocol 企业核算与报告标准,Standard,标准,Corporate inventory accounting standard,企业组织层面清单核算标准,"Relevance, completeness, consistency, transparency, and accuracy.",相关性、完整性、一致性、透明性和准确性。,"Within GHG Protocol evidence, this may define Scope 1 and Scope 2 corporate inventory boundaries.",仅在 GHG Protocol 证据下使用 Scope 1/2 的组织层面清单口径。,contextual_scope_inventory_mapping,no_explicit_whitelisted_series_name_in_page_text,,3,28,novartis-integrated-report-2024.pdf,seed_batch_07,medium,ta against these estimates will be restated for 2024 in our sustainability report the following year. 2022 and 2023 reflect full year actuals data. Data from the Novartis entity Abadia Retuerta is included in the 2024 environmental data 2 N,ta against these estimates will be restated for 2024 in our sustainability report the following year. 2022 and 2023 reflect full year actuals data. Data from...,Review only: keep out of accepted standard-company conclusions until page-level evidence explicitly names the series.,仅供复核：页级证据明确命名具体系列前，不进入已采信标准-企业结论。
r263_novartis,263,NOVARTIS,诺华公司,C,Manufacturing,制造业,ghg_scope2_guidance,GHG Protocol Scope 2 Guidance,GHG Protocol Scope 2 指南,Guidance,指南,Purchased electricity and energy method guidance,外购电力与能源口径指南,Location-based and market-based Scope 2 reporting are separated when cited.,原文显式引用时区分位置法与市场法 Scope 2 披露。,Scope 2 market-based and location-based language is treated as GHG-specific.,Scope 2 市场法/位置法术语只在 GHG Protocol 语境下使用。,contextual_scope_inventory_mapping,no_explicit_whitelisted_series_name_in_page_text,,3,28,novartis-integrated-report-2024.pdf,seed_batch_07,medium,ta against these estimates will be restated for 2024 in our sustainability report the following year. 2022 and 2023 reflect full year actuals data. Data from the Novartis entity Abadia Retuerta is included in the 2024 environmental data 2 N,ta against these estimates will be restated for 2024 in our sustainability report the following year. 2022 and 2023 reflect full year actuals data. Data from...,Review only: keep out of accepted standard-company conclusions until page-level evidence explicitly names the series.,仅供复核：页级证据明确命名具体系列前，不进入已采信标准-企业结论。
r263_novartis,263,NOVARTIS,诺华公司,C,Manufacturing,制造业,ghg_scope3_calculation_guidance,GHG Protocol Scope 3 Calculation Guidance,GHG Protocol Scope 3 计算指南,Guidance,指南,Scope 3 inventory calculation guidance,Scope 3 清单计算指南,Companion calculation guidance for completing Scope 3 inventories.,配套计算指南，用于完成 Scope 3 清单。,Scope 3 categories are GHG-specific and only shown when the source uses that wording.,Scope 3 类别是 GHG 特有口径，仅在原文如此使用时展示。,contextual_scope_inventory_mapping,no_explicit_whitelisted_series_name_in_page_text,,1,28,novartis-integrated-report-2024.pdf,pdf_contextual_scope_inventory_mapping,pdf_page_backfill,Structured standard tag: GHG Protocol; Standard role: Accounting standard ta against these estimates will be restated for 2024 in our sustainability report the following year. 2022 and 2023 reflect full year actuals data. Data from the Novartis entity Abadia Retuerta is included in the 2024 environmental data 2 N novartis-integrated-report-2024.pdf 27 Novar…,Structured standard tag: GHG Protocol; Standard role: Accounting standard ta against these estimates will be restated for 2024 in our sustainability report the following year. 2022 and 2023 reflect full year actuals data. Data from the Novartis entity Abadia Retuerta is included in the 2024 environmental data 2 N novartis-integrated-report-2024.pdf 27 Novar…,Review only: keep out of accepted standard-company conclusions until page-level evidence explicitly names the series.,仅供复核：页级证据明确命名具体系列前，不进入已采信标准-企业结论。
r263_novartis,263,NOVARTIS,诺华公司,C,Manufacturing,制造业,ghg_scope3_standard,GHG Protocol Corporate Value Chain (Scope 3) Accounting and Reporting Standard,GHG Protocol 企业价值链（Scope 3）核算与报告标准,Standard,标准,Value-chain emissions accounting standard,价值链排放核算标准,Scope 3 categories are GHG Protocol-specific category language.,Scope 3 类别是 GHG Protocol 特有的类别口径。,Scope 3 and Scope 3 category names are only used for GHG Protocol evidence.,Scope 3 及十五类类别口径只在 GHG Protocol 证据下使用。,contextual_scope_inventory_mapping,no_explicit_whitelisted_series_name_in_page_text,,3,28,novartis-integrated-report-2024.pdf,seed_batch_07,medium,ta against these estimates will be restated for 2024 in our sustainability report the following year. 2022 and 2023 reflect full year actuals data. Data from the Novartis entity Abadia Retuerta is included in the 2024 environmental data 2 N,ta against these estimates will be restated for 2024 in our sustainability report the following year. 2022 and 2023 reflect full year actuals data. Data from...,Review only: keep out of accepted standard-company conclusions until page-level evidence explicitly names the series.,仅供复核：页级证据明确命名具体系列前，不进入已采信标准-企业结论。
r270_unitedairlinesholdings,270,UNITED AIRLINES HOLDINGS,联合航空控股公司,G,"Transport, Storage and Post",交通运输、仓储和邮政业,ghg_corporate_standard,GHG Protocol Corporate Accounting and Reporting Standard,GHG Protocol 企业核算与报告标准,Standard,标准,Corporate inventory accounting standard,企业组织层面清单核算标准,"Relevance, completeness, consistency, transparency, and accuracy.",相关性、完整性、一致性、透明性和准确性。,"Within GHG Protocol evidence, this may define Scope 1 and Scope 2 corporate inventory boundaries.",仅在 GHG Protocol 证据下使用 Scope 1/2 的组织层面清单口径。,contextual_scope_inventory_mapping,no_explicit_whitelisted_series_name_in_page_text,,3,43,2024-UNITED AIRLINES HOLDINGS-report-interactive.pdf,seed_batch_07,medium,"reductions through investments in new aircraft, SAF and other decarbonization technologies. Our GHG emissions and carbon footprint in 20241 Tracking our progress toward a 100% reduction in GHG emissions on a net basis Our reporting methodol","reductions through investments in new aircraft, SAF and other decarbonization technologies. Our GHG emissions and carbon footprint in 20241 Tracking our prog...",Review only: keep out of accepted standard-company conclusions until page-level evidence explicitly names the series.,仅供复核：页级证据明确命名具体系列前，不进入已采信标准-企业结论。
r270_unitedairlinesholdings,270,UNITED AIRLINES HOLDINGS,联合航空控股公司,G,"Transport, Storage and Post",交通运输、仓储和邮政业,ghg_scope2_guidance,GHG Protocol Scope 2 Guidance,GHG Protocol Scope 2 指南,Guidance,指南,Purchased electricity and energy method guidance,外购电力与能源口径指南,Location-based and market-based Scope 2 reporting are separated when cited.,原文显式引用时区分位置法与市场法 Scope 2 披露。,Scope 2 market-based and location-based language is treated as GHG-specific.,Scope 2 市场法/位置法术语只在 GHG Protocol 语境下使用。,contextual_scope_inventory_mapping,no_explicit_whitelisted_series_name_in_page_text,,2,43,2024-UNITED AIRLINES HOLDINGS-report-interactive.pdf,seed_batch_07,medium,"reductions through investments in new aircraft, SAF and other decarbonization technologies. Our GHG emissions and carbon footprint in 20241 Tracking our progress toward a 100% reduction in GHG emissions on a net basis Our reporting methodol","reductions through investments in new aircraft, SAF and other decarbonization technologies. Our GHG emissions and carbon footprint in 20241 Tracking our prog...",Review only: keep out of accepted standard-company conclusions until page-level evidence explicitly names the series.,仅供复核：页级证据明确命名具体系列前，不进入已采信标准-企业结论。
r270_unitedairlinesholdings,270,UNITED AIRLINES HOLDINGS,联合航空控股公司,G,"Transport, Storage and Post",交通运输、仓储和邮政业,ghg_scope3_calculation_guidance,GHG Protocol Scope 3 Calculation Guidance,GHG Protocol Scope 3 计算指南,Guidance,指南,Scope 3 inventory calculation guidance,Scope 3 清单计算指南,Companion calculation guidance for completing Scope 3 inventories.,配套计算指南，用于完成 Scope 3 清单。,Scope 3 categories are GHG-specific and only shown when the source uses that wording.,Scope 3 类别是 GHG 特有口径，仅在原文如此使用时展示。,contextual_scope_inventory_mapping,no_explicit_whitelisted_series_name_in_page_text,,1,43,2024-UNITED AIRLINES HOLDINGS-report-interactive.pdf,pdf_contextual_scope_inventory_mapping,pdf_page_backfill,"Structured standard tag: GHG Protocol; Standard role: Accounting standard reductions through investments in new aircraft, SAF and other decarbonization technologies. Our GHG emissions and carbon footprint in 20241 Tracking our progress toward a 100% reduction in GHG emissions on a net basis Our reporting methodol 2024-UNITED AIRLINES HOLDINGS-report-interac…","Structured standard tag: GHG Protocol; Standard role: Accounting standard reductions through investments in new aircraft, SAF and other decarbonization technologies. Our GHG emissions and carbon footprint in 20241 Tracking our progress toward a 100% reduction in GHG emissions on a net basis Our reporting methodol 2024-UNITED AIRLINES HOLDINGS-report-interac…",Review only: keep out of accepted standard-company conclusions until page-level evidence explicitly names the series.,仅供复核：页级证据明确命名具体系列前，不进入已采信标准-企业结论。
r270_unitedairlinesholdings,270,UNITED AIRLINES HOLDINGS,联合航空控股公司,G,"Transport, Storage and Post",交通运输、仓储和邮政业,ghg_scope3_standard,GHG Protocol Corporate Value Chain (Scope 3) Accounting and Reporting Standard,GHG Protocol 企业价值链（Scope 3）核算与报告标准,Standard,标准,Value-chain emissions accounting standard,价值链排放核算标准,Scope 3 categories are GHG Protocol-specific category language.,Scope 3 类别是 GHG Protocol 特有的类别口径。,Scope 3 and Scope 3 category names are only used for GHG Protocol evidence.,Scope 3 及十五类类别口径只在 GHG Protocol 证据下使用。,contextual_scope_inventory_mapping,no_explicit_whitelisted_series_name_in_page_text,,3,43,2024-UNITED AIRLINES HOLDINGS-report-interactive.pdf,seed_batch_07,medium,"reductions through investments in new aircraft, SAF and other decarbonization technologies. Our GHG emissions and carbon footprint in 20241 Tracking our progress toward a 100% reduction in GHG emissions on a net basis Our reporting methodol","reductions through investments in new aircraft, SAF and other decarbonization technologies. Our GHG emissions and carbon footprint in 20241 Tracking our prog...",Review only: keep out of accepted standard-company conclusions until page-level evidence explicitly names the series.,仅供复核：页级证据明确命名具体系列前，不进入已采信标准-企业结论。
r273_iberdrola公司,273,Iberdrola,Iberdrola,I,"Information Transmission, Software and Information Technology Services",电力、热力、燃气及水生产和供应业,ghg_corporate_standard,GHG Protocol Corporate Accounting and Reporting Standard,GHG Protocol 企业核算与报告标准,Standard,标准,Corporate inventory accounting standard,企业组织层面清单核算标准,"Relevance, completeness, consistency, transparency, and accuracy.",相关性、完整性、一致性、透明性和准确性。,"Within GHG Protocol evidence, this may define Scope 1 and Scope 2 corporate inventory boundaries.",仅在 GHG Protocol 证据下使用 Scope 1/2 的组织层面清单口径。,contextual_scope_inventory_mapping,no_explicit_whitelisted_series_name_in_page_text,,3,111,gsm25-IBERDROLA-sustainability-report-2024.pdf,seed_batch_07,medium,"2 indirect GHG emissions are those from electricity, heat or steam consumed by the organisation and supplied by third parties. Other indirect emissions associated with electricity generation are also included in this section. They correspon","2 indirect GHG emissions are those from electricity, heat or steam consumed by the organisation and supplied by third parties. Other indirect emissions assoc...",Review only: keep out of accepted standard-company conclusions until page-level evidence explicitly names the series.,仅供复核：页级证据明确命名具体系列前，不进入已采信标准-企业结论。
r273_iberdrola公司,273,Iberdrola,Iberdrola,I,"Information Transmission, Software and Information Technology Services",电力、热力、燃气及水生产和供应业,ghg_scope3_calculation_guidance,GHG Protocol Scope 3 Calculation Guidance,GHG Protocol Scope 3 计算指南,Guidance,指南,Scope 3 inventory calculation guidance,Scope 3 清单计算指南,Companion calculation guidance for completing Scope 3 inventories.,配套计算指南，用于完成 Scope 3 清单。,Scope 3 categories are GHG-specific and only shown when the source uses that wording.,Scope 3 类别是 GHG 特有口径，仅在原文如此使用时展示。,contextual_scope_inventory_mapping,no_explicit_whitelisted_series_name_in_page_text,,1,111,gsm25-IBERDROLA-sustainability-report-2024.pdf,pdf_contextual_scope_inventory_mapping,pdf_page_backfill,"Structured standard tag: GHG Protocol; Standard role: Accounting standard 2 indirect GHG emissions are those from electricity, heat or steam consumed by the organisation and supplied by third parties. Other indirect emissions associated with electricity generation are also included in this section. They correspon gsm25-IBERDROLA-sustainability-report-2024.p…","Structured standard tag: GHG Protocol; Standard role: Accounting standard 2 indirect GHG emissions are those from electricity, heat or steam consumed by the organisation and supplied by third parties. Other indirect emissions associated with electricity generation are also included in this section. They correspon gsm25-IBERDROLA-sustainability-report-2024.p…",Review only: keep out of accepted standard-company conclusions until page-level evidence explicitly names the series.,仅供复核：页级证据明确命名具体系列前，不进入已采信标准-企业结论。
r273_iberdrola公司,273,Iberdrola,Iberdrola,I,"Information Transmission, Software and Information Technology Services",电力、热力、燃气及水生产和供应业,ghg_scope3_standard,GHG Protocol Corporate Value Chain (Scope 3) Accounting and Reporting Standard,GHG Protocol 企业价值链（Scope 3）核算与报告标准,Standard,标准,Value-chain emissions accounting standard,价值链排放核算标准,Scope 3 categories are GHG Protocol-specific category language.,Scope 3 类别是 GHG Protocol 特有的类别口径。,Scope 3 and Scope 3 category names are only used for GHG Protocol evidence.,Scope 3 及十五类类别口径只在 GHG Protocol 证据下使用。,contextual_scope_inventory_mapping,no_explicit_whitelisted_series_name_in_page_text,,1,111,gsm25-IBERDROLA-sustainability-report-2024.pdf,pdf_contextual_scope_inventory_mapping,pdf_page_backfill,"Structured standard tag: GHG Protocol; Standard role: Accounting standard 2 indirect GHG emissions are those from electricity, heat or steam consumed by the organisation and supplied by third parties. Other indirect emissions associated with electricity generation are also included in this section. They correspon gsm25-IBERDROLA-sustainability-report-2024.p…","Structured standard tag: GHG Protocol; Standard role: Accounting standard 2 indirect GHG emissions are those from electricity, heat or steam consumed by the organisation and supplied by third parties. Other indirect emissions associated with electricity generation are also included in this section. They correspon gsm25-IBERDROLA-sustainability-report-2024.p…",Review only: keep out of accepted standard-company conclusions until page-level evidence explicitly names the series.,仅供复核：页级证据明确命名具体系列前，不进入已采信标准-企业结论。
r282_volvo,282,VOLVO,沃尔沃集团,C,Manufacturing,制造业,ghg_product_standard,GHG Protocol Product Life Cycle Accounting and Reporting Standard,GHG Protocol 产品生命周期核算与报告标准,Standard,标准,Product life-cycle accounting standard,产品生命周期核算标准,Product-level life-cycle boundary; not a corporate Scope 1/2/3 total by itself.,产品层生命周期边界，本身不等同于企业 Scope 1/2/3 总量。,Use product life-cycle wording unless the source also cites corporate Scope accounting.,除非原文同时引用组织层 Scope 核算，否则使用产品生命周期口径。,contextual_scope_inventory_mapping,no_explicit_whitelisted_series_name_in_page_text,,1,152,volvo-group-annual-report-2024.pdf,pdf_contextual_scope_inventory_mapping,pdf_page_backfill,Structured standard tag: GHG Protocol; Standard role: Accounting standard opes. These interim targets shall be reviewed at a minimum every five years or in case of significant changes. The following priorities apply for GHG reductions to reach net- zero value chain GHG emissions across all relevant emission scope volvo-group-annual-report-2024.pdf Scenario …,Structured standard tag: GHG Protocol; Standard role: Accounting standard opes. These interim targets shall be reviewed at a minimum every five years or in case of significant changes. The following priorities apply for GHG reductions to reach net- zero value chain GHG emissions across all relevant emission scope volvo-group-annual-report-2024.pdf Scenario …,Review only: keep out of accepted standard-company conclusions until page-level evidence explicitly names the series.,仅供复核：页级证据明确命名具体系列前，不进入已采信标准-企业结论。
r283_intesasanpaolo,283,INTESA SANPAOLO,意大利联合圣保罗银行,J,Finance,金融业,ghg_corporate_standard,GHG Protocol Corporate Accounting and Reporting Standard,GHG Protocol 企业核算与报告标准,Standard,标准,Corporate inventory accounting standard,企业组织层面清单核算标准,"Relevance, completeness, consistency, transparency, and accuracy.",相关性、完整性、一致性、透明性和准确性。,"Within GHG Protocol evidence, this may define Scope 1 and Scope 2 corporate inventory boundaries.",仅在 GHG Protocol 证据下使用 Scope 1/2 的组织层面清单口径。,contextual_scope_inventory_mapping,no_explicit_whitelisted_series_name_in_page_text,,2,101,2024_INTESA SANPAOLO-Climate_Report.pdf,seed_batch_07,medium,"governmental Panel on Climate Change). ** CO2eq = CO2*GWP + CH4*GWP + N2O*GWP where GWP = GWP-100 years from IPCC AR6 WGI 2021. GHG Emissions The Intesa Sanpaolo Group’s greenhouse gas emissions, reported in CO2 equivalent in accordance wit",governmental Panel on Climate Change). ** CO2eq = CO2*GWP + CH4*GWP + N2O*GWP where GWP = GWP-100 years from IPCC AR6 WGI 2021. GHG Emissions The Intesa Sanp...,Review only: keep out of accepted standard-company conclusions until page-level evidence explicitly names the series.,仅供复核：页级证据明确命名具体系列前，不进入已采信标准-企业结论。
r283_intesasanpaolo,283,INTESA SANPAOLO,意大利联合圣保罗银行,J,Finance,金融业,ghg_scope2_guidance,GHG Protocol Scope 2 Guidance,GHG Protocol Scope 2 指南,Guidance,指南,Purchased electricity and energy method guidance,外购电力与能源口径指南,Location-based and market-based Scope 2 reporting are separated when cited.,原文显式引用时区分位置法与市场法 Scope 2 披露。,Scope 2 market-based and location-based language is treated as GHG-specific.,Scope 2 市场法/位置法术语只在 GHG Protocol 语境下使用。,contextual_scope_inventory_mapping,no_explicit_whitelisted_series_name_in_page_text,,2,101,2024_INTESA SANPAOLO-Climate_Report.pdf,seed_batch_07,medium,"governmental Panel on Climate Change). ** CO2eq = CO2*GWP + CH4*GWP + N2O*GWP where GWP = GWP-100 years from IPCC AR6 WGI 2021. GHG Emissions The Intesa Sanpaolo Group’s greenhouse gas emissions, reported in CO2 equivalent in accordance wit",governmental Panel on Climate Change). ** CO2eq = CO2*GWP + CH4*GWP + N2O*GWP where GWP = GWP-100 years from IPCC AR6 WGI 2021. GHG Emissions The Intesa Sanp...,Review only: keep out of accepted standard-company conclusions until page-level evidence explicitly names the series.,仅供复核：页级证据明确命名具体系列前，不进入已采信标准-企业结论。
r286_bayer,286,BAYER,拜耳集团,C,Manufacturing,制造业,ghg_corporate_standard,GHG Protocol Corporate Accounting and Reporting Standard,GHG Protocol 企业核算与报告标准,Standard,标准,Corporate inventory accounting standard,企业组织层面清单核算标准,"Relevance, completeness, consistency, transparency, and accuracy.",相关性、完整性、一致性、透明性和准确性。,"Within GHG Protocol evidence, this may define Scope 1 and Scope 2 corporate inventory boundaries.",仅在 GHG Protocol 证据下使用 Scope 1/2 的组织层面清单口径。,contextual_scope_inventory_mapping,no_explicit_whitelisted_series_name_in_page_text,,1,4,bayer-impact-report-2024.pdf,pdf_contextual_scope_inventory_mapping,pdf_page_backfill,"Structured standard tag: GHG Protocol; Standard role: Accounting standard d ISO 26000 as a guide when defining and selecting nonfinancial indicators and in our reporting. In measuring the key data we are publishing, we apply the European Sustainability Reporting Standards (ESRS) and also take into account the rec bayer-impact-report-2024.pdf Editorial Bayer…","Structured standard tag: GHG Protocol; Standard role: Accounting standard d ISO 26000 as a guide when defining and selecting nonfinancial indicators and in our reporting. In measuring the key data we are publishing, we apply the European Sustainability Reporting Standards (ESRS) and also take into account the rec bayer-impact-report-2024.pdf Editorial Bayer…",Review only: keep out of accepted standard-company conclusions until page-level evidence explicitly names the series.,仅供复核：页级证据明确命名具体系列前，不进入已采信标准-企业结论。
r286_bayer,286,BAYER,拜耳集团,C,Manufacturing,制造业,ghg_scope2_guidance,GHG Protocol Scope 2 Guidance,GHG Protocol Scope 2 指南,Guidance,指南,Purchased electricity and energy method guidance,外购电力与能源口径指南,Location-based and market-based Scope 2 reporting are separated when cited.,原文显式引用时区分位置法与市场法 Scope 2 披露。,Scope 2 market-based and location-based language is treated as GHG-specific.,Scope 2 市场法/位置法术语只在 GHG Protocol 语境下使用。,contextual_scope_inventory_mapping,no_explicit_whitelisted_series_name_in_page_text,,1,4,bayer-impact-report-2024.pdf,pdf_contextual_scope_inventory_mapping,pdf_page_backfill,"Structured standard tag: GHG Protocol; Standard role: Accounting standard d ISO 26000 as a guide when defining and selecting nonfinancial indicators and in our reporting. In measuring the key data we are publishing, we apply the European Sustainability Reporting Standards (ESRS) and also take into account the rec bayer-impact-report-2024.pdf Editorial Bayer…","Structured standard tag: GHG Protocol; Standard role: Accounting standard d ISO 26000 as a guide when defining and selecting nonfinancial indicators and in our reporting. In measuring the key data we are publishing, we apply the European Sustainability Reporting Standards (ESRS) and also take into account the rec bayer-impact-report-2024.pdf Editorial Bayer…",Review only: keep out of accepted standard-company conclusions until page-level evidence explicitly names the series.,仅供复核：页级证据明确命名具体系列前，不进入已采信标准-企业结论。
r286_bayer,286,BAYER,拜耳集团,C,Manufacturing,制造业,ghg_scope3_calculation_guidance,GHG Protocol Scope 3 Calculation Guidance,GHG Protocol Scope 3 计算指南,Guidance,指南,Scope 3 inventory calculation guidance,Scope 3 清单计算指南,Companion calculation guidance for completing Scope 3 inventories.,配套计算指南，用于完成 Scope 3 清单。,Scope 3 categories are GHG-specific and only shown when the source uses that wording.,Scope 3 类别是 GHG 特有口径，仅在原文如此使用时展示。,contextual_scope_inventory_mapping,no_explicit_whitelisted_series_name_in_page_text,,1,4,bayer-impact-report-2024.pdf,pdf_contextual_scope_inventory_mapping,pdf_page_backfill,"Structured standard tag: GHG Protocol; Standard role: Accounting standard d ISO 26000 as a guide when defining and selecting nonfinancial indicators and in our reporting. In measuring the key data we are publishing, we apply the European Sustainability Reporting Standards (ESRS) and also take into account the rec bayer-impact-report-2024.pdf Editorial Bayer…","Structured standard tag: GHG Protocol; Standard role: Accounting standard d ISO 26000 as a guide when defining and selecting nonfinancial indicators and in our reporting. In measuring the key data we are publishing, we apply the European Sustainability Reporting Standards (ESRS) and also take into account the rec bayer-impact-report-2024.pdf Editorial Bayer…",Review only: keep out of accepted standard-company conclusions until page-level evidence explicitly names the series.,仅供复核：页级证据明确命名具体系列前，不进入已采信标准-企业结论。
r289_maerskgroup,289,MAERSK GROUP,马士基集团,C,Manufacturing,制造业,ghg_corporate_standard,GHG Protocol Corporate Accounting and Reporting Standard,GHG Protocol 企业核算与报告标准,Standard,标准,Corporate inventory accounting standard,企业组织层面清单核算标准,"Relevance, completeness, consistency, transparency, and accuracy.",相关性、完整性、一致性、透明性和准确性。,"Within GHG Protocol evidence, this may define Scope 1 and Scope 2 corporate inventory boundaries.",仅在 GHG Protocol 证据下使用 Scope 1/2 的组织层面清单口径。,contextual_scope_inventory_mapping,no_explicit_whitelisted_series_name_in_page_text,,2,89,Maersk Annual Report 2024.pdf,seed_batch_07,medium,"ered vessels, and from vessel-sharing agreements and supply chain partners. ACCOUNTING POLICIES Scope and consolidation The consolidation of greenhouse gas (GHG) emissions data is based on the financial consolidation approach and stated in","ered vessels, and from vessel-sharing agreements and supply chain partners. ACCOUNTING POLICIES Scope and consolidation The consolidation of greenhouse gas (...",Review only: keep out of accepted standard-company conclusions until page-level evidence explicitly names the series.,仅供复核：页级证据明确命名具体系列前，不进入已采信标准-企业结论。
r289_maerskgroup,289,MAERSK GROUP,马士基集团,C,Manufacturing,制造业,ghg_scope2_guidance,GHG Protocol Scope 2 Guidance,GHG Protocol Scope 2 指南,Guidance,指南,Purchased electricity and energy method guidance,外购电力与能源口径指南,Location-based and market-based Scope 2 reporting are separated when cited.,原文显式引用时区分位置法与市场法 Scope 2 披露。,Scope 2 market-based and location-based language is treated as GHG-specific.,Scope 2 市场法/位置法术语只在 GHG Protocol 语境下使用。,contextual_scope_inventory_mapping,no_explicit_whitelisted_series_name_in_page_text,,2,89,Maersk Annual Report 2024.pdf,seed_batch_07,medium,"ered vessels, and from vessel-sharing agreements and supply chain partners. ACCOUNTING POLICIES Scope and consolidation The consolidation of greenhouse gas (GHG) emissions data is based on the financial consolidation approach and stated in","ered vessels, and from vessel-sharing agreements and supply chain partners. ACCOUNTING POLICIES Scope and consolidation The consolidation of greenhouse gas (...",Review only: keep out of accepted standard-company conclusions until page-level evidence explicitly names the series.,仅供复核：页级证据明确命名具体系列前，不进入已采信标准-企业结论。
r289_maerskgroup,289,MAERSK GROUP,马士基集团,C,Manufacturing,制造业,ghg_scope3_standard,GHG Protocol Corporate Value Chain (Scope 3) Accounting and Reporting Standard,GHG Protocol 企业价值链（Scope 3）核算与报告标准,Standard,标准,Value-chain emissions accounting standard,价值链排放核算标准,Scope 3 categories are GHG Protocol-specific category language.,Scope 3 类别是 GHG Protocol 特有的类别口径。,Scope 3 and Scope 3 category names are only used for GHG Protocol evidence.,Scope 3 及十五类类别口径只在 GHG Protocol 证据下使用。,contextual_scope_inventory_mapping,no_explicit_whitelisted_series_name_in_page_text,,2,89,Maersk Annual Report 2024.pdf,seed_batch_07,medium,"ered vessels, and from vessel-sharing agreements and supply chain partners. ACCOUNTING POLICIES Scope and consolidation The consolidation of greenhouse gas (GHG) emissions data is based on the financial consolidation approach and stated in","ered vessels, and from vessel-sharing agreements and supply chain partners. ACCOUNTING POLICIES Scope and consolidation The consolidation of greenhouse gas (...",Review only: keep out of accepted standard-company conclusions until page-level evidence explicitly names the series.,仅供复核：页级证据明确命名具体系列前，不进入已采信标准-企业结论。
r290_phoenixpharma,290,PHOENIX PHARMA,菲尼克斯医药公司,F,Wholesale and Retail Trade,批发和零售业,ghg_corporate_standard,GHG Protocol Corporate Accounting and Reporting Standard,GHG Protocol 企业核算与报告标准,Standard,标准,Corporate inventory accounting standard,企业组织层面清单核算标准,"Relevance, completeness, consistency, transparency, and accuracy.",相关性、完整性、一致性、透明性和准确性。,"Within GHG Protocol evidence, this may define Scope 1 and Scope 2 corporate inventory boundaries.",仅在 GHG Protocol 证据下使用 Scope 1/2 的组织层面清单口径。,contextual_scope_inventory_mapping,no_explicit_whitelisted_series_name_in_page_text,,3,13,PHOENIX_Sustainability_Report_2024_25.pdf,seed_batch_14,medium,"Introduction General information Social Governance Imprint 13 SUSTAINABILITY REPORT 2024/25 Environment Climate and energy Circular economy Carbon footprint In calculating our carbon footprint, we follow the Greenhouse Gas Protocol (GHG Pro",Introduction General information Social Governance Imprint 13 SUSTAINABILITY REPORT 2024/25 Environment Climate and energy Circular economy Carbon footprint ...,Review only: keep out of accepted standard-company conclusions until page-level evidence explicitly names the series.,仅供复核：页级证据明确命名具体系列前，不进入已采信标准-企业结论。
r290_phoenixpharma,290,PHOENIX PHARMA,菲尼克斯医药公司,F,Wholesale and Retail Trade,批发和零售业,ghg_scope2_guidance,GHG Protocol Scope 2 Guidance,GHG Protocol Scope 2 指南,Guidance,指南,Purchased electricity and energy method guidance,外购电力与能源口径指南,Location-based and market-based Scope 2 reporting are separated when cited.,原文显式引用时区分位置法与市场法 Scope 2 披露。,Scope 2 market-based and location-based language is treated as GHG-specific.,Scope 2 市场法/位置法术语只在 GHG Protocol 语境下使用。,contextual_scope_inventory_mapping,no_explicit_whitelisted_series_name_in_page_text,,1,13,PHOENIX_Sustainability_Report_2024_25.pdf,pdf_contextual_scope_inventory_mapping,pdf_page_backfill,"Structured standard tag: GHG Protocol; Standard role: Accounting standard Introduction General information Social Governance Imprint 13 SUSTAINABILITY REPORT 2024/25 Environment Climate and energy Circular economy Carbon footprint In calculating our carbon footprint, we follow the Greenhouse Gas Protocol (GHG Pro PHOENIX_Sustainability_Report_2024_25.pdf In…","Structured standard tag: GHG Protocol; Standard role: Accounting standard Introduction General information Social Governance Imprint 13 SUSTAINABILITY REPORT 2024/25 Environment Climate and energy Circular economy Carbon footprint In calculating our carbon footprint, we follow the Greenhouse Gas Protocol (GHG Pro PHOENIX_Sustainability_Report_2024_25.pdf In…",Review only: keep out of accepted standard-company conclusions until page-level evidence explicitly names the series.,仅供复核：页级证据明确命名具体系列前，不进入已采信标准-企业结论。
r290_phoenixpharma,290,PHOENIX PHARMA,菲尼克斯医药公司,F,Wholesale and Retail Trade,批发和零售业,ghg_scope3_calculation_guidance,GHG Protocol Scope 3 Calculation Guidance,GHG Protocol Scope 3 计算指南,Guidance,指南,Scope 3 inventory calculation guidance,Scope 3 清单计算指南,Companion calculation guidance for completing Scope 3 inventories.,配套计算指南，用于完成 Scope 3 清单。,Scope 3 categories are GHG-specific and only shown when the source uses that wording.,Scope 3 类别是 GHG 特有口径，仅在原文如此使用时展示。,contextual_scope_inventory_mapping,no_explicit_whitelisted_series_name_in_page_text,,1,13,PHOENIX_Sustainability_Report_2024_25.pdf,pdf_contextual_scope_inventory_mapping,pdf_page_backfill,"Structured standard tag: GHG Protocol; Standard role: Accounting standard Introduction General information Social Governance Imprint 13 SUSTAINABILITY REPORT 2024/25 Environment Climate and energy Circular economy Carbon footprint In calculating our carbon footprint, we follow the Greenhouse Gas Protocol (GHG Pro PHOENIX_Sustainability_Report_2024_25.pdf In…","Structured standard tag: GHG Protocol; Standard role: Accounting standard Introduction General information Social Governance Imprint 13 SUSTAINABILITY REPORT 2024/25 Environment Climate and energy Circular economy Carbon footprint In calculating our carbon footprint, we follow the Greenhouse Gas Protocol (GHG Pro PHOENIX_Sustainability_Report_2024_25.pdf In…",Review only: keep out of accepted standard-company conclusions until page-level evidence explicitly names the series.,仅供复核：页级证据明确命名具体系列前，不进入已采信标准-企业结论。
r290_phoenixpharma,290,PHOENIX PHARMA,菲尼克斯医药公司,F,Wholesale and Retail Trade,批发和零售业,ghg_scope3_standard,GHG Protocol Corporate Value Chain (Scope 3) Accounting and Reporting Standard,GHG Protocol 企业价值链（Scope 3）核算与报告标准,Standard,标准,Value-chain emissions accounting standard,价值链排放核算标准,Scope 3 categories are GHG Protocol-specific category language.,Scope 3 类别是 GHG Protocol 特有的类别口径。,Scope 3 and Scope 3 category names are only used for GHG Protocol evidence.,Scope 3 及十五类类别口径只在 GHG Protocol 证据下使用。,contextual_scope_inventory_mapping,no_explicit_whitelisted_series_name_in_page_text,,1,13,PHOENIX_Sustainability_Report_2024_25.pdf,pdf_contextual_scope_inventory_mapping,pdf_page_backfill,"Structured standard tag: GHG Protocol; Standard role: Accounting standard Introduction General information Social Governance Imprint 13 SUSTAINABILITY REPORT 2024/25 Environment Climate and energy Circular economy Carbon footprint In calculating our carbon footprint, we follow the Greenhouse Gas Protocol (GHG Pro PHOENIX_Sustainability_Report_2024_25.pdf In…","Structured standard tag: GHG Protocol; Standard role: Accounting standard Introduction General information Social Governance Imprint 13 SUSTAINABILITY REPORT 2024/25 Environment Climate and energy Circular economy Carbon footprint In calculating our carbon footprint, we follow the Greenhouse Gas Protocol (GHG Pro PHOENIX_Sustainability_Report_2024_25.pdf In…",Review only: keep out of accepted standard-company conclusions until page-level evidence explicitly names the series.,仅供复核：页级证据明确命名具体系列前，不进入已采信标准-企业结论。
r294_bankofmontreal,294,BANK OF MONTREAL,蒙特利尔银行,J,Finance,金融业,ghg_scope2_guidance,GHG Protocol Scope 2 Guidance,GHG Protocol Scope 2 指南,Guidance,指南,Purchased electricity and energy method guidance,外购电力与能源口径指南,Location-based and market-based Scope 2 reporting are separated when cited.,原文显式引用时区分位置法与市场法 Scope 2 披露。,Scope 2 market-based and location-based language is treated as GHG-specific.,Scope 2 市场法/位置法术语只在 GHG Protocol 语境下使用。,contextual_overmapped_review,no_explicit_whitelisted_series_name_in_page_text,,4,4,BMO_2024_SCR_EN_interactive.pdf,seed_batch_12,medium,rce on Climate-related Financial Disclosures (TCFD) • Glasgow Financial Alliance for Net Zero (GFANZ) Recommendations and Guidance on Financial Institution Net-zero Transition Plans • Greenhouse Gas (GHG) Protocol Corporate Accounting and R,rce on Climate-related Financial Disclosures (TCFD) • Glasgow Financial Alliance for Net Zero (GFANZ) Recommendations and Guidance on Financial Institution N...,Review only: keep out of accepted standard-company conclusions until page-level evidence explicitly names the series.,仅供复核：页级证据明确命名具体系列前，不进入已采信标准-企业结论。
r294_bankofmontreal,294,BANK OF MONTREAL,蒙特利尔银行,J,Finance,金融业,ghg_scope3_calculation_guidance,GHG Protocol Scope 3 Calculation Guidance,GHG Protocol Scope 3 计算指南,Guidance,指南,Scope 3 inventory calculation guidance,Scope 3 清单计算指南,Companion calculation guidance for completing Scope 3 inventories.,配套计算指南，用于完成 Scope 3 清单。,Scope 3 categories are GHG-specific and only shown when the source uses that wording.,Scope 3 类别是 GHG 特有口径，仅在原文如此使用时展示。,contextual_overmapped_review,no_explicit_whitelisted_series_name_in_page_text,,4,4,BMO_2024_SCR_EN_interactive.pdf,seed_batch_12,medium,rce on Climate-related Financial Disclosures (TCFD) • Glasgow Financial Alliance for Net Zero (GFANZ) Recommendations and Guidance on Financial Institution Net-zero Transition Plans • Greenhouse Gas (GHG) Protocol Corporate Accounting and R,rce on Climate-related Financial Disclosures (TCFD) • Glasgow Financial Alliance for Net Zero (GFANZ) Recommendations and Guidance on Financial Institution N...,Review only: keep out of accepted standard-company conclusions until page-level evidence explicitly names the series.,仅供复核：页级证据明确命名具体系列前，不进入已采信标准-企业结论。
r297_sanofi,297,SANOFI,赛诺菲,C,Manufacturing,制造业,ghg_product_standard,GHG Protocol Product Life Cycle Accounting and Reporting Standard,GHG Protocol 产品生命周期核算与报告标准,Standard,标准,Product life-cycle accounting standard,产品生命周期核算标准,Product-level life-cycle boundary; not a corporate Scope 1/2/3 total by itself.,产品层生命周期边界，本身不等同于企业 Scope 1/2/3 总量。,Use product life-cycle wording unless the source also cites corporate Scope accounting.,除非原文同时引用组织层 Scope 核算，否则使用产品生命周期口径。,contextual_scope_inventory_mapping,no_explicit_whitelisted_series_name_in_page_text,,1,29,SANOFI-sustainability-statement-2024--ESG-Report-.pdf,pdf_contextual_scope_inventory_mapping,pdf_page_backfill,"Structured standard tag: GHG Protocol; Standard role: Accounting standard . Decarbonization levers for reducing Scope 1 & 2 GHG emissions and progress to date The figures below detail the levers to achieve the Scope 1 & 2 target to reduce GHG emissions by -55% by 2030 from a 2019 baseline, as well as progress to SANOFI-sustainability-statement-2024--ESG-Rep…","Structured standard tag: GHG Protocol; Standard role: Accounting standard . Decarbonization levers for reducing Scope 1 & 2 GHG emissions and progress to date The figures below detail the levers to achieve the Scope 1 & 2 target to reduce GHG emissions by -55% by 2030 from a 2019 baseline, as well as progress to SANOFI-sustainability-statement-2024--ESG-Rep…",Review only: keep out of accepted standard-company conclusions until page-level evidence explicitly names the series.,仅供复核：页级证据明确命名具体系列前，不进入已采信标准-企业结论。
r298_marubeni,298,MARUBENI,丸红株式会社,L,Leasing and Business Services,租赁和商务服务业,ghg_corporate_standard,GHG Protocol Corporate Accounting and Reporting Standard,GHG Protocol 企业核算与报告标准,Standard,标准,Corporate inventory accounting standard,企业组织层面清单核算标准,"Relevance, completeness, consistency, transparency, and accuracy.",相关性、完整性、一致性、透明性和准确性。,"Within GHG Protocol evidence, this may define Scope 1 and Scope 2 corporate inventory boundaries.",仅在 GHG Protocol 证据下使用 Scope 1/2 的组织层面清单口径。,contextual_scope_inventory_mapping,no_explicit_whitelisted_series_name_in_page_text,,2,61,MARUBENI-sustainability-2024_en_all.pdf,seed_batch_07,medium,kdown and the overall total may not match due to rounding. 〈Scope 3 Greenhouse Gas Emissions〉 Marubeni is voluntarily disclosing a part of the data by categorizing its supply chain activities and calculating the GHG emissions in each catego,kdown and the overall total may not match due to rounding. 〈Scope 3 Greenhouse Gas Emissions〉 Marubeni is voluntarily disclosing a part of the data by catego...,Review only: keep out of accepted standard-company conclusions until page-level evidence explicitly names the series.,仅供复核：页级证据明确命名具体系列前，不进入已采信标准-企业结论。
r298_marubeni,298,MARUBENI,丸红株式会社,L,Leasing and Business Services,租赁和商务服务业,ghg_scope3_standard,GHG Protocol Corporate Value Chain (Scope 3) Accounting and Reporting Standard,GHG Protocol 企业价值链（Scope 3）核算与报告标准,Standard,标准,Value-chain emissions accounting standard,价值链排放核算标准,Scope 3 categories are GHG Protocol-specific category language.,Scope 3 类别是 GHG Protocol 特有的类别口径。,Scope 3 and Scope 3 category names are only used for GHG Protocol evidence.,Scope 3 及十五类类别口径只在 GHG Protocol 证据下使用。,contextual_scope_inventory_mapping,no_explicit_whitelisted_series_name_in_page_text,,2,61,MARUBENI-sustainability-2024_en_all.pdf,seed_batch_07,medium,kdown and the overall total may not match due to rounding. 〈Scope 3 Greenhouse Gas Emissions〉 Marubeni is voluntarily disclosing a part of the data by categorizing its supply chain activities and calculating the GHG emissions in each catego,kdown and the overall total may not match due to rounding. 〈Scope 3 Greenhouse Gas Emissions〉 Marubeni is voluntarily disclosing a part of the data by catego...,Review only: keep out of accepted standard-company conclusions until page-level evidence explicitly names the series.,仅供复核：页级证据明确命名具体系列前，不进入已采信标准-企业结论。
r301_swissre,301,SWISS RE,瑞士再保险股份有限公司,J,Finance,金融业,ghg_corporate_standard,GHG Protocol Corporate Accounting and Reporting Standard,GHG Protocol 企业核算与报告标准,Standard,标准,Corporate inventory accounting standard,企业组织层面清单核算标准,"Relevance, completeness, consistency, transparency, and accuracy.",相关性、完整性、一致性、透明性和准确性。,"Within GHG Protocol evidence, this may define Scope 1 and Scope 2 corporate inventory boundaries.",仅在 GHG Protocol 证据下使用 Scope 1/2 的组织层面清单口径。,contextual_overmapped_review,no_explicit_whitelisted_series_name_in_page_text,,4,76 | 9,2024-SWISS RE-sustainability-report-en.pdf,seed_batch_07,medium,ensity = (company CO2e emissions/company revenue)*(investment/portfolio). 65 It should be noted that the listed equity positions’ percentage share relative to the investments in scope is small. 66 Greenhouse gases measured as CO2 equivalent,ensity = (company CO2e emissions/company revenue)*(investment/portfolio). 65 It should be noted that the listed equity positions’ percentage share relative t...,Review only: keep out of accepted standard-company conclusions until page-level evidence explicitly names the series.,仅供复核：页级证据明确命名具体系列前，不进入已采信标准-企业结论。
r301_swissre,301,SWISS RE,瑞士再保险股份有限公司,J,Finance,金融业,ghg_scope2_guidance,GHG Protocol Scope 2 Guidance,GHG Protocol Scope 2 指南,Guidance,指南,Purchased electricity and energy method guidance,外购电力与能源口径指南,Location-based and market-based Scope 2 reporting are separated when cited.,原文显式引用时区分位置法与市场法 Scope 2 披露。,Scope 2 market-based and location-based language is treated as GHG-specific.,Scope 2 市场法/位置法术语只在 GHG Protocol 语境下使用。,contextual_overmapped_review,no_explicit_whitelisted_series_name_in_page_text,,4,76 | 9,2024-SWISS RE-sustainability-report-en.pdf,seed_batch_07,medium,ensity = (company CO2e emissions/company revenue)*(investment/portfolio). 65 It should be noted that the listed equity positions’ percentage share relative to the investments in scope is small. 66 Greenhouse gases measured as CO2 equivalent,ensity = (company CO2e emissions/company revenue)*(investment/portfolio). 65 It should be noted that the listed equity positions’ percentage share relative t...,Review only: keep out of accepted standard-company conclusions until page-level evidence explicitly names the series.,仅供复核：页级证据明确命名具体系列前，不进入已采信标准-企业结论。
r301_swissre,301,SWISS RE,瑞士再保险股份有限公司,J,Finance,金融业,ghg_scope3_calculation_guidance,GHG Protocol Scope 3 Calculation Guidance,GHG Protocol Scope 3 计算指南,Guidance,指南,Scope 3 inventory calculation guidance,Scope 3 清单计算指南,Companion calculation guidance for completing Scope 3 inventories.,配套计算指南，用于完成 Scope 3 清单。,Scope 3 categories are GHG-specific and only shown when the source uses that wording.,Scope 3 类别是 GHG 特有口径，仅在原文如此使用时展示。,contextual_overmapped_review,no_explicit_whitelisted_series_name_in_page_text,,4,76 | 9,2024-SWISS RE-sustainability-report-en.pdf,seed_batch_07,medium,ensity = (company CO2e emissions/company revenue)*(investment/portfolio). 65 It should be noted that the listed equity positions’ percentage share relative to the investments in scope is small. 66 Greenhouse gases measured as CO2 equivalent,ensity = (company CO2e emissions/company revenue)*(investment/portfolio). 65 It should be noted that the listed equity positions’ percentage share relative t...,Review only: keep out of accepted standard-company conclusions until page-level evidence explicitly names the series.,仅供复核：页级证据明确命名具体系列前，不进入已采信标准-企业结论。
r301_swissre,301,SWISS RE,瑞士再保险股份有限公司,J,Finance,金融业,ghg_scope3_standard,GHG Protocol Corporate Value Chain (Scope 3) Accounting and Reporting Standard,GHG Protocol 企业价值链（Scope 3）核算与报告标准,Standard,标准,Value-chain emissions accounting standard,价值链排放核算标准,Scope 3 categories are GHG Protocol-specific category language.,Scope 3 类别是 GHG Protocol 特有的类别口径。,Scope 3 and Scope 3 category names are only used for GHG Protocol evidence.,Scope 3 及十五类类别口径只在 GHG Protocol 证据下使用。,contextual_overmapped_review,no_explicit_whitelisted_series_name_in_page_text,,4,76 | 9,2024-SWISS RE-sustainability-report-en.pdf,seed_batch_07,medium,ensity = (company CO2e emissions/company revenue)*(investment/portfolio). 65 It should be noted that the listed equity positions’ percentage share relative to the investments in scope is small. 66 Greenhouse gases measured as CO2 equivalent,ensity = (company CO2e emissions/company revenue)*(investment/portfolio). 65 It should be noted that the listed equity positions’ percentage share relative t...,Review only: keep out of accepted standard-company conclusions until page-level evidence explicitly names the series.,仅供复核：页级证据明确命名具体系列前，不进入已采信标准-企业结论。
r302_chubb,302,CHUBB,安达保险公司,J,Finance,金融业,ghg_corporate_standard,GHG Protocol Corporate Accounting and Reporting Standard,GHG Protocol 企业核算与报告标准,Standard,标准,Corporate inventory accounting standard,企业组织层面清单核算标准,"Relevance, completeness, consistency, transparency, and accuracy.",相关性、完整性、一致性、透明性和准确性。,"Within GHG Protocol evidence, this may define Scope 1 and Scope 2 corporate inventory boundaries.",仅在 GHG Protocol 证据下使用 Scope 1/2 的组织层面清单口径。,contextual_scope_inventory_mapping,no_explicit_whitelisted_series_name_in_page_text,,2,13,Chubb-2024-Sustainability-Report.pdf,seed_batch_07,medium,untry where is it available for purchase and reasonably priced. The GHG emissions data reported below covers fiscal year 2024. Chubb uses methodology based on the World Resources Institute and the World Business Council for Sustainable Deve,untry where is it available for purchase and reasonably priced. The GHG emissions data reported below covers fiscal year 2024. Chubb uses methodology based o...,Review only: keep out of accepted standard-company conclusions until page-level evidence explicitly names the series.,仅供复核：页级证据明确命名具体系列前，不进入已采信标准-企业结论。
r310_vodafonegroup,310,VODAFONE GROUP,沃达丰集团,I,"Information Transmission, Software and Information Technology Services",信息传输、软件和信息技术服务业,ghg_corporate_standard,GHG Protocol Corporate Accounting and Reporting Standard,GHG Protocol 企业核算与报告标准,Standard,标准,Corporate inventory accounting standard,企业组织层面清单核算标准,"Relevance, completeness, consistency, transparency, and accuracy.",相关性、完整性、一致性、透明性和准确性。,"Within GHG Protocol evidence, this may define Scope 1 and Scope 2 corporate inventory boundaries.",仅在 GHG Protocol 证据下使用 Scope 1/2 的组织层面清单口径。,contextual_scope_inventory_mapping,no_explicit_whitelisted_series_name_in_page_text,,2,38,Vodafone 2025 Annual Report.pdf,seed_batch_07,medium,"ontinuing operations Gigawatt hours 5,453 5,271 Notes: 1. Data is calculated using local market actual or estimated data sources from invoices, purchasing requisitions, direct data measurement and estimations. Carbon emissions are calculat","ontinuing operations Gigawatt hours 5,453 5,271 Notes: 1. Data is calculated using local market actual or estimated data sources from invoices, purchasing r...",Review only: keep out of accepted standard-company conclusions until page-level evidence explicitly names the series.,仅供复核：页级证据明确命名具体系列前，不进入已采信标准-企业结论。
r310_vodafonegroup,310,VODAFONE GROUP,沃达丰集团,I,"Information Transmission, Software and Information Technology Services",信息传输、软件和信息技术服务业,ghg_scope2_guidance,GHG Protocol Scope 2 Guidance,GHG Protocol Scope 2 指南,Guidance,指南,Purchased electricity and energy method guidance,外购电力与能源口径指南,Location-based and market-based Scope 2 reporting are separated when cited.,原文显式引用时区分位置法与市场法 Scope 2 披露。,Scope 2 market-based and location-based language is treated as GHG-specific.,Scope 2 市场法/位置法术语只在 GHG Protocol 语境下使用。,contextual_scope_inventory_mapping,no_explicit_whitelisted_series_name_in_page_text,,2,38,Vodafone 2025 Annual Report.pdf,seed_batch_07,medium,"ontinuing operations Gigawatt hours 5,453 5,271 Notes: 1. Data is calculated using local market actual or estimated data sources from invoices, purchasing requisitions, direct data measurement and estimations. Carbon emissions are calculat","ontinuing operations Gigawatt hours 5,453 5,271 Notes: 1. Data is calculated using local market actual or estimated data sources from invoices, purchasing r...",Review only: keep out of accepted standard-company conclusions until page-level evidence explicitly names the series.,仅供复核：页级证据明确命名具体系列前，不进入已采信标准-企业结论。
r310_vodafonegroup,310,VODAFONE GROUP,沃达丰集团,I,"Information Transmission, Software and Information Technology Services",信息传输、软件和信息技术服务业,ghg_scope3_calculation_guidance,GHG Protocol Scope 3 Calculation Guidance,GHG Protocol Scope 3 计算指南,Guidance,指南,Scope 3 inventory calculation guidance,Scope 3 清单计算指南,Companion calculation guidance for completing Scope 3 inventories.,配套计算指南，用于完成 Scope 3 清单。,Scope 3 categories are GHG-specific and only shown when the source uses that wording.,Scope 3 类别是 GHG 特有口径，仅在原文如此使用时展示。,contextual_scope_inventory_mapping,no_explicit_whitelisted_series_name_in_page_text,,2,38,Vodafone 2025 Annual Report.pdf,seed_batch_07,medium,"ontinuing operations Gigawatt hours 5,453 5,271 Notes: 1. Data is calculated using local market actual or estimated data sources from invoices, purchasing requisitions, direct data measurement and estimations. Carbon emissions are calculat","ontinuing operations Gigawatt hours 5,453 5,271 Notes: 1. Data is calculated using local market actual or estimated data sources from invoices, purchasing r...",Review only: keep out of accepted standard-company conclusions until page-level evidence explicitly names the series.,仅供复核：页级证据明确命名具体系列前，不进入已采信标准-企业结论。
r313_exor集团,313,EXOR,EXOR,J,Finance,金融业,ghg_corporate_standard,GHG Protocol Corporate Accounting and Reporting Standard,GHG Protocol 企业核算与报告标准,Standard,标准,Corporate inventory accounting standard,企业组织层面清单核算标准,"Relevance, completeness, consistency, transparency, and accuracy.",相关性、完整性、一致性、透明性和准确性。,"Within GHG Protocol evidence, this may define Scope 1 and Scope 2 corporate inventory boundaries.",仅在 GHG Protocol 证据下使用 Scope 1/2 的组织层面清单口径。,contextual_scope_inventory_mapping,no_explicit_whitelisted_series_name_in_page_text,,2,6,EXOR GROUP Sustainability Report 2023.pdf,seed_batch_07,medium,"environmental impact as a standalone company is limited given its size, Exor still has a responsibility to reduce its emissions at holding company level. Exor has calculated its GHG inventory in accordance with the internationally recognise","environmental impact as a standalone company is limited given its size, Exor still has a responsibility to reduce its emissions at holding company level. Exo...",Review only: keep out of accepted standard-company conclusions until page-level evidence explicitly names the series.,仅供复核：页级证据明确命名具体系列前，不进入已采信标准-企业结论。
r315_unicreditgroup,315,UNICREDIT GROUP,联合信贷集团,J,Finance,金融业,ghg_corporate_standard,GHG Protocol Corporate Accounting and Reporting Standard,GHG Protocol 企业核算与报告标准,Standard,标准,Corporate inventory accounting standard,企业组织层面清单核算标准,"Relevance, completeness, consistency, transparency, and accuracy.",相关性、完整性、一致性、透明性和准确性。,"Within GHG Protocol evidence, this may define Scope 1 and Scope 2 corporate inventory boundaries.",仅在 GHG Protocol 证据下使用 Scope 1/2 的组织层面清单口径。,contextual_scope_inventory_mapping,no_explicit_whitelisted_series_name_in_page_text,,2,140,2024-UNICREDIT GROUP-Annual-Reports-and-Accounts.pdf,seed_batch_07,medium,"In the absence of primary data from stakeholders, UniCredit relies on estimation techniques that involve assumptions based on the best available information. These techniques include: Emissions factors: for Scope 3 GHG emissions, as indicat","In the absence of primary data from stakeholders, UniCredit relies on estimation techniques that involve assumptions based on the best available information....",Review only: keep out of accepted standard-company conclusions until page-level evidence explicitly names the series.,仅供复核：页级证据明确命名具体系列前，不进入已采信标准-企业结论。
r315_unicreditgroup,315,UNICREDIT GROUP,联合信贷集团,J,Finance,金融业,ghg_scope2_guidance,GHG Protocol Scope 2 Guidance,GHG Protocol Scope 2 指南,Guidance,指南,Purchased electricity and energy method guidance,外购电力与能源口径指南,Location-based and market-based Scope 2 reporting are separated when cited.,原文显式引用时区分位置法与市场法 Scope 2 披露。,Scope 2 market-based and location-based language is treated as GHG-specific.,Scope 2 市场法/位置法术语只在 GHG Protocol 语境下使用。,contextual_scope_inventory_mapping,no_explicit_whitelisted_series_name_in_page_text,,2,140,2024-UNICREDIT GROUP-Annual-Reports-and-Accounts.pdf,seed_batch_07,medium,"In the absence of primary data from stakeholders, UniCredit relies on estimation techniques that involve assumptions based on the best available information. These techniques include: Emissions factors: for Scope 3 GHG emissions, as indicat","In the absence of primary data from stakeholders, UniCredit relies on estimation techniques that involve assumptions based on the best available information....",Review only: keep out of accepted standard-company conclusions until page-level evidence explicitly names the series.,仅供复核：页级证据明确命名具体系列前，不进入已采信标准-企业结论。
r315_unicreditgroup,315,UNICREDIT GROUP,联合信贷集团,J,Finance,金融业,ghg_scope3_standard,GHG Protocol Corporate Value Chain (Scope 3) Accounting and Reporting Standard,GHG Protocol 企业价值链（Scope 3）核算与报告标准,Standard,标准,Value-chain emissions accounting standard,价值链排放核算标准,Scope 3 categories are GHG Protocol-specific category language.,Scope 3 类别是 GHG Protocol 特有的类别口径。,Scope 3 and Scope 3 category names are only used for GHG Protocol evidence.,Scope 3 及十五类类别口径只在 GHG Protocol 证据下使用。,contextual_overmapped_review,no_explicit_whitelisted_series_name_in_page_text,,2,272 | 273,2024-UNICREDIT GROUP-Annual-Reports-and-Accounts.pdf,pdf_explicit_series_citation,pdf_page_backfill,"the extension of our reporting perimeter. Indeed, in converging our reporting process to the CSRD requirements, we aligned the perimeter of our sustainability statement to that of our financial statement. Moreover, further categories have been included in our Scope 3 own emissions accounting. Scope 1 includes emissions arising from sources owned or controll…","the extension of our reporting perimeter. Indeed, in converging our reporting process to the CSRD requirements, we aligned the perimeter of our sustainability statement to that of our financial statement. Moreover, further categories have been included in our Scope 3 own emissions accounting. Scope 1 includes emissions arising from sources owned or controll…",Review only: keep out of accepted standard-company conclusions until page-level evidence explicitly names the series.,仅供复核：页级证据明确命名具体系列前，不进入已采信标准-企业结论。
r317_tokyoelectricpower,317,TOKYO ELECTRIC POWER,东京电力公司,I,"Information Transmission, Software and Information Technology Services",电力、热力、燃气及水生产和供应业,ghg_corporate_standard,GHG Protocol Corporate Accounting and Reporting Standard,GHG Protocol 企业核算与报告标准,Standard,标准,Corporate inventory accounting standard,企业组织层面清单核算标准,"Relevance, completeness, consistency, transparency, and accuracy.",相关性、完整性、一致性、透明性和准确性。,"Within GHG Protocol evidence, this may define Scope 1 and Scope 2 corporate inventory boundaries.",仅在 GHG Protocol 证据下使用 Scope 1/2 的组织层面清单口径。,contextual_overmapped_review,no_explicit_whitelisted_series_name_in_page_text,,2,102,TOKYO ELECTRIC POWER TP2024_en_web_print.pdf,seed_batch_07,medium,emissions factor for power transmission and distribution operators. *17 Indirect greenhouse gas emissions from business Approach to calculation We follow major guidelines have been published: “Corporate Value Chain (Scope 3) Accounting and,emissions factor for power transmission and distribution operators. *17 Indirect greenhouse gas emissions from business Approach to calculation We follow maj...,Review only: keep out of accepted standard-company conclusions until page-level evidence explicitly names the series.,仅供复核：页级证据明确命名具体系列前，不进入已采信标准-企业结论。
r317_tokyoelectricpower,317,TOKYO ELECTRIC POWER,东京电力公司,I,"Information Transmission, Software and Information Technology Services",电力、热力、燃气及水生产和供应业,ghg_scope2_guidance,GHG Protocol Scope 2 Guidance,GHG Protocol Scope 2 指南,Guidance,指南,Purchased electricity and energy method guidance,外购电力与能源口径指南,Location-based and market-based Scope 2 reporting are separated when cited.,原文显式引用时区分位置法与市场法 Scope 2 披露。,Scope 2 market-based and location-based language is treated as GHG-specific.,Scope 2 市场法/位置法术语只在 GHG Protocol 语境下使用。,contextual_overmapped_review,no_explicit_whitelisted_series_name_in_page_text,,2,102,TOKYO ELECTRIC POWER TP2024_en_web_print.pdf,seed_batch_07,medium,emissions factor for power transmission and distribution operators. *17 Indirect greenhouse gas emissions from business Approach to calculation We follow major guidelines have been published: “Corporate Value Chain (Scope 3) Accounting and,emissions factor for power transmission and distribution operators. *17 Indirect greenhouse gas emissions from business Approach to calculation We follow maj...,Review only: keep out of accepted standard-company conclusions until page-level evidence explicitly names the series.,仅供复核：页级证据明确命名具体系列前，不进入已采信标准-企业结论。
r317_tokyoelectricpower,317,TOKYO ELECTRIC POWER,东京电力公司,I,"Information Transmission, Software and Information Technology Services",电力、热力、燃气及水生产和供应业,ghg_scope3_calculation_guidance,GHG Protocol Scope 3 Calculation Guidance,GHG Protocol Scope 3 计算指南,Guidance,指南,Scope 3 inventory calculation guidance,Scope 3 清单计算指南,Companion calculation guidance for completing Scope 3 inventories.,配套计算指南，用于完成 Scope 3 清单。,Scope 3 categories are GHG-specific and only shown when the source uses that wording.,Scope 3 类别是 GHG 特有口径，仅在原文如此使用时展示。,contextual_overmapped_review,no_explicit_whitelisted_series_name_in_page_text,,2,102,TOKYO ELECTRIC POWER TP2024_en_web_print.pdf,seed_batch_07,medium,emissions factor for power transmission and distribution operators. *17 Indirect greenhouse gas emissions from business Approach to calculation We follow major guidelines have been published: “Corporate Value Chain (Scope 3) Accounting and,emissions factor for power transmission and distribution operators. *17 Indirect greenhouse gas emissions from business Approach to calculation We follow maj...,Review only: keep out of accepted standard-company conclusions until page-level evidence explicitly names the series.,仅供复核：页级证据明确命名具体系列前，不进入已采信标准-企业结论。
r319_worldkinect公司,319,World Kinect,World Kinect,D,"Electricity, Heat, Gas and Water Production and Supply",电力、热力、燃气及水生产和供应业,ghg_corporate_standard,GHG Protocol Corporate Accounting and Reporting Standard,GHG Protocol 企业核算与报告标准,Standard,标准,Corporate inventory accounting standard,企业组织层面清单核算标准,"Relevance, completeness, consistency, transparency, and accuracy.",相关性、完整性、一致性、透明性和准确性。,"Within GHG Protocol evidence, this may define Scope 1 and Scope 2 corporate inventory boundaries.",仅在 GHG Protocol 证据下使用 Scope 1/2 的组织层面清单口径。,contextual_scope_inventory_mapping,no_explicit_whitelisted_series_name_in_page_text,,3,27,WORLD KINECT——Sustainability_Report_Published_2022.pdf,seed_batch_07,medium,sed on our total scope 1 and scope 2 GHG emissions across all of our businesses worldwide and calculated our carbon emissions in accordance with the World Resources Institute and World Business Council for Sustainable Development Greenhouse,sed on our total scope 1 and scope 2 GHG emissions across all of our businesses worldwide and calculated our carbon emissions in accordance with the World Re...,Review only: keep out of accepted standard-company conclusions until page-level evidence explicitly names the series.,仅供复核：页级证据明确命名具体系列前，不进入已采信标准-企业结论。
r319_worldkinect公司,319,World Kinect,World Kinect,D,"Electricity, Heat, Gas and Water Production and Supply",电力、热力、燃气及水生产和供应业,ghg_scope2_guidance,GHG Protocol Scope 2 Guidance,GHG Protocol Scope 2 指南,Guidance,指南,Purchased electricity and energy method guidance,外购电力与能源口径指南,Location-based and market-based Scope 2 reporting are separated when cited.,原文显式引用时区分位置法与市场法 Scope 2 披露。,Scope 2 market-based and location-based language is treated as GHG-specific.,Scope 2 市场法/位置法术语只在 GHG Protocol 语境下使用。,contextual_scope_inventory_mapping,no_explicit_whitelisted_series_name_in_page_text,,3,27,WORLD KINECT——Sustainability_Report_Published_2022.pdf,seed_batch_07,medium,sed on our total scope 1 and scope 2 GHG emissions across all of our businesses worldwide and calculated our carbon emissions in accordance with the World Resources Institute and World Business Council for Sustainable Development Greenhouse,sed on our total scope 1 and scope 2 GHG emissions across all of our businesses worldwide and calculated our carbon emissions in accordance with the World Re...,Review only: keep out of accepted standard-company conclusions until page-level evidence explicitly names the series.,仅供复核：页级证据明确命名具体系列前，不进入已采信标准-企业结论。
r319_worldkinect公司,319,World Kinect,World Kinect,D,"Electricity, Heat, Gas and Water Production and Supply",电力、热力、燃气及水生产和供应业,ghg_scope3_calculation_guidance,GHG Protocol Scope 3 Calculation Guidance,GHG Protocol Scope 3 计算指南,Guidance,指南,Scope 3 inventory calculation guidance,Scope 3 清单计算指南,Companion calculation guidance for completing Scope 3 inventories.,配套计算指南，用于完成 Scope 3 清单。,Scope 3 categories are GHG-specific and only shown when the source uses that wording.,Scope 3 类别是 GHG 特有口径，仅在原文如此使用时展示。,contextual_scope_inventory_mapping,no_explicit_whitelisted_series_name_in_page_text,,1,27,WORLD KINECT——Sustainability_Report_Published_2022.pdf,pdf_contextual_scope_inventory_mapping,pdf_page_backfill,Structured standard tag: GHG Protocol; Standard role: Accounting standard sed on our total scope 1 and scope 2 GHG emissions across all of our businesses worldwide and calculated our carbon emissions in accordance with the World Resources Institute and World Business Council for Sustainable Development Greenhouse WORLD KINECT——Sustainability_Report_Publishe…,Structured standard tag: GHG Protocol; Standard role: Accounting standard sed on our total scope 1 and scope 2 GHG emissions across all of our businesses worldwide and calculated our carbon emissions in accordance with the World Resources Institute and World Business Council for Sustainable Development Greenhouse WORLD KINECT——Sustainability_Report_Publishe…,Review only: keep out of accepted standard-company conclusions until page-level evidence explicitly names the series.,仅供复核：页级证据明确命名具体系列前，不进入已采信标准-企业结论。
r324_americaninternationalgroup,324,AMERICAN INTERNATIONAL GROUP,美国国际集团,J,Finance,金融业,ghg_corporate_standard,GHG Protocol Corporate Accounting and Reporting Standard,GHG Protocol 企业核算与报告标准,Standard,标准,Corporate inventory accounting standard,企业组织层面清单核算标准,"Relevance, completeness, consistency, transparency, and accuracy.",相关性、完整性、一致性、透明性和准确性。,"Within GHG Protocol evidence, this may define Scope 1 and Scope 2 corporate inventory boundaries.",仅在 GHG Protocol 证据下使用 Scope 1/2 的组织层面清单口径。,contextual_scope_inventory_mapping,no_explicit_whitelisted_series_name_in_page_text,,2,33,AMERICAN INTERNATIONAL GROUP-aig-sustainability-report-2024.pdf,seed_batch_08,medium,"024, we saw a reduction in travel of 26% from prior year. Operational GHG emissions We measure our scope 1, scope 2 and eight categories of scope 3 GHG emissions based on operational control by considering the internationally recognized met","024, we saw a reduction in travel of 26% from prior year. Operational GHG emissions We measure our scope 1, scope 2 and eight categories of scope 3 GHG emiss...",Review only: keep out of accepted standard-company conclusions until page-level evidence explicitly names the series.,仅供复核：页级证据明确命名具体系列前，不进入已采信标准-企业结论。
r324_americaninternationalgroup,324,AMERICAN INTERNATIONAL GROUP,美国国际集团,J,Finance,金融业,ghg_scope2_guidance,GHG Protocol Scope 2 Guidance,GHG Protocol Scope 2 指南,Guidance,指南,Purchased electricity and energy method guidance,外购电力与能源口径指南,Location-based and market-based Scope 2 reporting are separated when cited.,原文显式引用时区分位置法与市场法 Scope 2 披露。,Scope 2 market-based and location-based language is treated as GHG-specific.,Scope 2 市场法/位置法术语只在 GHG Protocol 语境下使用。,contextual_scope_inventory_mapping,no_explicit_whitelisted_series_name_in_page_text,,2,33,AMERICAN INTERNATIONAL GROUP-aig-sustainability-report-2024.pdf,seed_batch_08,medium,"024, we saw a reduction in travel of 26% from prior year. Operational GHG emissions We measure our scope 1, scope 2 and eight categories of scope 3 GHG emissions based on operational control by considering the internationally recognized met","024, we saw a reduction in travel of 26% from prior year. Operational GHG emissions We measure our scope 1, scope 2 and eight categories of scope 3 GHG emiss...",Review only: keep out of accepted standard-company conclusions until page-level evidence explicitly names the series.,仅供复核：页级证据明确命名具体系列前，不进入已采信标准-企业结论。
r327_talanx公司,327,Talanx,Talanx,J,Finance,金融业,ghg_corporate_standard,GHG Protocol Corporate Accounting and Reporting Standard,GHG Protocol 企业核算与报告标准,Standard,标准,Corporate inventory accounting standard,企业组织层面清单核算标准,"Relevance, completeness, consistency, transparency, and accuracy.",相关性、完整性、一致性、透明性和准确性。,"Within GHG Protocol evidence, this may define Scope 1 and Scope 2 corporate inventory boundaries.",仅在 GHG Protocol 证据下使用 Scope 1/2 的组织层面清单口径。,contextual_scope_inventory_mapping,no_explicit_whitelisted_series_name_in_page_text,,2,32,Talanx_Nachhaltigkeitsbericht_2023_en.pdf,seed_batch_08,medium,"Group. Scope 1 and Scope 2 greenhouse gas emissions, and Scope 3 emissions from the business travel, fuel- and energy-­related activities, paper and water consumption categories, are measured and reported in line with the reporting threshol","Group. Scope 1 and Scope 2 greenhouse gas emissions, and Scope 3 emissions from the business travel, fuel- and energy-­related activities, paper and water co...",Review only: keep out of accepted standard-company conclusions until page-level evidence explicitly names the series.,仅供复核：页级证据明确命名具体系列前，不进入已采信标准-企业结论。
r327_talanx公司,327,Talanx,Talanx,J,Finance,金融业,ghg_scope2_guidance,GHG Protocol Scope 2 Guidance,GHG Protocol Scope 2 指南,Guidance,指南,Purchased electricity and energy method guidance,外购电力与能源口径指南,Location-based and market-based Scope 2 reporting are separated when cited.,原文显式引用时区分位置法与市场法 Scope 2 披露。,Scope 2 market-based and location-based language is treated as GHG-specific.,Scope 2 市场法/位置法术语只在 GHG Protocol 语境下使用。,contextual_scope_inventory_mapping,no_explicit_whitelisted_series_name_in_page_text,,2,32,Talanx_Nachhaltigkeitsbericht_2023_en.pdf,seed_batch_08,medium,"Group. Scope 1 and Scope 2 greenhouse gas emissions, and Scope 3 emissions from the business travel, fuel- and energy-­related activities, paper and water consumption categories, are measured and reported in line with the reporting threshol","Group. Scope 1 and Scope 2 greenhouse gas emissions, and Scope 3 emissions from the business travel, fuel- and energy-­related activities, paper and water co...",Review only: keep out of accepted standard-company conclusions until page-level evidence explicitly names the series.,仅供复核：页级证据明确命名具体系列前，不进入已采信标准-企业结论。
r327_talanx公司,327,Talanx,Talanx,J,Finance,金融业,ghg_scope3_standard,GHG Protocol Corporate Value Chain (Scope 3) Accounting and Reporting Standard,GHG Protocol 企业价值链（Scope 3）核算与报告标准,Standard,标准,Value-chain emissions accounting standard,价值链排放核算标准,Scope 3 categories are GHG Protocol-specific category language.,Scope 3 类别是 GHG Protocol 特有的类别口径。,Scope 3 and Scope 3 category names are only used for GHG Protocol evidence.,Scope 3 及十五类类别口径只在 GHG Protocol 证据下使用。,contextual_scope_inventory_mapping,no_explicit_whitelisted_series_name_in_page_text,,2,32,Talanx_Nachhaltigkeitsbericht_2023_en.pdf,seed_batch_08,medium,"Group. Scope 1 and Scope 2 greenhouse gas emissions, and Scope 3 emissions from the business travel, fuel- and energy-­related activities, paper and water consumption categories, are measured and reported in line with the reporting threshol","Group. Scope 1 and Scope 2 greenhouse gas emissions, and Scope 3 emissions from the business travel, fuel- and energy-­related activities, paper and water co...",Review only: keep out of accepted standard-company conclusions until page-level evidence explicitly names the series.,仅供复核：页级证据明确命名具体系列前，不进入已采信标准-企业结论。
r329_astrazeneca,329,ASTRAZENECA,阿斯利康,C,Manufacturing,制造业,ghg_scope3_calculation_guidance,GHG Protocol Scope 3 Calculation Guidance,GHG Protocol Scope 3 计算指南,Guidance,指南,Scope 3 inventory calculation guidance,Scope 3 清单计算指南,Companion calculation guidance for completing Scope 3 inventories.,配套计算指南，用于完成 Scope 3 清单。,Scope 3 categories are GHG-specific and only shown when the source uses that wording.,Scope 3 类别是 GHG 特有口径，仅在原文如此使用时展示。,contextual_overmapped_review,no_explicit_whitelisted_series_name_in_page_text,,3,128,AstraZeneca_AR_2024.pdf,seed_batch_08,medium,"s the importance of eliminating GHG emissions from our Scope 1 and Scope 2 operations through 2026. Reductions are measured against our 2015 baseline, and calculated in line with the World Resources Institute/World Business Council for Sust","s the importance of eliminating GHG emissions from our Scope 1 and Scope 2 operations through 2026. Reductions are measured against our 2015 baseline, and ca...",Review only: keep out of accepted standard-company conclusions until page-level evidence explicitly names the series.,仅供复核：页级证据明确命名具体系列前，不进入已采信标准-企业结论。
r335_chs公司,335,CHS,CHS,C,Manufacturing,制造业,ghg_corporate_standard,GHG Protocol Corporate Accounting and Reporting Standard,GHG Protocol 企业核算与报告标准,Standard,标准,Corporate inventory accounting standard,企业组织层面清单核算标准,"Relevance, completeness, consistency, transparency, and accuracy.",相关性、完整性、一致性、透明性和准确性。,"Within GHG Protocol evidence, this may define Scope 1 and Scope 2 corporate inventory boundaries.",仅在 GHG Protocol 证据下使用 Scope 1/2 的组织层面清单口径。,contextual_scope_inventory_mapping,no_explicit_whitelisted_series_name_in_page_text,,3,13,CHS Sustainability Report2024.pdf,seed_batch_08,medium,"ed an independent third-party firm to help complete our Scope 1 and 2 baseline inventory, an important milestone that will help identify and unlock additional opportunities for innovation and efficiency. Scope 1 and Scope 2 emissions were c","ed an independent third-party firm to help complete our Scope 1 and 2 baseline inventory, an important milestone that will help identify and unlock additiona...",Review only: keep out of accepted standard-company conclusions until page-level evidence explicitly names the series.,仅供复核：页级证据明确命名具体系列前，不进入已采信标准-企业结论。
r335_chs公司,335,CHS,CHS,C,Manufacturing,制造业,ghg_scope2_guidance,GHG Protocol Scope 2 Guidance,GHG Protocol Scope 2 指南,Guidance,指南,Purchased electricity and energy method guidance,外购电力与能源口径指南,Location-based and market-based Scope 2 reporting are separated when cited.,原文显式引用时区分位置法与市场法 Scope 2 披露。,Scope 2 market-based and location-based language is treated as GHG-specific.,Scope 2 市场法/位置法术语只在 GHG Protocol 语境下使用。,contextual_scope_inventory_mapping,no_explicit_whitelisted_series_name_in_page_text,,2,13,CHS Sustainability Report2024.pdf,seed_batch_08,medium,"ed an independent third-party firm to help complete our Scope 1 and 2 baseline inventory, an important milestone that will help identify and unlock additional opportunities for innovation and efficiency. Scope 1 and Scope 2 emissions were c","ed an independent third-party firm to help complete our Scope 1 and 2 baseline inventory, an important milestone that will help identify and unlock additiona...",Review only: keep out of accepted standard-company conclusions until page-level evidence explicitly names the series.,仅供复核：页级证据明确命名具体系列前，不进入已采信标准-企业结论。
r335_chs公司,335,CHS,CHS,C,Manufacturing,制造业,ghg_scope3_standard,GHG Protocol Corporate Value Chain (Scope 3) Accounting and Reporting Standard,GHG Protocol 企业价值链（Scope 3）核算与报告标准,Standard,标准,Value-chain emissions accounting standard,价值链排放核算标准,Scope 3 categories are GHG Protocol-specific category language.,Scope 3 类别是 GHG Protocol 特有的类别口径。,Scope 3 and Scope 3 category names are only used for GHG Protocol evidence.,Scope 3 及十五类类别口径只在 GHG Protocol 证据下使用。,contextual_scope_inventory_mapping,no_explicit_whitelisted_series_name_in_page_text,,1,13,CHS Sustainability Report2024.pdf,pdf_contextual_scope_inventory_mapping,pdf_page_backfill,"Structured standard tag: GHG Protocol; Standard role: Accounting standard ed an independent third-party firm to help complete our Scope 1 and 2 baseline inventory, an important milestone that will help identify and unlock additional opportunities for innovation and efficiency. Scope 1 and Scope 2 emissions were c CHS Sustainability Report2024.pdf 12 CLIMATE…","Structured standard tag: GHG Protocol; Standard role: Accounting standard ed an independent third-party firm to help complete our Scope 1 and 2 baseline inventory, an important milestone that will help identify and unlock additional opportunities for innovation and efficiency. Scope 1 and Scope 2 emissions were c CHS Sustainability Report2024.pdf 12 CLIMATE…",Review only: keep out of accepted standard-company conclusions until page-level evidence explicitly names the series.,仅供复核：页级证据明确命名具体系列前，不进入已采信标准-企业结论。
r339_hyundaimobis,339,HYUNDAI MOBIS,现代摩比斯公司,C,Manufacturing,制造业,ghg_scope2_guidance,GHG Protocol Scope 2 Guidance,GHG Protocol Scope 2 指南,Guidance,指南,Purchased electricity and energy method guidance,外购电力与能源口径指南,Location-based and market-based Scope 2 reporting are separated when cited.,原文显式引用时区分位置法与市场法 Scope 2 披露。,Scope 2 market-based and location-based language is treated as GHG-specific.,Scope 2 市场法/位置法术语只在 GHG Protocol 语境下使用。,contextual_overmapped_review,no_explicit_whitelisted_series_name_in_page_text,,1,46,HYUNDAI MOBIS sustainability report 2025.pdf,pdf_contextual_scope_inventory_mapping,pdf_page_backfill,Structured standard tag: GHG Protocol; Standard role: Accounting standard s GHG emissions by Scope 3 category to ensure systemic GHG emissions management across the entire value chain. We quantify and disclose category-specific emissions in accordance with the Corporate Value Chain (Scope 3) Accounting and Report HYUNDAI MOBIS sustainability report 2025.pdf…,Structured standard tag: GHG Protocol; Standard role: Accounting standard s GHG emissions by Scope 3 category to ensure systemic GHG emissions management across the entire value chain. We quantify and disclose category-specific emissions in accordance with the Corporate Value Chain (Scope 3) Accounting and Report HYUNDAI MOBIS sustainability report 2025.pdf…,Review only: keep out of accepted standard-company conclusions until page-level evidence explicitly names the series.,仅供复核：页级证据明确命名具体系列前，不进入已采信标准-企业结论。
r339_hyundaimobis,339,HYUNDAI MOBIS,现代摩比斯公司,C,Manufacturing,制造业,ghg_scope3_calculation_guidance,GHG Protocol Scope 3 Calculation Guidance,GHG Protocol Scope 3 计算指南,Guidance,指南,Scope 3 inventory calculation guidance,Scope 3 清单计算指南,Companion calculation guidance for completing Scope 3 inventories.,配套计算指南，用于完成 Scope 3 清单。,Scope 3 categories are GHG-specific and only shown when the source uses that wording.,Scope 3 类别是 GHG 特有口径，仅在原文如此使用时展示。,contextual_overmapped_review,no_explicit_whitelisted_series_name_in_page_text,,1,46,HYUNDAI MOBIS sustainability report 2025.pdf,pdf_contextual_scope_inventory_mapping,pdf_page_backfill,Structured standard tag: GHG Protocol; Standard role: Accounting standard s GHG emissions by Scope 3 category to ensure systemic GHG emissions management across the entire value chain. We quantify and disclose category-specific emissions in accordance with the Corporate Value Chain (Scope 3) Accounting and Report HYUNDAI MOBIS sustainability report 2025.pdf…,Structured standard tag: GHG Protocol; Standard role: Accounting standard s GHG emissions by Scope 3 category to ensure systemic GHG emissions management across the entire value chain. We quantify and disclose category-specific emissions in accordance with the Corporate Value Chain (Scope 3) Accounting and Report HYUNDAI MOBIS sustainability report 2025.pdf…,Review only: keep out of accepted standard-company conclusions until page-level evidence explicitly names the series.,仅供复核：页级证据明确命名具体系列前，不进入已采信标准-企业结论。
r342_bristolmyerssquibb,342,BRISTOL-MYERS SQUIBB,百时美施贵宝公司,C,Manufacturing,制造业,ghg_scope2_guidance,GHG Protocol Scope 2 Guidance,GHG Protocol Scope 2 指南,Guidance,指南,Purchased electricity and energy method guidance,外购电力与能源口径指南,Location-based and market-based Scope 2 reporting are separated when cited.,原文显式引用时区分位置法与市场法 Scope 2 披露。,Scope 2 market-based and location-based language is treated as GHG-specific.,Scope 2 市场法/位置法术语只在 GHG Protocol 语境下使用。,contextual_scope_inventory_mapping,no_explicit_whitelisted_series_name_in_page_text,,1,80,BRISTOL-MYERS SQUIBB BMS-Building-a-Better-Future-Report-2024.pdf,pdf_contextual_scope_inventory_mapping,pdf_page_backfill,Structured standard tag: GHG Protocol; Standard role: Accounting standard Evaluation of the reported data against Bristol Myers Squibbs’ internal reporting procedures; and • Evaluation of the GHG emissions data against the requirements of the World Resources Institute (WRI)/World Business Council for Sustainable BRISTOL-MYERS SQUIBB BMS-Building-a-Better-Fu…,Structured standard tag: GHG Protocol; Standard role: Accounting standard Evaluation of the reported data against Bristol Myers Squibbs’ internal reporting procedures; and • Evaluation of the GHG emissions data against the requirements of the World Resources Institute (WRI)/World Business Council for Sustainable BRISTOL-MYERS SQUIBB BMS-Building-a-Better-Fu…,Review only: keep out of accepted standard-company conclusions until page-level evidence explicitly names the series.,仅供复核：页级证据明确命名具体系列前，不进入已采信标准-企业结论。
r342_bristolmyerssquibb,342,BRISTOL-MYERS SQUIBB,百时美施贵宝公司,C,Manufacturing,制造业,ghg_scope3_calculation_guidance,GHG Protocol Scope 3 Calculation Guidance,GHG Protocol Scope 3 计算指南,Guidance,指南,Scope 3 inventory calculation guidance,Scope 3 清单计算指南,Companion calculation guidance for completing Scope 3 inventories.,配套计算指南，用于完成 Scope 3 清单。,Scope 3 categories are GHG-specific and only shown when the source uses that wording.,Scope 3 类别是 GHG 特有口径，仅在原文如此使用时展示。,contextual_scope_inventory_mapping,no_explicit_whitelisted_series_name_in_page_text,,1,80,BRISTOL-MYERS SQUIBB BMS-Building-a-Better-Future-Report-2024.pdf,pdf_contextual_scope_inventory_mapping,pdf_page_backfill,Structured standard tag: GHG Protocol; Standard role: Accounting standard Evaluation of the reported data against Bristol Myers Squibbs’ internal reporting procedures; and • Evaluation of the GHG emissions data against the requirements of the World Resources Institute (WRI)/World Business Council for Sustainable BRISTOL-MYERS SQUIBB BMS-Building-a-Better-Fu…,Structured standard tag: GHG Protocol; Standard role: Accounting standard Evaluation of the reported data against Bristol Myers Squibbs’ internal reporting procedures; and • Evaluation of the GHG emissions data against the requirements of the World Resources Institute (WRI)/World Business Council for Sustainable BRISTOL-MYERS SQUIBB BMS-Building-a-Better-Fu…,Review only: keep out of accepted standard-company conclusions until page-level evidence explicitly names the series.,仅供复核：页级证据明确命名具体系列前，不进入已采信标准-企业结论。
r342_bristolmyerssquibb,342,BRISTOL-MYERS SQUIBB,百时美施贵宝公司,C,Manufacturing,制造业,ghg_scope3_standard,GHG Protocol Corporate Value Chain (Scope 3) Accounting and Reporting Standard,GHG Protocol 企业价值链（Scope 3）核算与报告标准,Standard,标准,Value-chain emissions accounting standard,价值链排放核算标准,Scope 3 categories are GHG Protocol-specific category language.,Scope 3 类别是 GHG Protocol 特有的类别口径。,Scope 3 and Scope 3 category names are only used for GHG Protocol evidence.,Scope 3 及十五类类别口径只在 GHG Protocol 证据下使用。,contextual_overmapped_review,no_explicit_whitelisted_series_name_in_page_text,,1,80,BRISTOL-MYERS SQUIBB BMS-Building-a-Better-Future-Report-2024.pdf,pdf_explicit_series_citation,pdf_page_backfill,"s (Scope 1) associated with manufacturing and R&D facilities, global sales vehicle fleet, distribution centers, and offices • Indirect GHG emissions (Scope 2) associated with manufacturing and R&D facilities, distribution centers, and offices • GHG emissions (Scope 3) associated with: o Purchased Goods and Services (Market-based) o Capital Goods o Fuel and …","s (Scope 1) associated with manufacturing and R&D facilities, global sales vehicle fleet, distribution centers, and offices • Indirect GHG emissions (Scope 2) associated with manufacturing and R&D facilities, distribution centers, and offices • GHG emissions (Scope 3) associated with: o Purchased Goods and Services (Market-based) o Capital Goods o Fuel and …",Review only: keep out of accepted standard-company conclusions until page-level evidence explicitly names the series.,仅供复核：页级证据明确命名具体系列前，不进入已采信标准-企业结论。
r344_continental,344,CONTINENTAL,德国大陆集团,C,Manufacturing,制造业,ghg_scope2_guidance,GHG Protocol Scope 2 Guidance,GHG Protocol Scope 2 指南,Guidance,指南,Purchased electricity and energy method guidance,外购电力与能源口径指南,Location-based and market-based Scope 2 reporting are separated when cited.,原文显式引用时区分位置法与市场法 Scope 2 披露。,Scope 2 market-based and location-based language is treated as GHG-specific.,Scope 2 市场法/位置法术语只在 GHG Protocol 语境下使用。,contextual_overmapped_review,no_explicit_whitelisted_series_name_in_page_text,,3,133,CONTINENTAL annual-report-2024.pdf,seed_batch_08,medium,"proach and local management systems, the standards ISO 14001 (Environmental management systems) and ISO 50001 (Energy management systems) are applied. The calculation and reporting of GHG emissions are carried out in ac- cordance with the s","proach and local management systems, the standards ISO 14001 (Environmental management systems) and ISO 50001 (Energy management systems) are applied. The ca...",Review only: keep out of accepted standard-company conclusions until page-level evidence explicitly names the series.,仅供复核：页级证据明确命名具体系列前，不进入已采信标准-企业结论。
r344_continental,344,CONTINENTAL,德国大陆集团,C,Manufacturing,制造业,ghg_scope3_calculation_guidance,GHG Protocol Scope 3 Calculation Guidance,GHG Protocol Scope 3 计算指南,Guidance,指南,Scope 3 inventory calculation guidance,Scope 3 清单计算指南,Companion calculation guidance for completing Scope 3 inventories.,配套计算指南，用于完成 Scope 3 清单。,Scope 3 categories are GHG-specific and only shown when the source uses that wording.,Scope 3 类别是 GHG 特有口径，仅在原文如此使用时展示。,contextual_overmapped_review,no_explicit_whitelisted_series_name_in_page_text,,3,133,CONTINENTAL annual-report-2024.pdf,seed_batch_08,medium,"proach and local management systems, the standards ISO 14001 (Environmental management systems) and ISO 50001 (Energy management systems) are applied. The calculation and reporting of GHG emissions are carried out in ac- cordance with the s","proach and local management systems, the standards ISO 14001 (Environmental management systems) and ISO 50001 (Energy management systems) are applied. The ca...",Review only: keep out of accepted standard-company conclusions until page-level evidence explicitly names the series.,仅供复核：页级证据明确命名具体系列前，不进入已采信标准-企业结论。
r345_raízen公司,345,Raízen,Raízen,D,"Electricity, Heat, Gas and Water Production and Supply",电力、热力、燃气及水生产和供应业,ghg_corporate_standard,GHG Protocol Corporate Accounting and Reporting Standard,GHG Protocol 企业核算与报告标准,Standard,标准,Corporate inventory accounting standard,企业组织层面清单核算标准,"Relevance, completeness, consistency, transparency, and accuracy.",相关性、完整性、一致性、透明性和准确性。,"Within GHG Protocol evidence, this may define Scope 1 and Scope 2 corporate inventory boundaries.",仅在 GHG Protocol 证据下使用 Scope 1/2 的组织层面清单口径。,contextual_scope_inventory_mapping,no_explicit_whitelisted_series_name_in_page_text,,3,32,item-1338-raizen-rs24-25-en-d11.pdf,seed_batch_12,medium,"In line with the transition to a low-carbon economy, we use the GHG Protocol framework to quanti- fy and manage greenhouse gas emissions from our operations, and work to reduce them through greater efficiency and innovation. We also evaluat","In line with the transition to a low-carbon economy, we use the GHG Protocol framework to quanti- fy and manage greenhouse gas emissions from our operations,...",Review only: keep out of accepted standard-company conclusions until page-level evidence explicitly names the series.,仅供复核：页级证据明确命名具体系列前，不进入已采信标准-企业结论。
r345_raízen公司,345,Raízen,Raízen,D,"Electricity, Heat, Gas and Water Production and Supply",电力、热力、燃气及水生产和供应业,ghg_product_standard,GHG Protocol Product Life Cycle Accounting and Reporting Standard,GHG Protocol 产品生命周期核算与报告标准,Standard,标准,Product life-cycle accounting standard,产品生命周期核算标准,Product-level life-cycle boundary; not a corporate Scope 1/2/3 total by itself.,产品层生命周期边界，本身不等同于企业 Scope 1/2/3 总量。,Use product life-cycle wording unless the source also cites corporate Scope accounting.,除非原文同时引用组织层 Scope 核算，否则使用产品生命周期口径。,contextual_scope_inventory_mapping,no_explicit_whitelisted_series_name_in_page_text,,3,32,item-1338-raizen-rs24-25-en-d11.pdf,seed_batch_12,medium,"In line with the transition to a low-carbon economy, we use the GHG Protocol framework to quanti- fy and manage greenhouse gas emissions from our operations, and work to reduce them through greater efficiency and innovation. We also evaluat","In line with the transition to a low-carbon economy, we use the GHG Protocol framework to quanti- fy and manage greenhouse gas emissions from our operations,...",Review only: keep out of accepted standard-company conclusions until page-level evidence explicitly names the series.,仅供复核：页级证据明确命名具体系列前，不进入已采信标准-企业结论。
r345_raízen公司,345,Raízen,Raízen,D,"Electricity, Heat, Gas and Water Production and Supply",电力、热力、燃气及水生产和供应业,ghg_scope2_guidance,GHG Protocol Scope 2 Guidance,GHG Protocol Scope 2 指南,Guidance,指南,Purchased electricity and energy method guidance,外购电力与能源口径指南,Location-based and market-based Scope 2 reporting are separated when cited.,原文显式引用时区分位置法与市场法 Scope 2 披露。,Scope 2 market-based and location-based language is treated as GHG-specific.,Scope 2 市场法/位置法术语只在 GHG Protocol 语境下使用。,contextual_scope_inventory_mapping,no_explicit_whitelisted_series_name_in_page_text,,2,32,item-1338-raizen-rs24-25-en-d11.pdf,seed_batch_12,medium,"In line with the transition to a low-carbon economy, we use the GHG Protocol framework to quanti- fy and manage greenhouse gas emissions from our operations, and work to reduce them through greater efficiency and innovation. We also evaluat","In line with the transition to a low-carbon economy, we use the GHG Protocol framework to quanti- fy and manage greenhouse gas emissions from our operations,...",Review only: keep out of accepted standard-company conclusions until page-level evidence explicitly names the series.,仅供复核：页级证据明确命名具体系列前，不进入已采信标准-企业结论。
r345_raízen公司,345,Raízen,Raízen,D,"Electricity, Heat, Gas and Water Production and Supply",电力、热力、燃气及水生产和供应业,ghg_scope3_standard,GHG Protocol Corporate Value Chain (Scope 3) Accounting and Reporting Standard,GHG Protocol 企业价值链（Scope 3）核算与报告标准,Standard,标准,Value-chain emissions accounting standard,价值链排放核算标准,Scope 3 categories are GHG Protocol-specific category language.,Scope 3 类别是 GHG Protocol 特有的类别口径。,Scope 3 and Scope 3 category names are only used for GHG Protocol evidence.,Scope 3 及十五类类别口径只在 GHG Protocol 证据下使用。,contextual_scope_inventory_mapping,no_explicit_whitelisted_series_name_in_page_text,,3,32,item-1338-raizen-rs24-25-en-d11.pdf,seed_batch_12,medium,"In line with the transition to a low-carbon economy, we use the GHG Protocol framework to quanti- fy and manage greenhouse gas emissions from our operations, and work to reduce them through greater efficiency and innovation. We also evaluat","In line with the transition to a low-carbon economy, we use the GHG Protocol framework to quanti- fy and manage greenhouse gas emissions from our operations,...",Review only: keep out of accepted standard-company conclusions until page-level evidence explicitly names the series.,仅供复核：页级证据明确命名具体系列前，不进入已采信标准-企业结论。
r346_dow,346,DOW,陶氏公司,C,Manufacturing,制造业,ghg_scope3_calculation_guidance,GHG Protocol Scope 3 Calculation Guidance,GHG Protocol Scope 3 计算指南,Guidance,指南,Scope 3 inventory calculation guidance,Scope 3 清单计算指南,Companion calculation guidance for completing Scope 3 inventories.,配套计算指南，用于完成 Scope 3 清单。,Scope 3 categories are GHG-specific and only shown when the source uses that wording.,Scope 3 类别是 GHG 特有口径，仅在原文如此使用时展示。,contextual_scope_inventory_mapping,no_explicit_whitelisted_series_name_in_page_text,,1,2,DOW-2024-progress-report.pdf,pdf_contextual_scope_inventory_mapping,pdf_page_backfill,Structured standard tag: GHG Protocol; Standard role: Accounting standard ING ACCOUNTABILITY AND BEST-IN-CLASS PERFORMANCE Corporate Governance 28 Accountability in Action Through Corporate Governance Reporting & Disclosures 30 GRI Disclosure Report 114 GRI Assurance Statement 115 Greenhouse Gas (GHG) Protocol Di DOW-2024-progress-report.pdf 2024 PROGRESS R…,Structured standard tag: GHG Protocol; Standard role: Accounting standard ING ACCOUNTABILITY AND BEST-IN-CLASS PERFORMANCE Corporate Governance 28 Accountability in Action Through Corporate Governance Reporting & Disclosures 30 GRI Disclosure Report 114 GRI Assurance Statement 115 Greenhouse Gas (GHG) Protocol Di DOW-2024-progress-report.pdf 2024 PROGRESS R…,Review only: keep out of accepted standard-company conclusions until page-level evidence explicitly names the series.,仅供复核：页级证据明确命名具体系列前，不进入已采信标准-企业结论。
r349_fomentoeconómicomexicano公司,349,Fomento Económico Mexicano,Fomento Económico Mexicano,C,Manufacturing,制造业,ghg_corporate_standard,GHG Protocol Corporate Accounting and Reporting Standard,GHG Protocol 企业核算与报告标准,Standard,标准,Corporate inventory accounting standard,企业组织层面清单核算标准,"Relevance, completeness, consistency, transparency, and accuracy.",相关性、完整性、一致性、透明性和准确性。,"Within GHG Protocol evidence, this may define Scope 1 and Scope 2 corporate inventory boundaries.",仅在 GHG Protocol 证据下使用 Scope 1/2 的组织层面清单口径。,contextual_scope_inventory_mapping,no_explicit_whitelisted_series_name_in_page_text,,3,132,FEMSA_2024_Annual_Report.pdf,seed_batch_12,medium,"3 emissions data for 2024 is still being calculated, given the complexity of the calculation due to our Business Units' different sectors, countries of operation, and the interaction of various multidisciplinary teams. We follow the average","3 emissions data for 2024 is still being calculated, given the complexity of the calculation due to our Business Units' different sectors, countries of opera...",Review only: keep out of accepted standard-company conclusions until page-level evidence explicitly names the series.,仅供复核：页级证据明确命名具体系列前，不进入已采信标准-企业结论。
r349_fomentoeconómicomexicano公司,349,Fomento Económico Mexicano,Fomento Económico Mexicano,C,Manufacturing,制造业,ghg_scope2_guidance,GHG Protocol Scope 2 Guidance,GHG Protocol Scope 2 指南,Guidance,指南,Purchased electricity and energy method guidance,外购电力与能源口径指南,Location-based and market-based Scope 2 reporting are separated when cited.,原文显式引用时区分位置法与市场法 Scope 2 披露。,Scope 2 market-based and location-based language is treated as GHG-specific.,Scope 2 市场法/位置法术语只在 GHG Protocol 语境下使用。,contextual_scope_inventory_mapping,no_explicit_whitelisted_series_name_in_page_text,,3,132,FEMSA_2024_Annual_Report.pdf,seed_batch_12,medium,"3 emissions data for 2024 is still being calculated, given the complexity of the calculation due to our Business Units' different sectors, countries of operation, and the interaction of various multidisciplinary teams. We follow the average","3 emissions data for 2024 is still being calculated, given the complexity of the calculation due to our Business Units' different sectors, countries of opera...",Review only: keep out of accepted standard-company conclusions until page-level evidence explicitly names the series.,仅供复核：页级证据明确命名具体系列前，不进入已采信标准-企业结论。
r349_fomentoeconómicomexicano公司,349,Fomento Económico Mexicano,Fomento Económico Mexicano,C,Manufacturing,制造业,ghg_scope3_calculation_guidance,GHG Protocol Scope 3 Calculation Guidance,GHG Protocol Scope 3 计算指南,Guidance,指南,Scope 3 inventory calculation guidance,Scope 3 清单计算指南,Companion calculation guidance for completing Scope 3 inventories.,配套计算指南，用于完成 Scope 3 清单。,Scope 3 categories are GHG-specific and only shown when the source uses that wording.,Scope 3 类别是 GHG 特有口径，仅在原文如此使用时展示。,contextual_scope_inventory_mapping,no_explicit_whitelisted_series_name_in_page_text,,3,132,FEMSA_2024_Annual_Report.pdf,seed_batch_12,medium,"3 emissions data for 2024 is still being calculated, given the complexity of the calculation due to our Business Units' different sectors, countries of operation, and the interaction of various multidisciplinary teams. We follow the average","3 emissions data for 2024 is still being calculated, given the complexity of the calculation due to our Business Units' different sectors, countries of opera...",Review only: keep out of accepted standard-company conclusions until page-level evidence explicitly names the series.,仅供复核：页级证据明确命名具体系列前，不进入已采信标准-企业结论。
r349_fomentoeconómicomexicano公司,349,Fomento Económico Mexicano,Fomento Económico Mexicano,C,Manufacturing,制造业,ghg_scope3_standard,GHG Protocol Corporate Value Chain (Scope 3) Accounting and Reporting Standard,GHG Protocol 企业价值链（Scope 3）核算与报告标准,Standard,标准,Value-chain emissions accounting standard,价值链排放核算标准,Scope 3 categories are GHG Protocol-specific category language.,Scope 3 类别是 GHG Protocol 特有的类别口径。,Scope 3 and Scope 3 category names are only used for GHG Protocol evidence.,Scope 3 及十五类类别口径只在 GHG Protocol 证据下使用。,contextual_scope_inventory_mapping,no_explicit_whitelisted_series_name_in_page_text,,1,132,FEMSA_2024_Annual_Report.pdf,pdf_contextual_scope_inventory_mapping,pdf_page_backfill,"Structured standard tag: GHG Protocol; Standard role: Accounting standard 3 emissions data for 2024 is still being calculated, given the complexity of the calculation due to our Business Units' different sectors, countries of operation, and the interaction of various multidisciplinary teams. We follow the average FEMSA_2024_Annual_Report.pdf 130 FEMSA 2024 …","Structured standard tag: GHG Protocol; Standard role: Accounting standard 3 emissions data for 2024 is still being calculated, given the complexity of the calculation due to our Business Units' different sectors, countries of operation, and the interaction of various multidisciplinary teams. We follow the average FEMSA_2024_Annual_Report.pdf 130 FEMSA 2024 …",Review only: keep out of accepted standard-company conclusions until page-level evidence explicitly names the series.,仅供复核：页级证据明确命名具体系列前，不进入已采信标准-企业结论。
r350_telefónica,350,TELEFÓNICA,西班牙电话公司,I,"Information Transmission, Software and Information Technology Services",信息传输、软件和信息技术服务业,ghg_scope2_guidance,GHG Protocol Scope 2 Guidance,GHG Protocol Scope 2 指南,Guidance,指南,Purchased electricity and energy method guidance,外购电力与能源口径指南,Location-based and market-based Scope 2 reporting are separated when cited.,原文显式引用时区分位置法与市场法 Scope 2 披露。,Scope 2 market-based and location-based language is treated as GHG-specific.,Scope 2 市场法/位置法术语只在 GHG Protocol 语境下使用。,contextual_scope_inventory_mapping,no_explicit_whitelisted_series_name_in_page_text,,2,63,2024TELEFÓNICA consolidated-management-report.pdf,seed_batch_08,medium,"y unit. For electricity, the emission factors included in the IEA Emission Factors (2024) report of the International Energy Agency and local official sources (ministries of energy or environment) of each country are used. For fuels, emissi","y unit. For electricity, the emission factors included in the IEA Emission Factors (2024) report of the International Energy Agency and local official source...",Review only: keep out of accepted standard-company conclusions until page-level evidence explicitly names the series.,仅供复核：页级证据明确命名具体系列前，不进入已采信标准-企业结论。
r350_telefónica,350,TELEFÓNICA,西班牙电话公司,I,"Information Transmission, Software and Information Technology Services",信息传输、软件和信息技术服务业,ghg_scope3_calculation_guidance,GHG Protocol Scope 3 Calculation Guidance,GHG Protocol Scope 3 计算指南,Guidance,指南,Scope 3 inventory calculation guidance,Scope 3 清单计算指南,Companion calculation guidance for completing Scope 3 inventories.,配套计算指南，用于完成 Scope 3 清单。,Scope 3 categories are GHG-specific and only shown when the source uses that wording.,Scope 3 类别是 GHG 特有口径，仅在原文如此使用时展示。,contextual_scope_inventory_mapping,no_explicit_whitelisted_series_name_in_page_text,,2,63,2024TELEFÓNICA consolidated-management-report.pdf,seed_batch_08,medium,"y unit. For electricity, the emission factors included in the IEA Emission Factors (2024) report of the International Energy Agency and local official sources (ministries of energy or environment) of each country are used. For fuels, emissi","y unit. For electricity, the emission factors included in the IEA Emission Factors (2024) report of the International Energy Agency and local official source...",Review only: keep out of accepted standard-company conclusions until page-level evidence explicitly names the series.,仅供复核：页级证据明确命名具体系列前，不进入已采信标准-企业结论。
r352_bestbuy,352,BEST BUY,百思买,F,Wholesale and Retail Trade,批发和零售业,ghg_corporate_standard,GHG Protocol Corporate Accounting and Reporting Standard,GHG Protocol 企业核算与报告标准,Standard,标准,Corporate inventory accounting standard,企业组织层面清单核算标准,"Relevance, completeness, consistency, transparency, and accuracy.",相关性、完整性、一致性、透明性和准确性。,"Within GHG Protocol evidence, this may define Scope 1 and Scope 2 corporate inventory boundaries.",仅在 GHG Protocol 证据下使用 Scope 1/2 的组织层面清单口径。,contextual_scope_inventory_mapping,no_explicit_whitelisted_series_name_in_page_text,,3,55,BestBuy-CRS-Report-2025.pdf,seed_batch_08,medium,"RBA Online Academy to build awareness and knowledge on climate change, GHG emission accounting and goal setting. We also developed a GHG emission data calculation tool that is based on methodology from the International Panel on Climate Cha","RBA Online Academy to build awareness and knowledge on climate change, GHG emission accounting and goal setting. We also developed a GHG emission data calcul...",Review only: keep out of accepted standard-company conclusions until page-level evidence explicitly names the series.,仅供复核：页级证据明确命名具体系列前，不进入已采信标准-企业结论。
r352_bestbuy,352,BEST BUY,百思买,F,Wholesale and Retail Trade,批发和零售业,ghg_scope2_guidance,GHG Protocol Scope 2 Guidance,GHG Protocol Scope 2 指南,Guidance,指南,Purchased electricity and energy method guidance,外购电力与能源口径指南,Location-based and market-based Scope 2 reporting are separated when cited.,原文显式引用时区分位置法与市场法 Scope 2 披露。,Scope 2 market-based and location-based language is treated as GHG-specific.,Scope 2 市场法/位置法术语只在 GHG Protocol 语境下使用。,contextual_scope_inventory_mapping,no_explicit_whitelisted_series_name_in_page_text,,2,55,BestBuy-CRS-Report-2025.pdf,seed_batch_08,medium,"RBA Online Academy to build awareness and knowledge on climate change, GHG emission accounting and goal setting. We also developed a GHG emission data calculation tool that is based on methodology from the International Panel on Climate Cha","RBA Online Academy to build awareness and knowledge on climate change, GHG emission accounting and goal setting. We also developed a GHG emission data calcul...",Review only: keep out of accepted standard-company conclusions until page-level evidence explicitly names the series.,仅供复核：页级证据明确命名具体系列前，不进入已采信标准-企业结论。
r352_bestbuy,352,BEST BUY,百思买,F,Wholesale and Retail Trade,批发和零售业,ghg_scope3_calculation_guidance,GHG Protocol Scope 3 Calculation Guidance,GHG Protocol Scope 3 计算指南,Guidance,指南,Scope 3 inventory calculation guidance,Scope 3 清单计算指南,Companion calculation guidance for completing Scope 3 inventories.,配套计算指南，用于完成 Scope 3 清单。,Scope 3 categories are GHG-specific and only shown when the source uses that wording.,Scope 3 类别是 GHG 特有口径，仅在原文如此使用时展示。,contextual_scope_inventory_mapping,no_explicit_whitelisted_series_name_in_page_text,,3,55,BestBuy-CRS-Report-2025.pdf,seed_batch_08,medium,"RBA Online Academy to build awareness and knowledge on climate change, GHG emission accounting and goal setting. We also developed a GHG emission data calculation tool that is based on methodology from the International Panel on Climate Cha","RBA Online Academy to build awareness and knowledge on climate change, GHG emission accounting and goal setting. We also developed a GHG emission data calcul...",Review only: keep out of accepted standard-company conclusions until page-level evidence explicitly names the series.,仅供复核：页级证据明确命名具体系列前，不进入已采信标准-企业结论。
r352_bestbuy,352,BEST BUY,百思买,F,Wholesale and Retail Trade,批发和零售业,ghg_scope3_standard,GHG Protocol Corporate Value Chain (Scope 3) Accounting and Reporting Standard,GHG Protocol 企业价值链（Scope 3）核算与报告标准,Standard,标准,Value-chain emissions accounting standard,价值链排放核算标准,Scope 3 categories are GHG Protocol-specific category language.,Scope 3 类别是 GHG Protocol 特有的类别口径。,Scope 3 and Scope 3 category names are only used for GHG Protocol evidence.,Scope 3 及十五类类别口径只在 GHG Protocol 证据下使用。,contextual_scope_inventory_mapping,no_explicit_whitelisted_series_name_in_page_text,,3,55,BestBuy-CRS-Report-2025.pdf,seed_batch_08,medium,"RBA Online Academy to build awareness and knowledge on climate change, GHG emission accounting and goal setting. We also developed a GHG emission data calculation tool that is based on methodology from the International Panel on Climate Cha","RBA Online Academy to build awareness and knowledge on climate change, GHG emission accounting and goal setting. We also developed a GHG emission data calcul...",Review only: keep out of accepted standard-company conclusions until page-level evidence explicitly names the series.,仅供复核：页级证据明确命名具体系列前，不进入已采信标准-企业结论。
r353_woolworthsgroup,353,WOOLWORTHS GROUP,伍尔沃斯集团,F,Wholesale and Retail Trade,批发和零售业,ghg_corporate_standard,GHG Protocol Corporate Accounting and Reporting Standard,GHG Protocol 企业核算与报告标准,Standard,标准,Corporate inventory accounting standard,企业组织层面清单核算标准,"Relevance, completeness, consistency, transparency, and accuracy.",相关性、完整性、一致性、透明性和准确性。,"Within GHG Protocol evidence, this may define Scope 1 and Scope 2 corporate inventory boundaries.",仅在 GHG Protocol 证据下使用 Scope 1/2 的组织层面清单口径。,contextual_scope_inventory_mapping,no_explicit_whitelisted_series_name_in_page_text,,1,22,2025_WOOLWORTHS GROUP_Sustainability_Report_Interactive_SPREADS.pdf,pdf_contextual_scope_inventory_mapping,pdf_page_backfill,"Structured standard tag: GHG Protocol; Standard role: Accounting standard ntial shifts in policy and behaviour, means there’s a wide range of possible scenarios and outcomes. Therefore, should the information available in relation to these issues change over time, the Group may review and adjust its targets. 1 In 2025_WOOLWORTHS GROUP_Sustainability_Report_…","Structured standard tag: GHG Protocol; Standard role: Accounting standard ntial shifts in policy and behaviour, means there’s a wide range of possible scenarios and outcomes. Therefore, should the information available in relation to these issues change over time, the Group may review and adjust its targets. 1 In 2025_WOOLWORTHS GROUP_Sustainability_Report_…",Review only: keep out of accepted standard-company conclusions until page-level evidence explicitly names the series.,仅供复核：页级证据明确命名具体系列前，不进入已采信标准-企业结论。
r353_woolworthsgroup,353,WOOLWORTHS GROUP,伍尔沃斯集团,F,Wholesale and Retail Trade,批发和零售业,ghg_scope2_guidance,GHG Protocol Scope 2 Guidance,GHG Protocol Scope 2 指南,Guidance,指南,Purchased electricity and energy method guidance,外购电力与能源口径指南,Location-based and market-based Scope 2 reporting are separated when cited.,原文显式引用时区分位置法与市场法 Scope 2 披露。,Scope 2 market-based and location-based language is treated as GHG-specific.,Scope 2 市场法/位置法术语只在 GHG Protocol 语境下使用。,contextual_scope_inventory_mapping,no_explicit_whitelisted_series_name_in_page_text,,1,22,2025_WOOLWORTHS GROUP_Sustainability_Report_Interactive_SPREADS.pdf,pdf_contextual_scope_inventory_mapping,pdf_page_backfill,"Structured standard tag: GHG Protocol; Standard role: Accounting standard ntial shifts in policy and behaviour, means there’s a wide range of possible scenarios and outcomes. Therefore, should the information available in relation to these issues change over time, the Group may review and adjust its targets. 1 In 2025_WOOLWORTHS GROUP_Sustainability_Report_…","Structured standard tag: GHG Protocol; Standard role: Accounting standard ntial shifts in policy and behaviour, means there’s a wide range of possible scenarios and outcomes. Therefore, should the information available in relation to these issues change over time, the Group may review and adjust its targets. 1 In 2025_WOOLWORTHS GROUP_Sustainability_Report_…",Review only: keep out of accepted standard-company conclusions until page-level evidence explicitly names the series.,仅供复核：页级证据明确命名具体系列前，不进入已采信标准-企业结论。
r353_woolworthsgroup,353,WOOLWORTHS GROUP,伍尔沃斯集团,F,Wholesale and Retail Trade,批发和零售业,ghg_scope3_calculation_guidance,GHG Protocol Scope 3 Calculation Guidance,GHG Protocol Scope 3 计算指南,Guidance,指南,Scope 3 inventory calculation guidance,Scope 3 清单计算指南,Companion calculation guidance for completing Scope 3 inventories.,配套计算指南，用于完成 Scope 3 清单。,Scope 3 categories are GHG-specific and only shown when the source uses that wording.,Scope 3 类别是 GHG 特有口径，仅在原文如此使用时展示。,contextual_scope_inventory_mapping,no_explicit_whitelisted_series_name_in_page_text,,1,22,2025_WOOLWORTHS GROUP_Sustainability_Report_Interactive_SPREADS.pdf,pdf_contextual_scope_inventory_mapping,pdf_page_backfill,"Structured standard tag: GHG Protocol; Standard role: Accounting standard ntial shifts in policy and behaviour, means there’s a wide range of possible scenarios and outcomes. Therefore, should the information available in relation to these issues change over time, the Group may review and adjust its targets. 1 In 2025_WOOLWORTHS GROUP_Sustainability_Report_…","Structured standard tag: GHG Protocol; Standard role: Accounting standard ntial shifts in policy and behaviour, means there’s a wide range of possible scenarios and outcomes. Therefore, should the information available in relation to these issues change over time, the Group may review and adjust its targets. 1 In 2025_WOOLWORTHS GROUP_Sustainability_Report_…",Review only: keep out of accepted standard-company conclusions until page-level evidence explicitly names the series.,仅供复核：页级证据明确命名具体系列前，不进入已采信标准-企业结论。
r353_woolworthsgroup,353,WOOLWORTHS GROUP,伍尔沃斯集团,F,Wholesale and Retail Trade,批发和零售业,ghg_scope3_standard,GHG Protocol Corporate Value Chain (Scope 3) Accounting and Reporting Standard,GHG Protocol 企业价值链（Scope 3）核算与报告标准,Standard,标准,Value-chain emissions accounting standard,价值链排放核算标准,Scope 3 categories are GHG Protocol-specific category language.,Scope 3 类别是 GHG Protocol 特有的类别口径。,Scope 3 and Scope 3 category names are only used for GHG Protocol evidence.,Scope 3 及十五类类别口径只在 GHG Protocol 证据下使用。,contextual_scope_inventory_mapping,no_explicit_whitelisted_series_name_in_page_text,,1,22,2025_WOOLWORTHS GROUP_Sustainability_Report_Interactive_SPREADS.pdf,pdf_contextual_scope_inventory_mapping,pdf_page_backfill,"Structured standard tag: GHG Protocol; Standard role: Accounting standard ntial shifts in policy and behaviour, means there’s a wide range of possible scenarios and outcomes. Therefore, should the information available in relation to these issues change over time, the Group may review and adjust its targets. 1 In 2025_WOOLWORTHS GROUP_Sustainability_Report_…","Structured standard tag: GHG Protocol; Standard role: Accounting standard ntial shifts in policy and behaviour, means there’s a wide range of possible scenarios and outcomes. Therefore, should the information available in relation to these issues change over time, the Group may review and adjust its targets. 1 In 2025_WOOLWORTHS GROUP_Sustainability_Report_…",Review only: keep out of accepted standard-company conclusions until page-level evidence explicitly names the series.,仅供复核：页级证据明确命名具体系列前，不进入已采信标准-企业结论。
r356_thermofisherscientific,356,THERMO FISHER SCIENTIFIC,赛默飞世尔科技公司,C,Manufacturing,制造业,ghg_corporate_standard,GHG Protocol Corporate Accounting and Reporting Standard,GHG Protocol 企业核算与报告标准,Standard,标准,Corporate inventory accounting standard,企业组织层面清单核算标准,"Relevance, completeness, consistency, transparency, and accuracy.",相关性、完整性、一致性、透明性和准确性。,"Within GHG Protocol evidence, this may define Scope 1 and Scope 2 corporate inventory boundaries.",仅在 GHG Protocol 证据下使用 Scope 1/2 的组织层面清单口径。,contextual_scope_inventory_mapping,no_explicit_whitelisted_series_name_in_page_text,,2,65,2023-THERMO FISHER SCIENTIFIC-CSR-Report.pdf,seed_batch_08,medium,may be subject to revision due to data source restatements and updates to methodology. There may be differences in baseline and subsequent reporting year values due to changes in the business that require baseline adjustments conducted in a,may be subject to revision due to data source restatements and updates to methodology. There may be differences in baseline and subsequent reporting year val...,Review only: keep out of accepted standard-company conclusions until page-level evidence explicitly names the series.,仅供复核：页级证据明确命名具体系列前，不进入已采信标准-企业结论。
r356_thermofisherscientific,356,THERMO FISHER SCIENTIFIC,赛默飞世尔科技公司,C,Manufacturing,制造业,ghg_scope2_guidance,GHG Protocol Scope 2 Guidance,GHG Protocol Scope 2 指南,Guidance,指南,Purchased electricity and energy method guidance,外购电力与能源口径指南,Location-based and market-based Scope 2 reporting are separated when cited.,原文显式引用时区分位置法与市场法 Scope 2 披露。,Scope 2 market-based and location-based language is treated as GHG-specific.,Scope 2 市场法/位置法术语只在 GHG Protocol 语境下使用。,contextual_scope_inventory_mapping,no_explicit_whitelisted_series_name_in_page_text,,2,65,2023-THERMO FISHER SCIENTIFIC-CSR-Report.pdf,seed_batch_08,medium,may be subject to revision due to data source restatements and updates to methodology. There may be differences in baseline and subsequent reporting year values due to changes in the business that require baseline adjustments conducted in a,may be subject to revision due to data source restatements and updates to methodology. There may be differences in baseline and subsequent reporting year val...,Review only: keep out of accepted standard-company conclusions until page-level evidence explicitly names the series.,仅供复核：页级证据明确命名具体系列前，不进入已采信标准-企业结论。
r356_thermofisherscientific,356,THERMO FISHER SCIENTIFIC,赛默飞世尔科技公司,C,Manufacturing,制造业,ghg_scope3_calculation_guidance,GHG Protocol Scope 3 Calculation Guidance,GHG Protocol Scope 3 计算指南,Guidance,指南,Scope 3 inventory calculation guidance,Scope 3 清单计算指南,Companion calculation guidance for completing Scope 3 inventories.,配套计算指南，用于完成 Scope 3 清单。,Scope 3 categories are GHG-specific and only shown when the source uses that wording.,Scope 3 类别是 GHG 特有口径，仅在原文如此使用时展示。,contextual_scope_inventory_mapping,no_explicit_whitelisted_series_name_in_page_text,,2,65,2023-THERMO FISHER SCIENTIFIC-CSR-Report.pdf,seed_batch_08,medium,may be subject to revision due to data source restatements and updates to methodology. There may be differences in baseline and subsequent reporting year values due to changes in the business that require baseline adjustments conducted in a,may be subject to revision due to data source restatements and updates to methodology. There may be differences in baseline and subsequent reporting year val...,Review only: keep out of accepted standard-company conclusions until page-level evidence explicitly names the series.,仅供复核：页级证据明确命名具体系列前，不进入已采信标准-企业结论。
r356_thermofisherscientific,356,THERMO FISHER SCIENTIFIC,赛默飞世尔科技公司,C,Manufacturing,制造业,ghg_scope3_standard,GHG Protocol Corporate Value Chain (Scope 3) Accounting and Reporting Standard,GHG Protocol 企业价值链（Scope 3）核算与报告标准,Standard,标准,Value-chain emissions accounting standard,价值链排放核算标准,Scope 3 categories are GHG Protocol-specific category language.,Scope 3 类别是 GHG Protocol 特有的类别口径。,Scope 3 and Scope 3 category names are only used for GHG Protocol evidence.,Scope 3 及十五类类别口径只在 GHG Protocol 证据下使用。,contextual_scope_inventory_mapping,no_explicit_whitelisted_series_name_in_page_text,,2,65,2023-THERMO FISHER SCIENTIFIC-CSR-Report.pdf,seed_batch_08,medium,may be subject to revision due to data source restatements and updates to methodology. There may be differences in baseline and subsequent reporting year values due to changes in the business that require baseline adjustments conducted in a,may be subject to revision due to data source restatements and updates to methodology. There may be differences in baseline and subsequent reporting year val...,Review only: keep out of accepted standard-company conclusions until page-level evidence explicitly names the series.,仅供复核：页级证据明确命名具体系列前，不进入已采信标准-企业结论。
r357_magnainternational,357,MAGNA INTERNATIONAL,麦格纳国际,C,Manufacturing,制造业,ghg_scope2_guidance,GHG Protocol Scope 2 Guidance,GHG Protocol Scope 2 指南,Guidance,指南,Purchased electricity and energy method guidance,外购电力与能源口径指南,Location-based and market-based Scope 2 reporting are separated when cited.,原文显式引用时区分位置法与市场法 Scope 2 披露。,Scope 2 market-based and location-based language is treated as GHG-specific.,Scope 2 市场法/位置法术语只在 GHG Protocol 语境下使用。,contextual_scope_inventory_mapping,no_explicit_whitelisted_series_name_in_page_text,,3,99,101227_magna_sustainabilityreport_fy2024_final_cda.pdf,seed_batch_14,medium,"in determining whether we are becoming more effcient by normalizing emissions on a per dollar of sales, per employee and per square footage basis. The raw data for Scope 1 & 2 emissions, together with intensity metrics are set out below. Ma","in determining whether we are becoming more effcient by normalizing emissions on a per dollar of sales, per employee and per square footage basis. The raw da...",Review only: keep out of accepted standard-company conclusions until page-level evidence explicitly names the series.,仅供复核：页级证据明确命名具体系列前，不进入已采信标准-企业结论。
r357_magnainternational,357,MAGNA INTERNATIONAL,麦格纳国际,C,Manufacturing,制造业,ghg_scope3_calculation_guidance,GHG Protocol Scope 3 Calculation Guidance,GHG Protocol Scope 3 计算指南,Guidance,指南,Scope 3 inventory calculation guidance,Scope 3 清单计算指南,Companion calculation guidance for completing Scope 3 inventories.,配套计算指南，用于完成 Scope 3 清单。,Scope 3 categories are GHG-specific and only shown when the source uses that wording.,Scope 3 类别是 GHG 特有口径，仅在原文如此使用时展示。,contextual_scope_inventory_mapping,no_explicit_whitelisted_series_name_in_page_text,,1,99,101227_magna_sustainabilityreport_fy2024_final_cda.pdf,pdf_contextual_scope_inventory_mapping,pdf_page_backfill,"Structured standard tag: GHG Protocol; Standard role: Accounting standard in determining whether we are becoming more effcient by normalizing emissions on a per dollar of sales, per employee and per square footage basis. The raw data for Scope 1 & 2 emissions, together with intensity metrics are set out below. Ma 101227_magna_sustainabilityreport_fy2024_fin…","Structured standard tag: GHG Protocol; Standard role: Accounting standard in determining whether we are becoming more effcient by normalizing emissions on a per dollar of sales, per employee and per square footage basis. The raw data for Scope 1 & 2 emissions, together with intensity metrics are set out below. Ma 101227_magna_sustainabilityreport_fy2024_fin…",Review only: keep out of accepted standard-company conclusions until page-level evidence explicitly names the series.,仅供复核：页级证据明确命名具体系列前，不进入已采信标准-企业结论。
r359_massachusettsmutuallifeinsurance,359,MASSACHUSETTS MUTUAL LIFE INSURANCE,万通互惠理财公司,J,Finance,金融业,ghg_corporate_standard,GHG Protocol Corporate Accounting and Reporting Standard,GHG Protocol 企业核算与报告标准,Standard,标准,Corporate inventory accounting standard,企业组织层面清单核算标准,"Relevance, completeness, consistency, transparency, and accuracy.",相关性、完整性、一致性、透明性和准确性。,"Within GHG Protocol evidence, this may define Scope 1 and Scope 2 corporate inventory boundaries.",仅在 GHG Protocol 证据下使用 Scope 1/2 的组织层面清单口径。,contextual_scope_inventory_mapping,no_explicit_whitelisted_series_name_in_page_text,,2,18,2024-MASSACHUSETTS MUTUAL LIFE INSURANCE-sustainabilityreport.pdf,seed_batch_08,medium,cilities and vehicles to track our energy consumption and carbon footprint. This approach allows us to regularly assess our performance against our targets and make necessary adjustments to stay on course. We calculate our GHG emissions in,cilities and vehicles to track our energy consumption and carbon footprint. This approach allows us to regularly assess our performance against our targets a...,Review only: keep out of accepted standard-company conclusions until page-level evidence explicitly names the series.,仅供复核：页级证据明确命名具体系列前，不进入已采信标准-企业结论。
r365_travelers公司,365,Travelers,Travelers,J,Finance,金融业,ghg_scope2_guidance,GHG Protocol Scope 2 Guidance,GHG Protocol Scope 2 指南,Guidance,指南,Purchased electricity and energy method guidance,外购电力与能源口径指南,Location-based and market-based Scope 2 reporting are separated when cited.,原文显式引用时区分位置法与市场法 Scope 2 披露。,Scope 2 market-based and location-based language is treated as GHG-specific.,Scope 2 市场法/位置法术语只在 GHG Protocol 语境下使用。,contextual_scope_inventory_mapping,no_explicit_whitelisted_series_name_in_page_text,,3,77,Travelers_SustainabilityReport2024.pdf,seed_batch_08,medium,"iness travel only) emissions data for the most recent three years, which has been verified by an independent third party. In addition, we include data for 2011 since it serves as the base year for the company’s initial GHG emissions reducti","iness travel only) emissions data for the most recent three years, which has been verified by an independent third party. In addition, we include data for 20...",Review only: keep out of accepted standard-company conclusions until page-level evidence explicitly names the series.,仅供复核：页级证据明确命名具体系列前，不进入已采信标准-企业结论。
r366_warnerbrosdiscovery,366,WARNER BROS. DISCOVERY,华纳兄弟探索公司,R,"Culture, Sports and Entertainment",文化、体育和娱乐业,ghg_scope3_calculation_guidance,GHG Protocol Scope 3 Calculation Guidance,GHG Protocol Scope 3 计算指南,Guidance,指南,Scope 3 inventory calculation guidance,Scope 3 清单计算指南,Companion calculation guidance for completing Scope 3 inventories.,配套计算指南，用于完成 Scope 3 清单。,Scope 3 categories are GHG-specific and only shown when the source uses that wording.,Scope 3 类别是 GHG 特有口径，仅在原文如此使用时展示。,contextual_overmapped_review,no_explicit_whitelisted_series_name_in_page_text,,3,25,WARNER BROS. DISCOVERY_2024_impact_report.pdf,seed_batch_08,medium,"Total Scope 1, 2, and 3 Emissions (Market-Based) 1,362,921 2. The Scope 1 greenhouse gas (GHG) emissions inventory has been prepared using the guidance set forth in the World Resources Institute (WRI)/World Business Council for Sustainable","Total Scope 1, 2, and 3 Emissions (Market-Based) 1,362,921 2. The Scope 1 greenhouse gas (GHG) emissions inventory has been prepared using the guidance set f...",Review only: keep out of accepted standard-company conclusions until page-level evidence explicitly names the series.,仅供复核：页级证据明确命名具体系列前，不进入已采信标准-企业结论。
r366_warnerbrosdiscovery,366,WARNER BROS. DISCOVERY,华纳兄弟探索公司,R,"Culture, Sports and Entertainment",文化、体育和娱乐业,ghg_scope3_standard,GHG Protocol Corporate Value Chain (Scope 3) Accounting and Reporting Standard,GHG Protocol 企业价值链（Scope 3）核算与报告标准,Standard,标准,Value-chain emissions accounting standard,价值链排放核算标准,Scope 3 categories are GHG Protocol-specific category language.,Scope 3 类别是 GHG Protocol 特有的类别口径。,Scope 3 and Scope 3 category names are only used for GHG Protocol evidence.,Scope 3 及十五类类别口径只在 GHG Protocol 证据下使用。,contextual_overmapped_review,no_explicit_whitelisted_series_name_in_page_text,,3,25,WARNER BROS. DISCOVERY_2024_impact_report.pdf,seed_batch_08,medium,"Total Scope 1, 2, and 3 Emissions (Market-Based) 1,362,921 2. The Scope 1 greenhouse gas (GHG) emissions inventory has been prepared using the guidance set forth in the World Resources Institute (WRI)/World Business Council for Sustainable","Total Scope 1, 2, and 3 Emissions (Market-Based) 1,362,921 2. The Scope 1 greenhouse gas (GHG) emissions inventory has been prepared using the guidance set f...",Review only: keep out of accepted standard-company conclusions until page-level evidence explicitly names the series.,仅供复核：页级证据明确命名具体系列前，不进入已采信标准-企业结论。
r367_canadianimperialbankofcommerce,367,CANADIAN IMPERIAL BANK OF COMMERCE,加拿大帝国商业银行,J,Finance,金融业,ghg_land_sector_removals_standard,GHG Protocol Land Sector and Removals Standard,GHG Protocol 土地部门与碳移除标准,Standard,标准,Land emissions and removals accounting standard,土地排放与碳移除核算标准,"Quantify, report, and track land-sector emissions, CO2 removals, and related metrics.",量化、报告和跟踪土地部门排放、二氧化碳移除及相关指标。,Use land-sector/removals wording; do not translate removals into corporate Scope totals unless cited that way.,使用土地部门/移除口径；除非原文如此引用，不直接改写为企业 Scope 总量。,contextual_scope_inventory_mapping,no_explicit_whitelisted_series_name_in_page_text,,2,100,CANADIAN IMPERIAL BANK OF COMMERCE-sustainability-report-2024-en.pdf,seed_batch_08,medium,(1) 2024 purchased carbon removals relate to reforestation projects that adhere to the AB32 Compliance; Climate Action Reserve voluntary market standard. (2) All Scope 3 emissions are calculated and disclosed using the following reporting s,(1) 2024 purchased carbon removals relate to reforestation projects that adhere to the AB32 Compliance; Climate Action Reserve voluntary market standard. (2)...,Review only: keep out of accepted standard-company conclusions until page-level evidence explicitly names the series.,仅供复核：页级证据明确命名具体系列前，不进入已采信标准-企业结论。
r368_lyondellbasellindustries,368,LYONDELLBASELL INDUSTRIES,利安德巴塞尔工业公司,C,Manufacturing,制造业,ghg_corporate_standard,GHG Protocol Corporate Accounting and Reporting Standard,GHG Protocol 企业核算与报告标准,Standard,标准,Corporate inventory accounting standard,企业组织层面清单核算标准,"Relevance, completeness, consistency, transparency, and accuracy.",相关性、完整性、一致性、透明性和准确性。,"Within GHG Protocol evidence, this may define Scope 1 and Scope 2 corporate inventory boundaries.",仅在 GHG Protocol 证据下使用 Scope 1/2 的组织层面清单口径。,contextual_scope_inventory_mapping,no_explicit_whitelisted_series_name_in_page_text,,1,3,2024-LYONDELLBASELL INDUSTRIES-sustainability-report.pdf,pdf_contextual_scope_inventory_mapping,pdf_page_backfill,"Structured standard tag: GHG Protocol; Standard role: Accounting standard ed or operated manufacturing sites, pipelines, research or technical centers and large offices for 2024, unless stated otherwise. Assets that are acquired or divested will be accounted for in our base year greenhouse gas (GHG) emissions in 2024-LYONDELLBASELL INDUSTRIES-sustainability…","Structured standard tag: GHG Protocol; Standard role: Accounting standard ed or operated manufacturing sites, pipelines, research or technical centers and large offices for 2024, unless stated otherwise. Assets that are acquired or divested will be accounted for in our base year greenhouse gas (GHG) emissions in 2024-LYONDELLBASELL INDUSTRIES-sustainability…",Review only: keep out of accepted standard-company conclusions until page-level evidence explicitly names the series.,仅供复核：页级证据明确命名具体系列前，不进入已采信标准-企业结论。
r368_lyondellbasellindustries,368,LYONDELLBASELL INDUSTRIES,利安德巴塞尔工业公司,C,Manufacturing,制造业,ghg_product_standard,GHG Protocol Product Life Cycle Accounting and Reporting Standard,GHG Protocol 产品生命周期核算与报告标准,Standard,标准,Product life-cycle accounting standard,产品生命周期核算标准,Product-level life-cycle boundary; not a corporate Scope 1/2/3 total by itself.,产品层生命周期边界，本身不等同于企业 Scope 1/2/3 总量。,Use product life-cycle wording unless the source also cites corporate Scope accounting.,除非原文同时引用组织层 Scope 核算，否则使用产品生命周期口径。,contextual_scope_inventory_mapping,no_explicit_whitelisted_series_name_in_page_text,,1,3,2024-LYONDELLBASELL INDUSTRIES-sustainability-report.pdf,pdf_contextual_scope_inventory_mapping,pdf_page_backfill,"Structured standard tag: GHG Protocol; Standard role: Accounting standard ed or operated manufacturing sites, pipelines, research or technical centers and large offices for 2024, unless stated otherwise. Assets that are acquired or divested will be accounted for in our base year greenhouse gas (GHG) emissions in 2024-LYONDELLBASELL INDUSTRIES-sustainability…","Structured standard tag: GHG Protocol; Standard role: Accounting standard ed or operated manufacturing sites, pipelines, research or technical centers and large offices for 2024, unless stated otherwise. Assets that are acquired or divested will be accounted for in our base year greenhouse gas (GHG) emissions in 2024-LYONDELLBASELL INDUSTRIES-sustainability…",Review only: keep out of accepted standard-company conclusions until page-level evidence explicitly names the series.,仅供复核：页级证据明确命名具体系列前，不进入已采信标准-企业结论。
r368_lyondellbasellindustries,368,LYONDELLBASELL INDUSTRIES,利安德巴塞尔工业公司,C,Manufacturing,制造业,ghg_scope2_guidance,GHG Protocol Scope 2 Guidance,GHG Protocol Scope 2 指南,Guidance,指南,Purchased electricity and energy method guidance,外购电力与能源口径指南,Location-based and market-based Scope 2 reporting are separated when cited.,原文显式引用时区分位置法与市场法 Scope 2 披露。,Scope 2 market-based and location-based language is treated as GHG-specific.,Scope 2 市场法/位置法术语只在 GHG Protocol 语境下使用。,contextual_scope_inventory_mapping,no_explicit_whitelisted_series_name_in_page_text,,1,3,2024-LYONDELLBASELL INDUSTRIES-sustainability-report.pdf,pdf_contextual_scope_inventory_mapping,pdf_page_backfill,"Structured standard tag: GHG Protocol; Standard role: Accounting standard ed or operated manufacturing sites, pipelines, research or technical centers and large offices for 2024, unless stated otherwise. Assets that are acquired or divested will be accounted for in our base year greenhouse gas (GHG) emissions in 2024-LYONDELLBASELL INDUSTRIES-sustainability…","Structured standard tag: GHG Protocol; Standard role: Accounting standard ed or operated manufacturing sites, pipelines, research or technical centers and large offices for 2024, unless stated otherwise. Assets that are acquired or divested will be accounted for in our base year greenhouse gas (GHG) emissions in 2024-LYONDELLBASELL INDUSTRIES-sustainability…",Review only: keep out of accepted standard-company conclusions until page-level evidence explicitly names the series.,仅供复核：页级证据明确命名具体系列前，不进入已采信标准-企业结论。
r368_lyondellbasellindustries,368,LYONDELLBASELL INDUSTRIES,利安德巴塞尔工业公司,C,Manufacturing,制造业,ghg_scope3_standard,GHG Protocol Corporate Value Chain (Scope 3) Accounting and Reporting Standard,GHG Protocol 企业价值链（Scope 3）核算与报告标准,Standard,标准,Value-chain emissions accounting standard,价值链排放核算标准,Scope 3 categories are GHG Protocol-specific category language.,Scope 3 类别是 GHG Protocol 特有的类别口径。,Scope 3 and Scope 3 category names are only used for GHG Protocol evidence.,Scope 3 及十五类类别口径只在 GHG Protocol 证据下使用。,contextual_scope_inventory_mapping,no_explicit_whitelisted_series_name_in_page_text,,1,3,2024-LYONDELLBASELL INDUSTRIES-sustainability-report.pdf,pdf_contextual_scope_inventory_mapping,pdf_page_backfill,"Structured standard tag: GHG Protocol; Standard role: Accounting standard ed or operated manufacturing sites, pipelines, research or technical centers and large offices for 2024, unless stated otherwise. Assets that are acquired or divested will be accounted for in our base year greenhouse gas (GHG) emissions in 2024-LYONDELLBASELL INDUSTRIES-sustainability…","Structured standard tag: GHG Protocol; Standard role: Accounting standard ed or operated manufacturing sites, pipelines, research or technical centers and large offices for 2024, unless stated otherwise. Assets that are acquired or divested will be accounted for in our base year greenhouse gas (GHG) emissions in 2024-LYONDELLBASELL INDUSTRIES-sustainability…",Review only: keep out of accepted standard-company conclusions until page-level evidence explicitly names the series.,仅供复核：页级证据明确命名具体系列前，不进入已采信标准-企业结论。
r374_lufthansagroup,374,LUFTHANSA GROUP,汉莎集团,G,"Transport, Storage and Post",交通运输、仓储和邮政业,ghg_corporate_standard,GHG Protocol Corporate Accounting and Reporting Standard,GHG Protocol 企业核算与报告标准,Standard,标准,Corporate inventory accounting standard,企业组织层面清单核算标准,"Relevance, completeness, consistency, transparency, and accuracy.",相关性、完整性、一致性、透明性和准确性。,"Within GHG Protocol evidence, this may define Scope 1 and Scope 2 corporate inventory boundaries.",仅在 GHG Protocol 证据下使用 Scope 1/2 的组织层面清单口径。,contextual_scope_inventory_mapping,no_explicit_whitelisted_series_name_in_page_text,,3,148,LH-AR-2024-e.pdf,seed_batch_12,medium,"transition risk: Credit quality of exposures by sector, emissions and residual maturity Delegated Regulation (EU) 2020/1818, Article 5, Paragraph 1, Article 6 and Article 8, Paragraph 1 ↗ ESRS E1 Climate change – The carbon footprint in ­a","transition risk: Credit quality of exposures by sector, emissions and residual maturity Delegated Regulation (EU) 2020/1818, Article 5, Paragraph 1, Article ...",Review only: keep out of accepted standard-company conclusions until page-level evidence explicitly names the series.,仅供复核：页级证据明确命名具体系列前，不进入已采信标准-企业结论。
r374_lufthansagroup,374,LUFTHANSA GROUP,汉莎集团,G,"Transport, Storage and Post",交通运输、仓储和邮政业,ghg_scope2_guidance,GHG Protocol Scope 2 Guidance,GHG Protocol Scope 2 指南,Guidance,指南,Purchased electricity and energy method guidance,外购电力与能源口径指南,Location-based and market-based Scope 2 reporting are separated when cited.,原文显式引用时区分位置法与市场法 Scope 2 披露。,Scope 2 market-based and location-based language is treated as GHG-specific.,Scope 2 市场法/位置法术语只在 GHG Protocol 语境下使用。,contextual_scope_inventory_mapping,no_explicit_whitelisted_series_name_in_page_text,,2,148,LH-AR-2024-e.pdf,seed_batch_12,medium,"transition risk: Credit quality of exposures by sector, emissions and residual maturity Delegated Regulation (EU) 2020/1818, Article 5, Paragraph 1, Article 6 and Article 8, Paragraph 1 ↗ ESRS E1 Climate change – The carbon footprint in ­a","transition risk: Credit quality of exposures by sector, emissions and residual maturity Delegated Regulation (EU) 2020/1818, Article 5, Paragraph 1, Article ...",Review only: keep out of accepted standard-company conclusions until page-level evidence explicitly names the series.,仅供复核：页级证据明确命名具体系列前，不进入已采信标准-企业结论。
r374_lufthansagroup,374,LUFTHANSA GROUP,汉莎集团,G,"Transport, Storage and Post",交通运输、仓储和邮政业,ghg_scope3_standard,GHG Protocol Corporate Value Chain (Scope 3) Accounting and Reporting Standard,GHG Protocol 企业价值链（Scope 3）核算与报告标准,Standard,标准,Value-chain emissions accounting standard,价值链排放核算标准,Scope 3 categories are GHG Protocol-specific category language.,Scope 3 类别是 GHG Protocol 特有的类别口径。,Scope 3 and Scope 3 category names are only used for GHG Protocol evidence.,Scope 3 及十五类类别口径只在 GHG Protocol 证据下使用。,contextual_scope_inventory_mapping,no_explicit_whitelisted_series_name_in_page_text,,2,148,LH-AR-2024-e.pdf,seed_batch_12,medium,"transition risk: Credit quality of exposures by sector, emissions and residual maturity Delegated Regulation (EU) 2020/1818, Article 5, Paragraph 1, Article 6 and Article 8, Paragraph 1 ↗ ESRS E1 Climate change – The carbon footprint in ­a","transition risk: Credit quality of exposures by sector, emissions and residual maturity Delegated Regulation (EU) 2020/1818, Article 5, Paragraph 1, Article ...",Review only: keep out of accepted standard-company conclusions until page-level evidence explicitly names the series.,仅供复核：页级证据明确命名具体系列前，不进入已采信标准-企业结论。
r375_pegatron,375,PEGATRON,和硕,C,Manufacturing,制造业,ghg_corporate_standard,GHG Protocol Corporate Accounting and Reporting Standard,GHG Protocol 企业核算与报告标准,Standard,标准,Corporate inventory accounting standard,企业组织层面清单核算标准,"Relevance, completeness, consistency, transparency, and accuracy.",相关性、完整性、一致性、透明性和准确性。,"Within GHG Protocol evidence, this may define Scope 1 and Scope 2 corporate inventory boundaries.",仅在 GHG Protocol 证据下使用 Scope 1/2 的组织层面清单口径。,contextual_scope_inventory_mapping,no_explicit_whitelisted_series_name_in_page_text,,3,35,和硕年度报告2023.pdf,seed_batch_14,medium,"35 关於报告书 温室气体盘查 和硕集团之温室 oe Be a is 88 CEO 的话 查像依循GHG Protocol 指引、 FT Az RRRMRERSAENESR 排放像数法进行量化。 量平衡法。全球暖化湾势(GWP) AGRA A SE FR ISO 14064-1242 ALL Re Aa) A BD EF SZ 办法 , 执行，各类温室气体排放量之计算主要探用 若因特殊需求或其它考量, 则揉用其它合理计算方式如直接量浏法或质 比率引用自联合国政府问气候变化专门",35 关於报告书 温室气体盘查 和硕集团之温室 oe Be a is 88 CEO 的话 查像依循GHG Protocol 指引、 FT Az RRRMRERSAENESR 排放像数法进行量化。 量平衡法。全球暖化湾势(GWP) AGRA A SE FR ISO 14064-1242 ALL Re Aa) A B...,Review only: keep out of accepted standard-company conclusions until page-level evidence explicitly names the series.,仅供复核：页级证据明确命名具体系列前，不进入已采信标准-企业结论。
r375_pegatron,375,PEGATRON,和硕,C,Manufacturing,制造业,ghg_scope2_guidance,GHG Protocol Scope 2 Guidance,GHG Protocol Scope 2 指南,Guidance,指南,Purchased electricity and energy method guidance,外购电力与能源口径指南,Location-based and market-based Scope 2 reporting are separated when cited.,原文显式引用时区分位置法与市场法 Scope 2 披露。,Scope 2 market-based and location-based language is treated as GHG-specific.,Scope 2 市场法/位置法术语只在 GHG Protocol 语境下使用。,contextual_scope_inventory_mapping,no_explicit_whitelisted_series_name_in_page_text,,1,35,和硕年度报告2023.pdf,pdf_contextual_scope_inventory_mapping,pdf_page_backfill,"Structured standard tag: GHG Protocol; Standard role: Accounting standard 35 关於报告书 温室气体盘查 和硕集团之温室 oe Be a is 88 CEO 的话 查像依循GHG Protocol 指引、 FT Az RRRMRERSAENESR 排放像数法进行量化。 量平衡法。全球暖化湾势(GWP) AGRA A SE FR ISO 14064-1242 ALL Re Aa) A BD EF SZ 办法 , 执行，各类温室气体排放量之计算主要探用 若因特殊需求或其它考量, 则揉用其它合理计算方式如直接量浏法或质 比率引用自联合国政府问气候变化专门 和硕年度报告2023.pdf 能源管理 能源使用量 電力使用為和碩主要的溫室氣體排放來源…","Structured standard tag: GHG Protocol; Standard role: Accounting standard 35 关於报告书 温室气体盘查 和硕集团之温室 oe Be a is 88 CEO 的话 查像依循GHG Protocol 指引、 FT Az RRRMRERSAENESR 排放像数法进行量化。 量平衡法。全球暖化湾势(GWP) AGRA A SE FR ISO 14064-1242 ALL Re Aa) A BD EF SZ 办法 , 执行，各类温室气体排放量之计算主要探用 若因特殊需求或其它考量, 则揉用其它合理计算方式如直接量浏法或质 比率引用自联合国政府问气候变化专门 和硕年度报告2023.pdf 能源管理 能源使用量 電力使用為和碩主要的溫室氣體排放來源…",Review only: keep out of accepted standard-company conclusions until page-level evidence explicitly names the series.,仅供复核：页级证据明确命名具体系列前，不进入已采信标准-企业结论。
r375_pegatron,375,PEGATRON,和硕,C,Manufacturing,制造业,ghg_scope3_standard,GHG Protocol Corporate Value Chain (Scope 3) Accounting and Reporting Standard,GHG Protocol 企业价值链（Scope 3）核算与报告标准,Standard,标准,Value-chain emissions accounting standard,价值链排放核算标准,Scope 3 categories are GHG Protocol-specific category language.,Scope 3 类别是 GHG Protocol 特有的类别口径。,Scope 3 and Scope 3 category names are only used for GHG Protocol evidence.,Scope 3 及十五类类别口径只在 GHG Protocol 证据下使用。,contextual_scope_inventory_mapping,no_explicit_whitelisted_series_name_in_page_text,,1,35,和硕年度报告2023.pdf,pdf_contextual_scope_inventory_mapping,pdf_page_backfill,"Structured standard tag: GHG Protocol; Standard role: Accounting standard 35 关於报告书 温室气体盘查 和硕集团之温室 oe Be a is 88 CEO 的话 查像依循GHG Protocol 指引、 FT Az RRRMRERSAENESR 排放像数法进行量化。 量平衡法。全球暖化湾势(GWP) AGRA A SE FR ISO 14064-1242 ALL Re Aa) A BD EF SZ 办法 , 执行，各类温室气体排放量之计算主要探用 若因特殊需求或其它考量, 则揉用其它合理计算方式如直接量浏法或质 比率引用自联合国政府问气候变化专门 和硕年度报告2023.pdf 能源管理 能源使用量 電力使用為和碩主要的溫室氣體排放來源…","Structured standard tag: GHG Protocol; Standard role: Accounting standard 35 关於报告书 温室气体盘查 和硕集团之温室 oe Be a is 88 CEO 的话 查像依循GHG Protocol 指引、 FT Az RRRMRERSAENESR 排放像数法进行量化。 量平衡法。全球暖化湾势(GWP) AGRA A SE FR ISO 14064-1242 ALL Re Aa) A BD EF SZ 办法 , 执行，各类温室气体排放量之计算主要探用 若因特殊需求或其它考量, 则揉用其它合理计算方式如直接量浏法或质 比率引用自联合国政府问气候变化专门 和硕年度报告2023.pdf 能源管理 能源使用量 電力使用為和碩主要的溫室氣體排放來源…",Review only: keep out of accepted standard-company conclusions until page-level evidence explicitly names the series.,仅供复核：页级证据明确命名具体系列前，不进入已采信标准-企业结论。
r376_abbottlaboratories,376,ABBOTT LABORATORIES,雅培公司,C,Manufacturing,制造业,ghg_corporate_standard,GHG Protocol Corporate Accounting and Reporting Standard,GHG Protocol 企业核算与报告标准,Standard,标准,Corporate inventory accounting standard,企业组织层面清单核算标准,"Relevance, completeness, consistency, transparency, and accuracy.",相关性、完整性、一致性、透明性和准确性。,"Within GHG Protocol evidence, this may define Scope 1 and Scope 2 corporate inventory boundaries.",仅在 GHG Protocol 证据下使用 Scope 1/2 的组织层面清单口径。,contextual_scope_inventory_mapping,no_explicit_whitelisted_series_name_in_page_text,,3,30,Abbott-2024-Global-Sustainability-Report-June-2025.pdf,seed_batch_14,medium,"to projects • Business and manufacturing site-specific carbon reduction goals7 Actions to achieve our targets are driven by our energy policy, practices, and strategic plan. For more information, see Page 71. Scope 3 emissions are estimated","to projects • Business and manufacturing site-specific carbon reduction goals7 Actions to achieve our targets are driven by our energy policy, practices, and...",Review only: keep out of accepted standard-company conclusions until page-level evidence explicitly names the series.,仅供复核：页级证据明确命名具体系列前，不进入已采信标准-企业结论。
r376_abbottlaboratories,376,ABBOTT LABORATORIES,雅培公司,C,Manufacturing,制造业,ghg_scope2_guidance,GHG Protocol Scope 2 Guidance,GHG Protocol Scope 2 指南,Guidance,指南,Purchased electricity and energy method guidance,外购电力与能源口径指南,Location-based and market-based Scope 2 reporting are separated when cited.,原文显式引用时区分位置法与市场法 Scope 2 披露。,Scope 2 market-based and location-based language is treated as GHG-specific.,Scope 2 市场法/位置法术语只在 GHG Protocol 语境下使用。,contextual_scope_inventory_mapping,no_explicit_whitelisted_series_name_in_page_text,,2,30,Abbott-2024-Global-Sustainability-Report-June-2025.pdf,seed_batch_14,medium,"to projects • Business and manufacturing site-specific carbon reduction goals7 Actions to achieve our targets are driven by our energy policy, practices, and strategic plan. For more information, see Page 71. Scope 3 emissions are estimated","to projects • Business and manufacturing site-specific carbon reduction goals7 Actions to achieve our targets are driven by our energy policy, practices, and...",Review only: keep out of accepted standard-company conclusions until page-level evidence explicitly names the series.,仅供复核：页级证据明确命名具体系列前，不进入已采信标准-企业结论。
r386_inditex公司,386,Inditex,Inditex,F,Wholesale and Retail Trade,批发和零售业,ghg_corporate_standard,GHG Protocol Corporate Accounting and Reporting Standard,GHG Protocol 企业核算与报告标准,Standard,标准,Corporate inventory accounting standard,企业组织层面清单核算标准,"Relevance, completeness, consistency, transparency, and accuracy.",相关性、完整性、一致性、透明性和准确性。,"Within GHG Protocol evidence, this may define Scope 1 and Scope 2 corporate inventory boundaries.",仅在 GHG Protocol 证据下使用 Scope 1/2 的组织层面清单口径。,contextual_scope_inventory_mapping,no_explicit_whitelisted_series_name_in_page_text,,3,62,INDITEX Sustainability report2024.pdf,seed_batch_08,medium,"sources of GHG emissions, in both our own operations and the value chain, in accordance with the guidelines of the Intergovernmental Panel on Climate Change (IPCC – Guidelines for National Greenhouse Gas Inventories, 2006) and the World Res","sources of GHG emissions, in both our own operations and the value chain, in accordance with the guidelines of the Intergovernmental Panel on Climate Change ...",Review only: keep out of accepted standard-company conclusions until page-level evidence explicitly names the series.,仅供复核：页级证据明确命名具体系列前，不进入已采信标准-企业结论。
r386_inditex公司,386,Inditex,Inditex,F,Wholesale and Retail Trade,批发和零售业,ghg_scope3_calculation_guidance,GHG Protocol Scope 3 Calculation Guidance,GHG Protocol Scope 3 计算指南,Guidance,指南,Scope 3 inventory calculation guidance,Scope 3 清单计算指南,Companion calculation guidance for completing Scope 3 inventories.,配套计算指南，用于完成 Scope 3 清单。,Scope 3 categories are GHG-specific and only shown when the source uses that wording.,Scope 3 类别是 GHG 特有口径，仅在原文如此使用时展示。,contextual_scope_inventory_mapping,no_explicit_whitelisted_series_name_in_page_text,,1,62,INDITEX Sustainability report2024.pdf,pdf_contextual_scope_inventory_mapping,pdf_page_backfill,"Structured standard tag: GHG Protocol; Standard role: Accounting standard sources of GHG emissions, in both our own operations and the value chain, in accordance with the guidelines of the Intergovernmental Panel on Climate Change (IPCC – Guidelines for National Greenhouse Gas Inventories, 2006) and the World Res INDITEX Sustainability report2024.pdf Toward…","Structured standard tag: GHG Protocol; Standard role: Accounting standard sources of GHG emissions, in both our own operations and the value chain, in accordance with the guidelines of the Intergovernmental Panel on Climate Change (IPCC – Guidelines for National Greenhouse Gas Inventories, 2006) and the World Res INDITEX Sustainability report2024.pdf Toward…",Review only: keep out of accepted standard-company conclusions until page-level evidence explicitly names the series.,仅供复核：页级证据明确命名具体系列前，不进入已采信标准-企业结论。
r386_inditex公司,386,Inditex,Inditex,F,Wholesale and Retail Trade,批发和零售业,ghg_scope3_standard,GHG Protocol Corporate Value Chain (Scope 3) Accounting and Reporting Standard,GHG Protocol 企业价值链（Scope 3）核算与报告标准,Standard,标准,Value-chain emissions accounting standard,价值链排放核算标准,Scope 3 categories are GHG Protocol-specific category language.,Scope 3 类别是 GHG Protocol 特有的类别口径。,Scope 3 and Scope 3 category names are only used for GHG Protocol evidence.,Scope 3 及十五类类别口径只在 GHG Protocol 证据下使用。,contextual_scope_inventory_mapping,no_explicit_whitelisted_series_name_in_page_text,,3,62,INDITEX Sustainability report2024.pdf,seed_batch_08,medium,"sources of GHG emissions, in both our own operations and the value chain, in accordance with the guidelines of the Intergovernmental Panel on Climate Change (IPCC – Guidelines for National Greenhouse Gas Inventories, 2006) and the World Res","sources of GHG emissions, in both our own operations and the value chain, in accordance with the guidelines of the Intergovernmental Panel on Climate Change ...",Review only: keep out of accepted standard-company conclusions until page-level evidence explicitly names the series.,仅供复核：页级证据明确命名具体系列前，不进入已采信标准-企业结论。
r387_schneiderelectric,387,SCHNEIDER ELECTRIC,施耐德电气,C,Manufacturing,制造业,ghg_product_standard,GHG Protocol Product Life Cycle Accounting and Reporting Standard,GHG Protocol 产品生命周期核算与报告标准,Standard,标准,Product life-cycle accounting standard,产品生命周期核算标准,Product-level life-cycle boundary; not a corporate Scope 1/2/3 total by itself.,产品层生命周期边界，本身不等同于企业 Scope 1/2/3 总量。,Use product life-cycle wording unless the source also cites corporate Scope accounting.,除非原文同时引用组织层 Scope 核算，否则使用产品生命周期口径。,contextual_scope_inventory_mapping,no_explicit_whitelisted_series_name_in_page_text,,1,14,2024-SCHNEIDER ELECTRIC-sustainability-report_tcm564-513141.pdf,pdf_contextual_scope_inventory_mapping,pdf_page_backfill,"Structured standard tag: GHG Protocol; Standard role: Accounting standard of the 6,000+ companies globally that have committed to reduce GHG emissions in alignment with prevailing climate science through and get their targets approved by the SBTi. The Group’s GHG footprint is calculated following the World Resour 2024-SCHNEIDER ELECTRIC-sustainability-repor…","Structured standard tag: GHG Protocol; Standard role: Accounting standard of the 6,000+ companies globally that have committed to reduce GHG emissions in alignment with prevailing climate science through and get their targets approved by the SBTi. The Group’s GHG footprint is calculated following the World Resour 2024-SCHNEIDER ELECTRIC-sustainability-repor…",Review only: keep out of accepted standard-company conclusions until page-level evidence explicitly names the series.,仅供复核：页级证据明确命名具体系列前，不进入已采信标准-企业结论。
r387_schneiderelectric,387,SCHNEIDER ELECTRIC,施耐德电气,C,Manufacturing,制造业,ghg_scope3_calculation_guidance,GHG Protocol Scope 3 Calculation Guidance,GHG Protocol Scope 3 计算指南,Guidance,指南,Scope 3 inventory calculation guidance,Scope 3 清单计算指南,Companion calculation guidance for completing Scope 3 inventories.,配套计算指南，用于完成 Scope 3 清单。,Scope 3 categories are GHG-specific and only shown when the source uses that wording.,Scope 3 类别是 GHG 特有口径，仅在原文如此使用时展示。,contextual_scope_inventory_mapping,no_explicit_whitelisted_series_name_in_page_text,,1,14,2024-SCHNEIDER ELECTRIC-sustainability-report_tcm564-513141.pdf,pdf_contextual_scope_inventory_mapping,pdf_page_backfill,"Structured standard tag: GHG Protocol; Standard role: Accounting standard of the 6,000+ companies globally that have committed to reduce GHG emissions in alignment with prevailing climate science through and get their targets approved by the SBTi. The Group’s GHG footprint is calculated following the World Resour 2024-SCHNEIDER ELECTRIC-sustainability-repor…","Structured standard tag: GHG Protocol; Standard role: Accounting standard of the 6,000+ companies globally that have committed to reduce GHG emissions in alignment with prevailing climate science through and get their targets approved by the SBTi. The Group’s GHG footprint is calculated following the World Resour 2024-SCHNEIDER ELECTRIC-sustainability-repor…",Review only: keep out of accepted standard-company conclusions until page-level evidence explicitly names the series.,仅供复核：页级证据明确命名具体系列前，不进入已采信标准-企业结论。
r388_northwesternmutual,388,NORTHWESTERN MUTUAL,西北互助人寿保险公司,J,Finance,金融业,ghg_scope2_guidance,GHG Protocol Scope 2 Guidance,GHG Protocol Scope 2 指南,Guidance,指南,Purchased electricity and energy method guidance,外购电力与能源口径指南,Location-based and market-based Scope 2 reporting are separated when cited.,原文显式引用时区分位置法与市场法 Scope 2 披露。,Scope 2 market-based and location-based language is treated as GHG-specific.,Scope 2 市场法/位置法术语只在 GHG Protocol 语境下使用。,contextual_scope_inventory_mapping,no_explicit_whitelisted_series_name_in_page_text,,2,45,2024-NORTHWESTERN MUTUAL-sustainability-and-impact-report.pdf,seed_batch_08,medium,"house gas emissions generated from the fuels we use directly comprise our Scope 1 emissions, while the emissions associated with the production of the electricity we purchase and use are categorized as Scope 2. We use the operational contro","house gas emissions generated from the fuels we use directly comprise our Scope 1 emissions, while the emissions associated with the production of the electr...",Review only: keep out of accepted standard-company conclusions until page-level evidence explicitly names the series.,仅供复核：页级证据明确命名具体系列前，不进入已采信标准-企业结论。
r388_northwesternmutual,388,NORTHWESTERN MUTUAL,西北互助人寿保险公司,J,Finance,金融业,ghg_scope3_standard,GHG Protocol Corporate Value Chain (Scope 3) Accounting and Reporting Standard,GHG Protocol 企业价值链（Scope 3）核算与报告标准,Standard,标准,Value-chain emissions accounting standard,价值链排放核算标准,Scope 3 categories are GHG Protocol-specific category language.,Scope 3 类别是 GHG Protocol 特有的类别口径。,Scope 3 and Scope 3 category names are only used for GHG Protocol evidence.,Scope 3 及十五类类别口径只在 GHG Protocol 证据下使用。,contextual_scope_inventory_mapping,no_explicit_whitelisted_series_name_in_page_text,,1,45,2024-NORTHWESTERN MUTUAL-sustainability-and-impact-report.pdf,pdf_contextual_scope_inventory_mapping,pdf_page_backfill,"Structured standard tag: GHG Protocol; Standard role: Accounting standard house gas emissions generated from the fuels we use directly comprise our Scope 1 emissions, while the emissions associated with the production of the electricity we purchase and use are categorized as Scope 2. We use the operational contro 2024-NORTHWESTERN MUTUAL-sustainability-and-…","Structured standard tag: GHG Protocol; Standard role: Accounting standard house gas emissions generated from the fuels we use directly comprise our Scope 1 emissions, while the emissions associated with the production of the electricity we purchase and use are categorized as Scope 2. We use the operational contro 2024-NORTHWESTERN MUTUAL-sustainability-and-…",Review only: keep out of accepted standard-company conclusions until page-level evidence explicitly names the series.,仅供复核：页级证据明确命名具体系列前，不进入已采信标准-企业结论。
r391_西班牙acs集团,391,ACS Group,西班牙ACS,E,Construction,建筑业,ghg_corporate_standard,GHG Protocol Corporate Accounting and Reporting Standard,GHG Protocol 企业核算与报告标准,Standard,标准,Corporate inventory accounting standard,企业组织层面清单核算标准,"Relevance, completeness, consistency, transparency, and accuracy.",相关性、完整性、一致性、透明性和准确性。,"Within GHG Protocol evidence, this may define Scope 1 and Scope 2 corporate inventory boundaries.",仅在 GHG Protocol 证据下使用 Scope 1/2 的组织层面清单口径。,contextual_scope_inventory_mapping,no_explicit_whitelisted_series_name_in_page_text,,1,75,2024_ACS_Sustainability_Report.pdf,pdf_contextual_scope_inventory_mapping,pdf_page_backfill,Structured standard tag: GHG Protocol; Standard role: Accounting standard acement of fossil fuel-based heating/cooling equipment Green energy Generation of renewable energy (own use) Purchase of green energy Levers and measures applicable to reducing scope 3 emissions Lever Name of the measure Scope 3 subcategori 2024_ACS_Sustainability_Report.pdf Sustainab…,Structured standard tag: GHG Protocol; Standard role: Accounting standard acement of fossil fuel-based heating/cooling equipment Green energy Generation of renewable energy (own use) Purchase of green energy Levers and measures applicable to reducing scope 3 emissions Lever Name of the measure Scope 3 subcategori 2024_ACS_Sustainability_Report.pdf Sustainab…,Review only: keep out of accepted standard-company conclusions until page-level evidence explicitly names the series.,仅供复核：页级证据明确命名具体系列前，不进入已采信标准-企业结论。
r391_西班牙acs集团,391,ACS Group,西班牙ACS,E,Construction,建筑业,ghg_scope3_calculation_guidance,GHG Protocol Scope 3 Calculation Guidance,GHG Protocol Scope 3 计算指南,Guidance,指南,Scope 3 inventory calculation guidance,Scope 3 清单计算指南,Companion calculation guidance for completing Scope 3 inventories.,配套计算指南，用于完成 Scope 3 清单。,Scope 3 categories are GHG-specific and only shown when the source uses that wording.,Scope 3 类别是 GHG 特有口径，仅在原文如此使用时展示。,contextual_scope_inventory_mapping,no_explicit_whitelisted_series_name_in_page_text,,1,75,2024_ACS_Sustainability_Report.pdf,pdf_contextual_scope_inventory_mapping,pdf_page_backfill,Structured standard tag: GHG Protocol; Standard role: Accounting standard acement of fossil fuel-based heating/cooling equipment Green energy Generation of renewable energy (own use) Purchase of green energy Levers and measures applicable to reducing scope 3 emissions Lever Name of the measure Scope 3 subcategori 2024_ACS_Sustainability_Report.pdf Sustainab…,Structured standard tag: GHG Protocol; Standard role: Accounting standard acement of fossil fuel-based heating/cooling equipment Green energy Generation of renewable energy (own use) Purchase of green energy Levers and measures applicable to reducing scope 3 emissions Lever Name of the measure Scope 3 subcategori 2024_ACS_Sustainability_Report.pdf Sustainab…,Review only: keep out of accepted standard-company conclusions until page-level evidence explicitly names the series.,仅供复核：页级证据明确命名具体系列前，不进入已采信标准-企业结论。
r391_西班牙acs集团,391,ACS Group,西班牙ACS,E,Construction,建筑业,ghg_scope3_standard,GHG Protocol Corporate Value Chain (Scope 3) Accounting and Reporting Standard,GHG Protocol 企业价值链（Scope 3）核算与报告标准,Standard,标准,Value-chain emissions accounting standard,价值链排放核算标准,Scope 3 categories are GHG Protocol-specific category language.,Scope 3 类别是 GHG Protocol 特有的类别口径。,Scope 3 and Scope 3 category names are only used for GHG Protocol evidence.,Scope 3 及十五类类别口径只在 GHG Protocol 证据下使用。,contextual_scope_inventory_mapping,no_explicit_whitelisted_series_name_in_page_text,,3,75,2024_ACS_Sustainability_Report.pdf,seed_batch_14,medium,acement of fossil fuel-based heating/cooling equipment Green energy Generation of renewable energy (own use) Purchase of green energy Levers and measures applicable to reducing scope 3 emissions Lever Name of the measure Scope 3 subcategori,acement of fossil fuel-based heating/cooling equipment Green energy Generation of renewable energy (own use) Purchase of green energy Levers and measures app...,Review only: keep out of accepted standard-company conclusions until page-level evidence explicitly names the series.,仅供复核：页级证据明确命名具体系列前，不进入已采信标准-企业结论。
r392_coop集团,392,Coop,Coop,F,Wholesale and Retail Trade,批发和零售业,ghg_corporate_standard,GHG Protocol Corporate Accounting and Reporting Standard,GHG Protocol 企业核算与报告标准,Standard,标准,Corporate inventory accounting standard,企业组织层面清单核算标准,"Relevance, completeness, consistency, transparency, and accuracy.",相关性、完整性、一致性、透明性和准确性。,"Within GHG Protocol evidence, this may define Scope 1 and Scope 2 corporate inventory boundaries.",仅在 GHG Protocol 证据下使用 Scope 1/2 的组织层面清单口径。,contextual_scope_inventory_mapping,no_explicit_whitelisted_series_name_in_page_text,,6,216 | 53,COOP GROUP Fortschrittsbericht-Nachhaltigkeit-2024_en.pdf,seed_batch_08,medium,We used the “operational control” approach as per the Green­ house Gas (GHG) Protocol to calculate CO2e emissions. The Scope 3 emissions were calculated in accordance with ISO 14064 and the GHG Protocol guidelines. Detailed informa­ tion on,We used the “operational control” approach as per the Green­ house Gas (GHG) Protocol to calculate CO2e emissions. The Scope 3 emissions were calculated in a...,Review only: keep out of accepted standard-company conclusions until page-level evidence explicitly names the series.,仅供复核：页级证据明确命名具体系列前，不进入已采信标准-企业结论。
r392_coop集团,392,Coop,Coop,F,Wholesale and Retail Trade,批发和零售业,ghg_scope2_guidance,GHG Protocol Scope 2 Guidance,GHG Protocol Scope 2 指南,Guidance,指南,Purchased electricity and energy method guidance,外购电力与能源口径指南,Location-based and market-based Scope 2 reporting are separated when cited.,原文显式引用时区分位置法与市场法 Scope 2 披露。,Scope 2 market-based and location-based language is treated as GHG-specific.,Scope 2 市场法/位置法术语只在 GHG Protocol 语境下使用。,contextual_scope_inventory_mapping,no_explicit_whitelisted_series_name_in_page_text,,5,216 | 53,COOP GROUP Fortschrittsbericht-Nachhaltigkeit-2024_en.pdf,seed_batch_08,medium,We used the “operational control” approach as per the Green­ house Gas (GHG) Protocol to calculate CO2e emissions. The Scope 3 emissions were calculated in accordance with ISO 14064 and the GHG Protocol guidelines. Detailed informa­ tion on,We used the “operational control” approach as per the Green­ house Gas (GHG) Protocol to calculate CO2e emissions. The Scope 3 emissions were calculated in a...,Review only: keep out of accepted standard-company conclusions until page-level evidence explicitly names the series.,仅供复核：页级证据明确命名具体系列前，不进入已采信标准-企业结论。
r392_coop集团,392,Coop,Coop,F,Wholesale and Retail Trade,批发和零售业,ghg_scope3_calculation_guidance,GHG Protocol Scope 3 Calculation Guidance,GHG Protocol Scope 3 计算指南,Guidance,指南,Scope 3 inventory calculation guidance,Scope 3 清单计算指南,Companion calculation guidance for completing Scope 3 inventories.,配套计算指南，用于完成 Scope 3 清单。,Scope 3 categories are GHG-specific and only shown when the source uses that wording.,Scope 3 类别是 GHG 特有口径，仅在原文如此使用时展示。,contextual_scope_inventory_mapping,no_explicit_whitelisted_series_name_in_page_text,,6,216 | 53,COOP GROUP Fortschrittsbericht-Nachhaltigkeit-2024_en.pdf,seed_batch_08,medium,We used the “operational control” approach as per the Green­ house Gas (GHG) Protocol to calculate CO2e emissions. The Scope 3 emissions were calculated in accordance with ISO 14064 and the GHG Protocol guidelines. Detailed informa­ tion on,We used the “operational control” approach as per the Green­ house Gas (GHG) Protocol to calculate CO2e emissions. The Scope 3 emissions were calculated in a...,Review only: keep out of accepted standard-company conclusions until page-level evidence explicitly names the series.,仅供复核：页级证据明确命名具体系列前，不进入已采信标准-企业结论。
r392_coop集团,392,Coop,Coop,F,Wholesale and Retail Trade,批发和零售业,ghg_scope3_standard,GHG Protocol Corporate Value Chain (Scope 3) Accounting and Reporting Standard,GHG Protocol 企业价值链（Scope 3）核算与报告标准,Standard,标准,Value-chain emissions accounting standard,价值链排放核算标准,Scope 3 categories are GHG Protocol-specific category language.,Scope 3 类别是 GHG Protocol 特有的类别口径。,Scope 3 and Scope 3 category names are only used for GHG Protocol evidence.,Scope 3 及十五类类别口径只在 GHG Protocol 证据下使用。,contextual_scope_inventory_mapping,no_explicit_whitelisted_series_name_in_page_text,,6,216 | 53,COOP GROUP Fortschrittsbericht-Nachhaltigkeit-2024_en.pdf,seed_batch_08,medium,We used the “operational control” approach as per the Green­ house Gas (GHG) Protocol to calculate CO2e emissions. The Scope 3 emissions were calculated in accordance with ISO 14064 and the GHG Protocol guidelines. Detailed informa­ tion on,We used the “operational control” approach as per the Green­ house Gas (GHG) Protocol to calculate CO2e emissions. The Scope 3 emissions were calculated in a...,Review only: keep out of accepted standard-company conclusions until page-level evidence explicitly names the series.,仅供复核：页级证据明确命名具体系列前，不进入已采信标准-企业结论。
r397_xiaomi,397,XIAOMI,小米集团,C,Manufacturing,制造业,ghg_scope2_guidance,GHG Protocol Scope 2 Guidance,GHG Protocol Scope 2 指南,Guidance,指南,Purchased electricity and energy method guidance,外购电力与能源口径指南,Location-based and market-based Scope 2 reporting are separated when cited.,原文显式引用时区分位置法与市场法 Scope 2 披露。,Scope 2 market-based and location-based language is treated as GHG-specific.,Scope 2 市场法/位置法术语只在 GHG Protocol 语境下使用。,contextual_scope_inventory_mapping,no_explicit_whitelisted_series_name_in_page_text,,1,37,"Xiaomi 2023 Environmental, Social, and Governance Report.pdf",pdf_contextual_scope_inventory_mapping,pdf_page_backfill,"Structured standard tag: GHG Protocol; Standard role: Accounting standard iaomi’s goal of attaining to achieve carbon neutrality by 2040, we further updated our GHG reduction targets accordingly during the year. 28 GHG emissions: Refers to the Company’s GHG emissions (absolute value) calculated in accordance wit Xiaomi 2023 Environmental, Social, and Gover…","Structured standard tag: GHG Protocol; Standard role: Accounting standard iaomi’s goal of attaining to achieve carbon neutrality by 2040, we further updated our GHG reduction targets accordingly during the year. 28 GHG emissions: Refers to the Company’s GHG emissions (absolute value) calculated in accordance wit Xiaomi 2023 Environmental, Social, and Gover…",Review only: keep out of accepted standard-company conclusions until page-level evidence explicitly names the series.,仅供复核：页级证据明确命名具体系列前，不进入已采信标准-企业结论。
r397_xiaomi,397,XIAOMI,小米集团,C,Manufacturing,制造业,ghg_scope3_standard,GHG Protocol Corporate Value Chain (Scope 3) Accounting and Reporting Standard,GHG Protocol 企业价值链（Scope 3）核算与报告标准,Standard,标准,Value-chain emissions accounting standard,价值链排放核算标准,Scope 3 categories are GHG Protocol-specific category language.,Scope 3 类别是 GHG Protocol 特有的类别口径。,Scope 3 and Scope 3 category names are only used for GHG Protocol evidence.,Scope 3 及十五类类别口径只在 GHG Protocol 证据下使用。,contextual_overmapped_review,no_explicit_whitelisted_series_name_in_page_text,,2,37 | 88,"Xiaomi 2023 Environmental, Social, and Governance Report.pdf",pdf_explicit_series_citation,pdf_page_backfill,greements to reduce GHG emissions throughout our target period; Encourage key suppliers to establish renewable energy usage and GHG emission reduction targets that are comparable to or more ambitious than those of Xiaomi to deliver continuous reduction in our Scope 3 emissions. 35 About this Report Chariman's Address About Xiaomi Board Statement Stakeholder…,greements to reduce GHG emissions throughout our target period; Encourage key suppliers to establish renewable energy usage and GHG emission reduction targets that are comparable to or more ambitious than those of Xiaomi to deliver continuous reduction in our Scope 3 emissions. 35 About this Report Chariman's Address About Xiaomi Board Statement Stakeholder…,Review only: keep out of accepted standard-company conclusions until page-level evidence explicitly names the series.,仅供复核：页级证据明确命名具体系列前，不进入已采信标准-企业结论。
r401_suncorenergy,401,SUNCOR ENERGY,森科能源公司,D,"Electricity, Heat, Gas and Water Production and Supply",电力、热力、燃气及水生产和供应业,ghg_scope3_standard,GHG Protocol Corporate Value Chain (Scope 3) Accounting and Reporting Standard,GHG Protocol 企业价值链（Scope 3）核算与报告标准,Standard,标准,Value-chain emissions accounting standard,价值链排放核算标准,Scope 3 categories are GHG Protocol-specific category language.,Scope 3 类别是 GHG Protocol 特有的类别口径。,Scope 3 and Scope 3 category names are only used for GHG Protocol evidence.,Scope 3 及十五类类别口径只在 GHG Protocol 证据下使用。,contextual_scope_inventory_mapping,no_explicit_whitelisted_series_name_in_page_text,,1,68,2023_SUNCOR ENERGY_sustainability_report.pdf,pdf_contextual_scope_inventory_mapping,pdf_page_backfill,Structured standard tag: GHG Protocol; Standard role: Accounting standard (clays) or residual bitumen or other hydrocarbons. Greenhouse gas (GHG) The six gases listed in the Kyoto Protocol: carbon dioxide (CO2); methane (CH4); nitrous oxide (N2O); hydrofluorocarbons (HFCs); perfluorocarbons (PFCs); and sulphur he 2023_SUNCOR ENERGY_sustainability_report.pdf…,Structured standard tag: GHG Protocol; Standard role: Accounting standard (clays) or residual bitumen or other hydrocarbons. Greenhouse gas (GHG) The six gases listed in the Kyoto Protocol: carbon dioxide (CO2); methane (CH4); nitrous oxide (N2O); hydrofluorocarbons (HFCs); perfluorocarbons (PFCs); and sulphur he 2023_SUNCOR ENERGY_sustainability_report.pdf…,Review only: keep out of accepted standard-company conclusions until page-level evidence explicitly names the series.,仅供复核：页级证据明确命名具体系列前，不进入已采信标准-企业结论。
r403_ubertechnologies公司,403,Uber Technologies,Uber Technologies,F,Wholesale and Retail Trade,批发和零售业,ghg_corporate_standard,GHG Protocol Corporate Accounting and Reporting Standard,GHG Protocol 企业核算与报告标准,Standard,标准,Corporate inventory accounting standard,企业组织层面清单核算标准,"Relevance, completeness, consistency, transparency, and accuracy.",相关性、完整性、一致性、透明性和准确性。,"Within GHG Protocol evidence, this may define Scope 1 and Scope 2 corporate inventory boundaries.",仅在 GHG Protocol 证据下使用 Scope 1/2 的组织层面清单口径。,contextual_scope_inventory_mapping,no_explicit_whitelisted_series_name_in_page_text,,3,48,uber-technologies-inc-2023-esg-report.pdf,seed_batch_09,medium,nsplace resulted in a material difference in 2022 Scope 3 Category 11 emissions compared to 2021. This triggered a requirement to recalculate the base year emissions value for this emissions category in accordance with Uber's internal GHG i,nsplace resulted in a material difference in 2022 Scope 3 Category 11 emissions compared to 2021. This triggered a requirement to recalculate the base year e...,Review only: keep out of accepted standard-company conclusions until page-level evidence explicitly names the series.,仅供复核：页级证据明确命名具体系列前，不进入已采信标准-企业结论。
r403_ubertechnologies公司,403,Uber Technologies,Uber Technologies,F,Wholesale and Retail Trade,批发和零售业,ghg_scope3_calculation_guidance,GHG Protocol Scope 3 Calculation Guidance,GHG Protocol Scope 3 计算指南,Guidance,指南,Scope 3 inventory calculation guidance,Scope 3 清单计算指南,Companion calculation guidance for completing Scope 3 inventories.,配套计算指南，用于完成 Scope 3 清单。,Scope 3 categories are GHG-specific and only shown when the source uses that wording.,Scope 3 类别是 GHG 特有口径，仅在原文如此使用时展示。,contextual_scope_inventory_mapping,no_explicit_whitelisted_series_name_in_page_text,,1,48,uber-technologies-inc-2023-esg-report.pdf,pdf_contextual_scope_inventory_mapping,pdf_page_backfill,Structured standard tag: GHG Protocol; Standard role: Accounting standard nsplace resulted in a material difference in 2022 Scope 3 Category 11 emissions compared to 2021. This triggered a requirement to recalculate the base year emissions value for this emissions category in accordance with Uber's internal GHG i uber-technologies-inc-2023-esg-report.pdf Co…,Structured standard tag: GHG Protocol; Standard role: Accounting standard nsplace resulted in a material difference in 2022 Scope 3 Category 11 emissions compared to 2021. This triggered a requirement to recalculate the base year emissions value for this emissions category in accordance with Uber's internal GHG i uber-technologies-inc-2023-esg-report.pdf Co…,Review only: keep out of accepted standard-company conclusions until page-level evidence explicitly names the series.,仅供复核：页级证据明确命名具体系列前，不进入已采信标准-企业结论。
r403_ubertechnologies公司,403,Uber Technologies,Uber Technologies,F,Wholesale and Retail Trade,批发和零售业,ghg_scope3_standard,GHG Protocol Corporate Value Chain (Scope 3) Accounting and Reporting Standard,GHG Protocol 企业价值链（Scope 3）核算与报告标准,Standard,标准,Value-chain emissions accounting standard,价值链排放核算标准,Scope 3 categories are GHG Protocol-specific category language.,Scope 3 类别是 GHG Protocol 特有的类别口径。,Scope 3 and Scope 3 category names are only used for GHG Protocol evidence.,Scope 3 及十五类类别口径只在 GHG Protocol 证据下使用。,contextual_scope_inventory_mapping,no_explicit_whitelisted_series_name_in_page_text,,3,48,uber-technologies-inc-2023-esg-report.pdf,seed_batch_09,medium,nsplace resulted in a material difference in 2022 Scope 3 Category 11 emissions compared to 2021. This triggered a requirement to recalculate the base year emissions value for this emissions category in accordance with Uber's internal GHG i,nsplace resulted in a material difference in 2022 Scope 3 Category 11 emissions compared to 2021. This triggered a requirement to recalculate the base year e...,Review only: keep out of accepted standard-company conclusions until page-level evidence explicitly names the series.,仅供复核：页级证据明确命名具体系列前，不进入已采信标准-企业结论。
r406_suzukimotor,406,SUZUKI MOTOR,铃木汽车,C,Manufacturing,制造业,ghg_corporate_standard,GHG Protocol Corporate Accounting and Reporting Standard,GHG Protocol 企业核算与报告标准,Standard,标准,Corporate inventory accounting standard,企业组织层面清单核算标准,"Relevance, completeness, consistency, transparency, and accuracy.",相关性、完整性、一致性、透明性和准确性。,"Within GHG Protocol evidence, this may define Scope 1 and Scope 2 corporate inventory boundaries.",仅在 GHG Protocol 证据下使用 Scope 1/2 的组织层面清单口径。,contextual_scope_inventory_mapping,no_explicit_whitelisted_series_name_in_page_text,,2,32,2024_SUZUKI MOTOR_Sustainability_Date-BOOK.pdf,seed_batch_09,medium,"duct development and improvement. *1 Value chain: A method of systematizing how a series of business activities go into the creation of its ultimate value. Calculations are composed of Scope 1, Scope 2, and Scope 3 in accordance with the ca",duct development and improvement. *1 Value chain: A method of systematizing how a series of business activities go into the creation of its ultimate value. C...,Review only: keep out of accepted standard-company conclusions until page-level evidence explicitly names the series.,仅供复核：页级证据明确命名具体系列前，不进入已采信标准-企业结论。
r406_suzukimotor,406,SUZUKI MOTOR,铃木汽车,C,Manufacturing,制造业,ghg_scope2_guidance,GHG Protocol Scope 2 Guidance,GHG Protocol Scope 2 指南,Guidance,指南,Purchased electricity and energy method guidance,外购电力与能源口径指南,Location-based and market-based Scope 2 reporting are separated when cited.,原文显式引用时区分位置法与市场法 Scope 2 披露。,Scope 2 market-based and location-based language is treated as GHG-specific.,Scope 2 市场法/位置法术语只在 GHG Protocol 语境下使用。,contextual_scope_inventory_mapping,no_explicit_whitelisted_series_name_in_page_text,,2,32,2024_SUZUKI MOTOR_Sustainability_Date-BOOK.pdf,seed_batch_09,medium,"duct development and improvement. *1 Value chain: A method of systematizing how a series of business activities go into the creation of its ultimate value. Calculations are composed of Scope 1, Scope 2, and Scope 3 in accordance with the ca",duct development and improvement. *1 Value chain: A method of systematizing how a series of business activities go into the creation of its ultimate value. C...,Review only: keep out of accepted standard-company conclusions until page-level evidence explicitly names the series.,仅供复核：页级证据明确命名具体系列前，不进入已采信标准-企业结论。
r406_suzukimotor,406,SUZUKI MOTOR,铃木汽车,C,Manufacturing,制造业,ghg_scope3_calculation_guidance,GHG Protocol Scope 3 Calculation Guidance,GHG Protocol Scope 3 计算指南,Guidance,指南,Scope 3 inventory calculation guidance,Scope 3 清单计算指南,Companion calculation guidance for completing Scope 3 inventories.,配套计算指南，用于完成 Scope 3 清单。,Scope 3 categories are GHG-specific and only shown when the source uses that wording.,Scope 3 类别是 GHG 特有口径，仅在原文如此使用时展示。,contextual_scope_inventory_mapping,no_explicit_whitelisted_series_name_in_page_text,,2,32,2024_SUZUKI MOTOR_Sustainability_Date-BOOK.pdf,seed_batch_09,medium,"duct development and improvement. *1 Value chain: A method of systematizing how a series of business activities go into the creation of its ultimate value. Calculations are composed of Scope 1, Scope 2, and Scope 3 in accordance with the ca",duct development and improvement. *1 Value chain: A method of systematizing how a series of business activities go into the creation of its ultimate value. C...,Review only: keep out of accepted standard-company conclusions until page-level evidence explicitly names the series.,仅供复核：页级证据明确命名具体系列前，不进入已采信标准-企业结论。
r406_suzukimotor,406,SUZUKI MOTOR,铃木汽车,C,Manufacturing,制造业,ghg_scope3_standard,GHG Protocol Corporate Value Chain (Scope 3) Accounting and Reporting Standard,GHG Protocol 企业价值链（Scope 3）核算与报告标准,Standard,标准,Value-chain emissions accounting standard,价值链排放核算标准,Scope 3 categories are GHG Protocol-specific category language.,Scope 3 类别是 GHG Protocol 特有的类别口径。,Scope 3 and Scope 3 category names are only used for GHG Protocol evidence.,Scope 3 及十五类类别口径只在 GHG Protocol 证据下使用。,contextual_scope_inventory_mapping,no_explicit_whitelisted_series_name_in_page_text,,2,32,2024_SUZUKI MOTOR_Sustainability_Date-BOOK.pdf,seed_batch_09,medium,"duct development and improvement. *1 Value chain: A method of systematizing how a series of business activities go into the creation of its ultimate value. Calculations are composed of Scope 1, Scope 2, and Scope 3 in accordance with the ca",duct development and improvement. *1 Value chain: A method of systematizing how a series of business activities go into the creation of its ultimate value. C...,Review only: keep out of accepted standard-company conclusions until page-level evidence explicitly names the series.,仅供复核：页级证据明确命名具体系列前，不进入已采信标准-企业结论。
r413_honeywellinternational,413,HONEYWELL INTERNATIONAL,霍尼韦尔国际公司,C,Manufacturing,制造业,ghg_corporate_standard,GHG Protocol Corporate Accounting and Reporting Standard,GHG Protocol 企业核算与报告标准,Standard,标准,Corporate inventory accounting standard,企业组织层面清单核算标准,"Relevance, completeness, consistency, transparency, and accuracy.",相关性、完整性、一致性、透明性和准确性。,"Within GHG Protocol evidence, this may define Scope 1 and Scope 2 corporate inventory boundaries.",仅在 GHG Protocol 证据下使用 Scope 1/2 的组织层面清单口径。,contextual_scope_inventory_mapping,no_explicit_whitelisted_series_name_in_page_text,,5,17,HONEYWELL INTERNATIONAL-2025-impact-report.pdf,seed_batch_09,medium,"Honeywell | 17 IMPACT REPORT 2025 | PLANET REDUCING GHG EMISSIONS Honeywell reports on its global GHG emissions pursuant to Greenhouse Gas Protocol and reports through CDP, a U.K.-based organization that supports companies’ and cities’ envi",Honeywell | 17 IMPACT REPORT 2025 | PLANET REDUCING GHG EMISSIONS Honeywell reports on its global GHG emissions pursuant to Greenhouse Gas Protocol and repor...,Review only: keep out of accepted standard-company conclusions until page-level evidence explicitly names the series.,仅供复核：页级证据明确命名具体系列前，不进入已采信标准-企业结论。
r413_honeywellinternational,413,HONEYWELL INTERNATIONAL,霍尼韦尔国际公司,C,Manufacturing,制造业,ghg_scope2_guidance,GHG Protocol Scope 2 Guidance,GHG Protocol Scope 2 指南,Guidance,指南,Purchased electricity and energy method guidance,外购电力与能源口径指南,Location-based and market-based Scope 2 reporting are separated when cited.,原文显式引用时区分位置法与市场法 Scope 2 披露。,Scope 2 market-based and location-based language is treated as GHG-specific.,Scope 2 市场法/位置法术语只在 GHG Protocol 语境下使用。,contextual_scope_inventory_mapping,no_explicit_whitelisted_series_name_in_page_text,,5,17,HONEYWELL INTERNATIONAL-2025-impact-report.pdf,seed_batch_09,medium,"Honeywell | 17 IMPACT REPORT 2025 | PLANET REDUCING GHG EMISSIONS Honeywell reports on its global GHG emissions pursuant to Greenhouse Gas Protocol and reports through CDP, a U.K.-based organization that supports companies’ and cities’ envi",Honeywell | 17 IMPACT REPORT 2025 | PLANET REDUCING GHG EMISSIONS Honeywell reports on its global GHG emissions pursuant to Greenhouse Gas Protocol and repor...,Review only: keep out of accepted standard-company conclusions until page-level evidence explicitly names the series.,仅供复核：页级证据明确命名具体系列前，不进入已采信标准-企业结论。
r413_honeywellinternational,413,HONEYWELL INTERNATIONAL,霍尼韦尔国际公司,C,Manufacturing,制造业,ghg_scope3_calculation_guidance,GHG Protocol Scope 3 Calculation Guidance,GHG Protocol Scope 3 计算指南,Guidance,指南,Scope 3 inventory calculation guidance,Scope 3 清单计算指南,Companion calculation guidance for completing Scope 3 inventories.,配套计算指南，用于完成 Scope 3 清单。,Scope 3 categories are GHG-specific and only shown when the source uses that wording.,Scope 3 类别是 GHG 特有口径，仅在原文如此使用时展示。,contextual_scope_inventory_mapping,no_explicit_whitelisted_series_name_in_page_text,,4,17,HONEYWELL INTERNATIONAL-2025-impact-report.pdf,seed_batch_09,medium,"Honeywell | 17 IMPACT REPORT 2025 | PLANET REDUCING GHG EMISSIONS Honeywell reports on its global GHG emissions pursuant to Greenhouse Gas Protocol and reports through CDP, a U.K.-based organization that supports companies’ and cities’ envi",Honeywell | 17 IMPACT REPORT 2025 | PLANET REDUCING GHG EMISSIONS Honeywell reports on its global GHG emissions pursuant to Greenhouse Gas Protocol and repor...,Review only: keep out of accepted standard-company conclusions until page-level evidence explicitly names the series.,仅供复核：页级证据明确命名具体系列前，不进入已采信标准-企业结论。
r413_honeywellinternational,413,HONEYWELL INTERNATIONAL,霍尼韦尔国际公司,C,Manufacturing,制造业,ghg_scope3_standard,GHG Protocol Corporate Value Chain (Scope 3) Accounting and Reporting Standard,GHG Protocol 企业价值链（Scope 3）核算与报告标准,Standard,标准,Value-chain emissions accounting standard,价值链排放核算标准,Scope 3 categories are GHG Protocol-specific category language.,Scope 3 类别是 GHG Protocol 特有的类别口径。,Scope 3 and Scope 3 category names are only used for GHG Protocol evidence.,Scope 3 及十五类类别口径只在 GHG Protocol 证据下使用。,contextual_scope_inventory_mapping,no_explicit_whitelisted_series_name_in_page_text,,4,17,HONEYWELL INTERNATIONAL-2025-impact-report.pdf,seed_batch_09,medium,"Honeywell | 17 IMPACT REPORT 2025 | PLANET REDUCING GHG EMISSIONS Honeywell reports on its global GHG emissions pursuant to Greenhouse Gas Protocol and reports through CDP, a U.K.-based organization that supports companies’ and cities’ envi",Honeywell | 17 IMPACT REPORT 2025 | PLANET REDUCING GHG EMISSIONS Honeywell reports on its global GHG emissions pursuant to Greenhouse Gas Protocol and repor...,Review only: keep out of accepted standard-company conclusions until page-level evidence explicitly names the series.,仅供复核：页级证据明确命名具体系列前，不进入已采信标准-企业结论。
r416_mitsubishielectric,416,MITSUBISHI ELECTRIC,三菱电机股份有限公司,C,Manufacturing,制造业,ghg_corporate_standard,GHG Protocol Corporate Accounting and Reporting Standard,GHG Protocol 企业核算与报告标准,Standard,标准,Corporate inventory accounting standard,企业组织层面清单核算标准,"Relevance, completeness, consistency, transparency, and accuracy.",相关性、完整性、一致性、透明性和准确性。,"Within GHG Protocol evidence, this may define Scope 1 and Scope 2 corporate inventory boundaries.",仅在 GHG Protocol 证据下使用 Scope 1/2 的组织层面清单口径。,contextual_scope_inventory_mapping,no_explicit_whitelisted_series_name_in_page_text,,3,69,MITSUBISHI ELECTRIC integrated_report2024_en.pdf,seed_batch_09,medium,"essage Value Creation Foundation Enhancement Data 68 Foundation Enhancement Metrics and Targets The Mitsubishi Electric Group calculates and tracks greenhouse gas emissions (Scope 1, 2 and 3) in its value chain. For calculation and assessme",essage Value Creation Foundation Enhancement Data 68 Foundation Enhancement Metrics and Targets The Mitsubishi Electric Group calculates and tracks greenhous...,Review only: keep out of accepted standard-company conclusions until page-level evidence explicitly names the series.,仅供复核：页级证据明确命名具体系列前，不进入已采信标准-企业结论。
r416_mitsubishielectric,416,MITSUBISHI ELECTRIC,三菱电机股份有限公司,C,Manufacturing,制造业,ghg_product_standard,GHG Protocol Product Life Cycle Accounting and Reporting Standard,GHG Protocol 产品生命周期核算与报告标准,Standard,标准,Product life-cycle accounting standard,产品生命周期核算标准,Product-level life-cycle boundary; not a corporate Scope 1/2/3 total by itself.,产品层生命周期边界，本身不等同于企业 Scope 1/2/3 总量。,Use product life-cycle wording unless the source also cites corporate Scope accounting.,除非原文同时引用组织层 Scope 核算，否则使用产品生命周期口径。,contextual_scope_inventory_mapping,no_explicit_whitelisted_series_name_in_page_text,,1,69,MITSUBISHI ELECTRIC integrated_report2024_en.pdf,pdf_contextual_scope_inventory_mapping,pdf_page_backfill,"Structured standard tag: GHG Protocol; Standard role: Accounting standard essage Value Creation Foundation Enhancement Data 68 Foundation Enhancement Metrics and Targets The Mitsubishi Electric Group calculates and tracks greenhouse gas emissions (Scope 1, 2 and 3) in its value chain. For calculation and assessme MITSUBISHI ELECTRIC integrated_report2024_en…","Structured standard tag: GHG Protocol; Standard role: Accounting standard essage Value Creation Foundation Enhancement Data 68 Foundation Enhancement Metrics and Targets The Mitsubishi Electric Group calculates and tracks greenhouse gas emissions (Scope 1, 2 and 3) in its value chain. For calculation and assessme MITSUBISHI ELECTRIC integrated_report2024_en…",Review only: keep out of accepted standard-company conclusions until page-level evidence explicitly names the series.,仅供复核：页级证据明确命名具体系列前，不进入已采信标准-企业结论。
r416_mitsubishielectric,416,MITSUBISHI ELECTRIC,三菱电机股份有限公司,C,Manufacturing,制造业,ghg_scope2_guidance,GHG Protocol Scope 2 Guidance,GHG Protocol Scope 2 指南,Guidance,指南,Purchased electricity and energy method guidance,外购电力与能源口径指南,Location-based and market-based Scope 2 reporting are separated when cited.,原文显式引用时区分位置法与市场法 Scope 2 披露。,Scope 2 market-based and location-based language is treated as GHG-specific.,Scope 2 市场法/位置法术语只在 GHG Protocol 语境下使用。,contextual_scope_inventory_mapping,no_explicit_whitelisted_series_name_in_page_text,,1,69,MITSUBISHI ELECTRIC integrated_report2024_en.pdf,pdf_contextual_scope_inventory_mapping,pdf_page_backfill,"Structured standard tag: GHG Protocol; Standard role: Accounting standard essage Value Creation Foundation Enhancement Data 68 Foundation Enhancement Metrics and Targets The Mitsubishi Electric Group calculates and tracks greenhouse gas emissions (Scope 1, 2 and 3) in its value chain. For calculation and assessme MITSUBISHI ELECTRIC integrated_report2024_en…","Structured standard tag: GHG Protocol; Standard role: Accounting standard essage Value Creation Foundation Enhancement Data 68 Foundation Enhancement Metrics and Targets The Mitsubishi Electric Group calculates and tracks greenhouse gas emissions (Scope 1, 2 and 3) in its value chain. For calculation and assessme MITSUBISHI ELECTRIC integrated_report2024_en…",Review only: keep out of accepted standard-company conclusions until page-level evidence explicitly names the series.,仅供复核：页级证据明确命名具体系列前，不进入已采信标准-企业结论。
r416_mitsubishielectric,416,MITSUBISHI ELECTRIC,三菱电机股份有限公司,C,Manufacturing,制造业,ghg_scope3_calculation_guidance,GHG Protocol Scope 3 Calculation Guidance,GHG Protocol Scope 3 计算指南,Guidance,指南,Scope 3 inventory calculation guidance,Scope 3 清单计算指南,Companion calculation guidance for completing Scope 3 inventories.,配套计算指南，用于完成 Scope 3 清单。,Scope 3 categories are GHG-specific and only shown when the source uses that wording.,Scope 3 类别是 GHG 特有口径，仅在原文如此使用时展示。,contextual_scope_inventory_mapping,no_explicit_whitelisted_series_name_in_page_text,,3,69,MITSUBISHI ELECTRIC integrated_report2024_en.pdf,seed_batch_09,medium,"essage Value Creation Foundation Enhancement Data 68 Foundation Enhancement Metrics and Targets The Mitsubishi Electric Group calculates and tracks greenhouse gas emissions (Scope 1, 2 and 3) in its value chain. For calculation and assessme",essage Value Creation Foundation Enhancement Data 68 Foundation Enhancement Metrics and Targets The Mitsubishi Electric Group calculates and tracks greenhous...,Review only: keep out of accepted standard-company conclusions until page-level evidence explicitly names the series.,仅供复核：页级证据明确命名具体系列前，不进入已采信标准-企业结论。
r416_mitsubishielectric,416,MITSUBISHI ELECTRIC,三菱电机股份有限公司,C,Manufacturing,制造业,ghg_scope3_standard,GHG Protocol Corporate Value Chain (Scope 3) Accounting and Reporting Standard,GHG Protocol 企业价值链（Scope 3）核算与报告标准,Standard,标准,Value-chain emissions accounting standard,价值链排放核算标准,Scope 3 categories are GHG Protocol-specific category language.,Scope 3 类别是 GHG Protocol 特有的类别口径。,Scope 3 and Scope 3 category names are only used for GHG Protocol evidence.,Scope 3 及十五类类别口径只在 GHG Protocol 证据下使用。,contextual_scope_inventory_mapping,no_explicit_whitelisted_series_name_in_page_text,,3,69,MITSUBISHI ELECTRIC integrated_report2024_en.pdf,seed_batch_09,medium,"essage Value Creation Foundation Enhancement Data 68 Foundation Enhancement Metrics and Targets The Mitsubishi Electric Group calculates and tracks greenhouse gas emissions (Scope 1, 2 and 3) in its value chain. For calculation and assessme",essage Value Creation Foundation Enhancement Data 68 Foundation Enhancement Metrics and Targets The Mitsubishi Electric Group calculates and tracks greenhous...,Review only: keep out of accepted standard-company conclusions until page-level evidence explicitly names the series.,仅供复核：页级证据明确命名具体系列前，不进入已采信标准-企业结论。
r421_jardinematheson,421,JARDINE MATHESON,怡和集团,C,Manufacturing,制造业,ghg_scope2_guidance,GHG Protocol Scope 2 Guidance,GHG Protocol Scope 2 指南,Guidance,指南,Purchased electricity and energy method guidance,外购电力与能源口径指南,Location-based and market-based Scope 2 reporting are separated when cited.,原文显式引用时区分位置法与市场法 Scope 2 披露。,Scope 2 market-based and location-based language is treated as GHG-specific.,Scope 2 市场法/位置法术语只在 GHG Protocol 语境下使用。,contextual_scope_inventory_mapping,no_explicit_whitelisted_series_name_in_page_text,,3,29,2024_JARDINE MATHESON_sustainability_report.pdf,seed_batch_09,medium,"Jardines Sustainability Report 2024 29 Group performance Our approach to measuring and reporting scope 1 and 2 emissions and energy consumption is outlined in our internal GHG and Energy Measurement Guidelines, which are in line with the GH",Jardines Sustainability Report 2024 29 Group performance Our approach to measuring and reporting scope 1 and 2 emissions and energy consumption is outlined i...,Review only: keep out of accepted standard-company conclusions until page-level evidence explicitly names the series.,仅供复核：页级证据明确命名具体系列前，不进入已采信标准-企业结论。
r421_jardinematheson,421,JARDINE MATHESON,怡和集团,C,Manufacturing,制造业,ghg_scope3_calculation_guidance,GHG Protocol Scope 3 Calculation Guidance,GHG Protocol Scope 3 计算指南,Guidance,指南,Scope 3 inventory calculation guidance,Scope 3 清单计算指南,Companion calculation guidance for completing Scope 3 inventories.,配套计算指南，用于完成 Scope 3 清单。,Scope 3 categories are GHG-specific and only shown when the source uses that wording.,Scope 3 类别是 GHG 特有口径，仅在原文如此使用时展示。,contextual_scope_inventory_mapping,no_explicit_whitelisted_series_name_in_page_text,,1,29,2024_JARDINE MATHESON_sustainability_report.pdf,pdf_contextual_scope_inventory_mapping,pdf_page_backfill,"Structured standard tag: GHG Protocol; Standard role: Accounting standard Jardines Sustainability Report 2024 29 Group performance Our approach to measuring and reporting scope 1 and 2 emissions and energy consumption is outlined in our internal GHG and Energy Measurement Guidelines, which are in line with the GH 2024_JARDINE MATHESON_sustainability_report.…","Structured standard tag: GHG Protocol; Standard role: Accounting standard Jardines Sustainability Report 2024 29 Group performance Our approach to measuring and reporting scope 1 and 2 emissions and energy consumption is outlined in our internal GHG and Energy Measurement Guidelines, which are in line with the GH 2024_JARDINE MATHESON_sustainability_report.…",Review only: keep out of accepted standard-company conclusions until page-level evidence explicitly names the series.,仅供复核：页级证据明确命名具体系列前，不进入已采信标准-企业结论。
r421_jardinematheson,421,JARDINE MATHESON,怡和集团,C,Manufacturing,制造业,ghg_scope3_standard,GHG Protocol Corporate Value Chain (Scope 3) Accounting and Reporting Standard,GHG Protocol 企业价值链（Scope 3）核算与报告标准,Standard,标准,Value-chain emissions accounting standard,价值链排放核算标准,Scope 3 categories are GHG Protocol-specific category language.,Scope 3 类别是 GHG Protocol 特有的类别口径。,Scope 3 and Scope 3 category names are only used for GHG Protocol evidence.,Scope 3 及十五类类别口径只在 GHG Protocol 证据下使用。,contextual_scope_inventory_mapping,no_explicit_whitelisted_series_name_in_page_text,,1,29,2024_JARDINE MATHESON_sustainability_report.pdf,pdf_contextual_scope_inventory_mapping,pdf_page_backfill,"Structured standard tag: GHG Protocol; Standard role: Accounting standard Jardines Sustainability Report 2024 29 Group performance Our approach to measuring and reporting scope 1 and 2 emissions and energy consumption is outlined in our internal GHG and Energy Measurement Guidelines, which are in line with the GH 2024_JARDINE MATHESON_sustainability_report.…","Structured standard tag: GHG Protocol; Standard role: Accounting standard Jardines Sustainability Report 2024 29 Group performance Our approach to measuring and reporting scope 1 and 2 emissions and energy consumption is outlined in our internal GHG and Energy Measurement Guidelines, which are in line with the GH 2024_JARDINE MATHESON_sustainability_report.…",Review only: keep out of accepted standard-company conclusions until page-level evidence explicitly names the series.,仅供复核：页级证据明确命名具体系列前，不进入已采信标准-企业结论。
r422_mondelezinternational,422,MONDELEZ INTERNATIONAL,亿滋国际,C,Manufacturing,制造业,ghg_scope3_calculation_guidance,GHG Protocol Scope 3 Calculation Guidance,GHG Protocol Scope 3 计算指南,Guidance,指南,Scope 3 inventory calculation guidance,Scope 3 清单计算指南,Companion calculation guidance for completing Scope 3 inventories.,配套计算指南，用于完成 Scope 3 清单。,Scope 3 categories are GHG-specific and only shown when the source uses that wording.,Scope 3 类别是 GHG 特有口径，仅在原文如此使用时展示。,contextual_scope_inventory_mapping,no_explicit_whitelisted_series_name_in_page_text,,1,20,2024-MONDELEZ INTERNATIONAL-Snacking-Made-Right-ESG-Report.pdf,pdf_contextual_scope_inventory_mapping,pdf_page_backfill,"Structured standard tag: GHG Protocol; Standard role: Accounting standard ase year, including the reduction of absolute gross scope 1 and 2 GHG emissions by 50.4% within the same timeframe, in line with the 1.5ºC reduction pathway.(1) (26) This followed a thorough review of our carbon accounting documentation, in 2024-MONDELEZ INTERNATIONAL-Snacking-Made-Ri…","Structured standard tag: GHG Protocol; Standard role: Accounting standard ase year, including the reduction of absolute gross scope 1 and 2 GHG emissions by 50.4% within the same timeframe, in line with the 1.5ºC reduction pathway.(1) (26) This followed a thorough review of our carbon accounting documentation, in 2024-MONDELEZ INTERNATIONAL-Snacking-Made-Ri…",Review only: keep out of accepted standard-company conclusions until page-level evidence explicitly names the series.,仅供复核：页级证据明确命名具体系列前，不进入已采信标准-企业结论。
r422_mondelezinternational,422,MONDELEZ INTERNATIONAL,亿滋国际,C,Manufacturing,制造业,ghg_scope3_standard,GHG Protocol Corporate Value Chain (Scope 3) Accounting and Reporting Standard,GHG Protocol 企业价值链（Scope 3）核算与报告标准,Standard,标准,Value-chain emissions accounting standard,价值链排放核算标准,Scope 3 categories are GHG Protocol-specific category language.,Scope 3 类别是 GHG Protocol 特有的类别口径。,Scope 3 and Scope 3 category names are only used for GHG Protocol evidence.,Scope 3 及十五类类别口径只在 GHG Protocol 证据下使用。,contextual_scope_inventory_mapping,no_explicit_whitelisted_series_name_in_page_text,,1,20,2024-MONDELEZ INTERNATIONAL-Snacking-Made-Right-ESG-Report.pdf,pdf_contextual_scope_inventory_mapping,pdf_page_backfill,"Structured standard tag: GHG Protocol; Standard role: Accounting standard ase year, including the reduction of absolute gross scope 1 and 2 GHG emissions by 50.4% within the same timeframe, in line with the 1.5ºC reduction pathway.(1) (26) This followed a thorough review of our carbon accounting documentation, in 2024-MONDELEZ INTERNATIONAL-Snacking-Made-Ri…","Structured standard tag: GHG Protocol; Standard role: Accounting standard ase year, including the reduction of absolute gross scope 1 and 2 GHG emissions by 50.4% within the same timeframe, in line with the 1.5ºC reduction pathway.(1) (26) This followed a thorough review of our carbon accounting documentation, in 2024-MONDELEZ INTERNATIONAL-Snacking-Made-Ri…",Review only: keep out of accepted standard-company conclusions until page-level evidence explicitly names the series.,仅供复核：页级证据明确命名具体系列前，不进入已采信标准-企业结论。
r423_daiwahouseindustry,423,DAIWA HOUSE INDUSTRY,大和房建,E,Construction,建筑业,ghg_corporate_standard,GHG Protocol Corporate Accounting and Reporting Standard,GHG Protocol 企业核算与报告标准,Standard,标准,Corporate inventory accounting standard,企业组织层面清单核算标准,"Relevance, completeness, consistency, transparency, and accuracy.",相关性、完整性、一致性、透明性和准确性。,"Within GHG Protocol evidence, this may define Scope 1 and Scope 2 corporate inventory boundaries.",仅在 GHG Protocol 证据下使用 Scope 1/2 的组织层面清单口径。,contextual_scope_inventory_mapping,no_explicit_whitelisted_series_name_in_page_text,,1,132,2025 DAIWA HOUSE INDUSTRY_Sustainability_All.pdf,pdf_contextual_scope_inventory_mapping,pdf_page_backfill,Structured standard tag: GHG Protocol; Standard role: Accounting standard tions increases during the term (due to an acquisition etc.) Data on the relevant organization is included beginning with the subsequent fiscal year.  Main referential guidelines · Sustainability Reporting Standards by the GRI (Global Repo 2025 DAIWA HOUSE INDUSTRY_Sustainability_All…,Structured standard tag: GHG Protocol; Standard role: Accounting standard tions increases during the term (due to an acquisition etc.) Data on the relevant organization is included beginning with the subsequent fiscal year.  Main referential guidelines · Sustainability Reporting Standards by the GRI (Global Repo 2025 DAIWA HOUSE INDUSTRY_Sustainability_All…,Review only: keep out of accepted standard-company conclusions until page-level evidence explicitly names the series.,仅供复核：页级证据明确命名具体系列前，不进入已采信标准-企业结论。
r423_daiwahouseindustry,423,DAIWA HOUSE INDUSTRY,大和房建,E,Construction,建筑业,ghg_scope2_guidance,GHG Protocol Scope 2 Guidance,GHG Protocol Scope 2 指南,Guidance,指南,Purchased electricity and energy method guidance,外购电力与能源口径指南,Location-based and market-based Scope 2 reporting are separated when cited.,原文显式引用时区分位置法与市场法 Scope 2 披露。,Scope 2 market-based and location-based language is treated as GHG-specific.,Scope 2 市场法/位置法术语只在 GHG Protocol 语境下使用。,contextual_scope_inventory_mapping,no_explicit_whitelisted_series_name_in_page_text,,1,132,2025 DAIWA HOUSE INDUSTRY_Sustainability_All.pdf,pdf_contextual_scope_inventory_mapping,pdf_page_backfill,Structured standard tag: GHG Protocol; Standard role: Accounting standard tions increases during the term (due to an acquisition etc.) Data on the relevant organization is included beginning with the subsequent fiscal year.  Main referential guidelines · Sustainability Reporting Standards by the GRI (Global Repo 2025 DAIWA HOUSE INDUSTRY_Sustainability_All…,Structured standard tag: GHG Protocol; Standard role: Accounting standard tions increases during the term (due to an acquisition etc.) Data on the relevant organization is included beginning with the subsequent fiscal year.  Main referential guidelines · Sustainability Reporting Standards by the GRI (Global Repo 2025 DAIWA HOUSE INDUSTRY_Sustainability_All…,Review only: keep out of accepted standard-company conclusions until page-level evidence explicitly names the series.,仅供复核：页级证据明确命名具体系列前，不进入已采信标准-企业结论。
r423_daiwahouseindustry,423,DAIWA HOUSE INDUSTRY,大和房建,E,Construction,建筑业,ghg_scope3_calculation_guidance,GHG Protocol Scope 3 Calculation Guidance,GHG Protocol Scope 3 计算指南,Guidance,指南,Scope 3 inventory calculation guidance,Scope 3 清单计算指南,Companion calculation guidance for completing Scope 3 inventories.,配套计算指南，用于完成 Scope 3 清单。,Scope 3 categories are GHG-specific and only shown when the source uses that wording.,Scope 3 类别是 GHG 特有口径，仅在原文如此使用时展示。,contextual_scope_inventory_mapping,no_explicit_whitelisted_series_name_in_page_text,,1,132,2025 DAIWA HOUSE INDUSTRY_Sustainability_All.pdf,pdf_contextual_scope_inventory_mapping,pdf_page_backfill,Structured standard tag: GHG Protocol; Standard role: Accounting standard tions increases during the term (due to an acquisition etc.) Data on the relevant organization is included beginning with the subsequent fiscal year.  Main referential guidelines · Sustainability Reporting Standards by the GRI (Global Repo 2025 DAIWA HOUSE INDUSTRY_Sustainability_All…,Structured standard tag: GHG Protocol; Standard role: Accounting standard tions increases during the term (due to an acquisition etc.) Data on the relevant organization is included beginning with the subsequent fiscal year.  Main referential guidelines · Sustainability Reporting Standards by the GRI (Global Repo 2025 DAIWA HOUSE INDUSTRY_Sustainability_All…,Review only: keep out of accepted standard-company conclusions until page-level evidence explicitly names the series.,仅供复核：页级证据明确命名具体系列前，不进入已采信标准-企业结论。
r423_daiwahouseindustry,423,DAIWA HOUSE INDUSTRY,大和房建,E,Construction,建筑业,ghg_scope3_standard,GHG Protocol Corporate Value Chain (Scope 3) Accounting and Reporting Standard,GHG Protocol 企业价值链（Scope 3）核算与报告标准,Standard,标准,Value-chain emissions accounting standard,价值链排放核算标准,Scope 3 categories are GHG Protocol-specific category language.,Scope 3 类别是 GHG Protocol 特有的类别口径。,Scope 3 and Scope 3 category names are only used for GHG Protocol evidence.,Scope 3 及十五类类别口径只在 GHG Protocol 证据下使用。,contextual_scope_inventory_mapping,no_explicit_whitelisted_series_name_in_page_text,,1,132,2025 DAIWA HOUSE INDUSTRY_Sustainability_All.pdf,pdf_contextual_scope_inventory_mapping,pdf_page_backfill,Structured standard tag: GHG Protocol; Standard role: Accounting standard tions increases during the term (due to an acquisition etc.) Data on the relevant organization is included beginning with the subsequent fiscal year.  Main referential guidelines · Sustainability Reporting Standards by the GRI (Global Repo 2025 DAIWA HOUSE INDUSTRY_Sustainability_All…,Structured standard tag: GHG Protocol; Standard role: Accounting standard tions increases during the term (due to an acquisition etc.) Data on the relevant organization is included beginning with the subsequent fiscal year.  Main referential guidelines · Sustainability Reporting Standards by the GRI (Global Repo 2025 DAIWA HOUSE INDUSTRY_Sustainability_All…,Review only: keep out of accepted standard-company conclusions until page-level evidence explicitly names the series.,仅供复核：页级证据明确命名具体系列前，不进入已采信标准-企业结论。
r424_starbucks,424,STARBUCKS,星巴克公司,H,Accommodation and Catering,住宿和餐饮业,ghg_corporate_standard,GHG Protocol Corporate Accounting and Reporting Standard,GHG Protocol 企业核算与报告标准,Standard,标准,Corporate inventory accounting standard,企业组织层面清单核算标准,"Relevance, completeness, consistency, transparency, and accuracy.",相关性、完整性、一致性、透明性和准确性。,"Within GHG Protocol evidence, this may define Scope 1 and Scope 2 corporate inventory boundaries.",仅在 GHG Protocol 证据下使用 Scope 1/2 的组织层面清单口径。,contextual_scope_inventory_mapping,no_explicit_whitelisted_series_name_in_page_text,,3,45,Starbucks-Fiscal-2024-Global-Impact-Report.pdf,seed_batch_09,medium,"cocoa, dairy, food, and other beverage ingredients. 10Category 1 emissions include the emissions from the goods and services purchased by Starbucks Corporation; Purchases made by licensees for key commodities are included in category 14 as","cocoa, dairy, food, and other beverage ingredients. 10Category 1 emissions include the emissions from the goods and services purchased by Starbucks Corporat...",Review only: keep out of accepted standard-company conclusions until page-level evidence explicitly names the series.,仅供复核：页级证据明确命名具体系列前，不进入已采信标准-企业结论。
r424_starbucks,424,STARBUCKS,星巴克公司,H,Accommodation and Catering,住宿和餐饮业,ghg_scope2_guidance,GHG Protocol Scope 2 Guidance,GHG Protocol Scope 2 指南,Guidance,指南,Purchased electricity and energy method guidance,外购电力与能源口径指南,Location-based and market-based Scope 2 reporting are separated when cited.,原文显式引用时区分位置法与市场法 Scope 2 披露。,Scope 2 market-based and location-based language is treated as GHG-specific.,Scope 2 市场法/位置法术语只在 GHG Protocol 语境下使用。,contextual_scope_inventory_mapping,no_explicit_whitelisted_series_name_in_page_text,,3,45,Starbucks-Fiscal-2024-Global-Impact-Report.pdf,seed_batch_09,medium,"cocoa, dairy, food, and other beverage ingredients. 10Category 1 emissions include the emissions from the goods and services purchased by Starbucks Corporation; Purchases made by licensees for key commodities are included in category 14 as","cocoa, dairy, food, and other beverage ingredients. 10Category 1 emissions include the emissions from the goods and services purchased by Starbucks Corporat...",Review only: keep out of accepted standard-company conclusions until page-level evidence explicitly names the series.,仅供复核：页级证据明确命名具体系列前，不进入已采信标准-企业结论。
r424_starbucks,424,STARBUCKS,星巴克公司,H,Accommodation and Catering,住宿和餐饮业,ghg_scope3_calculation_guidance,GHG Protocol Scope 3 Calculation Guidance,GHG Protocol Scope 3 计算指南,Guidance,指南,Scope 3 inventory calculation guidance,Scope 3 清单计算指南,Companion calculation guidance for completing Scope 3 inventories.,配套计算指南，用于完成 Scope 3 清单。,Scope 3 categories are GHG-specific and only shown when the source uses that wording.,Scope 3 类别是 GHG 特有口径，仅在原文如此使用时展示。,contextual_scope_inventory_mapping,no_explicit_whitelisted_series_name_in_page_text,,3,45,Starbucks-Fiscal-2024-Global-Impact-Report.pdf,seed_batch_09,medium,"cocoa, dairy, food, and other beverage ingredients. 10Category 1 emissions include the emissions from the goods and services purchased by Starbucks Corporation; Purchases made by licensees for key commodities are included in category 14 as","cocoa, dairy, food, and other beverage ingredients. 10Category 1 emissions include the emissions from the goods and services purchased by Starbucks Corporat...",Review only: keep out of accepted standard-company conclusions until page-level evidence explicitly names the series.,仅供复核：页级证据明确命名具体系列前，不进入已采信标准-企业结论。
r424_starbucks,424,STARBUCKS,星巴克公司,H,Accommodation and Catering,住宿和餐饮业,ghg_scope3_standard,GHG Protocol Corporate Value Chain (Scope 3) Accounting and Reporting Standard,GHG Protocol 企业价值链（Scope 3）核算与报告标准,Standard,标准,Value-chain emissions accounting standard,价值链排放核算标准,Scope 3 categories are GHG Protocol-specific category language.,Scope 3 类别是 GHG Protocol 特有的类别口径。,Scope 3 and Scope 3 category names are only used for GHG Protocol evidence.,Scope 3 及十五类类别口径只在 GHG Protocol 证据下使用。,contextual_scope_inventory_mapping,no_explicit_whitelisted_series_name_in_page_text,,3,45,Starbucks-Fiscal-2024-Global-Impact-Report.pdf,seed_batch_09,medium,"cocoa, dairy, food, and other beverage ingredients. 10Category 1 emissions include the emissions from the goods and services purchased by Starbucks Corporation; Purchases made by licensees for key commodities are included in category 14 as","cocoa, dairy, food, and other beverage ingredients. 10Category 1 emissions include the emissions from the goods and services purchased by Starbucks Corporat...",Review only: keep out of accepted standard-company conclusions until page-level evidence explicitly names the series.,仅供复核：页级证据明确命名具体系列前，不进入已采信标准-企业结论。
r425_olamgroup,425,OLAM GROUP,新加坡奥兰集团,C,Manufacturing,制造业,ghg_corporate_standard,GHG Protocol Corporate Accounting and Reporting Standard,GHG Protocol 企业核算与报告标准,Standard,标准,Corporate inventory accounting standard,企业组织层面清单核算标准,"Relevance, completeness, consistency, transparency, and accuracy.",相关性、完整性、一致性、透明性和准确性。,"Within GHG Protocol evidence, this may define Scope 1 and Scope 2 corporate inventory boundaries.",仅在 GHG Protocol 证据下使用 Scope 1/2 的组织层面清单口径。,contextual_scope_inventory_mapping,no_explicit_whitelisted_series_name_in_page_text,,3,99,OLAM GROUP_annual_report_2024.pdf,seed_batch_09,medium,"ions by 30.3% by 2030. Measuring Olam Group’s carbon footprint is the first step in informing our climate transition approach. To improve the accuracy of carbon footprint measurements, we use corporate footprint accounting tools and process",ions by 30.3% by 2030. Measuring Olam Group’s carbon footprint is the first step in informing our climate transition approach. To improve the accuracy of car...,Review only: keep out of accepted standard-company conclusions until page-level evidence explicitly names the series.,仅供复核：页级证据明确命名具体系列前，不进入已采信标准-企业结论。
r425_olamgroup,425,OLAM GROUP,新加坡奥兰集团,C,Manufacturing,制造业,ghg_land_sector_removals_standard,GHG Protocol Land Sector and Removals Standard,GHG Protocol 土地部门与碳移除标准,Standard,标准,Land emissions and removals accounting standard,土地排放与碳移除核算标准,"Quantify, report, and track land-sector emissions, CO2 removals, and related metrics.",量化、报告和跟踪土地部门排放、二氧化碳移除及相关指标。,Use land-sector/removals wording; do not translate removals into corporate Scope totals unless cited that way.,使用土地部门/移除口径；除非原文如此引用，不直接改写为企业 Scope 总量。,contextual_scope_inventory_mapping,no_explicit_whitelisted_series_name_in_page_text,,1,99,OLAM GROUP_annual_report_2024.pdf,pdf_contextual_scope_inventory_mapping,pdf_page_backfill,"Structured standard tag: GHG Protocol; Standard role: Accounting standard ions by 30.3% by 2030. Measuring Olam Group’s carbon footprint is the first step in informing our climate transition approach. To improve the accuracy of carbon footprint measurements, we use corporate footprint accounting tools and process OLAM GROUP_annual_report_2024.pdf In June, a…","Structured standard tag: GHG Protocol; Standard role: Accounting standard ions by 30.3% by 2030. Measuring Olam Group’s carbon footprint is the first step in informing our climate transition approach. To improve the accuracy of carbon footprint measurements, we use corporate footprint accounting tools and process OLAM GROUP_annual_report_2024.pdf In June, a…",Review only: keep out of accepted standard-company conclusions until page-level evidence explicitly names the series.,仅供复核：页级证据明确命名具体系列前，不进入已采信标准-企业结论。
r425_olamgroup,425,OLAM GROUP,新加坡奥兰集团,C,Manufacturing,制造业,ghg_scope2_guidance,GHG Protocol Scope 2 Guidance,GHG Protocol Scope 2 指南,Guidance,指南,Purchased electricity and energy method guidance,外购电力与能源口径指南,Location-based and market-based Scope 2 reporting are separated when cited.,原文显式引用时区分位置法与市场法 Scope 2 披露。,Scope 2 market-based and location-based language is treated as GHG-specific.,Scope 2 市场法/位置法术语只在 GHG Protocol 语境下使用。,contextual_scope_inventory_mapping,no_explicit_whitelisted_series_name_in_page_text,,1,99,OLAM GROUP_annual_report_2024.pdf,pdf_contextual_scope_inventory_mapping,pdf_page_backfill,"Structured standard tag: GHG Protocol; Standard role: Accounting standard ions by 30.3% by 2030. Measuring Olam Group’s carbon footprint is the first step in informing our climate transition approach. To improve the accuracy of carbon footprint measurements, we use corporate footprint accounting tools and process OLAM GROUP_annual_report_2024.pdf In June, a…","Structured standard tag: GHG Protocol; Standard role: Accounting standard ions by 30.3% by 2030. Measuring Olam Group’s carbon footprint is the first step in informing our climate transition approach. To improve the accuracy of carbon footprint measurements, we use corporate footprint accounting tools and process OLAM GROUP_annual_report_2024.pdf In June, a…",Review only: keep out of accepted standard-company conclusions until page-level evidence explicitly names the series.,仅供复核：页级证据明确命名具体系列前，不进入已采信标准-企业结论。
r425_olamgroup,425,OLAM GROUP,新加坡奥兰集团,C,Manufacturing,制造业,ghg_scope3_calculation_guidance,GHG Protocol Scope 3 Calculation Guidance,GHG Protocol Scope 3 计算指南,Guidance,指南,Scope 3 inventory calculation guidance,Scope 3 清单计算指南,Companion calculation guidance for completing Scope 3 inventories.,配套计算指南，用于完成 Scope 3 清单。,Scope 3 categories are GHG-specific and only shown when the source uses that wording.,Scope 3 类别是 GHG 特有口径，仅在原文如此使用时展示。,contextual_scope_inventory_mapping,no_explicit_whitelisted_series_name_in_page_text,,1,99,OLAM GROUP_annual_report_2024.pdf,pdf_contextual_scope_inventory_mapping,pdf_page_backfill,"Structured standard tag: GHG Protocol; Standard role: Accounting standard ions by 30.3% by 2030. Measuring Olam Group’s carbon footprint is the first step in informing our climate transition approach. To improve the accuracy of carbon footprint measurements, we use corporate footprint accounting tools and process OLAM GROUP_annual_report_2024.pdf In June, a…","Structured standard tag: GHG Protocol; Standard role: Accounting standard ions by 30.3% by 2030. Measuring Olam Group’s carbon footprint is the first step in informing our climate transition approach. To improve the accuracy of carbon footprint measurements, we use corporate footprint accounting tools and process OLAM GROUP_annual_report_2024.pdf In June, a…",Review only: keep out of accepted standard-company conclusions until page-level evidence explicitly names the series.,仅供复核：页级证据明确命名具体系列前，不进入已采信标准-企业结论。
r425_olamgroup,425,OLAM GROUP,新加坡奥兰集团,C,Manufacturing,制造业,ghg_scope3_standard,GHG Protocol Corporate Value Chain (Scope 3) Accounting and Reporting Standard,GHG Protocol 企业价值链（Scope 3）核算与报告标准,Standard,标准,Value-chain emissions accounting standard,价值链排放核算标准,Scope 3 categories are GHG Protocol-specific category language.,Scope 3 类别是 GHG Protocol 特有的类别口径。,Scope 3 and Scope 3 category names are only used for GHG Protocol evidence.,Scope 3 及十五类类别口径只在 GHG Protocol 证据下使用。,contextual_scope_inventory_mapping,no_explicit_whitelisted_series_name_in_page_text,,1,99,OLAM GROUP_annual_report_2024.pdf,pdf_contextual_scope_inventory_mapping,pdf_page_backfill,"Structured standard tag: GHG Protocol; Standard role: Accounting standard ions by 30.3% by 2030. Measuring Olam Group’s carbon footprint is the first step in informing our climate transition approach. To improve the accuracy of carbon footprint measurements, we use corporate footprint accounting tools and process OLAM GROUP_annual_report_2024.pdf In June, a…","Structured standard tag: GHG Protocol; Standard role: Accounting standard ions by 30.3% by 2030. Measuring Olam Group’s carbon footprint is the first step in informing our climate transition approach. To improve the accuracy of carbon footprint measurements, we use corporate footprint accounting tools and process OLAM GROUP_annual_report_2024.pdf In June, a…",Review only: keep out of accepted standard-company conclusions until page-level evidence explicitly names the series.,仅供复核：页级证据明确命名具体系列前，不进入已采信标准-企业结论。
r426_qualcomm,426,QUALCOMM,高通,C,Manufacturing,制造业,ghg_scope3_calculation_guidance,GHG Protocol Scope 3 Calculation Guidance,GHG Protocol Scope 3 计算指南,Guidance,指南,Scope 3 inventory calculation guidance,Scope 3 清单计算指南,Companion calculation guidance for completing Scope 3 inventories.,配套计算指南，用于完成 Scope 3 清单。,Scope 3 categories are GHG-specific and only shown when the source uses that wording.,Scope 3 类别是 GHG 特有口径，仅在原文如此使用时展示。,contextual_overmapped_review,no_explicit_whitelisted_series_name_in_page_text,,1,50,2024-qualcomm-corporate-responsibility-report.pdf,pdf_contextual_scope_inventory_mapping,pdf_page_backfill,Structured standard tag: GHG Protocol; Standard role: Accounting standard 30 Annual avoided emissions of CO2e due to cumulative investments made for energy efficiency for global facilities. 31 GHG emissions data are calculated using the GHG Protocol Corporate Accounting and Reporting Standard. Our Environment Uni 2024-qualcomm-corporate-responsibility-repor…,Structured standard tag: GHG Protocol; Standard role: Accounting standard 30 Annual avoided emissions of CO2e due to cumulative investments made for energy efficiency for global facilities. 31 GHG emissions data are calculated using the GHG Protocol Corporate Accounting and Reporting Standard. Our Environment Uni 2024-qualcomm-corporate-responsibility-repor…,Review only: keep out of accepted standard-company conclusions until page-level evidence explicitly names the series.,仅供复核：页级证据明确命名具体系列前，不进入已采信标准-企业结论。
r426_qualcomm,426,QUALCOMM,高通,C,Manufacturing,制造业,ghg_scope3_standard,GHG Protocol Corporate Value Chain (Scope 3) Accounting and Reporting Standard,GHG Protocol 企业价值链（Scope 3）核算与报告标准,Standard,标准,Value-chain emissions accounting standard,价值链排放核算标准,Scope 3 categories are GHG Protocol-specific category language.,Scope 3 类别是 GHG Protocol 特有的类别口径。,Scope 3 and Scope 3 category names are only used for GHG Protocol evidence.,Scope 3 及十五类类别口径只在 GHG Protocol 证据下使用。,contextual_overmapped_review,no_explicit_whitelisted_series_name_in_page_text,,2,50 | 51,2024-qualcomm-corporate-responsibility-report.pdf,pdf_explicit_series_citation,pdf_page_backfill,"oxide (N2O) CO2e metric tons 1,056 NR NR 50 Appendix Operating Sustainably Acting Responsibly Digital Transformation About Qualcomm 2024 QUALCOMM CORPORATE RESPONSIBILITY REPORT | Progress Our Environment Units 2024 2023 2022 GHG Emissions31 (Continued) Total Scope 3-Other indirect GHG emissions by weight32 CO2e metric tons 3,935,138 5,070,086 6,394,094 Pur…","oxide (N2O) CO2e metric tons 1,056 NR NR 50 Appendix Operating Sustainably Acting Responsibly Digital Transformation About Qualcomm 2024 QUALCOMM CORPORATE RESPONSIBILITY REPORT | Progress Our Environment Units 2024 2023 2022 GHG Emissions31 (Continued) Total Scope 3-Other indirect GHG emissions by weight32 CO2e metric tons 3,935,138 5,070,086 6,394,094 Pur…",Review only: keep out of accepted standard-company conclusions until page-level evidence explicitly names the series.,仅供复核：页级证据明确命名具体系列前，不进入已采信标准-企业结论。
r427_broadcom,427,BROADCOM,博通公司,C,Manufacturing,制造业,ghg_scope3_standard,GHG Protocol Corporate Value Chain (Scope 3) Accounting and Reporting Standard,GHG Protocol 企业价值链（Scope 3）核算与报告标准,Standard,标准,Value-chain emissions accounting standard,价值链排放核算标准,Scope 3 categories are GHG Protocol-specific category language.,Scope 3 类别是 GHG Protocol 特有的类别口径。,Scope 3 and Scope 3 category names are only used for GHG Protocol evidence.,Scope 3 及十五类类别口径只在 GHG Protocol 证据下使用。,contextual_overmapped_review,no_explicit_whitelisted_series_name_in_page_text,,4,2 | 61,broadcom-2024-corpresponsibility-final.pdf,seed_batch_09,medium,"GUIDELINES & CONTENT We prepared this report using the Global Reporting Initiative (GRI) Sustainability Reporting Standards (core option), the Sustainability Accounting Standards Board (SASB) Semiconductors and Software and IT Services Indu","GUIDELINES & CONTENT We prepared this report using the Global Reporting Initiative (GRI) Sustainability Reporting Standards (core option), the Sustainability...",Review only: keep out of accepted standard-company conclusions until page-level evidence explicitly names the series.,仅供复核：页级证据明确命名具体系列前，不进入已采信标准-企业结论。
r431_elo集团,431,ELO,ELO,F,Wholesale and Retail Trade,批发和零售业,ghg_corporate_standard,GHG Protocol Corporate Accounting and Reporting Standard,GHG Protocol 企业核算与报告标准,Standard,标准,Corporate inventory accounting standard,企业组织层面清单核算标准,"Relevance, completeness, consistency, transparency, and accuracy.",相关性、完整性、一致性、透明性和准确性。,"Within GHG Protocol evidence, this may define Scope 1 and Scope 2 corporate inventory boundaries.",仅在 GHG Protocol 证据下使用 Scope 1/2 的组织层面清单口径。,contextual_scope_inventory_mapping,no_explicit_whitelisted_series_name_in_page_text,,3,74,RFA_ELO_2024_EN-1.pdf,seed_batch_09,medium,"onmental IROs > For climate-related IROs E1.IRO-1 To identify and assess its impact on climate change, and in particular its GHG emissions, the Group carried out a full carbon assessment of all its activities in 2023. This assessment was ca","onmental IROs > For climate-related IROs E1.IRO-1 To identify and assess its impact on climate change, and in particular its GHG emissions, the Group carried...",Review only: keep out of accepted standard-company conclusions until page-level evidence explicitly names the series.,仅供复核：页级证据明确命名具体系列前，不进入已采信标准-企业结论。
r431_elo集团,431,ELO,ELO,F,Wholesale and Retail Trade,批发和零售业,ghg_scope2_guidance,GHG Protocol Scope 2 Guidance,GHG Protocol Scope 2 指南,Guidance,指南,Purchased electricity and energy method guidance,外购电力与能源口径指南,Location-based and market-based Scope 2 reporting are separated when cited.,原文显式引用时区分位置法与市场法 Scope 2 披露。,Scope 2 market-based and location-based language is treated as GHG-specific.,Scope 2 市场法/位置法术语只在 GHG Protocol 语境下使用。,contextual_scope_inventory_mapping,no_explicit_whitelisted_series_name_in_page_text,,2,74,RFA_ELO_2024_EN-1.pdf,seed_batch_09,medium,"onmental IROs > For climate-related IROs E1.IRO-1 To identify and assess its impact on climate change, and in particular its GHG emissions, the Group carried out a full carbon assessment of all its activities in 2023. This assessment was ca","onmental IROs > For climate-related IROs E1.IRO-1 To identify and assess its impact on climate change, and in particular its GHG emissions, the Group carried...",Review only: keep out of accepted standard-company conclusions until page-level evidence explicitly names the series.,仅供复核：页级证据明确命名具体系列前，不进入已采信标准-企业结论。
r431_elo集团,431,ELO,ELO,F,Wholesale and Retail Trade,批发和零售业,ghg_scope3_calculation_guidance,GHG Protocol Scope 3 Calculation Guidance,GHG Protocol Scope 3 计算指南,Guidance,指南,Scope 3 inventory calculation guidance,Scope 3 清单计算指南,Companion calculation guidance for completing Scope 3 inventories.,配套计算指南，用于完成 Scope 3 清单。,Scope 3 categories are GHG-specific and only shown when the source uses that wording.,Scope 3 类别是 GHG 特有口径，仅在原文如此使用时展示。,contextual_scope_inventory_mapping,no_explicit_whitelisted_series_name_in_page_text,,3,74,RFA_ELO_2024_EN-1.pdf,seed_batch_09,medium,"onmental IROs > For climate-related IROs E1.IRO-1 To identify and assess its impact on climate change, and in particular its GHG emissions, the Group carried out a full carbon assessment of all its activities in 2023. This assessment was ca","onmental IROs > For climate-related IROs E1.IRO-1 To identify and assess its impact on climate change, and in particular its GHG emissions, the Group carried...",Review only: keep out of accepted standard-company conclusions until page-level evidence explicitly names the series.,仅供复核：页级证据明确命名具体系列前，不进入已采信标准-企业结论。
r431_elo集团,431,ELO,ELO,F,Wholesale and Retail Trade,批发和零售业,ghg_scope3_standard,GHG Protocol Corporate Value Chain (Scope 3) Accounting and Reporting Standard,GHG Protocol 企业价值链（Scope 3）核算与报告标准,Standard,标准,Value-chain emissions accounting standard,价值链排放核算标准,Scope 3 categories are GHG Protocol-specific category language.,Scope 3 类别是 GHG Protocol 特有的类别口径。,Scope 3 and Scope 3 category names are only used for GHG Protocol evidence.,Scope 3 及十五类类别口径只在 GHG Protocol 证据下使用。,contextual_scope_inventory_mapping,no_explicit_whitelisted_series_name_in_page_text,,3,74,RFA_ELO_2024_EN-1.pdf,seed_batch_09,medium,"onmental IROs > For climate-related IROs E1.IRO-1 To identify and assess its impact on climate change, and in particular its GHG emissions, the Group carried out a full carbon assessment of all its activities in 2023. This assessment was ca","onmental IROs > For climate-related IROs E1.IRO-1 To identify and assess its impact on climate change, and in particular its GHG emissions, the Group carried...",Review only: keep out of accepted standard-company conclusions until page-level evidence explicitly names the series.,仅供复核：页级证据明确命名具体系列前，不进入已采信标准-企业结论。
r433_mercadona公司,433,Mercadona,Mercadona,F,Wholesale and Retail Trade,批发和零售业,ghg_corporate_standard,GHG Protocol Corporate Accounting and Reporting Standard,GHG Protocol 企业核算与报告标准,Standard,标准,Corporate inventory accounting standard,企业组织层面清单核算标准,"Relevance, completeness, consistency, transparency, and accuracy.",相关性、完整性、一致性、透明性和准确性。,"Within GHG Protocol evidence, this may define Scope 1 and Scope 2 corporate inventory boundaries.",仅在 GHG Protocol 证据下使用 Scope 1/2 的组织层面清单口径。,contextual_scope_inventory_mapping,no_explicit_whitelisted_series_name_in_page_text,,3,87,Mercadona-annual-report-2024.pdf,seed_batch_09,medium,"nd climate change Every year, Mercadona analyses its carbon footprint to determine its evolution and establish new objectives and strategies to accelerate the reduction of its impact. Over the last twelve months, following the application o","nd climate change Every year, Mercadona analyses its carbon footprint to determine its evolution and establish new objectives and strategies to accelerate th...",Review only: keep out of accepted standard-company conclusions until page-level evidence explicitly names the series.,仅供复核：页级证据明确命名具体系列前，不进入已采信标准-企业结论。
r434_drhorton公司,434,D.R. Horton,D.R. Horton,E,Construction,建筑业,ghg_corporate_standard,GHG Protocol Corporate Accounting and Reporting Standard,GHG Protocol 企业核算与报告标准,Standard,标准,Corporate inventory accounting standard,企业组织层面清单核算标准,"Relevance, completeness, consistency, transparency, and accuracy.",相关性、完整性、一致性、透明性和准确性。,"Within GHG Protocol evidence, this may define Scope 1 and Scope 2 corporate inventory boundaries.",仅在 GHG Protocol 证据下使用 Scope 1/2 的组织层面清单口径。,contextual_scope_inventory_mapping,no_explicit_whitelisted_series_name_in_page_text,,3,76,d-r-horton-inc-fy2024-sustainability-report.pdf,seed_batch_09,medium,"G emissions used recognized emission factors from The Climate Registry, Intergovernmental Panel on Climate Change (IPCC) and the United States Environmental Protection Agency (EPA). Our GHG emissions were classified into two categories, in","G emissions used recognized emission factors from The Climate Registry, Intergovernmental Panel on Climate Change (IPCC) and the United States Environmental ...",Review only: keep out of accepted standard-company conclusions until page-level evidence explicitly names the series.,仅供复核：页级证据明确命名具体系列前，不进入已采信标准-企业结论。
r434_drhorton公司,434,D.R. Horton,D.R. Horton,E,Construction,建筑业,ghg_scope2_guidance,GHG Protocol Scope 2 Guidance,GHG Protocol Scope 2 指南,Guidance,指南,Purchased electricity and energy method guidance,外购电力与能源口径指南,Location-based and market-based Scope 2 reporting are separated when cited.,原文显式引用时区分位置法与市场法 Scope 2 披露。,Scope 2 market-based and location-based language is treated as GHG-specific.,Scope 2 市场法/位置法术语只在 GHG Protocol 语境下使用。,contextual_scope_inventory_mapping,no_explicit_whitelisted_series_name_in_page_text,,3,76,d-r-horton-inc-fy2024-sustainability-report.pdf,seed_batch_09,medium,"G emissions used recognized emission factors from The Climate Registry, Intergovernmental Panel on Climate Change (IPCC) and the United States Environmental Protection Agency (EPA). Our GHG emissions were classified into two categories, in","G emissions used recognized emission factors from The Climate Registry, Intergovernmental Panel on Climate Change (IPCC) and the United States Environmental ...",Review only: keep out of accepted standard-company conclusions until page-level evidence explicitly names the series.,仅供复核：页级证据明确命名具体系列前，不进入已采信标准-企业结论。
r434_drhorton公司,434,D.R. Horton,D.R. Horton,E,Construction,建筑业,ghg_scope3_calculation_guidance,GHG Protocol Scope 3 Calculation Guidance,GHG Protocol Scope 3 计算指南,Guidance,指南,Scope 3 inventory calculation guidance,Scope 3 清单计算指南,Companion calculation guidance for completing Scope 3 inventories.,配套计算指南，用于完成 Scope 3 清单。,Scope 3 categories are GHG-specific and only shown when the source uses that wording.,Scope 3 类别是 GHG 特有口径，仅在原文如此使用时展示。,contextual_scope_inventory_mapping,no_explicit_whitelisted_series_name_in_page_text,,1,76,d-r-horton-inc-fy2024-sustainability-report.pdf,pdf_contextual_scope_inventory_mapping,pdf_page_backfill,"Structured standard tag: GHG Protocol; Standard role: Accounting standard G emissions used recognized emission factors from The Climate Registry, Intergovernmental Panel on Climate Change (IPCC) and the United States Environmental Protection Agency (EPA). Our GHG emissions were classified into two categories, in d-r-horton-inc-fy2024-sustainability-report.p…","Structured standard tag: GHG Protocol; Standard role: Accounting standard G emissions used recognized emission factors from The Climate Registry, Intergovernmental Panel on Climate Change (IPCC) and the United States Environmental Protection Agency (EPA). Our GHG emissions were classified into two categories, in d-r-horton-inc-fy2024-sustainability-report.p…",Review only: keep out of accepted standard-company conclusions until page-level evidence explicitly names the series.,仅供复核：页级证据明确命名具体系列前，不进入已采信标准-企业结论。
r440_philipmorrisinternational,440,PHILIP MORRIS INTERNATIONAL,菲利普－莫里斯国际公司,C,Manufacturing,制造业,ghg_corporate_standard,GHG Protocol Corporate Accounting and Reporting Standard,GHG Protocol 企业核算与报告标准,Standard,标准,Corporate inventory accounting standard,企业组织层面清单核算标准,"Relevance, completeness, consistency, transparency, and accuracy.",相关性、完整性、一致性、透明性和准确性。,"Within GHG Protocol evidence, this may define Scope 1 and Scope 2 corporate inventory boundaries.",仅在 GHG Protocol 证据下使用 Scope 1/2 的组织层面清单口径。,contextual_scope_inventory_mapping,no_explicit_whitelisted_series_name_in_page_text,,3,62,PHILIP MORRIS INTERNATIONAL-integrated-report-2024.pdf,seed_batch_09,medium,"nufacturing emissions intensity than cigarettes. Progress in 2024 122 Philip Morris International Integrated Report 2024 Highlights Challenges Overview of our GHG emission footprint We calculate our GHG emission footprint annually, followin",nufacturing emissions intensity than cigarettes. Progress in 2024 122 Philip Morris International Integrated Report 2024 Highlights Challenges Overview of ou...,Review only: keep out of accepted standard-company conclusions until page-level evidence explicitly names the series.,仅供复核：页级证据明确命名具体系列前，不进入已采信标准-企业结论。
r440_philipmorrisinternational,440,PHILIP MORRIS INTERNATIONAL,菲利普－莫里斯国际公司,C,Manufacturing,制造业,ghg_scope3_calculation_guidance,GHG Protocol Scope 3 Calculation Guidance,GHG Protocol Scope 3 计算指南,Guidance,指南,Scope 3 inventory calculation guidance,Scope 3 清单计算指南,Companion calculation guidance for completing Scope 3 inventories.,配套计算指南，用于完成 Scope 3 清单。,Scope 3 categories are GHG-specific and only shown when the source uses that wording.,Scope 3 类别是 GHG 特有口径，仅在原文如此使用时展示。,contextual_scope_inventory_mapping,no_explicit_whitelisted_series_name_in_page_text,,1,62,PHILIP MORRIS INTERNATIONAL-integrated-report-2024.pdf,pdf_contextual_scope_inventory_mapping,pdf_page_backfill,"Structured standard tag: GHG Protocol; Standard role: Accounting standard nufacturing emissions intensity than cigarettes. Progress in 2024 122 Philip Morris International Integrated Report 2024 Highlights Challenges Overview of our GHG emission footprint We calculate our GHG emission footprint annually, followin PHILIP MORRIS INTERNATIONAL-integrated-repor…","Structured standard tag: GHG Protocol; Standard role: Accounting standard nufacturing emissions intensity than cigarettes. Progress in 2024 122 Philip Morris International Integrated Report 2024 Highlights Challenges Overview of our GHG emission footprint We calculate our GHG emission footprint annually, followin PHILIP MORRIS INTERNATIONAL-integrated-repor…",Review only: keep out of accepted standard-company conclusions until page-level evidence explicitly names the series.,仅供复核：页级证据明确命名具体系列前，不进入已采信标准-企业结论。
r440_philipmorrisinternational,440,PHILIP MORRIS INTERNATIONAL,菲利普－莫里斯国际公司,C,Manufacturing,制造业,ghg_scope3_standard,GHG Protocol Corporate Value Chain (Scope 3) Accounting and Reporting Standard,GHG Protocol 企业价值链（Scope 3）核算与报告标准,Standard,标准,Value-chain emissions accounting standard,价值链排放核算标准,Scope 3 categories are GHG Protocol-specific category language.,Scope 3 类别是 GHG Protocol 特有的类别口径。,Scope 3 and Scope 3 category names are only used for GHG Protocol evidence.,Scope 3 及十五类类别口径只在 GHG Protocol 证据下使用。,contextual_scope_inventory_mapping,no_explicit_whitelisted_series_name_in_page_text,,1,62,PHILIP MORRIS INTERNATIONAL-integrated-report-2024.pdf,pdf_contextual_scope_inventory_mapping,pdf_page_backfill,"Structured standard tag: GHG Protocol; Standard role: Accounting standard nufacturing emissions intensity than cigarettes. Progress in 2024 122 Philip Morris International Integrated Report 2024 Highlights Challenges Overview of our GHG emission footprint We calculate our GHG emission footprint annually, followin PHILIP MORRIS INTERNATIONAL-integrated-repor…","Structured standard tag: GHG Protocol; Standard role: Accounting standard nufacturing emissions intensity than cigarettes. Progress in 2024 122 Philip Morris International Integrated Report 2024 Highlights Challenges Overview of our GHG emission footprint We calculate our GHG emission footprint annually, followin PHILIP MORRIS INTERNATIONAL-integrated-repor…",Review only: keep out of accepted standard-company conclusions until page-level evidence explicitly names the series.,仅供复核：页级证据明确命名具体系列前，不进入已采信标准-企业结论。
r441_paccar,441,PACCAR,帕卡公司,C,Manufacturing,制造业,ghg_corporate_standard,GHG Protocol Corporate Accounting and Reporting Standard,GHG Protocol 企业核算与报告标准,Standard,标准,Corporate inventory accounting standard,企业组织层面清单核算标准,"Relevance, completeness, consistency, transparency, and accuracy.",相关性、完整性、一致性、透明性和准确性。,"Within GHG Protocol evidence, this may define Scope 1 and Scope 2 corporate inventory boundaries.",仅在 GHG Protocol 证据下使用 Scope 1/2 的组织层面清单口径。,contextual_scope_inventory_mapping,no_explicit_whitelisted_series_name_in_page_text,,1,7,PACCAR-sasb-esg-combined-report-feb_2024.pdf,pdf_contextual_scope_inventory_mapping,pdf_page_backfill,"Structured standard tag: GHG Protocol; Standard role: Accounting standard 7 • Climate related opportunities, potential financial impact, and response strategy Metrics and Targets • Approved science-based targets • Other climate related targets • Net Zero target, in line with the latest climate science • GHG Proto PACCAR-sasb-esg-combined-report-feb_2024.pdf…","Structured standard tag: GHG Protocol; Standard role: Accounting standard 7 • Climate related opportunities, potential financial impact, and response strategy Metrics and Targets • Approved science-based targets • Other climate related targets • Net Zero target, in line with the latest climate science • GHG Proto PACCAR-sasb-esg-combined-report-feb_2024.pdf…",Review only: keep out of accepted standard-company conclusions until page-level evidence explicitly names the series.,仅供复核：页级证据明确命名具体系列前，不进入已采信标准-企业结论。
r441_paccar,441,PACCAR,帕卡公司,C,Manufacturing,制造业,ghg_scope2_guidance,GHG Protocol Scope 2 Guidance,GHG Protocol Scope 2 指南,Guidance,指南,Purchased electricity and energy method guidance,外购电力与能源口径指南,Location-based and market-based Scope 2 reporting are separated when cited.,原文显式引用时区分位置法与市场法 Scope 2 披露。,Scope 2 market-based and location-based language is treated as GHG-specific.,Scope 2 市场法/位置法术语只在 GHG Protocol 语境下使用。,contextual_scope_inventory_mapping,no_explicit_whitelisted_series_name_in_page_text,,1,7,PACCAR-sasb-esg-combined-report-feb_2024.pdf,pdf_contextual_scope_inventory_mapping,pdf_page_backfill,"Structured standard tag: GHG Protocol; Standard role: Accounting standard 7 • Climate related opportunities, potential financial impact, and response strategy Metrics and Targets • Approved science-based targets • Other climate related targets • Net Zero target, in line with the latest climate science • GHG Proto PACCAR-sasb-esg-combined-report-feb_2024.pdf…","Structured standard tag: GHG Protocol; Standard role: Accounting standard 7 • Climate related opportunities, potential financial impact, and response strategy Metrics and Targets • Approved science-based targets • Other climate related targets • Net Zero target, in line with the latest climate science • GHG Proto PACCAR-sasb-esg-combined-report-feb_2024.pdf…",Review only: keep out of accepted standard-company conclusions until page-level evidence explicitly names the series.,仅供复核：页级证据明确命名具体系列前，不进入已采信标准-企业结论。
r441_paccar,441,PACCAR,帕卡公司,C,Manufacturing,制造业,ghg_scope3_standard,GHG Protocol Corporate Value Chain (Scope 3) Accounting and Reporting Standard,GHG Protocol 企业价值链（Scope 3）核算与报告标准,Standard,标准,Value-chain emissions accounting standard,价值链排放核算标准,Scope 3 categories are GHG Protocol-specific category language.,Scope 3 类别是 GHG Protocol 特有的类别口径。,Scope 3 and Scope 3 category names are only used for GHG Protocol evidence.,Scope 3 及十五类类别口径只在 GHG Protocol 证据下使用。,contextual_scope_inventory_mapping,no_explicit_whitelisted_series_name_in_page_text,,1,7,PACCAR-sasb-esg-combined-report-feb_2024.pdf,pdf_contextual_scope_inventory_mapping,pdf_page_backfill,"Structured standard tag: GHG Protocol; Standard role: Accounting standard 7 • Climate related opportunities, potential financial impact, and response strategy Metrics and Targets • Approved science-based targets • Other climate related targets • Net Zero target, in line with the latest climate science • GHG Proto PACCAR-sasb-esg-combined-report-feb_2024.pdf…","Structured standard tag: GHG Protocol; Standard role: Accounting standard 7 • Climate related opportunities, potential financial impact, and response strategy Metrics and Targets • Approved science-based targets • Other climate related targets • Net Zero target, in line with the latest climate science • GHG Proto PACCAR-sasb-esg-combined-report-feb_2024.pdf…",Review only: keep out of accepted standard-company conclusions until page-level evidence explicitly names the series.,仅供复核：页级证据明确命名具体系列前，不进入已采信标准-企业结论。
r448_jabil,448,JABIL,捷普公司,C,Manufacturing,制造业,ghg_corporate_standard,GHG Protocol Corporate Accounting and Reporting Standard,GHG Protocol 企业核算与报告标准,Standard,标准,Corporate inventory accounting standard,企业组织层面清单核算标准,"Relevance, completeness, consistency, transparency, and accuracy.",相关性、完整性、一致性、透明性和准确性。,"Within GHG Protocol evidence, this may define Scope 1 and Scope 2 corporate inventory boundaries.",仅在 GHG Protocol 证据下使用 Scope 1/2 的组织层面清单口径。,contextual_scope_inventory_mapping,no_explicit_whitelisted_series_name_in_page_text,,3,55,2024 Sustainability Report_Jabil.pdf,seed_batch_10,medium,missions GRI 305-1 Direct GHG emissions (Scope 1) GRI 305-2 Indirect GHG emissions (Scope 2) GRI 305-3 Other indirect GHG emissions (Scope 3) GRI 305-4 GHG emissions intensity GRI 305-5 Reduction of GHG emissions Methodology used: • Accoun,missions GRI 305-1 Direct GHG emissions (Scope 1) GRI 305-2 Indirect GHG emissions (Scope 2) GRI 305-3 Other indirect GHG emissions (Scope 3) GRI 305-4 GHG e...,Review only: keep out of accepted standard-company conclusions until page-level evidence explicitly names the series.,仅供复核：页级证据明确命名具体系列前，不进入已采信标准-企业结论。
r448_jabil,448,JABIL,捷普公司,C,Manufacturing,制造业,ghg_scope2_guidance,GHG Protocol Scope 2 Guidance,GHG Protocol Scope 2 指南,Guidance,指南,Purchased electricity and energy method guidance,外购电力与能源口径指南,Location-based and market-based Scope 2 reporting are separated when cited.,原文显式引用时区分位置法与市场法 Scope 2 披露。,Scope 2 market-based and location-based language is treated as GHG-specific.,Scope 2 市场法/位置法术语只在 GHG Protocol 语境下使用。,contextual_scope_inventory_mapping,no_explicit_whitelisted_series_name_in_page_text,,3,55,2024 Sustainability Report_Jabil.pdf,seed_batch_10,medium,missions GRI 305-1 Direct GHG emissions (Scope 1) GRI 305-2 Indirect GHG emissions (Scope 2) GRI 305-3 Other indirect GHG emissions (Scope 3) GRI 305-4 GHG emissions intensity GRI 305-5 Reduction of GHG emissions Methodology used: • Accoun,missions GRI 305-1 Direct GHG emissions (Scope 1) GRI 305-2 Indirect GHG emissions (Scope 2) GRI 305-3 Other indirect GHG emissions (Scope 3) GRI 305-4 GHG e...,Review only: keep out of accepted standard-company conclusions until page-level evidence explicitly names the series.,仅供复核：页级证据明确命名具体系列前，不进入已采信标准-企业结论。
r448_jabil,448,JABIL,捷普公司,C,Manufacturing,制造业,ghg_scope3_calculation_guidance,GHG Protocol Scope 3 Calculation Guidance,GHG Protocol Scope 3 计算指南,Guidance,指南,Scope 3 inventory calculation guidance,Scope 3 清单计算指南,Companion calculation guidance for completing Scope 3 inventories.,配套计算指南，用于完成 Scope 3 清单。,Scope 3 categories are GHG-specific and only shown when the source uses that wording.,Scope 3 类别是 GHG 特有口径，仅在原文如此使用时展示。,contextual_scope_inventory_mapping,no_explicit_whitelisted_series_name_in_page_text,,3,55,2024 Sustainability Report_Jabil.pdf,seed_batch_10,medium,missions GRI 305-1 Direct GHG emissions (Scope 1) GRI 305-2 Indirect GHG emissions (Scope 2) GRI 305-3 Other indirect GHG emissions (Scope 3) GRI 305-4 GHG emissions intensity GRI 305-5 Reduction of GHG emissions Methodology used: • Accoun,missions GRI 305-1 Direct GHG emissions (Scope 1) GRI 305-2 Indirect GHG emissions (Scope 2) GRI 305-3 Other indirect GHG emissions (Scope 3) GRI 305-4 GHG e...,Review only: keep out of accepted standard-company conclusions until page-level evidence explicitly names the series.,仅供复核：页级证据明确命名具体系列前，不进入已采信标准-企业结论。
r448_jabil,448,JABIL,捷普公司,C,Manufacturing,制造业,ghg_scope3_standard,GHG Protocol Corporate Value Chain (Scope 3) Accounting and Reporting Standard,GHG Protocol 企业价值链（Scope 3）核算与报告标准,Standard,标准,Value-chain emissions accounting standard,价值链排放核算标准,Scope 3 categories are GHG Protocol-specific category language.,Scope 3 类别是 GHG Protocol 特有的类别口径。,Scope 3 and Scope 3 category names are only used for GHG Protocol evidence.,Scope 3 及十五类类别口径只在 GHG Protocol 证据下使用。,contextual_scope_inventory_mapping,no_explicit_whitelisted_series_name_in_page_text,,1,55,2024 Sustainability Report_Jabil.pdf,pdf_contextual_scope_inventory_mapping,pdf_page_backfill,Structured standard tag: GHG Protocol; Standard role: Accounting standard missions GRI 305-1 Direct GHG emissions (Scope 1) GRI 305-2 Indirect GHG emissions (Scope 2) GRI 305-3 Other indirect GHG emissions (Scope 3) GRI 305-4 GHG emissions intensity GRI 305-5 Reduction of GHG emissions Methodology used: • Accoun 2024 Sustainability Report_Jabil.pdf 53 JABI…,Structured standard tag: GHG Protocol; Standard role: Accounting standard missions GRI 305-1 Direct GHG emissions (Scope 1) GRI 305-2 Indirect GHG emissions (Scope 2) GRI 305-3 Other indirect GHG emissions (Scope 3) GRI 305-4 GHG emissions intensity GRI 305-5 Reduction of GHG emissions Methodology used: • Accoun 2024 Sustainability Report_Jabil.pdf 53 JABI…,Review only: keep out of accepted standard-company conclusions until page-level evidence explicitly names the series.,仅供复核：页级证据明确命名具体系列前，不进入已采信标准-企业结论。
r449_nationalaustraliabank,449,NATIONAL AUSTRALIA BANK,澳大利亚国民银行,J,Finance,金融业,ghg_scope2_guidance,GHG Protocol Scope 2 Guidance,GHG Protocol Scope 2 指南,Guidance,指南,Purchased electricity and energy method guidance,外购电力与能源口径指南,Location-based and market-based Scope 2 reporting are separated when cited.,原文显式引用时区分位置法与市场法 Scope 2 披露。,Scope 2 market-based and location-based language is treated as GHG-specific.,Scope 2 市场法/位置法术语只在 GHG Protocol 语境下使用。,contextual_scope_inventory_mapping,no_explicit_whitelisted_series_name_in_page_text,,2,66,2024-NATIONAL AUSTRALIA BANK-climate-report.pdf,seed_batch_10,medium,s identifying significant emission sources and implementing effective reduction measures in line with the GHG emissions reduction hierarchy. The Group adheres to the 'operational control' method for establishing our emissions reporting boun,s identifying significant emission sources and implementing effective reduction measures in line with the GHG emissions reduction hierarchy. The Group adhere...,Review only: keep out of accepted standard-company conclusions until page-level evidence explicitly names the series.,仅供复核：页级证据明确命名具体系列前，不进入已采信标准-企业结论。
r450_sap公司,450,SAP,SAP,C,Manufacturing,制造业,ghg_scope3_calculation_guidance,GHG Protocol Scope 3 Calculation Guidance,GHG Protocol Scope 3 计算指南,Guidance,指南,Scope 3 inventory calculation guidance,Scope 3 清单计算指南,Companion calculation guidance for completing Scope 3 inventories.,配套计算指南，用于完成 Scope 3 清单。,Scope 3 categories are GHG-specific and only shown when the source uses that wording.,Scope 3 类别是 GHG 特有口径，仅在原文如此使用时展示。,contextual_scope_inventory_mapping,no_explicit_whitelisted_series_name_in_page_text,,3,2,SAP integrated_report2024.pdf,seed_batch_10,medium,"pared in accordance with the European Sustainability Reporting Standards (ESRS), which require a report to provide a comprehensive picture of its material impacts, risks and opportunities and how these are managed. Greenhouse gas data is pr","pared in accordance with the European Sustainability Reporting Standards (ESRS), which require a report to provide a comprehensive picture of its material im...",Review only: keep out of accepted standard-company conclusions until page-level evidence explicitly names the series.,仅供复核：页级证据明确命名具体系列前，不进入已采信标准-企业结论。
r455_elililly,455,ELI LILLY,美国礼来公司,C,Manufacturing,制造业,ghg_scope2_guidance,GHG Protocol Scope 2 Guidance,GHG Protocol Scope 2 指南,Guidance,指南,Purchased electricity and energy method guidance,外购电力与能源口径指南,Location-based and market-based Scope 2 reporting are separated when cited.,原文显式引用时区分位置法与市场法 Scope 2 披露。,Scope 2 market-based and location-based language is treated as GHG-specific.,Scope 2 市场法/位置法术语只在 GHG Protocol 语境下使用。,contextual_scope_inventory_mapping,no_explicit_whitelisted_series_name_in_page_text,,3,15,2024_ELI LILLY-SustainabilityReport-20251020_FINAL.pdf,seed_batch_10,medium,"ily available, affiliates will continue offering fleet vehicles with more efficient fuel economy (e.g., hybrids and plug-in hybrids) and emphasizing sustainable driving and work practices in training programs. Scope 3 Emissions and Supply C","ily available, affiliates will continue offering fleet vehicles with more efficient fuel economy (e.g., hybrids and plug-in hybrids) and emphasizing sustaina...",Review only: keep out of accepted standard-company conclusions until page-level evidence explicitly names the series.,仅供复核：页级证据明确命名具体系列前，不进入已采信标准-企业结论。
r455_elililly,455,ELI LILLY,美国礼来公司,C,Manufacturing,制造业,ghg_scope3_calculation_guidance,GHG Protocol Scope 3 Calculation Guidance,GHG Protocol Scope 3 计算指南,Guidance,指南,Scope 3 inventory calculation guidance,Scope 3 清单计算指南,Companion calculation guidance for completing Scope 3 inventories.,配套计算指南，用于完成 Scope 3 清单。,Scope 3 categories are GHG-specific and only shown when the source uses that wording.,Scope 3 类别是 GHG 特有口径，仅在原文如此使用时展示。,contextual_scope_inventory_mapping,no_explicit_whitelisted_series_name_in_page_text,,3,15,2024_ELI LILLY-SustainabilityReport-20251020_FINAL.pdf,seed_batch_10,medium,"ily available, affiliates will continue offering fleet vehicles with more efficient fuel economy (e.g., hybrids and plug-in hybrids) and emphasizing sustainable driving and work practices in training programs. Scope 3 Emissions and Supply C","ily available, affiliates will continue offering fleet vehicles with more efficient fuel economy (e.g., hybrids and plug-in hybrids) and emphasizing sustaina...",Review only: keep out of accepted standard-company conclusions until page-level evidence explicitly names the series.,仅供复核：页级证据明确命名具体系列前，不进入已采信标准-企业结论。
r455_elililly,455,ELI LILLY,美国礼来公司,C,Manufacturing,制造业,ghg_scope3_standard,GHG Protocol Corporate Value Chain (Scope 3) Accounting and Reporting Standard,GHG Protocol 企业价值链（Scope 3）核算与报告标准,Standard,标准,Value-chain emissions accounting standard,价值链排放核算标准,Scope 3 categories are GHG Protocol-specific category language.,Scope 3 类别是 GHG Protocol 特有的类别口径。,Scope 3 and Scope 3 category names are only used for GHG Protocol evidence.,Scope 3 及十五类类别口径只在 GHG Protocol 证据下使用。,contextual_scope_inventory_mapping,no_explicit_whitelisted_series_name_in_page_text,,3,15,2024_ELI LILLY-SustainabilityReport-20251020_FINAL.pdf,seed_batch_10,medium,"ily available, affiliates will continue offering fleet vehicles with more efficient fuel economy (e.g., hybrids and plug-in hybrids) and emphasizing sustainable driving and work practices in training programs. Scope 3 Emissions and Supply C","ily available, affiliates will continue offering fleet vehicles with more efficient fuel economy (e.g., hybrids and plug-in hybrids) and emphasizing sustaina...",Review only: keep out of accepted standard-company conclusions until page-level evidence explicitly names the series.,仅供复核：页级证据明确命名具体系列前，不进入已采信标准-企业结论。
r459_cummins,459,CUMMINS,康明斯公司,C,Manufacturing,制造业,ghg_scope3_calculation_guidance,GHG Protocol Scope 3 Calculation Guidance,GHG Protocol Scope 3 计算指南,Guidance,指南,Scope 3 inventory calculation guidance,Scope 3 清单计算指南,Companion calculation guidance for completing Scope 3 inventories.,配套计算指南，用于完成 Scope 3 清单。,Scope 3 categories are GHG-specific and only shown when the source uses that wording.,Scope 3 类别是 GHG 特有口径，仅在原文如此使用时展示。,contextual_scope_inventory_mapping,no_explicit_whitelisted_series_name_in_page_text,,1,5,2024-25-cummins-sustainability-progress-report.pdf,pdf_contextual_scope_inventory_mapping,pdf_page_backfill,Structured standard tag: GHG Protocol; Standard role: Accounting standard mins reports environmental data from consolidated operations and joint ventures that are part of its Enterprise Environmental Management System. Reported values reflect significant structural changes such as acquisitions and divestments in 2024-25-cummins-sustainability-progress-repor…,Structured standard tag: GHG Protocol; Standard role: Accounting standard mins reports environmental data from consolidated operations and joint ventures that are part of its Enterprise Environmental Management System. Reported values reflect significant structural changes such as acquisitions and divestments in 2024-25-cummins-sustainability-progress-repor…,Review only: keep out of accepted standard-company conclusions until page-level evidence explicitly names the series.,仅供复核：页级证据明确命名具体系列前，不进入已采信标准-企业结论。
r459_cummins,459,CUMMINS,康明斯公司,C,Manufacturing,制造业,ghg_scope3_standard,GHG Protocol Corporate Value Chain (Scope 3) Accounting and Reporting Standard,GHG Protocol 企业价值链（Scope 3）核算与报告标准,Standard,标准,Value-chain emissions accounting standard,价值链排放核算标准,Scope 3 categories are GHG Protocol-specific category language.,Scope 3 类别是 GHG Protocol 特有的类别口径。,Scope 3 and Scope 3 category names are only used for GHG Protocol evidence.,Scope 3 及十五类类别口径只在 GHG Protocol 证据下使用。,contextual_scope_inventory_mapping,no_explicit_whitelisted_series_name_in_page_text,,1,5,2024-25-cummins-sustainability-progress-report.pdf,pdf_contextual_scope_inventory_mapping,pdf_page_backfill,Structured standard tag: GHG Protocol; Standard role: Accounting standard mins reports environmental data from consolidated operations and joint ventures that are part of its Enterprise Environmental Management System. Reported values reflect significant structural changes such as acquisitions and divestments in 2024-25-cummins-sustainability-progress-repor…,Structured standard tag: GHG Protocol; Standard role: Accounting standard mins reports environmental data from consolidated operations and joint ventures that are part of its Enterprise Environmental Management System. Reported values reflect significant structural changes such as acquisitions and divestments in 2024-25-cummins-sustainability-progress-repor…,Review only: keep out of accepted standard-company conclusions until page-level evidence explicitly names the series.,仅供复核：页级证据明确命名具体系列前，不进入已采信标准-企业结论。
r461_rabobankgroup,461,RABOBANK GROUP,荷兰合作银行集团,J,Finance,金融业,ghg_corporate_standard,GHG Protocol Corporate Accounting and Reporting Standard,GHG Protocol 企业核算与报告标准,Standard,标准,Corporate inventory accounting standard,企业组织层面清单核算标准,"Relevance, completeness, consistency, transparency, and accuracy.",相关性、完整性、一致性、透明性和准确性。,"Within GHG Protocol evidence, this may define Scope 1 and Scope 2 corporate inventory boundaries.",仅在 GHG Protocol 证据下使用 Scope 1/2 的组织层面清单口径。,contextual_scope_inventory_mapping,no_explicit_whitelisted_series_name_in_page_text,,2,47,rabobank_impact_report_2024.pdf,seed_batch_10,medium,"ects. Concurrently, we will intensify our efforts to reduce our own operational emissions, striving for greater efficiency and lower carbon footprints. We recognize the importance of carbon removals and will update our policy in alignment w","ects. Concurrently, we will intensify our efforts to reduce our own operational emissions, striving for greater efficiency and lower carbon footprints. We re...",Review only: keep out of accepted standard-company conclusions until page-level evidence explicitly names the series.,仅供复核：页级证据明确命名具体系列前，不进入已采信标准-企业结论。
r461_rabobankgroup,461,RABOBANK GROUP,荷兰合作银行集团,J,Finance,金融业,ghg_land_sector_removals_standard,GHG Protocol Land Sector and Removals Standard,GHG Protocol 土地部门与碳移除标准,Standard,标准,Land emissions and removals accounting standard,土地排放与碳移除核算标准,"Quantify, report, and track land-sector emissions, CO2 removals, and related metrics.",量化、报告和跟踪土地部门排放、二氧化碳移除及相关指标。,Use land-sector/removals wording; do not translate removals into corporate Scope totals unless cited that way.,使用土地部门/移除口径；除非原文如此引用，不直接改写为企业 Scope 总量。,contextual_scope_inventory_mapping,no_explicit_whitelisted_series_name_in_page_text,,2,47,rabobank_impact_report_2024.pdf,seed_batch_10,medium,"ects. Concurrently, we will intensify our efforts to reduce our own operational emissions, striving for greater efficiency and lower carbon footprints. We recognize the importance of carbon removals and will update our policy in alignment w","ects. Concurrently, we will intensify our efforts to reduce our own operational emissions, striving for greater efficiency and lower carbon footprints. We re...",Review only: keep out of accepted standard-company conclusions until page-level evidence explicitly names the series.,仅供复核：页级证据明确命名具体系列前，不进入已采信标准-企业结论。
r464_britishamericantobacco,464,BRITISH AMERICAN TOBACCO,英美烟草集团,C,Manufacturing,制造业,ghg_scope3_calculation_guidance,GHG Protocol Scope 3 Calculation Guidance,GHG Protocol Scope 3 计算指南,Guidance,指南,Scope 3 inventory calculation guidance,Scope 3 清单计算指南,Companion calculation guidance for completing Scope 3 inventories.,配套计算指南，用于完成 Scope 3 清单。,Scope 3 categories are GHG-specific and only shown when the source uses that wording.,Scope 3 类别是 GHG 特有口径，仅在原文如此使用时展示。,contextual_overmapped_review,no_explicit_whitelisted_series_name_in_page_text,,2,140,BRITISH AMERICAN TOBACCO_Annual_Report_on_Form_20-F_2024.pdf,seed_batch_10,medium,Reporting methodology for CO2e emissions We use the World Business Council for Sustainable Development GHG Protocol Corporate Standard to guide our reporting of carbon dioxide equivalent (CO2e) emissions. We also use supporting standards in,Reporting methodology for CO2e emissions We use the World Business Council for Sustainable Development GHG Protocol Corporate Standard to guide our reporting...,Review only: keep out of accepted standard-company conclusions until page-level evidence explicitly names the series.,仅供复核：页级证据明确命名具体系列前，不进入已采信标准-企业结论。
r466_bankofnewyorkmellon,466,BANK OF NEW YORK MELLON,纽约梅隆银行,J,Finance,金融业,ghg_scope3_calculation_guidance,GHG Protocol Scope 3 Calculation Guidance,GHG Protocol Scope 3 计算指南,Guidance,指南,Scope 3 inventory calculation guidance,Scope 3 清单计算指南,Companion calculation guidance for completing Scope 3 inventories.,配套计算指南，用于完成 Scope 3 清单。,Scope 3 categories are GHG-specific and only shown when the source uses that wording.,Scope 3 类别是 GHG 特有口径，仅在原文如此使用时展示。,contextual_overmapped_review,no_explicit_whitelisted_series_name_in_page_text,,5,129 | 66,2023-BANK OF NEW YORK MELLON sustainability-report.pdf,seed_batch_10,medium,"31, 2023 Criteria against which verification conducted: • World Resources Institute (WRI)/World Business Council for Sustainable Development (WBCSD) Greenhouse Gas Protocol, Corporate Accounting and Reporting Standard, Revised Edition (Scop","31, 2023 Criteria against which verification conducted: • World Resources Institute (WRI)/World Business Council for Sustainable Development (WBCSD) Greenhou...",Review only: keep out of accepted standard-company conclusions until page-level evidence explicitly names the series.,仅供复核：页级证据明确命名具体系列前，不进入已采信标准-企业结论。
r469_novonordisk,469,NOVO NORDISK,诺和诺德公司,C,Manufacturing,制造业,ghg_corporate_standard,GHG Protocol Corporate Accounting and Reporting Standard,GHG Protocol 企业核算与报告标准,Standard,标准,Corporate inventory accounting standard,企业组织层面清单核算标准,"Relevance, completeness, consistency, transparency, and accuracy.",相关性、完整性、一致性、透明性和准确性。,"Within GHG Protocol evidence, this may define Scope 1 and Scope 2 corporate inventory boundaries.",仅在 GHG Protocol 证据下使用 Scope 1/2 的组织层面清单口径。,contextual_scope_inventory_mapping,no_explicit_whitelisted_series_name_in_page_text,,3,59,novo-nordisk-annual-report-2024.pdf,seed_batch_10,medium,"ACCOUNTING POLICIES Scope 1 GHG emissions The reporting of scope 1 and 2 CO2e emissions follows the ESRS and GHG Protocol Guidance. Includes CO2e emissions from fuels, as well as fugitive emissions of purchased refrigerants. Production site",ACCOUNTING POLICIES Scope 1 GHG emissions The reporting of scope 1 and 2 CO2e emissions follows the ESRS and GHG Protocol Guidance. Includes CO2e emissions f...,Review only: keep out of accepted standard-company conclusions until page-level evidence explicitly names the series.,仅供复核：页级证据明确命名具体系列前，不进入已采信标准-企业结论。
r469_novonordisk,469,NOVO NORDISK,诺和诺德公司,C,Manufacturing,制造业,ghg_scope2_guidance,GHG Protocol Scope 2 Guidance,GHG Protocol Scope 2 指南,Guidance,指南,Purchased electricity and energy method guidance,外购电力与能源口径指南,Location-based and market-based Scope 2 reporting are separated when cited.,原文显式引用时区分位置法与市场法 Scope 2 披露。,Scope 2 market-based and location-based language is treated as GHG-specific.,Scope 2 市场法/位置法术语只在 GHG Protocol 语境下使用。,contextual_scope_inventory_mapping,no_explicit_whitelisted_series_name_in_page_text,,1,59,novo-nordisk-annual-report-2024.pdf,pdf_contextual_scope_inventory_mapping,pdf_page_backfill,"Structured standard tag: GHG Protocol; Standard role: Accounting standard ACCOUNTING POLICIES Scope 1 GHG emissions The reporting of scope 1 and 2 CO2e emissions follows the ESRS and GHG Protocol Guidance. Includes CO2e emissions from fuels, as well as fugitive emissions of purchased refrigerants. Production site novo-nordisk-annual-report-2024.pdf 2.1.1 Sc…","Structured standard tag: GHG Protocol; Standard role: Accounting standard ACCOUNTING POLICIES Scope 1 GHG emissions The reporting of scope 1 and 2 CO2e emissions follows the ESRS and GHG Protocol Guidance. Includes CO2e emissions from fuels, as well as fugitive emissions of purchased refrigerants. Production site novo-nordisk-annual-report-2024.pdf 2.1.1 Sc…",Review only: keep out of accepted standard-company conclusions until page-level evidence explicitly names the series.,仅供复核：页级证据明确命名具体系列前，不进入已采信标准-企业结论。
r469_novonordisk,469,NOVO NORDISK,诺和诺德公司,C,Manufacturing,制造业,ghg_scope3_calculation_guidance,GHG Protocol Scope 3 Calculation Guidance,GHG Protocol Scope 3 计算指南,Guidance,指南,Scope 3 inventory calculation guidance,Scope 3 清单计算指南,Companion calculation guidance for completing Scope 3 inventories.,配套计算指南，用于完成 Scope 3 清单。,Scope 3 categories are GHG-specific and only shown when the source uses that wording.,Scope 3 类别是 GHG 特有口径，仅在原文如此使用时展示。,contextual_scope_inventory_mapping,no_explicit_whitelisted_series_name_in_page_text,,1,59,novo-nordisk-annual-report-2024.pdf,pdf_contextual_scope_inventory_mapping,pdf_page_backfill,"Structured standard tag: GHG Protocol; Standard role: Accounting standard ACCOUNTING POLICIES Scope 1 GHG emissions The reporting of scope 1 and 2 CO2e emissions follows the ESRS and GHG Protocol Guidance. Includes CO2e emissions from fuels, as well as fugitive emissions of purchased refrigerants. Production site novo-nordisk-annual-report-2024.pdf 2.1.1 Sc…","Structured standard tag: GHG Protocol; Standard role: Accounting standard ACCOUNTING POLICIES Scope 1 GHG emissions The reporting of scope 1 and 2 CO2e emissions follows the ESRS and GHG Protocol Guidance. Includes CO2e emissions from fuels, as well as fugitive emissions of purchased refrigerants. Production site novo-nordisk-annual-report-2024.pdf 2.1.1 Sc…",Review only: keep out of accepted standard-company conclusions until page-level evidence explicitly names the series.,仅供复核：页级证据明确命名具体系列前，不进入已采信标准-企业结论。
r469_novonordisk,469,NOVO NORDISK,诺和诺德公司,C,Manufacturing,制造业,ghg_scope3_standard,GHG Protocol Corporate Value Chain (Scope 3) Accounting and Reporting Standard,GHG Protocol 企业价值链（Scope 3）核算与报告标准,Standard,标准,Value-chain emissions accounting standard,价值链排放核算标准,Scope 3 categories are GHG Protocol-specific category language.,Scope 3 类别是 GHG Protocol 特有的类别口径。,Scope 3 and Scope 3 category names are only used for GHG Protocol evidence.,Scope 3 及十五类类别口径只在 GHG Protocol 证据下使用。,contextual_scope_inventory_mapping,no_explicit_whitelisted_series_name_in_page_text,,3,59,novo-nordisk-annual-report-2024.pdf,seed_batch_10,medium,"ACCOUNTING POLICIES Scope 1 GHG emissions The reporting of scope 1 and 2 CO2e emissions follows the ESRS and GHG Protocol Guidance. Includes CO2e emissions from fuels, as well as fugitive emissions of purchased refrigerants. Production site",ACCOUNTING POLICIES Scope 1 GHG emissions The reporting of scope 1 and 2 CO2e emissions follows the ESRS and GHG Protocol Guidance. Includes CO2e emissions f...,Review only: keep out of accepted standard-company conclusions until page-level evidence explicitly names the series.,仅供复核：页级证据明确命名具体系列前，不进入已采信标准-企业结论。
r473_vtbbank,473,VTB BANK,俄罗斯外贸银行,J,Finance,金融业,ghg_corporate_standard,GHG Protocol Corporate Accounting and Reporting Standard,GHG Protocol 企业核算与报告标准,Standard,标准,Corporate inventory accounting standard,企业组织层面清单核算标准,"Relevance, completeness, consistency, transparency, and accuracy.",相关性、完整性、一致性、透明性和准确性。,"Within GHG Protocol evidence, this may define Scope 1 and Scope 2 corporate inventory boundaries.",仅在 GHG Protocol 证据下使用 Scope 1/2 的组织层面清单口径。,contextual_scope_inventory_mapping,no_explicit_whitelisted_series_name_in_page_text,,3,84,vtb_sustainability_report_2024_eng.pdf,seed_batch_14,medium,"ing boiler equipment in Chita and switching to electricity procurement. The results will be disclosed in 2025. In 2024, the Bank launched a project to assess other indirect greenhouse gas emissions (Scope 3) in line with the principles and","ing boiler equipment in Chita and switching to electricity procurement. The results will be disclosed in 2025. In 2024, the Bank launched a project to assess...",Review only: keep out of accepted standard-company conclusions until page-level evidence explicitly names the series.,仅供复核：页级证据明确命名具体系列前，不进入已采信标准-企业结论。
r473_vtbbank,473,VTB BANK,俄罗斯外贸银行,J,Finance,金融业,ghg_scope3_calculation_guidance,GHG Protocol Scope 3 Calculation Guidance,GHG Protocol Scope 3 计算指南,Guidance,指南,Scope 3 inventory calculation guidance,Scope 3 清单计算指南,Companion calculation guidance for completing Scope 3 inventories.,配套计算指南，用于完成 Scope 3 清单。,Scope 3 categories are GHG-specific and only shown when the source uses that wording.,Scope 3 类别是 GHG 特有口径，仅在原文如此使用时展示。,contextual_scope_inventory_mapping,no_explicit_whitelisted_series_name_in_page_text,,1,84,vtb_sustainability_report_2024_eng.pdf,pdf_contextual_scope_inventory_mapping,pdf_page_backfill,"Structured standard tag: GHG Protocol; Standard role: Accounting standard ing boiler equipment in Chita and switching to electricity procurement. The results will be disclosed in 2025. In 2024, the Bank launched a project to assess other indirect greenhouse gas emissions (Scope 3) in line with the principles and vtb_sustainability_report_2024_eng.pdf 83 07 …","Structured standard tag: GHG Protocol; Standard role: Accounting standard ing boiler equipment in Chita and switching to electricity procurement. The results will be disclosed in 2025. In 2024, the Bank launched a project to assess other indirect greenhouse gas emissions (Scope 3) in line with the principles and vtb_sustainability_report_2024_eng.pdf 83 07 …",Review only: keep out of accepted standard-company conclusions until page-level evidence explicitly names the series.,仅供复核：页级证据明确命名具体系列前，不进入已采信标准-企业结论。
r478_siemensenergy,478,SIEMENS ENERGY,西门子能源,D,"Electricity, Heat, Gas and Water Production and Supply",电力、热力、燃气及水生产和供应业,ghg_corporate_standard,GHG Protocol Corporate Accounting and Reporting Standard,GHG Protocol 企业核算与报告标准,Standard,标准,Corporate inventory accounting standard,企业组织层面清单核算标准,"Relevance, completeness, consistency, transparency, and accuracy.",相关性、完整性、一致性、透明性和准确性。,"Within GHG Protocol evidence, this may define Scope 1 and Scope 2 corporate inventory boundaries.",仅在 GHG Protocol 证据下使用 Scope 1/2 的组织层面清单口径。,contextual_scope_inventory_mapping,no_explicit_whitelisted_series_name_in_page_text,,1,29,SIEMENS ENERGY-sustainability-report-2024-pdf_Original%20file.pdf,pdf_contextual_scope_inventory_mapping,pdf_page_backfill,"Structured standard tag: GHG Protocol; Standard role: Accounting standard s planning until 2030 were evaluated for the base case scenario. We also evaluated and decided on emission reduction levers (for more information, see chapter  Strategic focus) Our Scope 3 emissions from the use of sold products have been SIEMENS ENERGY-sustainability-report-2024-pdf…","Structured standard tag: GHG Protocol; Standard role: Accounting standard s planning until 2030 were evaluated for the base case scenario. We also evaluated and decided on emission reduction levers (for more information, see chapter  Strategic focus) Our Scope 3 emissions from the use of sold products have been SIEMENS ENERGY-sustainability-report-2024-pdf…",Review only: keep out of accepted standard-company conclusions until page-level evidence explicitly names the series.,仅供复核：页级证据明确命名具体系列前，不进入已采信标准-企业结论。
r478_siemensenergy,478,SIEMENS ENERGY,西门子能源,D,"Electricity, Heat, Gas and Water Production and Supply",电力、热力、燃气及水生产和供应业,ghg_scope3_calculation_guidance,GHG Protocol Scope 3 Calculation Guidance,GHG Protocol Scope 3 计算指南,Guidance,指南,Scope 3 inventory calculation guidance,Scope 3 清单计算指南,Companion calculation guidance for completing Scope 3 inventories.,配套计算指南，用于完成 Scope 3 清单。,Scope 3 categories are GHG-specific and only shown when the source uses that wording.,Scope 3 类别是 GHG 特有口径，仅在原文如此使用时展示。,contextual_scope_inventory_mapping,no_explicit_whitelisted_series_name_in_page_text,,1,29,SIEMENS ENERGY-sustainability-report-2024-pdf_Original%20file.pdf,pdf_contextual_scope_inventory_mapping,pdf_page_backfill,"Structured standard tag: GHG Protocol; Standard role: Accounting standard s planning until 2030 were evaluated for the base case scenario. We also evaluated and decided on emission reduction levers (for more information, see chapter  Strategic focus) Our Scope 3 emissions from the use of sold products have been SIEMENS ENERGY-sustainability-report-2024-pdf…","Structured standard tag: GHG Protocol; Standard role: Accounting standard s planning until 2030 were evaluated for the base case scenario. We also evaluated and decided on emission reduction levers (for more information, see chapter  Strategic focus) Our Scope 3 emissions from the use of sold products have been SIEMENS ENERGY-sustainability-report-2024-pdf…",Review only: keep out of accepted standard-company conclusions until page-level evidence explicitly names the series.,仅供复核：页级证据明确命名具体系列前，不进入已采信标准-企业结论。
r478_siemensenergy,478,SIEMENS ENERGY,西门子能源,D,"Electricity, Heat, Gas and Water Production and Supply",电力、热力、燃气及水生产和供应业,ghg_scope3_standard,GHG Protocol Corporate Value Chain (Scope 3) Accounting and Reporting Standard,GHG Protocol 企业价值链（Scope 3）核算与报告标准,Standard,标准,Value-chain emissions accounting standard,价值链排放核算标准,Scope 3 categories are GHG Protocol-specific category language.,Scope 3 类别是 GHG Protocol 特有的类别口径。,Scope 3 and Scope 3 category names are only used for GHG Protocol evidence.,Scope 3 及十五类类别口径只在 GHG Protocol 证据下使用。,contextual_scope_inventory_mapping,no_explicit_whitelisted_series_name_in_page_text,,3,29,SIEMENS ENERGY-sustainability-report-2024-pdf_Original%20file.pdf,seed_batch_10,medium,"s planning until 2030 were evaluated for the base case scenario. We also evaluated and decided on emission reduction levers (for more information, see chapter  Strategic focus) Our Scope 3 emissions from the use of sold products have been","s planning until 2030 were evaluated for the base case scenario. We also evaluated and decided on emission reduction levers (for more information, see chapte...",Review only: keep out of accepted standard-company conclusions until page-level evidence explicitly names the series.,仅供复核：页级证据明确命名具体系列前，不进入已采信标准-企业结论。
r479_schlumberger,479,SCHLUMBERGER,斯伦贝谢公司,D,"Electricity, Heat, Gas and Water Production and Supply",电力、热力、燃气及水生产和供应业,ghg_scope2_guidance,GHG Protocol Scope 2 Guidance,GHG Protocol Scope 2 指南,Guidance,指南,Purchased electricity and energy method guidance,外购电力与能源口径指南,Location-based and market-based Scope 2 reporting are separated when cited.,原文显式引用时区分位置法与市场法 Scope 2 披露。,Scope 2 market-based and location-based language is treated as GHG-specific.,Scope 2 市场法/位置法术语只在 GHG Protocol 语境下使用。,contextual_scope_inventory_mapping,no_explicit_whitelisted_series_name_in_page_text,,1,51,SCHLUMBERGER-sustainability-report-2024.pdf,pdf_contextual_scope_inventory_mapping,pdf_page_backfill,"Structured standard tag: GHG Protocol; Standard role: Accounting standard to implement effective GHG emission reduction efforts. We also, annually, commission an external third party to perform attest procedures with respect to certain GHG emissions. Emissions calculations are based on the principles and guidance SCHLUMBERGER-sustainability-report-2024.pdf …","Structured standard tag: GHG Protocol; Standard role: Accounting standard to implement effective GHG emission reduction efforts. We also, annually, commission an external third party to perform attest procedures with respect to certain GHG emissions. Emissions calculations are based on the principles and guidance SCHLUMBERGER-sustainability-report-2024.pdf …",Review only: keep out of accepted standard-company conclusions until page-level evidence explicitly names the series.,仅供复核：页级证据明确命名具体系列前，不进入已采信标准-企业结论。
r479_schlumberger,479,SCHLUMBERGER,斯伦贝谢公司,D,"Electricity, Heat, Gas and Water Production and Supply",电力、热力、燃气及水生产和供应业,ghg_scope3_calculation_guidance,GHG Protocol Scope 3 Calculation Guidance,GHG Protocol Scope 3 计算指南,Guidance,指南,Scope 3 inventory calculation guidance,Scope 3 清单计算指南,Companion calculation guidance for completing Scope 3 inventories.,配套计算指南，用于完成 Scope 3 清单。,Scope 3 categories are GHG-specific and only shown when the source uses that wording.,Scope 3 类别是 GHG 特有口径，仅在原文如此使用时展示。,contextual_scope_inventory_mapping,no_explicit_whitelisted_series_name_in_page_text,,1,51,SCHLUMBERGER-sustainability-report-2024.pdf,pdf_contextual_scope_inventory_mapping,pdf_page_backfill,"Structured standard tag: GHG Protocol; Standard role: Accounting standard to implement effective GHG emission reduction efforts. We also, annually, commission an external third party to perform attest procedures with respect to certain GHG emissions. Emissions calculations are based on the principles and guidance SCHLUMBERGER-sustainability-report-2024.pdf …","Structured standard tag: GHG Protocol; Standard role: Accounting standard to implement effective GHG emission reduction efforts. We also, annually, commission an external third party to perform attest procedures with respect to certain GHG emissions. Emissions calculations are based on the principles and guidance SCHLUMBERGER-sustainability-report-2024.pdf …",Review only: keep out of accepted standard-company conclusions until page-level evidence explicitly names the series.,仅供复核：页级证据明确命名具体系列前，不进入已采信标准-企业结论。
r479_schlumberger,479,SCHLUMBERGER,斯伦贝谢公司,D,"Electricity, Heat, Gas and Water Production and Supply",电力、热力、燃气及水生产和供应业,ghg_scope3_standard,GHG Protocol Corporate Value Chain (Scope 3) Accounting and Reporting Standard,GHG Protocol 企业价值链（Scope 3）核算与报告标准,Standard,标准,Value-chain emissions accounting standard,价值链排放核算标准,Scope 3 categories are GHG Protocol-specific category language.,Scope 3 类别是 GHG Protocol 特有的类别口径。,Scope 3 and Scope 3 category names are only used for GHG Protocol evidence.,Scope 3 及十五类类别口径只在 GHG Protocol 证据下使用。,contextual_scope_inventory_mapping,no_explicit_whitelisted_series_name_in_page_text,,1,51,SCHLUMBERGER-sustainability-report-2024.pdf,pdf_contextual_scope_inventory_mapping,pdf_page_backfill,"Structured standard tag: GHG Protocol; Standard role: Accounting standard to implement effective GHG emission reduction efforts. We also, annually, commission an external third party to perform attest procedures with respect to certain GHG emissions. Emissions calculations are based on the principles and guidance SCHLUMBERGER-sustainability-report-2024.pdf …","Structured standard tag: GHG Protocol; Standard role: Accounting standard to implement effective GHG emission reduction efforts. We also, annually, commission an external third party to perform attest procedures with respect to certain GHG emissions. Emissions calculations are based on the principles and guidance SCHLUMBERGER-sustainability-report-2024.pdf …",Review only: keep out of accepted standard-company conclusions until page-level evidence explicitly names the series.,仅供复核：页级证据明确命名具体系列前，不进入已采信标准-企业结论。
r480_ecopetrol,480,ECOPETROL,哥伦比亚国家石油公司,B,Mining,采矿业,ghg_corporate_standard,GHG Protocol Corporate Accounting and Reporting Standard,GHG Protocol 企业核算与报告标准,Standard,标准,Corporate inventory accounting standard,企业组织层面清单核算标准,"Relevance, completeness, consistency, transparency, and accuracy.",相关性、完整性、一致性、透明性和准确性。,"Within GHG Protocol evidence, this may define Scope 1 and Scope 2 corporate inventory boundaries.",仅在 GHG Protocol 证据下使用 Scope 1/2 的组织层面清单口径。,contextual_scope_inventory_mapping,no_explicit_whitelisted_series_name_in_page_text,,3,136,2024-ECOPETROL-integrated-management-report.pdf,seed_batch_10,medium,"nt Programme (UNEP) for the quality and detail of its methane emissions management and reporting plan for both operated and non-operated assets. Completed third-party verification of the GHG inventory for Scopes 1 and 2 for 2021, 2022, and",nt Programme (UNEP) for the quality and detail of its methane emissions management and reporting plan for both operated and non-operated assets. Completed th...,Review only: keep out of accepted standard-company conclusions until page-level evidence explicitly names the series.,仅供复核：页级证据明确命名具体系列前，不进入已采信标准-企业结论。
r480_ecopetrol,480,ECOPETROL,哥伦比亚国家石油公司,B,Mining,采矿业,ghg_scope2_guidance,GHG Protocol Scope 2 Guidance,GHG Protocol Scope 2 指南,Guidance,指南,Purchased electricity and energy method guidance,外购电力与能源口径指南,Location-based and market-based Scope 2 reporting are separated when cited.,原文显式引用时区分位置法与市场法 Scope 2 披露。,Scope 2 market-based and location-based language is treated as GHG-specific.,Scope 2 市场法/位置法术语只在 GHG Protocol 语境下使用。,contextual_scope_inventory_mapping,no_explicit_whitelisted_series_name_in_page_text,,2,136,2024-ECOPETROL-integrated-management-report.pdf,seed_batch_10,medium,"nt Programme (UNEP) for the quality and detail of its methane emissions management and reporting plan for both operated and non-operated assets. Completed third-party verification of the GHG inventory for Scopes 1 and 2 for 2021, 2022, and",nt Programme (UNEP) for the quality and detail of its methane emissions management and reporting plan for both operated and non-operated assets. Completed th...,Review only: keep out of accepted standard-company conclusions until page-level evidence explicitly names the series.,仅供复核：页级证据明确命名具体系列前，不进入已采信标准-企业结论。
r480_ecopetrol,480,ECOPETROL,哥伦比亚国家石油公司,B,Mining,采矿业,ghg_scope3_calculation_guidance,GHG Protocol Scope 3 Calculation Guidance,GHG Protocol Scope 3 计算指南,Guidance,指南,Scope 3 inventory calculation guidance,Scope 3 清单计算指南,Companion calculation guidance for completing Scope 3 inventories.,配套计算指南，用于完成 Scope 3 清单。,Scope 3 categories are GHG-specific and only shown when the source uses that wording.,Scope 3 类别是 GHG 特有口径，仅在原文如此使用时展示。,contextual_scope_inventory_mapping,no_explicit_whitelisted_series_name_in_page_text,,2,136,2024-ECOPETROL-integrated-management-report.pdf,seed_batch_10,medium,"nt Programme (UNEP) for the quality and detail of its methane emissions management and reporting plan for both operated and non-operated assets. Completed third-party verification of the GHG inventory for Scopes 1 and 2 for 2021, 2022, and",nt Programme (UNEP) for the quality and detail of its methane emissions management and reporting plan for both operated and non-operated assets. Completed th...,Review only: keep out of accepted standard-company conclusions until page-level evidence explicitly names the series.,仅供复核：页级证据明确命名具体系列前，不进入已采信标准-企业结论。
r480_ecopetrol,480,ECOPETROL,哥伦比亚国家石油公司,B,Mining,采矿业,ghg_scope3_standard,GHG Protocol Corporate Value Chain (Scope 3) Accounting and Reporting Standard,GHG Protocol 企业价值链（Scope 3）核算与报告标准,Standard,标准,Value-chain emissions accounting standard,价值链排放核算标准,Scope 3 categories are GHG Protocol-specific category language.,Scope 3 类别是 GHG Protocol 特有的类别口径。,Scope 3 and Scope 3 category names are only used for GHG Protocol evidence.,Scope 3 及十五类类别口径只在 GHG Protocol 证据下使用。,contextual_scope_inventory_mapping,no_explicit_whitelisted_series_name_in_page_text,,3,136,2024-ECOPETROL-integrated-management-report.pdf,seed_batch_10,medium,"nt Programme (UNEP) for the quality and detail of its methane emissions management and reporting plan for both operated and non-operated assets. Completed third-party verification of the GHG inventory for Scopes 1 and 2 for 2021, 2022, and",nt Programme (UNEP) for the quality and detail of its methane emissions management and reporting plan for both operated and non-operated assets. Completed th...,Review only: keep out of accepted standard-company conclusions until page-level evidence explicitly names the series.,仅供复核：页级证据明确命名具体系列前，不进入已采信标准-企业结论。
r481_arrowelectronics,481,ARROW ELECTRONICS,艾睿电子,F,Wholesale and Retail Trade,批发和零售业,ghg_corporate_standard,GHG Protocol Corporate Accounting and Reporting Standard,GHG Protocol 企业核算与报告标准,Standard,标准,Corporate inventory accounting standard,企业组织层面清单核算标准,"Relevance, completeness, consistency, transparency, and accuracy.",相关性、完整性、一致性、透明性和准确性。,"Within GHG Protocol evidence, this may define Scope 1 and Scope 2 corporate inventory boundaries.",仅在 GHG Protocol 证据下使用 Scope 1/2 的组织层面清单口径。,contextual_scope_inventory_mapping,no_explicit_whitelisted_series_name_in_page_text,,1,83,2024-ARROW ELECTRONICS-Corporate-Stewardship-and-Impact-Report-1.pdf,pdf_contextual_scope_inventory_mapping,pdf_page_backfill,Structured standard tag: GHG Protocol; Standard role: Accounting standard Climate and energy metrics methodology All emissions categories are calculated in accordance with the Greenhouse Gas Protocol. Important note: Building energy usage and Scope 1 and 2 emissions for reporting years 2022 and 2023 were rebaseli 2024-ARROW ELECTRONICS-Corporate-Stewardship…,Structured standard tag: GHG Protocol; Standard role: Accounting standard Climate and energy metrics methodology All emissions categories are calculated in accordance with the Greenhouse Gas Protocol. Important note: Building energy usage and Scope 1 and 2 emissions for reporting years 2022 and 2023 were rebaseli 2024-ARROW ELECTRONICS-Corporate-Stewardship…,Review only: keep out of accepted standard-company conclusions until page-level evidence explicitly names the series.,仅供复核：页级证据明确命名具体系列前，不进入已采信标准-企业结论。
r481_arrowelectronics,481,ARROW ELECTRONICS,艾睿电子,F,Wholesale and Retail Trade,批发和零售业,ghg_scope2_guidance,GHG Protocol Scope 2 Guidance,GHG Protocol Scope 2 指南,Guidance,指南,Purchased electricity and energy method guidance,外购电力与能源口径指南,Location-based and market-based Scope 2 reporting are separated when cited.,原文显式引用时区分位置法与市场法 Scope 2 披露。,Scope 2 market-based and location-based language is treated as GHG-specific.,Scope 2 市场法/位置法术语只在 GHG Protocol 语境下使用。,contextual_scope_inventory_mapping,no_explicit_whitelisted_series_name_in_page_text,,1,83,2024-ARROW ELECTRONICS-Corporate-Stewardship-and-Impact-Report-1.pdf,pdf_contextual_scope_inventory_mapping,pdf_page_backfill,Structured standard tag: GHG Protocol; Standard role: Accounting standard Climate and energy metrics methodology All emissions categories are calculated in accordance with the Greenhouse Gas Protocol. Important note: Building energy usage and Scope 1 and 2 emissions for reporting years 2022 and 2023 were rebaseli 2024-ARROW ELECTRONICS-Corporate-Stewardship…,Structured standard tag: GHG Protocol; Standard role: Accounting standard Climate and energy metrics methodology All emissions categories are calculated in accordance with the Greenhouse Gas Protocol. Important note: Building energy usage and Scope 1 and 2 emissions for reporting years 2022 and 2023 were rebaseli 2024-ARROW ELECTRONICS-Corporate-Stewardship…,Review only: keep out of accepted standard-company conclusions until page-level evidence explicitly names the series.,仅供复核：页级证据明确命名具体系列前，不进入已采信标准-企业结论。
r481_arrowelectronics,481,ARROW ELECTRONICS,艾睿电子,F,Wholesale and Retail Trade,批发和零售业,ghg_scope3_calculation_guidance,GHG Protocol Scope 3 Calculation Guidance,GHG Protocol Scope 3 计算指南,Guidance,指南,Scope 3 inventory calculation guidance,Scope 3 清单计算指南,Companion calculation guidance for completing Scope 3 inventories.,配套计算指南，用于完成 Scope 3 清单。,Scope 3 categories are GHG-specific and only shown when the source uses that wording.,Scope 3 类别是 GHG 特有口径，仅在原文如此使用时展示。,contextual_scope_inventory_mapping,no_explicit_whitelisted_series_name_in_page_text,,1,83,2024-ARROW ELECTRONICS-Corporate-Stewardship-and-Impact-Report-1.pdf,pdf_contextual_scope_inventory_mapping,pdf_page_backfill,Structured standard tag: GHG Protocol; Standard role: Accounting standard Climate and energy metrics methodology All emissions categories are calculated in accordance with the Greenhouse Gas Protocol. Important note: Building energy usage and Scope 1 and 2 emissions for reporting years 2022 and 2023 were rebaseli 2024-ARROW ELECTRONICS-Corporate-Stewardship…,Structured standard tag: GHG Protocol; Standard role: Accounting standard Climate and energy metrics methodology All emissions categories are calculated in accordance with the Greenhouse Gas Protocol. Important note: Building energy usage and Scope 1 and 2 emissions for reporting years 2022 and 2023 were rebaseli 2024-ARROW ELECTRONICS-Corporate-Stewardship…,Review only: keep out of accepted standard-company conclusions until page-level evidence explicitly names the series.,仅供复核：页级证据明确命名具体系列前，不进入已采信标准-企业结论。
r481_arrowelectronics,481,ARROW ELECTRONICS,艾睿电子,F,Wholesale and Retail Trade,批发和零售业,ghg_scope3_standard,GHG Protocol Corporate Value Chain (Scope 3) Accounting and Reporting Standard,GHG Protocol 企业价值链（Scope 3）核算与报告标准,Standard,标准,Value-chain emissions accounting standard,价值链排放核算标准,Scope 3 categories are GHG Protocol-specific category language.,Scope 3 类别是 GHG Protocol 特有的类别口径。,Scope 3 and Scope 3 category names are only used for GHG Protocol evidence.,Scope 3 及十五类类别口径只在 GHG Protocol 证据下使用。,contextual_scope_inventory_mapping,no_explicit_whitelisted_series_name_in_page_text,,1,83,2024-ARROW ELECTRONICS-Corporate-Stewardship-and-Impact-Report-1.pdf,pdf_contextual_scope_inventory_mapping,pdf_page_backfill,Structured standard tag: GHG Protocol; Standard role: Accounting standard Climate and energy metrics methodology All emissions categories are calculated in accordance with the Greenhouse Gas Protocol. Important note: Building energy usage and Scope 1 and 2 emissions for reporting years 2022 and 2023 were rebaseli 2024-ARROW ELECTRONICS-Corporate-Stewardship…,Structured standard tag: GHG Protocol; Standard role: Accounting standard Climate and energy metrics methodology All emissions categories are calculated in accordance with the Greenhouse Gas Protocol. Important note: Building energy usage and Scope 1 and 2 emissions for reporting years 2022 and 2023 were rebaseli 2024-ARROW ELECTRONICS-Corporate-Stewardship…,Review only: keep out of accepted standard-company conclusions until page-level evidence explicitly names the series.,仅供复核：页级证据明确命名具体系列前，不进入已采信标准-企业结论。
r482_jerónimomartins公司,482,Jerónimo Martins,Jerónimo Martins,F,Wholesale and Retail Trade,批发和零售业,ghg_corporate_standard,GHG Protocol Corporate Accounting and Reporting Standard,GHG Protocol 企业核算与报告标准,Standard,标准,Corporate inventory accounting standard,企业组织层面清单核算标准,"Relevance, completeness, consistency, transparency, and accuracy.",相关性、完整性、一致性、透明性和准确性。,"Within GHG Protocol evidence, this may define Scope 1 and Scope 2 corporate inventory boundaries.",仅在 GHG Protocol 证据下使用 Scope 1/2 的组织层面清单口径。,contextual_scope_inventory_mapping,no_explicit_whitelisted_series_name_in_page_text,,3,32,Jerónimo Martins公司-nfr-corporate-responsibility-jeronimomartins-ar24.pdf,seed_batch_10,medium,"ption (location-based) 747,918 755,226 -1.0% Heating (location-based) 19,311 *22,956 -15.9% Biogenic CO2 emissions from biomass combustion or biodegradation 0 0 - Net revenue (million euros) 33,464 30,608 +9.3% * Values corrected to improve","ption (location-based) 747,918 755,226 -1.0% Heating (location-based) 19,311 *22,956 -15.9% Biogenic CO2 emissions from biomass combustion or biodegradation ...",Review only: keep out of accepted standard-company conclusions until page-level evidence explicitly names the series.,仅供复核：页级证据明确命名具体系列前，不进入已采信标准-企业结论。
r482_jerónimomartins公司,482,Jerónimo Martins,Jerónimo Martins,F,Wholesale and Retail Trade,批发和零售业,ghg_scope2_guidance,GHG Protocol Scope 2 Guidance,GHG Protocol Scope 2 指南,Guidance,指南,Purchased electricity and energy method guidance,外购电力与能源口径指南,Location-based and market-based Scope 2 reporting are separated when cited.,原文显式引用时区分位置法与市场法 Scope 2 披露。,Scope 2 market-based and location-based language is treated as GHG-specific.,Scope 2 市场法/位置法术语只在 GHG Protocol 语境下使用。,contextual_scope_inventory_mapping,no_explicit_whitelisted_series_name_in_page_text,,3,32,Jerónimo Martins公司-nfr-corporate-responsibility-jeronimomartins-ar24.pdf,seed_batch_10,medium,"ption (location-based) 747,918 755,226 -1.0% Heating (location-based) 19,311 *22,956 -15.9% Biogenic CO2 emissions from biomass combustion or biodegradation 0 0 - Net revenue (million euros) 33,464 30,608 +9.3% * Values corrected to improve","ption (location-based) 747,918 755,226 -1.0% Heating (location-based) 19,311 *22,956 -15.9% Biogenic CO2 emissions from biomass combustion or biodegradation ...",Review only: keep out of accepted standard-company conclusions until page-level evidence explicitly names the series.,仅供复核：页级证据明确命名具体系列前，不进入已采信标准-企业结论。
r482_jerónimomartins公司,482,Jerónimo Martins,Jerónimo Martins,F,Wholesale and Retail Trade,批发和零售业,ghg_scope3_calculation_guidance,GHG Protocol Scope 3 Calculation Guidance,GHG Protocol Scope 3 计算指南,Guidance,指南,Scope 3 inventory calculation guidance,Scope 3 清单计算指南,Companion calculation guidance for completing Scope 3 inventories.,配套计算指南，用于完成 Scope 3 清单。,Scope 3 categories are GHG-specific and only shown when the source uses that wording.,Scope 3 类别是 GHG 特有口径，仅在原文如此使用时展示。,contextual_scope_inventory_mapping,no_explicit_whitelisted_series_name_in_page_text,,1,32,Jerónimo Martins公司-nfr-corporate-responsibility-jeronimomartins-ar24.pdf,pdf_contextual_scope_inventory_mapping,pdf_page_backfill,"Structured standard tag: GHG Protocol; Standard role: Accounting standard; Matched keywords: Location-based ption (location-based) 747,918 755,226 -1.0% Heating (location-based) 19,311 *22,956 -15.9% Biogenic CO2 emissions from biomass combustion or biodegradation 0 0 - Net revenue (million euros) 33,464 30,608 +9.3% * Values corrected to improve Jerónimo M…","Structured standard tag: GHG Protocol; Standard role: Accounting standard; Matched keywords: Location-based ption (location-based) 747,918 755,226 -1.0% Heating (location-based) 19,311 *22,956 -15.9% Biogenic CO2 emissions from biomass combustion or biodegradation 0 0 - Net revenue (million euros) 33,464 30,608 +9.3% * Values corrected to improve Jerónimo M…",Review only: keep out of accepted standard-company conclusions until page-level evidence explicitly names the series.,仅供复核：页级证据明确命名具体系列前，不进入已采信标准-企业结论。
r482_jerónimomartins公司,482,Jerónimo Martins,Jerónimo Martins,F,Wholesale and Retail Trade,批发和零售业,ghg_scope3_standard,GHG Protocol Corporate Value Chain (Scope 3) Accounting and Reporting Standard,GHG Protocol 企业价值链（Scope 3）核算与报告标准,Standard,标准,Value-chain emissions accounting standard,价值链排放核算标准,Scope 3 categories are GHG Protocol-specific category language.,Scope 3 类别是 GHG Protocol 特有的类别口径。,Scope 3 and Scope 3 category names are only used for GHG Protocol evidence.,Scope 3 及十五类类别口径只在 GHG Protocol 证据下使用。,contextual_scope_inventory_mapping,no_explicit_whitelisted_series_name_in_page_text,,3,32,Jerónimo Martins公司-nfr-corporate-responsibility-jeronimomartins-ar24.pdf,seed_batch_10,medium,"ption (location-based) 747,918 755,226 -1.0% Heating (location-based) 19,311 *22,956 -15.9% Biogenic CO2 emissions from biomass combustion or biodegradation 0 0 - Net revenue (million euros) 33,464 30,608 +9.3% * Values corrected to improve","ption (location-based) 747,918 755,226 -1.0% Heating (location-based) 19,311 *22,956 -15.9% Biogenic CO2 emissions from biomass combustion or biodegradation ...",Review only: keep out of accepted standard-company conclusions until page-level evidence explicitly names the series.,仅供复核：页级证据明确命名具体系列前，不进入已采信标准-企业结论。
r485_centrica,485,CENTRICA,英国森特理克集团,I,"Information Transmission, Software and Information Technology Services",电力、热力、燃气及水生产和供应业,ghg_corporate_standard,GHG Protocol Corporate Accounting and Reporting Standard,GHG Protocol 企业核算与报告标准,Standard,标准,Corporate inventory accounting standard,企业组织层面清单核算标准,"Relevance, completeness, consistency, transparency, and accuracy.",相关性、完整性、一致性、透明性和准确性。,"Within GHG Protocol evidence, this may define Scope 1 and Scope 2 corporate inventory boundaries.",仅在 GHG Protocol 证据下使用 Scope 1/2 的组织层面清单口径。,contextual_scope_inventory_mapping,no_explicit_whitelisted_series_name_in_page_text,,3,42,CENTRICA people-planet-report-2024.pdf,seed_batch_10,medium,rit Energy assets in the UK and Netherlands. Non-operated nuclear emissions are excluded. † Included in DNV’s independent limited assurance report. See page 38 or centrica.com/assurance for more. (i) Comprises Scope 1 and Scope 2 emission,rit Energy assets in the UK and Netherlands. Non-operated nuclear emissions are excluded. † Included in DNV’s independent limited assurance report. See page...,Review only: keep out of accepted standard-company conclusions until page-level evidence explicitly names the series.,仅供复核：页级证据明确命名具体系列前，不进入已采信标准-企业结论。
r485_centrica,485,CENTRICA,英国森特理克集团,I,"Information Transmission, Software and Information Technology Services",电力、热力、燃气及水生产和供应业,ghg_scope2_guidance,GHG Protocol Scope 2 Guidance,GHG Protocol Scope 2 指南,Guidance,指南,Purchased electricity and energy method guidance,外购电力与能源口径指南,Location-based and market-based Scope 2 reporting are separated when cited.,原文显式引用时区分位置法与市场法 Scope 2 披露。,Scope 2 market-based and location-based language is treated as GHG-specific.,Scope 2 市场法/位置法术语只在 GHG Protocol 语境下使用。,contextual_scope_inventory_mapping,no_explicit_whitelisted_series_name_in_page_text,,3,42,CENTRICA people-planet-report-2024.pdf,seed_batch_10,medium,rit Energy assets in the UK and Netherlands. Non-operated nuclear emissions are excluded. † Included in DNV’s independent limited assurance report. See page 38 or centrica.com/assurance for more. (i) Comprises Scope 1 and Scope 2 emission,rit Energy assets in the UK and Netherlands. Non-operated nuclear emissions are excluded. † Included in DNV’s independent limited assurance report. See page...,Review only: keep out of accepted standard-company conclusions until page-level evidence explicitly names the series.,仅供复核：页级证据明确命名具体系列前，不进入已采信标准-企业结论。
r485_centrica,485,CENTRICA,英国森特理克集团,I,"Information Transmission, Software and Information Technology Services",电力、热力、燃气及水生产和供应业,ghg_scope3_calculation_guidance,GHG Protocol Scope 3 Calculation Guidance,GHG Protocol Scope 3 计算指南,Guidance,指南,Scope 3 inventory calculation guidance,Scope 3 清单计算指南,Companion calculation guidance for completing Scope 3 inventories.,配套计算指南，用于完成 Scope 3 清单。,Scope 3 categories are GHG-specific and only shown when the source uses that wording.,Scope 3 类别是 GHG 特有口径，仅在原文如此使用时展示。,contextual_scope_inventory_mapping,no_explicit_whitelisted_series_name_in_page_text,,1,42,CENTRICA people-planet-report-2024.pdf,pdf_contextual_scope_inventory_mapping,pdf_page_backfill,Structured standard tag: GHG Protocol; Standard role: Accounting standard rit Energy assets in the UK and Netherlands. Non-operated nuclear emissions are excluded. † Included in DNV’s independent limited assurance report. See page 38 or centrica.com/assurance for more. (i) Comprises Scope 1 and Scope 2 emission CENTRICA people-planet-report-2024.pdf Progr…,Structured standard tag: GHG Protocol; Standard role: Accounting standard rit Energy assets in the UK and Netherlands. Non-operated nuclear emissions are excluded. † Included in DNV’s independent limited assurance report. See page 38 or centrica.com/assurance for more. (i) Comprises Scope 1 and Scope 2 emission CENTRICA people-planet-report-2024.pdf Progr…,Review only: keep out of accepted standard-company conclusions until page-level evidence explicitly names the series.,仅供复核：页级证据明确命名具体系列前，不进入已采信标准-企业结论。
r485_centrica,485,CENTRICA,英国森特理克集团,I,"Information Transmission, Software and Information Technology Services",电力、热力、燃气及水生产和供应业,ghg_scope3_standard,GHG Protocol Corporate Value Chain (Scope 3) Accounting and Reporting Standard,GHG Protocol 企业价值链（Scope 3）核算与报告标准,Standard,标准,Value-chain emissions accounting standard,价值链排放核算标准,Scope 3 categories are GHG Protocol-specific category language.,Scope 3 类别是 GHG Protocol 特有的类别口径。,Scope 3 and Scope 3 category names are only used for GHG Protocol evidence.,Scope 3 及十五类类别口径只在 GHG Protocol 证据下使用。,contextual_scope_inventory_mapping,no_explicit_whitelisted_series_name_in_page_text,,1,42,CENTRICA people-planet-report-2024.pdf,pdf_contextual_scope_inventory_mapping,pdf_page_backfill,Structured standard tag: GHG Protocol; Standard role: Accounting standard rit Energy assets in the UK and Netherlands. Non-operated nuclear emissions are excluded. † Included in DNV’s independent limited assurance report. See page 38 or centrica.com/assurance for more. (i) Comprises Scope 1 and Scope 2 emission CENTRICA people-planet-report-2024.pdf Progr…,Structured standard tag: GHG Protocol; Standard role: Accounting standard rit Energy assets in the UK and Netherlands. Non-operated nuclear emissions are excluded. † Included in DNV’s independent limited assurance report. See page 38 or centrica.com/assurance for more. (i) Comprises Scope 1 and Scope 2 emission CENTRICA people-planet-report-2024.pdf Progr…,Review only: keep out of accepted standard-company conclusions until page-level evidence explicitly names the series.,仅供复核：页级证据明确命名具体系列前，不进入已采信标准-企业结论。
r486_linde,486,LINDE,林德集团,C,Manufacturing,制造业,ghg_scope2_guidance,GHG Protocol Scope 2 Guidance,GHG Protocol Scope 2 指南,Guidance,指南,Purchased electricity and energy method guidance,外购电力与能源口径指南,Location-based and market-based Scope 2 reporting are separated when cited.,原文显式引用时区分位置法与市场法 Scope 2 披露。,Scope 2 market-based and location-based language is treated as GHG-specific.,Scope 2 市场法/位置法术语只在 GHG Protocol 语境下使用。,contextual_overmapped_review,no_explicit_whitelisted_series_name_in_page_text,,3,58,2024-LINDE-sustainable-development-report.pdf,seed_batch_11,medium,"exafluoride (SF₆). Linde’s GHG emissions information was prepared with reference to the World Resources Institute/World Business Council for Sustainable Development’s Greenhouse Gas Protocol: A Corporate Accounting and Reporting Standard, r",exafluoride (SF₆). Linde’s GHG emissions information was prepared with reference to the World Resources Institute/World Business Council for Sustainable Deve...,Review only: keep out of accepted standard-company conclusions until page-level evidence explicitly names the series.,仅供复核：页级证据明确命名具体系列前，不进入已采信标准-企业结论。
r486_linde,486,LINDE,林德集团,C,Manufacturing,制造业,ghg_scope3_calculation_guidance,GHG Protocol Scope 3 Calculation Guidance,GHG Protocol Scope 3 计算指南,Guidance,指南,Scope 3 inventory calculation guidance,Scope 3 清单计算指南,Companion calculation guidance for completing Scope 3 inventories.,配套计算指南，用于完成 Scope 3 清单。,Scope 3 categories are GHG-specific and only shown when the source uses that wording.,Scope 3 类别是 GHG 特有口径，仅在原文如此使用时展示。,contextual_overmapped_review,no_explicit_whitelisted_series_name_in_page_text,,3,58,2024-LINDE-sustainable-development-report.pdf,seed_batch_11,medium,"exafluoride (SF₆). Linde’s GHG emissions information was prepared with reference to the World Resources Institute/World Business Council for Sustainable Development’s Greenhouse Gas Protocol: A Corporate Accounting and Reporting Standard, r",exafluoride (SF₆). Linde’s GHG emissions information was prepared with reference to the World Resources Institute/World Business Council for Sustainable Deve...,Review only: keep out of accepted standard-company conclusions until page-level evidence explicitly names the series.,仅供复核：页级证据明确命名具体系列前，不进入已采信标准-企业结论。
r487_heineken,487,HEINEKEN,喜力公司,C,Manufacturing,制造业,ghg_scope3_calculation_guidance,GHG Protocol Scope 3 Calculation Guidance,GHG Protocol Scope 3 计算指南,Guidance,指南,Scope 3 inventory calculation guidance,Scope 3 清单计算指南,Companion calculation guidance for completing Scope 3 inventories.,配套计算指南，用于完成 Scope 3 清单。,Scope 3 categories are GHG-specific and only shown when the source uses that wording.,Scope 3 类别是 GHG 特有口径，仅在原文如此使用时展示。,contextual_scope_inventory_mapping,no_explicit_whitelisted_series_name_in_page_text,,1,172,heineken_n_v_annual_report_2024_final_20feb2025.pdf,pdf_contextual_scope_inventory_mapping,pdf_page_backfill,"Structured standard tag: GHG Protocol; Standard role: Accounting standard ty need to be improved and prices for high-quality removal projects can be prohibitive, reflecting the early stage of this market. As it evolves, we will assess its potential to complement our broader decarbonisation efforts. Evolving accou heineken_n_v_annual_report_2024_final_20feb2…","Structured standard tag: GHG Protocol; Standard role: Accounting standard ty need to be improved and prices for high-quality removal projects can be prohibitive, reflecting the early stage of this market. As it evolves, we will assess its potential to complement our broader decarbonisation efforts. Evolving accou heineken_n_v_annual_report_2024_final_20feb2…",Review only: keep out of accepted standard-company conclusions until page-level evidence explicitly names the series.,仅供复核：页级证据明确命名具体系列前，不进入已采信标准-企业结论。
r489_3m公司,489,3M,3M,C,Manufacturing,制造业,ghg_scope2_guidance,GHG Protocol Scope 2 Guidance,GHG Protocol Scope 2 指南,Guidance,指南,Purchased electricity and energy method guidance,外购电力与能源口径指南,Location-based and market-based Scope 2 reporting are separated when cited.,原文显式引用时区分位置法与市场法 Scope 2 披露。,Scope 2 market-based and location-based language is treated as GHG-specific.,Scope 2 市场法/位置法术语只在 GHG Protocol 语境下使用。,contextual_scope_inventory_mapping,no_explicit_whitelisted_series_name_in_page_text,,1,27,3m-2025-global-impact-report.pdf,pdf_contextual_scope_inventory_mapping,pdf_page_backfill,Structured standard tag: GHG Protocol; Standard role: Accounting standard al renewable energy sector by offering our customers solutions that help improve the reliability and efficiency of renewable electricity. Scope 3 GHG emissions 3M has been developing our scope 3 GHG emission inventory since the WRI and the 3m-2025-global-impact-report.pdf 3M | 2025 Gl…,Structured standard tag: GHG Protocol; Standard role: Accounting standard al renewable energy sector by offering our customers solutions that help improve the reliability and efficiency of renewable electricity. Scope 3 GHG emissions 3M has been developing our scope 3 GHG emission inventory since the WRI and the 3m-2025-global-impact-report.pdf 3M | 2025 Gl…,Review only: keep out of accepted standard-company conclusions until page-level evidence explicitly names the series.,仅供复核：页级证据明确命名具体系列前，不进入已采信标准-企业结论。
r489_3m公司,489,3M,3M,C,Manufacturing,制造业,ghg_scope3_calculation_guidance,GHG Protocol Scope 3 Calculation Guidance,GHG Protocol Scope 3 计算指南,Guidance,指南,Scope 3 inventory calculation guidance,Scope 3 清单计算指南,Companion calculation guidance for completing Scope 3 inventories.,配套计算指南，用于完成 Scope 3 清单。,Scope 3 categories are GHG-specific and only shown when the source uses that wording.,Scope 3 类别是 GHG 特有口径，仅在原文如此使用时展示。,contextual_scope_inventory_mapping,no_explicit_whitelisted_series_name_in_page_text,,1,27,3m-2025-global-impact-report.pdf,pdf_contextual_scope_inventory_mapping,pdf_page_backfill,Structured standard tag: GHG Protocol; Standard role: Accounting standard al renewable energy sector by offering our customers solutions that help improve the reliability and efficiency of renewable electricity. Scope 3 GHG emissions 3M has been developing our scope 3 GHG emission inventory since the WRI and the 3m-2025-global-impact-report.pdf 3M | 2025 Gl…,Structured standard tag: GHG Protocol; Standard role: Accounting standard al renewable energy sector by offering our customers solutions that help improve the reliability and efficiency of renewable electricity. Scope 3 GHG emissions 3M has been developing our scope 3 GHG emission inventory since the WRI and the 3m-2025-global-impact-report.pdf 3M | 2025 Gl…,Review only: keep out of accepted standard-company conclusions until page-level evidence explicitly names the series.,仅供复核：页级证据明确命名具体系列前，不进入已采信标准-企业结论。
r491_apolloglobalmanagement,491,APOLLO GLOBAL MANAGEMENT,阿波罗全球管理公司,J,Finance,金融业,ghg_scope2_guidance,GHG Protocol Scope 2 Guidance,GHG Protocol Scope 2 指南,Guidance,指南,Purchased electricity and energy method guidance,外购电力与能源口径指南,Location-based and market-based Scope 2 reporting are separated when cited.,原文显式引用时区分位置法与市场法 Scope 2 披露。,Scope 2 market-based and location-based language is treated as GHG-specific.,Scope 2 市场法/位置法术语只在 GHG Protocol 语境下使用。,contextual_scope_inventory_mapping,no_explicit_whitelisted_series_name_in_page_text,,1,31,apollo-2024-sustainability-report-june-2025.pdf,pdf_contextual_scope_inventory_mapping,pdf_page_backfill,Structured standard tag: GHG Protocol; Standard role: Accounting standard ors from the US EIA 2018 Commercial Buildings Energy Consumption Survey where actual data is unavailable. 16 2023 energy figure has been restated due to methodology improvements. 17 2022 and 2023 Scope 1 GHG emissions data is calculated in apollo-2024-sustainability-report-june-2025.p…,Structured standard tag: GHG Protocol; Standard role: Accounting standard ors from the US EIA 2018 Commercial Buildings Energy Consumption Survey where actual data is unavailable. 16 2023 energy figure has been restated due to methodology improvements. 17 2022 and 2023 Scope 1 GHG emissions data is calculated in apollo-2024-sustainability-report-june-2025.p…,Review only: keep out of accepted standard-company conclusions until page-level evidence explicitly names the series.,仅供复核：页级证据明确命名具体系列前，不进入已采信标准-企业结论。
r491_apolloglobalmanagement,491,APOLLO GLOBAL MANAGEMENT,阿波罗全球管理公司,J,Finance,金融业,ghg_scope3_calculation_guidance,GHG Protocol Scope 3 Calculation Guidance,GHG Protocol Scope 3 计算指南,Guidance,指南,Scope 3 inventory calculation guidance,Scope 3 清单计算指南,Companion calculation guidance for completing Scope 3 inventories.,配套计算指南，用于完成 Scope 3 清单。,Scope 3 categories are GHG-specific and only shown when the source uses that wording.,Scope 3 类别是 GHG 特有口径，仅在原文如此使用时展示。,contextual_scope_inventory_mapping,no_explicit_whitelisted_series_name_in_page_text,,1,31,apollo-2024-sustainability-report-june-2025.pdf,pdf_contextual_scope_inventory_mapping,pdf_page_backfill,Structured standard tag: GHG Protocol; Standard role: Accounting standard ors from the US EIA 2018 Commercial Buildings Energy Consumption Survey where actual data is unavailable. 16 2023 energy figure has been restated due to methodology improvements. 17 2022 and 2023 Scope 1 GHG emissions data is calculated in apollo-2024-sustainability-report-june-2025.p…,Structured standard tag: GHG Protocol; Standard role: Accounting standard ors from the US EIA 2018 Commercial Buildings Energy Consumption Survey where actual data is unavailable. 16 2023 energy figure has been restated due to methodology improvements. 17 2022 and 2023 Scope 1 GHG emissions data is calculated in apollo-2024-sustainability-report-june-2025.p…,Review only: keep out of accepted standard-company conclusions until page-level evidence explicitly names the series.,仅供复核：页级证据明确命名具体系列前，不进入已采信标准-企业结论。
r491_apolloglobalmanagement,491,APOLLO GLOBAL MANAGEMENT,阿波罗全球管理公司,J,Finance,金融业,ghg_scope3_standard,GHG Protocol Corporate Value Chain (Scope 3) Accounting and Reporting Standard,GHG Protocol 企业价值链（Scope 3）核算与报告标准,Standard,标准,Value-chain emissions accounting standard,价值链排放核算标准,Scope 3 categories are GHG Protocol-specific category language.,Scope 3 类别是 GHG Protocol 特有的类别口径。,Scope 3 and Scope 3 category names are only used for GHG Protocol evidence.,Scope 3 及十五类类别口径只在 GHG Protocol 证据下使用。,contextual_scope_inventory_mapping,no_explicit_whitelisted_series_name_in_page_text,,1,31,apollo-2024-sustainability-report-june-2025.pdf,pdf_contextual_scope_inventory_mapping,pdf_page_backfill,Structured standard tag: GHG Protocol; Standard role: Accounting standard ors from the US EIA 2018 Commercial Buildings Energy Consumption Survey where actual data is unavailable. 16 2023 energy figure has been restated due to methodology improvements. 17 2022 and 2023 Scope 1 GHG emissions data is calculated in apollo-2024-sustainability-report-june-2025.p…,Structured standard tag: GHG Protocol; Standard role: Accounting standard ors from the US EIA 2018 Commercial Buildings Energy Consumption Survey where actual data is unavailable. 16 2023 energy figure has been restated due to methodology improvements. 17 2022 and 2023 Scope 1 GHG emissions data is calculated in apollo-2024-sustainability-report-june-2025.p…,Review only: keep out of accepted standard-company conclusions until page-level evidence explicitly names the series.,仅供复核：页级证据明确命名具体系列前，不进入已采信标准-企业结论。
r492_emiratesgroup,492,EMIRATES GROUP,阿联酋航空集团,G,"Transport, Storage and Post",交通运输、仓储和邮政业,ghg_land_sector_removals_standard,GHG Protocol Land Sector and Removals Standard,GHG Protocol 土地部门与碳移除标准,Standard,标准,Land emissions and removals accounting standard,土地排放与碳移除核算标准,"Quantify, report, and track land-sector emissions, CO2 removals, and related metrics.",量化、报告和跟踪土地部门排放、二氧化碳移除及相关指标。,Use land-sector/removals wording; do not translate removals into corporate Scope totals unless cited that way.,使用土地部门/移除口径；除非原文如此引用，不直接改写为企业 Scope 总量。,contextual_scope_inventory_mapping,no_explicit_whitelisted_series_name_in_page_text,,1,71,2023-2024-EMIRATES GROUP-annual-report.pdf,pdf_contextual_scope_inventory_mapping,pdf_page_backfill,"Structured standard tag: GHG Protocol; Standard role: Accounting standard tions and the management of the Dubai Desert Conservation Reserve, during the financial year ended 31 March 2024. All other businesses of Emirates are excluded in the below metrics. References to Scope 1 and 2 emissions below are based on d 2023-2024-EMIRATES GROUP-annual-report.pdf E…","Structured standard tag: GHG Protocol; Standard role: Accounting standard tions and the management of the Dubai Desert Conservation Reserve, during the financial year ended 31 March 2024. All other businesses of Emirates are excluded in the below metrics. References to Scope 1 and 2 emissions below are based on d 2023-2024-EMIRATES GROUP-annual-report.pdf E…",Review only: keep out of accepted standard-company conclusions until page-level evidence explicitly names the series.,仅供复核：页级证据明确命名具体系列前，不进入已采信标准-企业结论。
r492_emiratesgroup,492,EMIRATES GROUP,阿联酋航空集团,G,"Transport, Storage and Post",交通运输、仓储和邮政业,ghg_scope2_guidance,GHG Protocol Scope 2 Guidance,GHG Protocol Scope 2 指南,Guidance,指南,Purchased electricity and energy method guidance,外购电力与能源口径指南,Location-based and market-based Scope 2 reporting are separated when cited.,原文显式引用时区分位置法与市场法 Scope 2 披露。,Scope 2 market-based and location-based language is treated as GHG-specific.,Scope 2 市场法/位置法术语只在 GHG Protocol 语境下使用。,contextual_scope_inventory_mapping,no_explicit_whitelisted_series_name_in_page_text,,1,71,2023-2024-EMIRATES GROUP-annual-report.pdf,pdf_contextual_scope_inventory_mapping,pdf_page_backfill,"Structured standard tag: GHG Protocol; Standard role: Accounting standard tions and the management of the Dubai Desert Conservation Reserve, during the financial year ended 31 March 2024. All other businesses of Emirates are excluded in the below metrics. References to Scope 1 and 2 emissions below are based on d 2023-2024-EMIRATES GROUP-annual-report.pdf E…","Structured standard tag: GHG Protocol; Standard role: Accounting standard tions and the management of the Dubai Desert Conservation Reserve, during the financial year ended 31 March 2024. All other businesses of Emirates are excluded in the below metrics. References to Scope 1 and 2 emissions below are based on d 2023-2024-EMIRATES GROUP-annual-report.pdf E…",Review only: keep out of accepted standard-company conclusions until page-level evidence explicitly names the series.,仅供复核：页级证据明确命名具体系列前，不进入已采信标准-企业结论。
r492_emiratesgroup,492,EMIRATES GROUP,阿联酋航空集团,G,"Transport, Storage and Post",交通运输、仓储和邮政业,ghg_scope3_calculation_guidance,GHG Protocol Scope 3 Calculation Guidance,GHG Protocol Scope 3 计算指南,Guidance,指南,Scope 3 inventory calculation guidance,Scope 3 清单计算指南,Companion calculation guidance for completing Scope 3 inventories.,配套计算指南，用于完成 Scope 3 清单。,Scope 3 categories are GHG-specific and only shown when the source uses that wording.,Scope 3 类别是 GHG 特有口径，仅在原文如此使用时展示。,contextual_scope_inventory_mapping,no_explicit_whitelisted_series_name_in_page_text,,1,71,2023-2024-EMIRATES GROUP-annual-report.pdf,pdf_contextual_scope_inventory_mapping,pdf_page_backfill,"Structured standard tag: GHG Protocol; Standard role: Accounting standard tions and the management of the Dubai Desert Conservation Reserve, during the financial year ended 31 March 2024. All other businesses of Emirates are excluded in the below metrics. References to Scope 1 and 2 emissions below are based on d 2023-2024-EMIRATES GROUP-annual-report.pdf E…","Structured standard tag: GHG Protocol; Standard role: Accounting standard tions and the management of the Dubai Desert Conservation Reserve, during the financial year ended 31 March 2024. All other businesses of Emirates are excluded in the below metrics. References to Scope 1 and 2 emissions below are based on d 2023-2024-EMIRATES GROUP-annual-report.pdf E…",Review only: keep out of accepted standard-company conclusions until page-level evidence explicitly names the series.,仅供复核：页级证据明确命名具体系列前，不进入已采信标准-企业结论。
r493_vibraenergia公司,493,Vibra Energia,Vibra Energia,D,"Electricity, Heat, Gas and Water Production and Supply",电力、热力、燃气及水生产和供应业,ghg_corporate_standard,GHG Protocol Corporate Accounting and Reporting Standard,GHG Protocol 企业核算与报告标准,Standard,标准,Corporate inventory accounting standard,企业组织层面清单核算标准,"Relevance, completeness, consistency, transparency, and accuracy.",相关性、完整性、一致性、透明性和准确性。,"Within GHG Protocol evidence, this may define Scope 1 and Scope 2 corporate inventory boundaries.",仅在 GHG Protocol 证据下使用 Scope 1/2 的组织层面清单口径。,contextual_scope_inventory_mapping,no_explicit_whitelisted_series_name_in_page_text,,2,104,Relatório Integrado_Vibra_2024_PTBR.pdf,seed_batch_14,medium,"tação, adotando uma abordagem robusta e estratégica para enfrentar os desafios climáticos. Transparência Priorizamos a transparência em nossas ações relacionadas às mudanças climáticas. Nossa participação no Registro Público de Emissões do","tação, adotando uma abordagem robusta e estratégica para enfrentar os desafios climáticos. Transparência Priorizamos a transparência em nossas ações relacion...",Review only: keep out of accepted standard-company conclusions until page-level evidence explicitly names the series.,仅供复核：页级证据明确命名具体系列前，不进入已采信标准-企业结论。
r493_vibraenergia公司,493,Vibra Energia,Vibra Energia,D,"Electricity, Heat, Gas and Water Production and Supply",电力、热力、燃气及水生产和供应业,ghg_scope2_guidance,GHG Protocol Scope 2 Guidance,GHG Protocol Scope 2 指南,Guidance,指南,Purchased electricity and energy method guidance,外购电力与能源口径指南,Location-based and market-based Scope 2 reporting are separated when cited.,原文显式引用时区分位置法与市场法 Scope 2 披露。,Scope 2 market-based and location-based language is treated as GHG-specific.,Scope 2 市场法/位置法术语只在 GHG Protocol 语境下使用。,contextual_scope_inventory_mapping,no_explicit_whitelisted_series_name_in_page_text,,1,104,Relatório Integrado_Vibra_2024_PTBR.pdf,pdf_contextual_scope_inventory_mapping,pdf_page_backfill,"Structured standard tag: GHG Protocol; Standard role: Accounting standard tação, adotando uma abordagem robusta e estratégica para enfrentar os desafios climáticos. Transparência Priorizamos a transparência em nossas ações relacionadas às mudanças climáticas. Nossa participação no Registro Público de Emissões do Relatório Integrado_Vibra_2024_PTBR.pdf Mudan…","Structured standard tag: GHG Protocol; Standard role: Accounting standard tação, adotando uma abordagem robusta e estratégica para enfrentar os desafios climáticos. Transparência Priorizamos a transparência em nossas ações relacionadas às mudanças climáticas. Nossa participação no Registro Público de Emissões do Relatório Integrado_Vibra_2024_PTBR.pdf Mudan…",Review only: keep out of accepted standard-company conclusions until page-level evidence explicitly names the series.,仅供复核：页级证据明确命名具体系列前，不进入已采信标准-企业结论。
r493_vibraenergia公司,493,Vibra Energia,Vibra Energia,D,"Electricity, Heat, Gas and Water Production and Supply",电力、热力、燃气及水生产和供应业,ghg_scope3_standard,GHG Protocol Corporate Value Chain (Scope 3) Accounting and Reporting Standard,GHG Protocol 企业价值链（Scope 3）核算与报告标准,Standard,标准,Value-chain emissions accounting standard,价值链排放核算标准,Scope 3 categories are GHG Protocol-specific category language.,Scope 3 类别是 GHG Protocol 特有的类别口径。,Scope 3 and Scope 3 category names are only used for GHG Protocol evidence.,Scope 3 及十五类类别口径只在 GHG Protocol 证据下使用。,contextual_scope_inventory_mapping,no_explicit_whitelisted_series_name_in_page_text,,1,104,Relatório Integrado_Vibra_2024_PTBR.pdf,pdf_contextual_scope_inventory_mapping,pdf_page_backfill,"Structured standard tag: GHG Protocol; Standard role: Accounting standard tação, adotando uma abordagem robusta e estratégica para enfrentar os desafios climáticos. Transparência Priorizamos a transparência em nossas ações relacionadas às mudanças climáticas. Nossa participação no Registro Público de Emissões do Relatório Integrado_Vibra_2024_PTBR.pdf Mudan…","Structured standard tag: GHG Protocol; Standard role: Accounting standard tação, adotando uma abordagem robusta e estratégica para enfrentar os desafios climáticos. Transparência Priorizamos a transparência em nossas ações relacionadas às mudanças climáticas. Nossa participação no Registro Público de Emissões do Relatório Integrado_Vibra_2024_PTBR.pdf Mudan…",Review only: keep out of accepted standard-company conclusions until page-level evidence explicitly names the series.,仅供复核：页级证据明确命名具体系列前，不进入已采信标准-企业结论。
r494_metro,494,METRO,麦德龙,F,Wholesale and Retail Trade,批发和零售业,ghg_corporate_standard,GHG Protocol Corporate Accounting and Reporting Standard,GHG Protocol 企业核算与报告标准,Standard,标准,Corporate inventory accounting standard,企业组织层面清单核算标准,"Relevance, completeness, consistency, transparency, and accuracy.",相关性、完整性、一致性、透明性和准确性。,"Within GHG Protocol evidence, this may define Scope 1 and Scope 2 corporate inventory boundaries.",仅在 GHG Protocol 证据下使用 Scope 1/2 的组织层面清单口径。,contextual_scope_inventory_mapping,no_explicit_whitelisted_series_name_in_page_text,,3,48,entire-metro-ar24.pdf,seed_batch_11,medium,"ded in the food waste indicator. According to the WRAP standard, the former do not fall into the category of food intended for human consumption and are therefore not recognised as food waste. 7 The calculation of CO2 emissions corresponds","ded in the food waste indicator. According to the WRAP standard, the former do not fall into the category of food intended for human consumption and are ther...",Review only: keep out of accepted standard-company conclusions until page-level evidence explicitly names the series.,仅供复核：页级证据明确命名具体系列前，不进入已采信标准-企业结论。
r494_metro,494,METRO,麦德龙,F,Wholesale and Retail Trade,批发和零售业,ghg_scope3_calculation_guidance,GHG Protocol Scope 3 Calculation Guidance,GHG Protocol Scope 3 计算指南,Guidance,指南,Scope 3 inventory calculation guidance,Scope 3 清单计算指南,Companion calculation guidance for completing Scope 3 inventories.,配套计算指南，用于完成 Scope 3 清单。,Scope 3 categories are GHG-specific and only shown when the source uses that wording.,Scope 3 类别是 GHG 特有口径，仅在原文如此使用时展示。,contextual_scope_inventory_mapping,no_explicit_whitelisted_series_name_in_page_text,,1,48,entire-metro-ar24.pdf,pdf_contextual_scope_inventory_mapping,pdf_page_backfill,"Structured standard tag: GHG Protocol; Standard role: Accounting standard ded in the food waste indicator. According to the WRAP standard, the former do not fall into the category of food intended for human consumption and are therefore not recognised as food waste. 7 The calculation of CO2 emissions corresponds entire-metro-ar24.pdf Environmental matters5 …","Structured standard tag: GHG Protocol; Standard role: Accounting standard ded in the food waste indicator. According to the WRAP standard, the former do not fall into the category of food intended for human consumption and are therefore not recognised as food waste. 7 The calculation of CO2 emissions corresponds entire-metro-ar24.pdf Environmental matters5 …",Review only: keep out of accepted standard-company conclusions until page-level evidence explicitly names the series.,仅供复核：页级证据明确命名具体系列前，不进入已采信标准-企业结论。
r498_瑞士abb集团,498,ABB,瑞士ABB,C,Manufacturing,制造业,ghg_scope2_guidance,GHG Protocol Scope 2 Guidance,GHG Protocol Scope 2 指南,Guidance,指南,Purchased electricity and energy method guidance,外购电力与能源口径指南,Location-based and market-based Scope 2 reporting are separated when cited.,原文显式引用时区分位置法与市场法 Scope 2 披露。,Scope 2 market-based and location-based language is treated as GHG-specific.,Scope 2 市场法/位置法术语只在 GHG Protocol 语境下使用。,contextual_scope_inventory_mapping,no_explicit_whitelisted_series_name_in_page_text,,1,37,ABB Sustainability Statement 2024.pdf,pdf_contextual_scope_inventory_mapping,pdf_page_backfill,"Structured standard tag: GHG Protocol; Standard role: Accounting standard is category represents the most significant contribution. Nevertheless, we diligently calculate all other scope 3 categories relevant to ABB to ensure comprehensive reporting. When assessing the materiality of the different scope 3 categori ABB Sustainability Statement 2024.pdf 34 ABB…","Structured standard tag: GHG Protocol; Standard role: Accounting standard is category represents the most significant contribution. Nevertheless, we diligently calculate all other scope 3 categories relevant to ABB to ensure comprehensive reporting. When assessing the materiality of the different scope 3 categori ABB Sustainability Statement 2024.pdf 34 ABB…",Review only: keep out of accepted standard-company conclusions until page-level evidence explicitly names the series.,仅供复核：页级证据明确命名具体系列前，不进入已采信标准-企业结论。
r498_瑞士abb集团,498,ABB,瑞士ABB,C,Manufacturing,制造业,ghg_scope3_calculation_guidance,GHG Protocol Scope 3 Calculation Guidance,GHG Protocol Scope 3 计算指南,Guidance,指南,Scope 3 inventory calculation guidance,Scope 3 清单计算指南,Companion calculation guidance for completing Scope 3 inventories.,配套计算指南，用于完成 Scope 3 清单。,Scope 3 categories are GHG-specific and only shown when the source uses that wording.,Scope 3 类别是 GHG 特有口径，仅在原文如此使用时展示。,contextual_scope_inventory_mapping,no_explicit_whitelisted_series_name_in_page_text,,1,37,ABB Sustainability Statement 2024.pdf,pdf_contextual_scope_inventory_mapping,pdf_page_backfill,"Structured standard tag: GHG Protocol; Standard role: Accounting standard is category represents the most significant contribution. Nevertheless, we diligently calculate all other scope 3 categories relevant to ABB to ensure comprehensive reporting. When assessing the materiality of the different scope 3 categori ABB Sustainability Statement 2024.pdf 34 ABB…","Structured standard tag: GHG Protocol; Standard role: Accounting standard is category represents the most significant contribution. Nevertheless, we diligently calculate all other scope 3 categories relevant to ABB to ensure comprehensive reporting. When assessing the materiality of the different scope 3 categori ABB Sustainability Statement 2024.pdf 34 ABB…",Review only: keep out of accepted standard-company conclusions until page-level evidence explicitly names the series.,仅供复核：页级证据明确命名具体系列前，不进入已采信标准-企业结论。
r500_三星candt公司,500,Samsung C&T,三星C&T,E,Construction,建筑业,ghg_corporate_standard,GHG Protocol Corporate Accounting and Reporting Standard,GHG Protocol 企业核算与报告标准,Standard,标准,Corporate inventory accounting standard,企业组织层面清单核算标准,"Relevance, completeness, consistency, transparency, and accuracy.",相关性、完整性、一致性、透明性和准确性。,"Within GHG Protocol evidence, this may define Scope 1 and Scope 2 corporate inventory boundaries.",仅在 GHG Protocol 证据下使用 Scope 1/2 的组织层面清单口径。,contextual_scope_inventory_mapping,no_explicit_whitelisted_series_name_in_page_text,,3,111,2025 Samsung C&T Sustainability Report.pdf,seed_batch_12,medium,al business report (excluding domestic subsidiaries of 4 groups) Greenhouse Gas Emissions Scope 1 emissions Scope 2 emissions Scope 3 emissions ‧ Based on all domestic and overseas business sites ‧ (Domestic) Statement of greenhouse gas emi,al business report (excluding domestic subsidiaries of 4 groups) Greenhouse Gas Emissions Scope 1 emissions Scope 2 emissions Scope 3 emissions ‧ Based on al...,Review only: keep out of accepted standard-company conclusions until page-level evidence explicitly names the series.,仅供复核：页级证据明确命名具体系列前，不进入已采信标准-企业结论。
r500_三星candt公司,500,Samsung C&T,三星C&T,E,Construction,建筑业,ghg_scope2_guidance,GHG Protocol Scope 2 Guidance,GHG Protocol Scope 2 指南,Guidance,指南,Purchased electricity and energy method guidance,外购电力与能源口径指南,Location-based and market-based Scope 2 reporting are separated when cited.,原文显式引用时区分位置法与市场法 Scope 2 披露。,Scope 2 market-based and location-based language is treated as GHG-specific.,Scope 2 市场法/位置法术语只在 GHG Protocol 语境下使用。,contextual_scope_inventory_mapping,no_explicit_whitelisted_series_name_in_page_text,,3,111,2025 Samsung C&T Sustainability Report.pdf,seed_batch_12,medium,al business report (excluding domestic subsidiaries of 4 groups) Greenhouse Gas Emissions Scope 1 emissions Scope 2 emissions Scope 3 emissions ‧ Based on all domestic and overseas business sites ‧ (Domestic) Statement of greenhouse gas emi,al business report (excluding domestic subsidiaries of 4 groups) Greenhouse Gas Emissions Scope 1 emissions Scope 2 emissions Scope 3 emissions ‧ Based on al...,Review only: keep out of accepted standard-company conclusions until page-level evidence explicitly names the series.,仅供复核：页级证据明确命名具体系列前，不进入已采信标准-企业结论。
r500_三星candt公司,500,Samsung C&T,三星C&T,E,Construction,建筑业,ghg_scope3_calculation_guidance,GHG Protocol Scope 3 Calculation Guidance,GHG Protocol Scope 3 计算指南,Guidance,指南,Scope 3 inventory calculation guidance,Scope 3 清单计算指南,Companion calculation guidance for completing Scope 3 inventories.,配套计算指南，用于完成 Scope 3 清单。,Scope 3 categories are GHG-specific and only shown when the source uses that wording.,Scope 3 类别是 GHG 特有口径，仅在原文如此使用时展示。,contextual_scope_inventory_mapping,no_explicit_whitelisted_series_name_in_page_text,,1,111,2025 Samsung C&T Sustainability Report.pdf,pdf_contextual_scope_inventory_mapping,pdf_page_backfill,Structured standard tag: GHG Protocol; Standard role: Accounting standard al business report (excluding domestic subsidiaries of 4 groups) Greenhouse Gas Emissions Scope 1 emissions Scope 2 emissions Scope 3 emissions ‧ Based on all domestic and overseas business sites ‧ (Domestic) Statement of greenhouse gas emi 2025 Samsung C&T Sustainability Report.pdf 1…,Structured standard tag: GHG Protocol; Standard role: Accounting standard al business report (excluding domestic subsidiaries of 4 groups) Greenhouse Gas Emissions Scope 1 emissions Scope 2 emissions Scope 3 emissions ‧ Based on all domestic and overseas business sites ‧ (Domestic) Statement of greenhouse gas emi 2025 Samsung C&T Sustainability Report.pdf 1…,Review only: keep out of accepted standard-company conclusions until page-level evidence explicitly names the series.,仅供复核：页级证据明确命名具体系列前，不进入已采信标准-企业结论。
