decision_id,source_queue,decision_bucket,decision_status,company_id,company_name_en,world500_rank,series_id,series_name_en,review_priority,match_status,evidence_gate,pages,source_files,decision_reason_en,next_action_en
GHG-SERIES-ACCEPTED-0001,world500_ghg_series_acceptance_ledger.json,accepted,accepted_explicit_named_series_edge,r001_walmart,WALMART,1,ghg_corporate_standard,GHG Protocol Corporate Accounting and Reporting Standard,P0_acceptance_graph,explicit_series_citation,source_text_explicitly_names_this_ghg_protocol_series,7,FY2025-Walmart-ESG-Report.pdf,Accepted: source text explicitly names this exact controlled GHGP/PCAF standard or guidance.,Keep in the accepted GHGP fine-series graph with page/source evidence.
GHG-SERIES-ACCEPTED-0002,world500_ghg_series_acceptance_ledger.json,accepted,accepted_explicit_named_series_edge,r001_walmart,WALMART,1,ghg_scope3_standard,GHG Protocol Corporate Value Chain (Scope 3) Accounting and Reporting Standard,P0_acceptance_graph,explicit_series_citation,source_text_explicitly_names_this_ghg_protocol_series,7 | 34,FY2025-Walmart-ESG-Report.pdf,Accepted: source text explicitly names this exact controlled GHGP/PCAF standard or guidance.,Keep in the accepted GHGP fine-series graph with page/source evidence.
GHG-SERIES-ACCEPTED-0003,world500_ghg_series_acceptance_ledger.json,accepted,accepted_explicit_named_series_edge,r008_unitedhealthgroup,UNITEDHEALTH GROUP,8,ghg_corporate_standard,GHG Protocol Corporate Accounting and Reporting Standard,P0_acceptance_graph,explicit_series_citation,source_text_explicitly_names_this_ghg_protocol_series,33 | 80,UNITEDHEALTH GROUP—2024-sustainability-report.pdf,Accepted: source text explicitly names this exact controlled GHGP/PCAF standard or guidance.,Keep in the accepted GHGP fine-series graph with page/source evidence.
GHG-SERIES-ACCEPTED-0004,world500_ghg_series_acceptance_ledger.json,accepted,accepted_explicit_named_series_edge,r008_unitedhealthgroup,UNITEDHEALTH GROUP,8,ghg_financial_industry_standard,Global GHG Accounting and Reporting Standard for the Financial Industry,P0_acceptance_graph,explicit_series_citation,source_text_explicitly_names_this_ghg_protocol_series,33 | 35 | 82,UNITEDHEALTH GROUP—2024-sustainability-report.pdf,Accepted: source text explicitly names this exact controlled GHGP/PCAF standard or guidance.,Keep in the accepted GHGP fine-series graph with page/source evidence.
GHG-SERIES-ACCEPTED-0005,world500_ghg_series_acceptance_ledger.json,accepted,accepted_explicit_named_series_edge,r010_cvshealth公司,CVS Health,10,ghg_corporate_standard,GHG Protocol Corporate Accounting and Reporting Standard,P0_acceptance_graph,explicit_series_citation,source_text_explicitly_names_this_ghg_protocol_series,36 | 90,CVS Health-2024-Impact-Report-Appendix.pdf,Accepted: source text explicitly names this exact controlled GHGP/PCAF standard or guidance.,Keep in the accepted GHGP fine-series graph with page/source evidence.
GHG-SERIES-ACCEPTED-0006,world500_ghg_series_acceptance_ledger.json,accepted,accepted_explicit_named_series_edge,r010_cvshealth公司,CVS Health,10,ghg_scope3_standard,GHG Protocol Corporate Value Chain (Scope 3) Accounting and Reporting Standard,P0_acceptance_graph,explicit_series_citation,source_text_explicitly_names_this_ghg_protocol_series,36 | 90,CVS Health-2024-Impact-Report-Appendix.pdf,Accepted: source text explicitly names this exact controlled GHGP/PCAF standard or guidance.,Keep in the accepted GHGP fine-series graph with page/source evidence.
GHG-SERIES-ACCEPTED-0007,world500_ghg_series_acceptance_ledger.json,accepted,accepted_explicit_named_series_edge,r013_shell,SHELL,13,ghg_corporate_standard,GHG Protocol Corporate Accounting and Reporting Standard,P0_acceptance_graph,explicit_series_citation,source_text_explicitly_names_this_ghg_protocol_series,99 | 102 | 109 | 344,shell-annual-report-2024.pdf,Accepted: source text explicitly names this exact controlled GHGP/PCAF standard or guidance.,Keep in the accepted GHGP fine-series graph with page/source evidence.
GHG-SERIES-ACCEPTED-0008,world500_ghg_series_acceptance_ledger.json,accepted,accepted_explicit_named_series_edge,r013_shell,SHELL,13,ghg_scope2_guidance,GHG Protocol Scope 2 Guidance,P0_acceptance_graph,explicit_series_citation,source_text_explicitly_names_this_ghg_protocol_series,102 | 376 | 99,shell-annual-report-2024.pdf,Accepted: source text explicitly names this exact controlled GHGP/PCAF standard or guidance.,Keep in the accepted GHGP fine-series graph with page/source evidence.
GHG-SERIES-ACCEPTED-0009,world500_ghg_series_acceptance_ledger.json,accepted,accepted_explicit_named_series_edge,r013_shell,SHELL,13,ghg_scope3_standard,GHG Protocol Corporate Value Chain (Scope 3) Accounting and Reporting Standard,P0_acceptance_graph,explicit_series_citation,source_text_explicitly_names_this_ghg_protocol_series,99 | 102 | 344,shell-annual-report-2024.pdf,Accepted: source text explicitly names this exact controlled GHGP/PCAF standard or guidance.,Keep in the accepted GHGP fine-series graph with page/source evidence.
GHG-SERIES-ACCEPTED-0010,world500_ghg_series_acceptance_ledger.json,accepted,accepted_explicit_named_series_edge,r016_mckesson,MCKESSON,16,ghg_corporate_standard,GHG Protocol Corporate Accounting and Reporting Standard,P0_acceptance_graph,explicit_series_citation,source_text_explicitly_names_this_ghg_protocol_series,44 | 66,McKesson Impact Report 2024.pdf,Accepted: source text explicitly names this exact controlled GHGP/PCAF standard or guidance.,Keep in the accepted GHGP fine-series graph with page/source evidence.
GHG-SERIES-ACCEPTED-0011,world500_ghg_series_acceptance_ledger.json,accepted,accepted_explicit_named_series_edge,r017_alphabet公司,Alphabet,17,ghg_corporate_standard,GHG Protocol Corporate Accounting and Reporting Standard,P0_acceptance_graph,explicit_series_citation,source_text_explicitly_names_this_ghg_protocol_series,80 | 98 | 112,google-2025-environmental-report.pdf,Accepted: source text explicitly names this exact controlled GHGP/PCAF standard or guidance.,Keep in the accepted GHGP fine-series graph with page/source evidence.
GHG-SERIES-ACCEPTED-0012,world500_ghg_series_acceptance_ledger.json,accepted,accepted_explicit_named_series_edge,r017_alphabet公司,Alphabet,17,ghg_scope2_guidance,GHG Protocol Scope 2 Guidance,P0_acceptance_graph,explicit_series_citation,source_text_explicitly_names_this_ghg_protocol_series,80 | 98 | 112,google-2025-environmental-report.pdf,Accepted: source text explicitly names this exact controlled GHGP/PCAF standard or guidance.,Keep in the accepted GHGP fine-series graph with page/source evidence.
GHG-SERIES-ACCEPTED-0013,world500_ghg_series_acceptance_ledger.json,accepted,accepted_explicit_named_series_edge,r017_alphabet公司,Alphabet,17,ghg_scope3_calculation_guidance,GHG Protocol Scope 3 Calculation Guidance,P0_acceptance_graph,explicit_series_citation,source_text_explicitly_names_this_ghg_protocol_series,80 | 98 | 112,google-2025-environmental-report.pdf,Accepted: source text explicitly names this exact controlled GHGP/PCAF standard or guidance.,Keep in the accepted GHGP fine-series graph with page/source evidence.
GHG-SERIES-ACCEPTED-0014,world500_ghg_series_acceptance_ledger.json,accepted,accepted_explicit_named_series_edge,r017_alphabet公司,Alphabet,17,ghg_scope3_standard,GHG Protocol Corporate Value Chain (Scope 3) Accounting and Reporting Standard,P0_acceptance_graph,explicit_series_citation,source_text_explicitly_names_this_ghg_protocol_series,80 | 98 | 112,google-2025-environmental-report.pdf,Accepted: source text explicitly names this exact controlled GHGP/PCAF standard or guidance.,Keep in the accepted GHGP fine-series graph with page/source evidence.
GHG-SERIES-ACCEPTED-0015,world500_ghg_series_acceptance_ledger.json,accepted,accepted_explicit_named_series_edge,r021_jpmorganchase,JPMORGAN CHASE,21,ghg_financial_industry_standard,Global GHG Accounting and Reporting Standard for the Financial Industry,P0_acceptance_graph,explicit_series_citation,source_text_explicitly_names_this_ghg_protocol_series,25,JPMORGAN CHASE-Climate-Report-2024.pdf,Accepted: source text explicitly names this exact controlled GHGP/PCAF standard or guidance.,Keep in the accepted GHGP fine-series graph with page/source evidence.
GHG-SERIES-ACCEPTED-0016,world500_ghg_series_acceptance_ledger.json,accepted,accepted_explicit_named_series_edge,r023_totalenergies,TOTALENERGIES,23,ghg_scope3_calculation_guidance,GHG Protocol Scope 3 Calculation Guidance,P0_acceptance_graph,explicit_series_citation,source_text_explicitly_names_this_ghg_protocol_series,18 | 117,totalenergies_sustainability-climate-2025-progress-report_2025_en.pdf,Accepted: source text explicitly names this exact controlled GHGP/PCAF standard or guidance.,Keep in the accepted GHGP fine-series graph with page/source evidence.
GHG-SERIES-ACCEPTED-0017,world500_ghg_series_acceptance_ledger.json,accepted,accepted_explicit_named_series_edge,r023_totalenergies,TOTALENERGIES,23,ghg_scope3_standard,GHG Protocol Corporate Value Chain (Scope 3) Accounting and Reporting Standard,P0_acceptance_graph,explicit_series_citation,source_text_explicitly_names_this_ghg_protocol_series,18 | 117,totalenergies_sustainability-climate-2025-progress-report_2025_en.pdf,Accepted: source text explicitly names this exact controlled GHGP/PCAF standard or guidance.,Keep in the accepted GHGP fine-series graph with page/source evidence.
GHG-SERIES-ACCEPTED-0018,world500_ghg_series_acceptance_ledger.json,accepted,accepted_explicit_named_series_edge,r027_cardinalhealth,CARDINAL HEALTH,27,ghg_corporate_standard,GHG Protocol Corporate Accounting and Reporting Standard,P0_acceptance_graph,explicit_series_citation,source_text_explicitly_names_this_ghg_protocol_series,54 | 80 | 103 | 104,cardinal-health-fy24-ESG-report.pdf,Accepted: source text explicitly names this exact controlled GHGP/PCAF standard or guidance.,Keep in the accepted GHGP fine-series graph with page/source evidence.
GHG-SERIES-ACCEPTED-0019,world500_ghg_series_acceptance_ledger.json,accepted,accepted_explicit_named_series_edge,r027_cardinalhealth,CARDINAL HEALTH,27,ghg_scope2_guidance,GHG Protocol Scope 2 Guidance,P0_acceptance_graph,explicit_series_citation,source_text_explicitly_names_this_ghg_protocol_series,104 | 54,cardinal-health-fy24-ESG-report.pdf,Accepted: source text explicitly names this exact controlled GHGP/PCAF standard or guidance.,Keep in the accepted GHGP fine-series graph with page/source evidence.
GHG-SERIES-ACCEPTED-0020,world500_ghg_series_acceptance_ledger.json,accepted,accepted_explicit_named_series_edge,r027_cardinalhealth,CARDINAL HEALTH,27,ghg_scope3_calculation_guidance,GHG Protocol Scope 3 Calculation Guidance,P0_acceptance_graph,explicit_series_citation,source_text_explicitly_names_this_ghg_protocol_series,105 | 54,cardinal-health-fy24-ESG-report.pdf,Accepted: source text explicitly names this exact controlled GHGP/PCAF standard or guidance.,Keep in the accepted GHGP fine-series graph with page/source evidence.
GHG-SERIES-ACCEPTED-0021,world500_ghg_series_acceptance_ledger.json,accepted,accepted_explicit_named_series_edge,r027_cardinalhealth,CARDINAL HEALTH,27,ghg_scope3_standard,GHG Protocol Corporate Value Chain (Scope 3) Accounting and Reporting Standard,P0_acceptance_graph,explicit_series_citation,source_text_explicitly_names_this_ghg_protocol_series,104 | 54 | 105 | 103,cardinal-health-fy24-ESG-report.pdf,Accepted: source text explicitly names this exact controlled GHGP/PCAF standard or guidance.,Keep in the accepted GHGP fine-series graph with page/source evidence.
GHG-SERIES-ACCEPTED-0022,world500_ghg_series_acceptance_ledger.json,accepted,accepted_explicit_named_series_edge,r029_chevron,CHEVRON,29,ghg_corporate_standard,GHG Protocol Corporate Accounting and Reporting Standard,P0_acceptance_graph,explicit_series_citation,source_text_explicitly_names_this_ghg_protocol_series,28,chevron-sustainability-highlights-2024.pdf,Accepted: source text explicitly names this exact controlled GHGP/PCAF standard or guidance.,Keep in the accepted GHGP fine-series graph with page/source evidence.
GHG-SERIES-ACCEPTED-0023,world500_ghg_series_acceptance_ledger.json,accepted,accepted_explicit_named_series_edge,r029_chevron,CHEVRON,29,ghg_scope2_guidance,GHG Protocol Scope 2 Guidance,P0_acceptance_graph,explicit_series_citation,source_text_explicitly_names_this_ghg_protocol_series,28,chevron-sustainability-highlights-2024.pdf,Accepted: source text explicitly names this exact controlled GHGP/PCAF standard or guidance.,Keep in the accepted GHGP fine-series graph with page/source evidence.
GHG-SERIES-ACCEPTED-0024,world500_ghg_series_acceptance_ledger.json,accepted,accepted_explicit_named_series_edge,r029_chevron,CHEVRON,29,ghg_scope3_standard,GHG Protocol Corporate Value Chain (Scope 3) Accounting and Reporting Standard,P0_acceptance_graph,explicit_series_citation,source_text_explicitly_names_this_ghg_protocol_series,28,chevron-sustainability-highlights-2024.pdf,Accepted: source text explicitly names this exact controlled GHGP/PCAF standard or guidance.,Keep in the accepted GHGP fine-series graph with page/source evidence.
GHG-SERIES-ACCEPTED-0025,world500_ghg_series_acceptance_ledger.json,accepted,accepted_explicit_named_series_edge,r036_fordmotor,FORD MOTOR,36,ghg_scope2_guidance,GHG Protocol Scope 2 Guidance,P0_acceptance_graph,explicit_series_citation,source_text_explicitly_names_this_ghg_protocol_series,44 | 195 | 239,2025-integrated-sustainability-and-financial-report-FORD MOTOR.pdf,Accepted: source text explicitly names this exact controlled GHGP/PCAF standard or guidance.,Keep in the accepted GHGP fine-series graph with page/source evidence.
GHG-SERIES-ACCEPTED-0026,world500_ghg_series_acceptance_ledger.json,accepted,accepted_explicit_named_series_edge,r038_bankofamerica,BANK OF AMERICA,38,ghg_corporate_standard,GHG Protocol Corporate Accounting and Reporting Standard,P0_acceptance_graph,explicit_series_citation,source_text_explicitly_names_this_ghg_protocol_series,82 | 20,BankOfAmerica_Sustainability_2024_Report.pdf,Accepted: source text explicitly names this exact controlled GHGP/PCAF standard or guidance.,Keep in the accepted GHGP fine-series graph with page/source evidence.
GHG-SERIES-ACCEPTED-0027,world500_ghg_series_acceptance_ledger.json,accepted,accepted_explicit_named_series_edge,r038_bankofamerica,BANK OF AMERICA,38,ghg_financial_industry_standard,Global GHG Accounting and Reporting Standard for the Financial Industry,P0_acceptance_graph,explicit_series_citation,source_text_explicitly_names_this_ghg_protocol_series,29 | 50 | 73 | 120 | 122,BankOfAmerica_Sustainability_2024_Report.pdf,Accepted: source text explicitly names this exact controlled GHGP/PCAF standard or guidance.,Keep in the accepted GHGP fine-series graph with page/source evidence.
GHG-SERIES-ACCEPTED-0028,world500_ghg_series_acceptance_ledger.json,accepted,accepted_explicit_named_series_edge,r038_bankofamerica,BANK OF AMERICA,38,ghg_scope2_guidance,GHG Protocol Scope 2 Guidance,P0_acceptance_graph,explicit_series_citation,source_text_explicitly_names_this_ghg_protocol_series,82 | 20,BankOfAmerica_Sustainability_2024_Report.pdf,Accepted: source text explicitly names this exact controlled GHGP/PCAF standard or guidance.,Keep in the accepted GHGP fine-series graph with page/source evidence.
GHG-SERIES-ACCEPTED-0029,world500_ghg_series_acceptance_ledger.json,accepted,accepted_explicit_named_series_edge,r038_bankofamerica,BANK OF AMERICA,38,ghg_scope3_standard,GHG Protocol Corporate Value Chain (Scope 3) Accounting and Reporting Standard,P0_acceptance_graph,explicit_series_citation,source_text_explicitly_names_this_ghg_protocol_series,120 | 122 | 123 | 20,BankOfAmerica_Sustainability_2024_Report.pdf,Accepted: source text explicitly names this exact controlled GHGP/PCAF standard or guidance.,Keep in the accepted GHGP fine-series graph with page/source evidence.
GHG-SERIES-ACCEPTED-0030,world500_ghg_series_acceptance_ledger.json,accepted,accepted_explicit_named_series_edge,r045_citigroup,CITIGROUP,45,ghg_corporate_standard,GHG Protocol Corporate Accounting and Reporting Standard,P0_acceptance_graph,explicit_series_citation,source_text_explicitly_names_this_ghg_protocol_series,26 | 64,global-sustainability-report-2024-CITIGROUP.pdf,Accepted: source text explicitly names this exact controlled GHGP/PCAF standard or guidance.,Keep in the accepted GHGP fine-series graph with page/source evidence.
GHG-SERIES-ACCEPTED-0031,world500_ghg_series_acceptance_ledger.json,accepted,accepted_explicit_named_series_edge,r045_citigroup,CITIGROUP,45,ghg_scope2_guidance,GHG Protocol Scope 2 Guidance,P0_acceptance_graph,explicit_series_citation,source_text_explicitly_names_this_ghg_protocol_series,26 | 64,global-sustainability-report-2024-CITIGROUP.pdf,Accepted: source text explicitly names this exact controlled GHGP/PCAF standard or guidance.,Keep in the accepted GHGP fine-series graph with page/source evidence.
GHG-SERIES-ACCEPTED-0032,world500_ghg_series_acceptance_ledger.json,accepted,accepted_explicit_named_series_edge,r045_citigroup,CITIGROUP,45,ghg_scope3_standard,GHG Protocol Corporate Value Chain (Scope 3) Accounting and Reporting Standard,P0_acceptance_graph,explicit_series_citation,source_text_explicitly_names_this_ghg_protocol_series,19 | 27,global-sustainability-report-2024-CITIGROUP.pdf,Accepted: source text explicitly names this exact controlled GHGP/PCAF standard or guidance.,Keep in the accepted GHGP fine-series graph with page/source evidence.
GHG-SERIES-ACCEPTED-0033,world500_ghg_series_acceptance_ledger.json,accepted,accepted_explicit_named_series_edge,r048_homedepot,HOME DEPOT,48,ghg_corporate_standard,GHG Protocol Corporate Accounting and Reporting Standard,P0_acceptance_graph,explicit_series_citation,source_text_explicitly_names_this_ghg_protocol_series,45,2024_ESG_Report_The_Home_Depot.pdf,Accepted: source text explicitly names this exact controlled GHGP/PCAF standard or guidance.,Keep in the accepted GHGP fine-series graph with page/source evidence.
GHG-SERIES-ACCEPTED-0034,world500_ghg_series_acceptance_ledger.json,accepted,accepted_explicit_named_series_edge,r049_electricitédefrance,ELECTRICITÉ DE FRANCE,49,ghg_corporate_standard,GHG Protocol Corporate Accounting and Reporting Standard,P0_acceptance_graph,explicit_series_citation,source_text_explicitly_names_this_ghg_protocol_series,674 | 193,edf-urd-annual-financial-report-2024-en-accessible.pdf,Accepted: source text explicitly names this exact controlled GHGP/PCAF standard or guidance.,Keep in the accepted GHGP fine-series graph with page/source evidence.
GHG-SERIES-ACCEPTED-0035,world500_ghg_series_acceptance_ledger.json,accepted,accepted_explicit_named_series_edge,r050_marathonpetroleum,MARATHON PETROLEUM,50,ghg_corporate_standard,GHG Protocol Corporate Accounting and Reporting Standard,P0_acceptance_graph,explicit_series_citation,source_text_explicitly_names_this_ghg_protocol_series,56,2024_SustainabilityReport-MARATHON PETROLEUM.pdf,Accepted: source text explicitly names this exact controlled GHGP/PCAF standard or guidance.,Keep in the accepted GHGP fine-series graph with page/source evidence.
GHG-SERIES-ACCEPTED-0036,world500_ghg_series_acceptance_ledger.json,accepted,accepted_explicit_named_series_edge,r060_walgreensbootsalliance,WALGREENS BOOTS ALLIANCE,60,ghg_corporate_standard,GHG Protocol Corporate Accounting and Reporting Standard,P0_acceptance_graph,explicit_series_citation,source_text_explicitly_names_this_ghg_protocol_series,68,WALGREENS BOOTS ALLIANCE-Impact-Report-2024.pdf,Accepted: source text explicitly names this exact controlled GHGP/PCAF standard or guidance.,Keep in the accepted GHGP fine-series graph with page/source evidence.
GHG-SERIES-ACCEPTED-0037,world500_ghg_series_acceptance_ledger.json,accepted,accepted_explicit_named_series_edge,r061_valeroenergy,VALERO ENERGY,61,ghg_project_protocol,GHG Protocol Project Protocol,P0_acceptance_graph,explicit_series_citation,source_text_explicitly_names_this_ghg_protocol_series,14 | 21,VALERO ENERGY-2024 ESG Report 0823 FINAL pages.pdf,Accepted: source text explicitly names this exact controlled GHGP/PCAF standard or guidance.,Keep in the accepted GHGP fine-series graph with page/source evidence.
GHG-SERIES-ACCEPTED-0038,world500_ghg_series_acceptance_ledger.json,accepted,accepted_explicit_named_series_edge,r062_bancosantander,BANCO SANTANDER,62,ghg_financial_industry_standard,Global GHG Accounting and Reporting Standard for the Financial Industry,P0_acceptance_graph,explicit_series_citation,source_text_explicitly_names_this_ghg_protocol_series,56 | 46,BANCO SANTANDER-estado-sostenibilidad-2024-es.pdf,Accepted: source text explicitly names this exact controlled GHGP/PCAF standard or guidance.,Keep in the accepted GHGP fine-series graph with page/source evidence.
GHG-SERIES-ACCEPTED-0039,world500_ghg_series_acceptance_ledger.json,accepted,accepted_explicit_named_series_edge,r065_mitsubishi,MITSUBISHI,65,ghg_corporate_standard,GHG Protocol Corporate Accounting and Reporting Standard,P0_acceptance_graph,explicit_series_citation,source_text_explicitly_names_this_ghg_protocol_series,69 | 65,MITSUBISHI-ESG-2024.pdf,Accepted: source text explicitly names this exact controlled GHGP/PCAF standard or guidance.,Keep in the accepted GHGP fine-series graph with page/source evidence.
GHG-SERIES-ACCEPTED-0040,world500_ghg_series_acceptance_ledger.json,accepted,accepted_explicit_named_series_edge,r067_hsbcholdings,HSBC HOLDINGS,67,ghg_financial_industry_standard,Global GHG Accounting and Reporting Standard for the Financial Industry,P0_acceptance_graph,explicit_series_citation,source_text_explicitly_names_this_ghg_protocol_series,50 | 52 | 55,HSBC HOLDINGS-250219-annual-report-and-accounts-2024.pdf,Accepted: source text explicitly names this exact controlled GHGP/PCAF standard or guidance.,Keep in the accepted GHGP fine-series graph with page/source evidence.
GHG-SERIES-ACCEPTED-0041,world500_ghg_series_acceptance_ledger.json,accepted,accepted_explicit_named_series_edge,r073_hyundaimotor,HYUNDAI MOTOR,73,ghg_corporate_standard,GHG Protocol Corporate Accounting and Reporting Standard,P0_acceptance_graph,explicit_series_citation,source_text_explicitly_names_this_ghg_protocol_series,40 | 140,HYUNDAI MOTOR-hmc-2025-sustainability-report-en-v13.pdf,Accepted: source text explicitly names this exact controlled GHGP/PCAF standard or guidance.,Keep in the accepted GHGP fine-series graph with page/source evidence.
GHG-SERIES-ACCEPTED-0042,world500_ghg_series_acceptance_ledger.json,accepted,accepted_explicit_named_series_edge,r073_hyundaimotor,HYUNDAI MOTOR,73,ghg_scope2_guidance,GHG Protocol Scope 2 Guidance,P0_acceptance_graph,explicit_series_citation,source_text_explicitly_names_this_ghg_protocol_series,40 | 141,HYUNDAI MOTOR-hmc-2025-sustainability-report-en-v13.pdf,Accepted: source text explicitly names this exact controlled GHGP/PCAF standard or guidance.,Keep in the accepted GHGP fine-series graph with page/source evidence.
GHG-SERIES-ACCEPTED-0043,world500_ghg_series_acceptance_ledger.json,accepted,accepted_explicit_named_series_edge,r073_hyundaimotor,HYUNDAI MOTOR,73,ghg_scope3_standard,GHG Protocol Corporate Value Chain (Scope 3) Accounting and Reporting Standard,P0_acceptance_graph,explicit_series_citation,source_text_explicitly_names_this_ghg_protocol_series,142 | 40,HYUNDAI MOTOR-hmc-2025-sustainability-report-en-v13.pdf,Accepted: source text explicitly names this exact controlled GHGP/PCAF standard or guidance.,Keep in the accepted GHGP fine-series graph with page/source evidence.
GHG-SERIES-ACCEPTED-0044,world500_ghg_series_acceptance_ledger.json,accepted,accepted_explicit_named_series_edge,r077_deutschetelekom,DEUTSCHE TELEKOM,77,ghg_scope2_guidance,GHG Protocol Scope 2 Guidance,P0_acceptance_graph,explicit_series_citation,source_text_explicitly_names_this_ghg_protocol_series,25 | 116,DEUTSCHE TELEKOM-cr_en_2022_dt_final.pdf,Accepted: source text explicitly names this exact controlled GHGP/PCAF standard or guidance.,Keep in the accepted GHGP fine-series graph with page/source evidence.
GHG-SERIES-ACCEPTED-0045,world500_ghg_series_acceptance_ledger.json,accepted,accepted_explicit_named_series_edge,r082_allianz,ALLIANZ,82,ghg_financial_industry_standard,Global GHG Accounting and Reporting Standard for the Financial Industry,P0_acceptance_graph,explicit_series_citation,source_text_explicitly_names_this_ghg_protocol_series,75 | 76 | 84 | 85,en-allianz-group-annual-report-2024.pdf,Accepted: source text explicitly names this exact controlled GHGP/PCAF standard or guidance.,Keep in the accepted GHGP fine-series graph with page/source evidence.
GHG-SERIES-ACCEPTED-0046,world500_ghg_series_acceptance_ledger.json,accepted,accepted_explicit_named_series_edge,r090_target,TARGET,90,ghg_corporate_standard,GHG Protocol Corporate Accounting and Reporting Standard,P0_acceptance_graph,explicit_series_citation,source_text_explicitly_names_this_ghg_protocol_series,6,TARGET-2024-Sustainability-and-Governance-Report-Appendix.pdf,Accepted: source text explicitly names this exact controlled GHGP/PCAF standard or guidance.,Keep in the accepted GHGP fine-series graph with page/source evidence.
GHG-SERIES-ACCEPTED-0047,world500_ghg_series_acceptance_ledger.json,accepted,accepted_explicit_named_series_edge,r096_nestlé,NESTLÉ,96,ghg_corporate_standard,GHG Protocol Corporate Accounting and Reporting Standard,P0_acceptance_graph,explicit_series_citation,source_text_explicitly_names_this_ghg_protocol_series,21 | 109,NESTLÉ-non-financial-statement-2024.pdf,Accepted: source text explicitly names this exact controlled GHGP/PCAF standard or guidance.,Keep in the accepted GHGP fine-series graph with page/source evidence.
GHG-SERIES-ACCEPTED-0048,world500_ghg_series_acceptance_ledger.json,accepted,accepted_explicit_named_series_edge,r096_nestlé,NESTLÉ,96,ghg_project_protocol,GHG Protocol Project Protocol,P0_acceptance_graph,explicit_series_citation,source_text_explicitly_names_this_ghg_protocol_series,41,NESTLÉ-non-financial-statement-2024.pdf,Accepted: source text explicitly names this exact controlled GHGP/PCAF standard or guidance.,Keep in the accepted GHGP fine-series graph with page/source evidence.
GHG-SERIES-ACCEPTED-0049,world500_ghg_series_acceptance_ledger.json,accepted,accepted_explicit_named_series_edge,r097_enel,ENEL,97,ghg_corporate_standard,GHG Protocol Corporate Accounting and Reporting Standard,P0_acceptance_graph,explicit_series_citation,source_text_explicitly_names_this_ghg_protocol_series,131 | 145,ENEL-integrated-annual-report_2024.pdf,Accepted: source text explicitly names this exact controlled GHGP/PCAF standard or guidance.,Keep in the accepted GHGP fine-series graph with page/source evidence.
GHG-SERIES-ACCEPTED-0050,world500_ghg_series_acceptance_ledger.json,accepted,accepted_explicit_named_series_edge,r098_eni,ENI,98,ghg_corporate_standard,GHG Protocol Corporate Accounting and Reporting Standard,P0_acceptance_graph,explicit_series_citation,source_text_explicitly_names_this_ghg_protocol_series,159 | 23,ENI-Annual-Report-2024.pdf,Accepted: source text explicitly names this exact controlled GHGP/PCAF standard or guidance.,Keep in the accepted GHGP fine-series graph with page/source evidence.
GHG-SERIES-ACCEPTED-0051,world500_ghg_series_acceptance_ledger.json,accepted,accepted_explicit_named_series_edge,r098_eni,ENI,98,ghg_scope3_standard,GHG Protocol Corporate Value Chain (Scope 3) Accounting and Reporting Standard,P0_acceptance_graph,explicit_series_citation,source_text_explicitly_names_this_ghg_protocol_series,23 | 164 | 159,ENI-Annual-Report-2024.pdf,Accepted: source text explicitly names this exact controlled GHGP/PCAF standard or guidance.,Keep in the accepted GHGP fine-series graph with page/source evidence.
GHG-SERIES-ACCEPTED-0052,world500_ghg_series_acceptance_ledger.json,accepted,accepted_explicit_named_series_edge,r101_eon,E.ON,101,ghg_corporate_standard,GHG Protocol Corporate Accounting and Reporting Standard,P0_acceptance_graph,explicit_series_citation,source_text_explicitly_names_this_ghg_protocol_series,41 | 43,E.ON-GB24-gesamt-EN_final.pdf,Accepted: source text explicitly names this exact controlled GHGP/PCAF standard or guidance.,Keep in the accepted GHGP fine-series graph with page/source evidence.
GHG-SERIES-ACCEPTED-0053,world500_ghg_series_acceptance_ledger.json,accepted,accepted_explicit_named_series_edge,r101_eon,E.ON,101,ghg_scope3_standard,GHG Protocol Corporate Value Chain (Scope 3) Accounting and Reporting Standard,P0_acceptance_graph,explicit_series_citation,source_text_explicitly_names_this_ghg_protocol_series,41 | 43,E.ON-GB24-gesamt-EN_final.pdf,Accepted: source text explicitly names this exact controlled GHGP/PCAF standard or guidance.,Keep in the accepted GHGP fine-series graph with page/source evidence.
GHG-SERIES-ACCEPTED-0054,world500_ghg_series_acceptance_ledger.json,accepted,accepted_explicit_named_series_edge,r105_boschgroup,BOSCH GROUP,105,ghg_corporate_standard,GHG Protocol Corporate Accounting and Reporting Standard,P0_acceptance_graph,explicit_series_citation,source_text_explicitly_names_this_ghg_protocol_series,8 | 17 | 29,bosch-sustainability-report-2024.pdf,Accepted: source text explicitly names this exact controlled GHGP/PCAF standard or guidance.,Keep in the accepted GHGP fine-series graph with page/source evidence.
GHG-SERIES-ACCEPTED-0055,world500_ghg_series_acceptance_ledger.json,accepted,accepted_explicit_named_series_edge,r111_morganstanley,MORGAN STANLEY,111,ghg_corporate_standard,GHG Protocol Corporate Accounting and Reporting Standard,P0_acceptance_graph,explicit_series_citation,source_text_explicitly_names_this_ghg_protocol_series,47 | 89 | 90,Morgan_Stanley_2023_ESG_Report.pdf,Accepted: source text explicitly names this exact controlled GHGP/PCAF standard or guidance.,Keep in the accepted GHGP fine-series graph with page/source evidence.
GHG-SERIES-ACCEPTED-0056,world500_ghg_series_acceptance_ledger.json,accepted,accepted_explicit_named_series_edge,r111_morganstanley,MORGAN STANLEY,111,ghg_financial_industry_standard,Global GHG Accounting and Reporting Standard for the Financial Industry,P0_acceptance_graph,explicit_series_citation,source_text_explicitly_names_this_ghg_protocol_series,56 | 57 | 82,Morgan_Stanley_2023_ESG_Report.pdf,Accepted: source text explicitly names this exact controlled GHGP/PCAF standard or guidance.,Keep in the accepted GHGP fine-series graph with page/source evidence.
GHG-SERIES-ACCEPTED-0057,world500_ghg_series_acceptance_ledger.json,accepted,accepted_explicit_named_series_edge,r113_brookfield,BROOKFIELD,113,ghg_corporate_standard,GHG Protocol Corporate Accounting and Reporting Standard,P0_acceptance_graph,explicit_series_citation,source_text_explicitly_names_this_ghg_protocol_series,96 | 97 | 105,BROOKFIELD-BAM Ltd. 2024 Sustainability Report.pdf,Accepted: source text explicitly names this exact controlled GHGP/PCAF standard or guidance.,Keep in the accepted GHGP fine-series graph with page/source evidence.
GHG-SERIES-ACCEPTED-0058,world500_ghg_series_acceptance_ledger.json,accepted,accepted_explicit_named_series_edge,r113_brookfield,BROOKFIELD,113,ghg_financial_industry_standard,Global GHG Accounting and Reporting Standard for the Financial Industry,P0_acceptance_graph,explicit_series_citation,source_text_explicitly_names_this_ghg_protocol_series,105 | 62,BROOKFIELD-BAM Ltd. 2024 Sustainability Report.pdf,Accepted: source text explicitly names this exact controlled GHGP/PCAF standard or guidance.,Keep in the accepted GHGP fine-series graph with page/source evidence.
GHG-SERIES-ACCEPTED-0059,world500_ghg_series_acceptance_ledger.json,accepted,accepted_explicit_named_series_edge,r113_brookfield,BROOKFIELD,113,ghg_scope2_guidance,GHG Protocol Scope 2 Guidance,P0_acceptance_graph,explicit_series_citation,source_text_explicitly_names_this_ghg_protocol_series,97,BROOKFIELD-BAM Ltd. 2024 Sustainability Report.pdf,Accepted: source text explicitly names this exact controlled GHGP/PCAF standard or guidance.,Keep in the accepted GHGP fine-series graph with page/source evidence.
GHG-SERIES-ACCEPTED-0060,world500_ghg_series_acceptance_ledger.json,accepted,accepted_explicit_named_series_edge,r113_brookfield,BROOKFIELD,113,ghg_scope3_calculation_guidance,GHG Protocol Scope 3 Calculation Guidance,P0_acceptance_graph,explicit_series_citation,source_text_explicitly_names_this_ghg_protocol_series,97,BROOKFIELD-BAM Ltd. 2024 Sustainability Report.pdf,Accepted: source text explicitly names this exact controlled GHGP/PCAF standard or guidance.,Keep in the accepted GHGP fine-series graph with page/source evidence.
GHG-SERIES-ACCEPTED-0061,world500_ghg_series_acceptance_ledger.json,accepted,accepted_explicit_named_series_edge,r113_brookfield,BROOKFIELD,113,ghg_scope3_standard,GHG Protocol Corporate Value Chain (Scope 3) Accounting and Reporting Standard,P0_acceptance_graph,explicit_series_citation,source_text_explicitly_names_this_ghg_protocol_series,97 | 105,BROOKFIELD-BAM Ltd. 2024 Sustainability Report.pdf,Accepted: source text explicitly names this exact controlled GHGP/PCAF standard or guidance.,Keep in the accepted GHGP fine-series graph with page/source evidence.
GHG-SERIES-ACCEPTED-0062,world500_ghg_series_acceptance_ledger.json,accepted,accepted_explicit_named_series_edge,r114_royalaholddelhaize,ROYAL AHOLD DELHAIZE,114,ghg_corporate_standard,GHG Protocol Corporate Accounting and Reporting Standard,P0_acceptance_graph,explicit_series_citation,source_text_explicitly_names_this_ghg_protocol_series,117 | 118 | 179,Ahold_Delhaize_Annual_Report_2024.pdf,Accepted: source text explicitly names this exact controlled GHGP/PCAF standard or guidance.,Keep in the accepted GHGP fine-series graph with page/source evidence.
GHG-SERIES-ACCEPTED-0063,world500_ghg_series_acceptance_ledger.json,accepted,accepted_explicit_named_series_edge,r114_royalaholddelhaize,ROYAL AHOLD DELHAIZE,114,ghg_scope2_guidance,GHG Protocol Scope 2 Guidance,P0_acceptance_graph,explicit_series_citation,source_text_explicitly_names_this_ghg_protocol_series,361 | 117,Ahold_Delhaize_Annual_Report_2024.pdf,Accepted: source text explicitly names this exact controlled GHGP/PCAF standard or guidance.,Keep in the accepted GHGP fine-series graph with page/source evidence.
GHG-SERIES-ACCEPTED-0064,world500_ghg_series_acceptance_ledger.json,accepted,accepted_explicit_named_series_edge,r114_royalaholddelhaize,ROYAL AHOLD DELHAIZE,114,ghg_scope3_standard,GHG Protocol Corporate Value Chain (Scope 3) Accounting and Reporting Standard,P0_acceptance_graph,explicit_series_citation,source_text_explicitly_names_this_ghg_protocol_series,180 | 117 | 118,Ahold_Delhaize_Annual_Report_2024.pdf,Accepted: source text explicitly names this exact controlled GHGP/PCAF standard or guidance.,Keep in the accepted GHGP fine-series graph with page/source evidence.
GHG-SERIES-ACCEPTED-0065,world500_ghg_series_acceptance_ledger.json,accepted,accepted_explicit_named_series_edge,r117_adm公司,ADM,117,ghg_scope3_standard,GHG Protocol Corporate Value Chain (Scope 3) Accounting and Reporting Standard,P0_acceptance_graph,explicit_series_citation,source_text_explicitly_names_this_ghg_protocol_series,25,final_archer-daniels-midland-adm_2023-corporate-sustainability-report.pdf,Accepted: source text explicitly names this exact controlled GHGP/PCAF standard or guidance.,Keep in the accepted GHGP fine-series graph with page/source evidence.
GHG-SERIES-ACCEPTED-0066,world500_ghg_series_acceptance_ledger.json,accepted,accepted_explicit_named_series_edge,r121_mitsui,MITSUI,121,ghg_financial_industry_standard,Global GHG Accounting and Reporting Standard for the Financial Industry,P0_acceptance_graph,explicit_series_citation,source_text_explicitly_names_this_ghg_protocol_series,90 | 127 | 128,SUMITOMO MITSUI FINANCIAL GROUP sustainability_report_e_2025.pdf,Accepted: source text explicitly names this exact controlled GHGP/PCAF standard or guidance.,Keep in the accepted GHGP fine-series graph with page/source evidence.
GHG-SERIES-ACCEPTED-0067,world500_ghg_series_acceptance_ledger.json,accepted,accepted_explicit_named_series_edge,r124_unitedparcelservice,UNITED PARCEL SERVICE,124,ghg_corporate_standard,GHG Protocol Corporate Accounting and Reporting Standard,P0_acceptance_graph,explicit_series_citation,source_text_explicitly_names_this_ghg_protocol_series,10 | 49,2024-UPS-GRI-Report.pdf,Accepted: source text explicitly names this exact controlled GHGP/PCAF standard or guidance.,Keep in the accepted GHGP fine-series graph with page/source evidence.
GHG-SERIES-ACCEPTED-0068,world500_ghg_series_acceptance_ledger.json,accepted,accepted_explicit_named_series_edge,r124_unitedparcelservice,UNITED PARCEL SERVICE,124,ghg_scope3_standard,GHG Protocol Corporate Value Chain (Scope 3) Accounting and Reporting Standard,P0_acceptance_graph,explicit_series_citation,source_text_explicitly_names_this_ghg_protocol_series,10 | 49,2024-UPS-GRI-Report.pdf,Accepted: source text explicitly names this exact controlled GHGP/PCAF standard or guidance.,Keep in the accepted GHGP fine-series graph with page/source evidence.
GHG-SERIES-ACCEPTED-0069,world500_ghg_series_acceptance_ledger.json,accepted,accepted_explicit_named_series_edge,r126_axa,AXA,126,ghg_financial_industry_standard,Global GHG Accounting and Reporting Standard for the Financial Industry,P0_acceptance_graph,explicit_series_citation,source_text_explicitly_names_this_ghg_protocol_series,162 | 229,axa_urd2024_accessible_va.pdf,Accepted: source text explicitly names this exact controlled GHGP/PCAF standard or guidance.,Keep in the accepted GHGP fine-series graph with page/source evidence.
GHG-SERIES-ACCEPTED-0070,world500_ghg_series_acceptance_ledger.json,accepted,accepted_explicit_named_series_edge,r126_axa,AXA,126,ghg_scope2_guidance,GHG Protocol Scope 2 Guidance,P0_acceptance_graph,explicit_series_citation,source_text_explicitly_names_this_ghg_protocol_series,234 | 152,axa_urd2024_accessible_va.pdf,Accepted: source text explicitly names this exact controlled GHGP/PCAF standard or guidance.,Keep in the accepted GHGP fine-series graph with page/source evidence.
GHG-SERIES-ACCEPTED-0071,world500_ghg_series_acceptance_ledger.json,accepted,accepted_explicit_named_series_edge,r126_axa,AXA,126,ghg_scope3_standard,GHG Protocol Corporate Value Chain (Scope 3) Accounting and Reporting Standard,P0_acceptance_graph,explicit_series_citation,source_text_explicitly_names_this_ghg_protocol_series,234 | 152,axa_urd2024_accessible_va.pdf,Accepted: source text explicitly names this exact controlled GHGP/PCAF standard or guidance.,Keep in the accepted GHGP fine-series graph with page/source evidence.
GHG-SERIES-ACCEPTED-0072,world500_ghg_series_acceptance_ledger.json,accepted,accepted_explicit_named_series_edge,r130_engie集团,Engie,130,ghg_corporate_standard,GHG Protocol Corporate Accounting and Reporting Standard,P0_acceptance_graph,explicit_series_citation,source_text_explicitly_names_this_ghg_protocol_series,112 | 119 | 120 | 513,ENGIE_DEU_2024_US__PDF_MEL_v3.pdf,Accepted: source text explicitly names this exact controlled GHGP/PCAF standard or guidance.,Keep in the accepted GHGP fine-series graph with page/source evidence.
GHG-SERIES-ACCEPTED-0073,world500_ghg_series_acceptance_ledger.json,accepted,accepted_explicit_named_series_edge,r130_engie集团,Engie,130,ghg_scope2_guidance,GHG Protocol Scope 2 Guidance,P0_acceptance_graph,explicit_series_citation,source_text_explicitly_names_this_ghg_protocol_series,120 | 112,ENGIE_DEU_2024_US__PDF_MEL_v3.pdf,Accepted: source text explicitly names this exact controlled GHGP/PCAF standard or guidance.,Keep in the accepted GHGP fine-series graph with page/source evidence.
GHG-SERIES-ACCEPTED-0074,world500_ghg_series_acceptance_ledger.json,accepted,accepted_explicit_named_series_edge,r130_engie集团,Engie,130,ghg_scope3_standard,GHG Protocol Corporate Value Chain (Scope 3) Accounting and Reporting Standard,P0_acceptance_graph,explicit_series_citation,source_text_explicitly_names_this_ghg_protocol_series,112 | 120,ENGIE_DEU_2024_US__PDF_MEL_v3.pdf,Accepted: source text explicitly names this exact controlled GHGP/PCAF standard or guidance.,Keep in the accepted GHGP fine-series graph with page/source evidence.
GHG-SERIES-ACCEPTED-0075,world500_ghg_series_acceptance_ledger.json,accepted,accepted_explicit_named_series_edge,r131_waltdisney,WALT DISNEY,131,ghg_corporate_standard,GHG Protocol Corporate Accounting and Reporting Standard,P0_acceptance_graph,explicit_series_citation,source_text_explicitly_names_this_ghg_protocol_series,23 | 34,华特迪士尼公司-2024-SSI-Report.pdf,Accepted: source text explicitly names this exact controlled GHGP/PCAF standard or guidance.,Keep in the accepted GHGP fine-series graph with page/source evidence.
GHG-SERIES-ACCEPTED-0076,world500_ghg_series_acceptance_ledger.json,accepted,accepted_explicit_named_series_edge,r132_orlen,ORLEN,132,ghg_corporate_standard,GHG Protocol Corporate Accounting and Reporting Standard,P0_acceptance_graph,explicit_series_citation,source_text_explicitly_names_this_ghg_protocol_series,119 | 162,Management Board on the Operations of ORLEN Group 2024.pdf.coredownload.pdf,Accepted: source text explicitly names this exact controlled GHGP/PCAF standard or guidance.,Keep in the accepted GHGP fine-series graph with page/source evidence.
GHG-SERIES-ACCEPTED-0077,world500_ghg_series_acceptance_ledger.json,accepted,accepted_explicit_named_series_edge,r132_orlen,ORLEN,132,ghg_scope2_guidance,GHG Protocol Scope 2 Guidance,P0_acceptance_graph,explicit_series_citation,source_text_explicitly_names_this_ghg_protocol_series,162 | 119,Management Board on the Operations of ORLEN Group 2024.pdf.coredownload.pdf,Accepted: source text explicitly names this exact controlled GHGP/PCAF standard or guidance.,Keep in the accepted GHGP fine-series graph with page/source evidence.
GHG-SERIES-ACCEPTED-0078,world500_ghg_series_acceptance_ledger.json,accepted,accepted_explicit_named_series_edge,r132_orlen,ORLEN,132,ghg_scope3_standard,GHG Protocol Corporate Value Chain (Scope 3) Accounting and Reporting Standard,P0_acceptance_graph,explicit_series_citation,source_text_explicitly_names_this_ghg_protocol_series,162 | 119 | 161,Management Board on the Operations of ORLEN Group 2024.pdf.coredownload.pdf,Accepted: source text explicitly names this exact controlled GHGP/PCAF standard or guidance.,Keep in the accepted GHGP fine-series graph with page/source evidence.
GHG-SERIES-ACCEPTED-0079,world500_ghg_series_acceptance_ledger.json,accepted,accepted_explicit_named_series_edge,r136_nissanmotor,NISSAN MOTOR,136,ghg_scope3_standard,GHG Protocol Corporate Value Chain (Scope 3) Accounting and Reporting Standard,P0_acceptance_graph,explicit_series_citation,source_text_explicitly_names_this_ghg_protocol_series,63 | 150,NISSAN MOTOR-DB25_E_All.pdf,Accepted: source text explicitly names this exact controlled GHGP/PCAF standard or guidance.,Keep in the accepted GHGP fine-series graph with page/source evidence.
GHG-SERIES-ACCEPTED-0080,world500_ghg_series_acceptance_ledger.json,accepted,accepted_explicit_named_series_edge,r137_royalbankofcanada,ROYAL BANK OF CANADA,137,ghg_corporate_standard,GHG Protocol Corporate Accounting and Reporting Standard,P0_acceptance_graph,explicit_series_citation,source_text_explicitly_names_this_ghg_protocol_series,108 | 127 | 58,ROYAL BANK OF CANADA-RBC-2024-sustainability-report.pdf,Accepted: source text explicitly names this exact controlled GHGP/PCAF standard or guidance.,Keep in the accepted GHGP fine-series graph with page/source evidence.
GHG-SERIES-ACCEPTED-0081,world500_ghg_series_acceptance_ledger.json,accepted,accepted_explicit_named_series_edge,r137_royalbankofcanada,ROYAL BANK OF CANADA,137,ghg_financial_industry_standard,Global GHG Accounting and Reporting Standard for the Financial Industry,P0_acceptance_graph,explicit_series_citation,source_text_explicitly_names_this_ghg_protocol_series,48 | 66 | 67,ROYAL BANK OF CANADA-RBC-2024-sustainability-report.pdf,Accepted: source text explicitly names this exact controlled GHGP/PCAF standard or guidance.,Keep in the accepted GHGP fine-series graph with page/source evidence.
GHG-SERIES-ACCEPTED-0082,world500_ghg_series_acceptance_ledger.json,accepted,accepted_explicit_named_series_edge,r137_royalbankofcanada,ROYAL BANK OF CANADA,137,ghg_scope2_guidance,GHG Protocol Scope 2 Guidance,P0_acceptance_graph,explicit_series_citation,source_text_explicitly_names_this_ghg_protocol_series,58 | 59,ROYAL BANK OF CANADA-RBC-2024-sustainability-report.pdf,Accepted: source text explicitly names this exact controlled GHGP/PCAF standard or guidance.,Keep in the accepted GHGP fine-series graph with page/source evidence.
GHG-SERIES-ACCEPTED-0083,world500_ghg_series_acceptance_ledger.json,accepted,accepted_explicit_named_series_edge,r162_kia,KIA,162,ghg_corporate_standard,GHG Protocol Corporate Accounting and Reporting Standard,P0_acceptance_graph,explicit_series_citation,source_text_explicitly_names_this_ghg_protocol_series,128 | 130,2025 KIA Sustainability Report.pdf,Accepted: source text explicitly names this exact controlled GHGP/PCAF standard or guidance.,Keep in the accepted GHGP fine-series graph with page/source evidence.
GHG-SERIES-ACCEPTED-0084,world500_ghg_series_acceptance_ledger.json,accepted,accepted_explicit_named_series_edge,r162_kia,KIA,162,ghg_scope2_guidance,GHG Protocol Scope 2 Guidance,P0_acceptance_graph,explicit_series_citation,source_text_explicitly_names_this_ghg_protocol_series,128 | 131,2025 KIA Sustainability Report.pdf,Accepted: source text explicitly names this exact controlled GHGP/PCAF standard or guidance.,Keep in the accepted GHGP fine-series graph with page/source evidence.
GHG-SERIES-ACCEPTED-0085,world500_ghg_series_acceptance_ledger.json,accepted,accepted_explicit_named_series_edge,r162_kia,KIA,162,ghg_scope3_standard,GHG Protocol Corporate Value Chain (Scope 3) Accounting and Reporting Standard,P0_acceptance_graph,explicit_series_citation,source_text_explicitly_names_this_ghg_protocol_series,128 | 130,2025 KIA Sustainability Report.pdf,Accepted: source text explicitly names this exact controlled GHGP/PCAF standard or guidance.,Keep in the accepted GHGP fine-series graph with page/source evidence.
GHG-SERIES-ACCEPTED-0086,world500_ghg_series_acceptance_ledger.json,accepted,accepted_explicit_named_series_edge,r164_daiichilifeholdings,DAI-ICHI LIFE HOLDINGS,164,ghg_financial_industry_standard,Global GHG Accounting and Reporting Standard for the Financial Industry,P0_acceptance_graph,explicit_series_citation,source_text_explicitly_names_this_ghg_protocol_series,61 | 108,2024-DAI-ICHI LIFE HOLDINGS-index_001.pdf,Accepted: source text explicitly names this exact controlled GHGP/PCAF standard or guidance.,Keep in the accepted GHGP fine-series graph with page/source evidence.
GHG-SERIES-ACCEPTED-0087,world500_ghg_series_acceptance_ledger.json,accepted,accepted_explicit_named_series_edge,r166_vinci,VINCI,166,ghg_scope3_calculation_guidance,GHG Protocol Scope 3 Calculation Guidance,P0_acceptance_graph,explicit_series_citation,source_text_explicitly_names_this_ghg_protocol_series,19 | 88,VINCI-2024_workforce_related_environmental_and_social_information.pdf,Accepted: source text explicitly names this exact controlled GHGP/PCAF standard or guidance.,Keep in the accepted GHGP fine-series graph with page/source evidence.
GHG-SERIES-ACCEPTED-0088,world500_ghg_series_acceptance_ledger.json,accepted,accepted_explicit_named_series_edge,r168_torontodominionbank,TORONTO-DOMINION BANK,168,ghg_corporate_standard,GHG Protocol Corporate Accounting and Reporting Standard,P0_acceptance_graph,explicit_series_citation,source_text_explicitly_names_this_ghg_protocol_series,56 | 57 | 104 | 60,2024-TORONTO-DOMINION BANK-sustainability-report-en.pdf,Accepted: source text explicitly names this exact controlled GHGP/PCAF standard or guidance.,Keep in the accepted GHGP fine-series graph with page/source evidence.
GHG-SERIES-ACCEPTED-0089,world500_ghg_series_acceptance_ledger.json,accepted,accepted_explicit_named_series_edge,r168_torontodominionbank,TORONTO-DOMINION BANK,168,ghg_financial_industry_standard,Global GHG Accounting and Reporting Standard for the Financial Industry,P0_acceptance_graph,explicit_series_citation,source_text_explicitly_names_this_ghg_protocol_series,60 | 61 | 62,2024-TORONTO-DOMINION BANK-sustainability-report-en.pdf,Accepted: source text explicitly names this exact controlled GHGP/PCAF standard or guidance.,Keep in the accepted GHGP fine-series graph with page/source evidence.
GHG-SERIES-ACCEPTED-0090,world500_ghg_series_acceptance_ledger.json,accepted,accepted_explicit_named_series_edge,r168_torontodominionbank,TORONTO-DOMINION BANK,168,ghg_scope2_guidance,GHG Protocol Scope 2 Guidance,P0_acceptance_graph,explicit_series_citation,source_text_explicitly_names_this_ghg_protocol_series,56 | 60 | 57 | 110,2024-TORONTO-DOMINION BANK-sustainability-report-en.pdf,Accepted: source text explicitly names this exact controlled GHGP/PCAF standard or guidance.,Keep in the accepted GHGP fine-series graph with page/source evidence.
GHG-SERIES-ACCEPTED-0091,world500_ghg_series_acceptance_ledger.json,accepted,accepted_explicit_named_series_edge,r168_torontodominionbank,TORONTO-DOMINION BANK,168,ghg_scope3_standard,GHG Protocol Corporate Value Chain (Scope 3) Accounting and Reporting Standard,P0_acceptance_graph,explicit_series_citation,source_text_explicitly_names_this_ghg_protocol_series,56 | 57 | 60,2024-TORONTO-DOMINION BANK-sustainability-report-en.pdf,Accepted: source text explicitly names this exact controlled GHGP/PCAF standard or guidance.,Keep in the accepted GHGP fine-series graph with page/source evidence.
GHG-SERIES-ACCEPTED-0092,world500_ghg_series_acceptance_ledger.json,accepted,accepted_explicit_named_series_edge,r169_lukoil,LUKOIL,169,ghg_corporate_standard,GHG Protocol Corporate Accounting and Reporting Standard,P0_acceptance_graph,explicit_series_citation,source_text_explicitly_names_this_ghg_protocol_series,66,LUKOIL Group Sustainability Report 2024.pdf,Accepted: source text explicitly names this exact controlled GHGP/PCAF standard or guidance.,Keep in the accepted GHGP fine-series graph with page/source evidence.
GHG-SERIES-ACCEPTED-0093,world500_ghg_series_acceptance_ledger.json,accepted,accepted_explicit_named_series_edge,r169_lukoil,LUKOIL,169,ghg_scope2_guidance,GHG Protocol Scope 2 Guidance,P0_acceptance_graph,explicit_series_citation,source_text_explicitly_names_this_ghg_protocol_series,66,LUKOIL Group Sustainability Report 2024.pdf,Accepted: source text explicitly names this exact controlled GHGP/PCAF standard or guidance.,Keep in the accepted GHGP fine-series graph with page/source evidence.
GHG-SERIES-ACCEPTED-0094,world500_ghg_series_acceptance_ledger.json,accepted,accepted_explicit_named_series_edge,r174_法国bpce银行集团,BPCE Group,174,ghg_financial_industry_standard,Global GHG Accounting and Reporting Standard for the Financial Industry,P0_acceptance_graph,explicit_series_citation,source_text_explicitly_names_this_ghg_protocol_series,29 | 30 | 32,GROUPE BPCE-2023-240506-tcfd-version-uk.pdf,Accepted: source text explicitly names this exact controlled GHGP/PCAF standard or guidance.,Keep in the accepted GHGP fine-series graph with page/source evidence.
GHG-SERIES-ACCEPTED-0095,world500_ghg_series_acceptance_ledger.json,accepted,accepted_explicit_named_series_edge,r176_巴西jbs公司,JBS,176,ghg_corporate_standard,GHG Protocol Corporate Accounting and Reporting Standard,P0_acceptance_graph,explicit_series_citation,source_text_explicitly_names_this_ghg_protocol_series,30 | 21,JBS_Sustainability_Report_2023.pdf,Accepted: source text explicitly names this exact controlled GHGP/PCAF standard or guidance.,Keep in the accepted GHGP fine-series graph with page/source evidence.
GHG-SERIES-ACCEPTED-0096,world500_ghg_series_acceptance_ledger.json,accepted,accepted_explicit_named_series_edge,r177_alimentationcouchetard公司,Alimentation Couche-Tard,177,ghg_corporate_standard,GHG Protocol Corporate Accounting and Reporting Standard,P0_acceptance_graph,explicit_series_citation,source_text_explicitly_names_this_ghg_protocol_series,52,ALIMENTATION COUCHE-TARD-COTA085_ACT_2025_Sustainability_Report_EN_20250625_v2.pdf,Accepted: source text explicitly names this exact controlled GHGP/PCAF standard or guidance.,Keep in the accepted GHGP fine-series graph with page/source evidence.
GHG-SERIES-ACCEPTED-0097,world500_ghg_series_acceptance_ledger.json,accepted,accepted_explicit_named_series_edge,r177_alimentationcouchetard公司,Alimentation Couche-Tard,177,ghg_scope3_standard,GHG Protocol Corporate Value Chain (Scope 3) Accounting and Reporting Standard,P0_acceptance_graph,explicit_series_citation,source_text_explicitly_names_this_ghg_protocol_series,52 | 53,ALIMENTATION COUCHE-TARD-COTA085_ACT_2025_Sustainability_Report_EN_20250625_v2.pdf,Accepted: source text explicitly names this exact controlled GHGP/PCAF standard or guidance.,Keep in the accepted GHGP fine-series graph with page/source evidence.
GHG-SERIES-ACCEPTED-0098,world500_ghg_series_acceptance_ledger.json,accepted,accepted_explicit_named_series_edge,r182_ubsgroup,UBS GROUP,182,ghg_corporate_standard,GHG Protocol Corporate Accounting and Reporting Standard,P0_acceptance_graph,explicit_series_citation,source_text_explicitly_names_this_ghg_protocol_series,34,UBS GROUP-sustainability-report-2024.pdf,Accepted: source text explicitly names this exact controlled GHGP/PCAF standard or guidance.,Keep in the accepted GHGP fine-series graph with page/source evidence.
GHG-SERIES-ACCEPTED-0099,world500_ghg_series_acceptance_ledger.json,accepted,accepted_explicit_named_series_edge,r189_itaúunibancoholding,ITAÚ UNIBANCO HOLDING,189,ghg_financial_industry_standard,Global GHG Accounting and Reporting Standard for the Financial Industry,P0_acceptance_graph,explicit_series_citation,source_text_explicitly_names_this_ghg_protocol_series,122 | 124,ITAÚ UNIBANCO HOLDING ESG Report 2024.pdf,Accepted: source text explicitly names this exact controlled GHGP/PCAF standard or guidance.,Keep in the accepted GHGP fine-series graph with page/source evidence.
GHG-SERIES-ACCEPTED-0100,world500_ghg_series_acceptance_ledger.json,accepted,accepted_explicit_named_series_edge,r191_generalelectric,GENERAL ELECTRIC,191,ghg_corporate_standard,GHG Protocol Corporate Accounting and Reporting Standard,P0_acceptance_graph,explicit_series_citation,source_text_explicitly_names_this_ghg_protocol_series,3 | 38,GENERAL ELECTRIC-Aerospace 2025-sustainability-report.pdf,Accepted: source text explicitly names this exact controlled GHGP/PCAF standard or guidance.,Keep in the accepted GHGP fine-series graph with page/source evidence.
GHG-SERIES-ACCEPTED-0101,world500_ghg_series_acceptance_ledger.json,accepted,accepted_explicit_named_series_edge,r193_lockheedmartin,LOCKHEED MARTIN,193,ghg_corporate_standard,GHG Protocol Corporate Accounting and Reporting Standard,P0_acceptance_graph,explicit_series_citation,source_text_explicitly_names_this_ghg_protocol_series,28,2024-LOCKHEED MARTIN-Sustainability-Performance-Report.pdf,Accepted: source text explicitly names this exact controlled GHGP/PCAF standard or guidance.,Keep in the accepted GHGP fine-series graph with page/source evidence.
GHG-SERIES-ACCEPTED-0102,world500_ghg_series_acceptance_ledger.json,accepted,accepted_explicit_named_series_edge,r193_lockheedmartin,LOCKHEED MARTIN,193,ghg_scope3_standard,GHG Protocol Corporate Value Chain (Scope 3) Accounting and Reporting Standard,P0_acceptance_graph,explicit_series_citation,source_text_explicitly_names_this_ghg_protocol_series,28,2024-LOCKHEED MARTIN-Sustainability-Performance-Report.pdf,Accepted: source text explicitly names this exact controlled GHGP/PCAF standard or guidance.,Keep in the accepted GHGP fine-series graph with page/source evidence.
GHG-SERIES-ACCEPTED-0103,world500_ghg_series_acceptance_ledger.json,accepted,accepted_explicit_named_series_edge,r199_caterpillar,CATERPILLAR,199,ghg_corporate_standard,GHG Protocol Corporate Accounting and Reporting Standard,P0_acceptance_graph,explicit_series_citation,source_text_explicitly_names_this_ghg_protocol_series,29 | 71,CATERPILLAR 2024 SUSTAINABILITY REPORT.pdf,Accepted: source text explicitly names this exact controlled GHGP/PCAF standard or guidance.,Keep in the accepted GHGP fine-series graph with page/source evidence.
GHG-SERIES-ACCEPTED-0104,world500_ghg_series_acceptance_ledger.json,accepted,accepted_explicit_named_series_edge,r199_caterpillar,CATERPILLAR,199,ghg_scope2_guidance,GHG Protocol Scope 2 Guidance,P0_acceptance_graph,explicit_series_citation,source_text_explicitly_names_this_ghg_protocol_series,29 | 69,CATERPILLAR 2024 SUSTAINABILITY REPORT.pdf,Accepted: source text explicitly names this exact controlled GHGP/PCAF standard or guidance.,Keep in the accepted GHGP fine-series graph with page/source evidence.
GHG-SERIES-ACCEPTED-0105,world500_ghg_series_acceptance_ledger.json,accepted,accepted_explicit_named_series_edge,r199_caterpillar,CATERPILLAR,199,ghg_scope3_standard,GHG Protocol Corporate Value Chain (Scope 3) Accounting and Reporting Standard,P0_acceptance_graph,explicit_series_citation,source_text_explicitly_names_this_ghg_protocol_series,29 | 71,CATERPILLAR 2024 SUSTAINABILITY REPORT.pdf,Accepted: source text explicitly names this exact controlled GHGP/PCAF standard or guidance.,Keep in the accepted GHGP fine-series graph with page/source evidence.
GHG-SERIES-ACCEPTED-0106,world500_ghg_series_acceptance_ledger.json,accepted,accepted_explicit_named_series_edge,r200_bancobilbaovizcayaargentaria,BANCO BILBAO VIZCAYA ARGENTARIA,200,ghg_financial_industry_standard,Global GHG Accounting and Reporting Standard for the Financial Industry,P0_acceptance_graph,explicit_series_citation,source_text_explicitly_names_this_ghg_protocol_series,107 | 108 | 109,BBVA_Annual_Report_2024_ENG.pdf,Accepted: source text explicitly names this exact controlled GHGP/PCAF standard or guidance.,Keep in the accepted GHGP fine-series graph with page/source evidence.
GHG-SERIES-ACCEPTED-0107,world500_ghg_series_acceptance_ledger.json,accepted,accepted_explicit_named_series_edge,r202_metlife,METLIFE,202,ghg_corporate_standard,GHG Protocol Corporate Accounting and Reporting Standard,P0_acceptance_graph,explicit_series_citation,source_text_explicitly_names_this_ghg_protocol_series,76,metlife_sustainability_report_2024.pdf,Accepted: source text explicitly names this exact controlled GHGP/PCAF standard or guidance.,Keep in the accepted GHGP fine-series graph with page/source evidence.
GHG-SERIES-ACCEPTED-0108,world500_ghg_series_acceptance_ledger.json,accepted,accepted_explicit_named_series_edge,r202_metlife,METLIFE,202,ghg_financial_industry_standard,Global GHG Accounting and Reporting Standard for the Financial Industry,P0_acceptance_graph,explicit_series_citation,source_text_explicitly_names_this_ghg_protocol_series,76 | 11 | 28,metlife_sustainability_report_2024.pdf,Accepted: source text explicitly names this exact controlled GHGP/PCAF standard or guidance.,Keep in the accepted GHGP fine-series graph with page/source evidence.
GHG-SERIES-ACCEPTED-0109,world500_ghg_series_acceptance_ledger.json,accepted,accepted_explicit_named_series_edge,r204_lloydsbankinggroup,LLOYDS BANKING GROUP,204,ghg_corporate_standard,GHG Protocol Corporate Accounting and Reporting Standard,P0_acceptance_graph,explicit_series_citation,source_text_explicitly_names_this_ghg_protocol_series,63 | 47,Lloyds_Banking_Group_Annual_Report_2024.pdf,Accepted: source text explicitly names this exact controlled GHGP/PCAF standard or guidance.,Keep in the accepted GHGP fine-series graph with page/source evidence.
GHG-SERIES-ACCEPTED-0110,world500_ghg_series_acceptance_ledger.json,accepted,accepted_explicit_named_series_edge,r205_deutschebank,DEUTSCHE BANK,205,ghg_financial_industry_standard,Global GHG Accounting and Reporting Standard for the Financial Industry,P0_acceptance_graph,explicit_series_citation,source_text_explicitly_names_this_ghg_protocol_series,308 | 311 | 316 | 312,Deutsche_Bank_Annual_Report_2024.pdf,Accepted: source text explicitly names this exact controlled GHGP/PCAF standard or guidance.,Keep in the accepted GHGP fine-series graph with page/source evidence.
GHG-SERIES-ACCEPTED-0111,world500_ghg_series_acceptance_ledger.json,accepted,accepted_explicit_named_series_edge,r208_sumitomomitsuifinancialgroup,SUMITOMO MITSUI FINANCIAL GROUP,208,ghg_financial_industry_standard,Global GHG Accounting and Reporting Standard for the Financial Industry,P0_acceptance_graph,explicit_series_citation,source_text_explicitly_names_this_ghg_protocol_series,90 | 127 | 128,SUMITOMO MITSUI FINANCIAL GROUP sustainability_report_e_2025.pdf,Accepted: source text explicitly names this exact controlled GHGP/PCAF standard or guidance.,Keep in the accepted GHGP fine-series graph with page/source evidence.
GHG-SERIES-ACCEPTED-0112,world500_ghg_series_acceptance_ledger.json,accepted,accepted_explicit_named_series_edge,r209_lg电子,LG Electronics,209,ghg_corporate_standard,GHG Protocol Corporate Accounting and Reporting Standard,P0_acceptance_graph,explicit_series_citation,source_text_explicitly_names_this_ghg_protocol_series,165 | 164,2024-2025_LGE_Sustainability_Report_English.pdf,Accepted: source text explicitly names this exact controlled GHGP/PCAF standard or guidance.,Keep in the accepted GHGP fine-series graph with page/source evidence.
GHG-SERIES-ACCEPTED-0113,world500_ghg_series_acceptance_ledger.json,accepted,accepted_explicit_named_series_edge,r209_lg电子,LG Electronics,209,ghg_scope3_standard,GHG Protocol Corporate Value Chain (Scope 3) Accounting and Reporting Standard,P0_acceptance_graph,explicit_series_citation,source_text_explicitly_names_this_ghg_protocol_series,165 | 164,2024-2025_LGE_Sustainability_Report_English.pdf,Accepted: source text explicitly names this exact controlled GHGP/PCAF standard or guidance.,Keep in the accepted GHGP fine-series graph with page/source evidence.
GHG-SERIES-ACCEPTED-0114,world500_ghg_series_acceptance_ledger.json,accepted,accepted_explicit_named_series_edge,r215_munichregroup,MUNICH RE GROUP,215,ghg_financial_industry_standard,Global GHG Accounting and Reporting Standard for the Financial Industry,P0_acceptance_graph,explicit_series_citation,source_text_explicitly_names_this_ghg_protocol_series,101 | 104 | 105,MunichRe-Group-Annual-Report-2024-en.pdf,Accepted: source text explicitly names this exact controlled GHGP/PCAF standard or guidance.,Keep in the accepted GHGP fine-series graph with page/source evidence.
GHG-SERIES-ACCEPTED-0115,world500_ghg_series_acceptance_ledger.json,accepted,accepted_explicit_named_series_edge,r215_munichregroup,MUNICH RE GROUP,215,ghg_scope3_standard,GHG Protocol Corporate Value Chain (Scope 3) Accounting and Reporting Standard,P0_acceptance_graph,explicit_series_citation,source_text_explicitly_names_this_ghg_protocol_series,104,MunichRe-Group-Annual-Report-2024-en.pdf,Accepted: source text explicitly names this exact controlled GHGP/PCAF standard or guidance.,Keep in the accepted GHGP fine-series graph with page/source evidence.
GHG-SERIES-ACCEPTED-0116,world500_ghg_series_acceptance_ledger.json,accepted,accepted_explicit_named_series_edge,r224_zurichinsurancegroup,ZURICH INSURANCE GROUP,224,ghg_corporate_standard,GHG Protocol Corporate Accounting and Reporting Standard,P0_acceptance_graph,explicit_series_citation,source_text_explicitly_names_this_ghg_protocol_series,63,ZURICH INSURANCE GROUP sustainability-report-2024.pdf,Accepted: source text explicitly names this exact controlled GHGP/PCAF standard or guidance.,Keep in the accepted GHGP fine-series graph with page/source evidence.
GHG-SERIES-ACCEPTED-0117,world500_ghg_series_acceptance_ledger.json,accepted,accepted_explicit_named_series_edge,r224_zurichinsurancegroup,ZURICH INSURANCE GROUP,224,ghg_financial_industry_standard,Global GHG Accounting and Reporting Standard for the Financial Industry,P0_acceptance_graph,explicit_series_citation,source_text_explicitly_names_this_ghg_protocol_series,57 | 13 | 46 | 48,ZURICH INSURANCE GROUP sustainability-report-2024.pdf,Accepted: source text explicitly names this exact controlled GHGP/PCAF standard or guidance.,Keep in the accepted GHGP fine-series graph with page/source evidence.
GHG-SERIES-ACCEPTED-0118,world500_ghg_series_acceptance_ledger.json,accepted,accepted_explicit_named_series_edge,r230_bungeglobal,BUNGE GLOBAL,230,ghg_scope3_standard,GHG Protocol Corporate Value Chain (Scope 3) Accounting and Reporting Standard,P0_acceptance_graph,explicit_series_citation,source_text_explicitly_names_this_ghg_protocol_series,7 | 24,2025-Bunge-Global-Sustainability-Report.pdf,Accepted: source text explicitly names this exact controlled GHGP/PCAF standard or guidance.,Keep in the accepted GHGP fine-series graph with page/source evidence.
GHG-SERIES-ACCEPTED-0119,world500_ghg_series_acceptance_ledger.json,accepted,accepted_explicit_named_series_edge,r235_conocophillips,CONOCOPHILLIPS,235,ghg_corporate_standard,GHG Protocol Corporate Accounting and Reporting Standard,P0_acceptance_graph,explicit_series_citation,source_text_explicitly_names_this_ghg_protocol_series,23 | 27,2024-sustainability-report CONOCOPHILLIPS.pdf,Accepted: source text explicitly names this exact controlled GHGP/PCAF standard or guidance.,Keep in the accepted GHGP fine-series graph with page/source evidence.
GHG-SERIES-ACCEPTED-0120,world500_ghg_series_acceptance_ledger.json,accepted,accepted_explicit_named_series_edge,r236_pfizer,PFIZER,236,ghg_corporate_standard,GHG Protocol Corporate Accounting and Reporting Standard,P0_acceptance_graph,explicit_series_citation,source_text_explicitly_names_this_ghg_protocol_series,33 | 53,Pfizer_2024_Impact_Report_02JUN2025.pdf,Accepted: source text explicitly names this exact controlled GHGP/PCAF standard or guidance.,Keep in the accepted GHGP fine-series graph with page/source evidence.
GHG-SERIES-ACCEPTED-0121,world500_ghg_series_acceptance_ledger.json,accepted,accepted_explicit_named_series_edge,r237_deltaairlines,DELTA AIR LINES,237,ghg_corporate_standard,GHG Protocol Corporate Accounting and Reporting Standard,P0_acceptance_graph,explicit_series_citation,source_text_explicitly_names_this_ghg_protocol_series,8 | 56,delta-difference-2024-report.pdf,Accepted: source text explicitly names this exact controlled GHGP/PCAF standard or guidance.,Keep in the accepted GHGP fine-series graph with page/source evidence.
GHG-SERIES-ACCEPTED-0122,world500_ghg_series_acceptance_ledger.json,accepted,accepted_explicit_named_series_edge,r238_chinahuanenggroup,CHINA HUANENG GROUP,238,ghg_corporate_standard,GHG Protocol Corporate Accounting and Reporting Standard,P0_acceptance_graph,explicit_series_citation,source_text_explicitly_names_this_ghg_protocol_series,58,AIA GROUP-Main-ESG-Report_CH.pdf,Accepted: source text explicitly names this exact controlled GHGP/PCAF standard or guidance.,Keep in the accepted GHGP fine-series graph with page/source evidence.
GHG-SERIES-ACCEPTED-0123,world500_ghg_series_acceptance_ledger.json,accepted,accepted_explicit_named_series_edge,r245_assicurazionigenerali,ASSICURAZIONI GENERALI,245,ghg_scope3_standard,GHG Protocol Corporate Value Chain (Scope 3) Accounting and Reporting Standard,P0_acceptance_graph,explicit_series_citation,source_text_explicitly_names_this_ghg_protocol_series,92,daimler-truck-ir-annual-report-2024-incl-combined-management-report-dth-ag.pdf,Accepted: source text explicitly names this exact controlled GHGP/PCAF standard or guidance.,Keep in the accepted GHGP fine-series graph with page/source evidence.
GHG-SERIES-ACCEPTED-0124,world500_ghg_series_acceptance_ledger.json,accepted,accepted_explicit_named_series_edge,r247_repsol,REPSOL,247,ghg_corporate_standard,GHG Protocol Corporate Accounting and Reporting Standard,P0_acceptance_graph,explicit_series_citation,source_text_explicitly_names_this_ghg_protocol_series,40 | 21,REPSOL consolidated-statement-non-financial-information-sustainability-information-2024.pdf,Accepted: source text explicitly names this exact controlled GHGP/PCAF standard or guidance.,Keep in the accepted GHGP fine-series graph with page/source evidence.
GHG-SERIES-ACCEPTED-0125,world500_ghg_series_acceptance_ledger.json,accepted,accepted_explicit_named_series_edge,r247_repsol,REPSOL,247,ghg_scope3_standard,GHG Protocol Corporate Value Chain (Scope 3) Accounting and Reporting Standard,P0_acceptance_graph,explicit_series_citation,source_text_explicitly_names_this_ghg_protocol_series,21 | 134,REPSOL consolidated-statement-non-financial-information-sustainability-information-2024.pdf,Accepted: source text explicitly names this exact controlled GHGP/PCAF standard or guidance.,Keep in the accepted GHGP fine-series graph with page/source evidence.
GHG-SERIES-ACCEPTED-0126,world500_ghg_series_acceptance_ledger.json,accepted,accepted_explicit_named_series_edge,r248_lenovogroup,LENOVO GROUP,248,ghg_corporate_standard,GHG Protocol Corporate Accounting and Reporting Standard,P0_acceptance_graph,explicit_series_citation,source_text_explicitly_names_this_ghg_protocol_series,100,FY2025-lenovo-sustainability-report.pdf,Accepted: source text explicitly names this exact controlled GHGP/PCAF standard or guidance.,Keep in the accepted GHGP fine-series graph with page/source evidence.
GHG-SERIES-ACCEPTED-0127,world500_ghg_series_acceptance_ledger.json,accepted,accepted_explicit_named_series_edge,r248_lenovogroup,LENOVO GROUP,248,ghg_scope2_guidance,GHG Protocol Scope 2 Guidance,P0_acceptance_graph,explicit_series_citation,source_text_explicitly_names_this_ghg_protocol_series,100,FY2025-lenovo-sustainability-report.pdf,Accepted: source text explicitly names this exact controlled GHGP/PCAF standard or guidance.,Keep in the accepted GHGP fine-series graph with page/source evidence.
GHG-SERIES-ACCEPTED-0128,world500_ghg_series_acceptance_ledger.json,accepted,accepted_explicit_named_series_edge,r248_lenovogroup,LENOVO GROUP,248,ghg_scope3_standard,GHG Protocol Corporate Value Chain (Scope 3) Accounting and Reporting Standard,P0_acceptance_graph,explicit_series_citation,source_text_explicitly_names_this_ghg_protocol_series,100,FY2025-lenovo-sustainability-report.pdf,Accepted: source text explicitly names this exact controlled GHGP/PCAF standard or guidance.,Keep in the accepted GHGP fine-series graph with page/source evidence.
GHG-SERIES-ACCEPTED-0129,world500_ghg_series_acceptance_ledger.json,accepted,accepted_explicit_named_series_edge,r260_newyorklifeinsurance,NEW YORK LIFE INSURANCE,260,ghg_corporate_standard,GHG Protocol Corporate Accounting and Reporting Standard,P0_acceptance_graph,explicit_series_citation,source_text_explicitly_names_this_ghg_protocol_series,44 | 61,2024NEW YORK LIFE INSURANCE Corporate-Responsibility-Report.pdf,Accepted: source text explicitly names this exact controlled GHGP/PCAF standard or guidance.,Keep in the accepted GHGP fine-series graph with page/source evidence.
GHG-SERIES-ACCEPTED-0130,world500_ghg_series_acceptance_ledger.json,accepted,accepted_explicit_named_series_edge,r260_newyorklifeinsurance,NEW YORK LIFE INSURANCE,260,ghg_financial_industry_standard,Global GHG Accounting and Reporting Standard for the Financial Industry,P0_acceptance_graph,explicit_series_citation,source_text_explicitly_names_this_ghg_protocol_series,44 | 62 | 64,2024NEW YORK LIFE INSURANCE Corporate-Responsibility-Report.pdf,Accepted: source text explicitly names this exact controlled GHGP/PCAF standard or guidance.,Keep in the accepted GHGP fine-series graph with page/source evidence.
GHG-SERIES-ACCEPTED-0131,world500_ghg_series_acceptance_ledger.json,accepted,accepted_explicit_named_series_edge,r260_newyorklifeinsurance,NEW YORK LIFE INSURANCE,260,ghg_scope3_calculation_guidance,GHG Protocol Scope 3 Calculation Guidance,P0_acceptance_graph,explicit_series_citation,source_text_explicitly_names_this_ghg_protocol_series,72 | 44,2024NEW YORK LIFE INSURANCE Corporate-Responsibility-Report.pdf,Accepted: source text explicitly names this exact controlled GHGP/PCAF standard or guidance.,Keep in the accepted GHGP fine-series graph with page/source evidence.
GHG-SERIES-ACCEPTED-0132,world500_ghg_series_acceptance_ledger.json,accepted,accepted_explicit_named_series_edge,r260_newyorklifeinsurance,NEW YORK LIFE INSURANCE,260,ghg_scope3_standard,GHG Protocol Corporate Value Chain (Scope 3) Accounting and Reporting Standard,P0_acceptance_graph,explicit_series_citation,source_text_explicitly_names_this_ghg_protocol_series,72 | 44,2024NEW YORK LIFE INSURANCE Corporate-Responsibility-Report.pdf,Accepted: source text explicitly names this exact controlled GHGP/PCAF standard or guidance.,Keep in the accepted GHGP fine-series graph with page/source evidence.
GHG-SERIES-ACCEPTED-0133,world500_ghg_series_acceptance_ledger.json,accepted,accepted_explicit_named_series_edge,r261_intel,INTEL,261,ghg_corporate_standard,GHG Protocol Corporate Accounting and Reporting Standard,P0_acceptance_graph,explicit_series_citation,source_text_explicitly_names_this_ghg_protocol_series,36 | 56 | 62,INTEL CSR-2024-25-Full-Report.pdf,Accepted: source text explicitly names this exact controlled GHGP/PCAF standard or guidance.,Keep in the accepted GHGP fine-series graph with page/source evidence.
GHG-SERIES-ACCEPTED-0134,world500_ghg_series_acceptance_ledger.json,accepted,accepted_explicit_named_series_edge,r264_riotintogroup,RIO TINTO GROUP,264,ghg_corporate_standard,GHG Protocol Corporate Accounting and Reporting Standard,P0_acceptance_graph,explicit_series_citation,source_text_explicitly_names_this_ghg_protocol_series,55 | 73 | 74 | 75 | 324,2024-RIO TINTO GROUP-annual-report.pdf,Accepted: source text explicitly names this exact controlled GHGP/PCAF standard or guidance.,Keep in the accepted GHGP fine-series graph with page/source evidence.
GHG-SERIES-ACCEPTED-0135,world500_ghg_series_acceptance_ledger.json,accepted,accepted_explicit_named_series_edge,r264_riotintogroup,RIO TINTO GROUP,264,ghg_scope2_guidance,GHG Protocol Scope 2 Guidance,P0_acceptance_graph,explicit_series_citation,source_text_explicitly_names_this_ghg_protocol_series,324 | 55,2024-RIO TINTO GROUP-annual-report.pdf,Accepted: source text explicitly names this exact controlled GHGP/PCAF standard or guidance.,Keep in the accepted GHGP fine-series graph with page/source evidence.
GHG-SERIES-ACCEPTED-0136,world500_ghg_series_acceptance_ledger.json,accepted,accepted_explicit_named_series_edge,r264_riotintogroup,RIO TINTO GROUP,264,ghg_scope3_calculation_guidance,GHG Protocol Scope 3 Calculation Guidance,P0_acceptance_graph,explicit_series_citation,source_text_explicitly_names_this_ghg_protocol_series,75 | 55 | 324,2024-RIO TINTO GROUP-annual-report.pdf,Accepted: source text explicitly names this exact controlled GHGP/PCAF standard or guidance.,Keep in the accepted GHGP fine-series graph with page/source evidence.
GHG-SERIES-ACCEPTED-0137,world500_ghg_series_acceptance_ledger.json,accepted,accepted_explicit_named_series_edge,r264_riotintogroup,RIO TINTO GROUP,264,ghg_scope3_standard,GHG Protocol Corporate Value Chain (Scope 3) Accounting and Reporting Standard,P0_acceptance_graph,explicit_series_citation,source_text_explicitly_names_this_ghg_protocol_series,75 | 55 | 324 | 73 | 74,2024-RIO TINTO GROUP-annual-report.pdf,Accepted: source text explicitly names this exact controlled GHGP/PCAF standard or guidance.,Keep in the accepted GHGP fine-series graph with page/source evidence.
GHG-SERIES-ACCEPTED-0138,world500_ghg_series_acceptance_ledger.json,accepted,accepted_explicit_named_series_edge,r266_prudentialfinancial,PRUDENTIAL FINANCIAL,266,ghg_corporate_standard,GHG Protocol Corporate Accounting and Reporting Standard,P0_acceptance_graph,explicit_series_citation,source_text_explicitly_names_this_ghg_protocol_series,47 | 56,Prudential-s-2024-Sustainability-Report.pdf,Accepted: source text explicitly names this exact controlled GHGP/PCAF standard or guidance.,Keep in the accepted GHGP fine-series graph with page/source evidence.
GHG-SERIES-ACCEPTED-0139,world500_ghg_series_acceptance_ledger.json,accepted,accepted_explicit_named_series_edge,r266_prudentialfinancial,PRUDENTIAL FINANCIAL,266,ghg_scope3_standard,GHG Protocol Corporate Value Chain (Scope 3) Accounting and Reporting Standard,P0_acceptance_graph,explicit_series_citation,source_text_explicitly_names_this_ghg_protocol_series,47 | 56,Prudential-s-2024-Sustainability-Report.pdf,Accepted: source text explicitly names this exact controlled GHGP/PCAF standard or guidance.,Keep in the accepted GHGP fine-series graph with page/source evidence.
GHG-SERIES-ACCEPTED-0140,world500_ghg_series_acceptance_ledger.json,accepted,accepted_explicit_named_series_edge,r268_bhpgroup,BHP GROUP,268,ghg_corporate_standard,GHG Protocol Corporate Accounting and Reporting Standard,P0_acceptance_graph,explicit_series_citation,source_text_explicitly_names_this_ghg_protocol_series,51 | 64,250819_bhpannualreport2025.pdf,Accepted: source text explicitly names this exact controlled GHGP/PCAF standard or guidance.,Keep in the accepted GHGP fine-series graph with page/source evidence.
GHG-SERIES-ACCEPTED-0141,world500_ghg_series_acceptance_ledger.json,accepted,accepted_explicit_named_series_edge,r268_bhpgroup,BHP GROUP,268,ghg_financial_industry_standard,Global GHG Accounting and Reporting Standard for the Financial Industry,P0_acceptance_graph,explicit_series_citation,source_text_explicitly_names_this_ghg_protocol_series,51,250819_bhpannualreport2025.pdf,Accepted: source text explicitly names this exact controlled GHGP/PCAF standard or guidance.,Keep in the accepted GHGP fine-series graph with page/source evidence.
GHG-SERIES-ACCEPTED-0142,world500_ghg_series_acceptance_ledger.json,accepted,accepted_explicit_named_series_edge,r268_bhpgroup,BHP GROUP,268,ghg_scope2_guidance,GHG Protocol Scope 2 Guidance,P0_acceptance_graph,explicit_series_citation,source_text_explicitly_names_this_ghg_protocol_series,51 | 64,250819_bhpannualreport2025.pdf,Accepted: source text explicitly names this exact controlled GHGP/PCAF standard or guidance.,Keep in the accepted GHGP fine-series graph with page/source evidence.
GHG-SERIES-ACCEPTED-0143,world500_ghg_series_acceptance_ledger.json,accepted,accepted_explicit_named_series_edge,r268_bhpgroup,BHP GROUP,268,ghg_scope3_standard,GHG Protocol Corporate Value Chain (Scope 3) Accounting and Reporting Standard,P0_acceptance_graph,explicit_series_citation,source_text_explicitly_names_this_ghg_protocol_series,64 | 51,250819_bhpannualreport2025.pdf,Accepted: source text explicitly names this exact controlled GHGP/PCAF standard or guidance.,Keep in the accepted GHGP fine-series graph with page/source evidence.
GHG-SERIES-ACCEPTED-0144,world500_ghg_series_acceptance_ledger.json,accepted,accepted_explicit_named_series_edge,r269_hp,HP,269,ghg_corporate_standard,GHG Protocol Corporate Accounting and Reporting Standard,P0_acceptance_graph,explicit_series_citation,source_text_explicitly_names_this_ghg_protocol_series,42 | 160,2024_HP_sustainability_report.pdf,Accepted: source text explicitly names this exact controlled GHGP/PCAF standard or guidance.,Keep in the accepted GHGP fine-series graph with page/source evidence.
GHG-SERIES-ACCEPTED-0145,world500_ghg_series_acceptance_ledger.json,accepted,accepted_explicit_named_series_edge,r269_hp,HP,269,ghg_scope2_guidance,GHG Protocol Scope 2 Guidance,P0_acceptance_graph,explicit_series_citation,source_text_explicitly_names_this_ghg_protocol_series,42 | 160,2024_HP_sustainability_report.pdf,Accepted: source text explicitly names this exact controlled GHGP/PCAF standard or guidance.,Keep in the accepted GHGP fine-series graph with page/source evidence.
GHG-SERIES-ACCEPTED-0146,world500_ghg_series_acceptance_ledger.json,accepted,accepted_explicit_named_series_edge,r269_hp,HP,269,ghg_scope3_calculation_guidance,GHG Protocol Scope 3 Calculation Guidance,P0_acceptance_graph,explicit_series_citation,source_text_explicitly_names_this_ghg_protocol_series,42 | 159,2024_HP_sustainability_report.pdf,Accepted: source text explicitly names this exact controlled GHGP/PCAF standard or guidance.,Keep in the accepted GHGP fine-series graph with page/source evidence.
GHG-SERIES-ACCEPTED-0147,world500_ghg_series_acceptance_ledger.json,accepted,accepted_explicit_named_series_edge,r269_hp,HP,269,ghg_scope3_standard,GHG Protocol Corporate Value Chain (Scope 3) Accounting and Reporting Standard,P0_acceptance_graph,explicit_series_citation,source_text_explicitly_names_this_ghg_protocol_series,42 | 159,2024_HP_sustainability_report.pdf,Accepted: source text explicitly names this exact controlled GHGP/PCAF standard or guidance.,Keep in the accepted GHGP fine-series graph with page/source evidence.
GHG-SERIES-ACCEPTED-0148,world500_ghg_series_acceptance_ledger.json,accepted,accepted_explicit_named_series_edge,r278_americanairlinesgroup,AMERICAN AIRLINES GROUP,278,ghg_corporate_standard,GHG Protocol Corporate Accounting and Reporting Standard,P0_acceptance_graph,explicit_series_citation,source_text_explicitly_names_this_ghg_protocol_series,81 | 91,American-Airlines-Sustainability-Report-2024.pdf,Accepted: source text explicitly names this exact controlled GHGP/PCAF standard or guidance.,Keep in the accepted GHGP fine-series graph with page/source evidence.
GHG-SERIES-ACCEPTED-0149,world500_ghg_series_acceptance_ledger.json,accepted,accepted_explicit_named_series_edge,r278_americanairlinesgroup,AMERICAN AIRLINES GROUP,278,ghg_scope2_guidance,GHG Protocol Scope 2 Guidance,P0_acceptance_graph,explicit_series_citation,source_text_explicitly_names_this_ghg_protocol_series,81 | 91,American-Airlines-Sustainability-Report-2024.pdf,Accepted: source text explicitly names this exact controlled GHGP/PCAF standard or guidance.,Keep in the accepted GHGP fine-series graph with page/source evidence.
GHG-SERIES-ACCEPTED-0150,world500_ghg_series_acceptance_ledger.json,accepted,accepted_explicit_named_series_edge,r278_americanairlinesgroup,AMERICAN AIRLINES GROUP,278,ghg_scope3_calculation_guidance,GHG Protocol Scope 3 Calculation Guidance,P0_acceptance_graph,explicit_series_citation,source_text_explicitly_names_this_ghg_protocol_series,81 | 91,American-Airlines-Sustainability-Report-2024.pdf,Accepted: source text explicitly names this exact controlled GHGP/PCAF standard or guidance.,Keep in the accepted GHGP fine-series graph with page/source evidence.
GHG-SERIES-ACCEPTED-0151,world500_ghg_series_acceptance_ledger.json,accepted,accepted_explicit_named_series_edge,r278_americanairlinesgroup,AMERICAN AIRLINES GROUP,278,ghg_scope3_standard,GHG Protocol Corporate Value Chain (Scope 3) Accounting and Reporting Standard,P0_acceptance_graph,explicit_series_citation,source_text_explicitly_names_this_ghg_protocol_series,81 | 91,American-Airlines-Sustainability-Report-2024.pdf,Accepted: source text explicitly names this exact controlled GHGP/PCAF standard or guidance.,Keep in the accepted GHGP fine-series graph with page/source evidence.
GHG-SERIES-ACCEPTED-0152,world500_ghg_series_acceptance_ledger.json,accepted,accepted_explicit_named_series_edge,r282_volvo,VOLVO,282,ghg_corporate_standard,GHG Protocol Corporate Accounting and Reporting Standard,P0_acceptance_graph,explicit_series_citation,source_text_explicitly_names_this_ghg_protocol_series,152 | 158 | 182,volvo-group-annual-report-2024.pdf,Accepted: source text explicitly names this exact controlled GHGP/PCAF standard or guidance.,Keep in the accepted GHGP fine-series graph with page/source evidence.
GHG-SERIES-ACCEPTED-0153,world500_ghg_series_acceptance_ledger.json,accepted,accepted_explicit_named_series_edge,r282_volvo,VOLVO,282,ghg_scope3_calculation_guidance,GHG Protocol Scope 3 Calculation Guidance,P0_acceptance_graph,explicit_series_citation,source_text_explicitly_names_this_ghg_protocol_series,152 | 158,volvo-group-annual-report-2024.pdf,Accepted: source text explicitly names this exact controlled GHGP/PCAF standard or guidance.,Keep in the accepted GHGP fine-series graph with page/source evidence.
GHG-SERIES-ACCEPTED-0154,world500_ghg_series_acceptance_ledger.json,accepted,accepted_explicit_named_series_edge,r282_volvo,VOLVO,282,ghg_scope3_standard,GHG Protocol Corporate Value Chain (Scope 3) Accounting and Reporting Standard,P0_acceptance_graph,explicit_series_citation,source_text_explicitly_names_this_ghg_protocol_series,152 | 158,volvo-group-annual-report-2024.pdf,Accepted: source text explicitly names this exact controlled GHGP/PCAF standard or guidance.,Keep in the accepted GHGP fine-series graph with page/source evidence.
GHG-SERIES-ACCEPTED-0155,world500_ghg_series_acceptance_ledger.json,accepted,accepted_explicit_named_series_edge,r283_intesasanpaolo,INTESA SANPAOLO,283,ghg_financial_industry_standard,Global GHG Accounting and Reporting Standard for the Financial Industry,P0_acceptance_graph,explicit_series_citation,source_text_explicitly_names_this_ghg_protocol_series,130 | 129,2024_INTESA SANPAOLO-Climate_Report.pdf,Accepted: source text explicitly names this exact controlled GHGP/PCAF standard or guidance.,Keep in the accepted GHGP fine-series graph with page/source evidence.
GHG-SERIES-ACCEPTED-0156,world500_ghg_series_acceptance_ledger.json,accepted,accepted_explicit_named_series_edge,r286_bayer,BAYER,286,ghg_scope3_standard,GHG Protocol Corporate Value Chain (Scope 3) Accounting and Reporting Standard,P0_acceptance_graph,explicit_series_citation,source_text_explicitly_names_this_ghg_protocol_series,4 | 7 | 18 | 142,bayer-impact-report-2024.pdf,Accepted: source text explicitly names this exact controlled GHGP/PCAF standard or guidance.,Keep in the accepted GHGP fine-series graph with page/source evidence.
GHG-SERIES-ACCEPTED-0157,world500_ghg_series_acceptance_ledger.json,accepted,accepted_explicit_named_series_edge,r294_bankofmontreal,BANK OF MONTREAL,294,ghg_corporate_standard,GHG Protocol Corporate Accounting and Reporting Standard,P0_acceptance_graph,explicit_series_citation,source_text_explicitly_names_this_ghg_protocol_series,77 | 112 | 4,BMO_2024_SCR_EN_interactive.pdf,Accepted: source text explicitly names this exact controlled GHGP/PCAF standard or guidance.,Keep in the accepted GHGP fine-series graph with page/source evidence.
GHG-SERIES-ACCEPTED-0158,world500_ghg_series_acceptance_ledger.json,accepted,accepted_explicit_named_series_edge,r294_bankofmontreal,BANK OF MONTREAL,294,ghg_financial_industry_standard,Global GHG Accounting and Reporting Standard for the Financial Industry,P0_acceptance_graph,explicit_series_citation,source_text_explicitly_names_this_ghg_protocol_series,80 | 82 | 86 | 4,BMO_2024_SCR_EN_interactive.pdf,Accepted: source text explicitly names this exact controlled GHGP/PCAF standard or guidance.,Keep in the accepted GHGP fine-series graph with page/source evidence.
GHG-SERIES-ACCEPTED-0159,world500_ghg_series_acceptance_ledger.json,accepted,accepted_explicit_named_series_edge,r294_bankofmontreal,BANK OF MONTREAL,294,ghg_scope3_standard,GHG Protocol Corporate Value Chain (Scope 3) Accounting and Reporting Standard,P0_acceptance_graph,explicit_series_citation,source_text_explicitly_names_this_ghg_protocol_series,77 | 4,BMO_2024_SCR_EN_interactive.pdf,Accepted: source text explicitly names this exact controlled GHGP/PCAF standard or guidance.,Keep in the accepted GHGP fine-series graph with page/source evidence.
GHG-SERIES-ACCEPTED-0160,world500_ghg_series_acceptance_ledger.json,accepted,accepted_explicit_named_series_edge,r297_sanofi,SANOFI,297,ghg_corporate_standard,GHG Protocol Corporate Accounting and Reporting Standard,P0_acceptance_graph,explicit_series_citation,source_text_explicitly_names_this_ghg_protocol_series,29 | 132,SANOFI-sustainability-statement-2024--ESG-Report-.pdf,Accepted: source text explicitly names this exact controlled GHGP/PCAF standard or guidance.,Keep in the accepted GHGP fine-series graph with page/source evidence.
GHG-SERIES-ACCEPTED-0161,world500_ghg_series_acceptance_ledger.json,accepted,accepted_explicit_named_series_edge,r297_sanofi,SANOFI,297,ghg_scope2_guidance,GHG Protocol Scope 2 Guidance,P0_acceptance_graph,explicit_series_citation,source_text_explicitly_names_this_ghg_protocol_series,29 | 132,SANOFI-sustainability-statement-2024--ESG-Report-.pdf,Accepted: source text explicitly names this exact controlled GHGP/PCAF standard or guidance.,Keep in the accepted GHGP fine-series graph with page/source evidence.
GHG-SERIES-ACCEPTED-0162,world500_ghg_series_acceptance_ledger.json,accepted,accepted_explicit_named_series_edge,r297_sanofi,SANOFI,297,ghg_scope3_calculation_guidance,GHG Protocol Scope 3 Calculation Guidance,P0_acceptance_graph,explicit_series_citation,source_text_explicitly_names_this_ghg_protocol_series,29 | 132 | 133,SANOFI-sustainability-statement-2024--ESG-Report-.pdf,Accepted: source text explicitly names this exact controlled GHGP/PCAF standard or guidance.,Keep in the accepted GHGP fine-series graph with page/source evidence.
GHG-SERIES-ACCEPTED-0163,world500_ghg_series_acceptance_ledger.json,accepted,accepted_explicit_named_series_edge,r297_sanofi,SANOFI,297,ghg_scope3_standard,GHG Protocol Corporate Value Chain (Scope 3) Accounting and Reporting Standard,P0_acceptance_graph,explicit_series_citation,source_text_explicitly_names_this_ghg_protocol_series,29 | 132,SANOFI-sustainability-statement-2024--ESG-Report-.pdf,Accepted: source text explicitly names this exact controlled GHGP/PCAF standard or guidance.,Keep in the accepted GHGP fine-series graph with page/source evidence.
GHG-SERIES-ACCEPTED-0164,world500_ghg_series_acceptance_ledger.json,accepted,accepted_explicit_named_series_edge,r301_swissre,SWISS RE,301,ghg_financial_industry_standard,Global GHG Accounting and Reporting Standard for the Financial Industry,P0_acceptance_graph,explicit_series_citation,source_text_explicitly_names_this_ghg_protocol_series,76 | 9 | 72 | 98,2024-SWISS RE-sustainability-report-en.pdf,Accepted: source text explicitly names this exact controlled GHGP/PCAF standard or guidance.,Keep in the accepted GHGP fine-series graph with page/source evidence.
GHG-SERIES-ACCEPTED-0165,world500_ghg_series_acceptance_ledger.json,accepted,accepted_explicit_named_series_edge,r315_unicreditgroup,UNICREDIT GROUP,315,ghg_financial_industry_standard,Global GHG Accounting and Reporting Standard for the Financial Industry,P0_acceptance_graph,explicit_series_citation,source_text_explicitly_names_this_ghg_protocol_series,140 | 263 | 273,2024-UNICREDIT GROUP-Annual-Reports-and-Accounts.pdf,Accepted: source text explicitly names this exact controlled GHGP/PCAF standard or guidance.,Keep in the accepted GHGP fine-series graph with page/source evidence.
GHG-SERIES-ACCEPTED-0166,world500_ghg_series_acceptance_ledger.json,accepted,accepted_explicit_named_series_edge,r315_unicreditgroup,UNICREDIT GROUP,315,ghg_scope3_calculation_guidance,GHG Protocol Scope 3 Calculation Guidance,P0_acceptance_graph,explicit_series_citation,source_text_explicitly_names_this_ghg_protocol_series,273,2024-UNICREDIT GROUP-Annual-Reports-and-Accounts.pdf,Accepted: source text explicitly names this exact controlled GHGP/PCAF standard or guidance.,Keep in the accepted GHGP fine-series graph with page/source evidence.
GHG-SERIES-ACCEPTED-0167,world500_ghg_series_acceptance_ledger.json,accepted,accepted_explicit_named_series_edge,r317_tokyoelectricpower,TOKYO ELECTRIC POWER,317,ghg_scope3_standard,GHG Protocol Corporate Value Chain (Scope 3) Accounting and Reporting Standard,P0_acceptance_graph,explicit_series_citation,source_text_explicitly_names_this_ghg_protocol_series,102,TOKYO ELECTRIC POWER TP2024_en_web_print.pdf,Accepted: source text explicitly names this exact controlled GHGP/PCAF standard or guidance.,Keep in the accepted GHGP fine-series graph with page/source evidence.
GHG-SERIES-ACCEPTED-0168,world500_ghg_series_acceptance_ledger.json,accepted,accepted_explicit_named_series_edge,r322_ingkagroup,INGKA GROUP,322,ghg_corporate_standard,GHG Protocol Corporate Accounting and Reporting Standard,P0_acceptance_graph,explicit_series_citation,source_text_explicitly_names_this_ghg_protocol_series,56 | 113,ingkagroup_annualsummaryandsustainabilityreport_fy24.pdf,Accepted: source text explicitly names this exact controlled GHGP/PCAF standard or guidance.,Keep in the accepted GHGP fine-series graph with page/source evidence.
GHG-SERIES-ACCEPTED-0169,world500_ghg_series_acceptance_ledger.json,accepted,accepted_explicit_named_series_edge,r322_ingkagroup,INGKA GROUP,322,ghg_financial_industry_standard,Global GHG Accounting and Reporting Standard for the Financial Industry,P0_acceptance_graph,explicit_series_citation,source_text_explicitly_names_this_ghg_protocol_series,113,ingkagroup_annualsummaryandsustainabilityreport_fy24.pdf,Accepted: source text explicitly names this exact controlled GHGP/PCAF standard or guidance.,Keep in the accepted GHGP fine-series graph with page/source evidence.
GHG-SERIES-ACCEPTED-0170,world500_ghg_series_acceptance_ledger.json,accepted,accepted_explicit_named_series_edge,r322_ingkagroup,INGKA GROUP,322,ghg_scope2_guidance,GHG Protocol Scope 2 Guidance,P0_acceptance_graph,explicit_series_citation,source_text_explicitly_names_this_ghg_protocol_series,56 | 113,ingkagroup_annualsummaryandsustainabilityreport_fy24.pdf,Accepted: source text explicitly names this exact controlled GHGP/PCAF standard or guidance.,Keep in the accepted GHGP fine-series graph with page/source evidence.
GHG-SERIES-ACCEPTED-0171,world500_ghg_series_acceptance_ledger.json,accepted,accepted_explicit_named_series_edge,r322_ingkagroup,INGKA GROUP,322,ghg_scope3_standard,GHG Protocol Corporate Value Chain (Scope 3) Accounting and Reporting Standard,P0_acceptance_graph,explicit_series_citation,source_text_explicitly_names_this_ghg_protocol_series,56 | 113,ingkagroup_annualsummaryandsustainabilityreport_fy24.pdf,Accepted: source text explicitly names this exact controlled GHGP/PCAF standard or guidance.,Keep in the accepted GHGP fine-series graph with page/source evidence.
GHG-SERIES-ACCEPTED-0172,world500_ghg_series_acceptance_ledger.json,accepted,accepted_explicit_named_series_edge,r324_americaninternationalgroup,AMERICAN INTERNATIONAL GROUP,324,ghg_financial_industry_standard,Global GHG Accounting and Reporting Standard for the Financial Industry,P0_acceptance_graph,explicit_series_citation,source_text_explicitly_names_this_ghg_protocol_series,35 | 36 | 40 | 33,AMERICAN INTERNATIONAL GROUP-aig-sustainability-report-2024.pdf,Accepted: source text explicitly names this exact controlled GHGP/PCAF standard or guidance.,Keep in the accepted GHGP fine-series graph with page/source evidence.
GHG-SERIES-ACCEPTED-0173,world500_ghg_series_acceptance_ledger.json,accepted,accepted_explicit_named_series_edge,r324_americaninternationalgroup,AMERICAN INTERNATIONAL GROUP,324,ghg_scope3_standard,GHG Protocol Corporate Value Chain (Scope 3) Accounting and Reporting Standard,P0_acceptance_graph,explicit_series_citation,source_text_explicitly_names_this_ghg_protocol_series,33,AMERICAN INTERNATIONAL GROUP-aig-sustainability-report-2024.pdf,Accepted: source text explicitly names this exact controlled GHGP/PCAF standard or guidance.,Keep in the accepted GHGP fine-series graph with page/source evidence.
GHG-SERIES-ACCEPTED-0174,world500_ghg_series_acceptance_ledger.json,accepted,accepted_explicit_named_series_edge,r327_talanx公司,Talanx,327,ghg_financial_industry_standard,Global GHG Accounting and Reporting Standard for the Financial Industry,P0_acceptance_graph,explicit_series_citation,source_text_explicitly_names_this_ghg_protocol_series,32 | 21,Talanx_Nachhaltigkeitsbericht_2023_en.pdf,Accepted: source text explicitly names this exact controlled GHGP/PCAF standard or guidance.,Keep in the accepted GHGP fine-series graph with page/source evidence.
GHG-SERIES-ACCEPTED-0175,world500_ghg_series_acceptance_ledger.json,accepted,accepted_explicit_named_series_edge,r329_astrazeneca,ASTRAZENECA,329,ghg_corporate_standard,GHG Protocol Corporate Accounting and Reporting Standard,P0_acceptance_graph,explicit_series_citation,source_text_explicitly_names_this_ghg_protocol_series,128 | 235 | 237,AstraZeneca_AR_2024.pdf,Accepted: source text explicitly names this exact controlled GHGP/PCAF standard or guidance.,Keep in the accepted GHGP fine-series graph with page/source evidence.
GHG-SERIES-ACCEPTED-0176,world500_ghg_series_acceptance_ledger.json,accepted,accepted_explicit_named_series_edge,r329_astrazeneca,ASTRAZENECA,329,ghg_scope2_guidance,GHG Protocol Scope 2 Guidance,P0_acceptance_graph,explicit_series_citation,source_text_explicitly_names_this_ghg_protocol_series,128 | 235,AstraZeneca_AR_2024.pdf,Accepted: source text explicitly names this exact controlled GHGP/PCAF standard or guidance.,Keep in the accepted GHGP fine-series graph with page/source evidence.
GHG-SERIES-ACCEPTED-0177,world500_ghg_series_acceptance_ledger.json,accepted,accepted_explicit_named_series_edge,r329_astrazeneca,ASTRAZENECA,329,ghg_scope3_standard,GHG Protocol Corporate Value Chain (Scope 3) Accounting and Reporting Standard,P0_acceptance_graph,explicit_series_citation,source_text_explicitly_names_this_ghg_protocol_series,128 | 235,AstraZeneca_AR_2024.pdf,Accepted: source text explicitly names this exact controlled GHGP/PCAF standard or guidance.,Keep in the accepted GHGP fine-series graph with page/source evidence.
GHG-SERIES-ACCEPTED-0178,world500_ghg_series_acceptance_ledger.json,accepted,accepted_explicit_named_series_edge,r333_tiaa,TIAA,333,ghg_financial_industry_standard,Global GHG Accounting and Reporting Standard for the Financial Industry,P0_acceptance_graph,explicit_series_citation,source_text_explicitly_names_this_ghg_protocol_series,37 | 43,TIAA climate_report_2024.pdf,Accepted: source text explicitly names this exact controlled GHGP/PCAF standard or guidance.,Keep in the accepted GHGP fine-series graph with page/source evidence.
GHG-SERIES-ACCEPTED-0179,world500_ghg_series_acceptance_ledger.json,accepted,accepted_explicit_named_series_edge,r336_chinahuadian,CHINA HUADIAN,336,ghg_corporate_standard,GHG Protocol Corporate Accounting and Reporting Standard,P0_acceptance_graph,explicit_series_citation,source_text_explicitly_names_this_ghg_protocol_series,58,AIA GROUP-Main-ESG-Report_CH.pdf,Accepted: source text explicitly names this exact controlled GHGP/PCAF standard or guidance.,Keep in the accepted GHGP fine-series graph with page/source evidence.
GHG-SERIES-ACCEPTED-0180,world500_ghg_series_acceptance_ledger.json,accepted,accepted_explicit_named_series_edge,r339_hyundaimobis,HYUNDAI MOBIS,339,ghg_corporate_standard,GHG Protocol Corporate Accounting and Reporting Standard,P0_acceptance_graph,explicit_series_citation,source_text_explicitly_names_this_ghg_protocol_series,161 | 46,HYUNDAI MOBIS sustainability report 2025.pdf,Accepted: source text explicitly names this exact controlled GHGP/PCAF standard or guidance.,Keep in the accepted GHGP fine-series graph with page/source evidence.
GHG-SERIES-ACCEPTED-0181,world500_ghg_series_acceptance_ledger.json,accepted,accepted_explicit_named_series_edge,r339_hyundaimobis,HYUNDAI MOBIS,339,ghg_scope3_standard,GHG Protocol Corporate Value Chain (Scope 3) Accounting and Reporting Standard,P0_acceptance_graph,explicit_series_citation,source_text_explicitly_names_this_ghg_protocol_series,46 | 52,HYUNDAI MOBIS sustainability report 2025.pdf,Accepted: source text explicitly names this exact controlled GHGP/PCAF standard or guidance.,Keep in the accepted GHGP fine-series graph with page/source evidence.
GHG-SERIES-ACCEPTED-0182,world500_ghg_series_acceptance_ledger.json,accepted,accepted_explicit_named_series_edge,r342_bristolmyerssquibb,BRISTOL-MYERS SQUIBB,342,ghg_corporate_standard,GHG Protocol Corporate Accounting and Reporting Standard,P0_acceptance_graph,explicit_series_citation,source_text_explicitly_names_this_ghg_protocol_series,80,BRISTOL-MYERS SQUIBB BMS-Building-a-Better-Future-Report-2024.pdf,Accepted: source text explicitly names this exact controlled GHGP/PCAF standard or guidance.,Keep in the accepted GHGP fine-series graph with page/source evidence.
GHG-SERIES-ACCEPTED-0183,world500_ghg_series_acceptance_ledger.json,accepted,accepted_explicit_named_series_edge,r344_continental,CONTINENTAL,344,ghg_corporate_standard,GHG Protocol Corporate Accounting and Reporting Standard,P0_acceptance_graph,explicit_series_citation,source_text_explicitly_names_this_ghg_protocol_series,133 | 142,CONTINENTAL annual-report-2024.pdf,Accepted: source text explicitly names this exact controlled GHGP/PCAF standard or guidance.,Keep in the accepted GHGP fine-series graph with page/source evidence.
GHG-SERIES-ACCEPTED-0184,world500_ghg_series_acceptance_ledger.json,accepted,accepted_explicit_named_series_edge,r344_continental,CONTINENTAL,344,ghg_scope3_standard,GHG Protocol Corporate Value Chain (Scope 3) Accounting and Reporting Standard,P0_acceptance_graph,explicit_series_citation,source_text_explicitly_names_this_ghg_protocol_series,133 | 143,CONTINENTAL annual-report-2024.pdf,Accepted: source text explicitly names this exact controlled GHGP/PCAF standard or guidance.,Keep in the accepted GHGP fine-series graph with page/source evidence.
GHG-SERIES-ACCEPTED-0185,world500_ghg_series_acceptance_ledger.json,accepted,accepted_explicit_named_series_edge,r346_dow,DOW,346,ghg_corporate_standard,GHG Protocol Corporate Accounting and Reporting Standard,P0_acceptance_graph,explicit_series_citation,source_text_explicitly_names_this_ghg_protocol_series,2 | 30 | 31 | 74,DOW-2024-progress-report.pdf,Accepted: source text explicitly names this exact controlled GHGP/PCAF standard or guidance.,Keep in the accepted GHGP fine-series graph with page/source evidence.
GHG-SERIES-ACCEPTED-0186,world500_ghg_series_acceptance_ledger.json,accepted,accepted_explicit_named_series_edge,r346_dow,DOW,346,ghg_product_standard,GHG Protocol Product Life Cycle Accounting and Reporting Standard,P0_acceptance_graph,explicit_series_citation,source_text_explicitly_names_this_ghg_protocol_series,116,DOW-2024-progress-report.pdf,Accepted: source text explicitly names this exact controlled GHGP/PCAF standard or guidance.,Keep in the accepted GHGP fine-series graph with page/source evidence.
GHG-SERIES-ACCEPTED-0187,world500_ghg_series_acceptance_ledger.json,accepted,accepted_explicit_named_series_edge,r346_dow,DOW,346,ghg_scope3_standard,GHG Protocol Corporate Value Chain (Scope 3) Accounting and Reporting Standard,P0_acceptance_graph,explicit_series_citation,source_text_explicitly_names_this_ghg_protocol_series,116 | 2 | 30,DOW-2024-progress-report.pdf,Accepted: source text explicitly names this exact controlled GHGP/PCAF standard or guidance.,Keep in the accepted GHGP fine-series graph with page/source evidence.
GHG-SERIES-ACCEPTED-0188,world500_ghg_series_acceptance_ledger.json,accepted,accepted_explicit_named_series_edge,r350_telefónica,TELEFÓNICA,350,ghg_corporate_standard,GHG Protocol Corporate Accounting and Reporting Standard,P0_acceptance_graph,explicit_series_citation,source_text_explicitly_names_this_ghg_protocol_series,63 | 108 | 109,2024TELEFÓNICA consolidated-management-report.pdf,Accepted: source text explicitly names this exact controlled GHGP/PCAF standard or guidance.,Keep in the accepted GHGP fine-series graph with page/source evidence.
GHG-SERIES-ACCEPTED-0189,world500_ghg_series_acceptance_ledger.json,accepted,accepted_explicit_named_series_edge,r350_telefónica,TELEFÓNICA,350,ghg_scope3_standard,GHG Protocol Corporate Value Chain (Scope 3) Accounting and Reporting Standard,P0_acceptance_graph,explicit_series_citation,source_text_explicitly_names_this_ghg_protocol_series,109 | 63,2024TELEFÓNICA consolidated-management-report.pdf,Accepted: source text explicitly names this exact controlled GHGP/PCAF standard or guidance.,Keep in the accepted GHGP fine-series graph with page/source evidence.
GHG-SERIES-ACCEPTED-0190,world500_ghg_series_acceptance_ledger.json,accepted,accepted_explicit_named_series_edge,r351_chinaminshengbanking,CHINA MINSHENG BANKING,351,ghg_corporate_standard,GHG Protocol Corporate Accounting and Reporting Standard,P0_acceptance_graph,explicit_series_citation,source_text_explicitly_names_this_ghg_protocol_series,63,Lloyds_Banking_Group_Annual_Report_2024.pdf,Accepted: source text explicitly names this exact controlled GHGP/PCAF standard or guidance.,Keep in the accepted GHGP fine-series graph with page/source evidence.
GHG-SERIES-ACCEPTED-0191,world500_ghg_series_acceptance_ledger.json,accepted,accepted_explicit_named_series_edge,r357_magnainternational,MAGNA INTERNATIONAL,357,ghg_corporate_standard,GHG Protocol Corporate Accounting and Reporting Standard,P0_acceptance_graph,explicit_series_citation,source_text_explicitly_names_this_ghg_protocol_series,99,101227_magna_sustainabilityreport_fy2024_final_cda.pdf,Accepted: source text explicitly names this exact controlled GHGP/PCAF standard or guidance.,Keep in the accepted GHGP fine-series graph with page/source evidence.
GHG-SERIES-ACCEPTED-0192,world500_ghg_series_acceptance_ledger.json,accepted,accepted_explicit_named_series_edge,r357_magnainternational,MAGNA INTERNATIONAL,357,ghg_scope3_standard,GHG Protocol Corporate Value Chain (Scope 3) Accounting and Reporting Standard,P0_acceptance_graph,explicit_series_citation,source_text_explicitly_names_this_ghg_protocol_series,99,101227_magna_sustainabilityreport_fy2024_final_cda.pdf,Accepted: source text explicitly names this exact controlled GHGP/PCAF standard or guidance.,Keep in the accepted GHGP fine-series graph with page/source evidence.
GHG-SERIES-ACCEPTED-0193,world500_ghg_series_acceptance_ledger.json,accepted,accepted_explicit_named_series_edge,r358_omvgroup,OMV GROUP,358,ghg_corporate_standard,GHG Protocol Corporate Accounting and Reporting Standard,P0_acceptance_graph,explicit_series_citation,source_text_explicitly_names_this_ghg_protocol_series,196 | 213,entire-omv-ar24.pdf,Accepted: source text explicitly names this exact controlled GHGP/PCAF standard or guidance.,Keep in the accepted GHGP fine-series graph with page/source evidence.
GHG-SERIES-ACCEPTED-0194,world500_ghg_series_acceptance_ledger.json,accepted,accepted_explicit_named_series_edge,r358_omvgroup,OMV GROUP,358,ghg_scope2_guidance,GHG Protocol Scope 2 Guidance,P0_acceptance_graph,explicit_series_citation,source_text_explicitly_names_this_ghg_protocol_series,196 | 213,entire-omv-ar24.pdf,Accepted: source text explicitly names this exact controlled GHGP/PCAF standard or guidance.,Keep in the accepted GHGP fine-series graph with page/source evidence.
GHG-SERIES-ACCEPTED-0195,world500_ghg_series_acceptance_ledger.json,accepted,accepted_explicit_named_series_edge,r358_omvgroup,OMV GROUP,358,ghg_scope3_standard,GHG Protocol Corporate Value Chain (Scope 3) Accounting and Reporting Standard,P0_acceptance_graph,explicit_series_citation,source_text_explicitly_names_this_ghg_protocol_series,196 | 213,entire-omv-ar24.pdf,Accepted: source text explicitly names this exact controlled GHGP/PCAF standard or guidance.,Keep in the accepted GHGP fine-series graph with page/source evidence.
GHG-SERIES-ACCEPTED-0196,world500_ghg_series_acceptance_ledger.json,accepted,accepted_explicit_named_series_edge,r359_massachusettsmutuallifeinsurance,MASSACHUSETTS MUTUAL LIFE INSURANCE,359,ghg_financial_industry_standard,Global GHG Accounting and Reporting Standard for the Financial Industry,P0_acceptance_graph,explicit_series_citation,source_text_explicitly_names_this_ghg_protocol_series,16,2024-MASSACHUSETTS MUTUAL LIFE INSURANCE-sustainabilityreport.pdf,Accepted: source text explicitly names this exact controlled GHGP/PCAF standard or guidance.,Keep in the accepted GHGP fine-series graph with page/source evidence.
GHG-SERIES-ACCEPTED-0197,world500_ghg_series_acceptance_ledger.json,accepted,accepted_explicit_named_series_edge,r365_travelers公司,Travelers,365,ghg_corporate_standard,GHG Protocol Corporate Accounting and Reporting Standard,P0_acceptance_graph,explicit_series_citation,source_text_explicitly_names_this_ghg_protocol_series,77,Travelers_SustainabilityReport2024.pdf,Accepted: source text explicitly names this exact controlled GHGP/PCAF standard or guidance.,Keep in the accepted GHGP fine-series graph with page/source evidence.
GHG-SERIES-ACCEPTED-0198,world500_ghg_series_acceptance_ledger.json,accepted,accepted_explicit_named_series_edge,r365_travelers公司,Travelers,365,ghg_scope3_standard,GHG Protocol Corporate Value Chain (Scope 3) Accounting and Reporting Standard,P0_acceptance_graph,explicit_series_citation,source_text_explicitly_names_this_ghg_protocol_series,77,Travelers_SustainabilityReport2024.pdf,Accepted: source text explicitly names this exact controlled GHGP/PCAF standard or guidance.,Keep in the accepted GHGP fine-series graph with page/source evidence.
GHG-SERIES-ACCEPTED-0199,world500_ghg_series_acceptance_ledger.json,accepted,accepted_explicit_named_series_edge,r366_warnerbrosdiscovery,WARNER BROS. DISCOVERY,366,ghg_corporate_standard,GHG Protocol Corporate Accounting and Reporting Standard,P0_acceptance_graph,explicit_series_citation,source_text_explicitly_names_this_ghg_protocol_series,25,WARNER BROS. DISCOVERY_2024_impact_report.pdf,Accepted: source text explicitly names this exact controlled GHGP/PCAF standard or guidance.,Keep in the accepted GHGP fine-series graph with page/source evidence.
GHG-SERIES-ACCEPTED-0200,world500_ghg_series_acceptance_ledger.json,accepted,accepted_explicit_named_series_edge,r366_warnerbrosdiscovery,WARNER BROS. DISCOVERY,366,ghg_scope2_guidance,GHG Protocol Scope 2 Guidance,P0_acceptance_graph,explicit_series_citation,source_text_explicitly_names_this_ghg_protocol_series,25,WARNER BROS. DISCOVERY_2024_impact_report.pdf,Accepted: source text explicitly names this exact controlled GHGP/PCAF standard or guidance.,Keep in the accepted GHGP fine-series graph with page/source evidence.
GHG-SERIES-ACCEPTED-0201,world500_ghg_series_acceptance_ledger.json,accepted,accepted_explicit_named_series_edge,r367_canadianimperialbankofcommerce,CANADIAN IMPERIAL BANK OF COMMERCE,367,ghg_corporate_standard,GHG Protocol Corporate Accounting and Reporting Standard,P0_acceptance_graph,explicit_series_citation,source_text_explicitly_names_this_ghg_protocol_series,100 | 101 | 102,CANADIAN IMPERIAL BANK OF COMMERCE-sustainability-report-2024-en.pdf,Accepted: source text explicitly names this exact controlled GHGP/PCAF standard or guidance.,Keep in the accepted GHGP fine-series graph with page/source evidence.
GHG-SERIES-ACCEPTED-0202,world500_ghg_series_acceptance_ledger.json,accepted,accepted_explicit_named_series_edge,r367_canadianimperialbankofcommerce,CANADIAN IMPERIAL BANK OF COMMERCE,367,ghg_financial_industry_standard,Global GHG Accounting and Reporting Standard for the Financial Industry,P0_acceptance_graph,explicit_series_citation,source_text_explicitly_names_this_ghg_protocol_series,129 | 130,CANADIAN IMPERIAL BANK OF COMMERCE-sustainability-report-2024-en.pdf,Accepted: source text explicitly names this exact controlled GHGP/PCAF standard or guidance.,Keep in the accepted GHGP fine-series graph with page/source evidence.
GHG-SERIES-ACCEPTED-0203,world500_ghg_series_acceptance_ledger.json,accepted,accepted_explicit_named_series_edge,r367_canadianimperialbankofcommerce,CANADIAN IMPERIAL BANK OF COMMERCE,367,ghg_scope3_standard,GHG Protocol Corporate Value Chain (Scope 3) Accounting and Reporting Standard,P0_acceptance_graph,explicit_series_citation,source_text_explicitly_names_this_ghg_protocol_series,100 | 101 | 102,CANADIAN IMPERIAL BANK OF COMMERCE-sustainability-report-2024-en.pdf,Accepted: source text explicitly names this exact controlled GHGP/PCAF standard or guidance.,Keep in the accepted GHGP fine-series graph with page/source evidence.
GHG-SERIES-ACCEPTED-0204,world500_ghg_series_acceptance_ledger.json,accepted,accepted_explicit_named_series_edge,r368_lyondellbasellindustries,LYONDELLBASELL INDUSTRIES,368,ghg_scope3_calculation_guidance,GHG Protocol Scope 3 Calculation Guidance,P0_acceptance_graph,explicit_series_citation,source_text_explicitly_names_this_ghg_protocol_series,3 | 127,2024-LYONDELLBASELL INDUSTRIES-sustainability-report.pdf,Accepted: source text explicitly names this exact controlled GHGP/PCAF standard or guidance.,Keep in the accepted GHGP fine-series graph with page/source evidence.
GHG-SERIES-ACCEPTED-0205,world500_ghg_series_acceptance_ledger.json,accepted,accepted_explicit_named_series_edge,r376_abbottlaboratories,ABBOTT LABORATORIES,376,ghg_scope3_standard,GHG Protocol Corporate Value Chain (Scope 3) Accounting and Reporting Standard,P0_acceptance_graph,explicit_series_citation,source_text_explicitly_names_this_ghg_protocol_series,30 | 47 | 65,Abbott-2024-Global-Sustainability-Report-June-2025.pdf,Accepted: source text explicitly names this exact controlled GHGP/PCAF standard or guidance.,Keep in the accepted GHGP fine-series graph with page/source evidence.
GHG-SERIES-ACCEPTED-0206,world500_ghg_series_acceptance_ledger.json,accepted,accepted_explicit_named_series_edge,r387_schneiderelectric,SCHNEIDER ELECTRIC,387,ghg_corporate_standard,GHG Protocol Corporate Accounting and Reporting Standard,P0_acceptance_graph,explicit_series_citation,source_text_explicitly_names_this_ghg_protocol_series,14 | 32,2024-SCHNEIDER ELECTRIC-sustainability-report_tcm564-513141.pdf,Accepted: source text explicitly names this exact controlled GHGP/PCAF standard or guidance.,Keep in the accepted GHGP fine-series graph with page/source evidence.
GHG-SERIES-ACCEPTED-0207,world500_ghg_series_acceptance_ledger.json,accepted,accepted_explicit_named_series_edge,r387_schneiderelectric,SCHNEIDER ELECTRIC,387,ghg_scope2_guidance,GHG Protocol Scope 2 Guidance,P0_acceptance_graph,explicit_series_citation,source_text_explicitly_names_this_ghg_protocol_series,14 | 142,2024-SCHNEIDER ELECTRIC-sustainability-report_tcm564-513141.pdf,Accepted: source text explicitly names this exact controlled GHGP/PCAF standard or guidance.,Keep in the accepted GHGP fine-series graph with page/source evidence.
GHG-SERIES-ACCEPTED-0208,world500_ghg_series_acceptance_ledger.json,accepted,accepted_explicit_named_series_edge,r387_schneiderelectric,SCHNEIDER ELECTRIC,387,ghg_scope3_standard,GHG Protocol Corporate Value Chain (Scope 3) Accounting and Reporting Standard,P0_acceptance_graph,explicit_series_citation,source_text_explicitly_names_this_ghg_protocol_series,14 | 32,2024-SCHNEIDER ELECTRIC-sustainability-report_tcm564-513141.pdf,Accepted: source text explicitly names this exact controlled GHGP/PCAF standard or guidance.,Keep in the accepted GHGP fine-series graph with page/source evidence.
GHG-SERIES-ACCEPTED-0209,world500_ghg_series_acceptance_ledger.json,accepted,accepted_explicit_named_series_edge,r388_northwesternmutual,NORTHWESTERN MUTUAL,388,ghg_corporate_standard,GHG Protocol Corporate Accounting and Reporting Standard,P0_acceptance_graph,explicit_series_citation,source_text_explicitly_names_this_ghg_protocol_series,45 | 61,2024-NORTHWESTERN MUTUAL-sustainability-and-impact-report.pdf,Accepted: source text explicitly names this exact controlled GHGP/PCAF standard or guidance.,Keep in the accepted GHGP fine-series graph with page/source evidence.
GHG-SERIES-ACCEPTED-0210,world500_ghg_series_acceptance_ledger.json,accepted,accepted_explicit_named_series_edge,r396_standardchartered,STANDARD CHARTERED,396,ghg_financial_industry_standard,Global GHG Accounting and Reporting Standard for the Financial Industry,P0_acceptance_graph,explicit_series_citation,source_text_explicitly_names_this_ghg_protocol_series,30,2024 STANDARD CHARTERED sustainable-finance-impact-report.pdf,Accepted: source text explicitly names this exact controlled GHGP/PCAF standard or guidance.,Keep in the accepted GHGP fine-series graph with page/source evidence.
GHG-SERIES-ACCEPTED-0211,world500_ghg_series_acceptance_ledger.json,accepted,accepted_explicit_named_series_edge,r397_xiaomi,XIAOMI,397,ghg_corporate_standard,GHG Protocol Corporate Accounting and Reporting Standard,P0_acceptance_graph,explicit_series_citation,source_text_explicitly_names_this_ghg_protocol_series,37 | 85 | 88,"Xiaomi 2023 Environmental, Social, and Governance Report.pdf",Accepted: source text explicitly names this exact controlled GHGP/PCAF standard or guidance.,Keep in the accepted GHGP fine-series graph with page/source evidence.
GHG-SERIES-ACCEPTED-0212,world500_ghg_series_acceptance_ledger.json,accepted,accepted_explicit_named_series_edge,r401_suncorenergy,SUNCOR ENERGY,401,ghg_corporate_standard,GHG Protocol Corporate Accounting and Reporting Standard,P0_acceptance_graph,explicit_series_citation,source_text_explicitly_names_this_ghg_protocol_series,68 | 83 | 91,2023_SUNCOR ENERGY_sustainability_report.pdf,Accepted: source text explicitly names this exact controlled GHGP/PCAF standard or guidance.,Keep in the accepted GHGP fine-series graph with page/source evidence.
GHG-SERIES-ACCEPTED-0213,world500_ghg_series_acceptance_ledger.json,accepted,accepted_explicit_named_series_edge,r401_suncorenergy,SUNCOR ENERGY,401,ghg_scope2_guidance,GHG Protocol Scope 2 Guidance,P0_acceptance_graph,explicit_series_citation,source_text_explicitly_names_this_ghg_protocol_series,91 | 68,2023_SUNCOR ENERGY_sustainability_report.pdf,Accepted: source text explicitly names this exact controlled GHGP/PCAF standard or guidance.,Keep in the accepted GHGP fine-series graph with page/source evidence.
GHG-SERIES-ACCEPTED-0214,world500_ghg_series_acceptance_ledger.json,accepted,accepted_explicit_named_series_edge,r403_ubertechnologies公司,Uber Technologies,403,ghg_scope2_guidance,GHG Protocol Scope 2 Guidance,P0_acceptance_graph,explicit_series_citation,source_text_explicitly_names_this_ghg_protocol_series,48 | 55 | 56,uber-technologies-inc-2023-esg-report.pdf,Accepted: source text explicitly names this exact controlled GHGP/PCAF standard or guidance.,Keep in the accepted GHGP fine-series graph with page/source evidence.
GHG-SERIES-ACCEPTED-0215,world500_ghg_series_acceptance_ledger.json,accepted,accepted_explicit_named_series_edge,r421_jardinematheson,JARDINE MATHESON,421,ghg_corporate_standard,GHG Protocol Corporate Accounting and Reporting Standard,P0_acceptance_graph,explicit_series_citation,source_text_explicitly_names_this_ghg_protocol_series,29 | 93,2024_JARDINE MATHESON_sustainability_report.pdf,Accepted: source text explicitly names this exact controlled GHGP/PCAF standard or guidance.,Keep in the accepted GHGP fine-series graph with page/source evidence.
GHG-SERIES-ACCEPTED-0216,world500_ghg_series_acceptance_ledger.json,accepted,accepted_explicit_named_series_edge,r422_mondelezinternational,MONDELEZ INTERNATIONAL,422,ghg_corporate_standard,GHG Protocol Corporate Accounting and Reporting Standard,P0_acceptance_graph,explicit_series_citation,source_text_explicitly_names_this_ghg_protocol_series,20 | 58,2024-MONDELEZ INTERNATIONAL-Snacking-Made-Right-ESG-Report.pdf,Accepted: source text explicitly names this exact controlled GHGP/PCAF standard or guidance.,Keep in the accepted GHGP fine-series graph with page/source evidence.
GHG-SERIES-ACCEPTED-0217,world500_ghg_series_acceptance_ledger.json,accepted,accepted_explicit_named_series_edge,r426_qualcomm,QUALCOMM,426,ghg_corporate_standard,GHG Protocol Corporate Accounting and Reporting Standard,P0_acceptance_graph,explicit_series_citation,source_text_explicitly_names_this_ghg_protocol_series,50 | 51,2024-qualcomm-corporate-responsibility-report.pdf,Accepted: source text explicitly names this exact controlled GHGP/PCAF standard or guidance.,Keep in the accepted GHGP fine-series graph with page/source evidence.
GHG-SERIES-ACCEPTED-0218,world500_ghg_series_acceptance_ledger.json,accepted,accepted_explicit_named_series_edge,r427_broadcom,BROADCOM,427,ghg_corporate_standard,GHG Protocol Corporate Accounting and Reporting Standard,P0_acceptance_graph,explicit_series_citation,source_text_explicitly_names_this_ghg_protocol_series,2 | 61,broadcom-2024-corpresponsibility-final.pdf,Accepted: source text explicitly names this exact controlled GHGP/PCAF standard or guidance.,Keep in the accepted GHGP fine-series graph with page/source evidence.
GHG-SERIES-ACCEPTED-0219,world500_ghg_series_acceptance_ledger.json,accepted,accepted_explicit_named_series_edge,r427_broadcom,BROADCOM,427,ghg_scope2_guidance,GHG Protocol Scope 2 Guidance,P0_acceptance_graph,explicit_series_citation,source_text_explicitly_names_this_ghg_protocol_series,2 | 61 | 62,broadcom-2024-corpresponsibility-final.pdf,Accepted: source text explicitly names this exact controlled GHGP/PCAF standard or guidance.,Keep in the accepted GHGP fine-series graph with page/source evidence.
GHG-SERIES-ACCEPTED-0220,world500_ghg_series_acceptance_ledger.json,accepted,accepted_explicit_named_series_edge,r427_broadcom,BROADCOM,427,ghg_scope3_calculation_guidance,GHG Protocol Scope 3 Calculation Guidance,P0_acceptance_graph,explicit_series_citation,source_text_explicitly_names_this_ghg_protocol_series,2 | 61,broadcom-2024-corpresponsibility-final.pdf,Accepted: source text explicitly names this exact controlled GHGP/PCAF standard or guidance.,Keep in the accepted GHGP fine-series graph with page/source evidence.
GHG-SERIES-ACCEPTED-0221,world500_ghg_series_acceptance_ledger.json,accepted,accepted_explicit_named_series_edge,r443_crh公司,CRH,443,ghg_corporate_standard,GHG Protocol Corporate Accounting and Reporting Standard,P0_acceptance_graph,explicit_series_citation,source_text_explicitly_names_this_ghg_protocol_series,105,crh-2024-sustainability-performance-report_final_interactive-1.pdf,Accepted: source text explicitly names this exact controlled GHGP/PCAF standard or guidance.,Keep in the accepted GHGP fine-series graph with page/source evidence.
GHG-SERIES-ACCEPTED-0222,world500_ghg_series_acceptance_ledger.json,accepted,accepted_explicit_named_series_edge,r445_salesforce,SALESFORCE,445,ghg_corporate_standard,GHG Protocol Corporate Accounting and Reporting Standard,P0_acceptance_graph,explicit_series_citation,source_text_explicitly_names_this_ghg_protocol_series,25 | 95,salesforce-fy24-stakeholder-impact-report.pdf,Accepted: source text explicitly names this exact controlled GHGP/PCAF standard or guidance.,Keep in the accepted GHGP fine-series graph with page/source evidence.
GHG-SERIES-ACCEPTED-0223,world500_ghg_series_acceptance_ledger.json,accepted,accepted_explicit_named_series_edge,r445_salesforce,SALESFORCE,445,ghg_financial_industry_standard,Global GHG Accounting and Reporting Standard for the Financial Industry,P0_acceptance_graph,explicit_series_citation,source_text_explicitly_names_this_ghg_protocol_series,105,salesforce-fy24-stakeholder-impact-report.pdf,Accepted: source text explicitly names this exact controlled GHGP/PCAF standard or guidance.,Keep in the accepted GHGP fine-series graph with page/source evidence.
GHG-SERIES-ACCEPTED-0224,world500_ghg_series_acceptance_ledger.json,accepted,accepted_explicit_named_series_edge,r445_salesforce,SALESFORCE,445,ghg_scope2_guidance,GHG Protocol Scope 2 Guidance,P0_acceptance_graph,explicit_series_citation,source_text_explicitly_names_this_ghg_protocol_series,25 | 95 | 102,salesforce-fy24-stakeholder-impact-report.pdf,Accepted: source text explicitly names this exact controlled GHGP/PCAF standard or guidance.,Keep in the accepted GHGP fine-series graph with page/source evidence.
GHG-SERIES-ACCEPTED-0225,world500_ghg_series_acceptance_ledger.json,accepted,accepted_explicit_named_series_edge,r445_salesforce,SALESFORCE,445,ghg_scope3_calculation_guidance,GHG Protocol Scope 3 Calculation Guidance,P0_acceptance_graph,explicit_series_citation,source_text_explicitly_names_this_ghg_protocol_series,105 | 25 | 88 | 92 | 97,salesforce-fy24-stakeholder-impact-report.pdf,Accepted: source text explicitly names this exact controlled GHGP/PCAF standard or guidance.,Keep in the accepted GHGP fine-series graph with page/source evidence.
GHG-SERIES-ACCEPTED-0226,world500_ghg_series_acceptance_ledger.json,accepted,accepted_explicit_named_series_edge,r445_salesforce,SALESFORCE,445,ghg_scope3_standard,GHG Protocol Corporate Value Chain (Scope 3) Accounting and Reporting Standard,P0_acceptance_graph,explicit_series_citation,source_text_explicitly_names_this_ghg_protocol_series,25 | 95 | 92 | 96,salesforce-fy24-stakeholder-impact-report.pdf,Accepted: source text explicitly names this exact controlled GHGP/PCAF standard or guidance.,Keep in the accepted GHGP fine-series graph with page/source evidence.
GHG-SERIES-ACCEPTED-0227,world500_ghg_series_acceptance_ledger.json,accepted,accepted_explicit_named_series_edge,r446_aiagroup,AIA GROUP,446,ghg_corporate_standard,GHG Protocol Corporate Accounting and Reporting Standard,P0_acceptance_graph,explicit_series_citation,source_text_explicitly_names_this_ghg_protocol_series,58,AIA GROUP-Main-ESG-Report_CH.pdf,Accepted: source text explicitly names this exact controlled GHGP/PCAF standard or guidance.,Keep in the accepted GHGP fine-series graph with page/source evidence.
GHG-SERIES-ACCEPTED-0228,world500_ghg_series_acceptance_ledger.json,accepted,accepted_explicit_named_series_edge,r449_nationalaustraliabank,NATIONAL AUSTRALIA BANK,449,ghg_corporate_standard,GHG Protocol Corporate Accounting and Reporting Standard,P0_acceptance_graph,explicit_series_citation,source_text_explicitly_names_this_ghg_protocol_series,66 | 97,2024-NATIONAL AUSTRALIA BANK-climate-report.pdf,Accepted: source text explicitly names this exact controlled GHGP/PCAF standard or guidance.,Keep in the accepted GHGP fine-series graph with page/source evidence.
GHG-SERIES-ACCEPTED-0229,world500_ghg_series_acceptance_ledger.json,accepted,accepted_explicit_named_series_edge,r449_nationalaustraliabank,NATIONAL AUSTRALIA BANK,449,ghg_financial_industry_standard,Global GHG Accounting and Reporting Standard for the Financial Industry,P0_acceptance_graph,explicit_series_citation,source_text_explicitly_names_this_ghg_protocol_series,49 | 51 | 52,2024-NATIONAL AUSTRALIA BANK-climate-report.pdf,Accepted: source text explicitly names this exact controlled GHGP/PCAF standard or guidance.,Keep in the accepted GHGP fine-series graph with page/source evidence.
GHG-SERIES-ACCEPTED-0230,world500_ghg_series_acceptance_ledger.json,accepted,accepted_explicit_named_series_edge,r449_nationalaustraliabank,NATIONAL AUSTRALIA BANK,449,ghg_scope3_standard,GHG Protocol Corporate Value Chain (Scope 3) Accounting and Reporting Standard,P0_acceptance_graph,explicit_series_citation,source_text_explicitly_names_this_ghg_protocol_series,66,2024-NATIONAL AUSTRALIA BANK-climate-report.pdf,Accepted: source text explicitly names this exact controlled GHGP/PCAF standard or guidance.,Keep in the accepted GHGP fine-series graph with page/source evidence.
GHG-SERIES-ACCEPTED-0231,world500_ghg_series_acceptance_ledger.json,accepted,accepted_explicit_named_series_edge,r450_sap公司,SAP,450,ghg_corporate_standard,GHG Protocol Corporate Accounting and Reporting Standard,P0_acceptance_graph,explicit_series_citation,source_text_explicitly_names_this_ghg_protocol_series,2 | 152,SAP integrated_report2024.pdf,Accepted: source text explicitly names this exact controlled GHGP/PCAF standard or guidance.,Keep in the accepted GHGP fine-series graph with page/source evidence.
GHG-SERIES-ACCEPTED-0232,world500_ghg_series_acceptance_ledger.json,accepted,accepted_explicit_named_series_edge,r450_sap公司,SAP,450,ghg_scope2_guidance,GHG Protocol Scope 2 Guidance,P0_acceptance_graph,explicit_series_citation,source_text_explicitly_names_this_ghg_protocol_series,2 | 152 | 164,SAP integrated_report2024.pdf,Accepted: source text explicitly names this exact controlled GHGP/PCAF standard or guidance.,Keep in the accepted GHGP fine-series graph with page/source evidence.
GHG-SERIES-ACCEPTED-0233,world500_ghg_series_acceptance_ledger.json,accepted,accepted_explicit_named_series_edge,r450_sap公司,SAP,450,ghg_scope3_standard,GHG Protocol Corporate Value Chain (Scope 3) Accounting and Reporting Standard,P0_acceptance_graph,explicit_series_citation,source_text_explicitly_names_this_ghg_protocol_series,2 | 152,SAP integrated_report2024.pdf,Accepted: source text explicitly names this exact controlled GHGP/PCAF standard or guidance.,Keep in the accepted GHGP fine-series graph with page/source evidence.
GHG-SERIES-ACCEPTED-0234,world500_ghg_series_acceptance_ledger.json,accepted,accepted_explicit_named_series_edge,r454_sompoholdings,SOMPO HOLDINGS,454,ghg_financial_industry_standard,Global GHG Accounting and Reporting Standard for the Financial Industry,P0_acceptance_graph,explicit_series_citation,source_text_explicitly_names_this_ghg_protocol_series,40 | 51 | 146,2024_SOMPO HOLDINGS_sustainability_report.pdf,Accepted: source text explicitly names this exact controlled GHGP/PCAF standard or guidance.,Keep in the accepted GHGP fine-series graph with page/source evidence.
GHG-SERIES-ACCEPTED-0235,world500_ghg_series_acceptance_ledger.json,accepted,accepted_explicit_named_series_edge,r455_elililly,ELI LILLY,455,ghg_corporate_standard,GHG Protocol Corporate Accounting and Reporting Standard,P0_acceptance_graph,explicit_series_citation,source_text_explicitly_names_this_ghg_protocol_series,15,2024_ELI LILLY-SustainabilityReport-20251020_FINAL.pdf,Accepted: source text explicitly names this exact controlled GHGP/PCAF standard or guidance.,Keep in the accepted GHGP fine-series graph with page/source evidence.
GHG-SERIES-ACCEPTED-0236,world500_ghg_series_acceptance_ledger.json,accepted,accepted_explicit_named_series_edge,r459_cummins,CUMMINS,459,ghg_corporate_standard,GHG Protocol Corporate Accounting and Reporting Standard,P0_acceptance_graph,explicit_series_citation,source_text_explicitly_names_this_ghg_protocol_series,5 | 17,2024-25-cummins-sustainability-progress-report.pdf,Accepted: source text explicitly names this exact controlled GHGP/PCAF standard or guidance.,Keep in the accepted GHGP fine-series graph with page/source evidence.
GHG-SERIES-ACCEPTED-0237,world500_ghg_series_acceptance_ledger.json,accepted,accepted_explicit_named_series_edge,r461_rabobankgroup,RABOBANK GROUP,461,ghg_financial_industry_standard,Global GHG Accounting and Reporting Standard for the Financial Industry,P0_acceptance_graph,explicit_series_citation,source_text_explicitly_names_this_ghg_protocol_series,41 | 74,rabobank_impact_report_2024.pdf,Accepted: source text explicitly names this exact controlled GHGP/PCAF standard or guidance.,Keep in the accepted GHGP fine-series graph with page/source evidence.
GHG-SERIES-ACCEPTED-0238,world500_ghg_series_acceptance_ledger.json,accepted,accepted_explicit_named_series_edge,r464_britishamericantobacco,BRITISH AMERICAN TOBACCO,464,ghg_corporate_standard,GHG Protocol Corporate Accounting and Reporting Standard,P0_acceptance_graph,explicit_series_citation,source_text_explicitly_names_this_ghg_protocol_series,140,BRITISH AMERICAN TOBACCO_Annual_Report_on_Form_20-F_2024.pdf,Accepted: source text explicitly names this exact controlled GHGP/PCAF standard or guidance.,Keep in the accepted GHGP fine-series graph with page/source evidence.
GHG-SERIES-ACCEPTED-0239,world500_ghg_series_acceptance_ledger.json,accepted,accepted_explicit_named_series_edge,r464_britishamericantobacco,BRITISH AMERICAN TOBACCO,464,ghg_scope2_guidance,GHG Protocol Scope 2 Guidance,P0_acceptance_graph,explicit_series_citation,source_text_explicitly_names_this_ghg_protocol_series,140,BRITISH AMERICAN TOBACCO_Annual_Report_on_Form_20-F_2024.pdf,Accepted: source text explicitly names this exact controlled GHGP/PCAF standard or guidance.,Keep in the accepted GHGP fine-series graph with page/source evidence.
GHG-SERIES-ACCEPTED-0240,world500_ghg_series_acceptance_ledger.json,accepted,accepted_explicit_named_series_edge,r464_britishamericantobacco,BRITISH AMERICAN TOBACCO,464,ghg_scope3_standard,GHG Protocol Corporate Value Chain (Scope 3) Accounting and Reporting Standard,P0_acceptance_graph,explicit_series_citation,source_text_explicitly_names_this_ghg_protocol_series,140,BRITISH AMERICAN TOBACCO_Annual_Report_on_Form_20-F_2024.pdf,Accepted: source text explicitly names this exact controlled GHGP/PCAF standard or guidance.,Keep in the accepted GHGP fine-series graph with page/source evidence.
GHG-SERIES-ACCEPTED-0241,world500_ghg_series_acceptance_ledger.json,accepted,accepted_explicit_named_series_edge,r466_bankofnewyorkmellon,BANK OF NEW YORK MELLON,466,ghg_corporate_standard,GHG Protocol Corporate Accounting and Reporting Standard,P0_acceptance_graph,explicit_series_citation,source_text_explicitly_names_this_ghg_protocol_series,129 | 66 | 130,2023-BANK OF NEW YORK MELLON sustainability-report.pdf,Accepted: source text explicitly names this exact controlled GHGP/PCAF standard or guidance.,Keep in the accepted GHGP fine-series graph with page/source evidence.
GHG-SERIES-ACCEPTED-0242,world500_ghg_series_acceptance_ledger.json,accepted,accepted_explicit_named_series_edge,r466_bankofnewyorkmellon,BANK OF NEW YORK MELLON,466,ghg_financial_industry_standard,Global GHG Accounting and Reporting Standard for the Financial Industry,P0_acceptance_graph,explicit_series_citation,source_text_explicitly_names_this_ghg_protocol_series,66 | 67 | 68,2023-BANK OF NEW YORK MELLON sustainability-report.pdf,Accepted: source text explicitly names this exact controlled GHGP/PCAF standard or guidance.,Keep in the accepted GHGP fine-series graph with page/source evidence.
GHG-SERIES-ACCEPTED-0243,world500_ghg_series_acceptance_ledger.json,accepted,accepted_explicit_named_series_edge,r466_bankofnewyorkmellon,BANK OF NEW YORK MELLON,466,ghg_scope2_guidance,GHG Protocol Scope 2 Guidance,P0_acceptance_graph,explicit_series_citation,source_text_explicitly_names_this_ghg_protocol_series,129 | 66,2023-BANK OF NEW YORK MELLON sustainability-report.pdf,Accepted: source text explicitly names this exact controlled GHGP/PCAF standard or guidance.,Keep in the accepted GHGP fine-series graph with page/source evidence.
GHG-SERIES-ACCEPTED-0244,world500_ghg_series_acceptance_ledger.json,accepted,accepted_explicit_named_series_edge,r466_bankofnewyorkmellon,BANK OF NEW YORK MELLON,466,ghg_scope3_standard,GHG Protocol Corporate Value Chain (Scope 3) Accounting and Reporting Standard,P0_acceptance_graph,explicit_series_citation,source_text_explicitly_names_this_ghg_protocol_series,129 | 130 | 66,2023-BANK OF NEW YORK MELLON sustainability-report.pdf,Accepted: source text explicitly names this exact controlled GHGP/PCAF standard or guidance.,Keep in the accepted GHGP fine-series graph with page/source evidence.
GHG-SERIES-ACCEPTED-0245,world500_ghg_series_acceptance_ledger.json,accepted,accepted_explicit_named_series_edge,r468_netflix公司,Netflix,468,ghg_corporate_standard,GHG Protocol Corporate Accounting and Reporting Standard,P0_acceptance_graph,explicit_series_citation,source_text_explicitly_names_this_ghg_protocol_series,5 | 43,2024-Netflix-Environmental-Social-Governance-Report.pdf,Accepted: source text explicitly names this exact controlled GHGP/PCAF standard or guidance.,Keep in the accepted GHGP fine-series graph with page/source evidence.
GHG-SERIES-ACCEPTED-0246,world500_ghg_series_acceptance_ledger.json,accepted,accepted_explicit_named_series_edge,r468_netflix公司,Netflix,468,ghg_project_protocol,GHG Protocol Project Protocol,P0_acceptance_graph,explicit_series_citation,source_text_explicitly_names_this_ghg_protocol_series,5 | 44,2024-Netflix-Environmental-Social-Governance-Report.pdf,Accepted: source text explicitly names this exact controlled GHGP/PCAF standard or guidance.,Keep in the accepted GHGP fine-series graph with page/source evidence.
GHG-SERIES-ACCEPTED-0247,world500_ghg_series_acceptance_ledger.json,accepted,accepted_explicit_named_series_edge,r468_netflix公司,Netflix,468,ghg_scope2_guidance,GHG Protocol Scope 2 Guidance,P0_acceptance_graph,explicit_series_citation,source_text_explicitly_names_this_ghg_protocol_series,5 | 43,2024-Netflix-Environmental-Social-Governance-Report.pdf,Accepted: source text explicitly names this exact controlled GHGP/PCAF standard or guidance.,Keep in the accepted GHGP fine-series graph with page/source evidence.
GHG-SERIES-ACCEPTED-0248,world500_ghg_series_acceptance_ledger.json,accepted,accepted_explicit_named_series_edge,r468_netflix公司,Netflix,468,ghg_scope3_calculation_guidance,GHG Protocol Scope 3 Calculation Guidance,P0_acceptance_graph,explicit_series_citation,source_text_explicitly_names_this_ghg_protocol_series,5 | 43,2024-Netflix-Environmental-Social-Governance-Report.pdf,Accepted: source text explicitly names this exact controlled GHGP/PCAF standard or guidance.,Keep in the accepted GHGP fine-series graph with page/source evidence.
GHG-SERIES-ACCEPTED-0249,world500_ghg_series_acceptance_ledger.json,accepted,accepted_explicit_named_series_edge,r468_netflix公司,Netflix,468,ghg_scope3_standard,GHG Protocol Corporate Value Chain (Scope 3) Accounting and Reporting Standard,P0_acceptance_graph,explicit_series_citation,source_text_explicitly_names_this_ghg_protocol_series,5 | 43,2024-Netflix-Environmental-Social-Governance-Report.pdf,Accepted: source text explicitly names this exact controlled GHGP/PCAF standard or guidance.,Keep in the accepted GHGP fine-series graph with page/source evidence.
GHG-SERIES-ACCEPTED-0250,world500_ghg_series_acceptance_ledger.json,accepted,accepted_explicit_named_series_edge,r479_schlumberger,SCHLUMBERGER,479,ghg_corporate_standard,GHG Protocol Corporate Accounting and Reporting Standard,P0_acceptance_graph,explicit_series_citation,source_text_explicitly_names_this_ghg_protocol_series,51,SCHLUMBERGER-sustainability-report-2024.pdf,Accepted: source text explicitly names this exact controlled GHGP/PCAF standard or guidance.,Keep in the accepted GHGP fine-series graph with page/source evidence.
GHG-SERIES-ACCEPTED-0251,world500_ghg_series_acceptance_ledger.json,accepted,accepted_explicit_named_series_edge,r484_commonwealthbankofaustralia,COMMONWEALTH BANK OF AUSTRALIA,484,ghg_corporate_standard,GHG Protocol Corporate Accounting and Reporting Standard,P0_acceptance_graph,explicit_series_citation,source_text_explicitly_names_this_ghg_protocol_series,57 | 60 | 21,COMMONWEALTH BANK OF AUSTRALIA-2024-Climate-Report.pdf,Accepted: source text explicitly names this exact controlled GHGP/PCAF standard or guidance.,Keep in the accepted GHGP fine-series graph with page/source evidence.
GHG-SERIES-ACCEPTED-0252,world500_ghg_series_acceptance_ledger.json,accepted,accepted_explicit_named_series_edge,r484_commonwealthbankofaustralia,COMMONWEALTH BANK OF AUSTRALIA,484,ghg_financial_industry_standard,Global GHG Accounting and Reporting Standard for the Financial Industry,P0_acceptance_graph,explicit_series_citation,source_text_explicitly_names_this_ghg_protocol_series,21 | 3 | 5 | 7,COMMONWEALTH BANK OF AUSTRALIA-2024-Climate-Report.pdf,Accepted: source text explicitly names this exact controlled GHGP/PCAF standard or guidance.,Keep in the accepted GHGP fine-series graph with page/source evidence.
GHG-SERIES-ACCEPTED-0253,world500_ghg_series_acceptance_ledger.json,accepted,accepted_explicit_named_series_edge,r484_commonwealthbankofaustralia,COMMONWEALTH BANK OF AUSTRALIA,484,ghg_scope3_standard,GHG Protocol Corporate Value Chain (Scope 3) Accounting and Reporting Standard,P0_acceptance_graph,explicit_series_citation,source_text_explicitly_names_this_ghg_protocol_series,57 | 41,COMMONWEALTH BANK OF AUSTRALIA-2024-Climate-Report.pdf,Accepted: source text explicitly names this exact controlled GHGP/PCAF standard or guidance.,Keep in the accepted GHGP fine-series graph with page/source evidence.
GHG-SERIES-ACCEPTED-0254,world500_ghg_series_acceptance_ledger.json,accepted,accepted_explicit_named_series_edge,r486_linde,LINDE,486,ghg_corporate_standard,GHG Protocol Corporate Accounting and Reporting Standard,P0_acceptance_graph,explicit_series_citation,source_text_explicitly_names_this_ghg_protocol_series,58,2024-LINDE-sustainable-development-report.pdf,Accepted: source text explicitly names this exact controlled GHGP/PCAF standard or guidance.,Keep in the accepted GHGP fine-series graph with page/source evidence.
GHG-SERIES-ACCEPTED-0255,world500_ghg_series_acceptance_ledger.json,accepted,accepted_explicit_named_series_edge,r486_linde,LINDE,486,ghg_scope3_standard,GHG Protocol Corporate Value Chain (Scope 3) Accounting and Reporting Standard,P0_acceptance_graph,explicit_series_citation,source_text_explicitly_names_this_ghg_protocol_series,60 | 58,2024-LINDE-sustainable-development-report.pdf,Accepted: source text explicitly names this exact controlled GHGP/PCAF standard or guidance.,Keep in the accepted GHGP fine-series graph with page/source evidence.
GHG-SERIES-ACCEPTED-0256,world500_ghg_series_acceptance_ledger.json,accepted,accepted_explicit_named_series_edge,r487_heineken,HEINEKEN,487,ghg_corporate_standard,GHG Protocol Corporate Accounting and Reporting Standard,P0_acceptance_graph,explicit_series_citation,source_text_explicitly_names_this_ghg_protocol_series,172 | 251,heineken_n_v_annual_report_2024_final_20feb2025.pdf,Accepted: source text explicitly names this exact controlled GHGP/PCAF standard or guidance.,Keep in the accepted GHGP fine-series graph with page/source evidence.
GHG-SERIES-ACCEPTED-0257,world500_ghg_series_acceptance_ledger.json,accepted,accepted_explicit_named_series_edge,r487_heineken,HEINEKEN,487,ghg_scope2_guidance,GHG Protocol Scope 2 Guidance,P0_acceptance_graph,explicit_series_citation,source_text_explicitly_names_this_ghg_protocol_series,172 | 251,heineken_n_v_annual_report_2024_final_20feb2025.pdf,Accepted: source text explicitly names this exact controlled GHGP/PCAF standard or guidance.,Keep in the accepted GHGP fine-series graph with page/source evidence.
GHG-SERIES-ACCEPTED-0258,world500_ghg_series_acceptance_ledger.json,accepted,accepted_explicit_named_series_edge,r487_heineken,HEINEKEN,487,ghg_scope3_standard,GHG Protocol Corporate Value Chain (Scope 3) Accounting and Reporting Standard,P0_acceptance_graph,explicit_series_citation,source_text_explicitly_names_this_ghg_protocol_series,172 | 253,heineken_n_v_annual_report_2024_final_20feb2025.pdf,Accepted: source text explicitly names this exact controlled GHGP/PCAF standard or guidance.,Keep in the accepted GHGP fine-series graph with page/source evidence.
GHG-SERIES-ACCEPTED-0259,world500_ghg_series_acceptance_ledger.json,accepted,accepted_explicit_named_series_edge,r489_3m公司,3M,489,ghg_corporate_standard,GHG Protocol Corporate Accounting and Reporting Standard,P0_acceptance_graph,explicit_series_citation,source_text_explicitly_names_this_ghg_protocol_series,44 | 27,3m-2025-global-impact-report.pdf,Accepted: source text explicitly names this exact controlled GHGP/PCAF standard or guidance.,Keep in the accepted GHGP fine-series graph with page/source evidence.
GHG-SERIES-ACCEPTED-0260,world500_ghg_series_acceptance_ledger.json,accepted,accepted_explicit_named_series_edge,r489_3m公司,3M,489,ghg_scope3_standard,GHG Protocol Corporate Value Chain (Scope 3) Accounting and Reporting Standard,P0_acceptance_graph,explicit_series_citation,source_text_explicitly_names_this_ghg_protocol_series,27,3m-2025-global-impact-report.pdf,Accepted: source text explicitly names this exact controlled GHGP/PCAF standard or guidance.,Keep in the accepted GHGP fine-series graph with page/source evidence.
GHG-SERIES-ACCEPTED-0261,world500_ghg_series_acceptance_ledger.json,accepted,accepted_explicit_named_series_edge,r491_apolloglobalmanagement,APOLLO GLOBAL MANAGEMENT,491,ghg_corporate_standard,GHG Protocol Corporate Accounting and Reporting Standard,P0_acceptance_graph,explicit_series_citation,source_text_explicitly_names_this_ghg_protocol_series,31 | 32 | 65,apollo-2024-sustainability-report-june-2025.pdf,Accepted: source text explicitly names this exact controlled GHGP/PCAF standard or guidance.,Keep in the accepted GHGP fine-series graph with page/source evidence.
GHG-SERIES-ACCEPTED-0262,world500_ghg_series_acceptance_ledger.json,accepted,accepted_explicit_named_series_edge,r491_apolloglobalmanagement,APOLLO GLOBAL MANAGEMENT,491,ghg_financial_industry_standard,Global GHG Accounting and Reporting Standard for the Financial Industry,P0_acceptance_graph,explicit_series_citation,source_text_explicitly_names_this_ghg_protocol_series,111,apollo-2024-sustainability-report-june-2025.pdf,Accepted: source text explicitly names this exact controlled GHGP/PCAF standard or guidance.,Keep in the accepted GHGP fine-series graph with page/source evidence.
GHG-SERIES-ACCEPTED-0263,world500_ghg_series_acceptance_ledger.json,accepted,accepted_explicit_named_series_edge,r492_emiratesgroup,EMIRATES GROUP,492,ghg_corporate_standard,GHG Protocol Corporate Accounting and Reporting Standard,P0_acceptance_graph,explicit_series_citation,source_text_explicitly_names_this_ghg_protocol_series,71 | 73,2023-2024-EMIRATES GROUP-annual-report.pdf,Accepted: source text explicitly names this exact controlled GHGP/PCAF standard or guidance.,Keep in the accepted GHGP fine-series graph with page/source evidence.
GHG-SERIES-ACCEPTED-0264,world500_ghg_series_acceptance_ledger.json,accepted,accepted_explicit_named_series_edge,r492_emiratesgroup,EMIRATES GROUP,492,ghg_scope3_standard,GHG Protocol Corporate Value Chain (Scope 3) Accounting and Reporting Standard,P0_acceptance_graph,explicit_series_citation,source_text_explicitly_names_this_ghg_protocol_series,71 | 73,2023-2024-EMIRATES GROUP-annual-report.pdf,Accepted: source text explicitly names this exact controlled GHGP/PCAF standard or guidance.,Keep in the accepted GHGP fine-series graph with page/source evidence.
GHG-SERIES-ACCEPTED-0265,world500_ghg_series_acceptance_ledger.json,accepted,accepted_explicit_named_series_edge,r498_瑞士abb集团,ABB,498,ghg_corporate_standard,GHG Protocol Corporate Accounting and Reporting Standard,P0_acceptance_graph,explicit_series_citation,source_text_explicitly_names_this_ghg_protocol_series,39 | 37,ABB Sustainability Statement 2024.pdf,Accepted: source text explicitly names this exact controlled GHGP/PCAF standard or guidance.,Keep in the accepted GHGP fine-series graph with page/source evidence.
GHG-SERIES-ACCEPTED-0266,world500_ghg_series_acceptance_ledger.json,accepted,accepted_explicit_named_series_edge,r498_瑞士abb集团,ABB,498,ghg_scope3_standard,GHG Protocol Corporate Value Chain (Scope 3) Accounting and Reporting Standard,P0_acceptance_graph,explicit_series_citation,source_text_explicitly_names_this_ghg_protocol_series,37,ABB Sustainability Statement 2024.pdf,Accepted: source text explicitly names this exact controlled GHGP/PCAF standard or guidance.,Keep in the accepted GHGP fine-series graph with page/source evidence.
GHG-SERIES-ACCEPTED-0267,world500_ghg_series_acceptance_ledger.json,accepted,accepted_explicit_named_series_edge,r500_三星candt公司,Samsung C&T,500,ghg_scope3_standard,GHG Protocol Corporate Value Chain (Scope 3) Accounting and Reporting Standard,P0_acceptance_graph,explicit_series_citation,source_text_explicitly_names_this_ghg_protocol_series,111 | 119,2025 Samsung C&T Sustainability Report.pdf,Accepted: source text explicitly names this exact controlled GHGP/PCAF standard or guidance.,Keep in the accepted GHGP fine-series graph with page/source evidence.
GHG-SERIES-REVIEW-0001,world500_ghg_series_acceptance_ledger.json,demoted,demoted_overmapped_edge_not_accepted,r001_walmart,WALMART,1,ghg_scope2_guidance,GHG Protocol Scope 2 Guidance,P0_demoted_overmapping,contextual_overmapped_review,sample_names_other_series_or_no_current_series_name,7,FY2025-Walmart-ESG-Report.pdf,Demoted: contextual overmapping points to another series or only generic GHG context; keep out of accepted graph.,Do not draw as accepted. Use only as a search/demotion lead unless new explicit page evidence is found.
GHG-SERIES-REVIEW-0002,world500_ghg_series_acceptance_ledger.json,demoted,demoted_overmapped_edge_not_accepted,r001_walmart,WALMART,1,ghg_scope3_calculation_guidance,GHG Protocol Scope 3 Calculation Guidance,P0_demoted_overmapping,contextual_overmapped_review,sample_names_other_series_or_no_current_series_name,7,FY2025-Walmart-ESG-Report.pdf,Demoted: contextual overmapping points to another series or only generic GHG context; keep out of accepted graph.,Do not draw as accepted. Use only as a search/demotion lead unless new explicit page evidence is found.
GHG-SERIES-REVIEW-0003,world500_ghg_series_acceptance_ledger.json,review,review_required_contextual_inventory_mapping,r002_amazoncom,AMAZON.COM,2,ghg_corporate_standard,GHG Protocol Corporate Accounting and Reporting Standard,P0_review_queue,contextual_scope_inventory_mapping,scope_inventory_context_without_explicit_fine_series_name,16,2024-amazon-sustainability-report.pdf,"Review: contextual inventory or Scope wording is present, but the page does not explicitly name this exact GHGP/PCAF series.",Promote only after page-level PDF text explicitly names this exact controlled GHGP/PCAF standard; otherwise keep review-only.
GHG-SERIES-REVIEW-0004,world500_ghg_series_acceptance_ledger.json,review,review_required_contextual_inventory_mapping,r002_amazoncom,AMAZON.COM,2,ghg_scope2_guidance,GHG Protocol Scope 2 Guidance,P0_review_queue,contextual_scope_inventory_mapping,scope_inventory_context_without_explicit_fine_series_name,16,2024-amazon-sustainability-report.pdf,"Review: contextual inventory or Scope wording is present, but the page does not explicitly name this exact GHGP/PCAF series.",Promote only after page-level PDF text explicitly names this exact controlled GHGP/PCAF standard; otherwise keep review-only.
GHG-SERIES-REVIEW-0005,world500_ghg_series_acceptance_ledger.json,review,review_required_contextual_inventory_mapping,r002_amazoncom,AMAZON.COM,2,ghg_scope3_calculation_guidance,GHG Protocol Scope 3 Calculation Guidance,P0_review_queue,contextual_scope_inventory_mapping,scope_inventory_context_without_explicit_fine_series_name,16,2024-amazon-sustainability-report.pdf,"Review: contextual inventory or Scope wording is present, but the page does not explicitly name this exact GHGP/PCAF series.",Promote only after page-level PDF text explicitly names this exact controlled GHGP/PCAF standard; otherwise keep review-only.
GHG-SERIES-REVIEW-0006,world500_ghg_series_acceptance_ledger.json,review,review_required_contextual_inventory_mapping,r002_amazoncom,AMAZON.COM,2,ghg_scope3_standard,GHG Protocol Corporate Value Chain (Scope 3) Accounting and Reporting Standard,P0_review_queue,contextual_scope_inventory_mapping,scope_inventory_context_without_explicit_fine_series_name,16,2024-amazon-sustainability-report.pdf,"Review: contextual inventory or Scope wording is present, but the page does not explicitly name this exact GHGP/PCAF series.",Promote only after page-level PDF text explicitly names this exact controlled GHGP/PCAF standard; otherwise keep review-only.
GHG-SERIES-REVIEW-0007,world500_ghg_series_acceptance_ledger.json,review,review_required_contextual_inventory_mapping,r004_saudiaramco,SAUDI ARAMCO,4,ghg_corporate_standard,GHG Protocol Corporate Accounting and Reporting Standard,P0_review_queue,contextual_scope_inventory_mapping,scope_inventory_context_without_explicit_fine_series_name,2,2024-saudi-aramco-sustainability-report-full-en.pdf,"Review: contextual inventory or Scope wording is present, but the page does not explicitly name this exact GHGP/PCAF series.",Promote only after page-level PDF text explicitly names this exact controlled GHGP/PCAF standard; otherwise keep review-only.
GHG-SERIES-REVIEW-0008,world500_ghg_series_acceptance_ledger.json,review,review_required_contextual_inventory_mapping,r004_saudiaramco,SAUDI ARAMCO,4,ghg_scope3_standard,GHG Protocol Corporate Value Chain (Scope 3) Accounting and Reporting Standard,P0_review_queue,contextual_scope_inventory_mapping,scope_inventory_context_without_explicit_fine_series_name,2,2024-saudi-aramco-sustainability-report-full-en.pdf,"Review: contextual inventory or Scope wording is present, but the page does not explicitly name this exact GHGP/PCAF series.",Promote only after page-level PDF text explicitly names this exact controlled GHGP/PCAF standard; otherwise keep review-only.
GHG-SERIES-REVIEW-0009,world500_ghg_series_acceptance_ledger.json,review,review_required_contextual_inventory_mapping,r005_sinopecgroup,SINOPEC GROUP,5,ghg_scope3_standard,GHG Protocol Corporate Value Chain (Scope 3) Accounting and Reporting Standard,P0_review_queue,contextual_scope_inventory_mapping,scope_inventory_context_without_explicit_fine_series_name,6,Sinopec_Group_Annual_Report_2024_en.pdf,"Review: contextual inventory or Scope wording is present, but the page does not explicitly name this exact GHGP/PCAF series.",Promote only after page-level PDF text explicitly names this exact controlled GHGP/PCAF standard; otherwise keep review-only.
GHG-SERIES-REVIEW-0010,world500_ghg_series_acceptance_ledger.json,review,review_required_contextual_inventory_mapping,r007_apple,APPLE,7,ghg_corporate_standard,GHG Protocol Corporate Accounting and Reporting Standard,P0_review_queue,contextual_scope_inventory_mapping,scope_inventory_context_without_explicit_fine_series_name,100,Apple_Environmental_Progress_Report_2025.pdf,"Review: contextual inventory or Scope wording is present, but the page does not explicitly name this exact GHGP/PCAF series.",Promote only after page-level PDF text explicitly names this exact controlled GHGP/PCAF standard; otherwise keep review-only.
GHG-SERIES-REVIEW-0011,world500_ghg_series_acceptance_ledger.json,review,review_required_contextual_inventory_mapping,r007_apple,APPLE,7,ghg_land_sector_removals_standard,GHG Protocol Land Sector and Removals Standard,P0_review_queue,contextual_scope_inventory_mapping,scope_inventory_context_without_explicit_fine_series_name,100,Apple_Environmental_Progress_Report_2025.pdf,"Review: contextual inventory or Scope wording is present, but the page does not explicitly name this exact GHGP/PCAF series.",Promote only after page-level PDF text explicitly names this exact controlled GHGP/PCAF standard; otherwise keep review-only.
GHG-SERIES-REVIEW-0012,world500_ghg_series_acceptance_ledger.json,review,review_required_contextual_inventory_mapping,r007_apple,APPLE,7,ghg_product_standard,GHG Protocol Product Life Cycle Accounting and Reporting Standard,P0_review_queue,contextual_scope_inventory_mapping,scope_inventory_context_without_explicit_fine_series_name,100,Apple_Environmental_Progress_Report_2025.pdf,"Review: contextual inventory or Scope wording is present, but the page does not explicitly name this exact GHGP/PCAF series.",Promote only after page-level PDF text explicitly names this exact controlled GHGP/PCAF standard; otherwise keep review-only.
GHG-SERIES-REVIEW-0013,world500_ghg_series_acceptance_ledger.json,review,review_required_contextual_inventory_mapping,r007_apple,APPLE,7,ghg_scope2_guidance,GHG Protocol Scope 2 Guidance,P0_review_queue,contextual_scope_inventory_mapping,scope_inventory_context_without_explicit_fine_series_name,100,Apple_Environmental_Progress_Report_2025.pdf,"Review: contextual inventory or Scope wording is present, but the page does not explicitly name this exact GHGP/PCAF series.",Promote only after page-level PDF text explicitly names this exact controlled GHGP/PCAF standard; otherwise keep review-only.
GHG-SERIES-REVIEW-0014,world500_ghg_series_acceptance_ledger.json,review,review_required_contextual_inventory_mapping,r007_apple,APPLE,7,ghg_scope3_calculation_guidance,GHG Protocol Scope 3 Calculation Guidance,P0_review_queue,contextual_scope_inventory_mapping,scope_inventory_context_without_explicit_fine_series_name,100,Apple_Environmental_Progress_Report_2025.pdf,"Review: contextual inventory or Scope wording is present, but the page does not explicitly name this exact GHGP/PCAF series.",Promote only after page-level PDF text explicitly names this exact controlled GHGP/PCAF standard; otherwise keep review-only.
GHG-SERIES-REVIEW-0015,world500_ghg_series_acceptance_ledger.json,demoted,demoted_overmapped_edge_not_accepted,r007_apple,APPLE,7,ghg_scope3_standard,GHG Protocol Corporate Value Chain (Scope 3) Accounting and Reporting Standard,P0_demoted_overmapping,contextual_overmapped_review,sample_names_other_series_or_no_current_series_name,100 | 106,Apple_Environmental_Progress_Report_2025.pdf,Demoted: contextual overmapping points to another series or only generic GHG context; keep out of accepted graph.,Do not draw as accepted. Use only as a search/demotion lead unless new explicit page evidence is found.
GHG-SERIES-REVIEW-0016,world500_ghg_series_acceptance_ledger.json,demoted,demoted_overmapped_edge_not_accepted,r008_unitedhealthgroup,UNITEDHEALTH GROUP,8,ghg_scope2_guidance,GHG Protocol Scope 2 Guidance,P0_demoted_overmapping,contextual_overmapped_review,sample_names_other_series_or_no_current_series_name,33,UNITEDHEALTH GROUP—2024-sustainability-report.pdf,Demoted: contextual overmapping points to another series or only generic GHG context; keep out of accepted graph.,Do not draw as accepted. Use only as a search/demotion lead unless new explicit page evidence is found.
GHG-SERIES-REVIEW-0017,world500_ghg_series_acceptance_ledger.json,demoted,demoted_overmapped_edge_not_accepted,r008_unitedhealthgroup,UNITEDHEALTH GROUP,8,ghg_scope3_calculation_guidance,GHG Protocol Scope 3 Calculation Guidance,P0_demoted_overmapping,contextual_overmapped_review,sample_names_other_series_or_no_current_series_name,33,UNITEDHEALTH GROUP—2024-sustainability-report.pdf,Demoted: contextual overmapping points to another series or only generic GHG context; keep out of accepted graph.,Do not draw as accepted. Use only as a search/demotion lead unless new explicit page evidence is found.
GHG-SERIES-REVIEW-0018,world500_ghg_series_acceptance_ledger.json,demoted,demoted_overmapped_edge_not_accepted,r008_unitedhealthgroup,UNITEDHEALTH GROUP,8,ghg_scope3_standard,GHG Protocol Corporate Value Chain (Scope 3) Accounting and Reporting Standard,P0_demoted_overmapping,contextual_overmapped_review,sample_names_other_series_or_no_current_series_name,33,UNITEDHEALTH GROUP—2024-sustainability-report.pdf,Demoted: contextual overmapping points to another series or only generic GHG context; keep out of accepted graph.,Do not draw as accepted. Use only as a search/demotion lead unless new explicit page evidence is found.
GHG-SERIES-REVIEW-0019,world500_ghg_series_acceptance_ledger.json,review,review_required_contextual_inventory_mapping,r010_cvshealth公司,CVS Health,10,ghg_scope2_guidance,GHG Protocol Scope 2 Guidance,P0_review_queue,contextual_scope_inventory_mapping,scope_inventory_context_without_explicit_fine_series_name,36,CVS Health-2024-Impact-Report-Appendix.pdf,"Review: contextual inventory or Scope wording is present, but the page does not explicitly name this exact GHGP/PCAF series.",Promote only after page-level PDF text explicitly names this exact controlled GHGP/PCAF standard; otherwise keep review-only.
GHG-SERIES-REVIEW-0020,world500_ghg_series_acceptance_ledger.json,review,review_required_contextual_inventory_mapping,r010_cvshealth公司,CVS Health,10,ghg_scope3_calculation_guidance,GHG Protocol Scope 3 Calculation Guidance,P0_review_queue,contextual_scope_inventory_mapping,scope_inventory_context_without_explicit_fine_series_name,36,CVS Health-2024-Impact-Report-Appendix.pdf,"Review: contextual inventory or Scope wording is present, but the page does not explicitly name this exact GHGP/PCAF series.",Promote only after page-level PDF text explicitly names this exact controlled GHGP/PCAF standard; otherwise keep review-only.
GHG-SERIES-REVIEW-0021,world500_ghg_series_acceptance_ledger.json,review,review_required_contextual_inventory_mapping,r011_volkswagen,VOLKSWAGEN,11,ghg_corporate_standard,GHG Protocol Corporate Accounting and Reporting Standard,P0_review_queue,contextual_scope_inventory_mapping,scope_inventory_context_without_explicit_fine_series_name,62,2023_Volkswagen_Group_Sustainability_Report.pdf,"Review: contextual inventory or Scope wording is present, but the page does not explicitly name this exact GHGP/PCAF series.",Promote only after page-level PDF text explicitly names this exact controlled GHGP/PCAF standard; otherwise keep review-only.
GHG-SERIES-REVIEW-0022,world500_ghg_series_acceptance_ledger.json,review,review_required_contextual_inventory_mapping,r011_volkswagen,VOLKSWAGEN,11,ghg_product_standard,GHG Protocol Product Life Cycle Accounting and Reporting Standard,P0_review_queue,contextual_scope_inventory_mapping,scope_inventory_context_without_explicit_fine_series_name,62,2023_Volkswagen_Group_Sustainability_Report.pdf,"Review: contextual inventory or Scope wording is present, but the page does not explicitly name this exact GHGP/PCAF series.",Promote only after page-level PDF text explicitly names this exact controlled GHGP/PCAF standard; otherwise keep review-only.
GHG-SERIES-REVIEW-0023,world500_ghg_series_acceptance_ledger.json,review,review_required_contextual_inventory_mapping,r011_volkswagen,VOLKSWAGEN,11,ghg_scope2_guidance,GHG Protocol Scope 2 Guidance,P0_review_queue,contextual_scope_inventory_mapping,scope_inventory_context_without_explicit_fine_series_name,62,2023_Volkswagen_Group_Sustainability_Report.pdf,"Review: contextual inventory or Scope wording is present, but the page does not explicitly name this exact GHGP/PCAF series.",Promote only after page-level PDF text explicitly names this exact controlled GHGP/PCAF standard; otherwise keep review-only.
GHG-SERIES-REVIEW-0024,world500_ghg_series_acceptance_ledger.json,review,review_required_contextual_inventory_mapping,r011_volkswagen,VOLKSWAGEN,11,ghg_scope3_calculation_guidance,GHG Protocol Scope 3 Calculation Guidance,P0_review_queue,contextual_scope_inventory_mapping,scope_inventory_context_without_explicit_fine_series_name,62,2023_Volkswagen_Group_Sustainability_Report.pdf,"Review: contextual inventory or Scope wording is present, but the page does not explicitly name this exact GHGP/PCAF series.",Promote only after page-level PDF text explicitly names this exact controlled GHGP/PCAF standard; otherwise keep review-only.
GHG-SERIES-REVIEW-0025,world500_ghg_series_acceptance_ledger.json,review,review_required_contextual_inventory_mapping,r011_volkswagen,VOLKSWAGEN,11,ghg_scope3_standard,GHG Protocol Corporate Value Chain (Scope 3) Accounting and Reporting Standard,P0_review_queue,contextual_scope_inventory_mapping,scope_inventory_context_without_explicit_fine_series_name,62,2023_Volkswagen_Group_Sustainability_Report.pdf,"Review: contextual inventory or Scope wording is present, but the page does not explicitly name this exact GHGP/PCAF series.",Promote only after page-level PDF text explicitly names this exact controlled GHGP/PCAF standard; otherwise keep review-only.
GHG-SERIES-REVIEW-0026,world500_ghg_series_acceptance_ledger.json,review,review_required_contextual_inventory_mapping,r012_exxonmobil,EXXON MOBIL,12,ghg_corporate_standard,GHG Protocol Corporate Accounting and Reporting Standard,P0_review_queue,contextual_scope_inventory_mapping,scope_inventory_context_without_explicit_fine_series_name,72,EXXON MOBIL-sustainability-report-2025.pdf,"Review: contextual inventory or Scope wording is present, but the page does not explicitly name this exact GHGP/PCAF series.",Promote only after page-level PDF text explicitly names this exact controlled GHGP/PCAF standard; otherwise keep review-only.
GHG-SERIES-REVIEW-0027,world500_ghg_series_acceptance_ledger.json,review,review_required_contextual_inventory_mapping,r012_exxonmobil,EXXON MOBIL,12,ghg_scope2_guidance,GHG Protocol Scope 2 Guidance,P0_review_queue,contextual_scope_inventory_mapping,scope_inventory_context_without_explicit_fine_series_name,72,EXXON MOBIL-sustainability-report-2025.pdf,"Review: contextual inventory or Scope wording is present, but the page does not explicitly name this exact GHGP/PCAF series.",Promote only after page-level PDF text explicitly names this exact controlled GHGP/PCAF standard; otherwise keep review-only.
GHG-SERIES-REVIEW-0028,world500_ghg_series_acceptance_ledger.json,review,review_required_contextual_inventory_mapping,r012_exxonmobil,EXXON MOBIL,12,ghg_scope3_calculation_guidance,GHG Protocol Scope 3 Calculation Guidance,P0_review_queue,contextual_scope_inventory_mapping,scope_inventory_context_without_explicit_fine_series_name,72,EXXON MOBIL-sustainability-report-2025.pdf,"Review: contextual inventory or Scope wording is present, but the page does not explicitly name this exact GHGP/PCAF series.",Promote only after page-level PDF text explicitly names this exact controlled GHGP/PCAF standard; otherwise keep review-only.
GHG-SERIES-REVIEW-0029,world500_ghg_series_acceptance_ledger.json,review,review_required_contextual_inventory_mapping,r012_exxonmobil,EXXON MOBIL,12,ghg_scope3_standard,GHG Protocol Corporate Value Chain (Scope 3) Accounting and Reporting Standard,P0_review_queue,contextual_scope_inventory_mapping,scope_inventory_context_without_explicit_fine_series_name,72,EXXON MOBIL-sustainability-report-2025.pdf,"Review: contextual inventory or Scope wording is present, but the page does not explicitly name this exact GHGP/PCAF series.",Promote only after page-level PDF text explicitly names this exact controlled GHGP/PCAF standard; otherwise keep review-only.
GHG-SERIES-REVIEW-0030,world500_ghg_series_acceptance_ledger.json,review,review_required_contextual_inventory_mapping,r013_shell,SHELL,13,ghg_product_standard,GHG Protocol Product Life Cycle Accounting and Reporting Standard,P0_review_queue,contextual_scope_inventory_mapping,scope_inventory_context_without_explicit_fine_series_name,99,shell-annual-report-2024.pdf,"Review: contextual inventory or Scope wording is present, but the page does not explicitly name this exact GHGP/PCAF series.",Promote only after page-level PDF text explicitly names this exact controlled GHGP/PCAF standard; otherwise keep review-only.
GHG-SERIES-REVIEW-0031,world500_ghg_series_acceptance_ledger.json,review,review_required_contextual_inventory_mapping,r013_shell,SHELL,13,ghg_scope3_calculation_guidance,GHG Protocol Scope 3 Calculation Guidance,P0_review_queue,contextual_scope_inventory_mapping,scope_inventory_context_without_explicit_fine_series_name,99,shell-annual-report-2024.pdf,"Review: contextual inventory or Scope wording is present, but the page does not explicitly name this exact GHGP/PCAF series.",Promote only after page-level PDF text explicitly names this exact controlled GHGP/PCAF standard; otherwise keep review-only.
GHG-SERIES-REVIEW-0032,world500_ghg_series_acceptance_ledger.json,review,review_required_contextual_inventory_mapping,r016_mckesson,MCKESSON,16,ghg_scope2_guidance,GHG Protocol Scope 2 Guidance,P0_review_queue,contextual_scope_inventory_mapping,scope_inventory_context_without_explicit_fine_series_name,44,McKesson Impact Report 2024.pdf,"Review: contextual inventory or Scope wording is present, but the page does not explicitly name this exact GHGP/PCAF series.",Promote only after page-level PDF text explicitly names this exact controlled GHGP/PCAF standard; otherwise keep review-only.
GHG-SERIES-REVIEW-0033,world500_ghg_series_acceptance_ledger.json,review,review_required_contextual_inventory_mapping,r016_mckesson,MCKESSON,16,ghg_scope3_calculation_guidance,GHG Protocol Scope 3 Calculation Guidance,P0_review_queue,contextual_scope_inventory_mapping,scope_inventory_context_without_explicit_fine_series_name,44,McKesson Impact Report 2024.pdf,"Review: contextual inventory or Scope wording is present, but the page does not explicitly name this exact GHGP/PCAF series.",Promote only after page-level PDF text explicitly names this exact controlled GHGP/PCAF standard; otherwise keep review-only.
GHG-SERIES-REVIEW-0034,world500_ghg_series_acceptance_ledger.json,review,review_required_contextual_inventory_mapping,r016_mckesson,MCKESSON,16,ghg_scope3_standard,GHG Protocol Corporate Value Chain (Scope 3) Accounting and Reporting Standard,P0_review_queue,contextual_scope_inventory_mapping,scope_inventory_context_without_explicit_fine_series_name,44,McKesson Impact Report 2024.pdf,"Review: contextual inventory or Scope wording is present, but the page does not explicitly name this exact GHGP/PCAF series.",Promote only after page-level PDF text explicitly names this exact controlled GHGP/PCAF standard; otherwise keep review-only.
GHG-SERIES-REVIEW-0035,world500_ghg_series_acceptance_ledger.json,review,review_required_contextual_inventory_mapping,r019_trafiguragroup,TRAFIGURA GROUP,19,ghg_corporate_standard,GHG Protocol Corporate Accounting and Reporting Standard,P0_review_queue,contextual_scope_inventory_mapping,scope_inventory_context_without_explicit_fine_series_name,25,2024_trafigura_sustainability_report.pdf,"Review: contextual inventory or Scope wording is present, but the page does not explicitly name this exact GHGP/PCAF series.",Promote only after page-level PDF text explicitly names this exact controlled GHGP/PCAF standard; otherwise keep review-only.
GHG-SERIES-REVIEW-0036,world500_ghg_series_acceptance_ledger.json,review,review_required_contextual_inventory_mapping,r019_trafiguragroup,TRAFIGURA GROUP,19,ghg_scope2_guidance,GHG Protocol Scope 2 Guidance,P0_review_queue,contextual_scope_inventory_mapping,scope_inventory_context_without_explicit_fine_series_name,25,2024_trafigura_sustainability_report.pdf,"Review: contextual inventory or Scope wording is present, but the page does not explicitly name this exact GHGP/PCAF series.",Promote only after page-level PDF text explicitly names this exact controlled GHGP/PCAF standard; otherwise keep review-only.
GHG-SERIES-REVIEW-0037,world500_ghg_series_acceptance_ledger.json,review,review_required_contextual_inventory_mapping,r020_costcowholesale,COSTCO WHOLESALE,20,ghg_corporate_standard,GHG Protocol Corporate Accounting and Reporting Standard,P0_review_queue,contextual_scope_inventory_mapping,scope_inventory_context_without_explicit_fine_series_name,2,COSTCO WHOLESALE_ClimateActionPlan_FY24.pdf,"Review: contextual inventory or Scope wording is present, but the page does not explicitly name this exact GHGP/PCAF series.",Promote only after page-level PDF text explicitly names this exact controlled GHGP/PCAF standard; otherwise keep review-only.
GHG-SERIES-REVIEW-0038,world500_ghg_series_acceptance_ledger.json,review,review_required_contextual_inventory_mapping,r020_costcowholesale,COSTCO WHOLESALE,20,ghg_scope3_standard,GHG Protocol Corporate Value Chain (Scope 3) Accounting and Reporting Standard,P0_review_queue,contextual_scope_inventory_mapping,scope_inventory_context_without_explicit_fine_series_name,2,COSTCO WHOLESALE_ClimateActionPlan_FY24.pdf,"Review: contextual inventory or Scope wording is present, but the page does not explicitly name this exact GHGP/PCAF series.",Promote only after page-level PDF text explicitly names this exact controlled GHGP/PCAF standard; otherwise keep review-only.
GHG-SERIES-REVIEW-0039,world500_ghg_series_acceptance_ledger.json,review,review_required_contextual_inventory_mapping,r023_totalenergies,TOTALENERGIES,23,ghg_corporate_standard,GHG Protocol Corporate Accounting and Reporting Standard,P0_review_queue,contextual_scope_inventory_mapping,scope_inventory_context_without_explicit_fine_series_name,18,totalenergies_sustainability-climate-2025-progress-report_2025_en.pdf,"Review: contextual inventory or Scope wording is present, but the page does not explicitly name this exact GHGP/PCAF series.",Promote only after page-level PDF text explicitly names this exact controlled GHGP/PCAF standard; otherwise keep review-only.
GHG-SERIES-REVIEW-0040,world500_ghg_series_acceptance_ledger.json,review,review_required_contextual_inventory_mapping,r023_totalenergies,TOTALENERGIES,23,ghg_scope2_guidance,GHG Protocol Scope 2 Guidance,P0_review_queue,contextual_scope_inventory_mapping,scope_inventory_context_without_explicit_fine_series_name,18,totalenergies_sustainability-climate-2025-progress-report_2025_en.pdf,"Review: contextual inventory or Scope wording is present, but the page does not explicitly name this exact GHGP/PCAF series.",Promote only after page-level PDF text explicitly names this exact controlled GHGP/PCAF standard; otherwise keep review-only.
GHG-SERIES-REVIEW-0041,world500_ghg_series_acceptance_ledger.json,review,review_required_contextual_inventory_mapping,r024_glencore,GLENCORE,24,ghg_corporate_standard,GHG Protocol Corporate Accounting and Reporting Standard,P0_review_queue,contextual_scope_inventory_mapping,scope_inventory_context_without_explicit_fine_series_name,68,Glencore_2024_Sustainability_Report.pdf,"Review: contextual inventory or Scope wording is present, but the page does not explicitly name this exact GHGP/PCAF series.",Promote only after page-level PDF text explicitly names this exact controlled GHGP/PCAF standard; otherwise keep review-only.
GHG-SERIES-REVIEW-0042,world500_ghg_series_acceptance_ledger.json,review,review_required_contextual_inventory_mapping,r024_glencore,GLENCORE,24,ghg_scope2_guidance,GHG Protocol Scope 2 Guidance,P0_review_queue,contextual_scope_inventory_mapping,scope_inventory_context_without_explicit_fine_series_name,68,Glencore_2024_Sustainability_Report.pdf,"Review: contextual inventory or Scope wording is present, but the page does not explicitly name this exact GHGP/PCAF series.",Promote only after page-level PDF text explicitly names this exact controlled GHGP/PCAF standard; otherwise keep review-only.
GHG-SERIES-REVIEW-0043,world500_ghg_series_acceptance_ledger.json,review,review_required_contextual_inventory_mapping,r024_glencore,GLENCORE,24,ghg_scope3_calculation_guidance,GHG Protocol Scope 3 Calculation Guidance,P0_review_queue,contextual_scope_inventory_mapping,scope_inventory_context_without_explicit_fine_series_name,68,Glencore_2024_Sustainability_Report.pdf,"Review: contextual inventory or Scope wording is present, but the page does not explicitly name this exact GHGP/PCAF series.",Promote only after page-level PDF text explicitly names this exact controlled GHGP/PCAF standard; otherwise keep review-only.
GHG-SERIES-REVIEW-0044,world500_ghg_series_acceptance_ledger.json,review,review_required_contextual_inventory_mapping,r024_glencore,GLENCORE,24,ghg_scope3_standard,GHG Protocol Corporate Value Chain (Scope 3) Accounting and Reporting Standard,P0_review_queue,contextual_scope_inventory_mapping,scope_inventory_context_without_explicit_fine_series_name,68,Glencore_2024_Sustainability_Report.pdf,"Review: contextual inventory or Scope wording is present, but the page does not explicitly name this exact GHGP/PCAF series.",Promote only after page-level PDF text explicitly names this exact controlled GHGP/PCAF standard; otherwise keep review-only.
GHG-SERIES-REVIEW-0045,world500_ghg_series_acceptance_ledger.json,review,review_required_contextual_inventory_mapping,r026_microsoft,MICROSOFT,26,ghg_corporate_standard,GHG Protocol Corporate Accounting and Reporting Standard,P0_review_queue,contextual_scope_inventory_mapping,scope_inventory_context_without_explicit_fine_series_name,88,2025-Microsoft-Environmental-Sustainability-Report-PDF.pdf,"Review: contextual inventory or Scope wording is present, but the page does not explicitly name this exact GHGP/PCAF series.",Promote only after page-level PDF text explicitly names this exact controlled GHGP/PCAF standard; otherwise keep review-only.
GHG-SERIES-REVIEW-0046,world500_ghg_series_acceptance_ledger.json,review,review_required_contextual_inventory_mapping,r026_microsoft,MICROSOFT,26,ghg_scope2_guidance,GHG Protocol Scope 2 Guidance,P0_review_queue,contextual_scope_inventory_mapping,scope_inventory_context_without_explicit_fine_series_name,88,2025-Microsoft-Environmental-Sustainability-Report-PDF.pdf,"Review: contextual inventory or Scope wording is present, but the page does not explicitly name this exact GHGP/PCAF series.",Promote only after page-level PDF text explicitly names this exact controlled GHGP/PCAF standard; otherwise keep review-only.
GHG-SERIES-REVIEW-0047,world500_ghg_series_acceptance_ledger.json,review,review_required_contextual_inventory_mapping,r026_microsoft,MICROSOFT,26,ghg_scope3_calculation_guidance,GHG Protocol Scope 3 Calculation Guidance,P0_review_queue,contextual_scope_inventory_mapping,scope_inventory_context_without_explicit_fine_series_name,88,2025-Microsoft-Environmental-Sustainability-Report-PDF.pdf,"Review: contextual inventory or Scope wording is present, but the page does not explicitly name this exact GHGP/PCAF series.",Promote only after page-level PDF text explicitly names this exact controlled GHGP/PCAF standard; otherwise keep review-only.
GHG-SERIES-REVIEW-0048,world500_ghg_series_acceptance_ledger.json,review,review_required_contextual_inventory_mapping,r026_microsoft,MICROSOFT,26,ghg_scope3_standard,GHG Protocol Corporate Value Chain (Scope 3) Accounting and Reporting Standard,P0_review_queue,contextual_scope_inventory_mapping,scope_inventory_context_without_explicit_fine_series_name,88,2025-Microsoft-Environmental-Sustainability-Report-PDF.pdf,"Review: contextual inventory or Scope wording is present, but the page does not explicitly name this exact GHGP/PCAF series.",Promote only after page-level PDF text explicitly names this exact controlled GHGP/PCAF standard; otherwise keep review-only.
GHG-SERIES-REVIEW-0049,world500_ghg_series_acceptance_ledger.json,review,review_required_contextual_inventory_mapping,r027_cardinalhealth,CARDINAL HEALTH,27,ghg_product_standard,GHG Protocol Product Life Cycle Accounting and Reporting Standard,P0_review_queue,contextual_scope_inventory_mapping,scope_inventory_context_without_explicit_fine_series_name,54,cardinal-health-fy24-ESG-report.pdf,"Review: contextual inventory or Scope wording is present, but the page does not explicitly name this exact GHGP/PCAF series.",Promote only after page-level PDF text explicitly names this exact controlled GHGP/PCAF standard; otherwise keep review-only.
GHG-SERIES-REVIEW-0050,world500_ghg_series_acceptance_ledger.json,review,review_required_contextual_inventory_mapping,r028_stellantis集团,Stellantis,28,ghg_corporate_standard,GHG Protocol Corporate Accounting and Reporting Standard,P0_review_queue,contextual_scope_inventory_mapping,scope_inventory_context_without_explicit_fine_series_name,6,Stellantis-2024-Climate-Policy-Report.pdf,"Review: contextual inventory or Scope wording is present, but the page does not explicitly name this exact GHGP/PCAF series.",Promote only after page-level PDF text explicitly names this exact controlled GHGP/PCAF standard; otherwise keep review-only.
GHG-SERIES-REVIEW-0051,world500_ghg_series_acceptance_ledger.json,review,review_required_contextual_inventory_mapping,r029_chevron,CHEVRON,29,ghg_scope3_calculation_guidance,GHG Protocol Scope 3 Calculation Guidance,P0_review_queue,contextual_scope_inventory_mapping,scope_inventory_context_without_explicit_fine_series_name,28,chevron-sustainability-highlights-2024.pdf,"Review: contextual inventory or Scope wording is present, but the page does not explicitly name this exact GHGP/PCAF series.",Promote only after page-level PDF text explicitly names this exact controlled GHGP/PCAF standard; otherwise keep review-only.
GHG-SERIES-REVIEW-0052,world500_ghg_series_acceptance_ledger.json,review,review_required_contextual_inventory_mapping,r030_chinaconstructionbank,CHINA CONSTRUCTION BANK,30,ghg_corporate_standard,GHG Protocol Corporate Accounting and Reporting Standard,P0_review_queue,contextual_scope_inventory_mapping,scope_inventory_context_without_explicit_fine_series_name,54,CCB_2024_Sustainability_Report.pdf,"Review: contextual inventory or Scope wording is present, but the page does not explicitly name this exact GHGP/PCAF series.",Promote only after page-level PDF text explicitly names this exact controlled GHGP/PCAF standard; otherwise keep review-only.
GHG-SERIES-REVIEW-0053,world500_ghg_series_acceptance_ledger.json,review,review_required_contextual_inventory_mapping,r030_chinaconstructionbank,CHINA CONSTRUCTION BANK,30,ghg_scope2_guidance,GHG Protocol Scope 2 Guidance,P0_review_queue,contextual_scope_inventory_mapping,scope_inventory_context_without_explicit_fine_series_name,54,CCB_2024_Sustainability_Report.pdf,"Review: contextual inventory or Scope wording is present, but the page does not explicitly name this exact GHGP/PCAF series.",Promote only after page-level PDF text explicitly names this exact controlled GHGP/PCAF standard; otherwise keep review-only.
GHG-SERIES-REVIEW-0054,world500_ghg_series_acceptance_ledger.json,review,review_required_contextual_inventory_mapping,r030_chinaconstructionbank,CHINA CONSTRUCTION BANK,30,ghg_scope3_calculation_guidance,GHG Protocol Scope 3 Calculation Guidance,P0_review_queue,contextual_scope_inventory_mapping,scope_inventory_context_without_explicit_fine_series_name,54,CCB_2024_Sustainability_Report.pdf,"Review: contextual inventory or Scope wording is present, but the page does not explicitly name this exact GHGP/PCAF series.",Promote only after page-level PDF text explicitly names this exact controlled GHGP/PCAF standard; otherwise keep review-only.
GHG-SERIES-REVIEW-0055,world500_ghg_series_acceptance_ledger.json,demoted,demoted_overmapped_edge_not_accepted,r030_chinaconstructionbank,CHINA CONSTRUCTION BANK,30,ghg_scope3_standard,GHG Protocol Corporate Value Chain (Scope 3) Accounting and Reporting Standard,P0_demoted_overmapping,contextual_overmapped_review,sample_names_other_series_or_no_current_series_name,54,CCB_2024_Sustainability_Report.pdf,Demoted: contextual overmapping points to another series or only generic GHG context; keep out of accepted graph.,Do not draw as accepted. Use only as a search/demotion lead unless new explicit page evidence is found.
GHG-SERIES-REVIEW-0056,world500_ghg_series_acceptance_ledger.json,review,review_required_contextual_inventory_mapping,r031_samsungelectronics,SAMSUNG ELECTRONICS,31,ghg_corporate_standard,GHG Protocol Corporate Accounting and Reporting Standard,P0_review_queue,contextual_scope_inventory_mapping,scope_inventory_context_without_explicit_fine_series_name,63,SAMSUNG ELECTRONICS_Sustainability_report_2024_en.pdf,"Review: contextual inventory or Scope wording is present, but the page does not explicitly name this exact GHGP/PCAF series.",Promote only after page-level PDF text explicitly names this exact controlled GHGP/PCAF standard; otherwise keep review-only.
GHG-SERIES-REVIEW-0057,world500_ghg_series_acceptance_ledger.json,review,review_required_contextual_inventory_mapping,r031_samsungelectronics,SAMSUNG ELECTRONICS,31,ghg_scope2_guidance,GHG Protocol Scope 2 Guidance,P0_review_queue,contextual_scope_inventory_mapping,scope_inventory_context_without_explicit_fine_series_name,63,SAMSUNG ELECTRONICS_Sustainability_report_2024_en.pdf,"Review: contextual inventory or Scope wording is present, but the page does not explicitly name this exact GHGP/PCAF series.",Promote only after page-level PDF text explicitly names this exact controlled GHGP/PCAF standard; otherwise keep review-only.
GHG-SERIES-REVIEW-0058,world500_ghg_series_acceptance_ledger.json,review,review_required_contextual_inventory_mapping,r031_samsungelectronics,SAMSUNG ELECTRONICS,31,ghg_scope3_calculation_guidance,GHG Protocol Scope 3 Calculation Guidance,P0_review_queue,contextual_scope_inventory_mapping,scope_inventory_context_without_explicit_fine_series_name,63,SAMSUNG ELECTRONICS_Sustainability_report_2024_en.pdf,"Review: contextual inventory or Scope wording is present, but the page does not explicitly name this exact GHGP/PCAF series.",Promote only after page-level PDF text explicitly names this exact controlled GHGP/PCAF standard; otherwise keep review-only.
GHG-SERIES-REVIEW-0059,world500_ghg_series_acceptance_ledger.json,review,review_required_contextual_inventory_mapping,r031_samsungelectronics,SAMSUNG ELECTRONICS,31,ghg_scope3_standard,GHG Protocol Corporate Value Chain (Scope 3) Accounting and Reporting Standard,P0_review_queue,contextual_scope_inventory_mapping,scope_inventory_context_without_explicit_fine_series_name,63,SAMSUNG ELECTRONICS_Sustainability_report_2024_en.pdf,"Review: contextual inventory or Scope wording is present, but the page does not explicitly name this exact GHGP/PCAF series.",Promote only after page-level PDF text explicitly names this exact controlled GHGP/PCAF standard; otherwise keep review-only.
GHG-SERIES-REVIEW-0060,world500_ghg_series_acceptance_ledger.json,review,review_required_contextual_inventory_mapping,r032_honhaiprecisionindustry,HON HAI PRECISION INDUSTRY,32,ghg_corporate_standard,GHG Protocol Corporate Accounting and Reporting Standard,P0_review_queue,contextual_scope_inventory_mapping,scope_inventory_context_without_explicit_fine_series_name,162,鸿海精密工业股份有限公司2024 - 中文完整版.pdf,"Review: contextual inventory or Scope wording is present, but the page does not explicitly name this exact GHGP/PCAF series.",Promote only after page-level PDF text explicitly names this exact controlled GHGP/PCAF standard; otherwise keep review-only.
GHG-SERIES-REVIEW-0061,world500_ghg_series_acceptance_ledger.json,review,review_required_contextual_inventory_mapping,r032_honhaiprecisionindustry,HON HAI PRECISION INDUSTRY,32,ghg_scope3_standard,GHG Protocol Corporate Value Chain (Scope 3) Accounting and Reporting Standard,P0_review_queue,contextual_scope_inventory_mapping,scope_inventory_context_without_explicit_fine_series_name,162,鸿海精密工业股份有限公司2024 - 中文完整版.pdf,"Review: contextual inventory or Scope wording is present, but the page does not explicitly name this exact GHGP/PCAF series.",Promote only after page-level PDF text explicitly names this exact controlled GHGP/PCAF standard; otherwise keep review-only.
GHG-SERIES-REVIEW-0062,world500_ghg_series_acceptance_ledger.json,review,review_required_contextual_inventory_mapping,r033_cignagroup,CIGNA GROUP,33,ghg_corporate_standard,GHG Protocol Corporate Accounting and Reporting Standard,P0_review_queue,contextual_scope_inventory_mapping,scope_inventory_context_without_explicit_fine_series_name,73,2024-corporate-impact-report-CIGNA GROUP.pdf,"Review: contextual inventory or Scope wording is present, but the page does not explicitly name this exact GHGP/PCAF series.",Promote only after page-level PDF text explicitly names this exact controlled GHGP/PCAF standard; otherwise keep review-only.
GHG-SERIES-REVIEW-0063,world500_ghg_series_acceptance_ledger.json,review,review_required_contextual_inventory_mapping,r038_bankofamerica,BANK OF AMERICA,38,ghg_scope3_calculation_guidance,GHG Protocol Scope 3 Calculation Guidance,P0_review_queue,contextual_scope_inventory_mapping,scope_inventory_context_without_explicit_fine_series_name,20,BankOfAmerica_Sustainability_2024_Report.pdf,"Review: contextual inventory or Scope wording is present, but the page does not explicitly name this exact GHGP/PCAF series.",Promote only after page-level PDF text explicitly names this exact controlled GHGP/PCAF standard; otherwise keep review-only.
GHG-SERIES-REVIEW-0064,world500_ghg_series_acceptance_ledger.json,review,review_required_contextual_inventory_mapping,r039_generalmotors,GENERAL MOTORS,39,ghg_corporate_standard,GHG Protocol Corporate Accounting and Reporting Standard,P0_review_queue,contextual_scope_inventory_mapping,scope_inventory_context_without_explicit_fine_series_name,9,GM_2023_SR.pdf,"Review: contextual inventory or Scope wording is present, but the page does not explicitly name this exact GHGP/PCAF series.",Promote only after page-level PDF text explicitly names this exact controlled GHGP/PCAF standard; otherwise keep review-only.
GHG-SERIES-REVIEW-0065,world500_ghg_series_acceptance_ledger.json,review,review_required_contextual_inventory_mapping,r039_generalmotors,GENERAL MOTORS,39,ghg_scope2_guidance,GHG Protocol Scope 2 Guidance,P0_review_queue,contextual_scope_inventory_mapping,scope_inventory_context_without_explicit_fine_series_name,9,GM_2023_SR.pdf,"Review: contextual inventory or Scope wording is present, but the page does not explicitly name this exact GHGP/PCAF series.",Promote only after page-level PDF text explicitly names this exact controlled GHGP/PCAF standard; otherwise keep review-only.
GHG-SERIES-REVIEW-0066,world500_ghg_series_acceptance_ledger.json,review,review_required_contextual_inventory_mapping,r039_generalmotors,GENERAL MOTORS,39,ghg_scope3_calculation_guidance,GHG Protocol Scope 3 Calculation Guidance,P0_review_queue,contextual_scope_inventory_mapping,scope_inventory_context_without_explicit_fine_series_name,9,GM_2023_SR.pdf,"Review: contextual inventory or Scope wording is present, but the page does not explicitly name this exact GHGP/PCAF series.",Promote only after page-level PDF text explicitly names this exact controlled GHGP/PCAF standard; otherwise keep review-only.
GHG-SERIES-REVIEW-0067,world500_ghg_series_acceptance_ledger.json,review,review_required_contextual_inventory_mapping,r039_generalmotors,GENERAL MOTORS,39,ghg_scope3_standard,GHG Protocol Corporate Value Chain (Scope 3) Accounting and Reporting Standard,P0_review_queue,contextual_scope_inventory_mapping,scope_inventory_context_without_explicit_fine_series_name,9,GM_2023_SR.pdf,"Review: contextual inventory or Scope wording is present, but the page does not explicitly name this exact GHGP/PCAF series.",Promote only after page-level PDF text explicitly names this exact controlled GHGP/PCAF standard; otherwise keep review-only.
GHG-SERIES-REVIEW-0068,world500_ghg_series_acceptance_ledger.json,review,review_required_contextual_inventory_mapping,r046_centene公司,Centene,46,ghg_corporate_standard,GHG Protocol Corporate Accounting and Reporting Standard,P0_review_queue,contextual_scope_inventory_mapping,scope_inventory_context_without_explicit_fine_series_name,51,Centene-Corporate-Responsibility-2024.pdf,"Review: contextual inventory or Scope wording is present, but the page does not explicitly name this exact GHGP/PCAF series.",Promote only after page-level PDF text explicitly names this exact controlled GHGP/PCAF standard; otherwise keep review-only.
GHG-SERIES-REVIEW-0069,world500_ghg_series_acceptance_ledger.json,review,review_required_contextual_inventory_mapping,r046_centene公司,Centene,46,ghg_scope2_guidance,GHG Protocol Scope 2 Guidance,P0_review_queue,contextual_scope_inventory_mapping,scope_inventory_context_without_explicit_fine_series_name,51,Centene-Corporate-Responsibility-2024.pdf,"Review: contextual inventory or Scope wording is present, but the page does not explicitly name this exact GHGP/PCAF series.",Promote only after page-level PDF text explicitly names this exact controlled GHGP/PCAF standard; otherwise keep review-only.
GHG-SERIES-REVIEW-0070,world500_ghg_series_acceptance_ledger.json,review,review_required_contextual_inventory_mapping,r046_centene公司,Centene,46,ghg_scope3_standard,GHG Protocol Corporate Value Chain (Scope 3) Accounting and Reporting Standard,P0_review_queue,contextual_scope_inventory_mapping,scope_inventory_context_without_explicit_fine_series_name,51,Centene-Corporate-Responsibility-2024.pdf,"Review: contextual inventory or Scope wording is present, but the page does not explicitly name this exact GHGP/PCAF series.",Promote only after page-level PDF text explicitly names this exact controlled GHGP/PCAF standard; otherwise keep review-only.
GHG-SERIES-REVIEW-0071,world500_ghg_series_acceptance_ledger.json,review,review_required_contextual_inventory_mapping,r048_homedepot,HOME DEPOT,48,ghg_scope2_guidance,GHG Protocol Scope 2 Guidance,P0_review_queue,contextual_scope_inventory_mapping,scope_inventory_context_without_explicit_fine_series_name,45,2024_ESG_Report_The_Home_Depot.pdf,"Review: contextual inventory or Scope wording is present, but the page does not explicitly name this exact GHGP/PCAF series.",Promote only after page-level PDF text explicitly names this exact controlled GHGP/PCAF standard; otherwise keep review-only.
GHG-SERIES-REVIEW-0072,world500_ghg_series_acceptance_ledger.json,review,review_required_contextual_inventory_mapping,r048_homedepot,HOME DEPOT,48,ghg_scope3_standard,GHG Protocol Corporate Value Chain (Scope 3) Accounting and Reporting Standard,P0_review_queue,contextual_scope_inventory_mapping,scope_inventory_context_without_explicit_fine_series_name,45,2024_ESG_Report_The_Home_Depot.pdf,"Review: contextual inventory or Scope wording is present, but the page does not explicitly name this exact GHGP/PCAF series.",Promote only after page-level PDF text explicitly names this exact controlled GHGP/PCAF standard; otherwise keep review-only.
GHG-SERIES-REVIEW-0073,world500_ghg_series_acceptance_ledger.json,review,review_required_contextual_inventory_mapping,r049_electricitédefrance,ELECTRICITÉ DE FRANCE,49,ghg_product_standard,GHG Protocol Product Life Cycle Accounting and Reporting Standard,P0_review_queue,contextual_scope_inventory_mapping,scope_inventory_context_without_explicit_fine_series_name,193,edf-urd-annual-financial-report-2024-en-accessible.pdf,"Review: contextual inventory or Scope wording is present, but the page does not explicitly name this exact GHGP/PCAF series.",Promote only after page-level PDF text explicitly names this exact controlled GHGP/PCAF standard; otherwise keep review-only.
GHG-SERIES-REVIEW-0074,world500_ghg_series_acceptance_ledger.json,review,review_required_contextual_inventory_mapping,r049_electricitédefrance,ELECTRICITÉ DE FRANCE,49,ghg_scope2_guidance,GHG Protocol Scope 2 Guidance,P0_review_queue,contextual_scope_inventory_mapping,scope_inventory_context_without_explicit_fine_series_name,193,edf-urd-annual-financial-report-2024-en-accessible.pdf,"Review: contextual inventory or Scope wording is present, but the page does not explicitly name this exact GHGP/PCAF series.",Promote only after page-level PDF text explicitly names this exact controlled GHGP/PCAF standard; otherwise keep review-only.
GHG-SERIES-REVIEW-0075,world500_ghg_series_acceptance_ledger.json,review,review_required_contextual_inventory_mapping,r049_electricitédefrance,ELECTRICITÉ DE FRANCE,49,ghg_scope3_calculation_guidance,GHG Protocol Scope 3 Calculation Guidance,P0_review_queue,contextual_scope_inventory_mapping,scope_inventory_context_without_explicit_fine_series_name,193,edf-urd-annual-financial-report-2024-en-accessible.pdf,"Review: contextual inventory or Scope wording is present, but the page does not explicitly name this exact GHGP/PCAF series.",Promote only after page-level PDF text explicitly names this exact controlled GHGP/PCAF standard; otherwise keep review-only.
GHG-SERIES-REVIEW-0076,world500_ghg_series_acceptance_ledger.json,review,review_required_contextual_inventory_mapping,r049_electricitédefrance,ELECTRICITÉ DE FRANCE,49,ghg_scope3_standard,GHG Protocol Corporate Value Chain (Scope 3) Accounting and Reporting Standard,P0_review_queue,contextual_scope_inventory_mapping,scope_inventory_context_without_explicit_fine_series_name,193,edf-urd-annual-financial-report-2024-en-accessible.pdf,"Review: contextual inventory or Scope wording is present, but the page does not explicitly name this exact GHGP/PCAF series.",Promote only after page-level PDF text explicitly names this exact controlled GHGP/PCAF standard; otherwise keep review-only.
GHG-SERIES-REVIEW-0077,world500_ghg_series_acceptance_ledger.json,review,review_required_contextual_inventory_mapping,r050_marathonpetroleum,MARATHON PETROLEUM,50,ghg_scope2_guidance,GHG Protocol Scope 2 Guidance,P0_review_queue,contextual_scope_inventory_mapping,scope_inventory_context_without_explicit_fine_series_name,56,2024_SustainabilityReport-MARATHON PETROLEUM.pdf,"Review: contextual inventory or Scope wording is present, but the page does not explicitly name this exact GHGP/PCAF series.",Promote only after page-level PDF text explicitly names this exact controlled GHGP/PCAF standard; otherwise keep review-only.
GHG-SERIES-REVIEW-0078,world500_ghg_series_acceptance_ledger.json,review,review_required_contextual_inventory_mapping,r050_marathonpetroleum,MARATHON PETROLEUM,50,ghg_scope3_calculation_guidance,GHG Protocol Scope 3 Calculation Guidance,P0_review_queue,contextual_scope_inventory_mapping,scope_inventory_context_without_explicit_fine_series_name,56,2024_SustainabilityReport-MARATHON PETROLEUM.pdf,"Review: contextual inventory or Scope wording is present, but the page does not explicitly name this exact GHGP/PCAF series.",Promote only after page-level PDF text explicitly names this exact controlled GHGP/PCAF standard; otherwise keep review-only.
GHG-SERIES-REVIEW-0079,world500_ghg_series_acceptance_ledger.json,review,review_required_contextual_inventory_mapping,r050_marathonpetroleum,MARATHON PETROLEUM,50,ghg_scope3_standard,GHG Protocol Corporate Value Chain (Scope 3) Accounting and Reporting Standard,P0_review_queue,contextual_scope_inventory_mapping,scope_inventory_context_without_explicit_fine_series_name,56,2024_SustainabilityReport-MARATHON PETROLEUM.pdf,"Review: contextual inventory or Scope wording is present, but the page does not explicitly name this exact GHGP/PCAF series.",Promote only after page-level PDF text explicitly names this exact controlled GHGP/PCAF standard; otherwise keep review-only.
GHG-SERIES-REVIEW-0080,world500_ghg_series_acceptance_ledger.json,review,review_required_contextual_inventory_mapping,r052_phillips66公司,Phillips 66,52,ghg_corporate_standard,GHG Protocol Corporate Accounting and Reporting Standard,P0_review_queue,contextual_scope_inventory_mapping,scope_inventory_context_without_explicit_fine_series_name,51,PHILLIPS 66-2025-0023_3_Sustainability and People Report_DIGITAL 0623.pdf,"Review: contextual inventory or Scope wording is present, but the page does not explicitly name this exact GHGP/PCAF series.",Promote only after page-level PDF text explicitly names this exact controlled GHGP/PCAF standard; otherwise keep review-only.
GHG-SERIES-REVIEW-0081,world500_ghg_series_acceptance_ledger.json,review,review_required_contextual_inventory_mapping,r052_phillips66公司,Phillips 66,52,ghg_scope2_guidance,GHG Protocol Scope 2 Guidance,P0_review_queue,contextual_scope_inventory_mapping,scope_inventory_context_without_explicit_fine_series_name,51,PHILLIPS 66-2025-0023_3_Sustainability and People Report_DIGITAL 0623.pdf,"Review: contextual inventory or Scope wording is present, but the page does not explicitly name this exact GHGP/PCAF series.",Promote only after page-level PDF text explicitly names this exact controlled GHGP/PCAF standard; otherwise keep review-only.
GHG-SERIES-REVIEW-0082,world500_ghg_series_acceptance_ledger.json,review,review_required_contextual_inventory_mapping,r052_phillips66公司,Phillips 66,52,ghg_scope3_calculation_guidance,GHG Protocol Scope 3 Calculation Guidance,P0_review_queue,contextual_scope_inventory_mapping,scope_inventory_context_without_explicit_fine_series_name,51,PHILLIPS 66-2025-0023_3_Sustainability and People Report_DIGITAL 0623.pdf,"Review: contextual inventory or Scope wording is present, but the page does not explicitly name this exact GHGP/PCAF series.",Promote only after page-level PDF text explicitly names this exact controlled GHGP/PCAF standard; otherwise keep review-only.
GHG-SERIES-REVIEW-0083,world500_ghg_series_acceptance_ledger.json,review,review_required_contextual_inventory_mapping,r052_phillips66公司,Phillips 66,52,ghg_scope3_standard,GHG Protocol Corporate Value Chain (Scope 3) Accounting and Reporting Standard,P0_review_queue,contextual_scope_inventory_mapping,scope_inventory_context_without_explicit_fine_series_name,51,PHILLIPS 66-2025-0023_3_Sustainability and People Report_DIGITAL 0623.pdf,"Review: contextual inventory or Scope wording is present, but the page does not explicitly name this exact GHGP/PCAF series.",Promote only after page-level PDF text explicitly names this exact controlled GHGP/PCAF standard; otherwise keep review-only.
GHG-SERIES-REVIEW-0084,world500_ghg_series_acceptance_ledger.json,review,review_required_contextual_inventory_mapping,r053_pinganinsurance,PING AN INSURANCE,53,ghg_corporate_standard,GHG Protocol Corporate Accounting and Reporting Standard,P0_review_queue,contextual_scope_inventory_mapping,scope_inventory_context_without_explicit_fine_series_name,171,2024中国平安可持续报告.pdf,"Review: contextual inventory or Scope wording is present, but the page does not explicitly name this exact GHGP/PCAF series.",Promote only after page-level PDF text explicitly names this exact controlled GHGP/PCAF standard; otherwise keep review-only.
GHG-SERIES-REVIEW-0085,world500_ghg_series_acceptance_ledger.json,review,review_required_contextual_inventory_mapping,r053_pinganinsurance,PING AN INSURANCE,53,ghg_scope2_guidance,GHG Protocol Scope 2 Guidance,P0_review_queue,contextual_scope_inventory_mapping,scope_inventory_context_without_explicit_fine_series_name,171,2024中国平安可持续报告.pdf,"Review: contextual inventory or Scope wording is present, but the page does not explicitly name this exact GHGP/PCAF series.",Promote only after page-level PDF text explicitly names this exact controlled GHGP/PCAF standard; otherwise keep review-only.
GHG-SERIES-REVIEW-0086,world500_ghg_series_acceptance_ledger.json,review,review_required_contextual_inventory_mapping,r053_pinganinsurance,PING AN INSURANCE,53,ghg_scope3_standard,GHG Protocol Corporate Value Chain (Scope 3) Accounting and Reporting Standard,P0_review_queue,contextual_scope_inventory_mapping,scope_inventory_context_without_explicit_fine_series_name,171,2024中国平安可持续报告.pdf,"Review: contextual inventory or Scope wording is present, but the page does not explicitly name this exact GHGP/PCAF series.",Promote only after page-level PDF text explicitly names this exact controlled GHGP/PCAF standard; otherwise keep review-only.
GHG-SERIES-REVIEW-0087,world500_ghg_series_acceptance_ledger.json,review,review_required_contextual_inventory_mapping,r057_hondamotor,HONDA MOTOR,57,ghg_corporate_standard,GHG Protocol Corporate Accounting and Reporting Standard,P0_review_queue,contextual_scope_inventory_mapping,scope_inventory_context_without_explicit_fine_series_name,24,honda-SR-2025-en-all.pdf,"Review: contextual inventory or Scope wording is present, but the page does not explicitly name this exact GHGP/PCAF series.",Promote only after page-level PDF text explicitly names this exact controlled GHGP/PCAF standard; otherwise keep review-only.
GHG-SERIES-REVIEW-0088,world500_ghg_series_acceptance_ledger.json,review,review_required_contextual_inventory_mapping,r057_hondamotor,HONDA MOTOR,57,ghg_scope3_calculation_guidance,GHG Protocol Scope 3 Calculation Guidance,P0_review_queue,contextual_scope_inventory_mapping,scope_inventory_context_without_explicit_fine_series_name,24,honda-SR-2025-en-all.pdf,"Review: contextual inventory or Scope wording is present, but the page does not explicitly name this exact GHGP/PCAF series.",Promote only after page-level PDF text explicitly names this exact controlled GHGP/PCAF standard; otherwise keep review-only.
GHG-SERIES-REVIEW-0089,world500_ghg_series_acceptance_ledger.json,review,review_required_contextual_inventory_mapping,r057_hondamotor,HONDA MOTOR,57,ghg_scope3_standard,GHG Protocol Corporate Value Chain (Scope 3) Accounting and Reporting Standard,P0_review_queue,contextual_scope_inventory_mapping,scope_inventory_context_without_explicit_fine_series_name,24,honda-SR-2025-en-all.pdf,"Review: contextual inventory or Scope wording is present, but the page does not explicitly name this exact GHGP/PCAF series.",Promote only after page-level PDF text explicitly names this exact controlled GHGP/PCAF standard; otherwise keep review-only.
GHG-SERIES-REVIEW-0090,world500_ghg_series_acceptance_ledger.json,demoted,demoted_overmapped_edge_not_accepted,r060_walgreensbootsalliance,WALGREENS BOOTS ALLIANCE,60,ghg_scope2_guidance,GHG Protocol Scope 2 Guidance,P0_demoted_overmapping,contextual_overmapped_review,sample_names_other_series_or_no_current_series_name,68,WALGREENS BOOTS ALLIANCE-Impact-Report-2024.pdf,Demoted: contextual overmapping points to another series or only generic GHG context; keep out of accepted graph.,Do not draw as accepted. Use only as a search/demotion lead unless new explicit page evidence is found.
GHG-SERIES-REVIEW-0091,world500_ghg_series_acceptance_ledger.json,demoted,demoted_overmapped_edge_not_accepted,r060_walgreensbootsalliance,WALGREENS BOOTS ALLIANCE,60,ghg_scope3_standard,GHG Protocol Corporate Value Chain (Scope 3) Accounting and Reporting Standard,P0_demoted_overmapping,contextual_overmapped_review,sample_names_other_series_or_no_current_series_name,68,WALGREENS BOOTS ALLIANCE-Impact-Report-2024.pdf,Demoted: contextual overmapping points to another series or only generic GHG context; keep out of accepted graph.,Do not draw as accepted. Use only as a search/demotion lead unless new explicit page evidence is found.
GHG-SERIES-REVIEW-0092,world500_ghg_series_acceptance_ledger.json,review,review_required_contextual_inventory_mapping,r061_valeroenergy,VALERO ENERGY,61,ghg_corporate_standard,GHG Protocol Corporate Accounting and Reporting Standard,P0_review_queue,contextual_scope_inventory_mapping,scope_inventory_context_without_explicit_fine_series_name,14,VALERO ENERGY-2024 ESG Report 0823 FINAL pages.pdf,"Review: contextual inventory or Scope wording is present, but the page does not explicitly name this exact GHGP/PCAF series.",Promote only after page-level PDF text explicitly names this exact controlled GHGP/PCAF standard; otherwise keep review-only.
GHG-SERIES-REVIEW-0093,world500_ghg_series_acceptance_ledger.json,review,review_required_contextual_inventory_mapping,r061_valeroenergy,VALERO ENERGY,61,ghg_product_standard,GHG Protocol Product Life Cycle Accounting and Reporting Standard,P0_review_queue,contextual_scope_inventory_mapping,scope_inventory_context_without_explicit_fine_series_name,14,VALERO ENERGY-2024 ESG Report 0823 FINAL pages.pdf,"Review: contextual inventory or Scope wording is present, but the page does not explicitly name this exact GHGP/PCAF series.",Promote only after page-level PDF text explicitly names this exact controlled GHGP/PCAF standard; otherwise keep review-only.
GHG-SERIES-REVIEW-0094,world500_ghg_series_acceptance_ledger.json,review,review_required_contextual_inventory_mapping,r061_valeroenergy,VALERO ENERGY,61,ghg_scope2_guidance,GHG Protocol Scope 2 Guidance,P0_review_queue,contextual_scope_inventory_mapping,scope_inventory_context_without_explicit_fine_series_name,14,VALERO ENERGY-2024 ESG Report 0823 FINAL pages.pdf,"Review: contextual inventory or Scope wording is present, but the page does not explicitly name this exact GHGP/PCAF series.",Promote only after page-level PDF text explicitly names this exact controlled GHGP/PCAF standard; otherwise keep review-only.
GHG-SERIES-REVIEW-0095,world500_ghg_series_acceptance_ledger.json,review,review_required_contextual_inventory_mapping,r061_valeroenergy,VALERO ENERGY,61,ghg_scope3_calculation_guidance,GHG Protocol Scope 3 Calculation Guidance,P0_review_queue,contextual_scope_inventory_mapping,scope_inventory_context_without_explicit_fine_series_name,14,VALERO ENERGY-2024 ESG Report 0823 FINAL pages.pdf,"Review: contextual inventory or Scope wording is present, but the page does not explicitly name this exact GHGP/PCAF series.",Promote only after page-level PDF text explicitly names this exact controlled GHGP/PCAF standard; otherwise keep review-only.
GHG-SERIES-REVIEW-0096,world500_ghg_series_acceptance_ledger.json,review,review_required_contextual_inventory_mapping,r061_valeroenergy,VALERO ENERGY,61,ghg_scope3_standard,GHG Protocol Corporate Value Chain (Scope 3) Accounting and Reporting Standard,P0_review_queue,contextual_scope_inventory_mapping,scope_inventory_context_without_explicit_fine_series_name,14,VALERO ENERGY-2024 ESG Report 0823 FINAL pages.pdf,"Review: contextual inventory or Scope wording is present, but the page does not explicitly name this exact GHGP/PCAF series.",Promote only after page-level PDF text explicitly names this exact controlled GHGP/PCAF standard; otherwise keep review-only.
GHG-SERIES-REVIEW-0097,world500_ghg_series_acceptance_ledger.json,review,review_required_contextual_inventory_mapping,r066_metaplatforms公司,Meta Platforms,66,ghg_corporate_standard,GHG Protocol Corporate Accounting and Reporting Standard,P0_review_queue,contextual_scope_inventory_mapping,scope_inventory_context_without_explicit_fine_series_name,21,Meta-2024-Sustainability-Report.pdf,"Review: contextual inventory or Scope wording is present, but the page does not explicitly name this exact GHGP/PCAF series.",Promote only after page-level PDF text explicitly names this exact controlled GHGP/PCAF standard; otherwise keep review-only.
GHG-SERIES-REVIEW-0098,world500_ghg_series_acceptance_ledger.json,review,review_required_contextual_inventory_mapping,r066_metaplatforms公司,Meta Platforms,66,ghg_scope2_guidance,GHG Protocol Scope 2 Guidance,P0_review_queue,contextual_scope_inventory_mapping,scope_inventory_context_without_explicit_fine_series_name,21,Meta-2024-Sustainability-Report.pdf,"Review: contextual inventory or Scope wording is present, but the page does not explicitly name this exact GHGP/PCAF series.",Promote only after page-level PDF text explicitly names this exact controlled GHGP/PCAF standard; otherwise keep review-only.
GHG-SERIES-REVIEW-0099,world500_ghg_series_acceptance_ledger.json,review,review_required_contextual_inventory_mapping,r066_metaplatforms公司,Meta Platforms,66,ghg_scope3_calculation_guidance,GHG Protocol Scope 3 Calculation Guidance,P0_review_queue,contextual_scope_inventory_mapping,scope_inventory_context_without_explicit_fine_series_name,21,Meta-2024-Sustainability-Report.pdf,"Review: contextual inventory or Scope wording is present, but the page does not explicitly name this exact GHGP/PCAF series.",Promote only after page-level PDF text explicitly names this exact controlled GHGP/PCAF standard; otherwise keep review-only.
GHG-SERIES-REVIEW-0100,world500_ghg_series_acceptance_ledger.json,review,review_required_contextual_inventory_mapping,r066_metaplatforms公司,Meta Platforms,66,ghg_scope3_standard,GHG Protocol Corporate Value Chain (Scope 3) Accounting and Reporting Standard,P0_review_queue,contextual_scope_inventory_mapping,scope_inventory_context_without_explicit_fine_series_name,21,Meta-2024-Sustainability-Report.pdf,"Review: contextual inventory or Scope wording is present, but the page does not explicitly name this exact GHGP/PCAF series.",Promote only after page-level PDF text explicitly names this exact controlled GHGP/PCAF standard; otherwise keep review-only.
GHG-SERIES-REVIEW-0101,world500_ghg_series_acceptance_ledger.json,review,review_required_contextual_inventory_mapping,r067_hsbcholdings,HSBC HOLDINGS,67,ghg_corporate_standard,GHG Protocol Corporate Accounting and Reporting Standard,P0_review_queue,contextual_scope_inventory_mapping,scope_inventory_context_without_explicit_fine_series_name,46,HSBC HOLDINGS-250219-annual-report-and-accounts-2024.pdf,"Review: contextual inventory or Scope wording is present, but the page does not explicitly name this exact GHGP/PCAF series.",Promote only after page-level PDF text explicitly names this exact controlled GHGP/PCAF standard; otherwise keep review-only.
GHG-SERIES-REVIEW-0102,world500_ghg_series_acceptance_ledger.json,review,review_required_contextual_inventory_mapping,r077_deutschetelekom,DEUTSCHE TELEKOM,77,ghg_corporate_standard,GHG Protocol Corporate Accounting and Reporting Standard,P0_review_queue,contextual_scope_inventory_mapping,scope_inventory_context_without_explicit_fine_series_name,25,DEUTSCHE TELEKOM-cr_en_2022_dt_final.pdf,"Review: contextual inventory or Scope wording is present, but the page does not explicitly name this exact GHGP/PCAF series.",Promote only after page-level PDF text explicitly names this exact controlled GHGP/PCAF standard; otherwise keep review-only.
GHG-SERIES-REVIEW-0103,world500_ghg_series_acceptance_ledger.json,review,review_required_contextual_inventory_mapping,r077_deutschetelekom,DEUTSCHE TELEKOM,77,ghg_scope3_calculation_guidance,GHG Protocol Scope 3 Calculation Guidance,P0_review_queue,contextual_scope_inventory_mapping,scope_inventory_context_without_explicit_fine_series_name,25,DEUTSCHE TELEKOM-cr_en_2022_dt_final.pdf,"Review: contextual inventory or Scope wording is present, but the page does not explicitly name this exact GHGP/PCAF series.",Promote only after page-level PDF text explicitly names this exact controlled GHGP/PCAF standard; otherwise keep review-only.
GHG-SERIES-REVIEW-0104,world500_ghg_series_acceptance_ledger.json,review,review_required_contextual_inventory_mapping,r077_deutschetelekom,DEUTSCHE TELEKOM,77,ghg_scope3_standard,GHG Protocol Corporate Value Chain (Scope 3) Accounting and Reporting Standard,P0_review_queue,contextual_scope_inventory_mapping,scope_inventory_context_without_explicit_fine_series_name,25,DEUTSCHE TELEKOM-cr_en_2022_dt_final.pdf,"Review: contextual inventory or Scope wording is present, but the page does not explicitly name this exact GHGP/PCAF series.",Promote only after page-level PDF text explicitly names this exact controlled GHGP/PCAF standard; otherwise keep review-only.
GHG-SERIES-REVIEW-0105,world500_ghg_series_acceptance_ledger.json,review,review_required_contextual_inventory_mapping,r079_uniper公司,Uniper,79,ghg_corporate_standard,GHG Protocol Corporate Accounting and Reporting Standard,P0_review_queue,contextual_scope_inventory_mapping,scope_inventory_context_without_explicit_fine_series_name,30,2025_08_07_Uniper_Climate_Transition_Plan_2025.pdf,"Review: contextual inventory or Scope wording is present, but the page does not explicitly name this exact GHGP/PCAF series.",Promote only after page-level PDF text explicitly names this exact controlled GHGP/PCAF standard; otherwise keep review-only.
GHG-SERIES-REVIEW-0106,world500_ghg_series_acceptance_ledger.json,review,review_required_contextual_inventory_mapping,r079_uniper公司,Uniper,79,ghg_scope3_standard,GHG Protocol Corporate Value Chain (Scope 3) Accounting and Reporting Standard,P0_review_queue,contextual_scope_inventory_mapping,scope_inventory_context_without_explicit_fine_series_name,30,2025_08_07_Uniper_Climate_Transition_Plan_2025.pdf,"Review: contextual inventory or Scope wording is present, but the page does not explicitly name this exact GHGP/PCAF series.",Promote only after page-level PDF text explicitly names this exact controlled GHGP/PCAF standard; otherwise keep review-only.
GHG-SERIES-REVIEW-0107,world500_ghg_series_acceptance_ledger.json,review,review_required_contextual_inventory_mapping,r090_target,TARGET,90,ghg_scope2_guidance,GHG Protocol Scope 2 Guidance,P0_review_queue,contextual_scope_inventory_mapping,scope_inventory_context_without_explicit_fine_series_name,6,TARGET-2024-Sustainability-and-Governance-Report-Appendix.pdf,"Review: contextual inventory or Scope wording is present, but the page does not explicitly name this exact GHGP/PCAF series.",Promote only after page-level PDF text explicitly names this exact controlled GHGP/PCAF standard; otherwise keep review-only.
GHG-SERIES-REVIEW-0108,world500_ghg_series_acceptance_ledger.json,review,review_required_contextual_inventory_mapping,r090_target,TARGET,90,ghg_scope3_calculation_guidance,GHG Protocol Scope 3 Calculation Guidance,P0_review_queue,contextual_scope_inventory_mapping,scope_inventory_context_without_explicit_fine_series_name,6,TARGET-2024-Sustainability-and-Governance-Report-Appendix.pdf,"Review: contextual inventory or Scope wording is present, but the page does not explicitly name this exact GHGP/PCAF series.",Promote only after page-level PDF text explicitly names this exact controlled GHGP/PCAF standard; otherwise keep review-only.
GHG-SERIES-REVIEW-0109,world500_ghg_series_acceptance_ledger.json,review,review_required_contextual_inventory_mapping,r090_target,TARGET,90,ghg_scope3_standard,GHG Protocol Corporate Value Chain (Scope 3) Accounting and Reporting Standard,P0_review_queue,contextual_scope_inventory_mapping,scope_inventory_context_without_explicit_fine_series_name,6,TARGET-2024-Sustainability-and-Governance-Report-Appendix.pdf,"Review: contextual inventory or Scope wording is present, but the page does not explicitly name this exact GHGP/PCAF series.",Promote only after page-level PDF text explicitly names this exact controlled GHGP/PCAF standard; otherwise keep review-only.
GHG-SERIES-REVIEW-0110,world500_ghg_series_acceptance_ledger.json,review,review_required_contextual_inventory_mapping,r091_equinor公司,Equinor,91,ghg_corporate_standard,GHG Protocol Corporate Accounting and Reporting Standard,P0_review_queue,contextual_scope_inventory_mapping,scope_inventory_context_without_explicit_fine_series_name,83,annual-report-2024-equinor.pdf,"Review: contextual inventory or Scope wording is present, but the page does not explicitly name this exact GHGP/PCAF series.",Promote only after page-level PDF text explicitly names this exact controlled GHGP/PCAF standard; otherwise keep review-only.
GHG-SERIES-REVIEW-0111,world500_ghg_series_acceptance_ledger.json,review,review_required_contextual_inventory_mapping,r091_equinor公司,Equinor,91,ghg_scope2_guidance,GHG Protocol Scope 2 Guidance,P0_review_queue,contextual_scope_inventory_mapping,scope_inventory_context_without_explicit_fine_series_name,83,annual-report-2024-equinor.pdf,"Review: contextual inventory or Scope wording is present, but the page does not explicitly name this exact GHGP/PCAF series.",Promote only after page-level PDF text explicitly names this exact controlled GHGP/PCAF standard; otherwise keep review-only.
GHG-SERIES-REVIEW-0112,world500_ghg_series_acceptance_ledger.json,review,review_required_contextual_inventory_mapping,r091_equinor公司,Equinor,91,ghg_scope3_calculation_guidance,GHG Protocol Scope 3 Calculation Guidance,P0_review_queue,contextual_scope_inventory_mapping,scope_inventory_context_without_explicit_fine_series_name,83,annual-report-2024-equinor.pdf,"Review: contextual inventory or Scope wording is present, but the page does not explicitly name this exact GHGP/PCAF series.",Promote only after page-level PDF text explicitly names this exact controlled GHGP/PCAF standard; otherwise keep review-only.
GHG-SERIES-REVIEW-0113,world500_ghg_series_acceptance_ledger.json,review,review_required_contextual_inventory_mapping,r091_equinor公司,Equinor,91,ghg_scope3_standard,GHG Protocol Corporate Value Chain (Scope 3) Accounting and Reporting Standard,P0_review_queue,contextual_scope_inventory_mapping,scope_inventory_context_without_explicit_fine_series_name,83,annual-report-2024-equinor.pdf,"Review: contextual inventory or Scope wording is present, but the page does not explicitly name this exact GHGP/PCAF series.",Promote only after page-level PDF text explicitly names this exact controlled GHGP/PCAF standard; otherwise keep review-only.
GHG-SERIES-REVIEW-0114,world500_ghg_series_acceptance_ledger.json,review,review_required_contextual_inventory_mapping,r096_nestlé,NESTLÉ,96,ghg_scope2_guidance,GHG Protocol Scope 2 Guidance,P0_review_queue,contextual_scope_inventory_mapping,scope_inventory_context_without_explicit_fine_series_name,21,NESTLÉ-non-financial-statement-2024.pdf,"Review: contextual inventory or Scope wording is present, but the page does not explicitly name this exact GHGP/PCAF series.",Promote only after page-level PDF text explicitly names this exact controlled GHGP/PCAF standard; otherwise keep review-only.
GHG-SERIES-REVIEW-0115,world500_ghg_series_acceptance_ledger.json,review,review_required_contextual_inventory_mapping,r096_nestlé,NESTLÉ,96,ghg_scope3_calculation_guidance,GHG Protocol Scope 3 Calculation Guidance,P0_review_queue,contextual_scope_inventory_mapping,scope_inventory_context_without_explicit_fine_series_name,21,NESTLÉ-non-financial-statement-2024.pdf,"Review: contextual inventory or Scope wording is present, but the page does not explicitly name this exact GHGP/PCAF series.",Promote only after page-level PDF text explicitly names this exact controlled GHGP/PCAF standard; otherwise keep review-only.
GHG-SERIES-REVIEW-0116,world500_ghg_series_acceptance_ledger.json,review,review_required_contextual_inventory_mapping,r096_nestlé,NESTLÉ,96,ghg_scope3_standard,GHG Protocol Corporate Value Chain (Scope 3) Accounting and Reporting Standard,P0_review_queue,contextual_scope_inventory_mapping,scope_inventory_context_without_explicit_fine_series_name,21,NESTLÉ-non-financial-statement-2024.pdf,"Review: contextual inventory or Scope wording is present, but the page does not explicitly name this exact GHGP/PCAF series.",Promote only after page-level PDF text explicitly names this exact controlled GHGP/PCAF standard; otherwise keep review-only.
GHG-SERIES-REVIEW-0117,world500_ghg_series_acceptance_ledger.json,demoted,demoted_overmapped_edge_not_accepted,r097_enel,ENEL,97,ghg_scope3_standard,GHG Protocol Corporate Value Chain (Scope 3) Accounting and Reporting Standard,P0_demoted_overmapping,contextual_overmapped_review,sample_names_other_series_or_no_current_series_name,131 | 145,ENEL-integrated-annual-report_2024.pdf,Demoted: contextual overmapping points to another series or only generic GHG context; keep out of accepted graph.,Do not draw as accepted. Use only as a search/demotion lead unless new explicit page evidence is found.
GHG-SERIES-REVIEW-0118,world500_ghg_series_acceptance_ledger.json,review,review_required_contextual_inventory_mapping,r098_eni,ENI,98,ghg_scope3_calculation_guidance,GHG Protocol Scope 3 Calculation Guidance,P0_review_queue,contextual_scope_inventory_mapping,scope_inventory_context_without_explicit_fine_series_name,23,ENI-Annual-Report-2024.pdf,"Review: contextual inventory or Scope wording is present, but the page does not explicitly name this exact GHGP/PCAF series.",Promote only after page-level PDF text explicitly names this exact controlled GHGP/PCAF standard; otherwise keep review-only.
GHG-SERIES-REVIEW-0119,world500_ghg_series_acceptance_ledger.json,review,review_required_contextual_inventory_mapping,r101_eon,E.ON,101,ghg_scope2_guidance,GHG Protocol Scope 2 Guidance,P0_review_queue,contextual_scope_inventory_mapping,scope_inventory_context_without_explicit_fine_series_name,41,E.ON-GB24-gesamt-EN_final.pdf,"Review: contextual inventory or Scope wording is present, but the page does not explicitly name this exact GHGP/PCAF series.",Promote only after page-level PDF text explicitly names this exact controlled GHGP/PCAF standard; otherwise keep review-only.
GHG-SERIES-REVIEW-0120,world500_ghg_series_acceptance_ledger.json,review,review_required_contextual_inventory_mapping,r101_eon,E.ON,101,ghg_scope3_calculation_guidance,GHG Protocol Scope 3 Calculation Guidance,P0_review_queue,contextual_scope_inventory_mapping,scope_inventory_context_without_explicit_fine_series_name,41,E.ON-GB24-gesamt-EN_final.pdf,"Review: contextual inventory or Scope wording is present, but the page does not explicitly name this exact GHGP/PCAF series.",Promote only after page-level PDF text explicitly names this exact controlled GHGP/PCAF standard; otherwise keep review-only.
GHG-SERIES-REVIEW-0121,world500_ghg_series_acceptance_ledger.json,demoted,demoted_overmapped_edge_not_accepted,r105_boschgroup,BOSCH GROUP,105,ghg_scope3_standard,GHG Protocol Corporate Value Chain (Scope 3) Accounting and Reporting Standard,P0_demoted_overmapping,contextual_overmapped_review,sample_names_other_series_or_no_current_series_name,8 | 17 | 29 | 34,bosch-sustainability-report-2024.pdf,Demoted: contextual overmapping points to another series or only generic GHG context; keep out of accepted graph.,Do not draw as accepted. Use only as a search/demotion lead unless new explicit page evidence is found.
GHG-SERIES-REVIEW-0122,world500_ghg_series_acceptance_ledger.json,review,review_required_contextual_inventory_mapping,r107_itochu,ITOCHU,107,ghg_corporate_standard,GHG Protocol Corporate Accounting and Reporting Standard,P0_review_queue,contextual_scope_inventory_mapping,scope_inventory_context_without_explicit_fine_series_name,109,ITOCHU-ESG report 2024.pdf,"Review: contextual inventory or Scope wording is present, but the page does not explicitly name this exact GHGP/PCAF series.",Promote only after page-level PDF text explicitly names this exact controlled GHGP/PCAF standard; otherwise keep review-only.
GHG-SERIES-REVIEW-0123,world500_ghg_series_acceptance_ledger.json,review,review_required_contextual_inventory_mapping,r107_itochu,ITOCHU,107,ghg_scope2_guidance,GHG Protocol Scope 2 Guidance,P0_review_queue,contextual_scope_inventory_mapping,scope_inventory_context_without_explicit_fine_series_name,109,ITOCHU-ESG report 2024.pdf,"Review: contextual inventory or Scope wording is present, but the page does not explicitly name this exact GHGP/PCAF series.",Promote only after page-level PDF text explicitly names this exact controlled GHGP/PCAF standard; otherwise keep review-only.
GHG-SERIES-REVIEW-0124,world500_ghg_series_acceptance_ledger.json,review,review_required_contextual_inventory_mapping,r107_itochu,ITOCHU,107,ghg_scope3_calculation_guidance,GHG Protocol Scope 3 Calculation Guidance,P0_review_queue,contextual_scope_inventory_mapping,scope_inventory_context_without_explicit_fine_series_name,109,ITOCHU-ESG report 2024.pdf,"Review: contextual inventory or Scope wording is present, but the page does not explicitly name this exact GHGP/PCAF series.",Promote only after page-level PDF text explicitly names this exact controlled GHGP/PCAF standard; otherwise keep review-only.
GHG-SERIES-REVIEW-0125,world500_ghg_series_acceptance_ledger.json,review,review_required_contextual_inventory_mapping,r107_itochu,ITOCHU,107,ghg_scope3_standard,GHG Protocol Corporate Value Chain (Scope 3) Accounting and Reporting Standard,P0_review_queue,contextual_scope_inventory_mapping,scope_inventory_context_without_explicit_fine_series_name,109,ITOCHU-ESG report 2024.pdf,"Review: contextual inventory or Scope wording is present, but the page does not explicitly name this exact GHGP/PCAF series.",Promote only after page-level PDF text explicitly names this exact controlled GHGP/PCAF standard; otherwise keep review-only.
GHG-SERIES-REVIEW-0126,world500_ghg_series_acceptance_ledger.json,demoted,demoted_overmapped_edge_not_accepted,r111_morganstanley,MORGAN STANLEY,111,ghg_scope2_guidance,GHG Protocol Scope 2 Guidance,P0_demoted_overmapping,contextual_overmapped_review,sample_names_other_series_or_no_current_series_name,47,Morgan_Stanley_2023_ESG_Report.pdf,Demoted: contextual overmapping points to another series or only generic GHG context; keep out of accepted graph.,Do not draw as accepted. Use only as a search/demotion lead unless new explicit page evidence is found.
GHG-SERIES-REVIEW-0127,world500_ghg_series_acceptance_ledger.json,demoted,demoted_overmapped_edge_not_accepted,r111_morganstanley,MORGAN STANLEY,111,ghg_scope3_standard,GHG Protocol Corporate Value Chain (Scope 3) Accounting and Reporting Standard,P0_demoted_overmapping,contextual_overmapped_review,sample_names_other_series_or_no_current_series_name,47 | 57 | 82,Morgan_Stanley_2023_ESG_Report.pdf,Demoted: contextual overmapping points to another series or only generic GHG context; keep out of accepted graph.,Do not draw as accepted. Use only as a search/demotion lead unless new explicit page evidence is found.
GHG-SERIES-REVIEW-0128,world500_ghg_series_acceptance_ledger.json,review,review_required_contextual_inventory_mapping,r114_royalaholddelhaize,ROYAL AHOLD DELHAIZE,114,ghg_scope3_calculation_guidance,GHG Protocol Scope 3 Calculation Guidance,P0_review_queue,contextual_scope_inventory_mapping,scope_inventory_context_without_explicit_fine_series_name,117,Ahold_Delhaize_Annual_Report_2024.pdf,"Review: contextual inventory or Scope wording is present, but the page does not explicitly name this exact GHGP/PCAF series.",Promote only after page-level PDF text explicitly names this exact controlled GHGP/PCAF standard; otherwise keep review-only.
GHG-SERIES-REVIEW-0129,world500_ghg_series_acceptance_ledger.json,demoted,demoted_overmapped_edge_not_accepted,r117_adm公司,ADM,117,ghg_corporate_standard,GHG Protocol Corporate Accounting and Reporting Standard,P0_demoted_overmapping,contextual_overmapped_review,sample_names_other_series_or_no_current_series_name,25,final_archer-daniels-midland-adm_2023-corporate-sustainability-report.pdf,Demoted: contextual overmapping points to another series or only generic GHG context; keep out of accepted graph.,Do not draw as accepted. Use only as a search/demotion lead unless new explicit page evidence is found.
GHG-SERIES-REVIEW-0130,world500_ghg_series_acceptance_ledger.json,demoted,demoted_overmapped_edge_not_accepted,r117_adm公司,ADM,117,ghg_land_sector_removals_standard,GHG Protocol Land Sector and Removals Standard,P0_demoted_overmapping,contextual_overmapped_review,sample_names_other_series_or_no_current_series_name,25,final_archer-daniels-midland-adm_2023-corporate-sustainability-report.pdf,Demoted: contextual overmapping points to another series or only generic GHG context; keep out of accepted graph.,Do not draw as accepted. Use only as a search/demotion lead unless new explicit page evidence is found.
GHG-SERIES-REVIEW-0131,world500_ghg_series_acceptance_ledger.json,demoted,demoted_overmapped_edge_not_accepted,r117_adm公司,ADM,117,ghg_scope2_guidance,GHG Protocol Scope 2 Guidance,P0_demoted_overmapping,contextual_overmapped_review,sample_names_other_series_or_no_current_series_name,25,final_archer-daniels-midland-adm_2023-corporate-sustainability-report.pdf,Demoted: contextual overmapping points to another series or only generic GHG context; keep out of accepted graph.,Do not draw as accepted. Use only as a search/demotion lead unless new explicit page evidence is found.
GHG-SERIES-REVIEW-0132,world500_ghg_series_acceptance_ledger.json,review,review_required_contextual_inventory_mapping,r119_christiandior,CHRISTIAN DIOR,119,ghg_corporate_standard,GHG Protocol Corporate Accounting and Reporting Standard,P0_review_queue,contextual_scope_inventory_mapping,scope_inventory_context_without_explicit_fine_series_name,93,ChristianDior_2024_Annual_Report.pdf,"Review: contextual inventory or Scope wording is present, but the page does not explicitly name this exact GHGP/PCAF series.",Promote only after page-level PDF text explicitly names this exact controlled GHGP/PCAF standard; otherwise keep review-only.
GHG-SERIES-REVIEW-0133,world500_ghg_series_acceptance_ledger.json,review,review_required_contextual_inventory_mapping,r119_christiandior,CHRISTIAN DIOR,119,ghg_scope2_guidance,GHG Protocol Scope 2 Guidance,P0_review_queue,contextual_scope_inventory_mapping,scope_inventory_context_without_explicit_fine_series_name,93,ChristianDior_2024_Annual_Report.pdf,"Review: contextual inventory or Scope wording is present, but the page does not explicitly name this exact GHGP/PCAF series.",Promote only after page-level PDF text explicitly names this exact controlled GHGP/PCAF standard; otherwise keep review-only.
GHG-SERIES-REVIEW-0134,world500_ghg_series_acceptance_ledger.json,review,review_required_contextual_inventory_mapping,r119_christiandior,CHRISTIAN DIOR,119,ghg_scope3_calculation_guidance,GHG Protocol Scope 3 Calculation Guidance,P0_review_queue,contextual_scope_inventory_mapping,scope_inventory_context_without_explicit_fine_series_name,93,ChristianDior_2024_Annual_Report.pdf,"Review: contextual inventory or Scope wording is present, but the page does not explicitly name this exact GHGP/PCAF series.",Promote only after page-level PDF text explicitly names this exact controlled GHGP/PCAF standard; otherwise keep review-only.
GHG-SERIES-REVIEW-0135,world500_ghg_series_acceptance_ledger.json,review,review_required_contextual_inventory_mapping,r119_christiandior,CHRISTIAN DIOR,119,ghg_scope3_standard,GHG Protocol Corporate Value Chain (Scope 3) Accounting and Reporting Standard,P0_review_queue,contextual_scope_inventory_mapping,scope_inventory_context_without_explicit_fine_series_name,93,ChristianDior_2024_Annual_Report.pdf,"Review: contextual inventory or Scope wording is present, but the page does not explicitly name this exact GHGP/PCAF series.",Promote only after page-level PDF text explicitly names this exact controlled GHGP/PCAF standard; otherwise keep review-only.
GHG-SERIES-REVIEW-0136,world500_ghg_series_acceptance_ledger.json,review,review_required_contextual_inventory_mapping,r120_nippontelegraphandtelephone,NIPPON TELEGRAPH AND TELEPHONE,120,ghg_corporate_standard,GHG Protocol Corporate Accounting and Reporting Standard,P0_review_queue,contextual_scope_inventory_mapping,scope_inventory_context_without_explicit_fine_series_name,35,NIPPON TELEGRAPH AND TELEPHONE-integrated_report_24e_p.pdf,"Review: contextual inventory or Scope wording is present, but the page does not explicitly name this exact GHGP/PCAF series.",Promote only after page-level PDF text explicitly names this exact controlled GHGP/PCAF standard; otherwise keep review-only.
GHG-SERIES-REVIEW-0137,world500_ghg_series_acceptance_ledger.json,review,review_required_contextual_inventory_mapping,r120_nippontelegraphandtelephone,NIPPON TELEGRAPH AND TELEPHONE,120,ghg_scope3_calculation_guidance,GHG Protocol Scope 3 Calculation Guidance,P0_review_queue,contextual_scope_inventory_mapping,scope_inventory_context_without_explicit_fine_series_name,35,NIPPON TELEGRAPH AND TELEPHONE-integrated_report_24e_p.pdf,"Review: contextual inventory or Scope wording is present, but the page does not explicitly name this exact GHGP/PCAF series.",Promote only after page-level PDF text explicitly names this exact controlled GHGP/PCAF standard; otherwise keep review-only.
GHG-SERIES-REVIEW-0138,world500_ghg_series_acceptance_ledger.json,review,review_required_contextual_inventory_mapping,r121_mitsui,MITSUI,121,ghg_corporate_standard,GHG Protocol Corporate Accounting and Reporting Standard,P0_review_queue,contextual_scope_inventory_mapping,scope_inventory_context_without_explicit_fine_series_name,125,SUMITOMO MITSUI FINANCIAL GROUP sustainability_report_e_2025.pdf,"Review: contextual inventory or Scope wording is present, but the page does not explicitly name this exact GHGP/PCAF series.",Promote only after page-level PDF text explicitly names this exact controlled GHGP/PCAF standard; otherwise keep review-only.
GHG-SERIES-REVIEW-0139,world500_ghg_series_acceptance_ledger.json,review,review_required_contextual_inventory_mapping,r122_carrefour,CARREFOUR,122,ghg_corporate_standard,GHG Protocol Corporate Accounting and Reporting Standard,P0_review_queue,contextual_scope_inventory_mapping,scope_inventory_context_without_explicit_fine_series_name,93,Carrefour_2024_Universal_Registration_Document.pdf,"Review: contextual inventory or Scope wording is present, but the page does not explicitly name this exact GHGP/PCAF series.",Promote only after page-level PDF text explicitly names this exact controlled GHGP/PCAF standard; otherwise keep review-only.
GHG-SERIES-REVIEW-0140,world500_ghg_series_acceptance_ledger.json,review,review_required_contextual_inventory_mapping,r122_carrefour,CARREFOUR,122,ghg_scope3_calculation_guidance,GHG Protocol Scope 3 Calculation Guidance,P0_review_queue,contextual_scope_inventory_mapping,scope_inventory_context_without_explicit_fine_series_name,93,Carrefour_2024_Universal_Registration_Document.pdf,"Review: contextual inventory or Scope wording is present, but the page does not explicitly name this exact GHGP/PCAF series.",Promote only after page-level PDF text explicitly names this exact controlled GHGP/PCAF standard; otherwise keep review-only.
GHG-SERIES-REVIEW-0141,world500_ghg_series_acceptance_ledger.json,review,review_required_contextual_inventory_mapping,r122_carrefour,CARREFOUR,122,ghg_scope3_standard,GHG Protocol Corporate Value Chain (Scope 3) Accounting and Reporting Standard,P0_review_queue,contextual_scope_inventory_mapping,scope_inventory_context_without_explicit_fine_series_name,93,Carrefour_2024_Universal_Registration_Document.pdf,"Review: contextual inventory or Scope wording is present, but the page does not explicitly name this exact GHGP/PCAF series.",Promote only after page-level PDF text explicitly names this exact controlled GHGP/PCAF standard; otherwise keep review-only.
GHG-SERIES-REVIEW-0142,world500_ghg_series_acceptance_ledger.json,review,review_required_contextual_inventory_mapping,r123_pepsico,PEPSICO,123,ghg_corporate_standard,GHG Protocol Corporate Accounting and Reporting Standard,P0_review_queue,contextual_scope_inventory_mapping,scope_inventory_context_without_explicit_fine_series_name,21,PEPSICO-2024-esg-summary-esg-performance-metrics.pdf,"Review: contextual inventory or Scope wording is present, but the page does not explicitly name this exact GHGP/PCAF series.",Promote only after page-level PDF text explicitly names this exact controlled GHGP/PCAF standard; otherwise keep review-only.
GHG-SERIES-REVIEW-0143,world500_ghg_series_acceptance_ledger.json,review,review_required_contextual_inventory_mapping,r123_pepsico,PEPSICO,123,ghg_land_sector_removals_standard,GHG Protocol Land Sector and Removals Standard,P0_review_queue,contextual_scope_inventory_mapping,scope_inventory_context_without_explicit_fine_series_name,21,PEPSICO-2024-esg-summary-esg-performance-metrics.pdf,"Review: contextual inventory or Scope wording is present, but the page does not explicitly name this exact GHGP/PCAF series.",Promote only after page-level PDF text explicitly names this exact controlled GHGP/PCAF standard; otherwise keep review-only.
GHG-SERIES-REVIEW-0144,world500_ghg_series_acceptance_ledger.json,review,review_required_contextual_inventory_mapping,r123_pepsico,PEPSICO,123,ghg_scope2_guidance,GHG Protocol Scope 2 Guidance,P0_review_queue,contextual_scope_inventory_mapping,scope_inventory_context_without_explicit_fine_series_name,21,PEPSICO-2024-esg-summary-esg-performance-metrics.pdf,"Review: contextual inventory or Scope wording is present, but the page does not explicitly name this exact GHGP/PCAF series.",Promote only after page-level PDF text explicitly names this exact controlled GHGP/PCAF standard; otherwise keep review-only.
GHG-SERIES-REVIEW-0145,world500_ghg_series_acceptance_ledger.json,review,review_required_contextual_inventory_mapping,r123_pepsico,PEPSICO,123,ghg_scope3_calculation_guidance,GHG Protocol Scope 3 Calculation Guidance,P0_review_queue,contextual_scope_inventory_mapping,scope_inventory_context_without_explicit_fine_series_name,21,PEPSICO-2024-esg-summary-esg-performance-metrics.pdf,"Review: contextual inventory or Scope wording is present, but the page does not explicitly name this exact GHGP/PCAF series.",Promote only after page-level PDF text explicitly names this exact controlled GHGP/PCAF standard; otherwise keep review-only.
GHG-SERIES-REVIEW-0146,world500_ghg_series_acceptance_ledger.json,review,review_required_contextual_inventory_mapping,r123_pepsico,PEPSICO,123,ghg_scope3_standard,GHG Protocol Corporate Value Chain (Scope 3) Accounting and Reporting Standard,P0_review_queue,contextual_scope_inventory_mapping,scope_inventory_context_without_explicit_fine_series_name,21,PEPSICO-2024-esg-summary-esg-performance-metrics.pdf,"Review: contextual inventory or Scope wording is present, but the page does not explicitly name this exact GHGP/PCAF series.",Promote only after page-level PDF text explicitly names this exact controlled GHGP/PCAF standard; otherwise keep review-only.
GHG-SERIES-REVIEW-0147,world500_ghg_series_acceptance_ledger.json,review,review_required_contextual_inventory_mapping,r124_unitedparcelservice,UNITED PARCEL SERVICE,124,ghg_scope2_guidance,GHG Protocol Scope 2 Guidance,P0_review_queue,contextual_scope_inventory_mapping,scope_inventory_context_without_explicit_fine_series_name,10,2024-UPS-GRI-Report.pdf,"Review: contextual inventory or Scope wording is present, but the page does not explicitly name this exact GHGP/PCAF series.",Promote only after page-level PDF text explicitly names this exact controlled GHGP/PCAF standard; otherwise keep review-only.
GHG-SERIES-REVIEW-0148,world500_ghg_series_acceptance_ledger.json,review,review_required_contextual_inventory_mapping,r124_unitedparcelservice,UNITED PARCEL SERVICE,124,ghg_scope3_calculation_guidance,GHG Protocol Scope 3 Calculation Guidance,P0_review_queue,contextual_scope_inventory_mapping,scope_inventory_context_without_explicit_fine_series_name,10,2024-UPS-GRI-Report.pdf,"Review: contextual inventory or Scope wording is present, but the page does not explicitly name this exact GHGP/PCAF series.",Promote only after page-level PDF text explicitly names this exact controlled GHGP/PCAF standard; otherwise keep review-only.
GHG-SERIES-REVIEW-0149,world500_ghg_series_acceptance_ledger.json,review,review_required_contextual_inventory_mapping,r125_ptt,PTT,125,ghg_corporate_standard,GHG Protocol Corporate Accounting and Reporting Standard,P0_review_queue,contextual_scope_inventory_mapping,scope_inventory_context_without_explicit_fine_series_name,152,PTT One Report ENG 2024.pdf,"Review: contextual inventory or Scope wording is present, but the page does not explicitly name this exact GHGP/PCAF series.",Promote only after page-level PDF text explicitly names this exact controlled GHGP/PCAF standard; otherwise keep review-only.
GHG-SERIES-REVIEW-0150,world500_ghg_series_acceptance_ledger.json,review,review_required_contextual_inventory_mapping,r125_ptt,PTT,125,ghg_scope2_guidance,GHG Protocol Scope 2 Guidance,P0_review_queue,contextual_scope_inventory_mapping,scope_inventory_context_without_explicit_fine_series_name,152,PTT One Report ENG 2024.pdf,"Review: contextual inventory or Scope wording is present, but the page does not explicitly name this exact GHGP/PCAF series.",Promote only after page-level PDF text explicitly names this exact controlled GHGP/PCAF standard; otherwise keep review-only.
GHG-SERIES-REVIEW-0151,world500_ghg_series_acceptance_ledger.json,review,review_required_contextual_inventory_mapping,r125_ptt,PTT,125,ghg_scope3_calculation_guidance,GHG Protocol Scope 3 Calculation Guidance,P0_review_queue,contextual_scope_inventory_mapping,scope_inventory_context_without_explicit_fine_series_name,152,PTT One Report ENG 2024.pdf,"Review: contextual inventory or Scope wording is present, but the page does not explicitly name this exact GHGP/PCAF series.",Promote only after page-level PDF text explicitly names this exact controlled GHGP/PCAF standard; otherwise keep review-only.
GHG-SERIES-REVIEW-0152,world500_ghg_series_acceptance_ledger.json,review,review_required_contextual_inventory_mapping,r125_ptt,PTT,125,ghg_scope3_standard,GHG Protocol Corporate Value Chain (Scope 3) Accounting and Reporting Standard,P0_review_queue,contextual_scope_inventory_mapping,scope_inventory_context_without_explicit_fine_series_name,152,PTT One Report ENG 2024.pdf,"Review: contextual inventory or Scope wording is present, but the page does not explicitly name this exact GHGP/PCAF series.",Promote only after page-level PDF text explicitly names this exact controlled GHGP/PCAF standard; otherwise keep review-only.
GHG-SERIES-REVIEW-0153,world500_ghg_series_acceptance_ledger.json,review,review_required_contextual_inventory_mapping,r126_axa,AXA,126,ghg_corporate_standard,GHG Protocol Corporate Accounting and Reporting Standard,P0_review_queue,contextual_scope_inventory_mapping,scope_inventory_context_without_explicit_fine_series_name,152,axa_urd2024_accessible_va.pdf,"Review: contextual inventory or Scope wording is present, but the page does not explicitly name this exact GHGP/PCAF series.",Promote only after page-level PDF text explicitly names this exact controlled GHGP/PCAF standard; otherwise keep review-only.
GHG-SERIES-REVIEW-0154,world500_ghg_series_acceptance_ledger.json,review,review_required_contextual_inventory_mapping,r127_fedex,FEDEX,127,ghg_corporate_standard,GHG Protocol Corporate Accounting and Reporting Standard,P0_review_queue,contextual_scope_inventory_mapping,scope_inventory_context_without_explicit_fine_series_name,19,FedEx_2025_CR_Report.pdf,"Review: contextual inventory or Scope wording is present, but the page does not explicitly name this exact GHGP/PCAF series.",Promote only after page-level PDF text explicitly names this exact controlled GHGP/PCAF standard; otherwise keep review-only.
GHG-SERIES-REVIEW-0155,world500_ghg_series_acceptance_ledger.json,review,review_required_contextual_inventory_mapping,r127_fedex,FEDEX,127,ghg_scope2_guidance,GHG Protocol Scope 2 Guidance,P0_review_queue,contextual_scope_inventory_mapping,scope_inventory_context_without_explicit_fine_series_name,19,FedEx_2025_CR_Report.pdf,"Review: contextual inventory or Scope wording is present, but the page does not explicitly name this exact GHGP/PCAF series.",Promote only after page-level PDF text explicitly names this exact controlled GHGP/PCAF standard; otherwise keep review-only.
GHG-SERIES-REVIEW-0156,world500_ghg_series_acceptance_ledger.json,review,review_required_contextual_inventory_mapping,r127_fedex,FEDEX,127,ghg_scope3_calculation_guidance,GHG Protocol Scope 3 Calculation Guidance,P0_review_queue,contextual_scope_inventory_mapping,scope_inventory_context_without_explicit_fine_series_name,19,FedEx_2025_CR_Report.pdf,"Review: contextual inventory or Scope wording is present, but the page does not explicitly name this exact GHGP/PCAF series.",Promote only after page-level PDF text explicitly names this exact controlled GHGP/PCAF standard; otherwise keep review-only.
GHG-SERIES-REVIEW-0157,world500_ghg_series_acceptance_ledger.json,review,review_required_contextual_inventory_mapping,r127_fedex,FEDEX,127,ghg_scope3_standard,GHG Protocol Corporate Value Chain (Scope 3) Accounting and Reporting Standard,P0_review_queue,contextual_scope_inventory_mapping,scope_inventory_context_without_explicit_fine_series_name,19,FedEx_2025_CR_Report.pdf,"Review: contextual inventory or Scope wording is present, but the page does not explicitly name this exact GHGP/PCAF series.",Promote only after page-level PDF text explicitly names this exact controlled GHGP/PCAF standard; otherwise keep review-only.
GHG-SERIES-REVIEW-0158,world500_ghg_series_acceptance_ledger.json,review,review_required_contextual_inventory_mapping,r128_sony,SONY,128,ghg_corporate_standard,GHG Protocol Corporate Accounting and Reporting Standard,P0_review_queue,contextual_scope_inventory_mapping,scope_inventory_context_without_explicit_fine_series_name,115,SONY-SustainabilityReport2025_E.pdf,"Review: contextual inventory or Scope wording is present, but the page does not explicitly name this exact GHGP/PCAF series.",Promote only after page-level PDF text explicitly names this exact controlled GHGP/PCAF standard; otherwise keep review-only.
GHG-SERIES-REVIEW-0159,world500_ghg_series_acceptance_ledger.json,review,review_required_contextual_inventory_mapping,r128_sony,SONY,128,ghg_product_standard,GHG Protocol Product Life Cycle Accounting and Reporting Standard,P0_review_queue,contextual_scope_inventory_mapping,scope_inventory_context_without_explicit_fine_series_name,115,SONY-SustainabilityReport2025_E.pdf,"Review: contextual inventory or Scope wording is present, but the page does not explicitly name this exact GHGP/PCAF series.",Promote only after page-level PDF text explicitly names this exact controlled GHGP/PCAF standard; otherwise keep review-only.
GHG-SERIES-REVIEW-0160,world500_ghg_series_acceptance_ledger.json,review,review_required_contextual_inventory_mapping,r128_sony,SONY,128,ghg_scope2_guidance,GHG Protocol Scope 2 Guidance,P0_review_queue,contextual_scope_inventory_mapping,scope_inventory_context_without_explicit_fine_series_name,115,SONY-SustainabilityReport2025_E.pdf,"Review: contextual inventory or Scope wording is present, but the page does not explicitly name this exact GHGP/PCAF series.",Promote only after page-level PDF text explicitly names this exact controlled GHGP/PCAF standard; otherwise keep review-only.
GHG-SERIES-REVIEW-0161,world500_ghg_series_acceptance_ledger.json,review,review_required_contextual_inventory_mapping,r128_sony,SONY,128,ghg_scope3_calculation_guidance,GHG Protocol Scope 3 Calculation Guidance,P0_review_queue,contextual_scope_inventory_mapping,scope_inventory_context_without_explicit_fine_series_name,115,SONY-SustainabilityReport2025_E.pdf,"Review: contextual inventory or Scope wording is present, but the page does not explicitly name this exact GHGP/PCAF series.",Promote only after page-level PDF text explicitly names this exact controlled GHGP/PCAF standard; otherwise keep review-only.
GHG-SERIES-REVIEW-0162,world500_ghg_series_acceptance_ledger.json,demoted,demoted_overmapped_edge_not_accepted,r128_sony,SONY,128,ghg_scope3_standard,GHG Protocol Corporate Value Chain (Scope 3) Accounting and Reporting Standard,P0_demoted_overmapping,contextual_overmapped_review,sample_names_other_series_or_no_current_series_name,115,SONY-SustainabilityReport2025_E.pdf,Demoted: contextual overmapping points to another series or only generic GHG context; keep out of accepted graph.,Do not draw as accepted. Use only as a search/demotion lead unless new explicit page evidence is found.
GHG-SERIES-REVIEW-0163,world500_ghg_series_acceptance_ledger.json,review,review_required_contextual_inventory_mapping,r130_engie集团,Engie,130,ghg_scope3_calculation_guidance,GHG Protocol Scope 3 Calculation Guidance,P0_review_queue,contextual_scope_inventory_mapping,scope_inventory_context_without_explicit_fine_series_name,112,ENGIE_DEU_2024_US__PDF_MEL_v3.pdf,"Review: contextual inventory or Scope wording is present, but the page does not explicitly name this exact GHGP/PCAF series.",Promote only after page-level PDF text explicitly names this exact controlled GHGP/PCAF standard; otherwise keep review-only.
GHG-SERIES-REVIEW-0164,world500_ghg_series_acceptance_ledger.json,review,review_required_contextual_inventory_mapping,r131_waltdisney,WALT DISNEY,131,ghg_scope2_guidance,GHG Protocol Scope 2 Guidance,P0_review_queue,contextual_scope_inventory_mapping,scope_inventory_context_without_explicit_fine_series_name,23,华特迪士尼公司-2024-SSI-Report.pdf,"Review: contextual inventory or Scope wording is present, but the page does not explicitly name this exact GHGP/PCAF series.",Promote only after page-level PDF text explicitly names this exact controlled GHGP/PCAF standard; otherwise keep review-only.
GHG-SERIES-REVIEW-0165,world500_ghg_series_acceptance_ledger.json,review,review_required_contextual_inventory_mapping,r131_waltdisney,WALT DISNEY,131,ghg_scope3_calculation_guidance,GHG Protocol Scope 3 Calculation Guidance,P0_review_queue,contextual_scope_inventory_mapping,scope_inventory_context_without_explicit_fine_series_name,23,华特迪士尼公司-2024-SSI-Report.pdf,"Review: contextual inventory or Scope wording is present, but the page does not explicitly name this exact GHGP/PCAF series.",Promote only after page-level PDF text explicitly names this exact controlled GHGP/PCAF standard; otherwise keep review-only.
GHG-SERIES-REVIEW-0166,world500_ghg_series_acceptance_ledger.json,review,review_required_contextual_inventory_mapping,r131_waltdisney,WALT DISNEY,131,ghg_scope3_standard,GHG Protocol Corporate Value Chain (Scope 3) Accounting and Reporting Standard,P0_review_queue,contextual_scope_inventory_mapping,scope_inventory_context_without_explicit_fine_series_name,23,华特迪士尼公司-2024-SSI-Report.pdf,"Review: contextual inventory or Scope wording is present, but the page does not explicitly name this exact GHGP/PCAF series.",Promote only after page-level PDF text explicitly names this exact controlled GHGP/PCAF standard; otherwise keep review-only.
GHG-SERIES-REVIEW-0167,world500_ghg_series_acceptance_ledger.json,demoted,demoted_overmapped_edge_not_accepted,r132_orlen,ORLEN,132,ghg_scope3_calculation_guidance,GHG Protocol Scope 3 Calculation Guidance,P0_demoted_overmapping,contextual_overmapped_review,sample_names_other_series_or_no_current_series_name,119,Management Board on the Operations of ORLEN Group 2024.pdf.coredownload.pdf,Demoted: contextual overmapping points to another series or only generic GHG context; keep out of accepted graph.,Do not draw as accepted. Use only as a search/demotion lead unless new explicit page evidence is found.
GHG-SERIES-REVIEW-0168,world500_ghg_series_acceptance_ledger.json,review,review_required_contextual_inventory_mapping,r134_dhlgroup,DHL GROUP,134,ghg_corporate_standard,GHG Protocol Corporate Accounting and Reporting Standard,P0_review_queue,contextual_scope_inventory_mapping,scope_inventory_context_without_explicit_fine_series_name,27,DHL-Group_2024-Progress-Report-on-Sustainability.pdf,"Review: contextual inventory or Scope wording is present, but the page does not explicitly name this exact GHGP/PCAF series.",Promote only after page-level PDF text explicitly names this exact controlled GHGP/PCAF standard; otherwise keep review-only.
GHG-SERIES-REVIEW-0169,world500_ghg_series_acceptance_ledger.json,review,review_required_contextual_inventory_mapping,r134_dhlgroup,DHL GROUP,134,ghg_scope3_standard,GHG Protocol Corporate Value Chain (Scope 3) Accounting and Reporting Standard,P0_review_queue,contextual_scope_inventory_mapping,scope_inventory_context_without_explicit_fine_series_name,27,DHL-Group_2024-Progress-Report-on-Sustainability.pdf,"Review: contextual inventory or Scope wording is present, but the page does not explicitly name this exact GHGP/PCAF series.",Promote only after page-level PDF text explicitly names this exact controlled GHGP/PCAF standard; otherwise keep review-only.
GHG-SERIES-REVIEW-0170,world500_ghg_series_acceptance_ledger.json,review,review_required_contextual_inventory_mapping,r136_nissanmotor,NISSAN MOTOR,136,ghg_corporate_standard,GHG Protocol Corporate Accounting and Reporting Standard,P0_review_queue,contextual_scope_inventory_mapping,scope_inventory_context_without_explicit_fine_series_name,63,NISSAN MOTOR-DB25_E_All.pdf,"Review: contextual inventory or Scope wording is present, but the page does not explicitly name this exact GHGP/PCAF series.",Promote only after page-level PDF text explicitly names this exact controlled GHGP/PCAF standard; otherwise keep review-only.
GHG-SERIES-REVIEW-0171,world500_ghg_series_acceptance_ledger.json,review,review_required_contextual_inventory_mapping,r136_nissanmotor,NISSAN MOTOR,136,ghg_scope3_calculation_guidance,GHG Protocol Scope 3 Calculation Guidance,P0_review_queue,contextual_scope_inventory_mapping,scope_inventory_context_without_explicit_fine_series_name,63,NISSAN MOTOR-DB25_E_All.pdf,"Review: contextual inventory or Scope wording is present, but the page does not explicitly name this exact GHGP/PCAF series.",Promote only after page-level PDF text explicitly names this exact controlled GHGP/PCAF standard; otherwise keep review-only.
GHG-SERIES-REVIEW-0172,world500_ghg_series_acceptance_ledger.json,review,review_required_contextual_inventory_mapping,r137_royalbankofcanada,ROYAL BANK OF CANADA,137,ghg_scope3_calculation_guidance,GHG Protocol Scope 3 Calculation Guidance,P0_review_queue,contextual_scope_inventory_mapping,scope_inventory_context_without_explicit_fine_series_name,58,ROYAL BANK OF CANADA-RBC-2024-sustainability-report.pdf,"Review: contextual inventory or Scope wording is present, but the page does not explicitly name this exact GHGP/PCAF series.",Promote only after page-level PDF text explicitly names this exact controlled GHGP/PCAF standard; otherwise keep review-only.
GHG-SERIES-REVIEW-0173,world500_ghg_series_acceptance_ledger.json,review,review_required_contextual_inventory_mapping,r137_royalbankofcanada,ROYAL BANK OF CANADA,137,ghg_scope3_standard,GHG Protocol Corporate Value Chain (Scope 3) Accounting and Reporting Standard,P0_review_queue,contextual_scope_inventory_mapping,scope_inventory_context_without_explicit_fine_series_name,58,ROYAL BANK OF CANADA-RBC-2024-sustainability-report.pdf,"Review: contextual inventory or Scope wording is present, but the page does not explicitly name this exact GHGP/PCAF series.",Promote only after page-level PDF text explicitly names this exact controlled GHGP/PCAF standard; otherwise keep review-only.
GHG-SERIES-REVIEW-0174,world500_ghg_series_acceptance_ledger.json,review,review_required_contextual_inventory_mapping,r140_tesco,TESCO,140,ghg_corporate_standard,GHG Protocol Corporate Accounting and Reporting Standard,P0_review_queue,contextual_scope_inventory_mapping,scope_inventory_context_without_explicit_fine_series_name,10,tesco-sustainability-report-2025.pdf,"Review: contextual inventory or Scope wording is present, but the page does not explicitly name this exact GHGP/PCAF series.",Promote only after page-level PDF text explicitly names this exact controlled GHGP/PCAF standard; otherwise keep review-only.
GHG-SERIES-REVIEW-0175,world500_ghg_series_acceptance_ledger.json,review,review_required_contextual_inventory_mapping,r140_tesco,TESCO,140,ghg_land_sector_removals_standard,GHG Protocol Land Sector and Removals Standard,P0_review_queue,contextual_scope_inventory_mapping,scope_inventory_context_without_explicit_fine_series_name,10,tesco-sustainability-report-2025.pdf,"Review: contextual inventory or Scope wording is present, but the page does not explicitly name this exact GHGP/PCAF series.",Promote only after page-level PDF text explicitly names this exact controlled GHGP/PCAF standard; otherwise keep review-only.
GHG-SERIES-REVIEW-0176,world500_ghg_series_acceptance_ledger.json,review,review_required_contextual_inventory_mapping,r140_tesco,TESCO,140,ghg_scope2_guidance,GHG Protocol Scope 2 Guidance,P0_review_queue,contextual_scope_inventory_mapping,scope_inventory_context_without_explicit_fine_series_name,10,tesco-sustainability-report-2025.pdf,"Review: contextual inventory or Scope wording is present, but the page does not explicitly name this exact GHGP/PCAF series.",Promote only after page-level PDF text explicitly names this exact controlled GHGP/PCAF standard; otherwise keep review-only.
GHG-SERIES-REVIEW-0177,world500_ghg_series_acceptance_ledger.json,review,review_required_contextual_inventory_mapping,r140_tesco,TESCO,140,ghg_scope3_calculation_guidance,GHG Protocol Scope 3 Calculation Guidance,P0_review_queue,contextual_scope_inventory_mapping,scope_inventory_context_without_explicit_fine_series_name,10,tesco-sustainability-report-2025.pdf,"Review: contextual inventory or Scope wording is present, but the page does not explicitly name this exact GHGP/PCAF series.",Promote only after page-level PDF text explicitly names this exact controlled GHGP/PCAF standard; otherwise keep review-only.
GHG-SERIES-REVIEW-0178,world500_ghg_series_acceptance_ledger.json,review,review_required_contextual_inventory_mapping,r140_tesco,TESCO,140,ghg_scope3_standard,GHG Protocol Corporate Value Chain (Scope 3) Accounting and Reporting Standard,P0_review_queue,contextual_scope_inventory_mapping,scope_inventory_context_without_explicit_fine_series_name,10,tesco-sustainability-report-2025.pdf,"Review: contextual inventory or Scope wording is present, but the page does not explicitly name this exact GHGP/PCAF series.",Promote only after page-level PDF text explicitly names this exact controlled GHGP/PCAF standard; otherwise keep review-only.
GHG-SERIES-REVIEW-0179,world500_ghg_series_acceptance_ledger.json,review,review_required_contextual_inventory_mapping,r144_nipponlifeinsurance,NIPPON LIFE INSURANCE,144,ghg_corporate_standard,GHG Protocol Corporate Accounting and Reporting Standard,P0_review_queue,contextual_scope_inventory_mapping,scope_inventory_context_without_explicit_fine_series_name,122,NIPPON LIFE INSURANCE-2024_Sustainability_Report.pdf,"Review: contextual inventory or Scope wording is present, but the page does not explicitly name this exact GHGP/PCAF series.",Promote only after page-level PDF text explicitly names this exact controlled GHGP/PCAF standard; otherwise keep review-only.
GHG-SERIES-REVIEW-0180,world500_ghg_series_acceptance_ledger.json,review,review_required_contextual_inventory_mapping,r145_siemens,SIEMENS,145,ghg_corporate_standard,GHG Protocol Corporate Accounting and Reporting Standard,P0_review_queue,contextual_scope_inventory_mapping,scope_inventory_context_without_explicit_fine_series_name,29,SIEMENS ENERGY-sustainability-report-2024-pdf_Original%20file.pdf,"Review: contextual inventory or Scope wording is present, but the page does not explicitly name this exact GHGP/PCAF series.",Promote only after page-level PDF text explicitly names this exact controlled GHGP/PCAF standard; otherwise keep review-only.
GHG-SERIES-REVIEW-0181,world500_ghg_series_acceptance_ledger.json,review,review_required_contextual_inventory_mapping,r145_siemens,SIEMENS,145,ghg_scope3_calculation_guidance,GHG Protocol Scope 3 Calculation Guidance,P0_review_queue,contextual_scope_inventory_mapping,scope_inventory_context_without_explicit_fine_series_name,29,SIEMENS ENERGY-sustainability-report-2024-pdf_Original%20file.pdf,"Review: contextual inventory or Scope wording is present, but the page does not explicitly name this exact GHGP/PCAF series.",Promote only after page-level PDF text explicitly names this exact controlled GHGP/PCAF standard; otherwise keep review-only.
GHG-SERIES-REVIEW-0182,world500_ghg_series_acceptance_ledger.json,review,review_required_contextual_inventory_mapping,r145_siemens,SIEMENS,145,ghg_scope3_standard,GHG Protocol Corporate Value Chain (Scope 3) Accounting and Reporting Standard,P0_review_queue,contextual_scope_inventory_mapping,scope_inventory_context_without_explicit_fine_series_name,29,SIEMENS ENERGY-sustainability-report-2024-pdf_Original%20file.pdf,"Review: contextual inventory or Scope wording is present, but the page does not explicitly name this exact GHGP/PCAF series.",Promote only after page-level PDF text explicitly names this exact controlled GHGP/PCAF standard; otherwise keep review-only.
GHG-SERIES-REVIEW-0183,world500_ghg_series_acceptance_ledger.json,review,review_required_contextual_inventory_mapping,r153_eneosholdings,ENEOS HOLDINGS,153,ghg_corporate_standard,GHG Protocol Corporate Accounting and Reporting Standard,P0_review_queue,contextual_scope_inventory_mapping,scope_inventory_context_without_explicit_fine_series_name,27,eneos_en_2023_f.pdf,"Review: contextual inventory or Scope wording is present, but the page does not explicitly name this exact GHGP/PCAF series.",Promote only after page-level PDF text explicitly names this exact controlled GHGP/PCAF standard; otherwise keep review-only.
GHG-SERIES-REVIEW-0184,world500_ghg_series_acceptance_ledger.json,review,review_required_contextual_inventory_mapping,r153_eneosholdings,ENEOS HOLDINGS,153,ghg_scope3_calculation_guidance,GHG Protocol Scope 3 Calculation Guidance,P0_review_queue,contextual_scope_inventory_mapping,scope_inventory_context_without_explicit_fine_series_name,27,eneos_en_2023_f.pdf,"Review: contextual inventory or Scope wording is present, but the page does not explicitly name this exact GHGP/PCAF series.",Promote only after page-level PDF text explicitly names this exact controlled GHGP/PCAF standard; otherwise keep review-only.
GHG-SERIES-REVIEW-0185,world500_ghg_series_acceptance_ledger.json,review,review_required_contextual_inventory_mapping,r153_eneosholdings,ENEOS HOLDINGS,153,ghg_scope3_standard,GHG Protocol Corporate Value Chain (Scope 3) Accounting and Reporting Standard,P0_review_queue,contextual_scope_inventory_mapping,scope_inventory_context_without_explicit_fine_series_name,27,eneos_en_2023_f.pdf,"Review: contextual inventory or Scope wording is present, but the page does not explicitly name this exact GHGP/PCAF series.",Promote only after page-level PDF text explicitly names this exact controlled GHGP/PCAF standard; otherwise keep review-only.
GHG-SERIES-REVIEW-0186,world500_ghg_series_acceptance_ledger.json,review,review_required_contextual_inventory_mapping,r166_vinci,VINCI,166,ghg_corporate_standard,GHG Protocol Corporate Accounting and Reporting Standard,P0_review_queue,contextual_scope_inventory_mapping,scope_inventory_context_without_explicit_fine_series_name,19,VINCI-2024_workforce_related_environmental_and_social_information.pdf,"Review: contextual inventory or Scope wording is present, but the page does not explicitly name this exact GHGP/PCAF series.",Promote only after page-level PDF text explicitly names this exact controlled GHGP/PCAF standard; otherwise keep review-only.
GHG-SERIES-REVIEW-0187,world500_ghg_series_acceptance_ledger.json,review,review_required_contextual_inventory_mapping,r166_vinci,VINCI,166,ghg_product_standard,GHG Protocol Product Life Cycle Accounting and Reporting Standard,P0_review_queue,contextual_scope_inventory_mapping,scope_inventory_context_without_explicit_fine_series_name,19,VINCI-2024_workforce_related_environmental_and_social_information.pdf,"Review: contextual inventory or Scope wording is present, but the page does not explicitly name this exact GHGP/PCAF series.",Promote only after page-level PDF text explicitly names this exact controlled GHGP/PCAF standard; otherwise keep review-only.
GHG-SERIES-REVIEW-0188,world500_ghg_series_acceptance_ledger.json,review,review_required_contextual_inventory_mapping,r166_vinci,VINCI,166,ghg_scope2_guidance,GHG Protocol Scope 2 Guidance,P0_review_queue,contextual_scope_inventory_mapping,scope_inventory_context_without_explicit_fine_series_name,19,VINCI-2024_workforce_related_environmental_and_social_information.pdf,"Review: contextual inventory or Scope wording is present, but the page does not explicitly name this exact GHGP/PCAF series.",Promote only after page-level PDF text explicitly names this exact controlled GHGP/PCAF standard; otherwise keep review-only.
GHG-SERIES-REVIEW-0189,world500_ghg_series_acceptance_ledger.json,review,review_required_contextual_inventory_mapping,r166_vinci,VINCI,166,ghg_scope3_standard,GHG Protocol Corporate Value Chain (Scope 3) Accounting and Reporting Standard,P0_review_queue,contextual_scope_inventory_mapping,scope_inventory_context_without_explicit_fine_series_name,19,VINCI-2024_workforce_related_environmental_and_social_information.pdf,"Review: contextual inventory or Scope wording is present, but the page does not explicitly name this exact GHGP/PCAF series.",Promote only after page-level PDF text explicitly names this exact controlled GHGP/PCAF standard; otherwise keep review-only.
GHG-SERIES-REVIEW-0190,world500_ghg_series_acceptance_ledger.json,demoted,demoted_overmapped_edge_not_accepted,r168_torontodominionbank,TORONTO-DOMINION BANK,168,ghg_scope3_calculation_guidance,GHG Protocol Scope 3 Calculation Guidance,P0_demoted_overmapping,contextual_overmapped_review,sample_names_other_series_or_no_current_series_name,60,2024-TORONTO-DOMINION BANK-sustainability-report-en.pdf,Demoted: contextual overmapping points to another series or only generic GHG context; keep out of accepted graph.,Do not draw as accepted. Use only as a search/demotion lead unless new explicit page evidence is found.
GHG-SERIES-REVIEW-0191,world500_ghg_series_acceptance_ledger.json,demoted,demoted_overmapped_edge_not_accepted,r176_巴西jbs公司,JBS,176,ghg_scope2_guidance,GHG Protocol Scope 2 Guidance,P0_demoted_overmapping,contextual_overmapped_review,sample_names_other_series_or_no_current_series_name,21 | 30,JBS_Sustainability_Report_2023.pdf,Demoted: contextual overmapping points to another series or only generic GHG context; keep out of accepted graph.,Do not draw as accepted. Use only as a search/demotion lead unless new explicit page evidence is found.
GHG-SERIES-REVIEW-0192,world500_ghg_series_acceptance_ledger.json,review,review_required_contextual_inventory_mapping,r176_巴西jbs公司,JBS,176,ghg_scope3_calculation_guidance,GHG Protocol Scope 3 Calculation Guidance,P0_review_queue,contextual_scope_inventory_mapping,scope_inventory_context_without_explicit_fine_series_name,21,JBS_Sustainability_Report_2023.pdf,"Review: contextual inventory or Scope wording is present, but the page does not explicitly name this exact GHGP/PCAF series.",Promote only after page-level PDF text explicitly names this exact controlled GHGP/PCAF standard; otherwise keep review-only.
GHG-SERIES-REVIEW-0193,world500_ghg_series_acceptance_ledger.json,demoted,demoted_overmapped_edge_not_accepted,r176_巴西jbs公司,JBS,176,ghg_scope3_standard,GHG Protocol Corporate Value Chain (Scope 3) Accounting and Reporting Standard,P0_demoted_overmapping,contextual_overmapped_review,sample_names_other_series_or_no_current_series_name,21 | 30,JBS_Sustainability_Report_2023.pdf,Demoted: contextual overmapping points to another series or only generic GHG context; keep out of accepted graph.,Do not draw as accepted. Use only as a search/demotion lead unless new explicit page evidence is found.
GHG-SERIES-REVIEW-0194,world500_ghg_series_acceptance_ledger.json,demoted,demoted_overmapped_edge_not_accepted,r177_alimentationcouchetard公司,Alimentation Couche-Tard,177,ghg_scope3_calculation_guidance,GHG Protocol Scope 3 Calculation Guidance,P0_demoted_overmapping,contextual_overmapped_review,sample_names_other_series_or_no_current_series_name,52,ALIMENTATION COUCHE-TARD-COTA085_ACT_2025_Sustainability_Report_EN_20250625_v2.pdf,Demoted: contextual overmapping points to another series or only generic GHG context; keep out of accepted graph.,Do not draw as accepted. Use only as a search/demotion lead unless new explicit page evidence is found.
GHG-SERIES-REVIEW-0195,world500_ghg_series_acceptance_ledger.json,review,review_required_contextual_inventory_mapping,r183_airbus,AIRBUS,183,ghg_corporate_standard,GHG Protocol Corporate Accounting and Reporting Standard,P0_review_queue,contextual_scope_inventory_mapping,scope_inventory_context_without_explicit_fine_series_name,4,AIRBUS-pm_38_711_711991-us758j55ai.pdf,"Review: contextual inventory or Scope wording is present, but the page does not explicitly name this exact GHGP/PCAF series.",Promote only after page-level PDF text explicitly names this exact controlled GHGP/PCAF standard; otherwise keep review-only.
GHG-SERIES-REVIEW-0196,world500_ghg_series_acceptance_ledger.json,review,review_required_contextual_inventory_mapping,r183_airbus,AIRBUS,183,ghg_product_standard,GHG Protocol Product Life Cycle Accounting and Reporting Standard,P0_review_queue,contextual_scope_inventory_mapping,scope_inventory_context_without_explicit_fine_series_name,4,AIRBUS-pm_38_711_711991-us758j55ai.pdf,"Review: contextual inventory or Scope wording is present, but the page does not explicitly name this exact GHGP/PCAF series.",Promote only after page-level PDF text explicitly names this exact controlled GHGP/PCAF standard; otherwise keep review-only.
GHG-SERIES-REVIEW-0197,world500_ghg_series_acceptance_ledger.json,review,review_required_contextual_inventory_mapping,r183_airbus,AIRBUS,183,ghg_scope2_guidance,GHG Protocol Scope 2 Guidance,P0_review_queue,contextual_scope_inventory_mapping,scope_inventory_context_without_explicit_fine_series_name,4,AIRBUS-pm_38_711_711991-us758j55ai.pdf,"Review: contextual inventory or Scope wording is present, but the page does not explicitly name this exact GHGP/PCAF series.",Promote only after page-level PDF text explicitly names this exact controlled GHGP/PCAF standard; otherwise keep review-only.
GHG-SERIES-REVIEW-0198,world500_ghg_series_acceptance_ledger.json,review,review_required_contextual_inventory_mapping,r183_airbus,AIRBUS,183,ghg_scope3_calculation_guidance,GHG Protocol Scope 3 Calculation Guidance,P0_review_queue,contextual_scope_inventory_mapping,scope_inventory_context_without_explicit_fine_series_name,4,AIRBUS-pm_38_711_711991-us758j55ai.pdf,"Review: contextual inventory or Scope wording is present, but the page does not explicitly name this exact GHGP/PCAF series.",Promote only after page-level PDF text explicitly names this exact controlled GHGP/PCAF standard; otherwise keep review-only.
GHG-SERIES-REVIEW-0199,world500_ghg_series_acceptance_ledger.json,review,review_required_contextual_inventory_mapping,r183_airbus,AIRBUS,183,ghg_scope3_standard,GHG Protocol Corporate Value Chain (Scope 3) Accounting and Reporting Standard,P0_review_queue,contextual_scope_inventory_mapping,scope_inventory_context_without_explicit_fine_series_name,4,AIRBUS-pm_38_711_711991-us758j55ai.pdf,"Review: contextual inventory or Scope wording is present, but the page does not explicitly name this exact GHGP/PCAF series.",Promote only after page-level PDF text explicitly names this exact controlled GHGP/PCAF standard; otherwise keep review-only.
GHG-SERIES-REVIEW-0200,world500_ghg_series_acceptance_ledger.json,review,review_required_contextual_inventory_mapping,r185_zhejianggeelyholdinggroup,ZHEJIANG GEELY HOLDING GROUP,185,ghg_corporate_standard,GHG Protocol Corporate Accounting and Reporting Standard,P0_review_queue,contextual_scope_inventory_mapping,scope_inventory_context_without_explicit_fine_series_name,39,Geely-Holding-Group-Sustainability-Report-2024-ZH.pdf,"Review: contextual inventory or Scope wording is present, but the page does not explicitly name this exact GHGP/PCAF series.",Promote only after page-level PDF text explicitly names this exact controlled GHGP/PCAF standard; otherwise keep review-only.
GHG-SERIES-REVIEW-0201,world500_ghg_series_acceptance_ledger.json,review,review_required_contextual_inventory_mapping,r185_zhejianggeelyholdinggroup,ZHEJIANG GEELY HOLDING GROUP,185,ghg_scope2_guidance,GHG Protocol Scope 2 Guidance,P0_review_queue,contextual_scope_inventory_mapping,scope_inventory_context_without_explicit_fine_series_name,39,Geely-Holding-Group-Sustainability-Report-2024-ZH.pdf,"Review: contextual inventory or Scope wording is present, but the page does not explicitly name this exact GHGP/PCAF series.",Promote only after page-level PDF text explicitly names this exact controlled GHGP/PCAF standard; otherwise keep review-only.
GHG-SERIES-REVIEW-0202,world500_ghg_series_acceptance_ledger.json,review,review_required_contextual_inventory_mapping,r185_zhejianggeelyholdinggroup,ZHEJIANG GEELY HOLDING GROUP,185,ghg_scope3_standard,GHG Protocol Corporate Value Chain (Scope 3) Accounting and Reporting Standard,P0_review_queue,contextual_scope_inventory_mapping,scope_inventory_context_without_explicit_fine_series_name,39,Geely-Holding-Group-Sustainability-Report-2024-ZH.pdf,"Review: contextual inventory or Scope wording is present, but the page does not explicitly name this exact GHGP/PCAF series.",Promote only after page-level PDF text explicitly names this exact controlled GHGP/PCAF standard; otherwise keep review-only.
GHG-SERIES-REVIEW-0203,world500_ghg_series_acceptance_ledger.json,review,review_required_contextual_inventory_mapping,r189_itaúunibancoholding,ITAÚ UNIBANCO HOLDING,189,ghg_corporate_standard,GHG Protocol Corporate Accounting and Reporting Standard,P0_review_queue,contextual_scope_inventory_mapping,scope_inventory_context_without_explicit_fine_series_name,112,ITAÚ UNIBANCO HOLDING ESG Report 2024.pdf,"Review: contextual inventory or Scope wording is present, but the page does not explicitly name this exact GHGP/PCAF series.",Promote only after page-level PDF text explicitly names this exact controlled GHGP/PCAF standard; otherwise keep review-only.
GHG-SERIES-REVIEW-0204,world500_ghg_series_acceptance_ledger.json,review,review_required_contextual_inventory_mapping,r189_itaúunibancoholding,ITAÚ UNIBANCO HOLDING,189,ghg_scope3_calculation_guidance,GHG Protocol Scope 3 Calculation Guidance,P0_review_queue,contextual_scope_inventory_mapping,scope_inventory_context_without_explicit_fine_series_name,112,ITAÚ UNIBANCO HOLDING ESG Report 2024.pdf,"Review: contextual inventory or Scope wording is present, but the page does not explicitly name this exact GHGP/PCAF series.",Promote only after page-level PDF text explicitly names this exact controlled GHGP/PCAF standard; otherwise keep review-only.
GHG-SERIES-REVIEW-0205,world500_ghg_series_acceptance_ledger.json,demoted,demoted_overmapped_edge_not_accepted,r191_generalelectric,GENERAL ELECTRIC,191,ghg_scope2_guidance,GHG Protocol Scope 2 Guidance,P0_demoted_overmapping,contextual_overmapped_review,sample_names_other_series_or_no_current_series_name,3,GENERAL ELECTRIC-Aerospace 2025-sustainability-report.pdf,Demoted: contextual overmapping points to another series or only generic GHG context; keep out of accepted graph.,Do not draw as accepted. Use only as a search/demotion lead unless new explicit page evidence is found.
GHG-SERIES-REVIEW-0206,world500_ghg_series_acceptance_ledger.json,demoted,demoted_overmapped_edge_not_accepted,r191_generalelectric,GENERAL ELECTRIC,191,ghg_scope3_calculation_guidance,GHG Protocol Scope 3 Calculation Guidance,P0_demoted_overmapping,contextual_overmapped_review,sample_names_other_series_or_no_current_series_name,3,GENERAL ELECTRIC-Aerospace 2025-sustainability-report.pdf,Demoted: contextual overmapping points to another series or only generic GHG context; keep out of accepted graph.,Do not draw as accepted. Use only as a search/demotion lead unless new explicit page evidence is found.
GHG-SERIES-REVIEW-0207,world500_ghg_series_acceptance_ledger.json,demoted,demoted_overmapped_edge_not_accepted,r191_generalelectric,GENERAL ELECTRIC,191,ghg_scope3_standard,GHG Protocol Corporate Value Chain (Scope 3) Accounting and Reporting Standard,P0_demoted_overmapping,contextual_overmapped_review,sample_names_other_series_or_no_current_series_name,3,GENERAL ELECTRIC-Aerospace 2025-sustainability-report.pdf,Demoted: contextual overmapping points to another series or only generic GHG context; keep out of accepted graph.,Do not draw as accepted. Use only as a search/demotion lead unless new explicit page evidence is found.
GHG-SERIES-REVIEW-0208,world500_ghg_series_acceptance_ledger.json,demoted,demoted_overmapped_edge_not_accepted,r193_lockheedmartin,LOCKHEED MARTIN,193,ghg_scope2_guidance,GHG Protocol Scope 2 Guidance,P0_demoted_overmapping,contextual_overmapped_review,sample_names_other_series_or_no_current_series_name,28,2024-LOCKHEED MARTIN-Sustainability-Performance-Report.pdf,Demoted: contextual overmapping points to another series or only generic GHG context; keep out of accepted graph.,Do not draw as accepted. Use only as a search/demotion lead unless new explicit page evidence is found.
GHG-SERIES-REVIEW-0209,world500_ghg_series_acceptance_ledger.json,demoted,demoted_overmapped_edge_not_accepted,r193_lockheedmartin,LOCKHEED MARTIN,193,ghg_scope3_calculation_guidance,GHG Protocol Scope 3 Calculation Guidance,P0_demoted_overmapping,contextual_overmapped_review,sample_names_other_series_or_no_current_series_name,28,2024-LOCKHEED MARTIN-Sustainability-Performance-Report.pdf,Demoted: contextual overmapping points to another series or only generic GHG context; keep out of accepted graph.,Do not draw as accepted. Use only as a search/demotion lead unless new explicit page evidence is found.
GHG-SERIES-REVIEW-0210,world500_ghg_series_acceptance_ledger.json,review,review_required_contextual_inventory_mapping,r195_americanexpress,AMERICAN EXPRESS,195,ghg_corporate_standard,GHG Protocol Corporate Accounting and Reporting Standard,P0_review_queue,contextual_scope_inventory_mapping,scope_inventory_context_without_explicit_fine_series_name,66,AMERICAN EXPRESS_AXP_2023_2024_ESG_Report.pdf,"Review: contextual inventory or Scope wording is present, but the page does not explicitly name this exact GHGP/PCAF series.",Promote only after page-level PDF text explicitly names this exact controlled GHGP/PCAF standard; otherwise keep review-only.
GHG-SERIES-REVIEW-0211,world500_ghg_series_acceptance_ledger.json,review,review_required_contextual_inventory_mapping,r195_americanexpress,AMERICAN EXPRESS,195,ghg_project_protocol,GHG Protocol Project Protocol,P0_review_queue,contextual_scope_inventory_mapping,scope_inventory_context_without_explicit_fine_series_name,66,AMERICAN EXPRESS_AXP_2023_2024_ESG_Report.pdf,"Review: contextual inventory or Scope wording is present, but the page does not explicitly name this exact GHGP/PCAF series.",Promote only after page-level PDF text explicitly names this exact controlled GHGP/PCAF standard; otherwise keep review-only.
GHG-SERIES-REVIEW-0212,world500_ghg_series_acceptance_ledger.json,review,review_required_contextual_inventory_mapping,r195_americanexpress,AMERICAN EXPRESS,195,ghg_scope2_guidance,GHG Protocol Scope 2 Guidance,P0_review_queue,contextual_scope_inventory_mapping,scope_inventory_context_without_explicit_fine_series_name,66,AMERICAN EXPRESS_AXP_2023_2024_ESG_Report.pdf,"Review: contextual inventory or Scope wording is present, but the page does not explicitly name this exact GHGP/PCAF series.",Promote only after page-level PDF text explicitly names this exact controlled GHGP/PCAF standard; otherwise keep review-only.
GHG-SERIES-REVIEW-0213,world500_ghg_series_acceptance_ledger.json,review,review_required_contextual_inventory_mapping,r195_americanexpress,AMERICAN EXPRESS,195,ghg_scope3_calculation_guidance,GHG Protocol Scope 3 Calculation Guidance,P0_review_queue,contextual_scope_inventory_mapping,scope_inventory_context_without_explicit_fine_series_name,66,AMERICAN EXPRESS_AXP_2023_2024_ESG_Report.pdf,"Review: contextual inventory or Scope wording is present, but the page does not explicitly name this exact GHGP/PCAF series.",Promote only after page-level PDF text explicitly names this exact controlled GHGP/PCAF standard; otherwise keep review-only.
GHG-SERIES-REVIEW-0214,world500_ghg_series_acceptance_ledger.json,review,review_required_contextual_inventory_mapping,r195_americanexpress,AMERICAN EXPRESS,195,ghg_scope3_standard,GHG Protocol Corporate Value Chain (Scope 3) Accounting and Reporting Standard,P0_review_queue,contextual_scope_inventory_mapping,scope_inventory_context_without_explicit_fine_series_name,66,AMERICAN EXPRESS_AXP_2023_2024_ESG_Report.pdf,"Review: contextual inventory or Scope wording is present, but the page does not explicitly name this exact GHGP/PCAF series.",Promote only after page-level PDF text explicitly names this exact controlled GHGP/PCAF standard; otherwise keep review-only.
GHG-SERIES-REVIEW-0215,world500_ghg_series_acceptance_ledger.json,review,review_required_contextual_inventory_mapping,r196_hitachi,HITACHI,196,ghg_corporate_standard,GHG Protocol Corporate Accounting and Reporting Standard,P0_review_queue,contextual_scope_inventory_mapping,scope_inventory_context_without_explicit_fine_series_name,50,HITACHI_en_sustainability2025.pdf,"Review: contextual inventory or Scope wording is present, but the page does not explicitly name this exact GHGP/PCAF series.",Promote only after page-level PDF text explicitly names this exact controlled GHGP/PCAF standard; otherwise keep review-only.
GHG-SERIES-REVIEW-0216,world500_ghg_series_acceptance_ledger.json,review,review_required_contextual_inventory_mapping,r196_hitachi,HITACHI,196,ghg_scope2_guidance,GHG Protocol Scope 2 Guidance,P0_review_queue,contextual_scope_inventory_mapping,scope_inventory_context_without_explicit_fine_series_name,50,HITACHI_en_sustainability2025.pdf,"Review: contextual inventory or Scope wording is present, but the page does not explicitly name this exact GHGP/PCAF series.",Promote only after page-level PDF text explicitly names this exact controlled GHGP/PCAF standard; otherwise keep review-only.
GHG-SERIES-REVIEW-0217,world500_ghg_series_acceptance_ledger.json,review,review_required_contextual_inventory_mapping,r196_hitachi,HITACHI,196,ghg_scope3_calculation_guidance,GHG Protocol Scope 3 Calculation Guidance,P0_review_queue,contextual_scope_inventory_mapping,scope_inventory_context_without_explicit_fine_series_name,50,HITACHI_en_sustainability2025.pdf,"Review: contextual inventory or Scope wording is present, but the page does not explicitly name this exact GHGP/PCAF series.",Promote only after page-level PDF text explicitly names this exact controlled GHGP/PCAF standard; otherwise keep review-only.
GHG-SERIES-REVIEW-0218,world500_ghg_series_acceptance_ledger.json,review,review_required_contextual_inventory_mapping,r196_hitachi,HITACHI,196,ghg_scope3_standard,GHG Protocol Corporate Value Chain (Scope 3) Accounting and Reporting Standard,P0_review_queue,contextual_scope_inventory_mapping,scope_inventory_context_without_explicit_fine_series_name,50,HITACHI_en_sustainability2025.pdf,"Review: contextual inventory or Scope wording is present, but the page does not explicitly name this exact GHGP/PCAF series.",Promote only after page-level PDF text explicitly names this exact controlled GHGP/PCAF standard; otherwise keep review-only.
GHG-SERIES-REVIEW-0219,world500_ghg_series_acceptance_ledger.json,demoted,demoted_overmapped_edge_not_accepted,r198_wilmarinternational,WILMAR INTERNATIONAL,198,ghg_corporate_standard,GHG Protocol Corporate Accounting and Reporting Standard,P0_demoted_overmapping,contextual_overmapped_review,sample_names_other_series_or_no_current_series_name,24,24_0151_wilmar_2024_sr-v7-27-may.pdf,Demoted: contextual overmapping points to another series or only generic GHG context; keep out of accepted graph.,Do not draw as accepted. Use only as a search/demotion lead unless new explicit page evidence is found.
GHG-SERIES-REVIEW-0220,world500_ghg_series_acceptance_ledger.json,demoted,demoted_overmapped_edge_not_accepted,r198_wilmarinternational,WILMAR INTERNATIONAL,198,ghg_project_protocol,GHG Protocol Project Protocol,P0_demoted_overmapping,contextual_overmapped_review,sample_names_other_series_or_no_current_series_name,24,24_0151_wilmar_2024_sr-v7-27-may.pdf,Demoted: contextual overmapping points to another series or only generic GHG context; keep out of accepted graph.,Do not draw as accepted. Use only as a search/demotion lead unless new explicit page evidence is found.
GHG-SERIES-REVIEW-0221,world500_ghg_series_acceptance_ledger.json,demoted,demoted_overmapped_edge_not_accepted,r198_wilmarinternational,WILMAR INTERNATIONAL,198,ghg_scope2_guidance,GHG Protocol Scope 2 Guidance,P0_demoted_overmapping,contextual_overmapped_review,sample_names_other_series_or_no_current_series_name,24,24_0151_wilmar_2024_sr-v7-27-may.pdf,Demoted: contextual overmapping points to another series or only generic GHG context; keep out of accepted graph.,Do not draw as accepted. Use only as a search/demotion lead unless new explicit page evidence is found.
GHG-SERIES-REVIEW-0222,world500_ghg_series_acceptance_ledger.json,demoted,demoted_overmapped_edge_not_accepted,r198_wilmarinternational,WILMAR INTERNATIONAL,198,ghg_scope3_standard,GHG Protocol Corporate Value Chain (Scope 3) Accounting and Reporting Standard,P0_demoted_overmapping,contextual_overmapped_review,sample_names_other_series_or_no_current_series_name,24,24_0151_wilmar_2024_sr-v7-27-may.pdf,Demoted: contextual overmapping points to another series or only generic GHG context; keep out of accepted graph.,Do not draw as accepted. Use only as a search/demotion lead unless new explicit page evidence is found.
GHG-SERIES-REVIEW-0223,world500_ghg_series_acceptance_ledger.json,review,review_required_contextual_inventory_mapping,r199_caterpillar,CATERPILLAR,199,ghg_scope3_calculation_guidance,GHG Protocol Scope 3 Calculation Guidance,P0_review_queue,contextual_scope_inventory_mapping,scope_inventory_context_without_explicit_fine_series_name,29,CATERPILLAR 2024 SUSTAINABILITY REPORT.pdf,"Review: contextual inventory or Scope wording is present, but the page does not explicitly name this exact GHGP/PCAF series.",Promote only after page-level PDF text explicitly names this exact controlled GHGP/PCAF standard; otherwise keep review-only.
GHG-SERIES-REVIEW-0224,world500_ghg_series_acceptance_ledger.json,review,review_required_contextual_inventory_mapping,r200_bancobilbaovizcayaargentaria,BANCO BILBAO VIZCAYA ARGENTARIA,200,ghg_corporate_standard,GHG Protocol Corporate Accounting and Reporting Standard,P0_review_queue,contextual_scope_inventory_mapping,scope_inventory_context_without_explicit_fine_series_name,111,BBVA_Annual_Report_2024_ENG.pdf,"Review: contextual inventory or Scope wording is present, but the page does not explicitly name this exact GHGP/PCAF series.",Promote only after page-level PDF text explicitly names this exact controlled GHGP/PCAF standard; otherwise keep review-only.
GHG-SERIES-REVIEW-0225,world500_ghg_series_acceptance_ledger.json,review,review_required_contextual_inventory_mapping,r200_bancobilbaovizcayaargentaria,BANCO BILBAO VIZCAYA ARGENTARIA,200,ghg_scope3_calculation_guidance,GHG Protocol Scope 3 Calculation Guidance,P0_review_queue,contextual_scope_inventory_mapping,scope_inventory_context_without_explicit_fine_series_name,111,BBVA_Annual_Report_2024_ENG.pdf,"Review: contextual inventory or Scope wording is present, but the page does not explicitly name this exact GHGP/PCAF series.",Promote only after page-level PDF text explicitly names this exact controlled GHGP/PCAF standard; otherwise keep review-only.
GHG-SERIES-REVIEW-0226,world500_ghg_series_acceptance_ledger.json,demoted,demoted_overmapped_edge_not_accepted,r205_deutschebank,DEUTSCHE BANK,205,ghg_scope3_standard,GHG Protocol Corporate Value Chain (Scope 3) Accounting and Reporting Standard,P0_demoted_overmapping,contextual_overmapped_review,sample_names_other_series_or_no_current_series_name,312,Deutsche_Bank_Annual_Report_2024.pdf,Demoted: contextual overmapping points to another series or only generic GHG context; keep out of accepted graph.,Do not draw as accepted. Use only as a search/demotion lead unless new explicit page evidence is found.
GHG-SERIES-REVIEW-0227,world500_ghg_series_acceptance_ledger.json,review,review_required_contextual_inventory_mapping,r208_sumitomomitsuifinancialgroup,SUMITOMO MITSUI FINANCIAL GROUP,208,ghg_corporate_standard,GHG Protocol Corporate Accounting and Reporting Standard,P0_review_queue,contextual_scope_inventory_mapping,scope_inventory_context_without_explicit_fine_series_name,125,SUMITOMO MITSUI FINANCIAL GROUP sustainability_report_e_2025.pdf,"Review: contextual inventory or Scope wording is present, but the page does not explicitly name this exact GHGP/PCAF series.",Promote only after page-level PDF text explicitly names this exact controlled GHGP/PCAF standard; otherwise keep review-only.
GHG-SERIES-REVIEW-0228,world500_ghg_series_acceptance_ledger.json,review,review_required_contextual_inventory_mapping,r209_lg电子,LG Electronics,209,ghg_scope2_guidance,GHG Protocol Scope 2 Guidance,P0_review_queue,contextual_scope_inventory_mapping,scope_inventory_context_without_explicit_fine_series_name,164,2024-2025_LGE_Sustainability_Report_English.pdf,"Review: contextual inventory or Scope wording is present, but the page does not explicitly name this exact GHGP/PCAF series.",Promote only after page-level PDF text explicitly names this exact controlled GHGP/PCAF standard; otherwise keep review-only.
GHG-SERIES-REVIEW-0229,world500_ghg_series_acceptance_ledger.json,review,review_required_contextual_inventory_mapping,r209_lg电子,LG Electronics,209,ghg_scope3_calculation_guidance,GHG Protocol Scope 3 Calculation Guidance,P0_review_queue,contextual_scope_inventory_mapping,scope_inventory_context_without_explicit_fine_series_name,164,2024-2025_LGE_Sustainability_Report_English.pdf,"Review: contextual inventory or Scope wording is present, but the page does not explicitly name this exact GHGP/PCAF series.",Promote only after page-level PDF text explicitly names this exact controlled GHGP/PCAF standard; otherwise keep review-only.
GHG-SERIES-REVIEW-0230,world500_ghg_series_acceptance_ledger.json,review,review_required_contextual_inventory_mapping,r217_bancodobrasil,BANCO DO BRASIL,217,ghg_corporate_standard,GHG Protocol Corporate Accounting and Reporting Standard,P0_review_queue,contextual_scope_inventory_mapping,scope_inventory_context_without_explicit_fine_series_name,130,BANCO DO BRASIL Annual Report - 2024.pdf,"Review: contextual inventory or Scope wording is present, but the page does not explicitly name this exact GHGP/PCAF series.",Promote only after page-level PDF text explicitly names this exact controlled GHGP/PCAF standard; otherwise keep review-only.
GHG-SERIES-REVIEW-0231,world500_ghg_series_acceptance_ledger.json,review,review_required_contextual_inventory_mapping,r222_nvidia,NVIDIA,222,ghg_corporate_standard,GHG Protocol Corporate Accounting and Reporting Standard,P0_review_queue,contextual_scope_inventory_mapping,scope_inventory_context_without_explicit_fine_series_name,12,NVIDIA-Sustainability-Report-Fiscal-Year-2025.pdf,"Review: contextual inventory or Scope wording is present, but the page does not explicitly name this exact GHGP/PCAF series.",Promote only after page-level PDF text explicitly names this exact controlled GHGP/PCAF standard; otherwise keep review-only.
GHG-SERIES-REVIEW-0232,world500_ghg_series_acceptance_ledger.json,review,review_required_contextual_inventory_mapping,r222_nvidia,NVIDIA,222,ghg_scope2_guidance,GHG Protocol Scope 2 Guidance,P0_review_queue,contextual_scope_inventory_mapping,scope_inventory_context_without_explicit_fine_series_name,12,NVIDIA-Sustainability-Report-Fiscal-Year-2025.pdf,"Review: contextual inventory or Scope wording is present, but the page does not explicitly name this exact GHGP/PCAF series.",Promote only after page-level PDF text explicitly names this exact controlled GHGP/PCAF standard; otherwise keep review-only.
GHG-SERIES-REVIEW-0233,world500_ghg_series_acceptance_ledger.json,review,review_required_contextual_inventory_mapping,r222_nvidia,NVIDIA,222,ghg_scope3_standard,GHG Protocol Corporate Value Chain (Scope 3) Accounting and Reporting Standard,P0_review_queue,contextual_scope_inventory_mapping,scope_inventory_context_without_explicit_fine_series_name,12,NVIDIA-Sustainability-Report-Fiscal-Year-2025.pdf,"Review: contextual inventory or Scope wording is present, but the page does not explicitly name this exact GHGP/PCAF series.",Promote only after page-level PDF text explicitly names this exact controlled GHGP/PCAF standard; otherwise keep review-only.
GHG-SERIES-REVIEW-0234,world500_ghg_series_acceptance_ledger.json,review,review_required_contextual_inventory_mapping,r223_stonex集团,StoneX,223,ghg_corporate_standard,GHG Protocol Corporate Accounting and Reporting Standard,P0_review_queue,contextual_scope_inventory_mapping,scope_inventory_context_without_explicit_fine_series_name,9,StoneX_ESG_Report_08.26.2024.pdf,"Review: contextual inventory or Scope wording is present, but the page does not explicitly name this exact GHGP/PCAF series.",Promote only after page-level PDF text explicitly names this exact controlled GHGP/PCAF standard; otherwise keep review-only.
GHG-SERIES-REVIEW-0235,world500_ghg_series_acceptance_ledger.json,review,review_required_contextual_inventory_mapping,r223_stonex集团,StoneX,223,ghg_scope2_guidance,GHG Protocol Scope 2 Guidance,P0_review_queue,contextual_scope_inventory_mapping,scope_inventory_context_without_explicit_fine_series_name,9,StoneX_ESG_Report_08.26.2024.pdf,"Review: contextual inventory or Scope wording is present, but the page does not explicitly name this exact GHGP/PCAF series.",Promote only after page-level PDF text explicitly names this exact controlled GHGP/PCAF standard; otherwise keep review-only.
GHG-SERIES-REVIEW-0236,world500_ghg_series_acceptance_ledger.json,review,review_required_contextual_inventory_mapping,r223_stonex集团,StoneX,223,ghg_scope3_calculation_guidance,GHG Protocol Scope 3 Calculation Guidance,P0_review_queue,contextual_scope_inventory_mapping,scope_inventory_context_without_explicit_fine_series_name,9,StoneX_ESG_Report_08.26.2024.pdf,"Review: contextual inventory or Scope wording is present, but the page does not explicitly name this exact GHGP/PCAF series.",Promote only after page-level PDF text explicitly names this exact controlled GHGP/PCAF standard; otherwise keep review-only.
GHG-SERIES-REVIEW-0237,world500_ghg_series_acceptance_ledger.json,review,review_required_contextual_inventory_mapping,r223_stonex集团,StoneX,223,ghg_scope3_standard,GHG Protocol Corporate Value Chain (Scope 3) Accounting and Reporting Standard,P0_review_queue,contextual_scope_inventory_mapping,scope_inventory_context_without_explicit_fine_series_name,9,StoneX_ESG_Report_08.26.2024.pdf,"Review: contextual inventory or Scope wording is present, but the page does not explicitly name this exact GHGP/PCAF series.",Promote only after page-level PDF text explicitly names this exact controlled GHGP/PCAF standard; otherwise keep review-only.
GHG-SERIES-REVIEW-0238,world500_ghg_series_acceptance_ledger.json,review,review_required_contextual_inventory_mapping,r230_bungeglobal,BUNGE GLOBAL,230,ghg_corporate_standard,GHG Protocol Corporate Accounting and Reporting Standard,P0_review_queue,contextual_scope_inventory_mapping,scope_inventory_context_without_explicit_fine_series_name,7,2025-Bunge-Global-Sustainability-Report.pdf,"Review: contextual inventory or Scope wording is present, but the page does not explicitly name this exact GHGP/PCAF series.",Promote only after page-level PDF text explicitly names this exact controlled GHGP/PCAF standard; otherwise keep review-only.
GHG-SERIES-REVIEW-0239,world500_ghg_series_acceptance_ledger.json,review,review_required_contextual_inventory_mapping,r230_bungeglobal,BUNGE GLOBAL,230,ghg_scope2_guidance,GHG Protocol Scope 2 Guidance,P0_review_queue,contextual_scope_inventory_mapping,scope_inventory_context_without_explicit_fine_series_name,7,2025-Bunge-Global-Sustainability-Report.pdf,"Review: contextual inventory or Scope wording is present, but the page does not explicitly name this exact GHGP/PCAF series.",Promote only after page-level PDF text explicitly names this exact controlled GHGP/PCAF standard; otherwise keep review-only.
GHG-SERIES-REVIEW-0240,world500_ghg_series_acceptance_ledger.json,review,review_required_contextual_inventory_mapping,r231_anheuserbuschinbev,ANHEUSER-BUSCH INBEV,231,ghg_corporate_standard,GHG Protocol Corporate Accounting and Reporting Standard,P0_review_queue,contextual_scope_inventory_mapping,scope_inventory_context_without_explicit_fine_series_name,38,20224-ANHEUSER-BUSCH INBEV-sustainability-report,"Review: contextual inventory or Scope wording is present, but the page does not explicitly name this exact GHGP/PCAF series.",Promote only after page-level PDF text explicitly names this exact controlled GHGP/PCAF standard; otherwise keep review-only.
GHG-SERIES-REVIEW-0241,world500_ghg_series_acceptance_ledger.json,review,review_required_contextual_inventory_mapping,r231_anheuserbuschinbev,ANHEUSER-BUSCH INBEV,231,ghg_scope2_guidance,GHG Protocol Scope 2 Guidance,P0_review_queue,contextual_scope_inventory_mapping,scope_inventory_context_without_explicit_fine_series_name,38,20224-ANHEUSER-BUSCH INBEV-sustainability-report,"Review: contextual inventory or Scope wording is present, but the page does not explicitly name this exact GHGP/PCAF series.",Promote only after page-level PDF text explicitly names this exact controlled GHGP/PCAF standard; otherwise keep review-only.
GHG-SERIES-REVIEW-0242,world500_ghg_series_acceptance_ledger.json,review,review_required_contextual_inventory_mapping,r231_anheuserbuschinbev,ANHEUSER-BUSCH INBEV,231,ghg_scope3_standard,GHG Protocol Corporate Value Chain (Scope 3) Accounting and Reporting Standard,P0_review_queue,contextual_scope_inventory_mapping,scope_inventory_context_without_explicit_fine_series_name,38,20224-ANHEUSER-BUSCH INBEV-sustainability-report,"Review: contextual inventory or Scope wording is present, but the page does not explicitly name this exact GHGP/PCAF series.",Promote only after page-level PDF text explicitly names this exact controlled GHGP/PCAF standard; otherwise keep review-only.
GHG-SERIES-REVIEW-0243,world500_ghg_series_acceptance_ledger.json,review,review_required_contextual_inventory_mapping,r234_panasonicholdings,PANASONIC HOLDINGS,234,ghg_corporate_standard,GHG Protocol Corporate Accounting and Reporting Standard,P0_review_queue,contextual_scope_inventory_mapping,scope_inventory_context_without_explicit_fine_series_name,17,2025_Sustainability Date Book PANASONIC HOLDINGS.pdf,"Review: contextual inventory or Scope wording is present, but the page does not explicitly name this exact GHGP/PCAF series.",Promote only after page-level PDF text explicitly names this exact controlled GHGP/PCAF standard; otherwise keep review-only.
GHG-SERIES-REVIEW-0244,world500_ghg_series_acceptance_ledger.json,review,review_required_contextual_inventory_mapping,r234_panasonicholdings,PANASONIC HOLDINGS,234,ghg_project_protocol,GHG Protocol Project Protocol,P0_review_queue,contextual_scope_inventory_mapping,scope_inventory_context_without_explicit_fine_series_name,17,2025_Sustainability Date Book PANASONIC HOLDINGS.pdf,"Review: contextual inventory or Scope wording is present, but the page does not explicitly name this exact GHGP/PCAF series.",Promote only after page-level PDF text explicitly names this exact controlled GHGP/PCAF standard; otherwise keep review-only.
GHG-SERIES-REVIEW-0245,world500_ghg_series_acceptance_ledger.json,review,review_required_contextual_inventory_mapping,r234_panasonicholdings,PANASONIC HOLDINGS,234,ghg_scope2_guidance,GHG Protocol Scope 2 Guidance,P0_review_queue,contextual_scope_inventory_mapping,scope_inventory_context_without_explicit_fine_series_name,17,2025_Sustainability Date Book PANASONIC HOLDINGS.pdf,"Review: contextual inventory or Scope wording is present, but the page does not explicitly name this exact GHGP/PCAF series.",Promote only after page-level PDF text explicitly names this exact controlled GHGP/PCAF standard; otherwise keep review-only.
GHG-SERIES-REVIEW-0246,world500_ghg_series_acceptance_ledger.json,review,review_required_contextual_inventory_mapping,r234_panasonicholdings,PANASONIC HOLDINGS,234,ghg_scope3_calculation_guidance,GHG Protocol Scope 3 Calculation Guidance,P0_review_queue,contextual_scope_inventory_mapping,scope_inventory_context_without_explicit_fine_series_name,17,2025_Sustainability Date Book PANASONIC HOLDINGS.pdf,"Review: contextual inventory or Scope wording is present, but the page does not explicitly name this exact GHGP/PCAF series.",Promote only after page-level PDF text explicitly names this exact controlled GHGP/PCAF standard; otherwise keep review-only.
GHG-SERIES-REVIEW-0247,world500_ghg_series_acceptance_ledger.json,review,review_required_contextual_inventory_mapping,r234_panasonicholdings,PANASONIC HOLDINGS,234,ghg_scope3_standard,GHG Protocol Corporate Value Chain (Scope 3) Accounting and Reporting Standard,P0_review_queue,contextual_scope_inventory_mapping,scope_inventory_context_without_explicit_fine_series_name,17,2025_Sustainability Date Book PANASONIC HOLDINGS.pdf,"Review: contextual inventory or Scope wording is present, but the page does not explicitly name this exact GHGP/PCAF series.",Promote only after page-level PDF text explicitly names this exact controlled GHGP/PCAF standard; otherwise keep review-only.
GHG-SERIES-REVIEW-0248,world500_ghg_series_acceptance_ledger.json,review,review_required_contextual_inventory_mapping,r235_conocophillips,CONOCOPHILLIPS,235,ghg_scope2_guidance,GHG Protocol Scope 2 Guidance,P0_review_queue,contextual_scope_inventory_mapping,scope_inventory_context_without_explicit_fine_series_name,23,2024-sustainability-report CONOCOPHILLIPS.pdf,"Review: contextual inventory or Scope wording is present, but the page does not explicitly name this exact GHGP/PCAF series.",Promote only after page-level PDF text explicitly names this exact controlled GHGP/PCAF standard; otherwise keep review-only.
GHG-SERIES-REVIEW-0249,world500_ghg_series_acceptance_ledger.json,review,review_required_contextual_inventory_mapping,r235_conocophillips,CONOCOPHILLIPS,235,ghg_scope3_calculation_guidance,GHG Protocol Scope 3 Calculation Guidance,P0_review_queue,contextual_scope_inventory_mapping,scope_inventory_context_without_explicit_fine_series_name,23,2024-sustainability-report CONOCOPHILLIPS.pdf,"Review: contextual inventory or Scope wording is present, but the page does not explicitly name this exact GHGP/PCAF series.",Promote only after page-level PDF text explicitly names this exact controlled GHGP/PCAF standard; otherwise keep review-only.
GHG-SERIES-REVIEW-0250,world500_ghg_series_acceptance_ledger.json,review,review_required_contextual_inventory_mapping,r235_conocophillips,CONOCOPHILLIPS,235,ghg_scope3_standard,GHG Protocol Corporate Value Chain (Scope 3) Accounting and Reporting Standard,P0_review_queue,contextual_scope_inventory_mapping,scope_inventory_context_without_explicit_fine_series_name,23,2024-sustainability-report CONOCOPHILLIPS.pdf,"Review: contextual inventory or Scope wording is present, but the page does not explicitly name this exact GHGP/PCAF series.",Promote only after page-level PDF text explicitly names this exact controlled GHGP/PCAF standard; otherwise keep review-only.
GHG-SERIES-REVIEW-0251,world500_ghg_series_acceptance_ledger.json,review,review_required_contextual_inventory_mapping,r236_pfizer,PFIZER,236,ghg_product_standard,GHG Protocol Product Life Cycle Accounting and Reporting Standard,P0_review_queue,contextual_scope_inventory_mapping,scope_inventory_context_without_explicit_fine_series_name,33,Pfizer_2024_Impact_Report_02JUN2025.pdf,"Review: contextual inventory or Scope wording is present, but the page does not explicitly name this exact GHGP/PCAF series.",Promote only after page-level PDF text explicitly names this exact controlled GHGP/PCAF standard; otherwise keep review-only.
GHG-SERIES-REVIEW-0252,world500_ghg_series_acceptance_ledger.json,review,review_required_contextual_inventory_mapping,r236_pfizer,PFIZER,236,ghg_scope2_guidance,GHG Protocol Scope 2 Guidance,P0_review_queue,contextual_scope_inventory_mapping,scope_inventory_context_without_explicit_fine_series_name,33,Pfizer_2024_Impact_Report_02JUN2025.pdf,"Review: contextual inventory or Scope wording is present, but the page does not explicitly name this exact GHGP/PCAF series.",Promote only after page-level PDF text explicitly names this exact controlled GHGP/PCAF standard; otherwise keep review-only.
GHG-SERIES-REVIEW-0253,world500_ghg_series_acceptance_ledger.json,review,review_required_contextual_inventory_mapping,r236_pfizer,PFIZER,236,ghg_scope3_calculation_guidance,GHG Protocol Scope 3 Calculation Guidance,P0_review_queue,contextual_scope_inventory_mapping,scope_inventory_context_without_explicit_fine_series_name,33,Pfizer_2024_Impact_Report_02JUN2025.pdf,"Review: contextual inventory or Scope wording is present, but the page does not explicitly name this exact GHGP/PCAF series.",Promote only after page-level PDF text explicitly names this exact controlled GHGP/PCAF standard; otherwise keep review-only.
GHG-SERIES-REVIEW-0254,world500_ghg_series_acceptance_ledger.json,review,review_required_contextual_inventory_mapping,r236_pfizer,PFIZER,236,ghg_scope3_standard,GHG Protocol Corporate Value Chain (Scope 3) Accounting and Reporting Standard,P0_review_queue,contextual_scope_inventory_mapping,scope_inventory_context_without_explicit_fine_series_name,33,Pfizer_2024_Impact_Report_02JUN2025.pdf,"Review: contextual inventory or Scope wording is present, but the page does not explicitly name this exact GHGP/PCAF series.",Promote only after page-level PDF text explicitly names this exact controlled GHGP/PCAF standard; otherwise keep review-only.
GHG-SERIES-REVIEW-0255,world500_ghg_series_acceptance_ledger.json,review,review_required_contextual_inventory_mapping,r237_deltaairlines,DELTA AIR LINES,237,ghg_scope2_guidance,GHG Protocol Scope 2 Guidance,P0_review_queue,contextual_scope_inventory_mapping,scope_inventory_context_without_explicit_fine_series_name,8,delta-difference-2024-report.pdf,"Review: contextual inventory or Scope wording is present, but the page does not explicitly name this exact GHGP/PCAF series.",Promote only after page-level PDF text explicitly names this exact controlled GHGP/PCAF standard; otherwise keep review-only.
GHG-SERIES-REVIEW-0256,world500_ghg_series_acceptance_ledger.json,review,review_required_contextual_inventory_mapping,r237_deltaairlines,DELTA AIR LINES,237,ghg_scope3_calculation_guidance,GHG Protocol Scope 3 Calculation Guidance,P0_review_queue,contextual_scope_inventory_mapping,scope_inventory_context_without_explicit_fine_series_name,8,delta-difference-2024-report.pdf,"Review: contextual inventory or Scope wording is present, but the page does not explicitly name this exact GHGP/PCAF series.",Promote only after page-level PDF text explicitly names this exact controlled GHGP/PCAF standard; otherwise keep review-only.
GHG-SERIES-REVIEW-0257,world500_ghg_series_acceptance_ledger.json,review,review_required_contextual_inventory_mapping,r237_deltaairlines,DELTA AIR LINES,237,ghg_scope3_standard,GHG Protocol Corporate Value Chain (Scope 3) Accounting and Reporting Standard,P0_review_queue,contextual_scope_inventory_mapping,scope_inventory_context_without_explicit_fine_series_name,8,delta-difference-2024-report.pdf,"Review: contextual inventory or Scope wording is present, but the page does not explicitly name this exact GHGP/PCAF series.",Promote only after page-level PDF text explicitly names this exact controlled GHGP/PCAF standard; otherwise keep review-only.
GHG-SERIES-REVIEW-0258,world500_ghg_series_acceptance_ledger.json,review,review_required_contextual_inventory_mapping,r241_tdsynnex公司,TD Synnex,241,ghg_corporate_standard,GHG Protocol Corporate Accounting and Reporting Standard,P0_review_queue,contextual_scope_inventory_mapping,scope_inventory_context_without_explicit_fine_series_name,67,tdsynnex-fy2024-ccr-ada.pdf,"Review: contextual inventory or Scope wording is present, but the page does not explicitly name this exact GHGP/PCAF series.",Promote only after page-level PDF text explicitly names this exact controlled GHGP/PCAF standard; otherwise keep review-only.
GHG-SERIES-REVIEW-0259,world500_ghg_series_acceptance_ledger.json,review,review_required_contextual_inventory_mapping,r247_repsol,REPSOL,247,ghg_scope2_guidance,GHG Protocol Scope 2 Guidance,P0_review_queue,contextual_scope_inventory_mapping,scope_inventory_context_without_explicit_fine_series_name,21,REPSOL consolidated-statement-non-financial-information-sustainability-information-2024.pdf,"Review: contextual inventory or Scope wording is present, but the page does not explicitly name this exact GHGP/PCAF series.",Promote only after page-level PDF text explicitly names this exact controlled GHGP/PCAF standard; otherwise keep review-only.
GHG-SERIES-REVIEW-0260,world500_ghg_series_acceptance_ledger.json,review,review_required_contextual_inventory_mapping,r247_repsol,REPSOL,247,ghg_scope3_calculation_guidance,GHG Protocol Scope 3 Calculation Guidance,P0_review_queue,contextual_scope_inventory_mapping,scope_inventory_context_without_explicit_fine_series_name,21,REPSOL consolidated-statement-non-financial-information-sustainability-information-2024.pdf,"Review: contextual inventory or Scope wording is present, but the page does not explicitly name this exact GHGP/PCAF series.",Promote only after page-level PDF text explicitly names this exact controlled GHGP/PCAF standard; otherwise keep review-only.
GHG-SERIES-REVIEW-0261,world500_ghg_series_acceptance_ledger.json,demoted,demoted_overmapped_edge_not_accepted,r248_lenovogroup,LENOVO GROUP,248,ghg_product_standard,GHG Protocol Product Life Cycle Accounting and Reporting Standard,P0_demoted_overmapping,contextual_overmapped_review,sample_names_other_series_or_no_current_series_name,100,FY2025-lenovo-sustainability-report.pdf,Demoted: contextual overmapping points to another series or only generic GHG context; keep out of accepted graph.,Do not draw as accepted. Use only as a search/demotion lead unless new explicit page evidence is found.
GHG-SERIES-REVIEW-0262,world500_ghg_series_acceptance_ledger.json,demoted,demoted_overmapped_edge_not_accepted,r248_lenovogroup,LENOVO GROUP,248,ghg_scope3_calculation_guidance,GHG Protocol Scope 3 Calculation Guidance,P0_demoted_overmapping,contextual_overmapped_review,sample_names_other_series_or_no_current_series_name,100,FY2025-lenovo-sustainability-report.pdf,Demoted: contextual overmapping points to another series or only generic GHG context; keep out of accepted graph.,Do not draw as accepted. Use only as a search/demotion lead unless new explicit page evidence is found.
GHG-SERIES-REVIEW-0263,world500_ghg_series_acceptance_ledger.json,review,review_required_contextual_inventory_mapping,r251_renault,RENAULT,251,ghg_corporate_standard,GHG Protocol Corporate Accounting and Reporting Standard,P0_review_queue,contextual_scope_inventory_mapping,scope_inventory_context_without_explicit_fine_series_name,12,RENAULT_Rapport_Climat_2024_GB_1920x1080pix_V1_prol_MEL.pdf,"Review: contextual inventory or Scope wording is present, but the page does not explicitly name this exact GHGP/PCAF series.",Promote only after page-level PDF text explicitly names this exact controlled GHGP/PCAF standard; otherwise keep review-only.
GHG-SERIES-REVIEW-0264,world500_ghg_series_acceptance_ledger.json,review,review_required_contextual_inventory_mapping,r251_renault,RENAULT,251,ghg_scope2_guidance,GHG Protocol Scope 2 Guidance,P0_review_queue,contextual_scope_inventory_mapping,scope_inventory_context_without_explicit_fine_series_name,12,RENAULT_Rapport_Climat_2024_GB_1920x1080pix_V1_prol_MEL.pdf,"Review: contextual inventory or Scope wording is present, but the page does not explicitly name this exact GHGP/PCAF series.",Promote only after page-level PDF text explicitly names this exact controlled GHGP/PCAF standard; otherwise keep review-only.
GHG-SERIES-REVIEW-0265,world500_ghg_series_acceptance_ledger.json,review,review_required_contextual_inventory_mapping,r251_renault,RENAULT,251,ghg_scope3_calculation_guidance,GHG Protocol Scope 3 Calculation Guidance,P0_review_queue,contextual_scope_inventory_mapping,scope_inventory_context_without_explicit_fine_series_name,12,RENAULT_Rapport_Climat_2024_GB_1920x1080pix_V1_prol_MEL.pdf,"Review: contextual inventory or Scope wording is present, but the page does not explicitly name this exact GHGP/PCAF series.",Promote only after page-level PDF text explicitly names this exact controlled GHGP/PCAF standard; otherwise keep review-only.
GHG-SERIES-REVIEW-0266,world500_ghg_series_acceptance_ledger.json,review,review_required_contextual_inventory_mapping,r251_renault,RENAULT,251,ghg_scope3_standard,GHG Protocol Corporate Value Chain (Scope 3) Accounting and Reporting Standard,P0_review_queue,contextual_scope_inventory_mapping,scope_inventory_context_without_explicit_fine_series_name,12,RENAULT_Rapport_Climat_2024_GB_1920x1080pix_V1_prol_MEL.pdf,"Review: contextual inventory or Scope wording is present, but the page does not explicitly name this exact GHGP/PCAF series.",Promote only after page-level PDF text explicitly names this exact controlled GHGP/PCAF standard; otherwise keep review-only.
GHG-SERIES-REVIEW-0267,world500_ghg_series_acceptance_ledger.json,review,review_required_contextual_inventory_mapping,r252_bancobradesco,BANCO BRADESCO,252,ghg_corporate_standard,GHG Protocol Corporate Accounting and Reporting Standard,P0_review_queue,contextual_scope_inventory_mapping,scope_inventory_context_without_explicit_fine_series_name,46,2024 BANCO BRADESCO ESG Report.pdf,"Review: contextual inventory or Scope wording is present, but the page does not explicitly name this exact GHGP/PCAF series.",Promote only after page-level PDF text explicitly names this exact controlled GHGP/PCAF standard; otherwise keep review-only.
GHG-SERIES-REVIEW-0268,world500_ghg_series_acceptance_ledger.json,review,review_required_contextual_inventory_mapping,r252_bancobradesco,BANCO BRADESCO,252,ghg_scope2_guidance,GHG Protocol Scope 2 Guidance,P0_review_queue,contextual_scope_inventory_mapping,scope_inventory_context_without_explicit_fine_series_name,46,2024 BANCO BRADESCO ESG Report.pdf,"Review: contextual inventory or Scope wording is present, but the page does not explicitly name this exact GHGP/PCAF series.",Promote only after page-level PDF text explicitly names this exact controlled GHGP/PCAF standard; otherwise keep review-only.
GHG-SERIES-REVIEW-0269,world500_ghg_series_acceptance_ledger.json,review,review_required_contextual_inventory_mapping,r252_bancobradesco,BANCO BRADESCO,252,ghg_scope3_calculation_guidance,GHG Protocol Scope 3 Calculation Guidance,P0_review_queue,contextual_scope_inventory_mapping,scope_inventory_context_without_explicit_fine_series_name,46,2024 BANCO BRADESCO ESG Report.pdf,"Review: contextual inventory or Scope wording is present, but the page does not explicitly name this exact GHGP/PCAF series.",Promote only after page-level PDF text explicitly names this exact controlled GHGP/PCAF standard; otherwise keep review-only.
GHG-SERIES-REVIEW-0270,world500_ghg_series_acceptance_ledger.json,review,review_required_contextual_inventory_mapping,r252_bancobradesco,BANCO BRADESCO,252,ghg_scope3_standard,GHG Protocol Corporate Value Chain (Scope 3) Accounting and Reporting Standard,P0_review_queue,contextual_scope_inventory_mapping,scope_inventory_context_without_explicit_fine_series_name,46,2024 BANCO BRADESCO ESG Report.pdf,"Review: contextual inventory or Scope wording is present, but the page does not explicitly name this exact GHGP/PCAF series.",Promote only after page-level PDF text explicitly names this exact controlled GHGP/PCAF standard; otherwise keep review-only.
GHG-SERIES-REVIEW-0271,world500_ghg_series_acceptance_ledger.json,review,review_required_contextual_inventory_mapping,r255_chartercommunications,CHARTER COMMUNICATIONS,255,ghg_corporate_standard,GHG Protocol Corporate Accounting and Reporting Standard,P0_review_queue,contextual_scope_inventory_mapping,scope_inventory_context_without_explicit_fine_series_name,21,2023 CHARTER COMMUNICATIONS esg-report.pdf,"Review: contextual inventory or Scope wording is present, but the page does not explicitly name this exact GHGP/PCAF series.",Promote only after page-level PDF text explicitly names this exact controlled GHGP/PCAF standard; otherwise keep review-only.
GHG-SERIES-REVIEW-0272,world500_ghg_series_acceptance_ledger.json,review,review_required_contextual_inventory_mapping,r255_chartercommunications,CHARTER COMMUNICATIONS,255,ghg_scope2_guidance,GHG Protocol Scope 2 Guidance,P0_review_queue,contextual_scope_inventory_mapping,scope_inventory_context_without_explicit_fine_series_name,21,2023 CHARTER COMMUNICATIONS esg-report.pdf,"Review: contextual inventory or Scope wording is present, but the page does not explicitly name this exact GHGP/PCAF series.",Promote only after page-level PDF text explicitly names this exact controlled GHGP/PCAF standard; otherwise keep review-only.
GHG-SERIES-REVIEW-0273,world500_ghg_series_acceptance_ledger.json,review,review_required_contextual_inventory_mapping,r255_chartercommunications,CHARTER COMMUNICATIONS,255,ghg_scope3_calculation_guidance,GHG Protocol Scope 3 Calculation Guidance,P0_review_queue,contextual_scope_inventory_mapping,scope_inventory_context_without_explicit_fine_series_name,21,2023 CHARTER COMMUNICATIONS esg-report.pdf,"Review: contextual inventory or Scope wording is present, but the page does not explicitly name this exact GHGP/PCAF series.",Promote only after page-level PDF text explicitly names this exact controlled GHGP/PCAF standard; otherwise keep review-only.
GHG-SERIES-REVIEW-0274,world500_ghg_series_acceptance_ledger.json,review,review_required_contextual_inventory_mapping,r255_chartercommunications,CHARTER COMMUNICATIONS,255,ghg_scope3_standard,GHG Protocol Corporate Value Chain (Scope 3) Accounting and Reporting Standard,P0_review_queue,contextual_scope_inventory_mapping,scope_inventory_context_without_explicit_fine_series_name,21,2023 CHARTER COMMUNICATIONS esg-report.pdf,"Review: contextual inventory or Scope wording is present, but the page does not explicitly name this exact GHGP/PCAF series.",Promote only after page-level PDF text explicitly names this exact controlled GHGP/PCAF standard; otherwise keep review-only.
GHG-SERIES-REVIEW-0275,world500_ghg_series_acceptance_ledger.json,review,review_required_contextual_inventory_mapping,r260_newyorklifeinsurance,NEW YORK LIFE INSURANCE,260,ghg_scope2_guidance,GHG Protocol Scope 2 Guidance,P0_review_queue,contextual_scope_inventory_mapping,scope_inventory_context_without_explicit_fine_series_name,44,2024NEW YORK LIFE INSURANCE Corporate-Responsibility-Report.pdf,"Review: contextual inventory or Scope wording is present, but the page does not explicitly name this exact GHGP/PCAF series.",Promote only after page-level PDF text explicitly names this exact controlled GHGP/PCAF standard; otherwise keep review-only.
GHG-SERIES-REVIEW-0276,world500_ghg_series_acceptance_ledger.json,review,review_required_contextual_inventory_mapping,r261_intel,INTEL,261,ghg_scope2_guidance,GHG Protocol Scope 2 Guidance,P0_review_queue,contextual_scope_inventory_mapping,scope_inventory_context_without_explicit_fine_series_name,36,INTEL CSR-2024-25-Full-Report.pdf,"Review: contextual inventory or Scope wording is present, but the page does not explicitly name this exact GHGP/PCAF series.",Promote only after page-level PDF text explicitly names this exact controlled GHGP/PCAF standard; otherwise keep review-only.
GHG-SERIES-REVIEW-0277,world500_ghg_series_acceptance_ledger.json,review,review_required_contextual_inventory_mapping,r261_intel,INTEL,261,ghg_scope3_calculation_guidance,GHG Protocol Scope 3 Calculation Guidance,P0_review_queue,contextual_scope_inventory_mapping,scope_inventory_context_without_explicit_fine_series_name,36,INTEL CSR-2024-25-Full-Report.pdf,"Review: contextual inventory or Scope wording is present, but the page does not explicitly name this exact GHGP/PCAF series.",Promote only after page-level PDF text explicitly names this exact controlled GHGP/PCAF standard; otherwise keep review-only.
GHG-SERIES-REVIEW-0278,world500_ghg_series_acceptance_ledger.json,demoted,demoted_overmapped_edge_not_accepted,r261_intel,INTEL,261,ghg_scope3_standard,GHG Protocol Corporate Value Chain (Scope 3) Accounting and Reporting Standard,P0_demoted_overmapping,contextual_overmapped_review,sample_names_other_series_or_no_current_series_name,36 | 56,INTEL CSR-2024-25-Full-Report.pdf,Demoted: contextual overmapping points to another series or only generic GHG context; keep out of accepted graph.,Do not draw as accepted. Use only as a search/demotion lead unless new explicit page evidence is found.
GHG-SERIES-REVIEW-0279,world500_ghg_series_acceptance_ledger.json,review,review_required_contextual_inventory_mapping,r263_novartis,NOVARTIS,263,ghg_corporate_standard,GHG Protocol Corporate Accounting and Reporting Standard,P0_review_queue,contextual_scope_inventory_mapping,scope_inventory_context_without_explicit_fine_series_name,28,novartis-integrated-report-2024.pdf,"Review: contextual inventory or Scope wording is present, but the page does not explicitly name this exact GHGP/PCAF series.",Promote only after page-level PDF text explicitly names this exact controlled GHGP/PCAF standard; otherwise keep review-only.
GHG-SERIES-REVIEW-0280,world500_ghg_series_acceptance_ledger.json,review,review_required_contextual_inventory_mapping,r263_novartis,NOVARTIS,263,ghg_scope2_guidance,GHG Protocol Scope 2 Guidance,P0_review_queue,contextual_scope_inventory_mapping,scope_inventory_context_without_explicit_fine_series_name,28,novartis-integrated-report-2024.pdf,"Review: contextual inventory or Scope wording is present, but the page does not explicitly name this exact GHGP/PCAF series.",Promote only after page-level PDF text explicitly names this exact controlled GHGP/PCAF standard; otherwise keep review-only.
GHG-SERIES-REVIEW-0281,world500_ghg_series_acceptance_ledger.json,review,review_required_contextual_inventory_mapping,r263_novartis,NOVARTIS,263,ghg_scope3_calculation_guidance,GHG Protocol Scope 3 Calculation Guidance,P0_review_queue,contextual_scope_inventory_mapping,scope_inventory_context_without_explicit_fine_series_name,28,novartis-integrated-report-2024.pdf,"Review: contextual inventory or Scope wording is present, but the page does not explicitly name this exact GHGP/PCAF series.",Promote only after page-level PDF text explicitly names this exact controlled GHGP/PCAF standard; otherwise keep review-only.
GHG-SERIES-REVIEW-0282,world500_ghg_series_acceptance_ledger.json,review,review_required_contextual_inventory_mapping,r263_novartis,NOVARTIS,263,ghg_scope3_standard,GHG Protocol Corporate Value Chain (Scope 3) Accounting and Reporting Standard,P0_review_queue,contextual_scope_inventory_mapping,scope_inventory_context_without_explicit_fine_series_name,28,novartis-integrated-report-2024.pdf,"Review: contextual inventory or Scope wording is present, but the page does not explicitly name this exact GHGP/PCAF series.",Promote only after page-level PDF text explicitly names this exact controlled GHGP/PCAF standard; otherwise keep review-only.
GHG-SERIES-REVIEW-0283,world500_ghg_series_acceptance_ledger.json,review,review_required_contextual_inventory_mapping,r270_unitedairlinesholdings,UNITED AIRLINES HOLDINGS,270,ghg_corporate_standard,GHG Protocol Corporate Accounting and Reporting Standard,P0_review_queue,contextual_scope_inventory_mapping,scope_inventory_context_without_explicit_fine_series_name,43,2024-UNITED AIRLINES HOLDINGS-report-interactive.pdf,"Review: contextual inventory or Scope wording is present, but the page does not explicitly name this exact GHGP/PCAF series.",Promote only after page-level PDF text explicitly names this exact controlled GHGP/PCAF standard; otherwise keep review-only.
GHG-SERIES-REVIEW-0284,world500_ghg_series_acceptance_ledger.json,review,review_required_contextual_inventory_mapping,r270_unitedairlinesholdings,UNITED AIRLINES HOLDINGS,270,ghg_scope2_guidance,GHG Protocol Scope 2 Guidance,P0_review_queue,contextual_scope_inventory_mapping,scope_inventory_context_without_explicit_fine_series_name,43,2024-UNITED AIRLINES HOLDINGS-report-interactive.pdf,"Review: contextual inventory or Scope wording is present, but the page does not explicitly name this exact GHGP/PCAF series.",Promote only after page-level PDF text explicitly names this exact controlled GHGP/PCAF standard; otherwise keep review-only.
GHG-SERIES-REVIEW-0285,world500_ghg_series_acceptance_ledger.json,review,review_required_contextual_inventory_mapping,r270_unitedairlinesholdings,UNITED AIRLINES HOLDINGS,270,ghg_scope3_calculation_guidance,GHG Protocol Scope 3 Calculation Guidance,P0_review_queue,contextual_scope_inventory_mapping,scope_inventory_context_without_explicit_fine_series_name,43,2024-UNITED AIRLINES HOLDINGS-report-interactive.pdf,"Review: contextual inventory or Scope wording is present, but the page does not explicitly name this exact GHGP/PCAF series.",Promote only after page-level PDF text explicitly names this exact controlled GHGP/PCAF standard; otherwise keep review-only.
GHG-SERIES-REVIEW-0286,world500_ghg_series_acceptance_ledger.json,review,review_required_contextual_inventory_mapping,r270_unitedairlinesholdings,UNITED AIRLINES HOLDINGS,270,ghg_scope3_standard,GHG Protocol Corporate Value Chain (Scope 3) Accounting and Reporting Standard,P0_review_queue,contextual_scope_inventory_mapping,scope_inventory_context_without_explicit_fine_series_name,43,2024-UNITED AIRLINES HOLDINGS-report-interactive.pdf,"Review: contextual inventory or Scope wording is present, but the page does not explicitly name this exact GHGP/PCAF series.",Promote only after page-level PDF text explicitly names this exact controlled GHGP/PCAF standard; otherwise keep review-only.
GHG-SERIES-REVIEW-0287,world500_ghg_series_acceptance_ledger.json,review,review_required_contextual_inventory_mapping,r273_iberdrola公司,Iberdrola,273,ghg_corporate_standard,GHG Protocol Corporate Accounting and Reporting Standard,P0_review_queue,contextual_scope_inventory_mapping,scope_inventory_context_without_explicit_fine_series_name,111,gsm25-IBERDROLA-sustainability-report-2024.pdf,"Review: contextual inventory or Scope wording is present, but the page does not explicitly name this exact GHGP/PCAF series.",Promote only after page-level PDF text explicitly names this exact controlled GHGP/PCAF standard; otherwise keep review-only.
GHG-SERIES-REVIEW-0288,world500_ghg_series_acceptance_ledger.json,review,review_required_contextual_inventory_mapping,r273_iberdrola公司,Iberdrola,273,ghg_scope3_calculation_guidance,GHG Protocol Scope 3 Calculation Guidance,P0_review_queue,contextual_scope_inventory_mapping,scope_inventory_context_without_explicit_fine_series_name,111,gsm25-IBERDROLA-sustainability-report-2024.pdf,"Review: contextual inventory or Scope wording is present, but the page does not explicitly name this exact GHGP/PCAF series.",Promote only after page-level PDF text explicitly names this exact controlled GHGP/PCAF standard; otherwise keep review-only.
GHG-SERIES-REVIEW-0289,world500_ghg_series_acceptance_ledger.json,review,review_required_contextual_inventory_mapping,r273_iberdrola公司,Iberdrola,273,ghg_scope3_standard,GHG Protocol Corporate Value Chain (Scope 3) Accounting and Reporting Standard,P0_review_queue,contextual_scope_inventory_mapping,scope_inventory_context_without_explicit_fine_series_name,111,gsm25-IBERDROLA-sustainability-report-2024.pdf,"Review: contextual inventory or Scope wording is present, but the page does not explicitly name this exact GHGP/PCAF series.",Promote only after page-level PDF text explicitly names this exact controlled GHGP/PCAF standard; otherwise keep review-only.
GHG-SERIES-REVIEW-0290,world500_ghg_series_acceptance_ledger.json,review,review_required_contextual_inventory_mapping,r282_volvo,VOLVO,282,ghg_product_standard,GHG Protocol Product Life Cycle Accounting and Reporting Standard,P0_review_queue,contextual_scope_inventory_mapping,scope_inventory_context_without_explicit_fine_series_name,152,volvo-group-annual-report-2024.pdf,"Review: contextual inventory or Scope wording is present, but the page does not explicitly name this exact GHGP/PCAF series.",Promote only after page-level PDF text explicitly names this exact controlled GHGP/PCAF standard; otherwise keep review-only.
GHG-SERIES-REVIEW-0291,world500_ghg_series_acceptance_ledger.json,review,review_required_contextual_inventory_mapping,r283_intesasanpaolo,INTESA SANPAOLO,283,ghg_corporate_standard,GHG Protocol Corporate Accounting and Reporting Standard,P0_review_queue,contextual_scope_inventory_mapping,scope_inventory_context_without_explicit_fine_series_name,101,2024_INTESA SANPAOLO-Climate_Report.pdf,"Review: contextual inventory or Scope wording is present, but the page does not explicitly name this exact GHGP/PCAF series.",Promote only after page-level PDF text explicitly names this exact controlled GHGP/PCAF standard; otherwise keep review-only.
GHG-SERIES-REVIEW-0292,world500_ghg_series_acceptance_ledger.json,review,review_required_contextual_inventory_mapping,r283_intesasanpaolo,INTESA SANPAOLO,283,ghg_scope2_guidance,GHG Protocol Scope 2 Guidance,P0_review_queue,contextual_scope_inventory_mapping,scope_inventory_context_without_explicit_fine_series_name,101,2024_INTESA SANPAOLO-Climate_Report.pdf,"Review: contextual inventory or Scope wording is present, but the page does not explicitly name this exact GHGP/PCAF series.",Promote only after page-level PDF text explicitly names this exact controlled GHGP/PCAF standard; otherwise keep review-only.
GHG-SERIES-REVIEW-0293,world500_ghg_series_acceptance_ledger.json,review,review_required_contextual_inventory_mapping,r286_bayer,BAYER,286,ghg_corporate_standard,GHG Protocol Corporate Accounting and Reporting Standard,P0_review_queue,contextual_scope_inventory_mapping,scope_inventory_context_without_explicit_fine_series_name,4,bayer-impact-report-2024.pdf,"Review: contextual inventory or Scope wording is present, but the page does not explicitly name this exact GHGP/PCAF series.",Promote only after page-level PDF text explicitly names this exact controlled GHGP/PCAF standard; otherwise keep review-only.
GHG-SERIES-REVIEW-0294,world500_ghg_series_acceptance_ledger.json,review,review_required_contextual_inventory_mapping,r286_bayer,BAYER,286,ghg_scope2_guidance,GHG Protocol Scope 2 Guidance,P0_review_queue,contextual_scope_inventory_mapping,scope_inventory_context_without_explicit_fine_series_name,4,bayer-impact-report-2024.pdf,"Review: contextual inventory or Scope wording is present, but the page does not explicitly name this exact GHGP/PCAF series.",Promote only after page-level PDF text explicitly names this exact controlled GHGP/PCAF standard; otherwise keep review-only.
GHG-SERIES-REVIEW-0295,world500_ghg_series_acceptance_ledger.json,review,review_required_contextual_inventory_mapping,r286_bayer,BAYER,286,ghg_scope3_calculation_guidance,GHG Protocol Scope 3 Calculation Guidance,P0_review_queue,contextual_scope_inventory_mapping,scope_inventory_context_without_explicit_fine_series_name,4,bayer-impact-report-2024.pdf,"Review: contextual inventory or Scope wording is present, but the page does not explicitly name this exact GHGP/PCAF series.",Promote only after page-level PDF text explicitly names this exact controlled GHGP/PCAF standard; otherwise keep review-only.
GHG-SERIES-REVIEW-0296,world500_ghg_series_acceptance_ledger.json,review,review_required_contextual_inventory_mapping,r289_maerskgroup,MAERSK GROUP,289,ghg_corporate_standard,GHG Protocol Corporate Accounting and Reporting Standard,P0_review_queue,contextual_scope_inventory_mapping,scope_inventory_context_without_explicit_fine_series_name,89,Maersk Annual Report 2024.pdf,"Review: contextual inventory or Scope wording is present, but the page does not explicitly name this exact GHGP/PCAF series.",Promote only after page-level PDF text explicitly names this exact controlled GHGP/PCAF standard; otherwise keep review-only.
GHG-SERIES-REVIEW-0297,world500_ghg_series_acceptance_ledger.json,review,review_required_contextual_inventory_mapping,r289_maerskgroup,MAERSK GROUP,289,ghg_scope2_guidance,GHG Protocol Scope 2 Guidance,P0_review_queue,contextual_scope_inventory_mapping,scope_inventory_context_without_explicit_fine_series_name,89,Maersk Annual Report 2024.pdf,"Review: contextual inventory or Scope wording is present, but the page does not explicitly name this exact GHGP/PCAF series.",Promote only after page-level PDF text explicitly names this exact controlled GHGP/PCAF standard; otherwise keep review-only.
GHG-SERIES-REVIEW-0298,world500_ghg_series_acceptance_ledger.json,review,review_required_contextual_inventory_mapping,r289_maerskgroup,MAERSK GROUP,289,ghg_scope3_standard,GHG Protocol Corporate Value Chain (Scope 3) Accounting and Reporting Standard,P0_review_queue,contextual_scope_inventory_mapping,scope_inventory_context_without_explicit_fine_series_name,89,Maersk Annual Report 2024.pdf,"Review: contextual inventory or Scope wording is present, but the page does not explicitly name this exact GHGP/PCAF series.",Promote only after page-level PDF text explicitly names this exact controlled GHGP/PCAF standard; otherwise keep review-only.
GHG-SERIES-REVIEW-0299,world500_ghg_series_acceptance_ledger.json,review,review_required_contextual_inventory_mapping,r290_phoenixpharma,PHOENIX PHARMA,290,ghg_corporate_standard,GHG Protocol Corporate Accounting and Reporting Standard,P0_review_queue,contextual_scope_inventory_mapping,scope_inventory_context_without_explicit_fine_series_name,13,PHOENIX_Sustainability_Report_2024_25.pdf,"Review: contextual inventory or Scope wording is present, but the page does not explicitly name this exact GHGP/PCAF series.",Promote only after page-level PDF text explicitly names this exact controlled GHGP/PCAF standard; otherwise keep review-only.
GHG-SERIES-REVIEW-0300,world500_ghg_series_acceptance_ledger.json,review,review_required_contextual_inventory_mapping,r290_phoenixpharma,PHOENIX PHARMA,290,ghg_scope2_guidance,GHG Protocol Scope 2 Guidance,P0_review_queue,contextual_scope_inventory_mapping,scope_inventory_context_without_explicit_fine_series_name,13,PHOENIX_Sustainability_Report_2024_25.pdf,"Review: contextual inventory or Scope wording is present, but the page does not explicitly name this exact GHGP/PCAF series.",Promote only after page-level PDF text explicitly names this exact controlled GHGP/PCAF standard; otherwise keep review-only.
GHG-SERIES-REVIEW-0301,world500_ghg_series_acceptance_ledger.json,review,review_required_contextual_inventory_mapping,r290_phoenixpharma,PHOENIX PHARMA,290,ghg_scope3_calculation_guidance,GHG Protocol Scope 3 Calculation Guidance,P0_review_queue,contextual_scope_inventory_mapping,scope_inventory_context_without_explicit_fine_series_name,13,PHOENIX_Sustainability_Report_2024_25.pdf,"Review: contextual inventory or Scope wording is present, but the page does not explicitly name this exact GHGP/PCAF series.",Promote only after page-level PDF text explicitly names this exact controlled GHGP/PCAF standard; otherwise keep review-only.
GHG-SERIES-REVIEW-0302,world500_ghg_series_acceptance_ledger.json,review,review_required_contextual_inventory_mapping,r290_phoenixpharma,PHOENIX PHARMA,290,ghg_scope3_standard,GHG Protocol Corporate Value Chain (Scope 3) Accounting and Reporting Standard,P0_review_queue,contextual_scope_inventory_mapping,scope_inventory_context_without_explicit_fine_series_name,13,PHOENIX_Sustainability_Report_2024_25.pdf,"Review: contextual inventory or Scope wording is present, but the page does not explicitly name this exact GHGP/PCAF series.",Promote only after page-level PDF text explicitly names this exact controlled GHGP/PCAF standard; otherwise keep review-only.
GHG-SERIES-REVIEW-0303,world500_ghg_series_acceptance_ledger.json,demoted,demoted_overmapped_edge_not_accepted,r294_bankofmontreal,BANK OF MONTREAL,294,ghg_scope2_guidance,GHG Protocol Scope 2 Guidance,P0_demoted_overmapping,contextual_overmapped_review,sample_names_other_series_or_no_current_series_name,4,BMO_2024_SCR_EN_interactive.pdf,Demoted: contextual overmapping points to another series or only generic GHG context; keep out of accepted graph.,Do not draw as accepted. Use only as a search/demotion lead unless new explicit page evidence is found.
GHG-SERIES-REVIEW-0304,world500_ghg_series_acceptance_ledger.json,demoted,demoted_overmapped_edge_not_accepted,r294_bankofmontreal,BANK OF MONTREAL,294,ghg_scope3_calculation_guidance,GHG Protocol Scope 3 Calculation Guidance,P0_demoted_overmapping,contextual_overmapped_review,sample_names_other_series_or_no_current_series_name,4,BMO_2024_SCR_EN_interactive.pdf,Demoted: contextual overmapping points to another series or only generic GHG context; keep out of accepted graph.,Do not draw as accepted. Use only as a search/demotion lead unless new explicit page evidence is found.
GHG-SERIES-REVIEW-0305,world500_ghg_series_acceptance_ledger.json,review,review_required_contextual_inventory_mapping,r297_sanofi,SANOFI,297,ghg_product_standard,GHG Protocol Product Life Cycle Accounting and Reporting Standard,P0_review_queue,contextual_scope_inventory_mapping,scope_inventory_context_without_explicit_fine_series_name,29,SANOFI-sustainability-statement-2024--ESG-Report-.pdf,"Review: contextual inventory or Scope wording is present, but the page does not explicitly name this exact GHGP/PCAF series.",Promote only after page-level PDF text explicitly names this exact controlled GHGP/PCAF standard; otherwise keep review-only.
GHG-SERIES-REVIEW-0306,world500_ghg_series_acceptance_ledger.json,review,review_required_contextual_inventory_mapping,r298_marubeni,MARUBENI,298,ghg_corporate_standard,GHG Protocol Corporate Accounting and Reporting Standard,P0_review_queue,contextual_scope_inventory_mapping,scope_inventory_context_without_explicit_fine_series_name,61,MARUBENI-sustainability-2024_en_all.pdf,"Review: contextual inventory or Scope wording is present, but the page does not explicitly name this exact GHGP/PCAF series.",Promote only after page-level PDF text explicitly names this exact controlled GHGP/PCAF standard; otherwise keep review-only.
GHG-SERIES-REVIEW-0307,world500_ghg_series_acceptance_ledger.json,review,review_required_contextual_inventory_mapping,r298_marubeni,MARUBENI,298,ghg_scope3_standard,GHG Protocol Corporate Value Chain (Scope 3) Accounting and Reporting Standard,P0_review_queue,contextual_scope_inventory_mapping,scope_inventory_context_without_explicit_fine_series_name,61,MARUBENI-sustainability-2024_en_all.pdf,"Review: contextual inventory or Scope wording is present, but the page does not explicitly name this exact GHGP/PCAF series.",Promote only after page-level PDF text explicitly names this exact controlled GHGP/PCAF standard; otherwise keep review-only.
GHG-SERIES-REVIEW-0308,world500_ghg_series_acceptance_ledger.json,demoted,demoted_overmapped_edge_not_accepted,r301_swissre,SWISS RE,301,ghg_corporate_standard,GHG Protocol Corporate Accounting and Reporting Standard,P0_demoted_overmapping,contextual_overmapped_review,sample_names_other_series_or_no_current_series_name,76 | 9,2024-SWISS RE-sustainability-report-en.pdf,Demoted: contextual overmapping points to another series or only generic GHG context; keep out of accepted graph.,Do not draw as accepted. Use only as a search/demotion lead unless new explicit page evidence is found.
GHG-SERIES-REVIEW-0309,world500_ghg_series_acceptance_ledger.json,demoted,demoted_overmapped_edge_not_accepted,r301_swissre,SWISS RE,301,ghg_scope2_guidance,GHG Protocol Scope 2 Guidance,P0_demoted_overmapping,contextual_overmapped_review,sample_names_other_series_or_no_current_series_name,76 | 9,2024-SWISS RE-sustainability-report-en.pdf,Demoted: contextual overmapping points to another series or only generic GHG context; keep out of accepted graph.,Do not draw as accepted. Use only as a search/demotion lead unless new explicit page evidence is found.
GHG-SERIES-REVIEW-0310,world500_ghg_series_acceptance_ledger.json,demoted,demoted_overmapped_edge_not_accepted,r301_swissre,SWISS RE,301,ghg_scope3_calculation_guidance,GHG Protocol Scope 3 Calculation Guidance,P0_demoted_overmapping,contextual_overmapped_review,sample_names_other_series_or_no_current_series_name,76 | 9,2024-SWISS RE-sustainability-report-en.pdf,Demoted: contextual overmapping points to another series or only generic GHG context; keep out of accepted graph.,Do not draw as accepted. Use only as a search/demotion lead unless new explicit page evidence is found.
GHG-SERIES-REVIEW-0311,world500_ghg_series_acceptance_ledger.json,demoted,demoted_overmapped_edge_not_accepted,r301_swissre,SWISS RE,301,ghg_scope3_standard,GHG Protocol Corporate Value Chain (Scope 3) Accounting and Reporting Standard,P0_demoted_overmapping,contextual_overmapped_review,sample_names_other_series_or_no_current_series_name,76 | 9,2024-SWISS RE-sustainability-report-en.pdf,Demoted: contextual overmapping points to another series or only generic GHG context; keep out of accepted graph.,Do not draw as accepted. Use only as a search/demotion lead unless new explicit page evidence is found.
GHG-SERIES-REVIEW-0312,world500_ghg_series_acceptance_ledger.json,review,review_required_contextual_inventory_mapping,r302_chubb,CHUBB,302,ghg_corporate_standard,GHG Protocol Corporate Accounting and Reporting Standard,P0_review_queue,contextual_scope_inventory_mapping,scope_inventory_context_without_explicit_fine_series_name,13,Chubb-2024-Sustainability-Report.pdf,"Review: contextual inventory or Scope wording is present, but the page does not explicitly name this exact GHGP/PCAF series.",Promote only after page-level PDF text explicitly names this exact controlled GHGP/PCAF standard; otherwise keep review-only.
GHG-SERIES-REVIEW-0313,world500_ghg_series_acceptance_ledger.json,review,review_required_contextual_inventory_mapping,r310_vodafonegroup,VODAFONE GROUP,310,ghg_corporate_standard,GHG Protocol Corporate Accounting and Reporting Standard,P0_review_queue,contextual_scope_inventory_mapping,scope_inventory_context_without_explicit_fine_series_name,38,Vodafone 2025 Annual Report.pdf,"Review: contextual inventory or Scope wording is present, but the page does not explicitly name this exact GHGP/PCAF series.",Promote only after page-level PDF text explicitly names this exact controlled GHGP/PCAF standard; otherwise keep review-only.
GHG-SERIES-REVIEW-0314,world500_ghg_series_acceptance_ledger.json,review,review_required_contextual_inventory_mapping,r310_vodafonegroup,VODAFONE GROUP,310,ghg_scope2_guidance,GHG Protocol Scope 2 Guidance,P0_review_queue,contextual_scope_inventory_mapping,scope_inventory_context_without_explicit_fine_series_name,38,Vodafone 2025 Annual Report.pdf,"Review: contextual inventory or Scope wording is present, but the page does not explicitly name this exact GHGP/PCAF series.",Promote only after page-level PDF text explicitly names this exact controlled GHGP/PCAF standard; otherwise keep review-only.
GHG-SERIES-REVIEW-0315,world500_ghg_series_acceptance_ledger.json,review,review_required_contextual_inventory_mapping,r310_vodafonegroup,VODAFONE GROUP,310,ghg_scope3_calculation_guidance,GHG Protocol Scope 3 Calculation Guidance,P0_review_queue,contextual_scope_inventory_mapping,scope_inventory_context_without_explicit_fine_series_name,38,Vodafone 2025 Annual Report.pdf,"Review: contextual inventory or Scope wording is present, but the page does not explicitly name this exact GHGP/PCAF series.",Promote only after page-level PDF text explicitly names this exact controlled GHGP/PCAF standard; otherwise keep review-only.
GHG-SERIES-REVIEW-0316,world500_ghg_series_acceptance_ledger.json,review,review_required_contextual_inventory_mapping,r313_exor集团,EXOR,313,ghg_corporate_standard,GHG Protocol Corporate Accounting and Reporting Standard,P0_review_queue,contextual_scope_inventory_mapping,scope_inventory_context_without_explicit_fine_series_name,6,EXOR GROUP Sustainability Report 2023.pdf,"Review: contextual inventory or Scope wording is present, but the page does not explicitly name this exact GHGP/PCAF series.",Promote only after page-level PDF text explicitly names this exact controlled GHGP/PCAF standard; otherwise keep review-only.
GHG-SERIES-REVIEW-0317,world500_ghg_series_acceptance_ledger.json,review,review_required_contextual_inventory_mapping,r315_unicreditgroup,UNICREDIT GROUP,315,ghg_corporate_standard,GHG Protocol Corporate Accounting and Reporting Standard,P0_review_queue,contextual_scope_inventory_mapping,scope_inventory_context_without_explicit_fine_series_name,140,2024-UNICREDIT GROUP-Annual-Reports-and-Accounts.pdf,"Review: contextual inventory or Scope wording is present, but the page does not explicitly name this exact GHGP/PCAF series.",Promote only after page-level PDF text explicitly names this exact controlled GHGP/PCAF standard; otherwise keep review-only.
GHG-SERIES-REVIEW-0318,world500_ghg_series_acceptance_ledger.json,review,review_required_contextual_inventory_mapping,r315_unicreditgroup,UNICREDIT GROUP,315,ghg_scope2_guidance,GHG Protocol Scope 2 Guidance,P0_review_queue,contextual_scope_inventory_mapping,scope_inventory_context_without_explicit_fine_series_name,140,2024-UNICREDIT GROUP-Annual-Reports-and-Accounts.pdf,"Review: contextual inventory or Scope wording is present, but the page does not explicitly name this exact GHGP/PCAF series.",Promote only after page-level PDF text explicitly names this exact controlled GHGP/PCAF standard; otherwise keep review-only.
GHG-SERIES-REVIEW-0319,world500_ghg_series_acceptance_ledger.json,demoted,demoted_overmapped_edge_not_accepted,r315_unicreditgroup,UNICREDIT GROUP,315,ghg_scope3_standard,GHG Protocol Corporate Value Chain (Scope 3) Accounting and Reporting Standard,P0_demoted_overmapping,contextual_overmapped_review,sample_names_other_series_or_no_current_series_name,272 | 273,2024-UNICREDIT GROUP-Annual-Reports-and-Accounts.pdf,Demoted: contextual overmapping points to another series or only generic GHG context; keep out of accepted graph.,Do not draw as accepted. Use only as a search/demotion lead unless new explicit page evidence is found.
GHG-SERIES-REVIEW-0320,world500_ghg_series_acceptance_ledger.json,demoted,demoted_overmapped_edge_not_accepted,r317_tokyoelectricpower,TOKYO ELECTRIC POWER,317,ghg_corporate_standard,GHG Protocol Corporate Accounting and Reporting Standard,P0_demoted_overmapping,contextual_overmapped_review,sample_names_other_series_or_no_current_series_name,102,TOKYO ELECTRIC POWER TP2024_en_web_print.pdf,Demoted: contextual overmapping points to another series or only generic GHG context; keep out of accepted graph.,Do not draw as accepted. Use only as a search/demotion lead unless new explicit page evidence is found.
GHG-SERIES-REVIEW-0321,world500_ghg_series_acceptance_ledger.json,demoted,demoted_overmapped_edge_not_accepted,r317_tokyoelectricpower,TOKYO ELECTRIC POWER,317,ghg_scope2_guidance,GHG Protocol Scope 2 Guidance,P0_demoted_overmapping,contextual_overmapped_review,sample_names_other_series_or_no_current_series_name,102,TOKYO ELECTRIC POWER TP2024_en_web_print.pdf,Demoted: contextual overmapping points to another series or only generic GHG context; keep out of accepted graph.,Do not draw as accepted. Use only as a search/demotion lead unless new explicit page evidence is found.
GHG-SERIES-REVIEW-0322,world500_ghg_series_acceptance_ledger.json,demoted,demoted_overmapped_edge_not_accepted,r317_tokyoelectricpower,TOKYO ELECTRIC POWER,317,ghg_scope3_calculation_guidance,GHG Protocol Scope 3 Calculation Guidance,P0_demoted_overmapping,contextual_overmapped_review,sample_names_other_series_or_no_current_series_name,102,TOKYO ELECTRIC POWER TP2024_en_web_print.pdf,Demoted: contextual overmapping points to another series or only generic GHG context; keep out of accepted graph.,Do not draw as accepted. Use only as a search/demotion lead unless new explicit page evidence is found.
GHG-SERIES-REVIEW-0323,world500_ghg_series_acceptance_ledger.json,review,review_required_contextual_inventory_mapping,r319_worldkinect公司,World Kinect,319,ghg_corporate_standard,GHG Protocol Corporate Accounting and Reporting Standard,P0_review_queue,contextual_scope_inventory_mapping,scope_inventory_context_without_explicit_fine_series_name,27,WORLD KINECT——Sustainability_Report_Published_2022.pdf,"Review: contextual inventory or Scope wording is present, but the page does not explicitly name this exact GHGP/PCAF series.",Promote only after page-level PDF text explicitly names this exact controlled GHGP/PCAF standard; otherwise keep review-only.
GHG-SERIES-REVIEW-0324,world500_ghg_series_acceptance_ledger.json,review,review_required_contextual_inventory_mapping,r319_worldkinect公司,World Kinect,319,ghg_scope2_guidance,GHG Protocol Scope 2 Guidance,P0_review_queue,contextual_scope_inventory_mapping,scope_inventory_context_without_explicit_fine_series_name,27,WORLD KINECT——Sustainability_Report_Published_2022.pdf,"Review: contextual inventory or Scope wording is present, but the page does not explicitly name this exact GHGP/PCAF series.",Promote only after page-level PDF text explicitly names this exact controlled GHGP/PCAF standard; otherwise keep review-only.
GHG-SERIES-REVIEW-0325,world500_ghg_series_acceptance_ledger.json,review,review_required_contextual_inventory_mapping,r319_worldkinect公司,World Kinect,319,ghg_scope3_calculation_guidance,GHG Protocol Scope 3 Calculation Guidance,P0_review_queue,contextual_scope_inventory_mapping,scope_inventory_context_without_explicit_fine_series_name,27,WORLD KINECT——Sustainability_Report_Published_2022.pdf,"Review: contextual inventory or Scope wording is present, but the page does not explicitly name this exact GHGP/PCAF series.",Promote only after page-level PDF text explicitly names this exact controlled GHGP/PCAF standard; otherwise keep review-only.
GHG-SERIES-REVIEW-0326,world500_ghg_series_acceptance_ledger.json,review,review_required_contextual_inventory_mapping,r324_americaninternationalgroup,AMERICAN INTERNATIONAL GROUP,324,ghg_corporate_standard,GHG Protocol Corporate Accounting and Reporting Standard,P0_review_queue,contextual_scope_inventory_mapping,scope_inventory_context_without_explicit_fine_series_name,33,AMERICAN INTERNATIONAL GROUP-aig-sustainability-report-2024.pdf,"Review: contextual inventory or Scope wording is present, but the page does not explicitly name this exact GHGP/PCAF series.",Promote only after page-level PDF text explicitly names this exact controlled GHGP/PCAF standard; otherwise keep review-only.
GHG-SERIES-REVIEW-0327,world500_ghg_series_acceptance_ledger.json,review,review_required_contextual_inventory_mapping,r324_americaninternationalgroup,AMERICAN INTERNATIONAL GROUP,324,ghg_scope2_guidance,GHG Protocol Scope 2 Guidance,P0_review_queue,contextual_scope_inventory_mapping,scope_inventory_context_without_explicit_fine_series_name,33,AMERICAN INTERNATIONAL GROUP-aig-sustainability-report-2024.pdf,"Review: contextual inventory or Scope wording is present, but the page does not explicitly name this exact GHGP/PCAF series.",Promote only after page-level PDF text explicitly names this exact controlled GHGP/PCAF standard; otherwise keep review-only.
GHG-SERIES-REVIEW-0328,world500_ghg_series_acceptance_ledger.json,review,review_required_contextual_inventory_mapping,r327_talanx公司,Talanx,327,ghg_corporate_standard,GHG Protocol Corporate Accounting and Reporting Standard,P0_review_queue,contextual_scope_inventory_mapping,scope_inventory_context_without_explicit_fine_series_name,32,Talanx_Nachhaltigkeitsbericht_2023_en.pdf,"Review: contextual inventory or Scope wording is present, but the page does not explicitly name this exact GHGP/PCAF series.",Promote only after page-level PDF text explicitly names this exact controlled GHGP/PCAF standard; otherwise keep review-only.
GHG-SERIES-REVIEW-0329,world500_ghg_series_acceptance_ledger.json,review,review_required_contextual_inventory_mapping,r327_talanx公司,Talanx,327,ghg_scope2_guidance,GHG Protocol Scope 2 Guidance,P0_review_queue,contextual_scope_inventory_mapping,scope_inventory_context_without_explicit_fine_series_name,32,Talanx_Nachhaltigkeitsbericht_2023_en.pdf,"Review: contextual inventory or Scope wording is present, but the page does not explicitly name this exact GHGP/PCAF series.",Promote only after page-level PDF text explicitly names this exact controlled GHGP/PCAF standard; otherwise keep review-only.
GHG-SERIES-REVIEW-0330,world500_ghg_series_acceptance_ledger.json,review,review_required_contextual_inventory_mapping,r327_talanx公司,Talanx,327,ghg_scope3_standard,GHG Protocol Corporate Value Chain (Scope 3) Accounting and Reporting Standard,P0_review_queue,contextual_scope_inventory_mapping,scope_inventory_context_without_explicit_fine_series_name,32,Talanx_Nachhaltigkeitsbericht_2023_en.pdf,"Review: contextual inventory or Scope wording is present, but the page does not explicitly name this exact GHGP/PCAF series.",Promote only after page-level PDF text explicitly names this exact controlled GHGP/PCAF standard; otherwise keep review-only.
GHG-SERIES-REVIEW-0331,world500_ghg_series_acceptance_ledger.json,demoted,demoted_overmapped_edge_not_accepted,r329_astrazeneca,ASTRAZENECA,329,ghg_scope3_calculation_guidance,GHG Protocol Scope 3 Calculation Guidance,P0_demoted_overmapping,contextual_overmapped_review,sample_names_other_series_or_no_current_series_name,128,AstraZeneca_AR_2024.pdf,Demoted: contextual overmapping points to another series or only generic GHG context; keep out of accepted graph.,Do not draw as accepted. Use only as a search/demotion lead unless new explicit page evidence is found.
GHG-SERIES-REVIEW-0332,world500_ghg_series_acceptance_ledger.json,review,review_required_contextual_inventory_mapping,r335_chs公司,CHS,335,ghg_corporate_standard,GHG Protocol Corporate Accounting and Reporting Standard,P0_review_queue,contextual_scope_inventory_mapping,scope_inventory_context_without_explicit_fine_series_name,13,CHS Sustainability Report2024.pdf,"Review: contextual inventory or Scope wording is present, but the page does not explicitly name this exact GHGP/PCAF series.",Promote only after page-level PDF text explicitly names this exact controlled GHGP/PCAF standard; otherwise keep review-only.
GHG-SERIES-REVIEW-0333,world500_ghg_series_acceptance_ledger.json,review,review_required_contextual_inventory_mapping,r335_chs公司,CHS,335,ghg_scope2_guidance,GHG Protocol Scope 2 Guidance,P0_review_queue,contextual_scope_inventory_mapping,scope_inventory_context_without_explicit_fine_series_name,13,CHS Sustainability Report2024.pdf,"Review: contextual inventory or Scope wording is present, but the page does not explicitly name this exact GHGP/PCAF series.",Promote only after page-level PDF text explicitly names this exact controlled GHGP/PCAF standard; otherwise keep review-only.
GHG-SERIES-REVIEW-0334,world500_ghg_series_acceptance_ledger.json,review,review_required_contextual_inventory_mapping,r335_chs公司,CHS,335,ghg_scope3_standard,GHG Protocol Corporate Value Chain (Scope 3) Accounting and Reporting Standard,P0_review_queue,contextual_scope_inventory_mapping,scope_inventory_context_without_explicit_fine_series_name,13,CHS Sustainability Report2024.pdf,"Review: contextual inventory or Scope wording is present, but the page does not explicitly name this exact GHGP/PCAF series.",Promote only after page-level PDF text explicitly names this exact controlled GHGP/PCAF standard; otherwise keep review-only.
GHG-SERIES-REVIEW-0335,world500_ghg_series_acceptance_ledger.json,demoted,demoted_overmapped_edge_not_accepted,r339_hyundaimobis,HYUNDAI MOBIS,339,ghg_scope2_guidance,GHG Protocol Scope 2 Guidance,P0_demoted_overmapping,contextual_overmapped_review,sample_names_other_series_or_no_current_series_name,46,HYUNDAI MOBIS sustainability report 2025.pdf,Demoted: contextual overmapping points to another series or only generic GHG context; keep out of accepted graph.,Do not draw as accepted. Use only as a search/demotion lead unless new explicit page evidence is found.
GHG-SERIES-REVIEW-0336,world500_ghg_series_acceptance_ledger.json,demoted,demoted_overmapped_edge_not_accepted,r339_hyundaimobis,HYUNDAI MOBIS,339,ghg_scope3_calculation_guidance,GHG Protocol Scope 3 Calculation Guidance,P0_demoted_overmapping,contextual_overmapped_review,sample_names_other_series_or_no_current_series_name,46,HYUNDAI MOBIS sustainability report 2025.pdf,Demoted: contextual overmapping points to another series or only generic GHG context; keep out of accepted graph.,Do not draw as accepted. Use only as a search/demotion lead unless new explicit page evidence is found.
GHG-SERIES-REVIEW-0337,world500_ghg_series_acceptance_ledger.json,review,review_required_contextual_inventory_mapping,r342_bristolmyerssquibb,BRISTOL-MYERS SQUIBB,342,ghg_scope2_guidance,GHG Protocol Scope 2 Guidance,P0_review_queue,contextual_scope_inventory_mapping,scope_inventory_context_without_explicit_fine_series_name,80,BRISTOL-MYERS SQUIBB BMS-Building-a-Better-Future-Report-2024.pdf,"Review: contextual inventory or Scope wording is present, but the page does not explicitly name this exact GHGP/PCAF series.",Promote only after page-level PDF text explicitly names this exact controlled GHGP/PCAF standard; otherwise keep review-only.
GHG-SERIES-REVIEW-0338,world500_ghg_series_acceptance_ledger.json,review,review_required_contextual_inventory_mapping,r342_bristolmyerssquibb,BRISTOL-MYERS SQUIBB,342,ghg_scope3_calculation_guidance,GHG Protocol Scope 3 Calculation Guidance,P0_review_queue,contextual_scope_inventory_mapping,scope_inventory_context_without_explicit_fine_series_name,80,BRISTOL-MYERS SQUIBB BMS-Building-a-Better-Future-Report-2024.pdf,"Review: contextual inventory or Scope wording is present, but the page does not explicitly name this exact GHGP/PCAF series.",Promote only after page-level PDF text explicitly names this exact controlled GHGP/PCAF standard; otherwise keep review-only.
GHG-SERIES-REVIEW-0339,world500_ghg_series_acceptance_ledger.json,demoted,demoted_overmapped_edge_not_accepted,r342_bristolmyerssquibb,BRISTOL-MYERS SQUIBB,342,ghg_scope3_standard,GHG Protocol Corporate Value Chain (Scope 3) Accounting and Reporting Standard,P0_demoted_overmapping,contextual_overmapped_review,sample_names_other_series_or_no_current_series_name,80,BRISTOL-MYERS SQUIBB BMS-Building-a-Better-Future-Report-2024.pdf,Demoted: contextual overmapping points to another series or only generic GHG context; keep out of accepted graph.,Do not draw as accepted. Use only as a search/demotion lead unless new explicit page evidence is found.
GHG-SERIES-REVIEW-0340,world500_ghg_series_acceptance_ledger.json,demoted,demoted_overmapped_edge_not_accepted,r344_continental,CONTINENTAL,344,ghg_scope2_guidance,GHG Protocol Scope 2 Guidance,P0_demoted_overmapping,contextual_overmapped_review,sample_names_other_series_or_no_current_series_name,133,CONTINENTAL annual-report-2024.pdf,Demoted: contextual overmapping points to another series or only generic GHG context; keep out of accepted graph.,Do not draw as accepted. Use only as a search/demotion lead unless new explicit page evidence is found.
GHG-SERIES-REVIEW-0341,world500_ghg_series_acceptance_ledger.json,demoted,demoted_overmapped_edge_not_accepted,r344_continental,CONTINENTAL,344,ghg_scope3_calculation_guidance,GHG Protocol Scope 3 Calculation Guidance,P0_demoted_overmapping,contextual_overmapped_review,sample_names_other_series_or_no_current_series_name,133,CONTINENTAL annual-report-2024.pdf,Demoted: contextual overmapping points to another series or only generic GHG context; keep out of accepted graph.,Do not draw as accepted. Use only as a search/demotion lead unless new explicit page evidence is found.
GHG-SERIES-REVIEW-0342,world500_ghg_series_acceptance_ledger.json,review,review_required_contextual_inventory_mapping,r345_raízen公司,Raízen,345,ghg_corporate_standard,GHG Protocol Corporate Accounting and Reporting Standard,P0_review_queue,contextual_scope_inventory_mapping,scope_inventory_context_without_explicit_fine_series_name,32,item-1338-raizen-rs24-25-en-d11.pdf,"Review: contextual inventory or Scope wording is present, but the page does not explicitly name this exact GHGP/PCAF series.",Promote only after page-level PDF text explicitly names this exact controlled GHGP/PCAF standard; otherwise keep review-only.
GHG-SERIES-REVIEW-0343,world500_ghg_series_acceptance_ledger.json,review,review_required_contextual_inventory_mapping,r345_raízen公司,Raízen,345,ghg_product_standard,GHG Protocol Product Life Cycle Accounting and Reporting Standard,P0_review_queue,contextual_scope_inventory_mapping,scope_inventory_context_without_explicit_fine_series_name,32,item-1338-raizen-rs24-25-en-d11.pdf,"Review: contextual inventory or Scope wording is present, but the page does not explicitly name this exact GHGP/PCAF series.",Promote only after page-level PDF text explicitly names this exact controlled GHGP/PCAF standard; otherwise keep review-only.
GHG-SERIES-REVIEW-0344,world500_ghg_series_acceptance_ledger.json,review,review_required_contextual_inventory_mapping,r345_raízen公司,Raízen,345,ghg_scope2_guidance,GHG Protocol Scope 2 Guidance,P0_review_queue,contextual_scope_inventory_mapping,scope_inventory_context_without_explicit_fine_series_name,32,item-1338-raizen-rs24-25-en-d11.pdf,"Review: contextual inventory or Scope wording is present, but the page does not explicitly name this exact GHGP/PCAF series.",Promote only after page-level PDF text explicitly names this exact controlled GHGP/PCAF standard; otherwise keep review-only.
GHG-SERIES-REVIEW-0345,world500_ghg_series_acceptance_ledger.json,review,review_required_contextual_inventory_mapping,r345_raízen公司,Raízen,345,ghg_scope3_standard,GHG Protocol Corporate Value Chain (Scope 3) Accounting and Reporting Standard,P0_review_queue,contextual_scope_inventory_mapping,scope_inventory_context_without_explicit_fine_series_name,32,item-1338-raizen-rs24-25-en-d11.pdf,"Review: contextual inventory or Scope wording is present, but the page does not explicitly name this exact GHGP/PCAF series.",Promote only after page-level PDF text explicitly names this exact controlled GHGP/PCAF standard; otherwise keep review-only.
GHG-SERIES-REVIEW-0346,world500_ghg_series_acceptance_ledger.json,review,review_required_contextual_inventory_mapping,r346_dow,DOW,346,ghg_scope3_calculation_guidance,GHG Protocol Scope 3 Calculation Guidance,P0_review_queue,contextual_scope_inventory_mapping,scope_inventory_context_without_explicit_fine_series_name,2,DOW-2024-progress-report.pdf,"Review: contextual inventory or Scope wording is present, but the page does not explicitly name this exact GHGP/PCAF series.",Promote only after page-level PDF text explicitly names this exact controlled GHGP/PCAF standard; otherwise keep review-only.
GHG-SERIES-REVIEW-0347,world500_ghg_series_acceptance_ledger.json,review,review_required_contextual_inventory_mapping,r349_fomentoeconómicomexicano公司,Fomento Económico Mexicano,349,ghg_corporate_standard,GHG Protocol Corporate Accounting and Reporting Standard,P0_review_queue,contextual_scope_inventory_mapping,scope_inventory_context_without_explicit_fine_series_name,132,FEMSA_2024_Annual_Report.pdf,"Review: contextual inventory or Scope wording is present, but the page does not explicitly name this exact GHGP/PCAF series.",Promote only after page-level PDF text explicitly names this exact controlled GHGP/PCAF standard; otherwise keep review-only.
GHG-SERIES-REVIEW-0348,world500_ghg_series_acceptance_ledger.json,review,review_required_contextual_inventory_mapping,r349_fomentoeconómicomexicano公司,Fomento Económico Mexicano,349,ghg_scope2_guidance,GHG Protocol Scope 2 Guidance,P0_review_queue,contextual_scope_inventory_mapping,scope_inventory_context_without_explicit_fine_series_name,132,FEMSA_2024_Annual_Report.pdf,"Review: contextual inventory or Scope wording is present, but the page does not explicitly name this exact GHGP/PCAF series.",Promote only after page-level PDF text explicitly names this exact controlled GHGP/PCAF standard; otherwise keep review-only.
GHG-SERIES-REVIEW-0349,world500_ghg_series_acceptance_ledger.json,review,review_required_contextual_inventory_mapping,r349_fomentoeconómicomexicano公司,Fomento Económico Mexicano,349,ghg_scope3_calculation_guidance,GHG Protocol Scope 3 Calculation Guidance,P0_review_queue,contextual_scope_inventory_mapping,scope_inventory_context_without_explicit_fine_series_name,132,FEMSA_2024_Annual_Report.pdf,"Review: contextual inventory or Scope wording is present, but the page does not explicitly name this exact GHGP/PCAF series.",Promote only after page-level PDF text explicitly names this exact controlled GHGP/PCAF standard; otherwise keep review-only.
GHG-SERIES-REVIEW-0350,world500_ghg_series_acceptance_ledger.json,review,review_required_contextual_inventory_mapping,r349_fomentoeconómicomexicano公司,Fomento Económico Mexicano,349,ghg_scope3_standard,GHG Protocol Corporate Value Chain (Scope 3) Accounting and Reporting Standard,P0_review_queue,contextual_scope_inventory_mapping,scope_inventory_context_without_explicit_fine_series_name,132,FEMSA_2024_Annual_Report.pdf,"Review: contextual inventory or Scope wording is present, but the page does not explicitly name this exact GHGP/PCAF series.",Promote only after page-level PDF text explicitly names this exact controlled GHGP/PCAF standard; otherwise keep review-only.
GHG-SERIES-REVIEW-0351,world500_ghg_series_acceptance_ledger.json,review,review_required_contextual_inventory_mapping,r350_telefónica,TELEFÓNICA,350,ghg_scope2_guidance,GHG Protocol Scope 2 Guidance,P0_review_queue,contextual_scope_inventory_mapping,scope_inventory_context_without_explicit_fine_series_name,63,2024TELEFÓNICA consolidated-management-report.pdf,"Review: contextual inventory or Scope wording is present, but the page does not explicitly name this exact GHGP/PCAF series.",Promote only after page-level PDF text explicitly names this exact controlled GHGP/PCAF standard; otherwise keep review-only.
GHG-SERIES-REVIEW-0352,world500_ghg_series_acceptance_ledger.json,review,review_required_contextual_inventory_mapping,r350_telefónica,TELEFÓNICA,350,ghg_scope3_calculation_guidance,GHG Protocol Scope 3 Calculation Guidance,P0_review_queue,contextual_scope_inventory_mapping,scope_inventory_context_without_explicit_fine_series_name,63,2024TELEFÓNICA consolidated-management-report.pdf,"Review: contextual inventory or Scope wording is present, but the page does not explicitly name this exact GHGP/PCAF series.",Promote only after page-level PDF text explicitly names this exact controlled GHGP/PCAF standard; otherwise keep review-only.
GHG-SERIES-REVIEW-0353,world500_ghg_series_acceptance_ledger.json,review,review_required_contextual_inventory_mapping,r352_bestbuy,BEST BUY,352,ghg_corporate_standard,GHG Protocol Corporate Accounting and Reporting Standard,P0_review_queue,contextual_scope_inventory_mapping,scope_inventory_context_without_explicit_fine_series_name,55,BestBuy-CRS-Report-2025.pdf,"Review: contextual inventory or Scope wording is present, but the page does not explicitly name this exact GHGP/PCAF series.",Promote only after page-level PDF text explicitly names this exact controlled GHGP/PCAF standard; otherwise keep review-only.
GHG-SERIES-REVIEW-0354,world500_ghg_series_acceptance_ledger.json,review,review_required_contextual_inventory_mapping,r352_bestbuy,BEST BUY,352,ghg_scope2_guidance,GHG Protocol Scope 2 Guidance,P0_review_queue,contextual_scope_inventory_mapping,scope_inventory_context_without_explicit_fine_series_name,55,BestBuy-CRS-Report-2025.pdf,"Review: contextual inventory or Scope wording is present, but the page does not explicitly name this exact GHGP/PCAF series.",Promote only after page-level PDF text explicitly names this exact controlled GHGP/PCAF standard; otherwise keep review-only.
GHG-SERIES-REVIEW-0355,world500_ghg_series_acceptance_ledger.json,review,review_required_contextual_inventory_mapping,r352_bestbuy,BEST BUY,352,ghg_scope3_calculation_guidance,GHG Protocol Scope 3 Calculation Guidance,P0_review_queue,contextual_scope_inventory_mapping,scope_inventory_context_without_explicit_fine_series_name,55,BestBuy-CRS-Report-2025.pdf,"Review: contextual inventory or Scope wording is present, but the page does not explicitly name this exact GHGP/PCAF series.",Promote only after page-level PDF text explicitly names this exact controlled GHGP/PCAF standard; otherwise keep review-only.
GHG-SERIES-REVIEW-0356,world500_ghg_series_acceptance_ledger.json,review,review_required_contextual_inventory_mapping,r352_bestbuy,BEST BUY,352,ghg_scope3_standard,GHG Protocol Corporate Value Chain (Scope 3) Accounting and Reporting Standard,P0_review_queue,contextual_scope_inventory_mapping,scope_inventory_context_without_explicit_fine_series_name,55,BestBuy-CRS-Report-2025.pdf,"Review: contextual inventory or Scope wording is present, but the page does not explicitly name this exact GHGP/PCAF series.",Promote only after page-level PDF text explicitly names this exact controlled GHGP/PCAF standard; otherwise keep review-only.
GHG-SERIES-REVIEW-0357,world500_ghg_series_acceptance_ledger.json,review,review_required_contextual_inventory_mapping,r353_woolworthsgroup,WOOLWORTHS GROUP,353,ghg_corporate_standard,GHG Protocol Corporate Accounting and Reporting Standard,P0_review_queue,contextual_scope_inventory_mapping,scope_inventory_context_without_explicit_fine_series_name,22,2025_WOOLWORTHS GROUP_Sustainability_Report_Interactive_SPREADS.pdf,"Review: contextual inventory or Scope wording is present, but the page does not explicitly name this exact GHGP/PCAF series.",Promote only after page-level PDF text explicitly names this exact controlled GHGP/PCAF standard; otherwise keep review-only.
GHG-SERIES-REVIEW-0358,world500_ghg_series_acceptance_ledger.json,review,review_required_contextual_inventory_mapping,r353_woolworthsgroup,WOOLWORTHS GROUP,353,ghg_scope2_guidance,GHG Protocol Scope 2 Guidance,P0_review_queue,contextual_scope_inventory_mapping,scope_inventory_context_without_explicit_fine_series_name,22,2025_WOOLWORTHS GROUP_Sustainability_Report_Interactive_SPREADS.pdf,"Review: contextual inventory or Scope wording is present, but the page does not explicitly name this exact GHGP/PCAF series.",Promote only after page-level PDF text explicitly names this exact controlled GHGP/PCAF standard; otherwise keep review-only.
GHG-SERIES-REVIEW-0359,world500_ghg_series_acceptance_ledger.json,review,review_required_contextual_inventory_mapping,r353_woolworthsgroup,WOOLWORTHS GROUP,353,ghg_scope3_calculation_guidance,GHG Protocol Scope 3 Calculation Guidance,P0_review_queue,contextual_scope_inventory_mapping,scope_inventory_context_without_explicit_fine_series_name,22,2025_WOOLWORTHS GROUP_Sustainability_Report_Interactive_SPREADS.pdf,"Review: contextual inventory or Scope wording is present, but the page does not explicitly name this exact GHGP/PCAF series.",Promote only after page-level PDF text explicitly names this exact controlled GHGP/PCAF standard; otherwise keep review-only.
GHG-SERIES-REVIEW-0360,world500_ghg_series_acceptance_ledger.json,review,review_required_contextual_inventory_mapping,r353_woolworthsgroup,WOOLWORTHS GROUP,353,ghg_scope3_standard,GHG Protocol Corporate Value Chain (Scope 3) Accounting and Reporting Standard,P0_review_queue,contextual_scope_inventory_mapping,scope_inventory_context_without_explicit_fine_series_name,22,2025_WOOLWORTHS GROUP_Sustainability_Report_Interactive_SPREADS.pdf,"Review: contextual inventory or Scope wording is present, but the page does not explicitly name this exact GHGP/PCAF series.",Promote only after page-level PDF text explicitly names this exact controlled GHGP/PCAF standard; otherwise keep review-only.
GHG-SERIES-REVIEW-0361,world500_ghg_series_acceptance_ledger.json,review,review_required_contextual_inventory_mapping,r356_thermofisherscientific,THERMO FISHER SCIENTIFIC,356,ghg_corporate_standard,GHG Protocol Corporate Accounting and Reporting Standard,P0_review_queue,contextual_scope_inventory_mapping,scope_inventory_context_without_explicit_fine_series_name,65,2023-THERMO FISHER SCIENTIFIC-CSR-Report.pdf,"Review: contextual inventory or Scope wording is present, but the page does not explicitly name this exact GHGP/PCAF series.",Promote only after page-level PDF text explicitly names this exact controlled GHGP/PCAF standard; otherwise keep review-only.
GHG-SERIES-REVIEW-0362,world500_ghg_series_acceptance_ledger.json,review,review_required_contextual_inventory_mapping,r356_thermofisherscientific,THERMO FISHER SCIENTIFIC,356,ghg_scope2_guidance,GHG Protocol Scope 2 Guidance,P0_review_queue,contextual_scope_inventory_mapping,scope_inventory_context_without_explicit_fine_series_name,65,2023-THERMO FISHER SCIENTIFIC-CSR-Report.pdf,"Review: contextual inventory or Scope wording is present, but the page does not explicitly name this exact GHGP/PCAF series.",Promote only after page-level PDF text explicitly names this exact controlled GHGP/PCAF standard; otherwise keep review-only.
GHG-SERIES-REVIEW-0363,world500_ghg_series_acceptance_ledger.json,review,review_required_contextual_inventory_mapping,r356_thermofisherscientific,THERMO FISHER SCIENTIFIC,356,ghg_scope3_calculation_guidance,GHG Protocol Scope 3 Calculation Guidance,P0_review_queue,contextual_scope_inventory_mapping,scope_inventory_context_without_explicit_fine_series_name,65,2023-THERMO FISHER SCIENTIFIC-CSR-Report.pdf,"Review: contextual inventory or Scope wording is present, but the page does not explicitly name this exact GHGP/PCAF series.",Promote only after page-level PDF text explicitly names this exact controlled GHGP/PCAF standard; otherwise keep review-only.
GHG-SERIES-REVIEW-0364,world500_ghg_series_acceptance_ledger.json,review,review_required_contextual_inventory_mapping,r356_thermofisherscientific,THERMO FISHER SCIENTIFIC,356,ghg_scope3_standard,GHG Protocol Corporate Value Chain (Scope 3) Accounting and Reporting Standard,P0_review_queue,contextual_scope_inventory_mapping,scope_inventory_context_without_explicit_fine_series_name,65,2023-THERMO FISHER SCIENTIFIC-CSR-Report.pdf,"Review: contextual inventory or Scope wording is present, but the page does not explicitly name this exact GHGP/PCAF series.",Promote only after page-level PDF text explicitly names this exact controlled GHGP/PCAF standard; otherwise keep review-only.
GHG-SERIES-REVIEW-0365,world500_ghg_series_acceptance_ledger.json,review,review_required_contextual_inventory_mapping,r357_magnainternational,MAGNA INTERNATIONAL,357,ghg_scope2_guidance,GHG Protocol Scope 2 Guidance,P0_review_queue,contextual_scope_inventory_mapping,scope_inventory_context_without_explicit_fine_series_name,99,101227_magna_sustainabilityreport_fy2024_final_cda.pdf,"Review: contextual inventory or Scope wording is present, but the page does not explicitly name this exact GHGP/PCAF series.",Promote only after page-level PDF text explicitly names this exact controlled GHGP/PCAF standard; otherwise keep review-only.
GHG-SERIES-REVIEW-0366,world500_ghg_series_acceptance_ledger.json,review,review_required_contextual_inventory_mapping,r357_magnainternational,MAGNA INTERNATIONAL,357,ghg_scope3_calculation_guidance,GHG Protocol Scope 3 Calculation Guidance,P0_review_queue,contextual_scope_inventory_mapping,scope_inventory_context_without_explicit_fine_series_name,99,101227_magna_sustainabilityreport_fy2024_final_cda.pdf,"Review: contextual inventory or Scope wording is present, but the page does not explicitly name this exact GHGP/PCAF series.",Promote only after page-level PDF text explicitly names this exact controlled GHGP/PCAF standard; otherwise keep review-only.
GHG-SERIES-REVIEW-0367,world500_ghg_series_acceptance_ledger.json,review,review_required_contextual_inventory_mapping,r359_massachusettsmutuallifeinsurance,MASSACHUSETTS MUTUAL LIFE INSURANCE,359,ghg_corporate_standard,GHG Protocol Corporate Accounting and Reporting Standard,P0_review_queue,contextual_scope_inventory_mapping,scope_inventory_context_without_explicit_fine_series_name,18,2024-MASSACHUSETTS MUTUAL LIFE INSURANCE-sustainabilityreport.pdf,"Review: contextual inventory or Scope wording is present, but the page does not explicitly name this exact GHGP/PCAF series.",Promote only after page-level PDF text explicitly names this exact controlled GHGP/PCAF standard; otherwise keep review-only.
GHG-SERIES-REVIEW-0368,world500_ghg_series_acceptance_ledger.json,review,review_required_contextual_inventory_mapping,r365_travelers公司,Travelers,365,ghg_scope2_guidance,GHG Protocol Scope 2 Guidance,P0_review_queue,contextual_scope_inventory_mapping,scope_inventory_context_without_explicit_fine_series_name,77,Travelers_SustainabilityReport2024.pdf,"Review: contextual inventory or Scope wording is present, but the page does not explicitly name this exact GHGP/PCAF series.",Promote only after page-level PDF text explicitly names this exact controlled GHGP/PCAF standard; otherwise keep review-only.
GHG-SERIES-REVIEW-0369,world500_ghg_series_acceptance_ledger.json,demoted,demoted_overmapped_edge_not_accepted,r366_warnerbrosdiscovery,WARNER BROS. DISCOVERY,366,ghg_scope3_calculation_guidance,GHG Protocol Scope 3 Calculation Guidance,P0_demoted_overmapping,contextual_overmapped_review,sample_names_other_series_or_no_current_series_name,25,WARNER BROS. DISCOVERY_2024_impact_report.pdf,Demoted: contextual overmapping points to another series or only generic GHG context; keep out of accepted graph.,Do not draw as accepted. Use only as a search/demotion lead unless new explicit page evidence is found.
GHG-SERIES-REVIEW-0370,world500_ghg_series_acceptance_ledger.json,demoted,demoted_overmapped_edge_not_accepted,r366_warnerbrosdiscovery,WARNER BROS. DISCOVERY,366,ghg_scope3_standard,GHG Protocol Corporate Value Chain (Scope 3) Accounting and Reporting Standard,P0_demoted_overmapping,contextual_overmapped_review,sample_names_other_series_or_no_current_series_name,25,WARNER BROS. DISCOVERY_2024_impact_report.pdf,Demoted: contextual overmapping points to another series or only generic GHG context; keep out of accepted graph.,Do not draw as accepted. Use only as a search/demotion lead unless new explicit page evidence is found.
GHG-SERIES-REVIEW-0371,world500_ghg_series_acceptance_ledger.json,review,review_required_contextual_inventory_mapping,r367_canadianimperialbankofcommerce,CANADIAN IMPERIAL BANK OF COMMERCE,367,ghg_land_sector_removals_standard,GHG Protocol Land Sector and Removals Standard,P0_review_queue,contextual_scope_inventory_mapping,scope_inventory_context_without_explicit_fine_series_name,100,CANADIAN IMPERIAL BANK OF COMMERCE-sustainability-report-2024-en.pdf,"Review: contextual inventory or Scope wording is present, but the page does not explicitly name this exact GHGP/PCAF series.",Promote only after page-level PDF text explicitly names this exact controlled GHGP/PCAF standard; otherwise keep review-only.
GHG-SERIES-REVIEW-0372,world500_ghg_series_acceptance_ledger.json,review,review_required_contextual_inventory_mapping,r368_lyondellbasellindustries,LYONDELLBASELL INDUSTRIES,368,ghg_corporate_standard,GHG Protocol Corporate Accounting and Reporting Standard,P0_review_queue,contextual_scope_inventory_mapping,scope_inventory_context_without_explicit_fine_series_name,3,2024-LYONDELLBASELL INDUSTRIES-sustainability-report.pdf,"Review: contextual inventory or Scope wording is present, but the page does not explicitly name this exact GHGP/PCAF series.",Promote only after page-level PDF text explicitly names this exact controlled GHGP/PCAF standard; otherwise keep review-only.
GHG-SERIES-REVIEW-0373,world500_ghg_series_acceptance_ledger.json,review,review_required_contextual_inventory_mapping,r368_lyondellbasellindustries,LYONDELLBASELL INDUSTRIES,368,ghg_product_standard,GHG Protocol Product Life Cycle Accounting and Reporting Standard,P0_review_queue,contextual_scope_inventory_mapping,scope_inventory_context_without_explicit_fine_series_name,3,2024-LYONDELLBASELL INDUSTRIES-sustainability-report.pdf,"Review: contextual inventory or Scope wording is present, but the page does not explicitly name this exact GHGP/PCAF series.",Promote only after page-level PDF text explicitly names this exact controlled GHGP/PCAF standard; otherwise keep review-only.
GHG-SERIES-REVIEW-0374,world500_ghg_series_acceptance_ledger.json,review,review_required_contextual_inventory_mapping,r368_lyondellbasellindustries,LYONDELLBASELL INDUSTRIES,368,ghg_scope2_guidance,GHG Protocol Scope 2 Guidance,P0_review_queue,contextual_scope_inventory_mapping,scope_inventory_context_without_explicit_fine_series_name,3,2024-LYONDELLBASELL INDUSTRIES-sustainability-report.pdf,"Review: contextual inventory or Scope wording is present, but the page does not explicitly name this exact GHGP/PCAF series.",Promote only after page-level PDF text explicitly names this exact controlled GHGP/PCAF standard; otherwise keep review-only.
GHG-SERIES-REVIEW-0375,world500_ghg_series_acceptance_ledger.json,review,review_required_contextual_inventory_mapping,r368_lyondellbasellindustries,LYONDELLBASELL INDUSTRIES,368,ghg_scope3_standard,GHG Protocol Corporate Value Chain (Scope 3) Accounting and Reporting Standard,P0_review_queue,contextual_scope_inventory_mapping,scope_inventory_context_without_explicit_fine_series_name,3,2024-LYONDELLBASELL INDUSTRIES-sustainability-report.pdf,"Review: contextual inventory or Scope wording is present, but the page does not explicitly name this exact GHGP/PCAF series.",Promote only after page-level PDF text explicitly names this exact controlled GHGP/PCAF standard; otherwise keep review-only.
GHG-SERIES-REVIEW-0376,world500_ghg_series_acceptance_ledger.json,review,review_required_contextual_inventory_mapping,r374_lufthansagroup,LUFTHANSA GROUP,374,ghg_corporate_standard,GHG Protocol Corporate Accounting and Reporting Standard,P0_review_queue,contextual_scope_inventory_mapping,scope_inventory_context_without_explicit_fine_series_name,148,LH-AR-2024-e.pdf,"Review: contextual inventory or Scope wording is present, but the page does not explicitly name this exact GHGP/PCAF series.",Promote only after page-level PDF text explicitly names this exact controlled GHGP/PCAF standard; otherwise keep review-only.
GHG-SERIES-REVIEW-0377,world500_ghg_series_acceptance_ledger.json,review,review_required_contextual_inventory_mapping,r374_lufthansagroup,LUFTHANSA GROUP,374,ghg_scope2_guidance,GHG Protocol Scope 2 Guidance,P0_review_queue,contextual_scope_inventory_mapping,scope_inventory_context_without_explicit_fine_series_name,148,LH-AR-2024-e.pdf,"Review: contextual inventory or Scope wording is present, but the page does not explicitly name this exact GHGP/PCAF series.",Promote only after page-level PDF text explicitly names this exact controlled GHGP/PCAF standard; otherwise keep review-only.
GHG-SERIES-REVIEW-0378,world500_ghg_series_acceptance_ledger.json,review,review_required_contextual_inventory_mapping,r374_lufthansagroup,LUFTHANSA GROUP,374,ghg_scope3_standard,GHG Protocol Corporate Value Chain (Scope 3) Accounting and Reporting Standard,P0_review_queue,contextual_scope_inventory_mapping,scope_inventory_context_without_explicit_fine_series_name,148,LH-AR-2024-e.pdf,"Review: contextual inventory or Scope wording is present, but the page does not explicitly name this exact GHGP/PCAF series.",Promote only after page-level PDF text explicitly names this exact controlled GHGP/PCAF standard; otherwise keep review-only.
GHG-SERIES-REVIEW-0379,world500_ghg_series_acceptance_ledger.json,review,review_required_contextual_inventory_mapping,r375_pegatron,PEGATRON,375,ghg_corporate_standard,GHG Protocol Corporate Accounting and Reporting Standard,P0_review_queue,contextual_scope_inventory_mapping,scope_inventory_context_without_explicit_fine_series_name,35,和硕年度报告2023.pdf,"Review: contextual inventory or Scope wording is present, but the page does not explicitly name this exact GHGP/PCAF series.",Promote only after page-level PDF text explicitly names this exact controlled GHGP/PCAF standard; otherwise keep review-only.
GHG-SERIES-REVIEW-0380,world500_ghg_series_acceptance_ledger.json,review,review_required_contextual_inventory_mapping,r375_pegatron,PEGATRON,375,ghg_scope2_guidance,GHG Protocol Scope 2 Guidance,P0_review_queue,contextual_scope_inventory_mapping,scope_inventory_context_without_explicit_fine_series_name,35,和硕年度报告2023.pdf,"Review: contextual inventory or Scope wording is present, but the page does not explicitly name this exact GHGP/PCAF series.",Promote only after page-level PDF text explicitly names this exact controlled GHGP/PCAF standard; otherwise keep review-only.
GHG-SERIES-REVIEW-0381,world500_ghg_series_acceptance_ledger.json,review,review_required_contextual_inventory_mapping,r375_pegatron,PEGATRON,375,ghg_scope3_standard,GHG Protocol Corporate Value Chain (Scope 3) Accounting and Reporting Standard,P0_review_queue,contextual_scope_inventory_mapping,scope_inventory_context_without_explicit_fine_series_name,35,和硕年度报告2023.pdf,"Review: contextual inventory or Scope wording is present, but the page does not explicitly name this exact GHGP/PCAF series.",Promote only after page-level PDF text explicitly names this exact controlled GHGP/PCAF standard; otherwise keep review-only.
GHG-SERIES-REVIEW-0382,world500_ghg_series_acceptance_ledger.json,review,review_required_contextual_inventory_mapping,r376_abbottlaboratories,ABBOTT LABORATORIES,376,ghg_corporate_standard,GHG Protocol Corporate Accounting and Reporting Standard,P0_review_queue,contextual_scope_inventory_mapping,scope_inventory_context_without_explicit_fine_series_name,30,Abbott-2024-Global-Sustainability-Report-June-2025.pdf,"Review: contextual inventory or Scope wording is present, but the page does not explicitly name this exact GHGP/PCAF series.",Promote only after page-level PDF text explicitly names this exact controlled GHGP/PCAF standard; otherwise keep review-only.
GHG-SERIES-REVIEW-0383,world500_ghg_series_acceptance_ledger.json,review,review_required_contextual_inventory_mapping,r376_abbottlaboratories,ABBOTT LABORATORIES,376,ghg_scope2_guidance,GHG Protocol Scope 2 Guidance,P0_review_queue,contextual_scope_inventory_mapping,scope_inventory_context_without_explicit_fine_series_name,30,Abbott-2024-Global-Sustainability-Report-June-2025.pdf,"Review: contextual inventory or Scope wording is present, but the page does not explicitly name this exact GHGP/PCAF series.",Promote only after page-level PDF text explicitly names this exact controlled GHGP/PCAF standard; otherwise keep review-only.
GHG-SERIES-REVIEW-0384,world500_ghg_series_acceptance_ledger.json,review,review_required_contextual_inventory_mapping,r386_inditex公司,Inditex,386,ghg_corporate_standard,GHG Protocol Corporate Accounting and Reporting Standard,P0_review_queue,contextual_scope_inventory_mapping,scope_inventory_context_without_explicit_fine_series_name,62,INDITEX Sustainability report2024.pdf,"Review: contextual inventory or Scope wording is present, but the page does not explicitly name this exact GHGP/PCAF series.",Promote only after page-level PDF text explicitly names this exact controlled GHGP/PCAF standard; otherwise keep review-only.
GHG-SERIES-REVIEW-0385,world500_ghg_series_acceptance_ledger.json,review,review_required_contextual_inventory_mapping,r386_inditex公司,Inditex,386,ghg_scope3_calculation_guidance,GHG Protocol Scope 3 Calculation Guidance,P0_review_queue,contextual_scope_inventory_mapping,scope_inventory_context_without_explicit_fine_series_name,62,INDITEX Sustainability report2024.pdf,"Review: contextual inventory or Scope wording is present, but the page does not explicitly name this exact GHGP/PCAF series.",Promote only after page-level PDF text explicitly names this exact controlled GHGP/PCAF standard; otherwise keep review-only.
GHG-SERIES-REVIEW-0386,world500_ghg_series_acceptance_ledger.json,review,review_required_contextual_inventory_mapping,r386_inditex公司,Inditex,386,ghg_scope3_standard,GHG Protocol Corporate Value Chain (Scope 3) Accounting and Reporting Standard,P0_review_queue,contextual_scope_inventory_mapping,scope_inventory_context_without_explicit_fine_series_name,62,INDITEX Sustainability report2024.pdf,"Review: contextual inventory or Scope wording is present, but the page does not explicitly name this exact GHGP/PCAF series.",Promote only after page-level PDF text explicitly names this exact controlled GHGP/PCAF standard; otherwise keep review-only.
GHG-SERIES-REVIEW-0387,world500_ghg_series_acceptance_ledger.json,review,review_required_contextual_inventory_mapping,r387_schneiderelectric,SCHNEIDER ELECTRIC,387,ghg_product_standard,GHG Protocol Product Life Cycle Accounting and Reporting Standard,P0_review_queue,contextual_scope_inventory_mapping,scope_inventory_context_without_explicit_fine_series_name,14,2024-SCHNEIDER ELECTRIC-sustainability-report_tcm564-513141.pdf,"Review: contextual inventory or Scope wording is present, but the page does not explicitly name this exact GHGP/PCAF series.",Promote only after page-level PDF text explicitly names this exact controlled GHGP/PCAF standard; otherwise keep review-only.
GHG-SERIES-REVIEW-0388,world500_ghg_series_acceptance_ledger.json,review,review_required_contextual_inventory_mapping,r387_schneiderelectric,SCHNEIDER ELECTRIC,387,ghg_scope3_calculation_guidance,GHG Protocol Scope 3 Calculation Guidance,P0_review_queue,contextual_scope_inventory_mapping,scope_inventory_context_without_explicit_fine_series_name,14,2024-SCHNEIDER ELECTRIC-sustainability-report_tcm564-513141.pdf,"Review: contextual inventory or Scope wording is present, but the page does not explicitly name this exact GHGP/PCAF series.",Promote only after page-level PDF text explicitly names this exact controlled GHGP/PCAF standard; otherwise keep review-only.
GHG-SERIES-REVIEW-0389,world500_ghg_series_acceptance_ledger.json,review,review_required_contextual_inventory_mapping,r388_northwesternmutual,NORTHWESTERN MUTUAL,388,ghg_scope2_guidance,GHG Protocol Scope 2 Guidance,P0_review_queue,contextual_scope_inventory_mapping,scope_inventory_context_without_explicit_fine_series_name,45,2024-NORTHWESTERN MUTUAL-sustainability-and-impact-report.pdf,"Review: contextual inventory or Scope wording is present, but the page does not explicitly name this exact GHGP/PCAF series.",Promote only after page-level PDF text explicitly names this exact controlled GHGP/PCAF standard; otherwise keep review-only.
GHG-SERIES-REVIEW-0390,world500_ghg_series_acceptance_ledger.json,review,review_required_contextual_inventory_mapping,r388_northwesternmutual,NORTHWESTERN MUTUAL,388,ghg_scope3_standard,GHG Protocol Corporate Value Chain (Scope 3) Accounting and Reporting Standard,P0_review_queue,contextual_scope_inventory_mapping,scope_inventory_context_without_explicit_fine_series_name,45,2024-NORTHWESTERN MUTUAL-sustainability-and-impact-report.pdf,"Review: contextual inventory or Scope wording is present, but the page does not explicitly name this exact GHGP/PCAF series.",Promote only after page-level PDF text explicitly names this exact controlled GHGP/PCAF standard; otherwise keep review-only.
GHG-SERIES-REVIEW-0391,world500_ghg_series_acceptance_ledger.json,review,review_required_contextual_inventory_mapping,r391_西班牙acs集团,ACS Group,391,ghg_corporate_standard,GHG Protocol Corporate Accounting and Reporting Standard,P0_review_queue,contextual_scope_inventory_mapping,scope_inventory_context_without_explicit_fine_series_name,75,2024_ACS_Sustainability_Report.pdf,"Review: contextual inventory or Scope wording is present, but the page does not explicitly name this exact GHGP/PCAF series.",Promote only after page-level PDF text explicitly names this exact controlled GHGP/PCAF standard; otherwise keep review-only.
GHG-SERIES-REVIEW-0392,world500_ghg_series_acceptance_ledger.json,review,review_required_contextual_inventory_mapping,r391_西班牙acs集团,ACS Group,391,ghg_scope3_calculation_guidance,GHG Protocol Scope 3 Calculation Guidance,P0_review_queue,contextual_scope_inventory_mapping,scope_inventory_context_without_explicit_fine_series_name,75,2024_ACS_Sustainability_Report.pdf,"Review: contextual inventory or Scope wording is present, but the page does not explicitly name this exact GHGP/PCAF series.",Promote only after page-level PDF text explicitly names this exact controlled GHGP/PCAF standard; otherwise keep review-only.
GHG-SERIES-REVIEW-0393,world500_ghg_series_acceptance_ledger.json,review,review_required_contextual_inventory_mapping,r391_西班牙acs集团,ACS Group,391,ghg_scope3_standard,GHG Protocol Corporate Value Chain (Scope 3) Accounting and Reporting Standard,P0_review_queue,contextual_scope_inventory_mapping,scope_inventory_context_without_explicit_fine_series_name,75,2024_ACS_Sustainability_Report.pdf,"Review: contextual inventory or Scope wording is present, but the page does not explicitly name this exact GHGP/PCAF series.",Promote only after page-level PDF text explicitly names this exact controlled GHGP/PCAF standard; otherwise keep review-only.
GHG-SERIES-REVIEW-0394,world500_ghg_series_acceptance_ledger.json,review,review_required_contextual_inventory_mapping,r392_coop集团,Coop,392,ghg_corporate_standard,GHG Protocol Corporate Accounting and Reporting Standard,P0_review_queue,contextual_scope_inventory_mapping,scope_inventory_context_without_explicit_fine_series_name,216 | 53,COOP GROUP Fortschrittsbericht-Nachhaltigkeit-2024_en.pdf,"Review: contextual inventory or Scope wording is present, but the page does not explicitly name this exact GHGP/PCAF series.",Promote only after page-level PDF text explicitly names this exact controlled GHGP/PCAF standard; otherwise keep review-only.
GHG-SERIES-REVIEW-0395,world500_ghg_series_acceptance_ledger.json,review,review_required_contextual_inventory_mapping,r392_coop集团,Coop,392,ghg_scope2_guidance,GHG Protocol Scope 2 Guidance,P0_review_queue,contextual_scope_inventory_mapping,scope_inventory_context_without_explicit_fine_series_name,216 | 53,COOP GROUP Fortschrittsbericht-Nachhaltigkeit-2024_en.pdf,"Review: contextual inventory or Scope wording is present, but the page does not explicitly name this exact GHGP/PCAF series.",Promote only after page-level PDF text explicitly names this exact controlled GHGP/PCAF standard; otherwise keep review-only.
GHG-SERIES-REVIEW-0396,world500_ghg_series_acceptance_ledger.json,review,review_required_contextual_inventory_mapping,r392_coop集团,Coop,392,ghg_scope3_calculation_guidance,GHG Protocol Scope 3 Calculation Guidance,P0_review_queue,contextual_scope_inventory_mapping,scope_inventory_context_without_explicit_fine_series_name,216 | 53,COOP GROUP Fortschrittsbericht-Nachhaltigkeit-2024_en.pdf,"Review: contextual inventory or Scope wording is present, but the page does not explicitly name this exact GHGP/PCAF series.",Promote only after page-level PDF text explicitly names this exact controlled GHGP/PCAF standard; otherwise keep review-only.
GHG-SERIES-REVIEW-0397,world500_ghg_series_acceptance_ledger.json,review,review_required_contextual_inventory_mapping,r392_coop集团,Coop,392,ghg_scope3_standard,GHG Protocol Corporate Value Chain (Scope 3) Accounting and Reporting Standard,P0_review_queue,contextual_scope_inventory_mapping,scope_inventory_context_without_explicit_fine_series_name,216 | 53,COOP GROUP Fortschrittsbericht-Nachhaltigkeit-2024_en.pdf,"Review: contextual inventory or Scope wording is present, but the page does not explicitly name this exact GHGP/PCAF series.",Promote only after page-level PDF text explicitly names this exact controlled GHGP/PCAF standard; otherwise keep review-only.
GHG-SERIES-REVIEW-0398,world500_ghg_series_acceptance_ledger.json,review,review_required_contextual_inventory_mapping,r397_xiaomi,XIAOMI,397,ghg_scope2_guidance,GHG Protocol Scope 2 Guidance,P0_review_queue,contextual_scope_inventory_mapping,scope_inventory_context_without_explicit_fine_series_name,37,"Xiaomi 2023 Environmental, Social, and Governance Report.pdf","Review: contextual inventory or Scope wording is present, but the page does not explicitly name this exact GHGP/PCAF series.",Promote only after page-level PDF text explicitly names this exact controlled GHGP/PCAF standard; otherwise keep review-only.
GHG-SERIES-REVIEW-0399,world500_ghg_series_acceptance_ledger.json,demoted,demoted_overmapped_edge_not_accepted,r397_xiaomi,XIAOMI,397,ghg_scope3_standard,GHG Protocol Corporate Value Chain (Scope 3) Accounting and Reporting Standard,P0_demoted_overmapping,contextual_overmapped_review,sample_names_other_series_or_no_current_series_name,37 | 88,"Xiaomi 2023 Environmental, Social, and Governance Report.pdf",Demoted: contextual overmapping points to another series or only generic GHG context; keep out of accepted graph.,Do not draw as accepted. Use only as a search/demotion lead unless new explicit page evidence is found.
GHG-SERIES-REVIEW-0400,world500_ghg_series_acceptance_ledger.json,review,review_required_contextual_inventory_mapping,r401_suncorenergy,SUNCOR ENERGY,401,ghg_scope3_standard,GHG Protocol Corporate Value Chain (Scope 3) Accounting and Reporting Standard,P0_review_queue,contextual_scope_inventory_mapping,scope_inventory_context_without_explicit_fine_series_name,68,2023_SUNCOR ENERGY_sustainability_report.pdf,"Review: contextual inventory or Scope wording is present, but the page does not explicitly name this exact GHGP/PCAF series.",Promote only after page-level PDF text explicitly names this exact controlled GHGP/PCAF standard; otherwise keep review-only.
GHG-SERIES-REVIEW-0401,world500_ghg_series_acceptance_ledger.json,review,review_required_contextual_inventory_mapping,r403_ubertechnologies公司,Uber Technologies,403,ghg_corporate_standard,GHG Protocol Corporate Accounting and Reporting Standard,P0_review_queue,contextual_scope_inventory_mapping,scope_inventory_context_without_explicit_fine_series_name,48,uber-technologies-inc-2023-esg-report.pdf,"Review: contextual inventory or Scope wording is present, but the page does not explicitly name this exact GHGP/PCAF series.",Promote only after page-level PDF text explicitly names this exact controlled GHGP/PCAF standard; otherwise keep review-only.
GHG-SERIES-REVIEW-0402,world500_ghg_series_acceptance_ledger.json,review,review_required_contextual_inventory_mapping,r403_ubertechnologies公司,Uber Technologies,403,ghg_scope3_calculation_guidance,GHG Protocol Scope 3 Calculation Guidance,P0_review_queue,contextual_scope_inventory_mapping,scope_inventory_context_without_explicit_fine_series_name,48,uber-technologies-inc-2023-esg-report.pdf,"Review: contextual inventory or Scope wording is present, but the page does not explicitly name this exact GHGP/PCAF series.",Promote only after page-level PDF text explicitly names this exact controlled GHGP/PCAF standard; otherwise keep review-only.
GHG-SERIES-REVIEW-0403,world500_ghg_series_acceptance_ledger.json,review,review_required_contextual_inventory_mapping,r403_ubertechnologies公司,Uber Technologies,403,ghg_scope3_standard,GHG Protocol Corporate Value Chain (Scope 3) Accounting and Reporting Standard,P0_review_queue,contextual_scope_inventory_mapping,scope_inventory_context_without_explicit_fine_series_name,48,uber-technologies-inc-2023-esg-report.pdf,"Review: contextual inventory or Scope wording is present, but the page does not explicitly name this exact GHGP/PCAF series.",Promote only after page-level PDF text explicitly names this exact controlled GHGP/PCAF standard; otherwise keep review-only.
GHG-SERIES-REVIEW-0404,world500_ghg_series_acceptance_ledger.json,review,review_required_contextual_inventory_mapping,r406_suzukimotor,SUZUKI MOTOR,406,ghg_corporate_standard,GHG Protocol Corporate Accounting and Reporting Standard,P0_review_queue,contextual_scope_inventory_mapping,scope_inventory_context_without_explicit_fine_series_name,32,2024_SUZUKI MOTOR_Sustainability_Date-BOOK.pdf,"Review: contextual inventory or Scope wording is present, but the page does not explicitly name this exact GHGP/PCAF series.",Promote only after page-level PDF text explicitly names this exact controlled GHGP/PCAF standard; otherwise keep review-only.
GHG-SERIES-REVIEW-0405,world500_ghg_series_acceptance_ledger.json,review,review_required_contextual_inventory_mapping,r406_suzukimotor,SUZUKI MOTOR,406,ghg_scope2_guidance,GHG Protocol Scope 2 Guidance,P0_review_queue,contextual_scope_inventory_mapping,scope_inventory_context_without_explicit_fine_series_name,32,2024_SUZUKI MOTOR_Sustainability_Date-BOOK.pdf,"Review: contextual inventory or Scope wording is present, but the page does not explicitly name this exact GHGP/PCAF series.",Promote only after page-level PDF text explicitly names this exact controlled GHGP/PCAF standard; otherwise keep review-only.
GHG-SERIES-REVIEW-0406,world500_ghg_series_acceptance_ledger.json,review,review_required_contextual_inventory_mapping,r406_suzukimotor,SUZUKI MOTOR,406,ghg_scope3_calculation_guidance,GHG Protocol Scope 3 Calculation Guidance,P0_review_queue,contextual_scope_inventory_mapping,scope_inventory_context_without_explicit_fine_series_name,32,2024_SUZUKI MOTOR_Sustainability_Date-BOOK.pdf,"Review: contextual inventory or Scope wording is present, but the page does not explicitly name this exact GHGP/PCAF series.",Promote only after page-level PDF text explicitly names this exact controlled GHGP/PCAF standard; otherwise keep review-only.
GHG-SERIES-REVIEW-0407,world500_ghg_series_acceptance_ledger.json,review,review_required_contextual_inventory_mapping,r406_suzukimotor,SUZUKI MOTOR,406,ghg_scope3_standard,GHG Protocol Corporate Value Chain (Scope 3) Accounting and Reporting Standard,P0_review_queue,contextual_scope_inventory_mapping,scope_inventory_context_without_explicit_fine_series_name,32,2024_SUZUKI MOTOR_Sustainability_Date-BOOK.pdf,"Review: contextual inventory or Scope wording is present, but the page does not explicitly name this exact GHGP/PCAF series.",Promote only after page-level PDF text explicitly names this exact controlled GHGP/PCAF standard; otherwise keep review-only.
GHG-SERIES-REVIEW-0408,world500_ghg_series_acceptance_ledger.json,review,review_required_contextual_inventory_mapping,r413_honeywellinternational,HONEYWELL INTERNATIONAL,413,ghg_corporate_standard,GHG Protocol Corporate Accounting and Reporting Standard,P0_review_queue,contextual_scope_inventory_mapping,scope_inventory_context_without_explicit_fine_series_name,17,HONEYWELL INTERNATIONAL-2025-impact-report.pdf,"Review: contextual inventory or Scope wording is present, but the page does not explicitly name this exact GHGP/PCAF series.",Promote only after page-level PDF text explicitly names this exact controlled GHGP/PCAF standard; otherwise keep review-only.
GHG-SERIES-REVIEW-0409,world500_ghg_series_acceptance_ledger.json,review,review_required_contextual_inventory_mapping,r413_honeywellinternational,HONEYWELL INTERNATIONAL,413,ghg_scope2_guidance,GHG Protocol Scope 2 Guidance,P0_review_queue,contextual_scope_inventory_mapping,scope_inventory_context_without_explicit_fine_series_name,17,HONEYWELL INTERNATIONAL-2025-impact-report.pdf,"Review: contextual inventory or Scope wording is present, but the page does not explicitly name this exact GHGP/PCAF series.",Promote only after page-level PDF text explicitly names this exact controlled GHGP/PCAF standard; otherwise keep review-only.
GHG-SERIES-REVIEW-0410,world500_ghg_series_acceptance_ledger.json,review,review_required_contextual_inventory_mapping,r413_honeywellinternational,HONEYWELL INTERNATIONAL,413,ghg_scope3_calculation_guidance,GHG Protocol Scope 3 Calculation Guidance,P0_review_queue,contextual_scope_inventory_mapping,scope_inventory_context_without_explicit_fine_series_name,17,HONEYWELL INTERNATIONAL-2025-impact-report.pdf,"Review: contextual inventory or Scope wording is present, but the page does not explicitly name this exact GHGP/PCAF series.",Promote only after page-level PDF text explicitly names this exact controlled GHGP/PCAF standard; otherwise keep review-only.
GHG-SERIES-REVIEW-0411,world500_ghg_series_acceptance_ledger.json,review,review_required_contextual_inventory_mapping,r413_honeywellinternational,HONEYWELL INTERNATIONAL,413,ghg_scope3_standard,GHG Protocol Corporate Value Chain (Scope 3) Accounting and Reporting Standard,P0_review_queue,contextual_scope_inventory_mapping,scope_inventory_context_without_explicit_fine_series_name,17,HONEYWELL INTERNATIONAL-2025-impact-report.pdf,"Review: contextual inventory or Scope wording is present, but the page does not explicitly name this exact GHGP/PCAF series.",Promote only after page-level PDF text explicitly names this exact controlled GHGP/PCAF standard; otherwise keep review-only.
GHG-SERIES-REVIEW-0412,world500_ghg_series_acceptance_ledger.json,review,review_required_contextual_inventory_mapping,r416_mitsubishielectric,MITSUBISHI ELECTRIC,416,ghg_corporate_standard,GHG Protocol Corporate Accounting and Reporting Standard,P0_review_queue,contextual_scope_inventory_mapping,scope_inventory_context_without_explicit_fine_series_name,69,MITSUBISHI ELECTRIC integrated_report2024_en.pdf,"Review: contextual inventory or Scope wording is present, but the page does not explicitly name this exact GHGP/PCAF series.",Promote only after page-level PDF text explicitly names this exact controlled GHGP/PCAF standard; otherwise keep review-only.
GHG-SERIES-REVIEW-0413,world500_ghg_series_acceptance_ledger.json,review,review_required_contextual_inventory_mapping,r416_mitsubishielectric,MITSUBISHI ELECTRIC,416,ghg_product_standard,GHG Protocol Product Life Cycle Accounting and Reporting Standard,P0_review_queue,contextual_scope_inventory_mapping,scope_inventory_context_without_explicit_fine_series_name,69,MITSUBISHI ELECTRIC integrated_report2024_en.pdf,"Review: contextual inventory or Scope wording is present, but the page does not explicitly name this exact GHGP/PCAF series.",Promote only after page-level PDF text explicitly names this exact controlled GHGP/PCAF standard; otherwise keep review-only.
GHG-SERIES-REVIEW-0414,world500_ghg_series_acceptance_ledger.json,review,review_required_contextual_inventory_mapping,r416_mitsubishielectric,MITSUBISHI ELECTRIC,416,ghg_scope2_guidance,GHG Protocol Scope 2 Guidance,P0_review_queue,contextual_scope_inventory_mapping,scope_inventory_context_without_explicit_fine_series_name,69,MITSUBISHI ELECTRIC integrated_report2024_en.pdf,"Review: contextual inventory or Scope wording is present, but the page does not explicitly name this exact GHGP/PCAF series.",Promote only after page-level PDF text explicitly names this exact controlled GHGP/PCAF standard; otherwise keep review-only.
GHG-SERIES-REVIEW-0415,world500_ghg_series_acceptance_ledger.json,review,review_required_contextual_inventory_mapping,r416_mitsubishielectric,MITSUBISHI ELECTRIC,416,ghg_scope3_calculation_guidance,GHG Protocol Scope 3 Calculation Guidance,P0_review_queue,contextual_scope_inventory_mapping,scope_inventory_context_without_explicit_fine_series_name,69,MITSUBISHI ELECTRIC integrated_report2024_en.pdf,"Review: contextual inventory or Scope wording is present, but the page does not explicitly name this exact GHGP/PCAF series.",Promote only after page-level PDF text explicitly names this exact controlled GHGP/PCAF standard; otherwise keep review-only.
GHG-SERIES-REVIEW-0416,world500_ghg_series_acceptance_ledger.json,review,review_required_contextual_inventory_mapping,r416_mitsubishielectric,MITSUBISHI ELECTRIC,416,ghg_scope3_standard,GHG Protocol Corporate Value Chain (Scope 3) Accounting and Reporting Standard,P0_review_queue,contextual_scope_inventory_mapping,scope_inventory_context_without_explicit_fine_series_name,69,MITSUBISHI ELECTRIC integrated_report2024_en.pdf,"Review: contextual inventory or Scope wording is present, but the page does not explicitly name this exact GHGP/PCAF series.",Promote only after page-level PDF text explicitly names this exact controlled GHGP/PCAF standard; otherwise keep review-only.
GHG-SERIES-REVIEW-0417,world500_ghg_series_acceptance_ledger.json,review,review_required_contextual_inventory_mapping,r421_jardinematheson,JARDINE MATHESON,421,ghg_scope2_guidance,GHG Protocol Scope 2 Guidance,P0_review_queue,contextual_scope_inventory_mapping,scope_inventory_context_without_explicit_fine_series_name,29,2024_JARDINE MATHESON_sustainability_report.pdf,"Review: contextual inventory or Scope wording is present, but the page does not explicitly name this exact GHGP/PCAF series.",Promote only after page-level PDF text explicitly names this exact controlled GHGP/PCAF standard; otherwise keep review-only.
GHG-SERIES-REVIEW-0418,world500_ghg_series_acceptance_ledger.json,review,review_required_contextual_inventory_mapping,r421_jardinematheson,JARDINE MATHESON,421,ghg_scope3_calculation_guidance,GHG Protocol Scope 3 Calculation Guidance,P0_review_queue,contextual_scope_inventory_mapping,scope_inventory_context_without_explicit_fine_series_name,29,2024_JARDINE MATHESON_sustainability_report.pdf,"Review: contextual inventory or Scope wording is present, but the page does not explicitly name this exact GHGP/PCAF series.",Promote only after page-level PDF text explicitly names this exact controlled GHGP/PCAF standard; otherwise keep review-only.
GHG-SERIES-REVIEW-0419,world500_ghg_series_acceptance_ledger.json,review,review_required_contextual_inventory_mapping,r421_jardinematheson,JARDINE MATHESON,421,ghg_scope3_standard,GHG Protocol Corporate Value Chain (Scope 3) Accounting and Reporting Standard,P0_review_queue,contextual_scope_inventory_mapping,scope_inventory_context_without_explicit_fine_series_name,29,2024_JARDINE MATHESON_sustainability_report.pdf,"Review: contextual inventory or Scope wording is present, but the page does not explicitly name this exact GHGP/PCAF series.",Promote only after page-level PDF text explicitly names this exact controlled GHGP/PCAF standard; otherwise keep review-only.
GHG-SERIES-REVIEW-0420,world500_ghg_series_acceptance_ledger.json,review,review_required_contextual_inventory_mapping,r422_mondelezinternational,MONDELEZ INTERNATIONAL,422,ghg_scope3_calculation_guidance,GHG Protocol Scope 3 Calculation Guidance,P0_review_queue,contextual_scope_inventory_mapping,scope_inventory_context_without_explicit_fine_series_name,20,2024-MONDELEZ INTERNATIONAL-Snacking-Made-Right-ESG-Report.pdf,"Review: contextual inventory or Scope wording is present, but the page does not explicitly name this exact GHGP/PCAF series.",Promote only after page-level PDF text explicitly names this exact controlled GHGP/PCAF standard; otherwise keep review-only.
GHG-SERIES-REVIEW-0421,world500_ghg_series_acceptance_ledger.json,review,review_required_contextual_inventory_mapping,r422_mondelezinternational,MONDELEZ INTERNATIONAL,422,ghg_scope3_standard,GHG Protocol Corporate Value Chain (Scope 3) Accounting and Reporting Standard,P0_review_queue,contextual_scope_inventory_mapping,scope_inventory_context_without_explicit_fine_series_name,20,2024-MONDELEZ INTERNATIONAL-Snacking-Made-Right-ESG-Report.pdf,"Review: contextual inventory or Scope wording is present, but the page does not explicitly name this exact GHGP/PCAF series.",Promote only after page-level PDF text explicitly names this exact controlled GHGP/PCAF standard; otherwise keep review-only.
GHG-SERIES-REVIEW-0422,world500_ghg_series_acceptance_ledger.json,review,review_required_contextual_inventory_mapping,r423_daiwahouseindustry,DAIWA HOUSE INDUSTRY,423,ghg_corporate_standard,GHG Protocol Corporate Accounting and Reporting Standard,P0_review_queue,contextual_scope_inventory_mapping,scope_inventory_context_without_explicit_fine_series_name,132,2025 DAIWA HOUSE INDUSTRY_Sustainability_All.pdf,"Review: contextual inventory or Scope wording is present, but the page does not explicitly name this exact GHGP/PCAF series.",Promote only after page-level PDF text explicitly names this exact controlled GHGP/PCAF standard; otherwise keep review-only.
GHG-SERIES-REVIEW-0423,world500_ghg_series_acceptance_ledger.json,review,review_required_contextual_inventory_mapping,r423_daiwahouseindustry,DAIWA HOUSE INDUSTRY,423,ghg_scope2_guidance,GHG Protocol Scope 2 Guidance,P0_review_queue,contextual_scope_inventory_mapping,scope_inventory_context_without_explicit_fine_series_name,132,2025 DAIWA HOUSE INDUSTRY_Sustainability_All.pdf,"Review: contextual inventory or Scope wording is present, but the page does not explicitly name this exact GHGP/PCAF series.",Promote only after page-level PDF text explicitly names this exact controlled GHGP/PCAF standard; otherwise keep review-only.
GHG-SERIES-REVIEW-0424,world500_ghg_series_acceptance_ledger.json,review,review_required_contextual_inventory_mapping,r423_daiwahouseindustry,DAIWA HOUSE INDUSTRY,423,ghg_scope3_calculation_guidance,GHG Protocol Scope 3 Calculation Guidance,P0_review_queue,contextual_scope_inventory_mapping,scope_inventory_context_without_explicit_fine_series_name,132,2025 DAIWA HOUSE INDUSTRY_Sustainability_All.pdf,"Review: contextual inventory or Scope wording is present, but the page does not explicitly name this exact GHGP/PCAF series.",Promote only after page-level PDF text explicitly names this exact controlled GHGP/PCAF standard; otherwise keep review-only.
GHG-SERIES-REVIEW-0425,world500_ghg_series_acceptance_ledger.json,review,review_required_contextual_inventory_mapping,r423_daiwahouseindustry,DAIWA HOUSE INDUSTRY,423,ghg_scope3_standard,GHG Protocol Corporate Value Chain (Scope 3) Accounting and Reporting Standard,P0_review_queue,contextual_scope_inventory_mapping,scope_inventory_context_without_explicit_fine_series_name,132,2025 DAIWA HOUSE INDUSTRY_Sustainability_All.pdf,"Review: contextual inventory or Scope wording is present, but the page does not explicitly name this exact GHGP/PCAF series.",Promote only after page-level PDF text explicitly names this exact controlled GHGP/PCAF standard; otherwise keep review-only.
GHG-SERIES-REVIEW-0426,world500_ghg_series_acceptance_ledger.json,review,review_required_contextual_inventory_mapping,r424_starbucks,STARBUCKS,424,ghg_corporate_standard,GHG Protocol Corporate Accounting and Reporting Standard,P0_review_queue,contextual_scope_inventory_mapping,scope_inventory_context_without_explicit_fine_series_name,45,Starbucks-Fiscal-2024-Global-Impact-Report.pdf,"Review: contextual inventory or Scope wording is present, but the page does not explicitly name this exact GHGP/PCAF series.",Promote only after page-level PDF text explicitly names this exact controlled GHGP/PCAF standard; otherwise keep review-only.
GHG-SERIES-REVIEW-0427,world500_ghg_series_acceptance_ledger.json,review,review_required_contextual_inventory_mapping,r424_starbucks,STARBUCKS,424,ghg_scope2_guidance,GHG Protocol Scope 2 Guidance,P0_review_queue,contextual_scope_inventory_mapping,scope_inventory_context_without_explicit_fine_series_name,45,Starbucks-Fiscal-2024-Global-Impact-Report.pdf,"Review: contextual inventory or Scope wording is present, but the page does not explicitly name this exact GHGP/PCAF series.",Promote only after page-level PDF text explicitly names this exact controlled GHGP/PCAF standard; otherwise keep review-only.
GHG-SERIES-REVIEW-0428,world500_ghg_series_acceptance_ledger.json,review,review_required_contextual_inventory_mapping,r424_starbucks,STARBUCKS,424,ghg_scope3_calculation_guidance,GHG Protocol Scope 3 Calculation Guidance,P0_review_queue,contextual_scope_inventory_mapping,scope_inventory_context_without_explicit_fine_series_name,45,Starbucks-Fiscal-2024-Global-Impact-Report.pdf,"Review: contextual inventory or Scope wording is present, but the page does not explicitly name this exact GHGP/PCAF series.",Promote only after page-level PDF text explicitly names this exact controlled GHGP/PCAF standard; otherwise keep review-only.
GHG-SERIES-REVIEW-0429,world500_ghg_series_acceptance_ledger.json,review,review_required_contextual_inventory_mapping,r424_starbucks,STARBUCKS,424,ghg_scope3_standard,GHG Protocol Corporate Value Chain (Scope 3) Accounting and Reporting Standard,P0_review_queue,contextual_scope_inventory_mapping,scope_inventory_context_without_explicit_fine_series_name,45,Starbucks-Fiscal-2024-Global-Impact-Report.pdf,"Review: contextual inventory or Scope wording is present, but the page does not explicitly name this exact GHGP/PCAF series.",Promote only after page-level PDF text explicitly names this exact controlled GHGP/PCAF standard; otherwise keep review-only.
GHG-SERIES-REVIEW-0430,world500_ghg_series_acceptance_ledger.json,review,review_required_contextual_inventory_mapping,r425_olamgroup,OLAM GROUP,425,ghg_corporate_standard,GHG Protocol Corporate Accounting and Reporting Standard,P0_review_queue,contextual_scope_inventory_mapping,scope_inventory_context_without_explicit_fine_series_name,99,OLAM GROUP_annual_report_2024.pdf,"Review: contextual inventory or Scope wording is present, but the page does not explicitly name this exact GHGP/PCAF series.",Promote only after page-level PDF text explicitly names this exact controlled GHGP/PCAF standard; otherwise keep review-only.
GHG-SERIES-REVIEW-0431,world500_ghg_series_acceptance_ledger.json,review,review_required_contextual_inventory_mapping,r425_olamgroup,OLAM GROUP,425,ghg_land_sector_removals_standard,GHG Protocol Land Sector and Removals Standard,P0_review_queue,contextual_scope_inventory_mapping,scope_inventory_context_without_explicit_fine_series_name,99,OLAM GROUP_annual_report_2024.pdf,"Review: contextual inventory or Scope wording is present, but the page does not explicitly name this exact GHGP/PCAF series.",Promote only after page-level PDF text explicitly names this exact controlled GHGP/PCAF standard; otherwise keep review-only.
GHG-SERIES-REVIEW-0432,world500_ghg_series_acceptance_ledger.json,review,review_required_contextual_inventory_mapping,r425_olamgroup,OLAM GROUP,425,ghg_scope2_guidance,GHG Protocol Scope 2 Guidance,P0_review_queue,contextual_scope_inventory_mapping,scope_inventory_context_without_explicit_fine_series_name,99,OLAM GROUP_annual_report_2024.pdf,"Review: contextual inventory or Scope wording is present, but the page does not explicitly name this exact GHGP/PCAF series.",Promote only after page-level PDF text explicitly names this exact controlled GHGP/PCAF standard; otherwise keep review-only.
GHG-SERIES-REVIEW-0433,world500_ghg_series_acceptance_ledger.json,review,review_required_contextual_inventory_mapping,r425_olamgroup,OLAM GROUP,425,ghg_scope3_calculation_guidance,GHG Protocol Scope 3 Calculation Guidance,P0_review_queue,contextual_scope_inventory_mapping,scope_inventory_context_without_explicit_fine_series_name,99,OLAM GROUP_annual_report_2024.pdf,"Review: contextual inventory or Scope wording is present, but the page does not explicitly name this exact GHGP/PCAF series.",Promote only after page-level PDF text explicitly names this exact controlled GHGP/PCAF standard; otherwise keep review-only.
GHG-SERIES-REVIEW-0434,world500_ghg_series_acceptance_ledger.json,review,review_required_contextual_inventory_mapping,r425_olamgroup,OLAM GROUP,425,ghg_scope3_standard,GHG Protocol Corporate Value Chain (Scope 3) Accounting and Reporting Standard,P0_review_queue,contextual_scope_inventory_mapping,scope_inventory_context_without_explicit_fine_series_name,99,OLAM GROUP_annual_report_2024.pdf,"Review: contextual inventory or Scope wording is present, but the page does not explicitly name this exact GHGP/PCAF series.",Promote only after page-level PDF text explicitly names this exact controlled GHGP/PCAF standard; otherwise keep review-only.
GHG-SERIES-REVIEW-0435,world500_ghg_series_acceptance_ledger.json,demoted,demoted_overmapped_edge_not_accepted,r426_qualcomm,QUALCOMM,426,ghg_scope3_calculation_guidance,GHG Protocol Scope 3 Calculation Guidance,P0_demoted_overmapping,contextual_overmapped_review,sample_names_other_series_or_no_current_series_name,50,2024-qualcomm-corporate-responsibility-report.pdf,Demoted: contextual overmapping points to another series or only generic GHG context; keep out of accepted graph.,Do not draw as accepted. Use only as a search/demotion lead unless new explicit page evidence is found.
GHG-SERIES-REVIEW-0436,world500_ghg_series_acceptance_ledger.json,demoted,demoted_overmapped_edge_not_accepted,r426_qualcomm,QUALCOMM,426,ghg_scope3_standard,GHG Protocol Corporate Value Chain (Scope 3) Accounting and Reporting Standard,P0_demoted_overmapping,contextual_overmapped_review,sample_names_other_series_or_no_current_series_name,50 | 51,2024-qualcomm-corporate-responsibility-report.pdf,Demoted: contextual overmapping points to another series or only generic GHG context; keep out of accepted graph.,Do not draw as accepted. Use only as a search/demotion lead unless new explicit page evidence is found.
GHG-SERIES-REVIEW-0437,world500_ghg_series_acceptance_ledger.json,demoted,demoted_overmapped_edge_not_accepted,r427_broadcom,BROADCOM,427,ghg_scope3_standard,GHG Protocol Corporate Value Chain (Scope 3) Accounting and Reporting Standard,P0_demoted_overmapping,contextual_overmapped_review,sample_names_other_series_or_no_current_series_name,2 | 61,broadcom-2024-corpresponsibility-final.pdf,Demoted: contextual overmapping points to another series or only generic GHG context; keep out of accepted graph.,Do not draw as accepted. Use only as a search/demotion lead unless new explicit page evidence is found.
GHG-SERIES-REVIEW-0438,world500_ghg_series_acceptance_ledger.json,review,review_required_contextual_inventory_mapping,r431_elo集团,ELO,431,ghg_corporate_standard,GHG Protocol Corporate Accounting and Reporting Standard,P0_review_queue,contextual_scope_inventory_mapping,scope_inventory_context_without_explicit_fine_series_name,74,RFA_ELO_2024_EN-1.pdf,"Review: contextual inventory or Scope wording is present, but the page does not explicitly name this exact GHGP/PCAF series.",Promote only after page-level PDF text explicitly names this exact controlled GHGP/PCAF standard; otherwise keep review-only.
GHG-SERIES-REVIEW-0439,world500_ghg_series_acceptance_ledger.json,review,review_required_contextual_inventory_mapping,r431_elo集团,ELO,431,ghg_scope2_guidance,GHG Protocol Scope 2 Guidance,P0_review_queue,contextual_scope_inventory_mapping,scope_inventory_context_without_explicit_fine_series_name,74,RFA_ELO_2024_EN-1.pdf,"Review: contextual inventory or Scope wording is present, but the page does not explicitly name this exact GHGP/PCAF series.",Promote only after page-level PDF text explicitly names this exact controlled GHGP/PCAF standard; otherwise keep review-only.
GHG-SERIES-REVIEW-0440,world500_ghg_series_acceptance_ledger.json,review,review_required_contextual_inventory_mapping,r431_elo集团,ELO,431,ghg_scope3_calculation_guidance,GHG Protocol Scope 3 Calculation Guidance,P0_review_queue,contextual_scope_inventory_mapping,scope_inventory_context_without_explicit_fine_series_name,74,RFA_ELO_2024_EN-1.pdf,"Review: contextual inventory or Scope wording is present, but the page does not explicitly name this exact GHGP/PCAF series.",Promote only after page-level PDF text explicitly names this exact controlled GHGP/PCAF standard; otherwise keep review-only.
GHG-SERIES-REVIEW-0441,world500_ghg_series_acceptance_ledger.json,review,review_required_contextual_inventory_mapping,r431_elo集团,ELO,431,ghg_scope3_standard,GHG Protocol Corporate Value Chain (Scope 3) Accounting and Reporting Standard,P0_review_queue,contextual_scope_inventory_mapping,scope_inventory_context_without_explicit_fine_series_name,74,RFA_ELO_2024_EN-1.pdf,"Review: contextual inventory or Scope wording is present, but the page does not explicitly name this exact GHGP/PCAF series.",Promote only after page-level PDF text explicitly names this exact controlled GHGP/PCAF standard; otherwise keep review-only.
GHG-SERIES-REVIEW-0442,world500_ghg_series_acceptance_ledger.json,review,review_required_contextual_inventory_mapping,r433_mercadona公司,Mercadona,433,ghg_corporate_standard,GHG Protocol Corporate Accounting and Reporting Standard,P0_review_queue,contextual_scope_inventory_mapping,scope_inventory_context_without_explicit_fine_series_name,87,Mercadona-annual-report-2024.pdf,"Review: contextual inventory or Scope wording is present, but the page does not explicitly name this exact GHGP/PCAF series.",Promote only after page-level PDF text explicitly names this exact controlled GHGP/PCAF standard; otherwise keep review-only.
GHG-SERIES-REVIEW-0443,world500_ghg_series_acceptance_ledger.json,review,review_required_contextual_inventory_mapping,r434_drhorton公司,D.R. Horton,434,ghg_corporate_standard,GHG Protocol Corporate Accounting and Reporting Standard,P0_review_queue,contextual_scope_inventory_mapping,scope_inventory_context_without_explicit_fine_series_name,76,d-r-horton-inc-fy2024-sustainability-report.pdf,"Review: contextual inventory or Scope wording is present, but the page does not explicitly name this exact GHGP/PCAF series.",Promote only after page-level PDF text explicitly names this exact controlled GHGP/PCAF standard; otherwise keep review-only.
GHG-SERIES-REVIEW-0444,world500_ghg_series_acceptance_ledger.json,review,review_required_contextual_inventory_mapping,r434_drhorton公司,D.R. Horton,434,ghg_scope2_guidance,GHG Protocol Scope 2 Guidance,P0_review_queue,contextual_scope_inventory_mapping,scope_inventory_context_without_explicit_fine_series_name,76,d-r-horton-inc-fy2024-sustainability-report.pdf,"Review: contextual inventory or Scope wording is present, but the page does not explicitly name this exact GHGP/PCAF series.",Promote only after page-level PDF text explicitly names this exact controlled GHGP/PCAF standard; otherwise keep review-only.
GHG-SERIES-REVIEW-0445,world500_ghg_series_acceptance_ledger.json,review,review_required_contextual_inventory_mapping,r434_drhorton公司,D.R. Horton,434,ghg_scope3_calculation_guidance,GHG Protocol Scope 3 Calculation Guidance,P0_review_queue,contextual_scope_inventory_mapping,scope_inventory_context_without_explicit_fine_series_name,76,d-r-horton-inc-fy2024-sustainability-report.pdf,"Review: contextual inventory or Scope wording is present, but the page does not explicitly name this exact GHGP/PCAF series.",Promote only after page-level PDF text explicitly names this exact controlled GHGP/PCAF standard; otherwise keep review-only.
GHG-SERIES-REVIEW-0446,world500_ghg_series_acceptance_ledger.json,review,review_required_contextual_inventory_mapping,r440_philipmorrisinternational,PHILIP MORRIS INTERNATIONAL,440,ghg_corporate_standard,GHG Protocol Corporate Accounting and Reporting Standard,P0_review_queue,contextual_scope_inventory_mapping,scope_inventory_context_without_explicit_fine_series_name,62,PHILIP MORRIS INTERNATIONAL-integrated-report-2024.pdf,"Review: contextual inventory or Scope wording is present, but the page does not explicitly name this exact GHGP/PCAF series.",Promote only after page-level PDF text explicitly names this exact controlled GHGP/PCAF standard; otherwise keep review-only.
GHG-SERIES-REVIEW-0447,world500_ghg_series_acceptance_ledger.json,review,review_required_contextual_inventory_mapping,r440_philipmorrisinternational,PHILIP MORRIS INTERNATIONAL,440,ghg_scope3_calculation_guidance,GHG Protocol Scope 3 Calculation Guidance,P0_review_queue,contextual_scope_inventory_mapping,scope_inventory_context_without_explicit_fine_series_name,62,PHILIP MORRIS INTERNATIONAL-integrated-report-2024.pdf,"Review: contextual inventory or Scope wording is present, but the page does not explicitly name this exact GHGP/PCAF series.",Promote only after page-level PDF text explicitly names this exact controlled GHGP/PCAF standard; otherwise keep review-only.
GHG-SERIES-REVIEW-0448,world500_ghg_series_acceptance_ledger.json,review,review_required_contextual_inventory_mapping,r440_philipmorrisinternational,PHILIP MORRIS INTERNATIONAL,440,ghg_scope3_standard,GHG Protocol Corporate Value Chain (Scope 3) Accounting and Reporting Standard,P0_review_queue,contextual_scope_inventory_mapping,scope_inventory_context_without_explicit_fine_series_name,62,PHILIP MORRIS INTERNATIONAL-integrated-report-2024.pdf,"Review: contextual inventory or Scope wording is present, but the page does not explicitly name this exact GHGP/PCAF series.",Promote only after page-level PDF text explicitly names this exact controlled GHGP/PCAF standard; otherwise keep review-only.
GHG-SERIES-REVIEW-0449,world500_ghg_series_acceptance_ledger.json,review,review_required_contextual_inventory_mapping,r441_paccar,PACCAR,441,ghg_corporate_standard,GHG Protocol Corporate Accounting and Reporting Standard,P0_review_queue,contextual_scope_inventory_mapping,scope_inventory_context_without_explicit_fine_series_name,7,PACCAR-sasb-esg-combined-report-feb_2024.pdf,"Review: contextual inventory or Scope wording is present, but the page does not explicitly name this exact GHGP/PCAF series.",Promote only after page-level PDF text explicitly names this exact controlled GHGP/PCAF standard; otherwise keep review-only.
GHG-SERIES-REVIEW-0450,world500_ghg_series_acceptance_ledger.json,review,review_required_contextual_inventory_mapping,r441_paccar,PACCAR,441,ghg_scope2_guidance,GHG Protocol Scope 2 Guidance,P0_review_queue,contextual_scope_inventory_mapping,scope_inventory_context_without_explicit_fine_series_name,7,PACCAR-sasb-esg-combined-report-feb_2024.pdf,"Review: contextual inventory or Scope wording is present, but the page does not explicitly name this exact GHGP/PCAF series.",Promote only after page-level PDF text explicitly names this exact controlled GHGP/PCAF standard; otherwise keep review-only.
GHG-SERIES-REVIEW-0451,world500_ghg_series_acceptance_ledger.json,review,review_required_contextual_inventory_mapping,r441_paccar,PACCAR,441,ghg_scope3_standard,GHG Protocol Corporate Value Chain (Scope 3) Accounting and Reporting Standard,P0_review_queue,contextual_scope_inventory_mapping,scope_inventory_context_without_explicit_fine_series_name,7,PACCAR-sasb-esg-combined-report-feb_2024.pdf,"Review: contextual inventory or Scope wording is present, but the page does not explicitly name this exact GHGP/PCAF series.",Promote only after page-level PDF text explicitly names this exact controlled GHGP/PCAF standard; otherwise keep review-only.
GHG-SERIES-REVIEW-0452,world500_ghg_series_acceptance_ledger.json,review,review_required_contextual_inventory_mapping,r448_jabil,JABIL,448,ghg_corporate_standard,GHG Protocol Corporate Accounting and Reporting Standard,P0_review_queue,contextual_scope_inventory_mapping,scope_inventory_context_without_explicit_fine_series_name,55,2024 Sustainability Report_Jabil.pdf,"Review: contextual inventory or Scope wording is present, but the page does not explicitly name this exact GHGP/PCAF series.",Promote only after page-level PDF text explicitly names this exact controlled GHGP/PCAF standard; otherwise keep review-only.
GHG-SERIES-REVIEW-0453,world500_ghg_series_acceptance_ledger.json,review,review_required_contextual_inventory_mapping,r448_jabil,JABIL,448,ghg_scope2_guidance,GHG Protocol Scope 2 Guidance,P0_review_queue,contextual_scope_inventory_mapping,scope_inventory_context_without_explicit_fine_series_name,55,2024 Sustainability Report_Jabil.pdf,"Review: contextual inventory or Scope wording is present, but the page does not explicitly name this exact GHGP/PCAF series.",Promote only after page-level PDF text explicitly names this exact controlled GHGP/PCAF standard; otherwise keep review-only.
GHG-SERIES-REVIEW-0454,world500_ghg_series_acceptance_ledger.json,review,review_required_contextual_inventory_mapping,r448_jabil,JABIL,448,ghg_scope3_calculation_guidance,GHG Protocol Scope 3 Calculation Guidance,P0_review_queue,contextual_scope_inventory_mapping,scope_inventory_context_without_explicit_fine_series_name,55,2024 Sustainability Report_Jabil.pdf,"Review: contextual inventory or Scope wording is present, but the page does not explicitly name this exact GHGP/PCAF series.",Promote only after page-level PDF text explicitly names this exact controlled GHGP/PCAF standard; otherwise keep review-only.
GHG-SERIES-REVIEW-0455,world500_ghg_series_acceptance_ledger.json,review,review_required_contextual_inventory_mapping,r448_jabil,JABIL,448,ghg_scope3_standard,GHG Protocol Corporate Value Chain (Scope 3) Accounting and Reporting Standard,P0_review_queue,contextual_scope_inventory_mapping,scope_inventory_context_without_explicit_fine_series_name,55,2024 Sustainability Report_Jabil.pdf,"Review: contextual inventory or Scope wording is present, but the page does not explicitly name this exact GHGP/PCAF series.",Promote only after page-level PDF text explicitly names this exact controlled GHGP/PCAF standard; otherwise keep review-only.
GHG-SERIES-REVIEW-0456,world500_ghg_series_acceptance_ledger.json,review,review_required_contextual_inventory_mapping,r449_nationalaustraliabank,NATIONAL AUSTRALIA BANK,449,ghg_scope2_guidance,GHG Protocol Scope 2 Guidance,P0_review_queue,contextual_scope_inventory_mapping,scope_inventory_context_without_explicit_fine_series_name,66,2024-NATIONAL AUSTRALIA BANK-climate-report.pdf,"Review: contextual inventory or Scope wording is present, but the page does not explicitly name this exact GHGP/PCAF series.",Promote only after page-level PDF text explicitly names this exact controlled GHGP/PCAF standard; otherwise keep review-only.
GHG-SERIES-REVIEW-0457,world500_ghg_series_acceptance_ledger.json,review,review_required_contextual_inventory_mapping,r450_sap公司,SAP,450,ghg_scope3_calculation_guidance,GHG Protocol Scope 3 Calculation Guidance,P0_review_queue,contextual_scope_inventory_mapping,scope_inventory_context_without_explicit_fine_series_name,2,SAP integrated_report2024.pdf,"Review: contextual inventory or Scope wording is present, but the page does not explicitly name this exact GHGP/PCAF series.",Promote only after page-level PDF text explicitly names this exact controlled GHGP/PCAF standard; otherwise keep review-only.
GHG-SERIES-REVIEW-0458,world500_ghg_series_acceptance_ledger.json,review,review_required_contextual_inventory_mapping,r455_elililly,ELI LILLY,455,ghg_scope2_guidance,GHG Protocol Scope 2 Guidance,P0_review_queue,contextual_scope_inventory_mapping,scope_inventory_context_without_explicit_fine_series_name,15,2024_ELI LILLY-SustainabilityReport-20251020_FINAL.pdf,"Review: contextual inventory or Scope wording is present, but the page does not explicitly name this exact GHGP/PCAF series.",Promote only after page-level PDF text explicitly names this exact controlled GHGP/PCAF standard; otherwise keep review-only.
GHG-SERIES-REVIEW-0459,world500_ghg_series_acceptance_ledger.json,review,review_required_contextual_inventory_mapping,r455_elililly,ELI LILLY,455,ghg_scope3_calculation_guidance,GHG Protocol Scope 3 Calculation Guidance,P0_review_queue,contextual_scope_inventory_mapping,scope_inventory_context_without_explicit_fine_series_name,15,2024_ELI LILLY-SustainabilityReport-20251020_FINAL.pdf,"Review: contextual inventory or Scope wording is present, but the page does not explicitly name this exact GHGP/PCAF series.",Promote only after page-level PDF text explicitly names this exact controlled GHGP/PCAF standard; otherwise keep review-only.
GHG-SERIES-REVIEW-0460,world500_ghg_series_acceptance_ledger.json,review,review_required_contextual_inventory_mapping,r455_elililly,ELI LILLY,455,ghg_scope3_standard,GHG Protocol Corporate Value Chain (Scope 3) Accounting and Reporting Standard,P0_review_queue,contextual_scope_inventory_mapping,scope_inventory_context_without_explicit_fine_series_name,15,2024_ELI LILLY-SustainabilityReport-20251020_FINAL.pdf,"Review: contextual inventory or Scope wording is present, but the page does not explicitly name this exact GHGP/PCAF series.",Promote only after page-level PDF text explicitly names this exact controlled GHGP/PCAF standard; otherwise keep review-only.
GHG-SERIES-REVIEW-0461,world500_ghg_series_acceptance_ledger.json,review,review_required_contextual_inventory_mapping,r459_cummins,CUMMINS,459,ghg_scope3_calculation_guidance,GHG Protocol Scope 3 Calculation Guidance,P0_review_queue,contextual_scope_inventory_mapping,scope_inventory_context_without_explicit_fine_series_name,5,2024-25-cummins-sustainability-progress-report.pdf,"Review: contextual inventory or Scope wording is present, but the page does not explicitly name this exact GHGP/PCAF series.",Promote only after page-level PDF text explicitly names this exact controlled GHGP/PCAF standard; otherwise keep review-only.
GHG-SERIES-REVIEW-0462,world500_ghg_series_acceptance_ledger.json,review,review_required_contextual_inventory_mapping,r459_cummins,CUMMINS,459,ghg_scope3_standard,GHG Protocol Corporate Value Chain (Scope 3) Accounting and Reporting Standard,P0_review_queue,contextual_scope_inventory_mapping,scope_inventory_context_without_explicit_fine_series_name,5,2024-25-cummins-sustainability-progress-report.pdf,"Review: contextual inventory or Scope wording is present, but the page does not explicitly name this exact GHGP/PCAF series.",Promote only after page-level PDF text explicitly names this exact controlled GHGP/PCAF standard; otherwise keep review-only.
GHG-SERIES-REVIEW-0463,world500_ghg_series_acceptance_ledger.json,review,review_required_contextual_inventory_mapping,r461_rabobankgroup,RABOBANK GROUP,461,ghg_corporate_standard,GHG Protocol Corporate Accounting and Reporting Standard,P0_review_queue,contextual_scope_inventory_mapping,scope_inventory_context_without_explicit_fine_series_name,47,rabobank_impact_report_2024.pdf,"Review: contextual inventory or Scope wording is present, but the page does not explicitly name this exact GHGP/PCAF series.",Promote only after page-level PDF text explicitly names this exact controlled GHGP/PCAF standard; otherwise keep review-only.
GHG-SERIES-REVIEW-0464,world500_ghg_series_acceptance_ledger.json,review,review_required_contextual_inventory_mapping,r461_rabobankgroup,RABOBANK GROUP,461,ghg_land_sector_removals_standard,GHG Protocol Land Sector and Removals Standard,P0_review_queue,contextual_scope_inventory_mapping,scope_inventory_context_without_explicit_fine_series_name,47,rabobank_impact_report_2024.pdf,"Review: contextual inventory or Scope wording is present, but the page does not explicitly name this exact GHGP/PCAF series.",Promote only after page-level PDF text explicitly names this exact controlled GHGP/PCAF standard; otherwise keep review-only.
GHG-SERIES-REVIEW-0465,world500_ghg_series_acceptance_ledger.json,demoted,demoted_overmapped_edge_not_accepted,r464_britishamericantobacco,BRITISH AMERICAN TOBACCO,464,ghg_scope3_calculation_guidance,GHG Protocol Scope 3 Calculation Guidance,P0_demoted_overmapping,contextual_overmapped_review,sample_names_other_series_or_no_current_series_name,140,BRITISH AMERICAN TOBACCO_Annual_Report_on_Form_20-F_2024.pdf,Demoted: contextual overmapping points to another series or only generic GHG context; keep out of accepted graph.,Do not draw as accepted. Use only as a search/demotion lead unless new explicit page evidence is found.
GHG-SERIES-REVIEW-0466,world500_ghg_series_acceptance_ledger.json,demoted,demoted_overmapped_edge_not_accepted,r466_bankofnewyorkmellon,BANK OF NEW YORK MELLON,466,ghg_scope3_calculation_guidance,GHG Protocol Scope 3 Calculation Guidance,P0_demoted_overmapping,contextual_overmapped_review,sample_names_other_series_or_no_current_series_name,129 | 66,2023-BANK OF NEW YORK MELLON sustainability-report.pdf,Demoted: contextual overmapping points to another series or only generic GHG context; keep out of accepted graph.,Do not draw as accepted. Use only as a search/demotion lead unless new explicit page evidence is found.
GHG-SERIES-REVIEW-0467,world500_ghg_series_acceptance_ledger.json,review,review_required_contextual_inventory_mapping,r469_novonordisk,NOVO NORDISK,469,ghg_corporate_standard,GHG Protocol Corporate Accounting and Reporting Standard,P0_review_queue,contextual_scope_inventory_mapping,scope_inventory_context_without_explicit_fine_series_name,59,novo-nordisk-annual-report-2024.pdf,"Review: contextual inventory or Scope wording is present, but the page does not explicitly name this exact GHGP/PCAF series.",Promote only after page-level PDF text explicitly names this exact controlled GHGP/PCAF standard; otherwise keep review-only.
GHG-SERIES-REVIEW-0468,world500_ghg_series_acceptance_ledger.json,review,review_required_contextual_inventory_mapping,r469_novonordisk,NOVO NORDISK,469,ghg_scope2_guidance,GHG Protocol Scope 2 Guidance,P0_review_queue,contextual_scope_inventory_mapping,scope_inventory_context_without_explicit_fine_series_name,59,novo-nordisk-annual-report-2024.pdf,"Review: contextual inventory or Scope wording is present, but the page does not explicitly name this exact GHGP/PCAF series.",Promote only after page-level PDF text explicitly names this exact controlled GHGP/PCAF standard; otherwise keep review-only.
GHG-SERIES-REVIEW-0469,world500_ghg_series_acceptance_ledger.json,review,review_required_contextual_inventory_mapping,r469_novonordisk,NOVO NORDISK,469,ghg_scope3_calculation_guidance,GHG Protocol Scope 3 Calculation Guidance,P0_review_queue,contextual_scope_inventory_mapping,scope_inventory_context_without_explicit_fine_series_name,59,novo-nordisk-annual-report-2024.pdf,"Review: contextual inventory or Scope wording is present, but the page does not explicitly name this exact GHGP/PCAF series.",Promote only after page-level PDF text explicitly names this exact controlled GHGP/PCAF standard; otherwise keep review-only.
GHG-SERIES-REVIEW-0470,world500_ghg_series_acceptance_ledger.json,review,review_required_contextual_inventory_mapping,r469_novonordisk,NOVO NORDISK,469,ghg_scope3_standard,GHG Protocol Corporate Value Chain (Scope 3) Accounting and Reporting Standard,P0_review_queue,contextual_scope_inventory_mapping,scope_inventory_context_without_explicit_fine_series_name,59,novo-nordisk-annual-report-2024.pdf,"Review: contextual inventory or Scope wording is present, but the page does not explicitly name this exact GHGP/PCAF series.",Promote only after page-level PDF text explicitly names this exact controlled GHGP/PCAF standard; otherwise keep review-only.
GHG-SERIES-REVIEW-0471,world500_ghg_series_acceptance_ledger.json,review,review_required_contextual_inventory_mapping,r473_vtbbank,VTB BANK,473,ghg_corporate_standard,GHG Protocol Corporate Accounting and Reporting Standard,P0_review_queue,contextual_scope_inventory_mapping,scope_inventory_context_without_explicit_fine_series_name,84,vtb_sustainability_report_2024_eng.pdf,"Review: contextual inventory or Scope wording is present, but the page does not explicitly name this exact GHGP/PCAF series.",Promote only after page-level PDF text explicitly names this exact controlled GHGP/PCAF standard; otherwise keep review-only.
GHG-SERIES-REVIEW-0472,world500_ghg_series_acceptance_ledger.json,review,review_required_contextual_inventory_mapping,r473_vtbbank,VTB BANK,473,ghg_scope3_calculation_guidance,GHG Protocol Scope 3 Calculation Guidance,P0_review_queue,contextual_scope_inventory_mapping,scope_inventory_context_without_explicit_fine_series_name,84,vtb_sustainability_report_2024_eng.pdf,"Review: contextual inventory or Scope wording is present, but the page does not explicitly name this exact GHGP/PCAF series.",Promote only after page-level PDF text explicitly names this exact controlled GHGP/PCAF standard; otherwise keep review-only.
GHG-SERIES-REVIEW-0473,world500_ghg_series_acceptance_ledger.json,review,review_required_contextual_inventory_mapping,r478_siemensenergy,SIEMENS ENERGY,478,ghg_corporate_standard,GHG Protocol Corporate Accounting and Reporting Standard,P0_review_queue,contextual_scope_inventory_mapping,scope_inventory_context_without_explicit_fine_series_name,29,SIEMENS ENERGY-sustainability-report-2024-pdf_Original%20file.pdf,"Review: contextual inventory or Scope wording is present, but the page does not explicitly name this exact GHGP/PCAF series.",Promote only after page-level PDF text explicitly names this exact controlled GHGP/PCAF standard; otherwise keep review-only.
GHG-SERIES-REVIEW-0474,world500_ghg_series_acceptance_ledger.json,review,review_required_contextual_inventory_mapping,r478_siemensenergy,SIEMENS ENERGY,478,ghg_scope3_calculation_guidance,GHG Protocol Scope 3 Calculation Guidance,P0_review_queue,contextual_scope_inventory_mapping,scope_inventory_context_without_explicit_fine_series_name,29,SIEMENS ENERGY-sustainability-report-2024-pdf_Original%20file.pdf,"Review: contextual inventory or Scope wording is present, but the page does not explicitly name this exact GHGP/PCAF series.",Promote only after page-level PDF text explicitly names this exact controlled GHGP/PCAF standard; otherwise keep review-only.
GHG-SERIES-REVIEW-0475,world500_ghg_series_acceptance_ledger.json,review,review_required_contextual_inventory_mapping,r478_siemensenergy,SIEMENS ENERGY,478,ghg_scope3_standard,GHG Protocol Corporate Value Chain (Scope 3) Accounting and Reporting Standard,P0_review_queue,contextual_scope_inventory_mapping,scope_inventory_context_without_explicit_fine_series_name,29,SIEMENS ENERGY-sustainability-report-2024-pdf_Original%20file.pdf,"Review: contextual inventory or Scope wording is present, but the page does not explicitly name this exact GHGP/PCAF series.",Promote only after page-level PDF text explicitly names this exact controlled GHGP/PCAF standard; otherwise keep review-only.
GHG-SERIES-REVIEW-0476,world500_ghg_series_acceptance_ledger.json,review,review_required_contextual_inventory_mapping,r479_schlumberger,SCHLUMBERGER,479,ghg_scope2_guidance,GHG Protocol Scope 2 Guidance,P0_review_queue,contextual_scope_inventory_mapping,scope_inventory_context_without_explicit_fine_series_name,51,SCHLUMBERGER-sustainability-report-2024.pdf,"Review: contextual inventory or Scope wording is present, but the page does not explicitly name this exact GHGP/PCAF series.",Promote only after page-level PDF text explicitly names this exact controlled GHGP/PCAF standard; otherwise keep review-only.
GHG-SERIES-REVIEW-0477,world500_ghg_series_acceptance_ledger.json,review,review_required_contextual_inventory_mapping,r479_schlumberger,SCHLUMBERGER,479,ghg_scope3_calculation_guidance,GHG Protocol Scope 3 Calculation Guidance,P0_review_queue,contextual_scope_inventory_mapping,scope_inventory_context_without_explicit_fine_series_name,51,SCHLUMBERGER-sustainability-report-2024.pdf,"Review: contextual inventory or Scope wording is present, but the page does not explicitly name this exact GHGP/PCAF series.",Promote only after page-level PDF text explicitly names this exact controlled GHGP/PCAF standard; otherwise keep review-only.
GHG-SERIES-REVIEW-0478,world500_ghg_series_acceptance_ledger.json,review,review_required_contextual_inventory_mapping,r479_schlumberger,SCHLUMBERGER,479,ghg_scope3_standard,GHG Protocol Corporate Value Chain (Scope 3) Accounting and Reporting Standard,P0_review_queue,contextual_scope_inventory_mapping,scope_inventory_context_without_explicit_fine_series_name,51,SCHLUMBERGER-sustainability-report-2024.pdf,"Review: contextual inventory or Scope wording is present, but the page does not explicitly name this exact GHGP/PCAF series.",Promote only after page-level PDF text explicitly names this exact controlled GHGP/PCAF standard; otherwise keep review-only.
GHG-SERIES-REVIEW-0479,world500_ghg_series_acceptance_ledger.json,review,review_required_contextual_inventory_mapping,r480_ecopetrol,ECOPETROL,480,ghg_corporate_standard,GHG Protocol Corporate Accounting and Reporting Standard,P0_review_queue,contextual_scope_inventory_mapping,scope_inventory_context_without_explicit_fine_series_name,136,2024-ECOPETROL-integrated-management-report.pdf,"Review: contextual inventory or Scope wording is present, but the page does not explicitly name this exact GHGP/PCAF series.",Promote only after page-level PDF text explicitly names this exact controlled GHGP/PCAF standard; otherwise keep review-only.
GHG-SERIES-REVIEW-0480,world500_ghg_series_acceptance_ledger.json,review,review_required_contextual_inventory_mapping,r480_ecopetrol,ECOPETROL,480,ghg_scope2_guidance,GHG Protocol Scope 2 Guidance,P0_review_queue,contextual_scope_inventory_mapping,scope_inventory_context_without_explicit_fine_series_name,136,2024-ECOPETROL-integrated-management-report.pdf,"Review: contextual inventory or Scope wording is present, but the page does not explicitly name this exact GHGP/PCAF series.",Promote only after page-level PDF text explicitly names this exact controlled GHGP/PCAF standard; otherwise keep review-only.
GHG-SERIES-REVIEW-0481,world500_ghg_series_acceptance_ledger.json,review,review_required_contextual_inventory_mapping,r480_ecopetrol,ECOPETROL,480,ghg_scope3_calculation_guidance,GHG Protocol Scope 3 Calculation Guidance,P0_review_queue,contextual_scope_inventory_mapping,scope_inventory_context_without_explicit_fine_series_name,136,2024-ECOPETROL-integrated-management-report.pdf,"Review: contextual inventory or Scope wording is present, but the page does not explicitly name this exact GHGP/PCAF series.",Promote only after page-level PDF text explicitly names this exact controlled GHGP/PCAF standard; otherwise keep review-only.
GHG-SERIES-REVIEW-0482,world500_ghg_series_acceptance_ledger.json,review,review_required_contextual_inventory_mapping,r480_ecopetrol,ECOPETROL,480,ghg_scope3_standard,GHG Protocol Corporate Value Chain (Scope 3) Accounting and Reporting Standard,P0_review_queue,contextual_scope_inventory_mapping,scope_inventory_context_without_explicit_fine_series_name,136,2024-ECOPETROL-integrated-management-report.pdf,"Review: contextual inventory or Scope wording is present, but the page does not explicitly name this exact GHGP/PCAF series.",Promote only after page-level PDF text explicitly names this exact controlled GHGP/PCAF standard; otherwise keep review-only.
GHG-SERIES-REVIEW-0483,world500_ghg_series_acceptance_ledger.json,review,review_required_contextual_inventory_mapping,r481_arrowelectronics,ARROW ELECTRONICS,481,ghg_corporate_standard,GHG Protocol Corporate Accounting and Reporting Standard,P0_review_queue,contextual_scope_inventory_mapping,scope_inventory_context_without_explicit_fine_series_name,83,2024-ARROW ELECTRONICS-Corporate-Stewardship-and-Impact-Report-1.pdf,"Review: contextual inventory or Scope wording is present, but the page does not explicitly name this exact GHGP/PCAF series.",Promote only after page-level PDF text explicitly names this exact controlled GHGP/PCAF standard; otherwise keep review-only.
GHG-SERIES-REVIEW-0484,world500_ghg_series_acceptance_ledger.json,review,review_required_contextual_inventory_mapping,r481_arrowelectronics,ARROW ELECTRONICS,481,ghg_scope2_guidance,GHG Protocol Scope 2 Guidance,P0_review_queue,contextual_scope_inventory_mapping,scope_inventory_context_without_explicit_fine_series_name,83,2024-ARROW ELECTRONICS-Corporate-Stewardship-and-Impact-Report-1.pdf,"Review: contextual inventory or Scope wording is present, but the page does not explicitly name this exact GHGP/PCAF series.",Promote only after page-level PDF text explicitly names this exact controlled GHGP/PCAF standard; otherwise keep review-only.
GHG-SERIES-REVIEW-0485,world500_ghg_series_acceptance_ledger.json,review,review_required_contextual_inventory_mapping,r481_arrowelectronics,ARROW ELECTRONICS,481,ghg_scope3_calculation_guidance,GHG Protocol Scope 3 Calculation Guidance,P0_review_queue,contextual_scope_inventory_mapping,scope_inventory_context_without_explicit_fine_series_name,83,2024-ARROW ELECTRONICS-Corporate-Stewardship-and-Impact-Report-1.pdf,"Review: contextual inventory or Scope wording is present, but the page does not explicitly name this exact GHGP/PCAF series.",Promote only after page-level PDF text explicitly names this exact controlled GHGP/PCAF standard; otherwise keep review-only.
GHG-SERIES-REVIEW-0486,world500_ghg_series_acceptance_ledger.json,review,review_required_contextual_inventory_mapping,r481_arrowelectronics,ARROW ELECTRONICS,481,ghg_scope3_standard,GHG Protocol Corporate Value Chain (Scope 3) Accounting and Reporting Standard,P0_review_queue,contextual_scope_inventory_mapping,scope_inventory_context_without_explicit_fine_series_name,83,2024-ARROW ELECTRONICS-Corporate-Stewardship-and-Impact-Report-1.pdf,"Review: contextual inventory or Scope wording is present, but the page does not explicitly name this exact GHGP/PCAF series.",Promote only after page-level PDF text explicitly names this exact controlled GHGP/PCAF standard; otherwise keep review-only.
GHG-SERIES-REVIEW-0487,world500_ghg_series_acceptance_ledger.json,review,review_required_contextual_inventory_mapping,r482_jerónimomartins公司,Jerónimo Martins,482,ghg_corporate_standard,GHG Protocol Corporate Accounting and Reporting Standard,P0_review_queue,contextual_scope_inventory_mapping,scope_inventory_context_without_explicit_fine_series_name,32,Jerónimo Martins公司-nfr-corporate-responsibility-jeronimomartins-ar24.pdf,"Review: contextual inventory or Scope wording is present, but the page does not explicitly name this exact GHGP/PCAF series.",Promote only after page-level PDF text explicitly names this exact controlled GHGP/PCAF standard; otherwise keep review-only.
GHG-SERIES-REVIEW-0488,world500_ghg_series_acceptance_ledger.json,review,review_required_contextual_inventory_mapping,r482_jerónimomartins公司,Jerónimo Martins,482,ghg_scope2_guidance,GHG Protocol Scope 2 Guidance,P0_review_queue,contextual_scope_inventory_mapping,scope_inventory_context_without_explicit_fine_series_name,32,Jerónimo Martins公司-nfr-corporate-responsibility-jeronimomartins-ar24.pdf,"Review: contextual inventory or Scope wording is present, but the page does not explicitly name this exact GHGP/PCAF series.",Promote only after page-level PDF text explicitly names this exact controlled GHGP/PCAF standard; otherwise keep review-only.
GHG-SERIES-REVIEW-0489,world500_ghg_series_acceptance_ledger.json,review,review_required_contextual_inventory_mapping,r482_jerónimomartins公司,Jerónimo Martins,482,ghg_scope3_calculation_guidance,GHG Protocol Scope 3 Calculation Guidance,P0_review_queue,contextual_scope_inventory_mapping,scope_inventory_context_without_explicit_fine_series_name,32,Jerónimo Martins公司-nfr-corporate-responsibility-jeronimomartins-ar24.pdf,"Review: contextual inventory or Scope wording is present, but the page does not explicitly name this exact GHGP/PCAF series.",Promote only after page-level PDF text explicitly names this exact controlled GHGP/PCAF standard; otherwise keep review-only.
GHG-SERIES-REVIEW-0490,world500_ghg_series_acceptance_ledger.json,review,review_required_contextual_inventory_mapping,r482_jerónimomartins公司,Jerónimo Martins,482,ghg_scope3_standard,GHG Protocol Corporate Value Chain (Scope 3) Accounting and Reporting Standard,P0_review_queue,contextual_scope_inventory_mapping,scope_inventory_context_without_explicit_fine_series_name,32,Jerónimo Martins公司-nfr-corporate-responsibility-jeronimomartins-ar24.pdf,"Review: contextual inventory or Scope wording is present, but the page does not explicitly name this exact GHGP/PCAF series.",Promote only after page-level PDF text explicitly names this exact controlled GHGP/PCAF standard; otherwise keep review-only.
GHG-SERIES-REVIEW-0491,world500_ghg_series_acceptance_ledger.json,review,review_required_contextual_inventory_mapping,r485_centrica,CENTRICA,485,ghg_corporate_standard,GHG Protocol Corporate Accounting and Reporting Standard,P0_review_queue,contextual_scope_inventory_mapping,scope_inventory_context_without_explicit_fine_series_name,42,CENTRICA people-planet-report-2024.pdf,"Review: contextual inventory or Scope wording is present, but the page does not explicitly name this exact GHGP/PCAF series.",Promote only after page-level PDF text explicitly names this exact controlled GHGP/PCAF standard; otherwise keep review-only.
GHG-SERIES-REVIEW-0492,world500_ghg_series_acceptance_ledger.json,review,review_required_contextual_inventory_mapping,r485_centrica,CENTRICA,485,ghg_scope2_guidance,GHG Protocol Scope 2 Guidance,P0_review_queue,contextual_scope_inventory_mapping,scope_inventory_context_without_explicit_fine_series_name,42,CENTRICA people-planet-report-2024.pdf,"Review: contextual inventory or Scope wording is present, but the page does not explicitly name this exact GHGP/PCAF series.",Promote only after page-level PDF text explicitly names this exact controlled GHGP/PCAF standard; otherwise keep review-only.
GHG-SERIES-REVIEW-0493,world500_ghg_series_acceptance_ledger.json,review,review_required_contextual_inventory_mapping,r485_centrica,CENTRICA,485,ghg_scope3_calculation_guidance,GHG Protocol Scope 3 Calculation Guidance,P0_review_queue,contextual_scope_inventory_mapping,scope_inventory_context_without_explicit_fine_series_name,42,CENTRICA people-planet-report-2024.pdf,"Review: contextual inventory or Scope wording is present, but the page does not explicitly name this exact GHGP/PCAF series.",Promote only after page-level PDF text explicitly names this exact controlled GHGP/PCAF standard; otherwise keep review-only.
GHG-SERIES-REVIEW-0494,world500_ghg_series_acceptance_ledger.json,review,review_required_contextual_inventory_mapping,r485_centrica,CENTRICA,485,ghg_scope3_standard,GHG Protocol Corporate Value Chain (Scope 3) Accounting and Reporting Standard,P0_review_queue,contextual_scope_inventory_mapping,scope_inventory_context_without_explicit_fine_series_name,42,CENTRICA people-planet-report-2024.pdf,"Review: contextual inventory or Scope wording is present, but the page does not explicitly name this exact GHGP/PCAF series.",Promote only after page-level PDF text explicitly names this exact controlled GHGP/PCAF standard; otherwise keep review-only.
GHG-SERIES-REVIEW-0495,world500_ghg_series_acceptance_ledger.json,demoted,demoted_overmapped_edge_not_accepted,r486_linde,LINDE,486,ghg_scope2_guidance,GHG Protocol Scope 2 Guidance,P0_demoted_overmapping,contextual_overmapped_review,sample_names_other_series_or_no_current_series_name,58,2024-LINDE-sustainable-development-report.pdf,Demoted: contextual overmapping points to another series or only generic GHG context; keep out of accepted graph.,Do not draw as accepted. Use only as a search/demotion lead unless new explicit page evidence is found.
GHG-SERIES-REVIEW-0496,world500_ghg_series_acceptance_ledger.json,demoted,demoted_overmapped_edge_not_accepted,r486_linde,LINDE,486,ghg_scope3_calculation_guidance,GHG Protocol Scope 3 Calculation Guidance,P0_demoted_overmapping,contextual_overmapped_review,sample_names_other_series_or_no_current_series_name,58,2024-LINDE-sustainable-development-report.pdf,Demoted: contextual overmapping points to another series or only generic GHG context; keep out of accepted graph.,Do not draw as accepted. Use only as a search/demotion lead unless new explicit page evidence is found.
GHG-SERIES-REVIEW-0497,world500_ghg_series_acceptance_ledger.json,review,review_required_contextual_inventory_mapping,r487_heineken,HEINEKEN,487,ghg_scope3_calculation_guidance,GHG Protocol Scope 3 Calculation Guidance,P0_review_queue,contextual_scope_inventory_mapping,scope_inventory_context_without_explicit_fine_series_name,172,heineken_n_v_annual_report_2024_final_20feb2025.pdf,"Review: contextual inventory or Scope wording is present, but the page does not explicitly name this exact GHGP/PCAF series.",Promote only after page-level PDF text explicitly names this exact controlled GHGP/PCAF standard; otherwise keep review-only.
GHG-SERIES-REVIEW-0498,world500_ghg_series_acceptance_ledger.json,review,review_required_contextual_inventory_mapping,r489_3m公司,3M,489,ghg_scope2_guidance,GHG Protocol Scope 2 Guidance,P0_review_queue,contextual_scope_inventory_mapping,scope_inventory_context_without_explicit_fine_series_name,27,3m-2025-global-impact-report.pdf,"Review: contextual inventory or Scope wording is present, but the page does not explicitly name this exact GHGP/PCAF series.",Promote only after page-level PDF text explicitly names this exact controlled GHGP/PCAF standard; otherwise keep review-only.
GHG-SERIES-REVIEW-0499,world500_ghg_series_acceptance_ledger.json,review,review_required_contextual_inventory_mapping,r489_3m公司,3M,489,ghg_scope3_calculation_guidance,GHG Protocol Scope 3 Calculation Guidance,P0_review_queue,contextual_scope_inventory_mapping,scope_inventory_context_without_explicit_fine_series_name,27,3m-2025-global-impact-report.pdf,"Review: contextual inventory or Scope wording is present, but the page does not explicitly name this exact GHGP/PCAF series.",Promote only after page-level PDF text explicitly names this exact controlled GHGP/PCAF standard; otherwise keep review-only.
GHG-SERIES-REVIEW-0500,world500_ghg_series_acceptance_ledger.json,review,review_required_contextual_inventory_mapping,r491_apolloglobalmanagement,APOLLO GLOBAL MANAGEMENT,491,ghg_scope2_guidance,GHG Protocol Scope 2 Guidance,P0_review_queue,contextual_scope_inventory_mapping,scope_inventory_context_without_explicit_fine_series_name,31,apollo-2024-sustainability-report-june-2025.pdf,"Review: contextual inventory or Scope wording is present, but the page does not explicitly name this exact GHGP/PCAF series.",Promote only after page-level PDF text explicitly names this exact controlled GHGP/PCAF standard; otherwise keep review-only.
GHG-SERIES-REVIEW-0501,world500_ghg_series_acceptance_ledger.json,review,review_required_contextual_inventory_mapping,r491_apolloglobalmanagement,APOLLO GLOBAL MANAGEMENT,491,ghg_scope3_calculation_guidance,GHG Protocol Scope 3 Calculation Guidance,P0_review_queue,contextual_scope_inventory_mapping,scope_inventory_context_without_explicit_fine_series_name,31,apollo-2024-sustainability-report-june-2025.pdf,"Review: contextual inventory or Scope wording is present, but the page does not explicitly name this exact GHGP/PCAF series.",Promote only after page-level PDF text explicitly names this exact controlled GHGP/PCAF standard; otherwise keep review-only.
GHG-SERIES-REVIEW-0502,world500_ghg_series_acceptance_ledger.json,review,review_required_contextual_inventory_mapping,r491_apolloglobalmanagement,APOLLO GLOBAL MANAGEMENT,491,ghg_scope3_standard,GHG Protocol Corporate Value Chain (Scope 3) Accounting and Reporting Standard,P0_review_queue,contextual_scope_inventory_mapping,scope_inventory_context_without_explicit_fine_series_name,31,apollo-2024-sustainability-report-june-2025.pdf,"Review: contextual inventory or Scope wording is present, but the page does not explicitly name this exact GHGP/PCAF series.",Promote only after page-level PDF text explicitly names this exact controlled GHGP/PCAF standard; otherwise keep review-only.
GHG-SERIES-REVIEW-0503,world500_ghg_series_acceptance_ledger.json,review,review_required_contextual_inventory_mapping,r492_emiratesgroup,EMIRATES GROUP,492,ghg_land_sector_removals_standard,GHG Protocol Land Sector and Removals Standard,P0_review_queue,contextual_scope_inventory_mapping,scope_inventory_context_without_explicit_fine_series_name,71,2023-2024-EMIRATES GROUP-annual-report.pdf,"Review: contextual inventory or Scope wording is present, but the page does not explicitly name this exact GHGP/PCAF series.",Promote only after page-level PDF text explicitly names this exact controlled GHGP/PCAF standard; otherwise keep review-only.
GHG-SERIES-REVIEW-0504,world500_ghg_series_acceptance_ledger.json,review,review_required_contextual_inventory_mapping,r492_emiratesgroup,EMIRATES GROUP,492,ghg_scope2_guidance,GHG Protocol Scope 2 Guidance,P0_review_queue,contextual_scope_inventory_mapping,scope_inventory_context_without_explicit_fine_series_name,71,2023-2024-EMIRATES GROUP-annual-report.pdf,"Review: contextual inventory or Scope wording is present, but the page does not explicitly name this exact GHGP/PCAF series.",Promote only after page-level PDF text explicitly names this exact controlled GHGP/PCAF standard; otherwise keep review-only.
GHG-SERIES-REVIEW-0505,world500_ghg_series_acceptance_ledger.json,review,review_required_contextual_inventory_mapping,r492_emiratesgroup,EMIRATES GROUP,492,ghg_scope3_calculation_guidance,GHG Protocol Scope 3 Calculation Guidance,P0_review_queue,contextual_scope_inventory_mapping,scope_inventory_context_without_explicit_fine_series_name,71,2023-2024-EMIRATES GROUP-annual-report.pdf,"Review: contextual inventory or Scope wording is present, but the page does not explicitly name this exact GHGP/PCAF series.",Promote only after page-level PDF text explicitly names this exact controlled GHGP/PCAF standard; otherwise keep review-only.
GHG-SERIES-REVIEW-0506,world500_ghg_series_acceptance_ledger.json,review,review_required_contextual_inventory_mapping,r493_vibraenergia公司,Vibra Energia,493,ghg_corporate_standard,GHG Protocol Corporate Accounting and Reporting Standard,P0_review_queue,contextual_scope_inventory_mapping,scope_inventory_context_without_explicit_fine_series_name,104,Relatório Integrado_Vibra_2024_PTBR.pdf,"Review: contextual inventory or Scope wording is present, but the page does not explicitly name this exact GHGP/PCAF series.",Promote only after page-level PDF text explicitly names this exact controlled GHGP/PCAF standard; otherwise keep review-only.
GHG-SERIES-REVIEW-0507,world500_ghg_series_acceptance_ledger.json,review,review_required_contextual_inventory_mapping,r493_vibraenergia公司,Vibra Energia,493,ghg_scope2_guidance,GHG Protocol Scope 2 Guidance,P0_review_queue,contextual_scope_inventory_mapping,scope_inventory_context_without_explicit_fine_series_name,104,Relatório Integrado_Vibra_2024_PTBR.pdf,"Review: contextual inventory or Scope wording is present, but the page does not explicitly name this exact GHGP/PCAF series.",Promote only after page-level PDF text explicitly names this exact controlled GHGP/PCAF standard; otherwise keep review-only.
GHG-SERIES-REVIEW-0508,world500_ghg_series_acceptance_ledger.json,review,review_required_contextual_inventory_mapping,r493_vibraenergia公司,Vibra Energia,493,ghg_scope3_standard,GHG Protocol Corporate Value Chain (Scope 3) Accounting and Reporting Standard,P0_review_queue,contextual_scope_inventory_mapping,scope_inventory_context_without_explicit_fine_series_name,104,Relatório Integrado_Vibra_2024_PTBR.pdf,"Review: contextual inventory or Scope wording is present, but the page does not explicitly name this exact GHGP/PCAF series.",Promote only after page-level PDF text explicitly names this exact controlled GHGP/PCAF standard; otherwise keep review-only.
GHG-SERIES-REVIEW-0509,world500_ghg_series_acceptance_ledger.json,review,review_required_contextual_inventory_mapping,r494_metro,METRO,494,ghg_corporate_standard,GHG Protocol Corporate Accounting and Reporting Standard,P0_review_queue,contextual_scope_inventory_mapping,scope_inventory_context_without_explicit_fine_series_name,48,entire-metro-ar24.pdf,"Review: contextual inventory or Scope wording is present, but the page does not explicitly name this exact GHGP/PCAF series.",Promote only after page-level PDF text explicitly names this exact controlled GHGP/PCAF standard; otherwise keep review-only.
GHG-SERIES-REVIEW-0510,world500_ghg_series_acceptance_ledger.json,review,review_required_contextual_inventory_mapping,r494_metro,METRO,494,ghg_scope3_calculation_guidance,GHG Protocol Scope 3 Calculation Guidance,P0_review_queue,contextual_scope_inventory_mapping,scope_inventory_context_without_explicit_fine_series_name,48,entire-metro-ar24.pdf,"Review: contextual inventory or Scope wording is present, but the page does not explicitly name this exact GHGP/PCAF series.",Promote only after page-level PDF text explicitly names this exact controlled GHGP/PCAF standard; otherwise keep review-only.
GHG-SERIES-REVIEW-0511,world500_ghg_series_acceptance_ledger.json,review,review_required_contextual_inventory_mapping,r498_瑞士abb集团,ABB,498,ghg_scope2_guidance,GHG Protocol Scope 2 Guidance,P0_review_queue,contextual_scope_inventory_mapping,scope_inventory_context_without_explicit_fine_series_name,37,ABB Sustainability Statement 2024.pdf,"Review: contextual inventory or Scope wording is present, but the page does not explicitly name this exact GHGP/PCAF series.",Promote only after page-level PDF text explicitly names this exact controlled GHGP/PCAF standard; otherwise keep review-only.
GHG-SERIES-REVIEW-0512,world500_ghg_series_acceptance_ledger.json,review,review_required_contextual_inventory_mapping,r498_瑞士abb集团,ABB,498,ghg_scope3_calculation_guidance,GHG Protocol Scope 3 Calculation Guidance,P0_review_queue,contextual_scope_inventory_mapping,scope_inventory_context_without_explicit_fine_series_name,37,ABB Sustainability Statement 2024.pdf,"Review: contextual inventory or Scope wording is present, but the page does not explicitly name this exact GHGP/PCAF series.",Promote only after page-level PDF text explicitly names this exact controlled GHGP/PCAF standard; otherwise keep review-only.
GHG-SERIES-REVIEW-0513,world500_ghg_series_acceptance_ledger.json,review,review_required_contextual_inventory_mapping,r500_三星candt公司,Samsung C&T,500,ghg_corporate_standard,GHG Protocol Corporate Accounting and Reporting Standard,P0_review_queue,contextual_scope_inventory_mapping,scope_inventory_context_without_explicit_fine_series_name,111,2025 Samsung C&T Sustainability Report.pdf,"Review: contextual inventory or Scope wording is present, but the page does not explicitly name this exact GHGP/PCAF series.",Promote only after page-level PDF text explicitly names this exact controlled GHGP/PCAF standard; otherwise keep review-only.
GHG-SERIES-REVIEW-0514,world500_ghg_series_acceptance_ledger.json,review,review_required_contextual_inventory_mapping,r500_三星candt公司,Samsung C&T,500,ghg_scope2_guidance,GHG Protocol Scope 2 Guidance,P0_review_queue,contextual_scope_inventory_mapping,scope_inventory_context_without_explicit_fine_series_name,111,2025 Samsung C&T Sustainability Report.pdf,"Review: contextual inventory or Scope wording is present, but the page does not explicitly name this exact GHGP/PCAF series.",Promote only after page-level PDF text explicitly names this exact controlled GHGP/PCAF standard; otherwise keep review-only.
GHG-SERIES-REVIEW-0515,world500_ghg_series_acceptance_ledger.json,review,review_required_contextual_inventory_mapping,r500_三星candt公司,Samsung C&T,500,ghg_scope3_calculation_guidance,GHG Protocol Scope 3 Calculation Guidance,P0_review_queue,contextual_scope_inventory_mapping,scope_inventory_context_without_explicit_fine_series_name,111,2025 Samsung C&T Sustainability Report.pdf,"Review: contextual inventory or Scope wording is present, but the page does not explicitly name this exact GHGP/PCAF series.",Promote only after page-level PDF text explicitly names this exact controlled GHGP/PCAF standard; otherwise keep review-only.
