company_id,world500_rank,company_name_en,company_name_zh,industry_section_code,industry_section_en,industry_section_zh,series_id,series_name_en,series_name_zh,category_en,category_zh,role_en,role_zh,principle_en,principle_zh,language_policy_en,language_policy_zh,match_status,evidence_gate,matched_aliases,evidence_count,pages,source_files,sample_review_status,sample_confidence,sample_snippet_en,sample_snippet_zh,recommended_use_en,recommended_use_zh
r001_walmart,1,WALMART,沃尔玛,F,Wholesale and Retail Trade,批发和零售业,ghg_corporate_standard,GHG Protocol Corporate Accounting and Reporting Standard,GHG Protocol 企业核算与报告标准,Standard,标准,Corporate inventory accounting standard,企业组织层面清单核算标准,"Relevance, completeness, consistency, transparency, and accuracy.",相关性、完整性、一致性、透明性和准确性。,"Within GHG Protocol evidence, this may define Scope 1 and Scope 2 corporate inventory boundaries.",仅在 GHG Protocol 证据下使用 Scope 1/2 的组织层面清单口径。,explicit_series_citation,page_text_explicitly_names_whitelisted_series,corporate accounting and reporting standard,8,7,FY2025-Walmart-ESG-Report.pdf,seed_batch_01,medium,pleteness|Consistency|Transparency|Accuracy 相关性|完整性|一致性|透明性|准确性 rting Walmart Inc. calculates its GHG emissions footprint estimates in alignment with the Greenhouse Gas Protocol’s Corporate Accounting and Reporting Standard as well as the Corporate Value Chain (Scope 3) Accounting and Reporting Standard rting Walmart Inc. calculates its GHG emissions footpr…,pleteness|Consistency|Transparency|Accuracy 相关性|完整性|一致性|透明性|准确性 rting Walmart Inc. calculates its GHG emissions footprint estimates in alignment with the Greenhouse Gas Protocol’s Corporate Accounting and Reporting Standard as well as the Corporate Value Chain (Scope 3) Accounting and Reporting Standard rting Walmart Inc. calculates its GHG emissions footpr…,Accepted standard-company edge: source evidence explicitly names this GHG Protocol fine series.,可采信标准-企业关系：原文证据明确命名该 GHG Protocol 细分系列。
r001_walmart,1,WALMART,沃尔玛,F,Wholesale and Retail Trade,批发和零售业,ghg_scope3_standard,GHG Protocol Corporate Value Chain (Scope 3) Accounting and Reporting Standard,GHG Protocol 企业价值链（Scope 3）核算与报告标准,Standard,标准,Value-chain emissions accounting standard,价值链排放核算标准,Scope 3 categories are GHG Protocol-specific category language.,Scope 3 类别是 GHG Protocol 特有的类别口径。,Scope 3 and Scope 3 category names are only used for GHG Protocol evidence.,Scope 3 及十五类类别口径只在 GHG Protocol 证据下使用。,explicit_series_citation,page_text_explicitly_names_whitelisted_series,corporate value chain\s*\(scope 3\),10,7 | 34,FY2025-Walmart-ESG-Report.pdf,seed_batch_01,medium,|准确性 rting Walmart Inc. calculates its GHG emissions footprint estimates in alignment with the Greenhouse Gas Protocol’s Corporate Accounting and Reporting Standard as well as the Corporate Value Chain (Scope 3) Accounting and Reporting Standard rting Walmart Inc. calculates its GHG emissions footprint estimates in alignment with the Greenhouse Gas Protocol…,|准确性 rting Walmart Inc. calculates its GHG emissions footprint estimates in alignment with the Greenhouse Gas Protocol’s Corporate Accounting and Reporting Standard as well as the Corporate Value Chain (Scope 3) Accounting and Reporting Standard rting Walmart Inc. calculates its GHG emissions footprint estimates in alignment with the Greenhouse Gas Protocol…,Accepted standard-company edge: source evidence explicitly names this GHG Protocol fine series.,可采信标准-企业关系：原文证据明确命名该 GHG Protocol 细分系列。
r008_unitedhealthgroup,8,UNITEDHEALTH GROUP,联合健康集团,J,Finance,金融业,ghg_corporate_standard,GHG Protocol Corporate Accounting and Reporting Standard,GHG Protocol 企业核算与报告标准,Standard,标准,Corporate inventory accounting standard,企业组织层面清单核算标准,"Relevance, completeness, consistency, transparency, and accuracy.",相关性、完整性、一致性、透明性和准确性。,"Within GHG Protocol evidence, this may define Scope 1 and Scope 2 corporate inventory boundaries.",仅在 GHG Protocol 证据下使用 Scope 1/2 的组织层面清单口径。,explicit_series_citation,page_text_explicitly_names_whitelisted_series,corporate accounting and reporting standard,6,33 | 80,UNITEDHEALTH GROUP—2024-sustainability-report.pdf,pdf_explicit_series_citation,pdf_page_backfill,"of our new science-aligned climate targets, we have re-established all climate targets and recasted the following values with a 2023 base year. In accordance with the GHG Protocol Corporate Accounting and Reporting Standard, Scope 3 Standard and the Science Based Targets initiative’s Corporate Near-Term Criteria, these base year values will be subject to re…","of our new science-aligned climate targets, we have re-established all climate targets and recasted the following values with a 2023 base year. In accordance with the GHG Protocol Corporate Accounting and Reporting Standard, Scope 3 Standard and the Science Based Targets initiative’s Corporate Near-Term Criteria, these base year values will be subject to re…",Accepted standard-company edge: source evidence explicitly names this GHG Protocol fine series.,可采信标准-企业关系：原文证据明确命名该 GHG Protocol 细分系列。
r008_unitedhealthgroup,8,UNITEDHEALTH GROUP,联合健康集团,J,Finance,金融业,ghg_financial_industry_standard,Global GHG Accounting and Reporting Standard for the Financial Industry,金融行业全球温室气体核算与报告标准,Sector standard / guidance,行业标准/指南,Financial-industry financed-emissions methodology,金融行业投融资排放方法学,Measure financed emissions for loans and investments when explicitly cited.,原文明示时用于贷款和投资的投融资排放测算。,Use financed-emissions wording rather than corporate operational Scope totals.,使用投融资排放口径，不改写为企业运营 Scope 总量。,explicit_series_citation,page_text_explicitly_names_whitelisted_series,partnership for carbon accounting financials,8,33 | 35 | 82,UNITEDHEALTH GROUP—2024-sustainability-report.pdf,seed_batch_01,medium,"lity-report.pdf Scope 3 范围 3 Expanded from source page text for direct-use Scope evidence. ons primarily from products sold by UHG’s retail pharmacy operations. 9 In line with the Partnership for Carbon Accounting Financials (PCAF) standard, estimated emissions are composed of asset classes such as corporate bonds, loans, equities, and sovereign debt and as…","lity-report.pdf Scope 3 范围 3 Expanded from source page text for direct-use Scope evidence. ons primarily from products sold by UHG’s retail pharmacy operations. 9 In line with the Partnership for Carbon Accounting Financials (PCAF) standard, estimated emissions are composed of asset classes such as corporate bonds, loans, equities, and sovereign debt and as…",Accepted standard-company edge: source evidence explicitly names this GHG Protocol fine series.,可采信标准-企业关系：原文证据明确命名该 GHG Protocol 细分系列。
r010_cvshealth公司,10,CVS Health,CVS Health,F,Wholesale and Retail Trade,批发和零售业,ghg_corporate_standard,GHG Protocol Corporate Accounting and Reporting Standard,GHG Protocol 企业核算与报告标准,Standard,标准,Corporate inventory accounting standard,企业组织层面清单核算标准,"Relevance, completeness, consistency, transparency, and accuracy.",相关性、完整性、一致性、透明性和准确性。,"Within GHG Protocol evidence, this may define Scope 1 and Scope 2 corporate inventory boundaries.",仅在 GHG Protocol 证据下使用 Scope 1/2 的组织层面清单口径。,explicit_series_citation,page_text_explicitly_names_whitelisted_series,corporate accounting and reporting standard,8,36 | 90,CVS Health-2024-Impact-Report-Appendix.pdf,pdf_explicit_series_citation,pdf_page_backfill,estment of infrastructure and maintenance. • Greenhouse Gas Emissions: CVS Health calculates its greenhouse gas emissions footprint in alignment with the Greenhouse Gas Protocol’s Corporate Accounting and Reporting Standard as well as the Corporate Value Chain (Scope 3) Accounting and Reporting Standard. Scope 2 emissions are calculated using both a locatio…,estment of infrastructure and maintenance. • Greenhouse Gas Emissions: CVS Health calculates its greenhouse gas emissions footprint in alignment with the Greenhouse Gas Protocol’s Corporate Accounting and Reporting Standard as well as the Corporate Value Chain (Scope 3) Accounting and Reporting Standard. Scope 2 emissions are calculated using both a locatio…,Accepted standard-company edge: source evidence explicitly names this GHG Protocol fine series.,可采信标准-企业关系：原文证据明确命名该 GHG Protocol 细分系列。
r010_cvshealth公司,10,CVS Health,CVS Health,F,Wholesale and Retail Trade,批发和零售业,ghg_scope3_standard,GHG Protocol Corporate Value Chain (Scope 3) Accounting and Reporting Standard,GHG Protocol 企业价值链（Scope 3）核算与报告标准,Standard,标准,Value-chain emissions accounting standard,价值链排放核算标准,Scope 3 categories are GHG Protocol-specific category language.,Scope 3 类别是 GHG Protocol 特有的类别口径。,Scope 3 and Scope 3 category names are only used for GHG Protocol evidence.,Scope 3 及十五类类别口径只在 GHG Protocol 证据下使用。,explicit_series_citation,page_text_explicitly_names_whitelisted_series,corporate value chain\s*\(scope 3\),6,36 | 90,CVS Health-2024-Impact-Report-Appendix.pdf,pdf_explicit_series_citation,pdf_page_backfill,"Emissions: CVS Health calculates its greenhouse gas emissions footprint in alignment with the Greenhouse Gas Protocol’s Corporate Accounting and Reporting Standard as well as the Corporate Value Chain (Scope 3) Accounting and Reporting Standard. Scope 2 emissions are calculated using both a location-based and market-based approach, with an annual process in…","Emissions: CVS Health calculates its greenhouse gas emissions footprint in alignment with the Greenhouse Gas Protocol’s Corporate Accounting and Reporting Standard as well as the Corporate Value Chain (Scope 3) Accounting and Reporting Standard. Scope 2 emissions are calculated using both a location-based and market-based approach, with an annual process in…",Accepted standard-company edge: source evidence explicitly names this GHG Protocol fine series.,可采信标准-企业关系：原文证据明确命名该 GHG Protocol 细分系列。
r013_shell,13,SHELL,壳牌公司,B,Mining,采矿业,ghg_corporate_standard,GHG Protocol Corporate Accounting and Reporting Standard,GHG Protocol 企业核算与报告标准,Standard,标准,Corporate inventory accounting standard,企业组织层面清单核算标准,"Relevance, completeness, consistency, transparency, and accuracy.",相关性、完整性、一致性、透明性和准确性。,"Within GHG Protocol evidence, this may define Scope 1 and Scope 2 corporate inventory boundaries.",仅在 GHG Protocol 证据下使用 Scope 1/2 的组织层面清单口径。,explicit_series_citation,page_text_explicitly_names_whitelisted_series,corporate accounting and reporting standard,9,99 | 102 | 109 | 344,shell-annual-report-2024.pdf,seed_batch_01,medium,"ent Report. [C] Emissions from the purchase of electricity, heat, steam and cooling for our own use globally, calculated using a market-based method as defined by the GHG Protocol Corporate Accounting and Reporting Standard. [D] Emi Page 109 reports market-based Total global energy indirect Scope 2 emissions under the operational control boundary at 8 MtCO2…","ent Report. [C] Emissions from the purchase of electricity, heat, steam and cooling for our own use globally, calculated using a market-based method as defined by the GHG Protocol Corporate Accounting and Reporting Standard. [D] Emi Page 109 reports market-based Total global energy indirect Scope 2 emissions under the operational control boundary at 8 MtCO2…",Accepted standard-company edge: source evidence explicitly names this GHG Protocol fine series.,可采信标准-企业关系：原文证据明确命名该 GHG Protocol 细分系列。
r013_shell,13,SHELL,壳牌公司,B,Mining,采矿业,ghg_scope2_guidance,GHG Protocol Scope 2 Guidance,GHG Protocol Scope 2 指南,Guidance,指南,Purchased electricity and energy method guidance,外购电力与能源口径指南,Location-based and market-based Scope 2 reporting are separated when cited.,原文显式引用时区分位置法与市场法 Scope 2 披露。,Scope 2 market-based and location-based language is treated as GHG-specific.,Scope 2 市场法/位置法术语只在 GHG Protocol 语境下使用。,explicit_series_citation,page_text_explicitly_names_whitelisted_series,scope 2 guidance,6,102 | 376 | 99,shell-annual-report-2024.pdf,pdf_explicit_series_citation,pdf_page_backfill,"mported cooling or compressed air used for energy purposes. Scope 2 emissions are calculated using the market- and location-based methods separately as defined by the GHG Protocol Scope 2 Guidance. Scope 2 emissions are presented on a gross basis. Carbon credits Our target to halve total Scope 1 and 2 GHG emissions by 2030 has been set on a net basis, inclu…","mported cooling or compressed air used for energy purposes. Scope 2 emissions are calculated using the market- and location-based methods separately as defined by the GHG Protocol Scope 2 Guidance. Scope 2 emissions are presented on a gross basis. Carbon credits Our target to halve total Scope 1 and 2 GHG emissions by 2030 has been set on a net basis, inclu…",Accepted standard-company edge: source evidence explicitly names this GHG Protocol fine series.,可采信标准-企业关系：原文证据明确命名该 GHG Protocol 细分系列。
r013_shell,13,SHELL,壳牌公司,B,Mining,采矿业,ghg_scope3_standard,GHG Protocol Corporate Value Chain (Scope 3) Accounting and Reporting Standard,GHG Protocol 企业价值链（Scope 3）核算与报告标准,Standard,标准,Value-chain emissions accounting standard,价值链排放核算标准,Scope 3 categories are GHG Protocol-specific category language.,Scope 3 类别是 GHG Protocol 特有的类别口径。,Scope 3 and Scope 3 category names are only used for GHG Protocol evidence.,Scope 3 及十五类类别口径只在 GHG Protocol 证据下使用。,explicit_series_citation,page_text_explicitly_names_whitelisted_series,corporate value chain\s*\(scope 3\),6,99 | 102 | 344,shell-annual-report-2024.pdf,pdf_explicit_series_citation,pdf_page_backfill,"distribution [E, F] 3 3 3 — Scope 3, Category 11: use of sold products [G] 845 878 909 1,252 1,084 1,123 1,163 1,520 [A] Categorised using the definitions from the GHG Protocol's Corporate Value Chain (Scope 3) Standard. [B] Ipieca notes that due to the diversity of Scope 3 emissions, sources and the fact that these emissions occur outside the company's bou…","distribution [E, F] 3 3 3 — Scope 3, Category 11: use of sold products [G] 845 878 909 1,252 1,084 1,123 1,163 1,520 [A] Categorised using the definitions from the GHG Protocol's Corporate Value Chain (Scope 3) Standard. [B] Ipieca notes that due to the diversity of Scope 3 emissions, sources and the fact that these emissions occur outside the company's bou…",Accepted standard-company edge: source evidence explicitly names this GHG Protocol fine series.,可采信标准-企业关系：原文证据明确命名该 GHG Protocol 细分系列。
r016_mckesson,16,MCKESSON,麦克森公司,F,Wholesale and Retail Trade,批发和零售业,ghg_corporate_standard,GHG Protocol Corporate Accounting and Reporting Standard,GHG Protocol 企业核算与报告标准,Standard,标准,Corporate inventory accounting standard,企业组织层面清单核算标准,"Relevance, completeness, consistency, transparency, and accuracy.",相关性、完整性、一致性、透明性和准确性。,"Within GHG Protocol evidence, this may define Scope 1 and Scope 2 corporate inventory boundaries.",仅在 GHG Protocol 证据下使用 Scope 1/2 的组织层面清单口径。,explicit_series_citation,page_text_explicitly_names_whitelisted_series,corporate accounting and reporting standard,6,44 | 66,McKesson Impact Report 2024.pdf,pdf_explicit_series_citation,pdf_page_backfill,"lieves provide objective bases for measuring and reporting. Management of McKesson asserts that the GHG disclosures are presented in accordance with the Greenhouse Gas Protocol: A Corporate Accounting and Reporting Standard (Revised Edition), published by the World Resources Institute/ World Business Council for Sustainable Development (the ‘GHG Protocol”).…","lieves provide objective bases for measuring and reporting. Management of McKesson asserts that the GHG disclosures are presented in accordance with the Greenhouse Gas Protocol: A Corporate Accounting and Reporting Standard (Revised Edition), published by the World Resources Institute/ World Business Council for Sustainable Development (the ‘GHG Protocol”).…",Accepted standard-company edge: source evidence explicitly names this GHG Protocol fine series.,可采信标准-企业关系：原文证据明确命名该 GHG Protocol 细分系列。
r017_alphabet公司,17,Alphabet,Alphabet,I,"Information Transmission, Software and Information Technology Services",信息传输、软件和信息技术服务业,ghg_corporate_standard,GHG Protocol Corporate Accounting and Reporting Standard,GHG Protocol 企业核算与报告标准,Standard,标准,Corporate inventory accounting standard,企业组织层面清单核算标准,"Relevance, completeness, consistency, transparency, and accuracy.",相关性、完整性、一致性、透明性和准确性。,"Within GHG Protocol evidence, this may define Scope 1 and Scope 2 corporate inventory boundaries.",仅在 GHG Protocol 证据下使用 Scope 1/2 的组织层面清单口径。,explicit_series_citation,page_text_explicitly_names_whitelisted_series,"corporate accounting and reporting standard | (?:ghg protocol|greenhouse gas protocol|wri|world resources institute|world business council)[\s\S]{0,160}corporate standard",12,80 | 98 | 112,google-2025-environmental-report.pdf,pdf_explicit_series_citation,pdf_page_backfill,"the Greenhouse Gas Protocol standards and guidance developed by the World Resources Institute (WRI) and The World Business Council for Sustainable Development (WBCSD), including A Corporate Accounting and Reporting Standard (Revised Edition) and the WRI/WBCSD GHG Protocol Scope 2 Guidance (an amendment to the GHG Protocol Corporate Standard)(collectively, t…","the Greenhouse Gas Protocol standards and guidance developed by the World Resources Institute (WRI) and The World Business Council for Sustainable Development (WBCSD), including A Corporate Accounting and Reporting Standard (Revised Edition) and the WRI/WBCSD GHG Protocol Scope 2 Guidance (an amendment to the GHG Protocol Corporate Standard)(collectively, t…",Accepted standard-company edge: source evidence explicitly names this GHG Protocol fine series.,可采信标准-企业关系：原文证据明确命名该 GHG Protocol 细分系列。
r017_alphabet公司,17,Alphabet,Alphabet,I,"Information Transmission, Software and Information Technology Services",信息传输、软件和信息技术服务业,ghg_scope2_guidance,GHG Protocol Scope 2 Guidance,GHG Protocol Scope 2 指南,Guidance,指南,Purchased electricity and energy method guidance,外购电力与能源口径指南,Location-based and market-based Scope 2 reporting are separated when cited.,原文显式引用时区分位置法与市场法 Scope 2 披露。,Scope 2 market-based and location-based language is treated as GHG-specific.,Scope 2 市场法/位置法术语只在 GHG Protocol 语境下使用。,explicit_series_citation,page_text_explicitly_names_whitelisted_series,scope 2 guidance,14,80 | 98 | 112,google-2025-environmental-report.pdf,pdf_explicit_series_citation,pdf_page_backfill,"(WRI) and The World Business Council for Sustainable Development (WBCSD), including A Corporate Accounting and Reporting Standard (Revised Edition) and the WRI/WBCSD GHG Protocol Scope 2 Guidance (an amendment to the GHG Protocol Corporate Standard)(collectively, the “Corporate Standard”), as well as the Technical Guidance for Calculating Scope 3 Emissions …","(WRI) and The World Business Council for Sustainable Development (WBCSD), including A Corporate Accounting and Reporting Standard (Revised Edition) and the WRI/WBCSD GHG Protocol Scope 2 Guidance (an amendment to the GHG Protocol Corporate Standard)(collectively, the “Corporate Standard”), as well as the Technical Guidance for Calculating Scope 3 Emissions …",Accepted standard-company edge: source evidence explicitly names this GHG Protocol fine series.,可采信标准-企业关系：原文证据明确命名该 GHG Protocol 细分系列。
r017_alphabet公司,17,Alphabet,Alphabet,I,"Information Transmission, Software and Information Technology Services",信息传输、软件和信息技术服务业,ghg_scope3_calculation_guidance,GHG Protocol Scope 3 Calculation Guidance,GHG Protocol Scope 3 计算指南,Guidance,指南,Scope 3 inventory calculation guidance,Scope 3 清单计算指南,Companion calculation guidance for completing Scope 3 inventories.,配套计算指南，用于完成 Scope 3 清单。,Scope 3 categories are GHG-specific and only shown when the source uses that wording.,Scope 3 类别是 GHG 特有口径，仅在原文如此使用时展示。,explicit_series_citation,page_text_explicitly_names_whitelisted_series,technical guidance for calculating scope 3 emissions,16,80 | 98 | 112,google-2025-environmental-report.pdf,pdf_explicit_series_citation,pdf_page_backfill,"ard (Revised Edition) and the WRI/WBCSD GHG Protocol Scope 2 Guidance (an amendment to the GHG Protocol Corporate Standard)(collectively, the “Corporate Standard”), as well as the Technical Guidance for Calculating Scope 3 Emissions (“Scope 3 Technical Guidance”), and the Corporate Value Chain (Scope 3) Accounting and… PDF page backfill: mapped from the cit…","ard (Revised Edition) and the WRI/WBCSD GHG Protocol Scope 2 Guidance (an amendment to the GHG Protocol Corporate Standard)(collectively, the “Corporate Standard”), as well as the Technical Guidance for Calculating Scope 3 Emissions (“Scope 3 Technical Guidance”), and the Corporate Value Chain (Scope 3) Accounting and… PDF page backfill: mapped from the cit…",Accepted standard-company edge: source evidence explicitly names this GHG Protocol fine series.,可采信标准-企业关系：原文证据明确命名该 GHG Protocol 细分系列。
r017_alphabet公司,17,Alphabet,Alphabet,I,"Information Transmission, Software and Information Technology Services",信息传输、软件和信息技术服务业,ghg_scope3_standard,GHG Protocol Corporate Value Chain (Scope 3) Accounting and Reporting Standard,GHG Protocol 企业价值链（Scope 3）核算与报告标准,Standard,标准,Value-chain emissions accounting standard,价值链排放核算标准,Scope 3 categories are GHG Protocol-specific category language.,Scope 3 类别是 GHG Protocol 特有的类别口径。,Scope 3 and Scope 3 category names are only used for GHG Protocol evidence.,Scope 3 及十五类类别口径只在 GHG Protocol 证据下使用。,explicit_series_citation,page_text_explicitly_names_whitelisted_series,corporate value chain\s*\(scope 3\),16,80 | 98 | 112,google-2025-environmental-report.pdf,pdf_explicit_series_citation,pdf_page_backfill,"G Protocol Corporate Standard)(collectively, the “Corporate Standard”), as well as the Technical Guidance for Calculating Scope 3 Emissions (“Scope 3 Technical Guidance”), and the Corporate Value Chain (Scope 3) Accounting and… PDF page backfill: mapped from the cited GHG Protocol evidence page plus adjacent page text; not promoted to direct-use emissions v…","G Protocol Corporate Standard)(collectively, the “Corporate Standard”), as well as the Technical Guidance for Calculating Scope 3 Emissions (“Scope 3 Technical Guidance”), and the Corporate Value Chain (Scope 3) Accounting and… PDF page backfill: mapped from the cited GHG Protocol evidence page plus adjacent page text; not promoted to direct-use emissions v…",Accepted standard-company edge: source evidence explicitly names this GHG Protocol fine series.,可采信标准-企业关系：原文证据明确命名该 GHG Protocol 细分系列。
r021_jpmorganchase,21,JPMORGAN CHASE,摩根大通公司,J,Finance,金融业,ghg_financial_industry_standard,Global GHG Accounting and Reporting Standard for the Financial Industry,金融行业全球温室气体核算与报告标准,Sector standard / guidance,行业标准/指南,Financial-industry financed-emissions methodology,金融行业投融资排放方法学,Measure financed emissions for loans and investments when explicitly cited.,原文明示时用于贷款和投资的投融资排放测算。,Use financed-emissions wording rather than corporate operational Scope totals.,使用投融资排放口径，不改写为企业运营 Scope 总量。,explicit_series_citation,page_text_explicitly_names_whitelisted_series,\bpcaf\b,2,25,JPMORGAN CHASE-Climate-Report-2024.pdf,pdf_explicit_series_citation,pdf_page_backfill,"ns measurement to inform our methodology. While we believe that our approach correlates with real-world emissions performance, we also disclose a version of this metric aligned to PCAF within the appendix section of this report (refer to pages 32–33). For more information on our approach, refer to the “Absolute Financed Emissions” section in our Carbon Comp…","ns measurement to inform our methodology. While we believe that our approach correlates with real-world emissions performance, we also disclose a version of this metric aligned to PCAF within the appendix section of this report (refer to pages 32–33). For more information on our approach, refer to the “Absolute Financed Emissions” section in our Carbon Comp…",Accepted standard-company edge: source evidence explicitly names this GHG Protocol fine series.,可采信标准-企业关系：原文证据明确命名该 GHG Protocol 细分系列。
r023_totalenergies,23,TOTALENERGIES,道达尔能源公司,B,Mining,采矿业,ghg_scope3_calculation_guidance,GHG Protocol Scope 3 Calculation Guidance,GHG Protocol Scope 3 计算指南,Guidance,指南,Scope 3 inventory calculation guidance,Scope 3 清单计算指南,Companion calculation guidance for completing Scope 3 inventories.,配套计算指南，用于完成 Scope 3 清单。,Scope 3 categories are GHG-specific and only shown when the source uses that wording.,Scope 3 类别是 GHG 特有口径，仅在原文如此使用时展示。,explicit_series_citation,page_text_explicitly_names_whitelisted_series,technical guidance for calculating scope 3 emissions,4,18 | 117,totalenergies_sustainability-climate-2025-progress-report_2025_en.pdf,pdf_explicit_series_citation,pdf_page_backfill,ustomers). A stoichiometric emission factor (oxidation of molecules to carbon dioxide) is applied to these sales or production to obtain an emission volume. In accordance with the Technical Guidance for Calculating Scope 3 Emissions Supplement to the Corporate Value Chain (Scope 3) Accounting and Reporting Standard which defines end users as both consumers …,ustomers). A stoichiometric emission factor (oxidation of molecules to carbon dioxide) is applied to these sales or production to obtain an emission volume. In accordance with the Technical Guidance for Calculating Scope 3 Emissions Supplement to the Corporate Value Chain (Scope 3) Accounting and Reporting Standard which defines end users as both consumers …,Accepted standard-company edge: source evidence explicitly names this GHG Protocol fine series.,可采信标准-企业关系：原文证据明确命名该 GHG Protocol 细分系列。
r023_totalenergies,23,TOTALENERGIES,道达尔能源公司,B,Mining,采矿业,ghg_scope3_standard,GHG Protocol Corporate Value Chain (Scope 3) Accounting and Reporting Standard,GHG Protocol 企业价值链（Scope 3）核算与报告标准,Standard,标准,Value-chain emissions accounting standard,价值链排放核算标准,Scope 3 categories are GHG Protocol-specific category language.,Scope 3 类别是 GHG Protocol 特有的类别口径。,Scope 3 and Scope 3 category names are only used for GHG Protocol evidence.,Scope 3 及十五类类别口径只在 GHG Protocol 证据下使用。,explicit_series_citation,page_text_explicitly_names_whitelisted_series,corporate value chain\s*\(scope 3\),8,18 | 117,totalenergies_sustainability-climate-2025-progress-report_2025_en.pdf,pdf_explicit_series_citation,pdf_page_backfill,"carbon dioxide) is applied to these sales or production to obtain an emission volume. In accordance with the Technical Guidance for Calculating Scope 3 Emissions Supplement to the Corporate Value Chain (Scope 3) Accounting and Reporting Standard which defines end users as both consumers and business customers that use final products, and with IPIECA’s Estim…","carbon dioxide) is applied to these sales or production to obtain an emission volume. In accordance with the Technical Guidance for Calculating Scope 3 Emissions Supplement to the Corporate Value Chain (Scope 3) Accounting and Reporting Standard which defines end users as both consumers and business customers that use final products, and with IPIECA’s Estim…",Accepted standard-company edge: source evidence explicitly names this GHG Protocol fine series.,可采信标准-企业关系：原文证据明确命名该 GHG Protocol 细分系列。
r027_cardinalhealth,27,CARDINAL HEALTH,嘉德诺健康集团,F,Wholesale and Retail Trade,批发和零售业,ghg_corporate_standard,GHG Protocol Corporate Accounting and Reporting Standard,GHG Protocol 企业核算与报告标准,Standard,标准,Corporate inventory accounting standard,企业组织层面清单核算标准,"Relevance, completeness, consistency, transparency, and accuracy.",相关性、完整性、一致性、透明性和准确性。,"Within GHG Protocol evidence, this may define Scope 1 and Scope 2 corporate inventory boundaries.",仅在 GHG Protocol 证据下使用 Scope 1/2 的组织层面清单口径。,explicit_series_citation,page_text_explicitly_names_whitelisted_series,corporate accounting and reporting standard,15,54 | 80 | 103 | 104,cardinal-health-fy24-ESG-report.pdf,seed_batch_01,medium,"e 1 GHG emissions were measured in accordance with the World Resources Institute (WRI)/World Business Council for Sustainable Development’s (WBCSD), The Greenhouse Gas Protocol: A Corporate Accounting and Reporting Standard (GHG Protocol). Cardinal Health selected an organizational boundary based on operational control and direct emissions sources include s…","e 1 GHG emissions were measured in accordance with the World Resources Institute (WRI)/World Business Council for Sustainable Development’s (WBCSD), The Greenhouse Gas Protocol: A Corporate Accounting and Reporting Standard (GHG Protocol). Cardinal Health selected an organizational boundary based on operational control and direct emissions sources include s…",Accepted standard-company edge: source evidence explicitly names this GHG Protocol fine series.,可采信标准-企业关系：原文证据明确命名该 GHG Protocol 细分系列。
r027_cardinalhealth,27,CARDINAL HEALTH,嘉德诺健康集团,F,Wholesale and Retail Trade,批发和零售业,ghg_scope2_guidance,GHG Protocol Scope 2 Guidance,GHG Protocol Scope 2 指南,Guidance,指南,Purchased electricity and energy method guidance,外购电力与能源口径指南,Location-based and market-based Scope 2 reporting are separated when cited.,原文显式引用时区分位置法与市场法 Scope 2 披露。,Scope 2 market-based and location-based language is treated as GHG-specific.,Scope 2 市场法/位置法术语只在 GHG Protocol 语境下使用。,explicit_series_citation,page_text_explicitly_names_whitelisted_series,scope 2 guidance,9,104 | 54,cardinal-health-fy24-ESG-report.pdf,pdf_explicit_series_citation,pdf_page_backfill,"I)/World Business Council for Sustainable Development’s (WBCSD), The Greenhouse Gas Protocol: A Corporate Accounting and Reporting Standard (GHG Protocol) • WRI WBCSD GHG Protocol Scope 2 Guidance • WRI WBCSD GHG Protocol Corporate Value Chain (Scope 3) Accounting and Reporting Standard For Scope 1 and Scope 2 location- and market-based GHG emissions, Cardi…","I)/World Business Council for Sustainable Development’s (WBCSD), The Greenhouse Gas Protocol: A Corporate Accounting and Reporting Standard (GHG Protocol) • WRI WBCSD GHG Protocol Scope 2 Guidance • WRI WBCSD GHG Protocol Corporate Value Chain (Scope 3) Accounting and Reporting Standard For Scope 1 and Scope 2 location- and market-based GHG emissions, Cardi…",Accepted standard-company edge: source evidence explicitly names this GHG Protocol fine series.,可采信标准-企业关系：原文证据明确命名该 GHG Protocol 细分系列。
r027_cardinalhealth,27,CARDINAL HEALTH,嘉德诺健康集团,F,Wholesale and Retail Trade,批发和零售业,ghg_scope3_calculation_guidance,GHG Protocol Scope 3 Calculation Guidance,GHG Protocol Scope 3 计算指南,Guidance,指南,Scope 3 inventory calculation guidance,Scope 3 清单计算指南,Companion calculation guidance for completing Scope 3 inventories.,配套计算指南，用于完成 Scope 3 清单。,Scope 3 categories are GHG-specific and only shown when the source uses that wording.,Scope 3 类别是 GHG 特有口径，仅在原文如此使用时展示。,explicit_series_citation,page_text_explicitly_names_whitelisted_series,technical guidance for calculating scope 3 emissions,3,105 | 54,cardinal-health-fy24-ESG-report.pdf,pdf_explicit_series_citation,pdf_page_backfill,"activities Emissions from fuel- and energy- related activities were calculated by fuel and energy type, by country, following the guidance set forth by the Greenhouse Gas Protocol Technical Guidance for Calculating Scope 3 Emissions Chapter 3 utilizing the average-data method requiring the quantities and types of fuel consumed and estimating emissions by us…","activities Emissions from fuel- and energy- related activities were calculated by fuel and energy type, by country, following the guidance set forth by the Greenhouse Gas Protocol Technical Guidance for Calculating Scope 3 Emissions Chapter 3 utilizing the average-data method requiring the quantities and types of fuel consumed and estimating emissions by us…",Accepted standard-company edge: source evidence explicitly names this GHG Protocol fine series.,可采信标准-企业关系：原文证据明确命名该 GHG Protocol 细分系列。
r027_cardinalhealth,27,CARDINAL HEALTH,嘉德诺健康集团,F,Wholesale and Retail Trade,批发和零售业,ghg_scope3_standard,GHG Protocol Corporate Value Chain (Scope 3) Accounting and Reporting Standard,GHG Protocol 企业价值链（Scope 3）核算与报告标准,Standard,标准,Value-chain emissions accounting standard,价值链排放核算标准,Scope 3 categories are GHG Protocol-specific category language.,Scope 3 类别是 GHG Protocol 特有的类别口径。,Scope 3 and Scope 3 category names are only used for GHG Protocol evidence.,Scope 3 及十五类类别口径只在 GHG Protocol 证据下使用。,explicit_series_citation,page_text_explicitly_names_whitelisted_series,corporate value chain\s*\(scope 3\),10,104 | 54 | 105 | 103,cardinal-health-fy24-ESG-report.pdf,pdf_explicit_series_citation,pdf_page_backfill,"Development’s (WBCSD), The Greenhouse Gas Protocol: A Corporate Accounting and Reporting Standard (GHG Protocol) • WRI WBCSD GHG Protocol Scope 2 Guidance • WRI WBCSD GHG Protocol Corporate Value Chain (Scope 3) Accounting and Reporting Standard For Scope 1 and Scope 2 location- and market-based GHG emissions, Cardinal Health selected an organizational boun…","Development’s (WBCSD), The Greenhouse Gas Protocol: A Corporate Accounting and Reporting Standard (GHG Protocol) • WRI WBCSD GHG Protocol Scope 2 Guidance • WRI WBCSD GHG Protocol Corporate Value Chain (Scope 3) Accounting and Reporting Standard For Scope 1 and Scope 2 location- and market-based GHG emissions, Cardinal Health selected an organizational boun…",Accepted standard-company edge: source evidence explicitly names this GHG Protocol fine series.,可采信标准-企业关系：原文证据明确命名该 GHG Protocol 细分系列。
r029_chevron,29,CHEVRON,雪佛龙,B,Mining,采矿业,ghg_corporate_standard,GHG Protocol Corporate Accounting and Reporting Standard,GHG Protocol 企业核算与报告标准,Standard,标准,Corporate inventory accounting standard,企业组织层面清单核算标准,"Relevance, completeness, consistency, transparency, and accuracy.",相关性、完整性、一致性、透明性和准确性。,"Within GHG Protocol evidence, this may define Scope 1 and Scope 2 corporate inventory boundaries.",仅在 GHG Protocol 证据下使用 Scope 1/2 的组织层面清单口径。,explicit_series_citation,page_text_explicitly_names_whitelisted_series,corporate accounting and reporting standard,5,28,chevron-sustainability-highlights-2024.pdf,pdf_explicit_series_citation,pdf_page_backfill,"scopes but reported separately, as recommended by the World Business Council for Sustainable Development’s (WBCSD)/World Resources Institute’s (WRI) The Greenhouse Gas Protocol, A corporate accounting and reporting standard – Revised edition (2004) and Corporate Value Chain (Scope 3) Accounting and Reporting Standard (2011). 16 Scope 2 includes indirect emi…","scopes but reported separately, as recommended by the World Business Council for Sustainable Development’s (WBCSD)/World Resources Institute’s (WRI) The Greenhouse Gas Protocol, A corporate accounting and reporting standard – Revised edition (2004) and Corporate Value Chain (Scope 3) Accounting and Reporting Standard (2011). 16 Scope 2 includes indirect emi…",Accepted standard-company edge: source evidence explicitly names this GHG Protocol fine series.,可采信标准-企业关系：原文证据明确命名该 GHG Protocol 细分系列。
r029_chevron,29,CHEVRON,雪佛龙,B,Mining,采矿业,ghg_scope2_guidance,GHG Protocol Scope 2 Guidance,GHG Protocol Scope 2 指南,Guidance,指南,Purchased electricity and energy method guidance,外购电力与能源口径指南,Location-based and market-based Scope 2 reporting are separated when cited.,原文显式引用时区分位置法与市场法 Scope 2 披露。,Scope 2 market-based and location-based language is treated as GHG-specific.,Scope 2 市场法/位置法术语只在 GHG Protocol 语境下使用。,explicit_series_citation,page_text_explicitly_names_whitelisted_series,scope 2 guidance,4,28,chevron-sustainability-highlights-2024.pdf,pdf_explicit_series_citation,pdf_page_backfill,"counted for in Chevron’s Scope 2 emissions. Scope 2 emissions are accounted for using the market- based approach as described in the World Resources Institute’s (WRI) GHG Protocol Scope 2 Guidance (2015), including calculating Scope 2 emissions net of contractual instruments such as renewable energy credits (RECs). Reporting of Scope 2 location-based emissi…","counted for in Chevron’s Scope 2 emissions. Scope 2 emissions are accounted for using the market- based approach as described in the World Resources Institute’s (WRI) GHG Protocol Scope 2 Guidance (2015), including calculating Scope 2 emissions net of contractual instruments such as renewable energy credits (RECs). Reporting of Scope 2 location-based emissi…",Accepted standard-company edge: source evidence explicitly names this GHG Protocol fine series.,可采信标准-企业关系：原文证据明确命名该 GHG Protocol 细分系列。
r029_chevron,29,CHEVRON,雪佛龙,B,Mining,采矿业,ghg_scope3_standard,GHG Protocol Corporate Value Chain (Scope 3) Accounting and Reporting Standard,GHG Protocol 企业价值链（Scope 3）核算与报告标准,Standard,标准,Value-chain emissions accounting standard,价值链排放核算标准,Scope 3 categories are GHG Protocol-specific category language.,Scope 3 类别是 GHG Protocol 特有的类别口径。,Scope 3 and Scope 3 category names are only used for GHG Protocol evidence.,Scope 3 及十五类类别口径只在 GHG Protocol 证据下使用。,explicit_series_citation,page_text_explicitly_names_whitelisted_series,corporate value chain\s*\(scope 3\),5,28,chevron-sustainability-highlights-2024.pdf,pdf_explicit_series_citation,pdf_page_backfill,"cil for Sustainable Development’s (WBCSD)/World Resources Institute’s (WRI) The Greenhouse Gas Protocol, A corporate accounting and reporting standard – Revised edition (2004) and Corporate Value Chain (Scope 3) Accounting and Reporting Standard (2011). 16 Scope 2 includes indirect emissions from imported electricity and steam. CO2, CH4 and N2O are accounte…","cil for Sustainable Development’s (WBCSD)/World Resources Institute’s (WRI) The Greenhouse Gas Protocol, A corporate accounting and reporting standard – Revised edition (2004) and Corporate Value Chain (Scope 3) Accounting and Reporting Standard (2011). 16 Scope 2 includes indirect emissions from imported electricity and steam. CO2, CH4 and N2O are accounte…",Accepted standard-company edge: source evidence explicitly names this GHG Protocol fine series.,可采信标准-企业关系：原文证据明确命名该 GHG Protocol 细分系列。
r036_fordmotor,36,FORD MOTOR,福特汽车公司,C,Manufacturing,制造业,ghg_scope2_guidance,GHG Protocol Scope 2 Guidance,GHG Protocol Scope 2 指南,Guidance,指南,Purchased electricity and energy method guidance,外购电力与能源口径指南,Location-based and market-based Scope 2 reporting are separated when cited.,原文显式引用时区分位置法与市场法 Scope 2 披露。,Scope 2 market-based and location-based language is treated as GHG-specific.,Scope 2 市场法/位置法术语只在 GHG Protocol 语境下使用。,explicit_series_citation,page_text_explicitly_names_whitelisted_series,scope 2 guidance,6,44 | 195 | 239,2025-integrated-sustainability-and-financial-report-FORD MOTOR.pdf,pdf_explicit_series_citation,pdf_page_backfill,"biogenic emissions. Ford’s Scope 2 calculations use the U.S. EPA eGRID and International Energy Agency (IEA) grid average emission factors and mixes, in line with the GHG Protocol Scope 2 Guidance. These location-based emission factor sources treat biomass for electricity generation as a zero emissions source, consistent with the GHG Protocol guidance for u…","biogenic emissions. Ford’s Scope 2 calculations use the U.S. EPA eGRID and International Energy Agency (IEA) grid average emission factors and mixes, in line with the GHG Protocol Scope 2 Guidance. These location-based emission factor sources treat biomass for electricity generation as a zero emissions source, consistent with the GHG Protocol guidance for u…",Accepted standard-company edge: source evidence explicitly names this GHG Protocol fine series.,可采信标准-企业关系：原文证据明确命名该 GHG Protocol 细分系列。
r038_bankofamerica,38,BANK OF AMERICA,美国银行,J,Finance,金融业,ghg_corporate_standard,GHG Protocol Corporate Accounting and Reporting Standard,GHG Protocol 企业核算与报告标准,Standard,标准,Corporate inventory accounting standard,企业组织层面清单核算标准,"Relevance, completeness, consistency, transparency, and accuracy.",相关性、完整性、一致性、透明性和准确性。,"Within GHG Protocol evidence, this may define Scope 1 and Scope 2 corporate inventory boundaries.",仅在 GHG Protocol 证据下使用 Scope 1/2 的组织层面清单口径。,explicit_series_citation,page_text_explicitly_names_whitelisted_series,corporate accounting and reporting standard,4,82 | 20,BankOfAmerica_Sustainability_2024_Report.pdf,pdf_explicit_series_citation,pdf_page_backfill,"METHODOLOGY We follow the World Resources Institute (WRI) and World Business Council for Sustainable Development (WBCSD) Greenhouse Gas Protocol Corporate Accounting and Reporting Standard to calculate Scope 1, 2 and 3 emissions. We use an operational control approach to define our boundary. The base year for emissions reductions is 2010; the rationale for …","METHODOLOGY We follow the World Resources Institute (WRI) and World Business Council for Sustainable Development (WBCSD) Greenhouse Gas Protocol Corporate Accounting and Reporting Standard to calculate Scope 1, 2 and 3 emissions. We use an operational control approach to define our boundary. The base year for emissions reductions is 2010; the rationale for …",Accepted standard-company edge: source evidence explicitly names this GHG Protocol fine series.,可采信标准-企业关系：原文证据明确命名该 GHG Protocol 细分系列。
r038_bankofamerica,38,BANK OF AMERICA,美国银行,J,Finance,金融业,ghg_financial_industry_standard,Global GHG Accounting and Reporting Standard for the Financial Industry,金融行业全球温室气体核算与报告标准,Sector standard / guidance,行业标准/指南,Financial-industry financed-emissions methodology,金融行业投融资排放方法学,Measure financed emissions for loans and investments when explicitly cited.,原文明示时用于贷款和投资的投融资排放测算。,Use financed-emissions wording rather than corporate operational Scope totals.,使用投融资排放口径，不改写为企业运营 Scope 总量。,explicit_series_citation,page_text_explicitly_names_whitelisted_series,\bpcaf\b | global ghg accounting and reporting standard for the financial industry | partnership for carbon accounting financials,8,29 | 50 | 73 | 120 | 122,BankOfAmerica_Sustainability_2024_Report.pdf,pdf_explicit_series_citation,pdf_page_backfill,"nderstand their plans and provide the right advice and solutions to help them advance their goals. Data Capture Framework Emissions Data Absolute emissions and emissions intensity PCAF data quality score Contribution to portfolio financed emissions metrics (based on sectoral targets) Relationship Metrics Revenues, returns or historical client relationship F…","nderstand their plans and provide the right advice and solutions to help them advance their goals. Data Capture Framework Emissions Data Absolute emissions and emissions intensity PCAF data quality score Contribution to portfolio financed emissions metrics (based on sectoral targets) Relationship Metrics Revenues, returns or historical client relationship F…",Accepted standard-company edge: source evidence explicitly names this GHG Protocol fine series.,可采信标准-企业关系：原文证据明确命名该 GHG Protocol 细分系列。
r038_bankofamerica,38,BANK OF AMERICA,美国银行,J,Finance,金融业,ghg_scope2_guidance,GHG Protocol Scope 2 Guidance,GHG Protocol Scope 2 指南,Guidance,指南,Purchased electricity and energy method guidance,外购电力与能源口径指南,Location-based and market-based Scope 2 reporting are separated when cited.,原文显式引用时区分位置法与市场法 Scope 2 披露。,Scope 2 market-based and location-based language is treated as GHG-specific.,Scope 2 市场法/位置法术语只在 GHG Protocol 语境下使用。,explicit_series_citation,page_text_explicitly_names_whitelisted_series,scope 2 guidance,4,82 | 20,BankOfAmerica_Sustainability_2024_Report.pdf,pdf_explicit_series_citation,pdf_page_backfill,"ional RECs (I-RECs). All U.S. RECs purchased by Bank of America are Green-e certified. Emissions reflect supplier-specific emission rates where available, all of which comply with Scope 2 Guidance criteria. Emissions reflect residual mix factors for European facilities. Residual mix factors are not currently available for facilities outside of Europe. Locat…","ional RECs (I-RECs). All U.S. RECs purchased by Bank of America are Green-e certified. Emissions reflect supplier-specific emission rates where available, all of which comply with Scope 2 Guidance criteria. Emissions reflect residual mix factors for European facilities. Residual mix factors are not currently available for facilities outside of Europe. Locat…",Accepted standard-company edge: source evidence explicitly names this GHG Protocol fine series.,可采信标准-企业关系：原文证据明确命名该 GHG Protocol 细分系列。
r038_bankofamerica,38,BANK OF AMERICA,美国银行,J,Finance,金融业,ghg_scope3_standard,GHG Protocol Corporate Value Chain (Scope 3) Accounting and Reporting Standard,GHG Protocol 企业价值链（Scope 3）核算与报告标准,Standard,标准,Value-chain emissions accounting standard,价值链排放核算标准,Scope 3 categories are GHG Protocol-specific category language.,Scope 3 类别是 GHG Protocol 特有的类别口径。,Scope 3 and Scope 3 category names are only used for GHG Protocol evidence.,Scope 3 及十五类类别口径只在 GHG Protocol 证据下使用。,explicit_series_citation,page_text_explicitly_names_whitelisted_series,corporate value chain.*scope 3,8,120 | 122 | 123 | 20,BankOfAmerica_Sustainability_2024_Report.pdf,pdf_explicit_series_citation,pdf_page_backfill,"Period covered by GHG emissions verification: • January 1, 2022 to December 31, 2022 Criteria against which verification was conducted: • WRI/WBCSD Greenhouse Gas Protocol Corporate Value Chain Accounting and Reporting Standard (Scope 3) • Partnership for Carbon Accounting Financials (PCAF) Global GHG Accounting & Reporting Standard for the Financial Indust…","Period covered by GHG emissions verification: • January 1, 2022 to December 31, 2022 Criteria against which verification was conducted: • WRI/WBCSD Greenhouse Gas Protocol Corporate Value Chain Accounting and Reporting Standard (Scope 3) • Partnership for Carbon Accounting Financials (PCAF) Global GHG Accounting & Reporting Standard for the Financial Indust…",Accepted standard-company edge: source evidence explicitly names this GHG Protocol fine series.,可采信标准-企业关系：原文证据明确命名该 GHG Protocol 细分系列。
r045_citigroup,45,CITIGROUP,花旗集团,J,Finance,金融业,ghg_corporate_standard,GHG Protocol Corporate Accounting and Reporting Standard,GHG Protocol 企业核算与报告标准,Standard,标准,Corporate inventory accounting standard,企业组织层面清单核算标准,"Relevance, completeness, consistency, transparency, and accuracy.",相关性、完整性、一致性、透明性和准确性。,"Within GHG Protocol evidence, this may define Scope 1 and Scope 2 corporate inventory boundaries.",仅在 GHG Protocol 证据下使用 Scope 1/2 的组织层面清单口径。,explicit_series_citation,page_text_explicitly_names_whitelisted_series,corporate accounting and reporting standard,6,26 | 64,global-sustainability-report-2024-CITIGROUP.pdf,pdf_explicit_series_citation,pdf_page_backfill,We measure Scope 1 and 2 GHG emissions following the guidance in the World Resources Institute (WRI) and World Business Council for Sustainable Development (WBCSD) GHG Protocol: A Corporate Accounting and Reporting Standard (revised edition) and the guidance in the WRI/WBCSD GHG Protocol Scope 2 Guidance: An amendment to the GHG Protocol Corporate Standard.…,We measure Scope 1 and 2 GHG emissions following the guidance in the World Resources Institute (WRI) and World Business Council for Sustainable Development (WBCSD) GHG Protocol: A Corporate Accounting and Reporting Standard (revised edition) and the guidance in the WRI/WBCSD GHG Protocol Scope 2 Guidance: An amendment to the GHG Protocol Corporate Standard.…,Accepted standard-company edge: source evidence explicitly names this GHG Protocol fine series.,可采信标准-企业关系：原文证据明确命名该 GHG Protocol 细分系列。
r045_citigroup,45,CITIGROUP,花旗集团,J,Finance,金融业,ghg_scope2_guidance,GHG Protocol Scope 2 Guidance,GHG Protocol Scope 2 指南,Guidance,指南,Purchased electricity and energy method guidance,外购电力与能源口径指南,Location-based and market-based Scope 2 reporting are separated when cited.,原文显式引用时区分位置法与市场法 Scope 2 披露。,Scope 2 market-based and location-based language is treated as GHG-specific.,Scope 2 市场法/位置法术语只在 GHG Protocol 语境下使用。,explicit_series_citation,page_text_explicitly_names_whitelisted_series,scope 2 guidance,6,26 | 64,global-sustainability-report-2024-CITIGROUP.pdf,pdf_explicit_series_citation,pdf_page_backfill,"d Business Council for Sustainable Development (WBCSD) GHG Protocol: A Corporate Accounting and Reporting Standard (revised edition) and the guidance in the WRI/WBCSD GHG Protocol Scope 2 Guidance: An amendment to the GHG Protocol Corporate Standard. 2010 2022 2023 2024 Scope 1 CO2e: Real Estate (mt)3 36,281 52,676 47,354 47,459* Scope 1 CO2e: Transportatio…","d Business Council for Sustainable Development (WBCSD) GHG Protocol: A Corporate Accounting and Reporting Standard (revised edition) and the guidance in the WRI/WBCSD GHG Protocol Scope 2 Guidance: An amendment to the GHG Protocol Corporate Standard. 2010 2022 2023 2024 Scope 1 CO2e: Real Estate (mt)3 36,281 52,676 47,354 47,459* Scope 1 CO2e: Transportatio…",Accepted standard-company edge: source evidence explicitly names this GHG Protocol fine series.,可采信标准-企业关系：原文证据明确命名该 GHG Protocol 细分系列。
r045_citigroup,45,CITIGROUP,花旗集团,J,Finance,金融业,ghg_scope3_standard,GHG Protocol Corporate Value Chain (Scope 3) Accounting and Reporting Standard,GHG Protocol 企业价值链（Scope 3）核算与报告标准,Standard,标准,Value-chain emissions accounting standard,价值链排放核算标准,Scope 3 categories are GHG Protocol-specific category language.,Scope 3 类别是 GHG Protocol 特有的类别口径。,Scope 3 and Scope 3 category names are only used for GHG Protocol evidence.,Scope 3 及十五类类别口径只在 GHG Protocol 证据下使用。,explicit_series_citation,page_text_explicitly_names_whitelisted_series,corporate value chain\s*\(scope 3\),4,19 | 27,global-sustainability-report-2024-CITIGROUP.pdf,pdf_explicit_series_citation,pdf_page_backfill,"nt, which outlines our metric calculation methodologies. Where possible, emissions metrics are calculated consistent with relevant standards including the Greenhouse Gas Protocol, Corporate Value Chain (Scope 3) Standard and the Partnership for Carbon Accounting Financials (PCAF) Standard. Our Approach to Managing Climate Risk Our Risk Management function i…","nt, which outlines our metric calculation methodologies. Where possible, emissions metrics are calculated consistent with relevant standards including the Greenhouse Gas Protocol, Corporate Value Chain (Scope 3) Standard and the Partnership for Carbon Accounting Financials (PCAF) Standard. Our Approach to Managing Climate Risk Our Risk Management function i…",Accepted standard-company edge: source evidence explicitly names this GHG Protocol fine series.,可采信标准-企业关系：原文证据明确命名该 GHG Protocol 细分系列。
r048_homedepot,48,HOME DEPOT,家得宝,F,Wholesale and Retail Trade,批发和零售业,ghg_corporate_standard,GHG Protocol Corporate Accounting and Reporting Standard,GHG Protocol 企业核算与报告标准,Standard,标准,Corporate inventory accounting standard,企业组织层面清单核算标准,"Relevance, completeness, consistency, transparency, and accuracy.",相关性、完整性、一致性、透明性和准确性。,"Within GHG Protocol evidence, this may define Scope 1 and Scope 2 corporate inventory boundaries.",仅在 GHG Protocol 证据下使用 Scope 1/2 的组织层面清单口径。,explicit_series_citation,page_text_explicitly_names_whitelisted_series,corporate accounting and reporting standard,4,45,2024_ESG_Report_The_Home_Depot.pdf,pdf_explicit_series_citation,pdf_page_backfill,"gh distribution optimization. Lastly, we partner with our suppliers to drive more energy-efficient product innovation. 2023 Reported Emissions The Home Depot uses the GHG Protocol Corporate Accounting and Reporting Standard, which is considered the most widely adopted standard for calculating metric tons of greenhouse gas emissions. We continually review an…","gh distribution optimization. Lastly, we partner with our suppliers to drive more energy-efficient product innovation. 2023 Reported Emissions The Home Depot uses the GHG Protocol Corporate Accounting and Reporting Standard, which is considered the most widely adopted standard for calculating metric tons of greenhouse gas emissions. We continually review an…",Accepted standard-company edge: source evidence explicitly names this GHG Protocol fine series.,可采信标准-企业关系：原文证据明确命名该 GHG Protocol 细分系列。
r049_electricitédefrance,49,ELECTRICITÉ DE FRANCE,法国电力公司,I,"Information Transmission, Software and Information Technology Services",电力、热力、燃气及水生产和供应业,ghg_corporate_standard,GHG Protocol Corporate Accounting and Reporting Standard,GHG Protocol 企业核算与报告标准,Standard,标准,Corporate inventory accounting standard,企业组织层面清单核算标准,"Relevance, completeness, consistency, transparency, and accuracy.",相关性、完整性、一致性、透明性和准确性。,"Within GHG Protocol evidence, this may define Scope 1 and Scope 2 corporate inventory boundaries.",仅在 GHG Protocol 证据下使用 Scope 1/2 的组织层面清单口径。,explicit_series_citation,page_text_explicitly_names_whitelisted_series,"(?:ghg protocol|greenhouse gas protocol|wri|world resources institute|world business council)[\s\S]{0,160}corporate standard",5,674 | 193,edf-urd-annual-financial-report-2024-en-accessible.pdf,pdf_explicit_series_citation,pdf_page_backfill,"r reactor refuelling. Scopes 1, 2 and 3 Every year, EDF draws up a GHG report (for Scopes 1, 2 and 3) covering the Group, with the emissions calculated under the principles of the GHG Protocol Corporate Standard: ●Scope 1 covers the direct emissions generated by EDF’s assets: CO2, CH4 and N2O emissions by thermal power and heat generation plants, consumptio…","r reactor refuelling. Scopes 1, 2 and 3 Every year, EDF draws up a GHG report (for Scopes 1, 2 and 3) covering the Group, with the emissions calculated under the principles of the GHG Protocol Corporate Standard: ●Scope 1 covers the direct emissions generated by EDF’s assets: CO2, CH4 and N2O emissions by thermal power and heat generation plants, consumptio…",Accepted standard-company edge: source evidence explicitly names this GHG Protocol fine series.,可采信标准-企业关系：原文证据明确命名该 GHG Protocol 细分系列。
r050_marathonpetroleum,50,MARATHON PETROLEUM,马拉松原油公司,D,"Electricity, Heat, Gas and Water Production and Supply",电力、热力、燃气及水生产和供应业,ghg_corporate_standard,GHG Protocol Corporate Accounting and Reporting Standard,GHG Protocol 企业核算与报告标准,Standard,标准,Corporate inventory accounting standard,企业组织层面清单核算标准,"Relevance, completeness, consistency, transparency, and accuracy.",相关性、完整性、一致性、透明性和准确性。,"Within GHG Protocol evidence, this may define Scope 1 and Scope 2 corporate inventory boundaries.",仅在 GHG Protocol 证据下使用 Scope 1/2 的组织层面清单口径。,explicit_series_citation,page_text_explicitly_names_whitelisted_series,corporate accounting and reporting standard,4,56,2024_SustainabilityReport-MARATHON PETROLEUM.pdf,pdf_explicit_series_citation,pdf_page_backfill,"calculated per the EPA’s Mandatory Greenhouse Gas Reporting Program, the World Resources Institute / World Business Council for Sustainable Development Greenhouse Gas Protocol: A corporate accounting and reporting standard, revised edition, or the 2009 API Compendium of Greenhouse Gas Emissions Methodologies for the Oil and Natural Gas Industry. Global Warm…","calculated per the EPA’s Mandatory Greenhouse Gas Reporting Program, the World Resources Institute / World Business Council for Sustainable Development Greenhouse Gas Protocol: A corporate accounting and reporting standard, revised edition, or the 2009 API Compendium of Greenhouse Gas Emissions Methodologies for the Oil and Natural Gas Industry. Global Warm…",Accepted standard-company edge: source evidence explicitly names this GHG Protocol fine series.,可采信标准-企业关系：原文证据明确命名该 GHG Protocol 细分系列。
r060_walgreensbootsalliance,60,WALGREENS BOOTS ALLIANCE,沃博联,F,Wholesale and Retail Trade,批发和零售业,ghg_corporate_standard,GHG Protocol Corporate Accounting and Reporting Standard,GHG Protocol 企业核算与报告标准,Standard,标准,Corporate inventory accounting standard,企业组织层面清单核算标准,"Relevance, completeness, consistency, transparency, and accuracy.",相关性、完整性、一致性、透明性和准确性。,"Within GHG Protocol evidence, this may define Scope 1 and Scope 2 corporate inventory boundaries.",仅在 GHG Protocol 证据下使用 Scope 1/2 的组织层面清单口径。,explicit_series_citation,page_text_explicitly_names_whitelisted_series,corporate accounting and reporting standard,6,68,WALGREENS BOOTS ALLIANCE-Impact-Report-2024.pdf,seed_batch_02,medium,"Relevance|Completeness|Consistency|Transparency|Accuracy 相关性|完整性|一致性|透明性|准确性 ions for entities for which it has financial control, as defined by the Greenhouse Gas Protocol A Corporate Accounting and Reporting Standard, Revised Edition, published by the World Resources Institute/World Business Council for Sustainabl ions for entities for which it has financ…","Relevance|Completeness|Consistency|Transparency|Accuracy 相关性|完整性|一致性|透明性|准确性 ions for entities for which it has financial control, as defined by the Greenhouse Gas Protocol A Corporate Accounting and Reporting Standard, Revised Edition, published by the World Resources Institute/World Business Council for Sustainabl ions for entities for which it has financ…",Accepted standard-company edge: source evidence explicitly names this GHG Protocol fine series.,可采信标准-企业关系：原文证据明确命名该 GHG Protocol 细分系列。
r061_valeroenergy,61,VALERO ENERGY,瓦莱罗能源公司,D,"Electricity, Heat, Gas and Water Production and Supply",电力、热力、燃气及水生产和供应业,ghg_project_protocol,GHG Protocol Project Protocol,GHG Protocol 项目减排核算协议,Project protocol,项目协议,Project-level reduction accounting protocol,项目层减排核算协议,Project accounting and reductions; not a direct corporate inventory total.,项目减排核算口径，不直接等同于企业组织层总排放。,Use project or reduction-accounting language for non-inventory evidence.,项目证据使用项目减排口径，不直接改写成 Scope 口径。,explicit_series_citation,page_text_explicitly_names_whitelisted_series,project accounting,4,14 | 21,VALERO ENERGY-2024 ESG Report 0823 FINAL pages.pdf,pdf_explicit_series_citation,pdf_page_backfill,"f the consolidated entities that we operate. Scope 4: this calculation of avoided GHG emissions is used only in the 2050 Long-Term Ambition. It is informed by the GHG Protocol for Project Accounting and does not follow the LCA methodology. The calculation is based upon Valero's total production of, blending of and credits from ethanol, and sales of, blendin…","f the consolidated entities that we operate. Scope 4: this calculation of avoided GHG emissions is used only in the 2050 Long-Term Ambition. It is informed by the GHG Protocol for Project Accounting and does not follow the LCA methodology. The calculation is based upon Valero's total production of, blending of and credits from ethanol, and sales of, blendin…",Accepted standard-company edge: source evidence explicitly names this GHG Protocol fine series.,可采信标准-企业关系：原文证据明确命名该 GHG Protocol 细分系列。
r062_bancosantander,62,BANCO SANTANDER,西班牙国家银行,J,Finance,金融业,ghg_financial_industry_standard,Global GHG Accounting and Reporting Standard for the Financial Industry,金融行业全球温室气体核算与报告标准,Sector standard / guidance,行业标准/指南,Financial-industry financed-emissions methodology,金融行业投融资排放方法学,Measure financed emissions for loans and investments when explicitly cited.,原文明示时用于贷款和投资的投融资排放测算。,Use financed-emissions wording rather than corporate operational Scope totals.,使用投融资排放口径，不改写为企业运营 Scope 总量。,explicit_series_citation,page_text_explicitly_names_whitelisted_series,partnership for carbon accounting financials | \bpcaf\b,6,56 | 46,BANCO SANTANDER-estado-sostenibilidad-2024-es.pdf,pdf_explicit_series_citation,pdf_page_backfill,"Structured standard tag: GHG Protocol; Standard role: Accounting standard; Matched keywords: PCAF financed emissions methodology n el sector agrícola aún están en desarrollo. Ante la falta de una metodología, Santander Brasil, en colaboración con WayCarbon, estimó sus emisione","Structured standard tag: GHG Protocol; Standard role: Accounting standard; Matched keywords: PCAF financed emissions methodology n el sector agrícola aún están en desarrollo. Ante la falta de una metodología, Santander Brasil, en colaboración con WayCarbon, estimó sus emisione",Accepted standard-company edge: source evidence explicitly names this GHG Protocol fine series.,可采信标准-企业关系：原文证据明确命名该 GHG Protocol 细分系列。
r065_mitsubishi,65,MITSUBISHI,三菱商事株式会社,L,Leasing and Business Services,租赁和商务服务业,ghg_corporate_standard,GHG Protocol Corporate Accounting and Reporting Standard,GHG Protocol 企业核算与报告标准,Standard,标准,Corporate inventory accounting standard,企业组织层面清单核算标准,"Relevance, completeness, consistency, transparency, and accuracy.",相关性、完整性、一致性、透明性和准确性。,"Within GHG Protocol evidence, this may define Scope 1 and Scope 2 corporate inventory boundaries.",仅在 GHG Protocol 证据下使用 Scope 1/2 的组织层面清单口径。,explicit_series_citation,page_text_explicitly_names_whitelisted_series,corporate accounting and reporting standard,4,69 | 65,MITSUBISHI-ESG-2024.pdf,pdf_explicit_series_citation,pdf_page_backfill,"ns and trends. [Examples of guidelines used as reference] GX League ""Basic Guidelines for Disclosure and Evaluation of Climate-related Opportunities""（2023） WBCSD/WRI ""GHG Protocol Corporate Accounting and Reporting Standard"" (2019) WBCSD/Net Zero Initiative ""Guidance on Avoided Emissions: Helping business drive innovations and scale solutions towards Net Ze…","ns and trends. [Examples of guidelines used as reference] GX League ""Basic Guidelines for Disclosure and Evaluation of Climate-related Opportunities""（2023） WBCSD/WRI ""GHG Protocol Corporate Accounting and Reporting Standard"" (2019) WBCSD/Net Zero Initiative ""Guidance on Avoided Emissions: Helping business drive innovations and scale solutions towards Net Ze…",Accepted standard-company edge: source evidence explicitly names this GHG Protocol fine series.,可采信标准-企业关系：原文证据明确命名该 GHG Protocol 细分系列。
r067_hsbcholdings,67,HSBC HOLDINGS,汇丰银行控股公司,J,Finance,金融业,ghg_financial_industry_standard,Global GHG Accounting and Reporting Standard for the Financial Industry,金融行业全球温室气体核算与报告标准,Sector standard / guidance,行业标准/指南,Financial-industry financed-emissions methodology,金融行业投融资排放方法学,Measure financed emissions for loans and investments when explicitly cited.,原文明示时用于贷款和投资的投融资排放测算。,Use financed-emissions wording rather than corporate operational Scope totals.,使用投融资排放口径，不改写为企业运营 Scope 总量。,explicit_series_citation,page_text_explicitly_names_whitelisted_series,partnership for carbon accounting financials | \bpcaf\b,6,50 | 52 | 55,HSBC HOLDINGS-250219-annual-report-and-accounts-2024.pdf,pdf_explicit_series_citation,pdf_page_backfill,"ane and nitrous oxide, among others. These are reported as tonnes of CO2 equivalent (‘tCO2e’). To calculate annual on-balance sheet financed emissions, we follow guidance from the Partnership for Carbon Accounting Financials (‘PCAF’) standard. We use drawn balances as at 31 December in the year of analysis related to wholesale credit and lending, including …","ane and nitrous oxide, among others. These are reported as tonnes of CO2 equivalent (‘tCO2e’). To calculate annual on-balance sheet financed emissions, we follow guidance from the Partnership for Carbon Accounting Financials (‘PCAF’) standard. We use drawn balances as at 31 December in the year of analysis related to wholesale credit and lending, including …",Accepted standard-company edge: source evidence explicitly names this GHG Protocol fine series.,可采信标准-企业关系：原文证据明确命名该 GHG Protocol 细分系列。
r073_hyundaimotor,73,HYUNDAI MOTOR,现代汽车,C,Manufacturing,制造业,ghg_corporate_standard,GHG Protocol Corporate Accounting and Reporting Standard,GHG Protocol 企业核算与报告标准,Standard,标准,Corporate inventory accounting standard,企业组织层面清单核算标准,"Relevance, completeness, consistency, transparency, and accuracy.",相关性、完整性、一致性、透明性和准确性。,"Within GHG Protocol evidence, this may define Scope 1 and Scope 2 corporate inventory boundaries.",仅在 GHG Protocol 证据下使用 Scope 1/2 的组织层面清单口径。,explicit_series_citation,page_text_explicitly_names_whitelisted_series,corporate accounting and reporting standard,7,40 | 140,HYUNDAI MOTOR-hmc-2025-sustainability-report-en-v13.pdf,pdf_explicit_series_citation,pdf_page_backfill,"as a monetary incentive based on the achievement and assessment of these key indicators. Measurement Approach Classification Guideline Scope 1, 2 • The Greenhouse Gas Protocol: A Corporate Accounting and Reporting Standard(Revised Edition) • The Greenhouse Gas Protocol: Scope 2 Guidance Framework Act on Carbon Neutrality and Green Growth(Guidelines for Re…","as a monetary incentive based on the achievement and assessment of these key indicators. Measurement Approach Classification Guideline Scope 1, 2 • The Greenhouse Gas Protocol: A Corporate Accounting and Reporting Standard(Revised Edition) • The Greenhouse Gas Protocol: Scope 2 Guidance Framework Act on Carbon Neutrality and Green Growth(Guidelines for Re…",Accepted standard-company edge: source evidence explicitly names this GHG Protocol fine series.,可采信标准-企业关系：原文证据明确命名该 GHG Protocol 细分系列。
r073_hyundaimotor,73,HYUNDAI MOTOR,现代汽车,C,Manufacturing,制造业,ghg_scope2_guidance,GHG Protocol Scope 2 Guidance,GHG Protocol Scope 2 指南,Guidance,指南,Purchased electricity and energy method guidance,外购电力与能源口径指南,Location-based and market-based Scope 2 reporting are separated when cited.,原文显式引用时区分位置法与市场法 Scope 2 披露。,Scope 2 market-based and location-based language is treated as GHG-specific.,Scope 2 市场法/位置法术语只在 GHG Protocol 语境下使用。,explicit_series_citation,page_text_explicitly_names_whitelisted_series,scope 2 guidance,7,40 | 141,HYUNDAI MOTOR-hmc-2025-sustainability-report-en-v13.pdf,pdf_explicit_series_citation,pdf_page_backfill,"urement Approach Classification Guideline Scope 1, 2 • The Greenhouse Gas Protocol: A Corporate Accounting and Reporting Standard(Revised Edition) • The Greenhouse Gas Protocol: Scope 2 Guidance Framework Act on Carbon Neutrality and Green Growth(Guidelines for Reporting and Certification of GHG Emissions Trading Scheme) • IPCC Guidelines for National Gre…","urement Approach Classification Guideline Scope 1, 2 • The Greenhouse Gas Protocol: A Corporate Accounting and Reporting Standard(Revised Edition) • The Greenhouse Gas Protocol: Scope 2 Guidance Framework Act on Carbon Neutrality and Green Growth(Guidelines for Reporting and Certification of GHG Emissions Trading Scheme) • IPCC Guidelines for National Gre…",Accepted standard-company edge: source evidence explicitly names this GHG Protocol fine series.,可采信标准-企业关系：原文证据明确命名该 GHG Protocol 细分系列。
r073_hyundaimotor,73,HYUNDAI MOTOR,现代汽车,C,Manufacturing,制造业,ghg_scope3_standard,GHG Protocol Corporate Value Chain (Scope 3) Accounting and Reporting Standard,GHG Protocol 企业价值链（Scope 3）核算与报告标准,Standard,标准,Value-chain emissions accounting standard,价值链排放核算标准,Scope 3 categories are GHG Protocol-specific category language.,Scope 3 类别是 GHG Protocol 特有的类别口径。,Scope 3 and Scope 3 category names are only used for GHG Protocol evidence.,Scope 3 及十五类类别口径只在 GHG Protocol 证据下使用。,explicit_series_citation,page_text_explicitly_names_whitelisted_series,corporate value chain\s*\(scope 3\),4,142 | 40,HYUNDAI MOTOR-hmc-2025-sustainability-report-en-v13.pdf,pdf_explicit_series_citation,pdf_page_backfill,"ngagement covered Hyundai Motor Company’s domestic and overseas operations and activities, and specifically the following requirements: • Evaluating conformance with GHG Protocol, Corporate Value Chain (Scope 3) Accounting and Reporting Standard1) • Evaluating the accuracy and reliability of data and information for other indirect GHG emissions (Scope 3). 1…","ngagement covered Hyundai Motor Company’s domestic and overseas operations and activities, and specifically the following requirements: • Evaluating conformance with GHG Protocol, Corporate Value Chain (Scope 3) Accounting and Reporting Standard1) • Evaluating the accuracy and reliability of data and information for other indirect GHG emissions (Scope 3). 1…",Accepted standard-company edge: source evidence explicitly names this GHG Protocol fine series.,可采信标准-企业关系：原文证据明确命名该 GHG Protocol 细分系列。
r077_deutschetelekom,77,DEUTSCHE TELEKOM,德国电信,I,"Information Transmission, Software and Information Technology Services",信息传输、软件和信息技术服务业,ghg_scope2_guidance,GHG Protocol Scope 2 Guidance,GHG Protocol Scope 2 指南,Guidance,指南,Purchased electricity and energy method guidance,外购电力与能源口径指南,Location-based and market-based Scope 2 reporting are separated when cited.,原文显式引用时区分位置法与市场法 Scope 2 披露。,Scope 2 market-based and location-based language is treated as GHG-specific.,Scope 2 市场法/位置法术语只在 GHG Protocol 语境下使用。,explicit_series_citation,page_text_explicitly_names_whitelisted_series,scope 2 guidance,4,25 | 116,DEUTSCHE TELEKOM-cr_en_2022_dt_final.pdf,pdf_explicit_series_citation,pdf_page_backfill,"s for the Scope 2 emissions resulting from our electricity consumption. We differentiate between the market- based and location-based methods, thereby adhering to the GHG Protocol Scope 2 Guidance. Market- and location-based emissions are reported in CO₂ equivalents (CO₂e). This change was made in order to allow a transparent comparison between Scope 1 to 3…","s for the Scope 2 emissions resulting from our electricity consumption. We differentiate between the market- based and location-based methods, thereby adhering to the GHG Protocol Scope 2 Guidance. Market- and location-based emissions are reported in CO₂ equivalents (CO₂e). This change was made in order to allow a transparent comparison between Scope 1 to 3…",Accepted standard-company edge: source evidence explicitly names this GHG Protocol fine series.,可采信标准-企业关系：原文证据明确命名该 GHG Protocol 细分系列。
r082_allianz,82,ALLIANZ,安联保险集团,J,Finance,金融业,ghg_financial_industry_standard,Global GHG Accounting and Reporting Standard for the Financial Industry,金融行业全球温室气体核算与报告标准,Sector standard / guidance,行业标准/指南,Financial-industry financed-emissions methodology,金融行业投融资排放方法学,Measure financed emissions for loans and investments when explicitly cited.,原文明示时用于贷款和投资的投融资排放测算。,Use financed-emissions wording rather than corporate operational Scope totals.,使用投融资排放口径，不改写为企业运营 Scope 总量。,explicit_series_citation,page_text_explicitly_names_whitelisted_series,partnership for carbon accounting financials | \bpcaf\b,8,75 | 76 | 84 | 85,en-allianz-group-annual-report-2024.pdf,pdf_explicit_series_citation,pdf_page_backfill,"on targets in 2023. While we deem IAE as not mandatory under E1 of the ESRS, we have developed an entity-specific metric to report these emissions, based on the methodology of the Partnership for Carbon Accounting Financials (PCAF) Insurance-Associated Emissions Standard. We will continue to enhance our carbon footprint disclosures and scope coverage as met…","on targets in 2023. While we deem IAE as not mandatory under E1 of the ESRS, we have developed an entity-specific metric to report these emissions, based on the methodology of the Partnership for Carbon Accounting Financials (PCAF) Insurance-Associated Emissions Standard. We will continue to enhance our carbon footprint disclosures and scope coverage as met…",Accepted standard-company edge: source evidence explicitly names this GHG Protocol fine series.,可采信标准-企业关系：原文证据明确命名该 GHG Protocol 细分系列。
r090_target,90,TARGET,塔吉特公司,L,Leasing and Business Services,租赁和商务服务业,ghg_corporate_standard,GHG Protocol Corporate Accounting and Reporting Standard,GHG Protocol 企业核算与报告标准,Standard,标准,Corporate inventory accounting standard,企业组织层面清单核算标准,"Relevance, completeness, consistency, transparency, and accuracy.",相关性、完整性、一致性、透明性和准确性。,"Within GHG Protocol evidence, this may define Scope 1 and Scope 2 corporate inventory boundaries.",仅在 GHG Protocol 证据下使用 Scope 1/2 的组织层面清单口径。,explicit_series_citation,page_text_explicitly_names_whitelisted_series,"(?:ghg protocol|greenhouse gas protocol|wri|world resources institute|world business council)[\s\S]{0,160}corporate standard",4,6,TARGET-2024-Sustainability-and-Governance-Report-Appendix.pdf,pdf_explicit_series_citation,pdf_page_backfill,g Our Team Members Serving and Strengthening Communities Operating Ethically Responsible Supply Chains Climate 1 Target reports based on operational control method outlined in the GHG Protocol Corporate Standard. 2 Type of GHG emissions included in the intensity ratio: Direct (scope 1) and market-based indirect (scope 2) divided by the square footage of our…,g Our Team Members Serving and Strengthening Communities Operating Ethically Responsible Supply Chains Climate 1 Target reports based on operational control method outlined in the GHG Protocol Corporate Standard. 2 Type of GHG emissions included in the intensity ratio: Direct (scope 1) and market-based indirect (scope 2) divided by the square footage of our…,Accepted standard-company edge: source evidence explicitly names this GHG Protocol fine series.,可采信标准-企业关系：原文证据明确命名该 GHG Protocol 细分系列。
r096_nestlé,96,NESTLÉ,雀巢公司,C,Manufacturing,制造业,ghg_corporate_standard,GHG Protocol Corporate Accounting and Reporting Standard,GHG Protocol 企业核算与报告标准,Standard,标准,Corporate inventory accounting standard,企业组织层面清单核算标准,"Relevance, completeness, consistency, transparency, and accuracy.",相关性、完整性、一致性、透明性和准确性。,"Within GHG Protocol evidence, this may define Scope 1 and Scope 2 corporate inventory boundaries.",仅在 GHG Protocol 证据下使用 Scope 1/2 的组织层面清单口径。,explicit_series_citation,page_text_explicitly_names_whitelisted_series,"(?:ghg protocol|greenhouse gas protocol|wri|world resources institute|world business council)[\s\S]{0,160}corporate standard",6,21 | 109,NESTLÉ-non-financial-statement-2024.pdf,pdf_explicit_series_citation,pdf_page_backfill,"unting system (Greenhouse Gas Performance System (GPS)). GPS was developed internally for GHG accounting and reporting and the methodology governing the system is aligned with the GHG Protocol Corporate Standard. GPS uses activity data directly from Nestlé’s central data systems (e.g. purchasing data from SAP, packaging data from its packaging tracker) and …","unting system (Greenhouse Gas Performance System (GPS)). GPS was developed internally for GHG accounting and reporting and the methodology governing the system is aligned with the GHG Protocol Corporate Standard. GPS uses activity data directly from Nestlé’s central data systems (e.g. purchasing data from SAP, packaging data from its packaging tracker) and …",Accepted standard-company edge: source evidence explicitly names this GHG Protocol fine series.,可采信标准-企业关系：原文证据明确命名该 GHG Protocol 细分系列。
r096_nestlé,96,NESTLÉ,雀巢公司,C,Manufacturing,制造业,ghg_project_protocol,GHG Protocol Project Protocol,GHG Protocol 项目减排核算协议,Project protocol,项目协议,Project-level reduction accounting protocol,项目层减排核算协议,Project accounting and reductions; not a direct corporate inventory total.,项目减排核算口径，不直接等同于企业组织层总排放。,Use project or reduction-accounting language for non-inventory evidence.,项目证据使用项目减排口径，不直接改写成 Scope 口径。,explicit_series_citation,page_text_explicitly_names_whitelisted_series,project accounting,2,41,NESTLÉ-non-financial-statement-2024.pdf,pdf_explicit_series_citation,pdf_page_backfill,"nd Standards: – By following internationally recognized standards such as the Intergovernmental Panel on Climate Change (IPCC) and the World Resources Institute’s GHG Protocol for Project Accounting, accuracy, reproducibility and alignment with global reporting requirements is ensured. – For carbon credits, investments adhere to standards such as the VCS or…","nd Standards: – By following internationally recognized standards such as the Intergovernmental Panel on Climate Change (IPCC) and the World Resources Institute’s GHG Protocol for Project Accounting, accuracy, reproducibility and alignment with global reporting requirements is ensured. – For carbon credits, investments adhere to standards such as the VCS or…",Accepted standard-company edge: source evidence explicitly names this GHG Protocol fine series.,可采信标准-企业关系：原文证据明确命名该 GHG Protocol 细分系列。
r097_enel,97,ENEL,意大利国家电力公司,I,"Information Transmission, Software and Information Technology Services",电力、热力、燃气及水生产和供应业,ghg_corporate_standard,GHG Protocol Corporate Accounting and Reporting Standard,GHG Protocol 企业核算与报告标准,Standard,标准,Corporate inventory accounting standard,企业组织层面清单核算标准,"Relevance, completeness, consistency, transparency, and accuracy.",相关性、完整性、一致性、透明性和准确性。,"Within GHG Protocol evidence, this may define Scope 1 and Scope 2 corporate inventory boundaries.",仅在 GHG Protocol 证据下使用 Scope 1/2 的组织层面清单口径。,explicit_series_citation,page_text_explicitly_names_whitelisted_series,corporate accounting and reporting standard,6,131 | 145,ENEL-integrated-annual-report_2024.pdf,pdf_explicit_series_citation,pdf_page_backfill,"the field of application of the in- ventory. The audit was conducted according to Stand- ard ISO 14064-3 for the compliance of greenhouse gas (GHG) inventories with the WBCSD/WRI Corporate Accounting and Reporting Standard (GHG Protocol). ESRS E1-6 – Gross Scopes 1, 2, 3 and Total GHG emissions Greenhouse gas emission trends in 2024 GREENHOUSE GAS EMISSION …","the field of application of the in- ventory. The audit was conducted according to Stand- ard ISO 14064-3 for the compliance of greenhouse gas (GHG) inventories with the WBCSD/WRI Corporate Accounting and Reporting Standard (GHG Protocol). ESRS E1-6 – Gross Scopes 1, 2, 3 and Total GHG emissions Greenhouse gas emission trends in 2024 GREENHOUSE GAS EMISSION …",Accepted standard-company edge: source evidence explicitly names this GHG Protocol fine series.,可采信标准-企业关系：原文证据明确命名该 GHG Protocol 细分系列。
r098_eni,98,ENI,埃尼石油公司,D,"Electricity, Heat, Gas and Water Production and Supply",电力、热力、燃气及水生产和供应业,ghg_corporate_standard,GHG Protocol Corporate Accounting and Reporting Standard,GHG Protocol 企业核算与报告标准,Standard,标准,Corporate inventory accounting standard,企业组织层面清单核算标准,"Relevance, completeness, consistency, transparency, and accuracy.",相关性、完整性、一致性、透明性和准确性。,"Within GHG Protocol evidence, this may define Scope 1 and Scope 2 corporate inventory boundaries.",仅在 GHG Protocol 证据下使用 Scope 1/2 的组织层面清单口径。,explicit_series_citation,page_text_explicitly_names_whitelisted_series,corporate accounting and reporting standard,3,159 | 23,ENI-Annual-Report-2024.pdf,pdf_explicit_series_citation,pdf_page_backfill,"efined by the reporting required by CSRD-ESRS. For more details on the reconciliation of boundaries, please refer to the Metrics section. (51) WBCSD/WRI GHG Protocol Initiative, A Corporate Accounting and Reporting Standard. (52) Estimating petroleum industry value chain (Scope 3) greenhouse gas emissions. Overview of methodologies, IPIECA - 2016. its pathw…","efined by the reporting required by CSRD-ESRS. For more details on the reconciliation of boundaries, please refer to the Metrics section. (51) WBCSD/WRI GHG Protocol Initiative, A Corporate Accounting and Reporting Standard. (52) Estimating petroleum industry value chain (Scope 3) greenhouse gas emissions. Overview of methodologies, IPIECA - 2016. its pathw…",Accepted standard-company edge: source evidence explicitly names this GHG Protocol fine series.,可采信标准-企业关系：原文证据明确命名该 GHG Protocol 细分系列。
r098_eni,98,ENI,埃尼石油公司,D,"Electricity, Heat, Gas and Water Production and Supply",电力、热力、燃气及水生产和供应业,ghg_scope3_standard,GHG Protocol Corporate Value Chain (Scope 3) Accounting and Reporting Standard,GHG Protocol 企业价值链（Scope 3）核算与报告标准,Standard,标准,Value-chain emissions accounting standard,价值链排放核算标准,Scope 3 categories are GHG Protocol-specific category language.,Scope 3 类别是 GHG Protocol 特有的类别口径。,Scope 3 and Scope 3 category names are only used for GHG Protocol evidence.,Scope 3 及十五类类别口径只在 GHG Protocol 证据下使用。,explicit_series_citation,page_text_explicitly_names_whitelisted_series,corporate value chain\s*\(scope 3\),5,23 | 164 | 159,ENI-Annual-Report-2024.pdf,pdf_explicit_series_citation,pdf_page_backfill,"quity bases. Considering the update of the Global Warming Potential coefficients by the IPCC in 2024, the 2023 and 2022 data are reported accordingly. b) GHG Protocol Category 11- Corporate Value Chain (Scope 3) Standard. Estimated on the basis of the upstream production (Eni’s share) in line with IPIECA methodologies. (c) KPIs refer to 100% of the operated…","quity bases. Considering the update of the Global Warming Potential coefficients by the IPCC in 2024, the 2023 and 2022 data are reported accordingly. b) GHG Protocol Category 11- Corporate Value Chain (Scope 3) Standard. Estimated on the basis of the upstream production (Eni’s share) in line with IPIECA methodologies. (c) KPIs refer to 100% of the operated…",Accepted standard-company edge: source evidence explicitly names this GHG Protocol fine series.,可采信标准-企业关系：原文证据明确命名该 GHG Protocol 细分系列。
r101_eon,101,E.ON,意昂集团,D,"Electricity, Heat, Gas and Water Production and Supply",电力、热力、燃气及水生产和供应业,ghg_corporate_standard,GHG Protocol Corporate Accounting and Reporting Standard,GHG Protocol 企业核算与报告标准,Standard,标准,Corporate inventory accounting standard,企业组织层面清单核算标准,"Relevance, completeness, consistency, transparency, and accuracy.",相关性、完整性、一致性、透明性和准确性。,"Within GHG Protocol evidence, this may define Scope 1 and Scope 2 corporate inventory boundaries.",仅在 GHG Protocol 证据下使用 Scope 1/2 的组织层面清单口径。,explicit_series_citation,page_text_explicitly_names_whitelisted_series,corporate accounting and reporting standard,6,41 | 43,E.ON-GB24-gesamt-EN_final.pdf,pdf_explicit_series_citation,pdf_page_backfill,"energy- efficiency measures. Progress and Measures In line with ESRS E1 requirements, E.ON calculates its emissions using the globally recognized WRI/WBCSD Greenhouse Gas Protocol Corporate Accounting and Reporting Standard (“GHG Protocol”) for the now seven GHGs covered by the Kyoto Protocol: carbon dioxide (“CO2”), methane (“CH4”), nitrous oxide (“N2O”), …","energy- efficiency measures. Progress and Measures In line with ESRS E1 requirements, E.ON calculates its emissions using the globally recognized WRI/WBCSD Greenhouse Gas Protocol Corporate Accounting and Reporting Standard (“GHG Protocol”) for the now seven GHGs covered by the Kyoto Protocol: carbon dioxide (“CO2”), methane (“CH4”), nitrous oxide (“N2O”), …",Accepted standard-company edge: source evidence explicitly names this GHG Protocol fine series.,可采信标准-企业关系：原文证据明确命名该 GHG Protocol 细分系列。
r101_eon,101,E.ON,意昂集团,D,"Electricity, Heat, Gas and Water Production and Supply",电力、热力、燃气及水生产和供应业,ghg_scope3_standard,GHG Protocol Corporate Value Chain (Scope 3) Accounting and Reporting Standard,GHG Protocol 企业价值链（Scope 3）核算与报告标准,Standard,标准,Value-chain emissions accounting standard,价值链排放核算标准,Scope 3 categories are GHG Protocol-specific category language.,Scope 3 类别是 GHG Protocol 特有的类别口径。,Scope 3 and Scope 3 category names are only used for GHG Protocol evidence.,Scope 3 及十五类类别口径只在 GHG Protocol 证据下使用。,explicit_series_citation,page_text_explicitly_names_whitelisted_series,corporate value chain\s*\(scope 3\),6,41 | 43,E.ON-GB24-gesamt-EN_final.pdf,pdf_explicit_series_citation,pdf_page_backfill,"ch country’s residual generation mix. In most cases, this factor is significantly higher than the factor of the national generation mix. Alongside ESRS E1 requirements, we use the Corporate Value Chain (Scope 3) Accounting and Reporting Standard to calculate Scope 3 emissions. It defines 15 Scope 3 categories. E.ON conducts an analysis to identify the Scope…","ch country’s residual generation mix. In most cases, this factor is significantly higher than the factor of the national generation mix. Alongside ESRS E1 requirements, we use the Corporate Value Chain (Scope 3) Accounting and Reporting Standard to calculate Scope 3 emissions. It defines 15 Scope 3 categories. E.ON conducts an analysis to identify the Scope…",Accepted standard-company edge: source evidence explicitly names this GHG Protocol fine series.,可采信标准-企业关系：原文证据明确命名该 GHG Protocol 细分系列。
r105_boschgroup,105,BOSCH GROUP,博世集团,C,Manufacturing,制造业,ghg_corporate_standard,GHG Protocol Corporate Accounting and Reporting Standard,GHG Protocol 企业核算与报告标准,Standard,标准,Corporate inventory accounting standard,企业组织层面清单核算标准,"Relevance, completeness, consistency, transparency, and accuracy.",相关性、完整性、一致性、透明性和准确性。,"Within GHG Protocol evidence, this may define Scope 1 and Scope 2 corporate inventory boundaries.",仅在 GHG Protocol 证据下使用 Scope 1/2 的组织层面清单口径。,explicit_series_citation,page_text_explicitly_names_whitelisted_series,corporate accounting and reporting standard,6,8 | 17 | 29,bosch-sustainability-report-2024.pdf,pdf_explicit_series_citation,pdf_page_backfill,"the current annual report. Bosch also supports the United Nations Sustainable Development Goals (SDG). 3 Scopes 1, 2, and 3 are used in accordance with the Greenhouse Gas Protocol Corporate Accounting and Reporting Standard. For further details about the Bosch Group’s carbon neutrality (scope 1 & 2), see the “Environment | Climate action” section. Sustainab…","the current annual report. Bosch also supports the United Nations Sustainable Development Goals (SDG). 3 Scopes 1, 2, and 3 are used in accordance with the Greenhouse Gas Protocol Corporate Accounting and Reporting Standard. For further details about the Bosch Group’s carbon neutrality (scope 1 & 2), see the “Environment | Climate action” section. Sustainab…",Accepted standard-company edge: source evidence explicitly names this GHG Protocol fine series.,可采信标准-企业关系：原文证据明确命名该 GHG Protocol 细分系列。
r111_morganstanley,111,MORGAN STANLEY,摩根士丹利,J,Finance,金融业,ghg_corporate_standard,GHG Protocol Corporate Accounting and Reporting Standard,GHG Protocol 企业核算与报告标准,Standard,标准,Corporate inventory accounting standard,企业组织层面清单核算标准,"Relevance, completeness, consistency, transparency, and accuracy.",相关性、完整性、一致性、透明性和准确性。,"Within GHG Protocol evidence, this may define Scope 1 and Scope 2 corporate inventory boundaries.",仅在 GHG Protocol 证据下使用 Scope 1/2 的组织层面清单口径。,explicit_series_citation,page_text_explicitly_names_whitelisted_series,corporate accounting and reporting standard,8,47 | 89 | 90,Morgan_Stanley_2023_ESG_Report.pdf,seed_batch_03,medium,s to meet carbon neutrality do not align with the criteria required to reflect those purchases in our scope 2 market-based figure in accordance with the Greenhouse Gas Protocol: A Corporate Accounting and Reporting Standard ( for our purposes to meet carbon neutrality do not align with the criteria required to reflect those purchases in our scope 2 market-b…,s to meet carbon neutrality do not align with the criteria required to reflect those purchases in our scope 2 market-based figure in accordance with the Greenhouse Gas Protocol: A Corporate Accounting and Reporting Standard ( for our purposes to meet carbon neutrality do not align with the criteria required to reflect those purchases in our scope 2 market-b…,Accepted standard-company edge: source evidence explicitly names this GHG Protocol fine series.,可采信标准-企业关系：原文证据明确命名该 GHG Protocol 细分系列。
r111_morganstanley,111,MORGAN STANLEY,摩根士丹利,J,Finance,金融业,ghg_financial_industry_standard,Global GHG Accounting and Reporting Standard for the Financial Industry,金融行业全球温室气体核算与报告标准,Sector standard / guidance,行业标准/指南,Financial-industry financed-emissions methodology,金融行业投融资排放方法学,Measure financed emissions for loans and investments when explicitly cited.,原文明示时用于贷款和投资的投融资排放测算。,Use financed-emissions wording rather than corporate operational Scope totals.,使用投融资排放口径，不改写为企业运营 Scope 总量。,explicit_series_citation,page_text_explicitly_names_whitelisted_series,\bpcaf\b,8,56 | 57 | 82,Morgan_Stanley_2023_ESG_Report.pdf,pdf_explicit_series_citation,pdf_page_backfill,"ur 2030 targets are based on emissions intensity. However, we recognize that absolute emissions provide helpful additional context, and so we also report them, using guidance from PCAF. Absolute Financed Emissions (AFE) SECTOR (tCO2e) 2019 2020 2021 202237,38 Auto Manufacturing 38,101 16,298 4,120 95,039 (Scope 1 + 2) 1,591 410 80 1,164 (Scope 3) 36,510 15,…","ur 2030 targets are based on emissions intensity. However, we recognize that absolute emissions provide helpful additional context, and so we also report them, using guidance from PCAF. Absolute Financed Emissions (AFE) SECTOR (tCO2e) 2019 2020 2021 202237,38 Auto Manufacturing 38,101 16,298 4,120 95,039 (Scope 1 + 2) 1,591 410 80 1,164 (Scope 3) 36,510 15,…",Accepted standard-company edge: source evidence explicitly names this GHG Protocol fine series.,可采信标准-企业关系：原文证据明确命名该 GHG Protocol 细分系列。
r113_brookfield,113,BROOKFIELD,博枫公司,J,Finance,金融业,ghg_corporate_standard,GHG Protocol Corporate Accounting and Reporting Standard,GHG Protocol 企业核算与报告标准,Standard,标准,Corporate inventory accounting standard,企业组织层面清单核算标准,"Relevance, completeness, consistency, transparency, and accuracy.",相关性、完整性、一致性、透明性和准确性。,"Within GHG Protocol evidence, this may define Scope 1 and Scope 2 corporate inventory boundaries.",仅在 GHG Protocol 证据下使用 Scope 1/2 的组织层面清单口径。,explicit_series_citation,page_text_explicitly_names_whitelisted_series,corporate accounting and reporting standard,9,96 | 97 | 105,BROOKFIELD-BAM Ltd. 2024 Sustainability Report.pdf,pdf_explicit_series_citation,pdf_page_backfill,are included in the calculation. Base year: Key Performance Metrics. Our Direct (scope 1) GHG emissions are calculated following our internal methodology based on the GHG Protocol Corporate Accounting and Reporting Standard. Emissions from the combustion of natural gas and diesel are calculated by obtaining activity data on fuel consumption for facilities w…,are included in the calculation. Base year: Key Performance Metrics. Our Direct (scope 1) GHG emissions are calculated following our internal methodology based on the GHG Protocol Corporate Accounting and Reporting Standard. Emissions from the combustion of natural gas and diesel are calculated by obtaining activity data on fuel consumption for facilities w…,Accepted standard-company edge: source evidence explicitly names this GHG Protocol fine series.,可采信标准-企业关系：原文证据明确命名该 GHG Protocol 细分系列。
r113_brookfield,113,BROOKFIELD,博枫公司,J,Finance,金融业,ghg_financial_industry_standard,Global GHG Accounting and Reporting Standard for the Financial Industry,金融行业全球温室气体核算与报告标准,Sector standard / guidance,行业标准/指南,Financial-industry financed-emissions methodology,金融行业投融资排放方法学,Measure financed emissions for loans and investments when explicitly cited.,原文明示时用于贷款和投资的投融资排放测算。,Use financed-emissions wording rather than corporate operational Scope totals.,使用投融资排放口径，不改写为企业运营 Scope 总量。,explicit_series_citation,page_text_explicitly_names_whitelisted_series,\bpcaf\b | partnership for carbon accounting financials,3,105 | 62,BROOKFIELD-BAM Ltd. 2024 Sustainability Report.pdf,pdf_explicit_series_citation,pdf_page_backfill,ty include private credit and private equity investments. 6 2023 financed emissions were restated in 2024 to reflect improvements in data quality and availability. 7 Refers to the Partnership for Carbon Accounting Financials (PCAF): The Global GHG Accounting & Reporting Standard Part A: Financed Emissions and its related data quality guidance. Where availab…,ty include private credit and private equity investments. 6 2023 financed emissions were restated in 2024 to reflect improvements in data quality and availability. 7 Refers to the Partnership for Carbon Accounting Financials (PCAF): The Global GHG Accounting & Reporting Standard Part A: Financed Emissions and its related data quality guidance. Where availab…,Accepted standard-company edge: source evidence explicitly names this GHG Protocol fine series.,可采信标准-企业关系：原文证据明确命名该 GHG Protocol 细分系列。
r113_brookfield,113,BROOKFIELD,博枫公司,J,Finance,金融业,ghg_scope2_guidance,GHG Protocol Scope 2 Guidance,GHG Protocol Scope 2 指南,Guidance,指南,Purchased electricity and energy method guidance,外购电力与能源口径指南,Location-based and market-based Scope 2 reporting are separated when cited.,原文显式引用时区分位置法与市场法 Scope 2 披露。,Scope 2 market-based and location-based language is treated as GHG-specific.,Scope 2 市场法/位置法术语只在 GHG Protocol 语境下使用。,explicit_series_citation,page_text_explicitly_names_whitelisted_series,scope 2 guidance,3,97,BROOKFIELD-BAM Ltd. 2024 Sustainability Report.pdf,pdf_explicit_series_citation,pdf_page_backfill,"indirect (scope 2) GHG emissions are calculated following our internal methodology based on the (1) GHG Protocol Corporate Accounting and Reporting Standard and (2) GHG Protocol - scope 2 Guidance. This includes emissions from purchased electricity, heating, cooling and landlord paid heating in leased office space. Emissions from purchased electricity consu…","indirect (scope 2) GHG emissions are calculated following our internal methodology based on the (1) GHG Protocol Corporate Accounting and Reporting Standard and (2) GHG Protocol - scope 2 Guidance. This includes emissions from purchased electricity, heating, cooling and landlord paid heating in leased office space. Emissions from purchased electricity consu…",Accepted standard-company edge: source evidence explicitly names this GHG Protocol fine series.,可采信标准-企业关系：原文证据明确命名该 GHG Protocol 细分系列。
r113_brookfield,113,BROOKFIELD,博枫公司,J,Finance,金融业,ghg_scope3_calculation_guidance,GHG Protocol Scope 3 Calculation Guidance,GHG Protocol Scope 3 计算指南,Guidance,指南,Scope 3 inventory calculation guidance,Scope 3 清单计算指南,Companion calculation guidance for completing Scope 3 inventories.,配套计算指南，用于完成 Scope 3 清单。,Scope 3 categories are GHG-specific and only shown when the source uses that wording.,Scope 3 类别是 GHG 特有口径，仅在原文如此使用时展示。,explicit_series_citation,page_text_explicitly_names_whitelisted_series,technical guidance for calculating scope 3 emissions,3,97,BROOKFIELD-BAM Ltd. 2024 Sustainability Report.pdf,pdf_explicit_series_citation,pdf_page_backfill,"n the (1) GHG Protocol Corporate Accounting and Reporting Standard, (2) GHG Protocol - The Corporate Value Chain (scope 3) Accounting and Reporting Standard and (3) GHG Protocol - Technical Guidance for Calculating Scope 3 Emissions. Emissions from waste generated in Brookfield operations (scope 3 category 5) are calculated by obtaining the amount of waste …","n the (1) GHG Protocol Corporate Accounting and Reporting Standard, (2) GHG Protocol - The Corporate Value Chain (scope 3) Accounting and Reporting Standard and (3) GHG Protocol - Technical Guidance for Calculating Scope 3 Emissions. Emissions from waste generated in Brookfield operations (scope 3 category 5) are calculated by obtaining the amount of waste …",Accepted standard-company edge: source evidence explicitly names this GHG Protocol fine series.,可采信标准-企业关系：原文证据明确命名该 GHG Protocol 细分系列。
r113_brookfield,113,BROOKFIELD,博枫公司,J,Finance,金融业,ghg_scope3_standard,GHG Protocol Corporate Value Chain (Scope 3) Accounting and Reporting Standard,GHG Protocol 企业价值链（Scope 3）核算与报告标准,Standard,标准,Value-chain emissions accounting standard,价值链排放核算标准,Scope 3 categories are GHG Protocol-specific category language.,Scope 3 类别是 GHG Protocol 特有的类别口径。,Scope 3 and Scope 3 category names are only used for GHG Protocol evidence.,Scope 3 及十五类类别口径只在 GHG Protocol 证据下使用。,explicit_series_citation,page_text_explicitly_names_whitelisted_series,corporate value chain\s*\(scope 3\),4,97 | 105,BROOKFIELD-BAM Ltd. 2024 Sustainability Report.pdf,pdf_explicit_series_citation,pdf_page_backfill,"scope 3) GHG emissions are calculated following our internal methodology based on the (1) GHG Protocol Corporate Accounting and Reporting Standard, (2) GHG Protocol - The Corporate Value Chain (scope 3) Accounting and Reporting Standard and (3) GHG Protocol - Technical Guidance for Calculating Scope 3 Emissions. Emissions from waste generated in Brookfield …","scope 3) GHG emissions are calculated following our internal methodology based on the (1) GHG Protocol Corporate Accounting and Reporting Standard, (2) GHG Protocol - The Corporate Value Chain (scope 3) Accounting and Reporting Standard and (3) GHG Protocol - Technical Guidance for Calculating Scope 3 Emissions. Emissions from waste generated in Brookfield …",Accepted standard-company edge: source evidence explicitly names this GHG Protocol fine series.,可采信标准-企业关系：原文证据明确命名该 GHG Protocol 细分系列。
r114_royalaholddelhaize,114,ROYAL AHOLD DELHAIZE,皇家阿霍德德尔海兹集团,F,Wholesale and Retail Trade,批发和零售业,ghg_corporate_standard,GHG Protocol Corporate Accounting and Reporting Standard,GHG Protocol 企业核算与报告标准,Standard,标准,Corporate inventory accounting standard,企业组织层面清单核算标准,"Relevance, completeness, consistency, transparency, and accuracy.",相关性、完整性、一致性、透明性和准确性。,"Within GHG Protocol evidence, this may define Scope 1 and Scope 2 corporate inventory boundaries.",仅在 GHG Protocol 证据下使用 Scope 1/2 的组织层面清单口径。,explicit_series_citation,page_text_explicitly_names_whitelisted_series,corporate accounting and reporting standard,8,117 | 118 | 179,Ahold_Delhaize_Annual_Report_2024.pdf,pdf_explicit_series_citation,pdf_page_backfill,"ogy follows the guidelines of the World Business Council for Sustainable Development (WBCSD)/WRI and we report our GHG emissions data with reference to the Greenhouse Gas Protocol Corporate Accounting and Reporting Standard. Our methodology, estimates and judgments around the metrics used are included in Sustainability notes. Energy consumption and mix For …","ogy follows the guidelines of the World Business Council for Sustainable Development (WBCSD)/WRI and we report our GHG emissions data with reference to the Greenhouse Gas Protocol Corporate Accounting and Reporting Standard. Our methodology, estimates and judgments around the metrics used are included in Sustainability notes. Energy consumption and mix For …",Accepted standard-company edge: source evidence explicitly names this GHG Protocol fine series.,可采信标准-企业关系：原文证据明确命名该 GHG Protocol 细分系列。
r114_royalaholddelhaize,114,ROYAL AHOLD DELHAIZE,皇家阿霍德德尔海兹集团,F,Wholesale and Retail Trade,批发和零售业,ghg_scope2_guidance,GHG Protocol Scope 2 Guidance,GHG Protocol Scope 2 指南,Guidance,指南,Purchased electricity and energy method guidance,外购电力与能源口径指南,Location-based and market-based Scope 2 reporting are separated when cited.,原文显式引用时区分位置法与市场法 Scope 2 披露。,Scope 2 market-based and location-based language is treated as GHG-specific.,Scope 2 市场法/位置法术语只在 GHG Protocol 语境下使用。,explicit_series_citation,page_text_explicitly_names_whitelisted_series,scope 2 guidance,5,361 | 117,Ahold_Delhaize_Annual_Report_2024.pdf,pdf_explicit_series_citation,pdf_page_backfill,"bisexual, transgender, queer or questioning and others. These terms are used to describe a person’s sexual orientation or gender identity. Location-based approach The GHG Protocol Scope 2 Guidance (version 2015) defines the location-based approach as “a method that reflects the average emissions intensity of grids on which energy consumption occurs (using m…","bisexual, transgender, queer or questioning and others. These terms are used to describe a person’s sexual orientation or gender identity. Location-based approach The GHG Protocol Scope 2 Guidance (version 2015) defines the location-based approach as “a method that reflects the average emissions intensity of grids on which energy consumption occurs (using m…",Accepted standard-company edge: source evidence explicitly names this GHG Protocol fine series.,可采信标准-企业关系：原文证据明确命名该 GHG Protocol 细分系列。
r114_royalaholddelhaize,114,ROYAL AHOLD DELHAIZE,皇家阿霍德德尔海兹集团,F,Wholesale and Retail Trade,批发和零售业,ghg_scope3_standard,GHG Protocol Corporate Value Chain (Scope 3) Accounting and Reporting Standard,GHG Protocol 企业价值链（Scope 3）核算与报告标准,Standard,标准,Value-chain emissions accounting standard,价值链排放核算标准,Scope 3 categories are GHG Protocol-specific category language.,Scope 3 类别是 GHG Protocol 特有的类别口径。,Scope 3 and Scope 3 category names are only used for GHG Protocol evidence.,Scope 3 及十五类类别口径只在 GHG Protocol 证据下使用。,explicit_series_citation,page_text_explicitly_names_whitelisted_series,corporate value chain\s*\(scope 3\),6,180 | 117 | 118,Ahold_Delhaize_Annual_Report_2024.pdf,pdf_explicit_series_citation,pdf_page_backfill,"ur carbon footprint methodology follows the guidelines of the WBCSD/WRI and we report our scope 3 GHG emissions with reference to the latest version of the Greenhouse Gas Protocol Corporate Value Chain (scope 3) Accounting and Reporting Standard (version 2011). To calculate carbon-equivalent emissions, we use emission factors. GHG emissions data consists of…","ur carbon footprint methodology follows the guidelines of the WBCSD/WRI and we report our scope 3 GHG emissions with reference to the latest version of the Greenhouse Gas Protocol Corporate Value Chain (scope 3) Accounting and Reporting Standard (version 2011). To calculate carbon-equivalent emissions, we use emission factors. GHG emissions data consists of…",Accepted standard-company edge: source evidence explicitly names this GHG Protocol fine series.,可采信标准-企业关系：原文证据明确命名该 GHG Protocol 细分系列。
r117_adm公司,117,ADM,ADM,C,Manufacturing,制造业,ghg_scope3_standard,GHG Protocol Corporate Value Chain (Scope 3) Accounting and Reporting Standard,GHG Protocol 企业价值链（Scope 3）核算与报告标准,Standard,标准,Value-chain emissions accounting standard,价值链排放核算标准,Scope 3 categories are GHG Protocol-specific category language.,Scope 3 类别是 GHG Protocol 特有的类别口径。,Scope 3 and Scope 3 category names are only used for GHG Protocol evidence.,Scope 3 及十五类类别口径只在 GHG Protocol 证据下使用。,explicit_series_citation,page_text_explicitly_names_whitelisted_series,corporate value chain\s*\(scope 3\),2,25,final_archer-daniels-midland-adm_2023-corporate-sustainability-report.pdf,seed_batch_03,medium,"3 to December 31, 2023 Criteria against which verification conducted: ‘+ The Climate Registry General Reporting Protocol (Scope 1 and Scope 2) * _WRIMWBCSD Greenhouse Gas Protocol Corporate Value Chain (Scope 3) A market-based Auto-verified from page 50; value 3,750,000 tCO2e. final_archer-daniels-midland-adm_2023-corporate-sustainability-report.pdf","3 to December 31, 2023 Criteria against which verification conducted: ‘+ The Climate Registry General Reporting Protocol (Scope 1 and Scope 2) * _WRIMWBCSD Greenhouse Gas Protocol Corporate Value Chain (Scope 3) A market-based Auto-verified from page 50; value 3,750,000 tCO2e. final_archer-daniels-midland-adm_2023-corporate-sustainability-report.pdf",Accepted standard-company edge: source evidence explicitly names this GHG Protocol fine series.,可采信标准-企业关系：原文证据明确命名该 GHG Protocol 细分系列。
r121_mitsui,121,MITSUI,三井物产株式会社,L,Leasing and Business Services,租赁和商务服务业,ghg_financial_industry_standard,Global GHG Accounting and Reporting Standard for the Financial Industry,金融行业全球温室气体核算与报告标准,Sector standard / guidance,行业标准/指南,Financial-industry financed-emissions methodology,金融行业投融资排放方法学,Measure financed emissions for loans and investments when explicitly cited.,原文明示时用于贷款和投资的投融资排放测算。,Use financed-emissions wording rather than corporate operational Scope totals.,使用投融资排放口径，不改写为企业运营 Scope 总量。,explicit_series_citation,page_text_explicitly_names_whitelisted_series,\bpcaf\b,6,90 | 127 | 128,SUMITOMO MITSUI FINANCIAL GROUP sustainability_report_e_2025.pdf,pdf_explicit_series_citation,pdf_page_backfill,"ng progress. ⚫ Calculates GHG emissions in the power and oil & gas sectors for underwriting, which is the core business of securities business. ⚫ Based on the final version of the PCAF guidelines, the calculation method has been advanced. ⚫Appendix: Methodology for calculating Underwriting Financed Emissions ⚫Sumitomo Mitsui DS Asset Management website > In…","ng progress. ⚫ Calculates GHG emissions in the power and oil & gas sectors for underwriting, which is the core business of securities business. ⚫ Based on the final version of the PCAF guidelines, the calculation method has been advanced. ⚫Appendix: Methodology for calculating Underwriting Financed Emissions ⚫Sumitomo Mitsui DS Asset Management website > In…",Accepted standard-company edge: source evidence explicitly names this GHG Protocol fine series.,可采信标准-企业关系：原文证据明确命名该 GHG Protocol 细分系列。
r124_unitedparcelservice,124,UNITED PARCEL SERVICE,联合包裹速递服务公司,G,"Transport, Storage and Post",交通运输、仓储和邮政业,ghg_corporate_standard,GHG Protocol Corporate Accounting and Reporting Standard,GHG Protocol 企业核算与报告标准,Standard,标准,Corporate inventory accounting standard,企业组织层面清单核算标准,"Relevance, completeness, consistency, transparency, and accuracy.",相关性、完整性、一致性、透明性和准确性。,"Within GHG Protocol evidence, this may define Scope 1 and Scope 2 corporate inventory boundaries.",仅在 GHG Protocol 证据下使用 Scope 1/2 的组织层面清单口径。,explicit_series_citation,page_text_explicitly_names_whitelisted_series,corporate accounting and reporting standard,8,10 | 49,2024-UPS-GRI-Report.pdf,pdf_explicit_series_citation,pdf_page_backfill,GHG emissions information is prepared in accordance with the World Resources Institute (WRI)/World Business Council for Sustainable Development (WBCSD) Greenhouse Gas Protocol: A Corporate Accounting and Reporting Standard (Revised Edition). Scope 3 GHG emissions information is prepared in accordance with the WRI/WBCSD Greenhouse Gas Protocol: Corporate Val…,GHG emissions information is prepared in accordance with the World Resources Institute (WRI)/World Business Council for Sustainable Development (WBCSD) Greenhouse Gas Protocol: A Corporate Accounting and Reporting Standard (Revised Edition). Scope 3 GHG emissions information is prepared in accordance with the WRI/WBCSD Greenhouse Gas Protocol: Corporate Val…,Accepted standard-company edge: source evidence explicitly names this GHG Protocol fine series.,可采信标准-企业关系：原文证据明确命名该 GHG Protocol 细分系列。
r124_unitedparcelservice,124,UNITED PARCEL SERVICE,联合包裹速递服务公司,G,"Transport, Storage and Post",交通运输、仓储和邮政业,ghg_scope3_standard,GHG Protocol Corporate Value Chain (Scope 3) Accounting and Reporting Standard,GHG Protocol 企业价值链（Scope 3）核算与报告标准,Standard,标准,Value-chain emissions accounting standard,价值链排放核算标准,Scope 3 categories are GHG Protocol-specific category language.,Scope 3 类别是 GHG Protocol 特有的类别口径。,Scope 3 and Scope 3 category names are only used for GHG Protocol evidence.,Scope 3 及十五类类别口径只在 GHG Protocol 证据下使用。,explicit_series_citation,page_text_explicitly_names_whitelisted_series,corporate value chain\s*\(scope 3\),6,10 | 49,2024-UPS-GRI-Report.pdf,pdf_explicit_series_citation,pdf_page_backfill,"Protocol: A Corporate Accounting and Reporting Standard (Revised Edition). Scope 3 GHG emissions information is prepared in accordance with the WRI/WBCSD Greenhouse Gas Protocol: Corporate Value Chain (Scope 3), Accounting and Reporting Standard. Collectively, the Corporate Accounting and Reporting Standard (Revised Edition) and the Corporate Value Chain (S…","Protocol: A Corporate Accounting and Reporting Standard (Revised Edition). Scope 3 GHG emissions information is prepared in accordance with the WRI/WBCSD Greenhouse Gas Protocol: Corporate Value Chain (Scope 3), Accounting and Reporting Standard. Collectively, the Corporate Accounting and Reporting Standard (Revised Edition) and the Corporate Value Chain (S…",Accepted standard-company edge: source evidence explicitly names this GHG Protocol fine series.,可采信标准-企业关系：原文证据明确命名该 GHG Protocol 细分系列。
r126_axa,126,AXA,安盛,J,Finance,金融业,ghg_financial_industry_standard,Global GHG Accounting and Reporting Standard for the Financial Industry,金融行业全球温室气体核算与报告标准,Sector standard / guidance,行业标准/指南,Financial-industry financed-emissions methodology,金融行业投融资排放方法学,Measure financed emissions for loans and investments when explicitly cited.,原文明示时用于贷款和投资的投融资排放测算。,Use financed-emissions wording rather than corporate operational Scope totals.,使用投融资排放口径，不改写为企业运营 Scope 总量。,explicit_series_citation,page_text_explicitly_names_whitelisted_series,\bpcaf\b,4,162 | 229,axa_urd2024_accessible_va.pdf,pdf_explicit_series_citation,pdf_page_backfill,"ogies, protocols, and frameworks at the time of the target setting development in 2022 and 2023: ● ● ● ● Methodology for associating insured emissions to insurers developed by the PCAF, namely the PCAF Standard Part C (2) published in 2023 which outlines the Insurance‑Associated Emissions (""IAE"") methodologies for most, but not all, Commercial lines of busi…","ogies, protocols, and frameworks at the time of the target setting development in 2022 and 2023: ● ● ● ● Methodology for associating insured emissions to insurers developed by the PCAF, namely the PCAF Standard Part C (2) published in 2023 which outlines the Insurance‑Associated Emissions (""IAE"") methodologies for most, but not all, Commercial lines of busi…",Accepted standard-company edge: source evidence explicitly names this GHG Protocol fine series.,可采信标准-企业关系：原文证据明确命名该 GHG Protocol 细分系列。
r126_axa,126,AXA,安盛,J,Finance,金融业,ghg_scope2_guidance,GHG Protocol Scope 2 Guidance,GHG Protocol Scope 2 指南,Guidance,指南,Purchased electricity and energy method guidance,外购电力与能源口径指南,Location-based and market-based Scope 2 reporting are separated when cited.,原文显式引用时区分位置法与市场法 Scope 2 披露。,Scope 2 market-based and location-based language is treated as GHG-specific.,Scope 2 市场法/位置法术语只在 GHG Protocol 语境下使用。,explicit_series_citation,page_text_explicitly_names_whitelisted_series,scope 2 guidance,5,234 | 152,axa_urd2024_accessible_va.pdf,pdf_explicit_series_citation,pdf_page_backfill,"(category 12) and franchise (category 14) are inapplicable to AXA's operations. Calculation methodology AXA's calculation methodology applies GHG protocol, namely the GHG Protocol Scope 2 Guidance and the GHG Protocol Corporate Value Chain. In respect of Scope 3 emissions, the methodology does not take into account any removals, purchases, sales or transfer…","(category 12) and franchise (category 14) are inapplicable to AXA's operations. Calculation methodology AXA's calculation methodology applies GHG protocol, namely the GHG Protocol Scope 2 Guidance and the GHG Protocol Corporate Value Chain. In respect of Scope 3 emissions, the methodology does not take into account any removals, purchases, sales or transfer…",Accepted standard-company edge: source evidence explicitly names this GHG Protocol fine series.,可采信标准-企业关系：原文证据明确命名该 GHG Protocol 细分系列。
r126_axa,126,AXA,安盛,J,Finance,金融业,ghg_scope3_standard,GHG Protocol Corporate Value Chain (Scope 3) Accounting and Reporting Standard,GHG Protocol 企业价值链（Scope 3）核算与报告标准,Standard,标准,Value-chain emissions accounting standard,价值链排放核算标准,Scope 3 categories are GHG Protocol-specific category language.,Scope 3 类别是 GHG Protocol 特有的类别口径。,Scope 3 and Scope 3 category names are only used for GHG Protocol evidence.,Scope 3 及十五类类别口径只在 GHG Protocol 证据下使用。,explicit_series_citation,page_text_explicitly_names_whitelisted_series,corporate value chain.*scope 3,6,234 | 152,axa_urd2024_accessible_va.pdf,pdf_explicit_series_citation,pdf_page_backfill,"14) are inapplicable to AXA's operations. Calculation methodology AXA's calculation methodology applies GHG protocol, namely the GHG Protocol Scope 2 Guidance and the GHG Protocol Corporate Value Chain. In respect of Scope 3 emissions, the methodology does not take into account any removals, purchases, sales or transfers of carbon credits or GHG allowances.…","14) are inapplicable to AXA's operations. Calculation methodology AXA's calculation methodology applies GHG protocol, namely the GHG Protocol Scope 2 Guidance and the GHG Protocol Corporate Value Chain. In respect of Scope 3 emissions, the methodology does not take into account any removals, purchases, sales or transfers of carbon credits or GHG allowances.…",Accepted standard-company edge: source evidence explicitly names this GHG Protocol fine series.,可采信标准-企业关系：原文证据明确命名该 GHG Protocol 细分系列。
r130_engie集团,130,Engie,Engie,D,"Electricity, Heat, Gas and Water Production and Supply",电力、热力、燃气及水生产和供应业,ghg_corporate_standard,GHG Protocol Corporate Accounting and Reporting Standard,GHG Protocol 企业核算与报告标准,Standard,标准,Corporate inventory accounting standard,企业组织层面清单核算标准,"Relevance, completeness, consistency, transparency, and accuracy.",相关性、完整性、一致性、透明性和准确性。,"Within GHG Protocol evidence, this may define Scope 1 and Scope 2 corporate inventory boundaries.",仅在 GHG Protocol 证据下使用 Scope 1/2 的组织层面清单口径。,explicit_series_citation,page_text_explicitly_names_whitelisted_series,"(?:ghg protocol|greenhouse gas protocol|wri|world resources institute|world business council)[\s\S]{0,160}corporate standard",12,112 | 119 | 120 | 513,ENGIE_DEU_2024_US__PDF_MEL_v3.pdf,pdf_explicit_series_citation,pdf_page_backfill,"ogy used to calculate the Group’s total GHG emissions [AR 39a] The Group's GHG emissions calculation (Scopes 1, 2 and 3) relies on the principles, requirements and guidance of the GHG Protocol Corporate Standards (2004 version) and ISO 14064 (supplemented by ISO 14069). [AR 39b] The key assumptions and methodologies used to perform the Group’s GHG emissions…","ogy used to calculate the Group’s total GHG emissions [AR 39a] The Group's GHG emissions calculation (Scopes 1, 2 and 3) relies on the principles, requirements and guidance of the GHG Protocol Corporate Standards (2004 version) and ISO 14064 (supplemented by ISO 14069). [AR 39b] The key assumptions and methodologies used to perform the Group’s GHG emissions…",Accepted standard-company edge: source evidence explicitly names this GHG Protocol fine series.,可采信标准-企业关系：原文证据明确命名该 GHG Protocol 细分系列。
r130_engie集团,130,Engie,Engie,D,"Electricity, Heat, Gas and Water Production and Supply",电力、热力、燃气及水生产和供应业,ghg_scope2_guidance,GHG Protocol Scope 2 Guidance,GHG Protocol Scope 2 指南,Guidance,指南,Purchased electricity and energy method guidance,外购电力与能源口径指南,Location-based and market-based Scope 2 reporting are separated when cited.,原文显式引用时区分位置法与市场法 Scope 2 披露。,Scope 2 market-based and location-based language is treated as GHG-specific.,Scope 2 市场法/位置法术语只在 GHG Protocol 语境下使用。,explicit_series_citation,page_text_explicitly_names_whitelisted_series,scope 2 guidance,7,120 | 112,ENGIE_DEU_2024_US__PDF_MEL_v3.pdf,pdf_explicit_series_citation,pdf_page_backfill,"4 (see Section 3.1.7). [AR 45] For the assessment of Scope 2 GHG emissions, the Group: • applies the principles, requirements and guidance of the GHG Protocol Corporate Standards (Scope 2 guidance document, 2015 version); • includes purchases of electricity, steam, heat and cooling; • excludes from Scope 2 any emissions reported in Scopes 1 and 3 to avoid d…","4 (see Section 3.1.7). [AR 45] For the assessment of Scope 2 GHG emissions, the Group: • applies the principles, requirements and guidance of the GHG Protocol Corporate Standards (Scope 2 guidance document, 2015 version); • includes purchases of electricity, steam, heat and cooling; • excludes from Scope 2 any emissions reported in Scopes 1 and 3 to avoid d…",Accepted standard-company edge: source evidence explicitly names this GHG Protocol fine series.,可采信标准-企业关系：原文证据明确命名该 GHG Protocol 细分系列。
r130_engie集团,130,Engie,Engie,D,"Electricity, Heat, Gas and Water Production and Supply",电力、热力、燃气及水生产和供应业,ghg_scope3_standard,GHG Protocol Corporate Value Chain (Scope 3) Accounting and Reporting Standard,GHG Protocol 企业价值链（Scope 3）核算与报告标准,Standard,标准,Value-chain emissions accounting standard,价值链排放核算标准,Scope 3 categories are GHG Protocol-specific category language.,Scope 3 类别是 GHG Protocol 特有的类别口径。,Scope 3 and Scope 3 category names are only used for GHG Protocol evidence.,Scope 3 及十五类类别口径只在 GHG Protocol 证据下使用。,explicit_series_citation,page_text_explicitly_names_whitelisted_series,corporate value chain\s*\(scope 3\),6,112 | 120,ENGIE_DEU_2024_US__PDF_MEL_v3.pdf,pdf_explicit_series_citation,pdf_page_backfill,"lation of Scope 2 GHG emissions. Scope 3 [AR 46] For the assessment of Scope 3 GHG emissions, the Group: • draws on the principles, requirements and guidelines of the GHG Protocol Corporate Value Chain (Scope 3) (Version 2011) and breaks down its total Scope 3 emissions into the 15 categories defined by the GHG Protocol; • performs an annual reassessment of…","lation of Scope 2 GHG emissions. Scope 3 [AR 46] For the assessment of Scope 3 GHG emissions, the Group: • draws on the principles, requirements and guidelines of the GHG Protocol Corporate Value Chain (Scope 3) (Version 2011) and breaks down its total Scope 3 emissions into the 15 categories defined by the GHG Protocol; • performs an annual reassessment of…",Accepted standard-company edge: source evidence explicitly names this GHG Protocol fine series.,可采信标准-企业关系：原文证据明确命名该 GHG Protocol 细分系列。
r131_waltdisney,131,WALT DISNEY,华特迪士尼公司,R,"Culture, Sports and Entertainment",文化、体育和娱乐业,ghg_corporate_standard,GHG Protocol Corporate Accounting and Reporting Standard,GHG Protocol 企业核算与报告标准,Standard,标准,Corporate inventory accounting standard,企业组织层面清单核算标准,"Relevance, completeness, consistency, transparency, and accuracy.",相关性、完整性、一致性、透明性和准确性。,"Within GHG Protocol evidence, this may define Scope 1 and Scope 2 corporate inventory boundaries.",仅在 GHG Protocol 证据下使用 Scope 1/2 的组织层面清单口径。,explicit_series_citation,page_text_explicitly_names_whitelisted_series,corporate accounting and reporting standard,6,23 | 34,华特迪士尼公司-2024-SSI-Report.pdf,pdf_explicit_series_citation,pdf_page_backfill,"Gs are measured and calculated according to the principles in the World Resources Institute and the World Business Council for Sustainable Development Greenhouse Gas Protocolʼs “A Corporate Accounting and Reporting Standard, 2004 Revised Edition” (GHG Protocol). 4. The boundary for Disneyʼs GHG emissions reporting includes owned and operated assets (such as…","Gs are measured and calculated according to the principles in the World Resources Institute and the World Business Council for Sustainable Development Greenhouse Gas Protocolʼs “A Corporate Accounting and Reporting Standard, 2004 Revised Edition” (GHG Protocol). 4. The boundary for Disneyʼs GHG emissions reporting includes owned and operated assets (such as…",Accepted standard-company edge: source evidence explicitly names this GHG Protocol fine series.,可采信标准-企业关系：原文证据明确命名该 GHG Protocol 细分系列。
r132_orlen,132,ORLEN,波兰国营石油公司,D,"Electricity, Heat, Gas and Water Production and Supply",电力、热力、燃气及水生产和供应业,ghg_corporate_standard,GHG Protocol Corporate Accounting and Reporting Standard,GHG Protocol 企业核算与报告标准,Standard,标准,Corporate inventory accounting standard,企业组织层面清单核算标准,"Relevance, completeness, consistency, transparency, and accuracy.",相关性、完整性、一致性、透明性和准确性。,"Within GHG Protocol evidence, this may define Scope 1 and Scope 2 corporate inventory boundaries.",仅在 GHG Protocol 证据下使用 Scope 1/2 的组织层面清单口径。,explicit_series_citation,page_text_explicitly_names_whitelisted_series,corporate accounting and reporting standard,8,119 | 162,Management Board on the Operations of ORLEN Group 2024.pdf.coredownload.pdf,seed_batch_04,medium,"cor- dance with the guidelines of the Greenhouse Gas (GHG) Protocol: • World Resources Institute and World Business Council for Sustainable Development, Greenhouse Gas Protocol. A Corporate Accounting and Reporting Standard REVISED EDITION (Scope 1); market-based Auto-verified from page 161; value 2,510,119 tCO2e. Management Board on the Operations of ORLEN…","cor- dance with the guidelines of the Greenhouse Gas (GHG) Protocol: • World Resources Institute and World Business Council for Sustainable Development, Greenhouse Gas Protocol. A Corporate Accounting and Reporting Standard REVISED EDITION (Scope 1); market-based Auto-verified from page 161; value 2,510,119 tCO2e. Management Board on the Operations of ORLEN…",Accepted standard-company edge: source evidence explicitly names this GHG Protocol fine series.,可采信标准-企业关系：原文证据明确命名该 GHG Protocol 细分系列。
r132_orlen,132,ORLEN,波兰国营石油公司,D,"Electricity, Heat, Gas and Water Production and Supply",电力、热力、燃气及水生产和供应业,ghg_scope2_guidance,GHG Protocol Scope 2 Guidance,GHG Protocol Scope 2 指南,Guidance,指南,Purchased electricity and energy method guidance,外购电力与能源口径指南,Location-based and market-based Scope 2 reporting are separated when cited.,原文显式引用时区分位置法与市场法 Scope 2 披露。,Scope 2 market-based and location-based language is treated as GHG-specific.,Scope 2 市场法/位置法术语只在 GHG Protocol 语境下使用。,explicit_series_citation,page_text_explicitly_names_whitelisted_series,scope 2 guidance,7,162 | 119,Management Board on the Operations of ORLEN Group 2024.pdf.coredownload.pdf,pdf_explicit_series_citation,pdf_page_backfill,"ORLEN Group and ORLEN S.A. in 2024. Translation from the original Polish version. • World Resources Institute and World Business Council for Sustainable Development, GHG Protocol Scope 2 Guidance. An amendment to the GHG Protocol Corporate Standard (Scope 2); • World Resources Institute and World Business Council for Sustainable Development, Greenhouse Gas …","ORLEN Group and ORLEN S.A. in 2024. Translation from the original Polish version. • World Resources Institute and World Business Council for Sustainable Development, GHG Protocol Scope 2 Guidance. An amendment to the GHG Protocol Corporate Standard (Scope 2); • World Resources Institute and World Business Council for Sustainable Development, Greenhouse Gas …",Accepted standard-company edge: source evidence explicitly names this GHG Protocol fine series.,可采信标准-企业关系：原文证据明确命名该 GHG Protocol 细分系列。
r132_orlen,132,ORLEN,波兰国营石油公司,D,"Electricity, Heat, Gas and Water Production and Supply",电力、热力、燃气及水生产和供应业,ghg_scope3_standard,GHG Protocol Corporate Value Chain (Scope 3) Accounting and Reporting Standard,GHG Protocol 企业价值链（Scope 3）核算与报告标准,Standard,标准,Value-chain emissions accounting standard,价值链排放核算标准,Scope 3 categories are GHG Protocol-specific category language.,Scope 3 类别是 GHG Protocol 特有的类别口径。,Scope 3 and Scope 3 category names are only used for GHG Protocol evidence.,Scope 3 及十五类类别口径只在 GHG Protocol 证据下使用。,explicit_series_citation,page_text_explicitly_names_whitelisted_series,corporate value chain\s*\(scope 3\),9,162 | 119 | 161,Management Board on the Operations of ORLEN Group 2024.pdf.coredownload.pdf,pdf_explicit_series_citation,pdf_page_backfill,"nt to the GHG Protocol Corporate Standard (Scope 2); • World Resources Institute and World Business Council for Sustainable Development, Greenhouse Gas Protocol. Corporate Value Chain (Scope 3) Accounting and Reporting Standard. Supplement to the GHG Protocol Corporate Accounting and Reporting Standard (Scope 3). Additionally, the following industry-specifi…","nt to the GHG Protocol Corporate Standard (Scope 2); • World Resources Institute and World Business Council for Sustainable Development, Greenhouse Gas Protocol. Corporate Value Chain (Scope 3) Accounting and Reporting Standard. Supplement to the GHG Protocol Corporate Accounting and Reporting Standard (Scope 3). Additionally, the following industry-specifi…",Accepted standard-company edge: source evidence explicitly names this GHG Protocol fine series.,可采信标准-企业关系：原文证据明确命名该 GHG Protocol 细分系列。
r136_nissanmotor,136,NISSAN MOTOR,日产汽车,C,Manufacturing,制造业,ghg_scope3_standard,GHG Protocol Corporate Value Chain (Scope 3) Accounting and Reporting Standard,GHG Protocol 企业价值链（Scope 3）核算与报告标准,Standard,标准,Value-chain emissions accounting standard,价值链排放核算标准,Scope 3 categories are GHG Protocol-specific category language.,Scope 3 类别是 GHG Protocol 特有的类别口径。,Scope 3 and Scope 3 category names are only used for GHG Protocol evidence.,Scope 3 及十五类类别口径只在 GHG Protocol 证据下使用。,explicit_series_citation,page_text_explicitly_names_whitelisted_series,corporate value chain.*scope 3,4,63 | 150,NISSAN MOTOR-DB25_E_All.pdf,pdf_explicit_series_citation,pdf_page_backfill,・・・・・・ 109 Health and safety ・・・・・・・・・・・・・・・・・・・・・・・・・・・・・・・・・・・・・・・・・・・・・・・・・・・・・・・・・・・・・・・・ 113 Scope 3 emissions by category We conducted a study based on standards such as the Corporate Value Chain （Scope 3） Accounting and Reporting Standard from the GHG Protocol and found that about 81％ of our Scope 3 emissions were from the use of sold products. （FY） …,・・・・・・ 109 Health and safety ・・・・・・・・・・・・・・・・・・・・・・・・・・・・・・・・・・・・・・・・・・・・・・・・・・・・・・・・・・・・・・・・ 113 Scope 3 emissions by category We conducted a study based on standards such as the Corporate Value Chain （Scope 3） Accounting and Reporting Standard from the GHG Protocol and found that about 81％ of our Scope 3 emissions were from the use of sold products. （FY） …,Accepted standard-company edge: source evidence explicitly names this GHG Protocol fine series.,可采信标准-企业关系：原文证据明确命名该 GHG Protocol 细分系列。
r137_royalbankofcanada,137,ROYAL BANK OF CANADA,加拿大皇家银行,J,Finance,金融业,ghg_corporate_standard,GHG Protocol Corporate Accounting and Reporting Standard,GHG Protocol 企业核算与报告标准,Standard,标准,Corporate inventory accounting standard,企业组织层面清单核算标准,"Relevance, completeness, consistency, transparency, and accuracy.",相关性、完整性、一致性、透明性和准确性。,"Within GHG Protocol evidence, this may define Scope 1 and Scope 2 corporate inventory boundaries.",仅在 GHG Protocol 证据下使用 Scope 1/2 的组织层面清单口径。,explicit_series_citation,page_text_explicitly_names_whitelisted_series,"corporate accounting and reporting standard | (?:ghg protocol|greenhouse gas protocol|wri|world resources institute|world business council)[\s\S]{0,160}corporate standard",5,108 | 127 | 58,ROYAL BANK OF CANADA-RBC-2024-sustainability-report.pdf,pdf_explicit_series_citation,pdf_page_backfill,"budget is the amount of carbon dioxide emissions allowed over a period of time to limit the earth’s temperature from exceeding a certain threshold. Carbon credits The GHG Protocol Corporate Accounting and Reporting Standard33 defines carbon credits as discrete GHG reductions used to compensate for (i.e., offset) GHG emissions elsewhere. Credits are calculat…","budget is the amount of carbon dioxide emissions allowed over a period of time to limit the earth’s temperature from exceeding a certain threshold. Carbon credits The GHG Protocol Corporate Accounting and Reporting Standard33 defines carbon credits as discrete GHG reductions used to compensate for (i.e., offset) GHG emissions elsewhere. Credits are calculat…",Accepted standard-company edge: source evidence explicitly names this GHG Protocol fine series.,可采信标准-企业关系：原文证据明确命名该 GHG Protocol 细分系列。
r137_royalbankofcanada,137,ROYAL BANK OF CANADA,加拿大皇家银行,J,Finance,金融业,ghg_financial_industry_standard,Global GHG Accounting and Reporting Standard for the Financial Industry,金融行业全球温室气体核算与报告标准,Sector standard / guidance,行业标准/指南,Financial-industry financed-emissions methodology,金融行业投融资排放方法学,Measure financed emissions for loans and investments when explicitly cited.,原文明示时用于贷款和投资的投融资排放测算。,Use financed-emissions wording rather than corporate operational Scope totals.,使用投融资排放口径，不改写为企业运营 Scope 总量。,explicit_series_citation,page_text_explicitly_names_whitelisted_series,partnership for carbon accounting financials | \bpcaf\b,6,48 | 66 | 67,ROYAL BANK OF CANADA-RBC-2024-sustainability-report.pdf,pdf_explicit_series_citation,pdf_page_backfill,"including how our approach differs from those of other banks and third-parties, refer to Appendix 5: Methodology and data challenges for relevant metrics. In addition, we disclose Partnership for Carbon Accounting Financials (PCAF) financed emissions on outstanding exposure in the Climate metrics section. These metrics are provided as they are common indust…","including how our approach differs from those of other banks and third-parties, refer to Appendix 5: Methodology and data challenges for relevant metrics. In addition, we disclose Partnership for Carbon Accounting Financials (PCAF) financed emissions on outstanding exposure in the Climate metrics section. These metrics are provided as they are common indust…",Accepted standard-company edge: source evidence explicitly names this GHG Protocol fine series.,可采信标准-企业关系：原文证据明确命名该 GHG Protocol 细分系列。
r137_royalbankofcanada,137,ROYAL BANK OF CANADA,加拿大皇家银行,J,Finance,金融业,ghg_scope2_guidance,GHG Protocol Scope 2 Guidance,GHG Protocol Scope 2 指南,Guidance,指南,Purchased electricity and energy method guidance,外购电力与能源口径指南,Location-based and market-based Scope 2 reporting are separated when cited.,原文显式引用时区分位置法与市场法 Scope 2 披露。,Scope 2 market-based and location-based language is treated as GHG-specific.,Scope 2 市场法/位置法术语只在 GHG Protocol 语境下使用。,explicit_series_citation,page_text_explicitly_names_whitelisted_series,scope 2 guidance,4,58 | 59,ROYAL BANK OF CANADA-RBC-2024-sustainability-report.pdf,pdf_explicit_series_citation,pdf_page_backfill,"t limited assurance report. (1) Under the GHG Protocol 33, there are two methods to calculate Scope 2 emissions from electricity: location-based and market-based. The GHG Protocol Scope 2 Guidance defines the location-based method as a method for Scope 2 emissions accounting that reflects emissions from electricity using the average emission factors for the…","t limited assurance report. (1) Under the GHG Protocol 33, there are two methods to calculate Scope 2 emissions from electricity: location-based and market-based. The GHG Protocol Scope 2 Guidance defines the location-based method as a method for Scope 2 emissions accounting that reflects emissions from electricity using the average emission factors for the…",Accepted standard-company edge: source evidence explicitly names this GHG Protocol fine series.,可采信标准-企业关系：原文证据明确命名该 GHG Protocol 细分系列。
r162_kia,162,KIA,起亚公司,C,Manufacturing,制造业,ghg_corporate_standard,GHG Protocol Corporate Accounting and Reporting Standard,GHG Protocol 企业核算与报告标准,Standard,标准,Corporate inventory accounting standard,企业组织层面清单核算标准,"Relevance, completeness, consistency, transparency, and accuracy.",相关性、完整性、一致性、透明性和准确性。,"Within GHG Protocol evidence, this may define Scope 1 and Scope 2 corporate inventory boundaries.",仅在 GHG Protocol 证据下使用 Scope 1/2 的组织层面清单口径。,explicit_series_citation,page_text_explicitly_names_whitelisted_series,corporate accounting and reporting standard,8,128 | 130,2025 KIA Sustainability Report.pdf,pdf_explicit_series_citation,pdf_page_backfill,"t covered the operations and activities of domestic and overseas sites Kia, and specifically the following requirements: • Evaluating conformance with Greenhouse Gas Protocol1: A Corporate Accounting and Reporting Standard, revised edition • Evaluating conformance with Greenhouse Gas Protocol: Corporate Value Chain (Scope 3) Accounting and Reporting Stand…","t covered the operations and activities of domestic and overseas sites Kia, and specifically the following requirements: • Evaluating conformance with Greenhouse Gas Protocol1: A Corporate Accounting and Reporting Standard, revised edition • Evaluating conformance with Greenhouse Gas Protocol: Corporate Value Chain (Scope 3) Accounting and Reporting Stand…",Accepted standard-company edge: source evidence explicitly names this GHG Protocol fine series.,可采信标准-企业关系：原文证据明确命名该 GHG Protocol 细分系列。
r162_kia,162,KIA,起亚公司,C,Manufacturing,制造业,ghg_scope2_guidance,GHG Protocol Scope 2 Guidance,GHG Protocol Scope 2 指南,Guidance,指南,Purchased electricity and energy method guidance,外购电力与能源口径指南,Location-based and market-based Scope 2 reporting are separated when cited.,原文显式引用时区分位置法与市场法 Scope 2 披露。,Scope 2 market-based and location-based language is treated as GHG-specific.,Scope 2 市场法/位置法术语只在 GHG Protocol 语境下使用。,explicit_series_citation,page_text_explicitly_names_whitelisted_series,scope 2 guidance,4,128 | 131,2025 KIA Sustainability Report.pdf,pdf_explicit_series_citation,pdf_page_backfill,"19,567 51,282 44,622 795 India 11,954 115,229 115,229 782 overseas offices3 16,179 7,121 7,121 117 Note 1: Scope 2, Location-based and Market-based are defined in the GHG Protocol Scope 2 Guidance, 2015 Scope of GHG emissions (tCO2e) Other Indirect GHG emissions (Scope 3) Purchased goods & services – Upstream emissions associated with the raw materials used…","19,567 51,282 44,622 795 India 11,954 115,229 115,229 782 overseas offices3 16,179 7,121 7,121 117 Note 1: Scope 2, Location-based and Market-based are defined in the GHG Protocol Scope 2 Guidance, 2015 Scope of GHG emissions (tCO2e) Other Indirect GHG emissions (Scope 3) Purchased goods & services – Upstream emissions associated with the raw materials used…",Accepted standard-company edge: source evidence explicitly names this GHG Protocol fine series.,可采信标准-企业关系：原文证据明确命名该 GHG Protocol 细分系列。
r162_kia,162,KIA,起亚公司,C,Manufacturing,制造业,ghg_scope3_standard,GHG Protocol Corporate Value Chain (Scope 3) Accounting and Reporting Standard,GHG Protocol 企业价值链（Scope 3）核算与报告标准,Standard,标准,Value-chain emissions accounting standard,价值链排放核算标准,Scope 3 categories are GHG Protocol-specific category language.,Scope 3 类别是 GHG Protocol 特有的类别口径。,Scope 3 and Scope 3 category names are only used for GHG Protocol evidence.,Scope 3 及十五类类别口径只在 GHG Protocol 证据下使用。,explicit_series_citation,page_text_explicitly_names_whitelisted_series,corporate value chain\s*\(scope 3\),8,128 | 130,2025 KIA Sustainability Report.pdf,pdf_explicit_series_citation,pdf_page_backfill,"ts: • Evaluating conformance with Greenhouse Gas Protocol1: A Corporate Accounting and Reporting Standard, revised edition • Evaluating conformance with Greenhouse Gas Protocol: Corporate Value Chain (Scope 3) Accounting and Reporting Standard • Evaluating the accuracy and reliability of data and information for direct GHG emissions (Scope 1), energy ind…","ts: • Evaluating conformance with Greenhouse Gas Protocol1: A Corporate Accounting and Reporting Standard, revised edition • Evaluating conformance with Greenhouse Gas Protocol: Corporate Value Chain (Scope 3) Accounting and Reporting Standard • Evaluating the accuracy and reliability of data and information for direct GHG emissions (Scope 1), energy ind…",Accepted standard-company edge: source evidence explicitly names this GHG Protocol fine series.,可采信标准-企业关系：原文证据明确命名该 GHG Protocol 细分系列。
r164_daiichilifeholdings,164,DAI-ICHI LIFE HOLDINGS,第一生命控股有限公司,J,Finance,金融业,ghg_financial_industry_standard,Global GHG Accounting and Reporting Standard for the Financial Industry,金融行业全球温室气体核算与报告标准,Sector standard / guidance,行业标准/指南,Financial-industry financed-emissions methodology,金融行业投融资排放方法学,Measure financed emissions for loans and investments when explicitly cited.,原文明示时用于贷款和投资的投融资排放测算。,Use financed-emissions wording rather than corporate operational Scope totals.,使用投融资排放口径，不改写为企业运营 Scope 总量。,explicit_series_citation,page_text_explicitly_names_whitelisted_series,\bpcaf\b,4,61 | 108,2024-DAI-ICHI LIFE HOLDINGS-index_001.pdf,seed_batch_04,medium,"Attribution|Data quality hierarchy 归因原则|数据质量层级 h estimates can be made based on the amount of electricity generated (measured in accordance with PCAF standards), and green bonds that disclose their impact (data provided by ICE Data Services is included). Entire Group Dai-ichi Life Envir h estimates can be made based on the amou","Attribution|Data quality hierarchy 归因原则|数据质量层级 h estimates can be made based on the amount of electricity generated (measured in accordance with PCAF standards), and green bonds that disclose their impact (data provided by ICE Data Services is included). Entire Group Dai-ichi Life Envir h estimates can be made based on the amou",Accepted standard-company edge: source evidence explicitly names this GHG Protocol fine series.,可采信标准-企业关系：原文证据明确命名该 GHG Protocol 细分系列。
r166_vinci,166,VINCI,万喜集团,E,Construction,建筑业,ghg_scope3_calculation_guidance,GHG Protocol Scope 3 Calculation Guidance,GHG Protocol Scope 3 计算指南,Guidance,指南,Scope 3 inventory calculation guidance,Scope 3 清单计算指南,Companion calculation guidance for completing Scope 3 inventories.,配套计算指南，用于完成 Scope 3 清单。,Scope 3 categories are GHG-specific and only shown when the source uses that wording.,Scope 3 类别是 GHG 特有口径，仅在原文如此使用时展示。,explicit_series_citation,page_text_explicitly_names_whitelisted_series,technical guidance for calculating scope 3 emissions,4,19 | 88,VINCI-2024_workforce_related_environmental_and_social_information.pdf,pdf_explicit_series_citation,pdf_page_backfill,"ewly acquired entities. 5.3.3.3 Scope 3 greenhouse gas emissions To calculate Scope 3 emissions, the recommendations published by the Greenhouse Gas Protocol (GHG Protocol) in its Technical Guidance for Calculating Scope 3 Emissions (version 1.0) were followed. Of the 15 emissions categories defined by the GHG Protocol, all but four were considered to be re…","ewly acquired entities. 5.3.3.3 Scope 3 greenhouse gas emissions To calculate Scope 3 emissions, the recommendations published by the Greenhouse Gas Protocol (GHG Protocol) in its Technical Guidance for Calculating Scope 3 Emissions (version 1.0) were followed. Of the 15 emissions categories defined by the GHG Protocol, all but four were considered to be re…",Accepted standard-company edge: source evidence explicitly names this GHG Protocol fine series.,可采信标准-企业关系：原文证据明确命名该 GHG Protocol 细分系列。
r168_torontodominionbank,168,TORONTO-DOMINION BANK,多伦多道明银行,J,Finance,金融业,ghg_corporate_standard,GHG Protocol Corporate Accounting and Reporting Standard,GHG Protocol 企业核算与报告标准,Standard,标准,Corporate inventory accounting standard,企业组织层面清单核算标准,"Relevance, completeness, consistency, transparency, and accuracy.",相关性、完整性、一致性、透明性和准确性。,"Within GHG Protocol evidence, this may define Scope 1 and Scope 2 corporate inventory boundaries.",仅在 GHG Protocol 证据下使用 Scope 1/2 的组织层面清单口径。,explicit_series_citation,page_text_explicitly_names_whitelisted_series,"corporate accounting and reporting standard | (?:ghg protocol|greenhouse gas protocol|wri|world resources institute|world business council)[\s\S]{0,160}corporate standard",13,56 | 57 | 104 | 60,2024-TORONTO-DOMINION BANK-sustainability-report-en.pdf,pdf_explicit_series_citation,pdf_page_backfill,"to Calculating Non-Financed GHG Emissions Reporting Standards Our non-financed GHG emissions inventory is prepared in accordance with the Greenhouse Gas Protocol (GHG Protocol): A Corporate Accounting and Reporting Standard, the GHG Protocol Scope 2 Guidance, and the Corporate Value Chain (Scope 3) Accounting and Reporting Standard. Organizational Boundary …","to Calculating Non-Financed GHG Emissions Reporting Standards Our non-financed GHG emissions inventory is prepared in accordance with the Greenhouse Gas Protocol (GHG Protocol): A Corporate Accounting and Reporting Standard, the GHG Protocol Scope 2 Guidance, and the Corporate Value Chain (Scope 3) Accounting and Reporting Standard. Organizational Boundary …",Accepted standard-company edge: source evidence explicitly names this GHG Protocol fine series.,可采信标准-企业关系：原文证据明确命名该 GHG Protocol 细分系列。
r168_torontodominionbank,168,TORONTO-DOMINION BANK,多伦多道明银行,J,Finance,金融业,ghg_financial_industry_standard,Global GHG Accounting and Reporting Standard for the Financial Industry,金融行业全球温室气体核算与报告标准,Sector standard / guidance,行业标准/指南,Financial-industry financed-emissions methodology,金融行业投融资排放方法学,Measure financed emissions for loans and investments when explicitly cited.,原文明示时用于贷款和投资的投融资排放测算。,Use financed-emissions wording rather than corporate operational Scope totals.,使用投融资排放口径，不改写为企业运营 Scope 总量。,explicit_series_citation,page_text_explicitly_names_whitelisted_series,partnership for carbon accounting financials | \bpcaf\b,6,60 | 61 | 62,2024-TORONTO-DOMINION BANK-sustainability-report-en.pdf,pdf_explicit_series_citation,pdf_page_backfill,ributed to the Bank based on the proportion of the Bank’s lending to or investing in the client company. Financed emissions are calculated in accordance with the guidance from the Partnership for Carbon Accounting Financials (PCAF) wherever possible. Financed emissions help protect the Bank by providing a measure of the transition risk associated with our l…,ributed to the Bank based on the proportion of the Bank’s lending to or investing in the client company. Financed emissions are calculated in accordance with the guidance from the Partnership for Carbon Accounting Financials (PCAF) wherever possible. Financed emissions help protect the Bank by providing a measure of the transition risk associated with our l…,Accepted standard-company edge: source evidence explicitly names this GHG Protocol fine series.,可采信标准-企业关系：原文证据明确命名该 GHG Protocol 细分系列。
r168_torontodominionbank,168,TORONTO-DOMINION BANK,多伦多道明银行,J,Finance,金融业,ghg_scope2_guidance,GHG Protocol Scope 2 Guidance,GHG Protocol Scope 2 指南,Guidance,指南,Purchased electricity and energy method guidance,外购电力与能源口径指南,Location-based and market-based Scope 2 reporting are separated when cited.,原文显式引用时区分位置法与市场法 Scope 2 披露。,Scope 2 market-based and location-based language is treated as GHG-specific.,Scope 2 市场法/位置法术语只在 GHG Protocol 语境下使用。,explicit_series_citation,page_text_explicitly_names_whitelisted_series,scope 2 guidance,14,56 | 60 | 57 | 110,2024-TORONTO-DOMINION BANK-sustainability-report-en.pdf,seed_batch_05,medium,"HG Emissions Intensity kgCO2e per square foot 2.0 2.1 2.2 2.5 Revenue GHG Emissions Intensity tCO2e per millions in revenue 0.8 0.9 1.0 1.4 2 In accordance with the GHG Protocol’s Scope 2 Guidance, TD reports both location-based and market-based Scope 2 GHG emis Manual PDF-page validation accepted this direct-use Scope value. Source file: 2024-TORONTO-DOMIN…","HG Emissions Intensity kgCO2e per square foot 2.0 2.1 2.2 2.5 Revenue GHG Emissions Intensity tCO2e per millions in revenue 0.8 0.9 1.0 1.4 2 In accordance with the GHG Protocol’s Scope 2 Guidance, TD reports both location-based and market-based Scope 2 GHG emis Manual PDF-page validation accepted this direct-use Scope value. Source file: 2024-TORONTO-DOMIN…",Accepted standard-company edge: source evidence explicitly names this GHG Protocol fine series.,可采信标准-企业关系：原文证据明确命名该 GHG Protocol 细分系列。
r168_torontodominionbank,168,TORONTO-DOMINION BANK,多伦多道明银行,J,Finance,金融业,ghg_scope3_standard,GHG Protocol Corporate Value Chain (Scope 3) Accounting and Reporting Standard,GHG Protocol 企业价值链（Scope 3）核算与报告标准,Standard,标准,Value-chain emissions accounting standard,价值链排放核算标准,Scope 3 categories are GHG Protocol-specific category language.,Scope 3 类别是 GHG Protocol 特有的类别口径。,Scope 3 and Scope 3 category names are only used for GHG Protocol evidence.,Scope 3 及十五类类别口径只在 GHG Protocol 证据下使用。,explicit_series_citation,page_text_explicitly_names_whitelisted_series,corporate value chain\s*\(scope 3\),11,56 | 57 | 60,2024-TORONTO-DOMINION BANK-sustainability-report-en.pdf,pdf_explicit_series_citation,pdf_page_backfill,"ions inventory is prepared in accordance with the Greenhouse Gas Protocol (GHG Protocol): A Corporate Accounting and Reporting Standard, the GHG Protocol Scope 2 Guidance, and the Corporate Value Chain (Scope 3) Accounting and Reporting Standard. Organizational Boundary The scope of our non-financed GHG emissions inventory encompasses all of TD’s wholly own…","ions inventory is prepared in accordance with the Greenhouse Gas Protocol (GHG Protocol): A Corporate Accounting and Reporting Standard, the GHG Protocol Scope 2 Guidance, and the Corporate Value Chain (Scope 3) Accounting and Reporting Standard. Organizational Boundary The scope of our non-financed GHG emissions inventory encompasses all of TD’s wholly own…",Accepted standard-company edge: source evidence explicitly names this GHG Protocol fine series.,可采信标准-企业关系：原文证据明确命名该 GHG Protocol 细分系列。
r169_lukoil,169,LUKOIL,卢克石油公司,D,"Electricity, Heat, Gas and Water Production and Supply",电力、热力、燃气及水生产和供应业,ghg_corporate_standard,GHG Protocol Corporate Accounting and Reporting Standard,GHG Protocol 企业核算与报告标准,Standard,标准,Corporate inventory accounting standard,企业组织层面清单核算标准,"Relevance, completeness, consistency, transparency, and accuracy.",相关性、完整性、一致性、透明性和准确性。,"Within GHG Protocol evidence, this may define Scope 1 and Scope 2 corporate inventory boundaries.",仅在 GHG Protocol 证据下使用 Scope 1/2 的组织层面清单口径。,explicit_series_citation,page_text_explicitly_names_whitelisted_series,corporate accounting and reporting standard,5,66,LUKOIL Group Sustainability Report 2024.pdf,pdf_explicit_series_citation,pdf_page_backfill,"antify greenhouse gas emissions of LUKOIL Group for 2024 (Scope 1, 2, avoided and reduced greenhouse gas emissions from renewable energy sources): • The Greenhouse Gas Protocol: A Corporate Accounting and Reporting Standard. World Resources Institute and World Business Council for Sustainable Development, 2004 (revised); • The Greenhouse Gas Protocol: GHG P…","antify greenhouse gas emissions of LUKOIL Group for 2024 (Scope 1, 2, avoided and reduced greenhouse gas emissions from renewable energy sources): • The Greenhouse Gas Protocol: A Corporate Accounting and Reporting Standard. World Resources Institute and World Business Council for Sustainable Development, 2004 (revised); • The Greenhouse Gas Protocol: GHG P…",Accepted standard-company edge: source evidence explicitly names this GHG Protocol fine series.,可采信标准-企业关系：原文证据明确命名该 GHG Protocol 细分系列。
r169_lukoil,169,LUKOIL,卢克石油公司,D,"Electricity, Heat, Gas and Water Production and Supply",电力、热力、燃气及水生产和供应业,ghg_scope2_guidance,GHG Protocol Scope 2 Guidance,GHG Protocol Scope 2 指南,Guidance,指南,Purchased electricity and energy method guidance,外购电力与能源口径指南,Location-based and market-based Scope 2 reporting are separated when cited.,原文显式引用时区分位置法与市场法 Scope 2 披露。,Scope 2 market-based and location-based language is treated as GHG-specific.,Scope 2 市场法/位置法术语只在 GHG Protocol 语境下使用。,explicit_series_citation,page_text_explicitly_names_whitelisted_series,scope 2 guidance,3,66,LUKOIL Group Sustainability Report 2024.pdf,pdf_explicit_series_citation,pdf_page_backfill,"te Accounting and Reporting Standard. World Resources Institute and World Business Council for Sustainable Development, 2004 (revised); • The Greenhouse Gas Protocol: GHG Protocol Scope 2 Guidance; • IPCC Guidelines for National Greenhouse Gas Inventories, 2006; • Methodology for quantifying greenhouse gas emissions. Approved by Order No. 371 of the … PDF f…","te Accounting and Reporting Standard. World Resources Institute and World Business Council for Sustainable Development, 2004 (revised); • The Greenhouse Gas Protocol: GHG Protocol Scope 2 Guidance; • IPCC Guidelines for National Greenhouse Gas Inventories, 2006; • Methodology for quantifying greenhouse gas emissions. Approved by Order No. 371 of the … PDF f…",Accepted standard-company edge: source evidence explicitly names this GHG Protocol fine series.,可采信标准-企业关系：原文证据明确命名该 GHG Protocol 细分系列。
r174_法国bpce银行集团,174,BPCE Group,法国BPCE银行,J,Finance,金融业,ghg_financial_industry_standard,Global GHG Accounting and Reporting Standard for the Financial Industry,金融行业全球温室气体核算与报告标准,Sector standard / guidance,行业标准/指南,Financial-industry financed-emissions methodology,金融行业投融资排放方法学,Measure financed emissions for loans and investments when explicitly cited.,原文明示时用于贷款和投资的投融资排放测算。,Use financed-emissions wording rather than corporate operational Scope totals.,使用投融资排放口径，不改写为企业运营 Scope 总量。,explicit_series_citation,page_text_explicitly_names_whitelisted_series,\bpcaf\b,6,29 | 30 | 32,GROUPE BPCE-2023-240506-tcfd-version-uk.pdf,pdf_explicit_series_citation,pdf_page_backfill,urces Carbone 4 (carbon emissions from corporate financing) I Care (data chiefly from ADEME for dedicated financing) ADEME (financing of renewables in light of their technologies) PCAF score Score: 2.3 Calculation method PACTA (average of customer intensities weighted by portfolio exposures) Metric Carbon intensity (g CO2eq / kWh) Scenario IEA NZE 2050 scen…,urces Carbone 4 (carbon emissions from corporate financing) I Care (data chiefly from ADEME for dedicated financing) ADEME (financing of renewables in light of their technologies) PCAF score Score: 2.3 Calculation method PACTA (average of customer intensities weighted by portfolio exposures) Metric Carbon intensity (g CO2eq / kWh) Scenario IEA NZE 2050 scen…,Accepted standard-company edge: source evidence explicitly names this GHG Protocol fine series.,可采信标准-企业关系：原文证据明确命名该 GHG Protocol 细分系列。
r176_巴西jbs公司,176,JBS,巴西JBS,C,Manufacturing,制造业,ghg_corporate_standard,GHG Protocol Corporate Accounting and Reporting Standard,GHG Protocol 企业核算与报告标准,Standard,标准,Corporate inventory accounting standard,企业组织层面清单核算标准,"Relevance, completeness, consistency, transparency, and accuracy.",相关性、完整性、一致性、透明性和准确性。,"Within GHG Protocol evidence, this may define Scope 1 and Scope 2 corporate inventory boundaries.",仅在 GHG Protocol 证据下使用 Scope 1/2 的组织层面清单口径。,explicit_series_citation,page_text_explicitly_names_whitelisted_series,corporate accounting and reporting standard,9,30 | 21,JBS_Sustainability_Report_2023.pdf,seed_batch_13,medium,2 and others. Our GHG emissions are calculated based on the World Resources Institute’s and the World Business Council for Sustainable Development’s The Greenhouse Gas Protocol: A Corporate Accounting and Reporting Standard SASB FB-MP-110a.2 and others. Our GHG emissions are calculated based on the World Resources Institute’s and the World Business Council …,2 and others. Our GHG emissions are calculated based on the World Resources Institute’s and the World Business Council for Sustainable Development’s The Greenhouse Gas Protocol: A Corporate Accounting and Reporting Standard SASB FB-MP-110a.2 and others. Our GHG emissions are calculated based on the World Resources Institute’s and the World Business Council …,Accepted standard-company edge: source evidence explicitly names this GHG Protocol fine series.,可采信标准-企业关系：原文证据明确命名该 GHG Protocol 细分系列。
r177_alimentationcouchetard公司,177,Alimentation Couche-Tard,Alimentation Couche-Tard,F,Wholesale and Retail Trade,批发和零售业,ghg_corporate_standard,GHG Protocol Corporate Accounting and Reporting Standard,GHG Protocol 企业核算与报告标准,Standard,标准,Corporate inventory accounting standard,企业组织层面清单核算标准,"Relevance, completeness, consistency, transparency, and accuracy.",相关性、完整性、一致性、透明性和准确性。,"Within GHG Protocol evidence, this may define Scope 1 and Scope 2 corporate inventory boundaries.",仅在 GHG Protocol 证据下使用 Scope 1/2 的组织层面清单口径。,explicit_series_citation,page_text_explicitly_names_whitelisted_series,corporate accounting and reporting standard,5,52,ALIMENTATION COUCHE-TARD-COTA085_ACT_2025_Sustainability_Report_EN_20250625_v2.pdf,seed_batch_05,medium,entation Couche-Tard Inc. Sustainability Report © 2025 52 Scope 1 & 2 GHG Emissions ACT’s Scope 1 and 2 GHG emissions are calculated in accordance with the Greenhouse Gas Protocol Corporate Accounting and Reporting Standard. Our 2025 re Alimentation Couche-Tard Inc. Sustainability Report © 2025 52 Scope 1 & 2 GHG Emissions ACT’s Scope 1 and 2 GHG emissions …,entation Couche-Tard Inc. Sustainability Report © 2025 52 Scope 1 & 2 GHG Emissions ACT’s Scope 1 and 2 GHG emissions are calculated in accordance with the Greenhouse Gas Protocol Corporate Accounting and Reporting Standard. Our 2025 re Alimentation Couche-Tard Inc. Sustainability Report © 2025 52 Scope 1 & 2 GHG Emissions ACT’s Scope 1 and 2 GHG emissions …,Accepted standard-company edge: source evidence explicitly names this GHG Protocol fine series.,可采信标准-企业关系：原文证据明确命名该 GHG Protocol 细分系列。
r177_alimentationcouchetard公司,177,Alimentation Couche-Tard,Alimentation Couche-Tard,F,Wholesale and Retail Trade,批发和零售业,ghg_scope3_standard,GHG Protocol Corporate Value Chain (Scope 3) Accounting and Reporting Standard,GHG Protocol 企业价值链（Scope 3）核算与报告标准,Standard,标准,Value-chain emissions accounting standard,价值链排放核算标准,Scope 3 categories are GHG Protocol-specific category language.,Scope 3 类别是 GHG Protocol 特有的类别口径。,Scope 3 and Scope 3 category names are only used for GHG Protocol evidence.,Scope 3 及十五类类别口径只在 GHG Protocol 证据下使用。,explicit_series_citation,page_text_explicitly_names_whitelisted_series,corporate value chain\s*\(scope 3\),4,52 | 53,ALIMENTATION COUCHE-TARD-COTA085_ACT_2025_Sustainability_Report_EN_20250625_v2.pdf,pdf_explicit_series_citation,pdf_page_backfill,"definitions). Scope 3 Emissions During 2023, we completed a screening-level assessment to better understand our relevant Scope 3 emission categories, in line with the GHG Protocol Corporate Value Chain (Scope 3) Standard. Results from this screening exercise revealed that, in total, upstream emissions from purchased goods and services (more specifically fue…","definitions). Scope 3 Emissions During 2023, we completed a screening-level assessment to better understand our relevant Scope 3 emission categories, in line with the GHG Protocol Corporate Value Chain (Scope 3) Standard. Results from this screening exercise revealed that, in total, upstream emissions from purchased goods and services (more specifically fue…",Accepted standard-company edge: source evidence explicitly names this GHG Protocol fine series.,可采信标准-企业关系：原文证据明确命名该 GHG Protocol 细分系列。
r182_ubsgroup,182,UBS GROUP,瑞银集团,J,Finance,金融业,ghg_corporate_standard,GHG Protocol Corporate Accounting and Reporting Standard,GHG Protocol 企业核算与报告标准,Standard,标准,Corporate inventory accounting standard,企业组织层面清单核算标准,"Relevance, completeness, consistency, transparency, and accuracy.",相关性、完整性、一致性、透明性和准确性。,"Within GHG Protocol evidence, this may define Scope 1 and Scope 2 corporate inventory boundaries.",仅在 GHG Protocol 证据下使用 Scope 1/2 的组织层面清单口径。,explicit_series_citation,page_text_explicitly_names_whitelisted_series,corporate accounting and reporting standard,2,34,UBS GROUP-sustainability-report-2024.pdf,pdf_explicit_series_citation,pdf_page_backfill,el and cement corporate sectors. Our approach to target-setting is based on industry guidance and our calculation methodology is based on global standards such as the GHG Protocol Corporate Accounting and Reporting Standard and the Partnership for Carbon Accounting Financials (the PCAF). Our 2030 targets were approved and are continued to be overseen by the…,el and cement corporate sectors. Our approach to target-setting is based on industry guidance and our calculation methodology is based on global standards such as the GHG Protocol Corporate Accounting and Reporting Standard and the Partnership for Carbon Accounting Financials (the PCAF). Our 2030 targets were approved and are continued to be overseen by the…,Accepted standard-company edge: source evidence explicitly names this GHG Protocol fine series.,可采信标准-企业关系：原文证据明确命名该 GHG Protocol 细分系列。
r189_itaúunibancoholding,189,ITAÚ UNIBANCO HOLDING,伊塔乌联合银行控股公司,J,Finance,金融业,ghg_financial_industry_standard,Global GHG Accounting and Reporting Standard for the Financial Industry,金融行业全球温室气体核算与报告标准,Sector standard / guidance,行业标准/指南,Financial-industry financed-emissions methodology,金融行业投融资排放方法学,Measure financed emissions for loans and investments when explicitly cited.,原文明示时用于贷款和投资的投融资排放测算。,Use financed-emissions wording rather than corporate operational Scope totals.,使用投融资排放口径，不改写为企业运营 Scope 总量。,explicit_series_citation,page_text_explicitly_names_whitelisted_series,\bpcaf\b,4,122 | 124,ITAÚ UNIBANCO HOLDING ESG Report 2024.pdf,pdf_explicit_series_citation,pdf_page_backfill,"fication in each tier of the score and the percentage of the credit portfolio in each of them, comparing the results of the last three years. It is important to highlight that the PCAF score evaluates the quality of the information used in the calculation of the financed issues, that is, the greater the availability of data from our clients, the better our …","fication in each tier of the score and the percentage of the credit portfolio in each of them, comparing the results of the last three years. It is important to highlight that the PCAF score evaluates the quality of the information used in the calculation of the financed issues, that is, the greater the availability of data from our clients, the better our …",Accepted standard-company edge: source evidence explicitly names this GHG Protocol fine series.,可采信标准-企业关系：原文证据明确命名该 GHG Protocol 细分系列。
r191_generalelectric,191,GENERAL ELECTRIC,通用电气公司,C,Manufacturing,制造业,ghg_corporate_standard,GHG Protocol Corporate Accounting and Reporting Standard,GHG Protocol 企业核算与报告标准,Standard,标准,Corporate inventory accounting standard,企业组织层面清单核算标准,"Relevance, completeness, consistency, transparency, and accuracy.",相关性、完整性、一致性、透明性和准确性。,"Within GHG Protocol evidence, this may define Scope 1 and Scope 2 corporate inventory boundaries.",仅在 GHG Protocol 证据下使用 Scope 1/2 的组织层面清单口径。,explicit_series_citation,page_text_explicitly_names_whitelisted_series,corporate accounting and reporting standard,6,3 | 38,GENERAL ELECTRIC-Aerospace 2025-sustainability-report.pdf,seed_batch_05,medium,"s (GHG) Inventory Management Plan, which primarily follows the World Resources Institute/ World Business Council for Sustainable Development (WRI/WBCSD) Greenhouse Gas Protocol: A Corporate Accounting and Reporting Standard, Re Greenhouse Gas (GHG) Inventory Management Plan, which primarily follows the World Resources Institute/ World Business Council for S…","s (GHG) Inventory Management Plan, which primarily follows the World Resources Institute/ World Business Council for Sustainable Development (WRI/WBCSD) Greenhouse Gas Protocol: A Corporate Accounting and Reporting Standard, Re Greenhouse Gas (GHG) Inventory Management Plan, which primarily follows the World Resources Institute/ World Business Council for S…",Accepted standard-company edge: source evidence explicitly names this GHG Protocol fine series.,可采信标准-企业关系：原文证据明确命名该 GHG Protocol 细分系列。
r193_lockheedmartin,193,LOCKHEED MARTIN,洛克希德－马丁,C,Manufacturing,制造业,ghg_corporate_standard,GHG Protocol Corporate Accounting and Reporting Standard,GHG Protocol 企业核算与报告标准,Standard,标准,Corporate inventory accounting standard,企业组织层面清单核算标准,"Relevance, completeness, consistency, transparency, and accuracy.",相关性、完整性、一致性、透明性和准确性。,"Within GHG Protocol evidence, this may define Scope 1 and Scope 2 corporate inventory boundaries.",仅在 GHG Protocol 证据下使用 Scope 1/2 的组织层面清单口径。,explicit_series_citation,page_text_explicitly_names_whitelisted_series,"(?:ghg protocol|greenhouse gas protocol|wri|world resources institute|world business council)[\s\S]{0,160}corporate accounting standard",6,28,2024-LOCKHEED MARTIN-Sustainability-Performance-Report.pdf,seed_batch_05,medium,Relevance|Completeness|Consistency|Transparency|Accuracy 相关性|完整性|一致性|透明性|准确性 y in accordance with the World Business Council for Sustainable Development (WBCSD) and World Resources Institute (WRI) Greenhouse Gas – A Corporate Accounting Standard and Corporate Value Chain (Scope 3) Accounting and Reporting Standard ( y in accordance with the World Business C…,Relevance|Completeness|Consistency|Transparency|Accuracy 相关性|完整性|一致性|透明性|准确性 y in accordance with the World Business Council for Sustainable Development (WBCSD) and World Resources Institute (WRI) Greenhouse Gas – A Corporate Accounting Standard and Corporate Value Chain (Scope 3) Accounting and Reporting Standard ( y in accordance with the World Business C…,Accepted standard-company edge: source evidence explicitly names this GHG Protocol fine series.,可采信标准-企业关系：原文证据明确命名该 GHG Protocol 细分系列。
r193_lockheedmartin,193,LOCKHEED MARTIN,洛克希德－马丁,C,Manufacturing,制造业,ghg_scope3_standard,GHG Protocol Corporate Value Chain (Scope 3) Accounting and Reporting Standard,GHG Protocol 企业价值链（Scope 3）核算与报告标准,Standard,标准,Value-chain emissions accounting standard,价值链排放核算标准,Scope 3 categories are GHG Protocol-specific category language.,Scope 3 类别是 GHG Protocol 特有的类别口径。,Scope 3 and Scope 3 category names are only used for GHG Protocol evidence.,Scope 3 及十五类类别口径只在 GHG Protocol 证据下使用。,explicit_series_citation,page_text_explicitly_names_whitelisted_series,corporate value chain\s*\(scope 3\),6,28,2024-LOCKHEED MARTIN-Sustainability-Performance-Report.pdf,seed_batch_05,medium,明性|准确性 y in accordance with the World Business Council for Sustainable Development (WBCSD) and World Resources Institute (WRI) Greenhouse Gas – A Corporate Accounting Standard and Corporate Value Chain (Scope 3) Accounting and Reporting Standard ( y in accordance with the World Business Council for Sustainable Development (WBCSD) and World Resources Institu…,明性|准确性 y in accordance with the World Business Council for Sustainable Development (WBCSD) and World Resources Institute (WRI) Greenhouse Gas – A Corporate Accounting Standard and Corporate Value Chain (Scope 3) Accounting and Reporting Standard ( y in accordance with the World Business Council for Sustainable Development (WBCSD) and World Resources Institu…,Accepted standard-company edge: source evidence explicitly names this GHG Protocol fine series.,可采信标准-企业关系：原文证据明确命名该 GHG Protocol 细分系列。
r199_caterpillar,199,CATERPILLAR,卡特彼勒,C,Manufacturing,制造业,ghg_corporate_standard,GHG Protocol Corporate Accounting and Reporting Standard,GHG Protocol 企业核算与报告标准,Standard,标准,Corporate inventory accounting standard,企业组织层面清单核算标准,"Relevance, completeness, consistency, transparency, and accuracy.",相关性、完整性、一致性、透明性和准确性。,"Within GHG Protocol evidence, this may define Scope 1 and Scope 2 corporate inventory boundaries.",仅在 GHG Protocol 证据下使用 Scope 1/2 的组织层面清单口径。,explicit_series_citation,page_text_explicitly_names_whitelisted_series,"(?:ghg protocol|greenhouse gas protocol|wri|world resources institute|world business council)[\s\S]{0,160}corporate accounting standard",8,29 | 71,CATERPILLAR 2024 SUSTAINABILITY REPORT.pdf,pdf_explicit_series_citation,pdf_page_backfill,"States, Canada, Panama and Mexico paid in 2024. SUMMARY CUSTOMER ENVIRONMENT PEOPLE GOVERNANCE REPORTING Caterpillar Inc. 2024 Sustainability Report 69 Reporting criteria • WBCSD/WRI GHG Protocol: A Corporate Accounting Standard (2004, as updated January 2015) • The WBCSD/WRI GHG Protocol Corporate Value Chain (Scope 3) Accounting and Reporting Standard (20…","States, Canada, Panama and Mexico paid in 2024. SUMMARY CUSTOMER ENVIRONMENT PEOPLE GOVERNANCE REPORTING Caterpillar Inc. 2024 Sustainability Report 69 Reporting criteria • WBCSD/WRI GHG Protocol: A Corporate Accounting Standard (2004, as updated January 2015) • The WBCSD/WRI GHG Protocol Corporate Value Chain (Scope 3) Accounting and Reporting Standard (20…",Accepted standard-company edge: source evidence explicitly names this GHG Protocol fine series.,可采信标准-企业关系：原文证据明确命名该 GHG Protocol 细分系列。
r199_caterpillar,199,CATERPILLAR,卡特彼勒,C,Manufacturing,制造业,ghg_scope2_guidance,GHG Protocol Scope 2 Guidance,GHG Protocol Scope 2 指南,Guidance,指南,Purchased electricity and energy method guidance,外购电力与能源口径指南,Location-based and market-based Scope 2 reporting are separated when cited.,原文显式引用时区分位置法与市场法 Scope 2 披露。,Scope 2 market-based and location-based language is treated as GHG-specific.,Scope 2 市场法/位置法术语只在 GHG Protocol 语境下使用。,explicit_series_citation,page_text_explicitly_names_whitelisted_series,scope 2 guidance,6,29 | 69,CATERPILLAR 2024 SUSTAINABILITY REPORT.pdf,pdf_explicit_series_citation,pdf_page_backfill,hanged at 30% and is aligned to the SBTi methodology guidance at the time of goal setting. 9. Location-based Scope 2 GHG emissions are provided in accordance with the GHG Protocol Scope 2 guidance (2015). Our market- based Scope 2 emissions are calculated using the Scope 2 Quality Criteria. The following instruments were used in calculating our market-based…,hanged at 30% and is aligned to the SBTi methodology guidance at the time of goal setting. 9. Location-based Scope 2 GHG emissions are provided in accordance with the GHG Protocol Scope 2 guidance (2015). Our market- based Scope 2 emissions are calculated using the Scope 2 Quality Criteria. The following instruments were used in calculating our market-based…,Accepted standard-company edge: source evidence explicitly names this GHG Protocol fine series.,可采信标准-企业关系：原文证据明确命名该 GHG Protocol 细分系列。
r199_caterpillar,199,CATERPILLAR,卡特彼勒,C,Manufacturing,制造业,ghg_scope3_standard,GHG Protocol Corporate Value Chain (Scope 3) Accounting and Reporting Standard,GHG Protocol 企业价值链（Scope 3）核算与报告标准,Standard,标准,Value-chain emissions accounting standard,价值链排放核算标准,Scope 3 categories are GHG Protocol-specific category language.,Scope 3 类别是 GHG Protocol 特有的类别口径。,Scope 3 and Scope 3 category names are only used for GHG Protocol evidence.,Scope 3 及十五类类别口径只在 GHG Protocol 证据下使用。,explicit_series_citation,page_text_explicitly_names_whitelisted_series,corporate value chain\s*\(scope 3\),8,29 | 71,CATERPILLAR 2024 SUSTAINABILITY REPORT.pdf,pdf_explicit_series_citation,pdf_page_backfill,"pillar Inc. 2024 Sustainability Report 69 Reporting criteria • WBCSD/WRI GHG Protocol: A Corporate Accounting Standard (2004, as updated January 2015) • The WBCSD/WRI GHG Protocol Corporate Value Chain (Scope 3) Accounting and Reporting Standard (2011) • Caterpillar’s Basis of Reporting (as described in ‘About this Report’ on pg. 61 and endnotes on pg. 69 o…","pillar Inc. 2024 Sustainability Report 69 Reporting criteria • WBCSD/WRI GHG Protocol: A Corporate Accounting Standard (2004, as updated January 2015) • The WBCSD/WRI GHG Protocol Corporate Value Chain (Scope 3) Accounting and Reporting Standard (2011) • Caterpillar’s Basis of Reporting (as described in ‘About this Report’ on pg. 61 and endnotes on pg. 69 o…",Accepted standard-company edge: source evidence explicitly names this GHG Protocol fine series.,可采信标准-企业关系：原文证据明确命名该 GHG Protocol 细分系列。
r200_bancobilbaovizcayaargentaria,200,BANCO BILBAO VIZCAYA ARGENTARIA,西班牙对外银行,J,Finance,金融业,ghg_financial_industry_standard,Global GHG Accounting and Reporting Standard for the Financial Industry,金融行业全球温室气体核算与报告标准,Sector standard / guidance,行业标准/指南,Financial-industry financed-emissions methodology,金融行业投融资排放方法学,Measure financed emissions for loans and investments when explicitly cited.,原文明示时用于贷款和投资的投融资排放测算。,Use financed-emissions wording rather than corporate operational Scope totals.,使用投融资排放口径，不改写为企业运营 Scope 总量。,explicit_series_citation,page_text_explicitly_names_whitelisted_series,partnership for carbon accounting financials | \bpcaf\b,5,107 | 108 | 109,BBVA_Annual_Report_2024_ENG.pdf,pdf_explicit_series_citation,pdf_page_backfill,"ed with our financing and direct investment activities, also known as Scope 3 Category 15 greenhouse gas (GHG) emissions. To carry out this measurement, BBVA has adopted the PCAF (Partnership for Carbon Accounting Financials) methodology. This calculation will cover all portfolios included in the scope of the PCAF standard (first edition) and the Group's si…","ed with our financing and direct investment activities, also known as Scope 3 Category 15 greenhouse gas (GHG) emissions. To carry out this measurement, BBVA has adopted the PCAF (Partnership for Carbon Accounting Financials) methodology. This calculation will cover all portfolios included in the scope of the PCAF standard (first edition) and the Group's si…",Accepted standard-company edge: source evidence explicitly names this GHG Protocol fine series.,可采信标准-企业关系：原文证据明确命名该 GHG Protocol 细分系列。
r202_metlife,202,METLIFE,美国大都会集团,J,Finance,金融业,ghg_corporate_standard,GHG Protocol Corporate Accounting and Reporting Standard,GHG Protocol 企业核算与报告标准,Standard,标准,Corporate inventory accounting standard,企业组织层面清单核算标准,"Relevance, completeness, consistency, transparency, and accuracy.",相关性、完整性、一致性、透明性和准确性。,"Within GHG Protocol evidence, this may define Scope 1 and Scope 2 corporate inventory boundaries.",仅在 GHG Protocol 证据下使用 Scope 1/2 的组织层面清单口径。,explicit_series_citation,page_text_explicitly_names_whitelisted_series,"(?:ghg protocol|greenhouse gas protocol|wri|world resources institute|world business council)[\s\S]{0,160}corporate standard",3,76,metlife_sustainability_report_2024.pdf,pdf_explicit_series_citation,pdf_page_backfill,"MetLife. These financed emissions are lastly aggregated at the portfolio level. All calculations are performed in accordance with Partnership for Carbon Accounting Financials and Greenhouse Gas Protocol Corporate Standard guidance. Physical Risk Exposure FN-IN-450a.1, Probable Maximum Loss (PML) of insured products from weather-related natural catastrophes …","MetLife. These financed emissions are lastly aggregated at the portfolio level. All calculations are performed in accordance with Partnership for Carbon Accounting Financials and Greenhouse Gas Protocol Corporate Standard guidance. Physical Risk Exposure FN-IN-450a.1, Probable Maximum Loss (PML) of insured products from weather-related natural catastrophes …",Accepted standard-company edge: source evidence explicitly names this GHG Protocol fine series.,可采信标准-企业关系：原文证据明确命名该 GHG Protocol 细分系列。
r202_metlife,202,METLIFE,美国大都会集团,J,Finance,金融业,ghg_financial_industry_standard,Global GHG Accounting and Reporting Standard for the Financial Industry,金融行业全球温室气体核算与报告标准,Sector standard / guidance,行业标准/指南,Financial-industry financed-emissions methodology,金融行业投融资排放方法学,Measure financed emissions for loans and investments when explicitly cited.,原文明示时用于贷款和投资的投融资排放测算。,Use financed-emissions wording rather than corporate operational Scope totals.,使用投融资排放口径，不改写为企业运营 Scope 总量。,explicit_series_citation,page_text_explicitly_names_whitelisted_series,partnership for carbon accounting financials,7,76 | 11 | 28,metlife_sustainability_report_2024.pdf,pdf_explicit_series_citation,pdf_page_backfill,"age to get the financed emissions attributable to MetLife. These financed emissions are lastly aggregated at the portfolio level. All calculations are performed in accordance with Partnership for Carbon Accounting Financials and Greenhouse Gas Protocol Corporate Standard guidance. Physical Risk Exposure FN-IN-450a.1, Probable Maximum Loss (PML) of insured p…","age to get the financed emissions attributable to MetLife. These financed emissions are lastly aggregated at the portfolio level. All calculations are performed in accordance with Partnership for Carbon Accounting Financials and Greenhouse Gas Protocol Corporate Standard guidance. Physical Risk Exposure FN-IN-450a.1, Probable Maximum Loss (PML) of insured p…",Accepted standard-company edge: source evidence explicitly names this GHG Protocol fine series.,可采信标准-企业关系：原文证据明确命名该 GHG Protocol 细分系列。
r204_lloydsbankinggroup,204,LLOYDS BANKING GROUP,英国劳埃德银行集团,J,Finance,金融业,ghg_corporate_standard,GHG Protocol Corporate Accounting and Reporting Standard,GHG Protocol 企业核算与报告标准,Standard,标准,Corporate inventory accounting standard,企业组织层面清单核算标准,"Relevance, completeness, consistency, transparency, and accuracy.",相关性、完整性、一致性、透明性和准确性。,"Within GHG Protocol evidence, this may define Scope 1 and Scope 2 corporate inventory boundaries.",仅在 GHG Protocol 证据下使用 Scope 1/2 的组织层面清单口径。,explicit_series_citation,page_text_explicitly_names_whitelisted_series,corporate accounting and reporting standard,4,63 | 47,Lloyds_Banking_Group_Annual_Report_2024.pdf,pdf_explicit_series_citation,pdf_page_backfill,"Streamlined energy carbon reporting Methodology The Group follows the principles of the Greenhouse Gas (GHG) Protocol Corporate Accounting and Reporting Standard to calculate Scope 1, 2 and 3 emissions from our worldwide operations. Energy consumption is calculated according to guidance set out by the Department for Energy Security and Net","Streamlined energy carbon reporting Methodology The Group follows the principles of the Greenhouse Gas (GHG) Protocol Corporate Accounting and Reporting Standard to calculate Scope 1, 2 and 3 emissions from our worldwide operations. Energy consumption is calculated according to guidance set out by the Department for Energy Security and Net",Accepted standard-company edge: source evidence explicitly names this GHG Protocol fine series.,可采信标准-企业关系：原文证据明确命名该 GHG Protocol 细分系列。
r205_deutschebank,205,DEUTSCHE BANK,德意志银行,J,Finance,金融业,ghg_financial_industry_standard,Global GHG Accounting and Reporting Standard for the Financial Industry,金融行业全球温室气体核算与报告标准,Sector standard / guidance,行业标准/指南,Financial-industry financed-emissions methodology,金融行业投融资排放方法学,Measure financed emissions for loans and investments when explicitly cited.,原文明示时用于贷款和投资的投融资排放测算。,Use financed-emissions wording rather than corporate operational Scope totals.,使用投融资排放口径，不改写为企业运营 Scope 总量。,explicit_series_citation,page_text_explicitly_names_whitelisted_series,partnership for carbon accounting financials | \bpcaf\b,7,308 | 311 | 316 | 312,Deutsche_Bank_Annual_Report_2024.pdf,pdf_explicit_series_citation,pdf_page_backfill,276 Deutsche Bank Environmental information Annual Report 2024 Climate change Financed Emissions: Scope 3 Category 15 ESRS E1-6 The financed emissions calculations follow the Partnership for Carbon Accounting Financials (“PCAF”) Standard as detailed in the Methodological Notes in this section and are in line with the recommendations of the Task Force on Cli…,276 Deutsche Bank Environmental information Annual Report 2024 Climate change Financed Emissions: Scope 3 Category 15 ESRS E1-6 The financed emissions calculations follow the Partnership for Carbon Accounting Financials (“PCAF”) Standard as detailed in the Methodological Notes in this section and are in line with the recommendations of the Task Force on Cli…,Accepted standard-company edge: source evidence explicitly names this GHG Protocol fine series.,可采信标准-企业关系：原文证据明确命名该 GHG Protocol 细分系列。
r208_sumitomomitsuifinancialgroup,208,SUMITOMO MITSUI FINANCIAL GROUP,日本三井住友金融集团,J,Finance,金融业,ghg_financial_industry_standard,Global GHG Accounting and Reporting Standard for the Financial Industry,金融行业全球温室气体核算与报告标准,Sector standard / guidance,行业标准/指南,Financial-industry financed-emissions methodology,金融行业投融资排放方法学,Measure financed emissions for loans and investments when explicitly cited.,原文明示时用于贷款和投资的投融资排放测算。,Use financed-emissions wording rather than corporate operational Scope totals.,使用投融资排放口径，不改写为企业运营 Scope 总量。,explicit_series_citation,page_text_explicitly_names_whitelisted_series,\bpcaf\b,6,90 | 127 | 128,SUMITOMO MITSUI FINANCIAL GROUP sustainability_report_e_2025.pdf,pdf_explicit_series_citation,pdf_page_backfill,"ng progress. ⚫ Calculates GHG emissions in the power and oil & gas sectors for underwriting, which is the core business of securities business. ⚫ Based on the final version of the PCAF guidelines, the calculation method has been advanced. ⚫Appendix: Methodology for calculating Underwriting Financed Emissions ⚫Sumitomo Mitsui DS Asset Management website > In…","ng progress. ⚫ Calculates GHG emissions in the power and oil & gas sectors for underwriting, which is the core business of securities business. ⚫ Based on the final version of the PCAF guidelines, the calculation method has been advanced. ⚫Appendix: Methodology for calculating Underwriting Financed Emissions ⚫Sumitomo Mitsui DS Asset Management website > In…",Accepted standard-company edge: source evidence explicitly names this GHG Protocol fine series.,可采信标准-企业关系：原文证据明确命名该 GHG Protocol 细分系列。
r209_lg电子,209,LG Electronics,LG电子,C,Manufacturing,制造业,ghg_corporate_standard,GHG Protocol Corporate Accounting and Reporting Standard,GHG Protocol 企业核算与报告标准,Standard,标准,Corporate inventory accounting standard,企业组织层面清单核算标准,"Relevance, completeness, consistency, transparency, and accuracy.",相关性、完整性、一致性、透明性和准确性。,"Within GHG Protocol evidence, this may define Scope 1 and Scope 2 corporate inventory boundaries.",仅在 GHG Protocol 证据下使用 Scope 1/2 的组织层面清单口径。,explicit_series_citation,page_text_explicitly_names_whitelisted_series,corporate accounting and reporting standard,7,165 | 164,2024-2025_LGE_Sustainability_Report_English.pdf,pdf_explicit_series_citation,pdf_page_backfill,"the Company’s Greenhouse Gas Statement. The Company is responsible for the preparation of the GHG statement on the basis set out within Audit Standard, ‘WRI/WBCSD GHG Protocol: A Corporate Accounting and Reporting Standard ’, ‘The Corporate Value Chain (Scope 3) Accounting and Reporting Standard’, ‘IPCC Guidelines: 2006’ The Company has full responsibility …","the Company’s Greenhouse Gas Statement. The Company is responsible for the preparation of the GHG statement on the basis set out within Audit Standard, ‘WRI/WBCSD GHG Protocol: A Corporate Accounting and Reporting Standard ’, ‘The Corporate Value Chain (Scope 3) Accounting and Reporting Standard’, ‘IPCC Guidelines: 2006’ The Company has full responsibility …",Accepted standard-company edge: source evidence explicitly names this GHG Protocol fine series.,可采信标准-企业关系：原文证据明确命名该 GHG Protocol 细分系列。
r209_lg电子,209,LG Electronics,LG电子,C,Manufacturing,制造业,ghg_scope3_standard,GHG Protocol Corporate Value Chain (Scope 3) Accounting and Reporting Standard,GHG Protocol 企业价值链（Scope 3）核算与报告标准,Standard,标准,Value-chain emissions accounting standard,价值链排放核算标准,Scope 3 categories are GHG Protocol-specific category language.,Scope 3 类别是 GHG Protocol 特有的类别口径。,Scope 3 and Scope 3 category names are only used for GHG Protocol evidence.,Scope 3 及十五类类别口径只在 GHG Protocol 证据下使用。,explicit_series_citation,page_text_explicitly_names_whitelisted_series,corporate value chain\s*\(scope 3\),5,165 | 164,2024-2025_LGE_Sustainability_Report_English.pdf,pdf_explicit_series_citation,pdf_page_backfill,"is responsible for the preparation of the GHG statement on the basis set out within Audit Standard, ‘WRI/WBCSD GHG Protocol: A Corporate Accounting and Reporting Standard ’, ‘The Corporate Value Chain (Scope 3) Accounting and Reporting Standard’, ‘IPCC Guidelines: 2006’ The Company has full responsibility of the GHG statement. According to terms of contract…","is responsible for the preparation of the GHG statement on the basis set out within Audit Standard, ‘WRI/WBCSD GHG Protocol: A Corporate Accounting and Reporting Standard ’, ‘The Corporate Value Chain (Scope 3) Accounting and Reporting Standard’, ‘IPCC Guidelines: 2006’ The Company has full responsibility of the GHG statement. According to terms of contract…",Accepted standard-company edge: source evidence explicitly names this GHG Protocol fine series.,可采信标准-企业关系：原文证据明确命名该 GHG Protocol 细分系列。
r215_munichregroup,215,MUNICH RE GROUP,慕尼黑再保险集团,J,Finance,金融业,ghg_financial_industry_standard,Global GHG Accounting and Reporting Standard for the Financial Industry,金融行业全球温室气体核算与报告标准,Sector standard / guidance,行业标准/指南,Financial-industry financed-emissions methodology,金融行业投融资排放方法学,Measure financed emissions for loans and investments when explicitly cited.,原文明示时用于贷款和投资的投融资排放测算。,Use financed-emissions wording rather than corporate operational Scope totals.,使用投融资排放口径，不改写为企业运营 Scope 总量。,explicit_series_citation,page_text_explicitly_names_whitelisted_series,\bpcaf\b | partnership for carbon accounting financials,7,101 | 104 | 105,MunichRe-Group-Annual-Report-2024-en.pdf,pdf_explicit_series_citation,pdf_page_backfill,"Structured standard tag: GHG Protocol; Standard role: Accounting standard; Matched keywords: PCAF financed emissions methodology CO2e for thermal coal and 1,032,872 t CO2e for oil and gas. The asset classes covered by the Munich Re Group Ambition 2025 targets are currently not","Structured standard tag: GHG Protocol; Standard role: Accounting standard; Matched keywords: PCAF financed emissions methodology CO2e for thermal coal and 1,032,872 t CO2e for oil and gas. The asset classes covered by the Munich Re Group Ambition 2025 targets are currently not",Accepted standard-company edge: source evidence explicitly names this GHG Protocol fine series.,可采信标准-企业关系：原文证据明确命名该 GHG Protocol 细分系列。
r215_munichregroup,215,MUNICH RE GROUP,慕尼黑再保险集团,J,Finance,金融业,ghg_scope3_standard,GHG Protocol Corporate Value Chain (Scope 3) Accounting and Reporting Standard,GHG Protocol 企业价值链（Scope 3）核算与报告标准,Standard,标准,Value-chain emissions accounting standard,价值链排放核算标准,Scope 3 categories are GHG Protocol-specific category language.,Scope 3 类别是 GHG Protocol 特有的类别口径。,Scope 3 and Scope 3 category names are only used for GHG Protocol evidence.,Scope 3 及十五类类别口径只在 GHG Protocol 证据下使用。,explicit_series_citation,page_text_explicitly_names_whitelisted_series,corporate value chain\s*\(scope 3\),2,104,MunichRe-Group-Annual-Report-2024-en.pdf,pdf_explicit_series_citation,pdf_page_backfill,"–2 3 246 121 19 100 Project finance 1–2 536 394 28 100 Total financed emissions 7284057 In accordance with the principles and provisions of the Green House Gas Protocol (GHGP) Corporate Value Chain (Scope 3) Accounting and Reporting Standard (2011), the financed emissions comprise our equity instruments, debt instruments in companies with known and unkn…","–2 3 246 121 19 100 Project finance 1–2 536 394 28 100 Total financed emissions 7284057 In accordance with the principles and provisions of the Green House Gas Protocol (GHGP) Corporate Value Chain (Scope 3) Accounting and Reporting Standard (2011), the financed emissions comprise our equity instruments, debt instruments in companies with known and unkn…",Accepted standard-company edge: source evidence explicitly names this GHG Protocol fine series.,可采信标准-企业关系：原文证据明确命名该 GHG Protocol 细分系列。
r224_zurichinsurancegroup,224,ZURICH INSURANCE GROUP,苏黎世保险集团,J,Finance,金融业,ghg_corporate_standard,GHG Protocol Corporate Accounting and Reporting Standard,GHG Protocol 企业核算与报告标准,Standard,标准,Corporate inventory accounting standard,企业组织层面清单核算标准,"Relevance, completeness, consistency, transparency, and accuracy.",相关性、完整性、一致性、透明性和准确性。,"Within GHG Protocol evidence, this may define Scope 1 and Scope 2 corporate inventory boundaries.",仅在 GHG Protocol 证据下使用 Scope 1/2 的组织层面清单口径。,explicit_series_citation,page_text_explicitly_names_whitelisted_series,corporate accounting and reporting standard,2,63,ZURICH INSURANCE GROUP sustainability-report-2024.pdf,pdf_explicit_series_citation,pdf_page_backfill,"sustainability/planet/sustainable-operations 3 3Our environmental reporting methodology follows the GRI Standard, which is based on the requirements of the Greenhouse Gas Protocol Corporate Accounting and Reporting Standard. For more details on methodology, visit our website: www.zurich.com/sustainability/planet/sustainable-operations PDF full-document exac…","sustainability/planet/sustainable-operations 3 3Our environmental reporting methodology follows the GRI Standard, which is based on the requirements of the Greenhouse Gas Protocol Corporate Accounting and Reporting Standard. For more details on methodology, visit our website: www.zurich.com/sustainability/planet/sustainable-operations PDF full-document exac…",Accepted standard-company edge: source evidence explicitly names this GHG Protocol fine series.,可采信标准-企业关系：原文证据明确命名该 GHG Protocol 细分系列。
r224_zurichinsurancegroup,224,ZURICH INSURANCE GROUP,苏黎世保险集团,J,Finance,金融业,ghg_financial_industry_standard,Global GHG Accounting and Reporting Standard for the Financial Industry,金融行业全球温室气体核算与报告标准,Sector standard / guidance,行业标准/指南,Financial-industry financed-emissions methodology,金融行业投融资排放方法学,Measure financed emissions for loans and investments when explicitly cited.,原文明示时用于贷款和投资的投融资排放测算。,Use financed-emissions wording rather than corporate operational Scope totals.,使用投融资排放口径，不改写为企业运营 Scope 总量。,explicit_series_citation,page_text_explicitly_names_whitelisted_series,\bpcaf\b | partnership for carbon accounting financials,8,57 | 13 | 46 | 48,ZURICH INSURANCE GROUP sustainability-report-2024.pdf,pdf_explicit_series_citation,pdf_page_backfill,"Structured standard tag: GHG Protocol; Standard role: Accounting standard; Matched keywords: PCAF financed emissions methodology is can be attributed to a company’s underlying equity and/or debt investors, who are ready to take additional responsibility for the emissions. To c","Structured standard tag: GHG Protocol; Standard role: Accounting standard; Matched keywords: PCAF financed emissions methodology is can be attributed to a company’s underlying equity and/or debt investors, who are ready to take additional responsibility for the emissions. To c",Accepted standard-company edge: source evidence explicitly names this GHG Protocol fine series.,可采信标准-企业关系：原文证据明确命名该 GHG Protocol 细分系列。
r230_bungeglobal,230,BUNGE GLOBAL,邦吉公司,C,Manufacturing,制造业,ghg_scope3_standard,GHG Protocol Corporate Value Chain (Scope 3) Accounting and Reporting Standard,GHG Protocol 企业价值链（Scope 3）核算与报告标准,Standard,标准,Value-chain emissions accounting standard,价值链排放核算标准,Scope 3 categories are GHG Protocol-specific category language.,Scope 3 类别是 GHG Protocol 特有的类别口径。,Scope 3 and Scope 3 category names are only used for GHG Protocol evidence.,Scope 3 及十五类类别口径只在 GHG Protocol 证据下使用。,explicit_series_citation,page_text_explicitly_names_whitelisted_series,corporate value chain.*scope 3,6,7 | 24,2025-Bunge-Global-Sustainability-Report.pdf,pdf_explicit_series_citation,pdf_page_backfill,"or vessel performance and cargo ship routes, which help us achieve speed and route optimization, promote safety during the voyage and lower consumption of fuel. 1 The GHG Protocol Corporate Value Chain Accounting and Reporting Standard divides Scope 3 in 15 categories of emission. Bunge’s inventory includes 13 of these categories. Downstream leased assets a…","or vessel performance and cargo ship routes, which help us achieve speed and route optimization, promote safety during the voyage and lower consumption of fuel. 1 The GHG Protocol Corporate Value Chain Accounting and Reporting Standard divides Scope 3 in 15 categories of emission. Bunge’s inventory includes 13 of these categories. Downstream leased assets a…",Accepted standard-company edge: source evidence explicitly names this GHG Protocol fine series.,可采信标准-企业关系：原文证据明确命名该 GHG Protocol 细分系列。
r235_conocophillips,235,CONOCOPHILLIPS,康菲石油公司,B,Mining,采矿业,ghg_corporate_standard,GHG Protocol Corporate Accounting and Reporting Standard,GHG Protocol 企业核算与报告标准,Standard,标准,Corporate inventory accounting standard,企业组织层面清单核算标准,"Relevance, completeness, consistency, transparency, and accuracy.",相关性、完整性、一致性、透明性和准确性。,"Within GHG Protocol evidence, this may define Scope 1 and Scope 2 corporate inventory boundaries.",仅在 GHG Protocol 证据下使用 Scope 1/2 的组织层面清单口径。,explicit_series_citation,page_text_explicitly_names_whitelisted_series,corporate accounting and reporting standard,6,23 | 27,2024-sustainability-report CONOCOPHILLIPS.pdf,pdf_explicit_series_citation,pdf_page_backfill,Managing climate-related risks 21 3 In support of our company reporting practices that are based on the data principles from the World Resources Institute Greenhouse Gas Protocol Corporate Accounting and Reporting Standard. SCOPE 1 — Direct GHG emissions from sources owned or controlled by ConocoPhillips. SCOPE 2 — GHG emissions from the generation of purch…,Managing climate-related risks 21 3 In support of our company reporting practices that are based on the data principles from the World Resources Institute Greenhouse Gas Protocol Corporate Accounting and Reporting Standard. SCOPE 1 — Direct GHG emissions from sources owned or controlled by ConocoPhillips. SCOPE 2 — GHG emissions from the generation of purch…,Accepted standard-company edge: source evidence explicitly names this GHG Protocol fine series.,可采信标准-企业关系：原文证据明确命名该 GHG Protocol 细分系列。
r236_pfizer,236,PFIZER,辉瑞制药有限公司,C,Manufacturing,制造业,ghg_corporate_standard,GHG Protocol Corporate Accounting and Reporting Standard,GHG Protocol 企业核算与报告标准,Standard,标准,Corporate inventory accounting standard,企业组织层面清单核算标准,"Relevance, completeness, consistency, transparency, and accuracy.",相关性、完整性、一致性、透明性和准确性。,"Within GHG Protocol evidence, this may define Scope 1 and Scope 2 corporate inventory boundaries.",仅在 GHG Protocol 证据下使用 Scope 1/2 的组织层面清单口径。,explicit_series_citation,page_text_explicitly_names_whitelisted_series,"(?:ghg protocol|greenhouse gas protocol|wri|world resources institute|world business council)[\s\S]{0,160}corporate standard",4,33 | 53,Pfizer_2024_Impact_Report_02JUN2025.pdf,pdf_explicit_series_citation,pdf_page_backfill,"9 data is independently verified to the limited assurance level. Data for 2022-2024 is independently verified to the reasonable assurance level. 2 Scopes 1 and 2 as defined by the GHG Protocol Corporate Standard: • Scope 1: Direct GHG emissions. Direct GHG emissions occur from sources that are owned or controlled by the company, for example, emissions from …","9 data is independently verified to the limited assurance level. Data for 2022-2024 is independently verified to the reasonable assurance level. 2 Scopes 1 and 2 as defined by the GHG Protocol Corporate Standard: • Scope 1: Direct GHG emissions. Direct GHG emissions occur from sources that are owned or controlled by the company, for example, emissions from …",Accepted standard-company edge: source evidence explicitly names this GHG Protocol fine series.,可采信标准-企业关系：原文证据明确命名该 GHG Protocol 细分系列。
r237_deltaairlines,237,DELTA AIR LINES,达美航空,G,"Transport, Storage and Post",交通运输、仓储和邮政业,ghg_corporate_standard,GHG Protocol Corporate Accounting and Reporting Standard,GHG Protocol 企业核算与报告标准,Standard,标准,Corporate inventory accounting standard,企业组织层面清单核算标准,"Relevance, completeness, consistency, transparency, and accuracy.",相关性、完整性、一致性、透明性和准确性。,"Within GHG Protocol evidence, this may define Scope 1 and Scope 2 corporate inventory boundaries.",仅在 GHG Protocol 证据下使用 Scope 1/2 的组织层面清单口径。,explicit_series_citation,page_text_explicitly_names_whitelisted_series,corporate accounting and reporting standard,6,8 | 56,delta-difference-2024-report.pdf,pdf_explicit_series_citation,pdf_page_backfill,"ne’s 2024 greenhouse gas emissions inventory according to the World Business Council for Sustainable Development and the World Resource Institute’s “The Greenhouse Gas Protocol: A Corporate Accounting and Reporting Standard” (Revised Edition). Dillon conducted the veriﬁcation according to ISO 14064-3: 2019 Standard. Based on the procedures undertaken, Dillo…","ne’s 2024 greenhouse gas emissions inventory according to the World Business Council for Sustainable Development and the World Resource Institute’s “The Greenhouse Gas Protocol: A Corporate Accounting and Reporting Standard” (Revised Edition). Dillon conducted the veriﬁcation according to ISO 14064-3: 2019 Standard. Based on the procedures undertaken, Dillo…",Accepted standard-company edge: source evidence explicitly names this GHG Protocol fine series.,可采信标准-企业关系：原文证据明确命名该 GHG Protocol 细分系列。
r238_chinahuanenggroup,238,CHINA HUANENG GROUP,中国华能集团有限公司,D,Unknown,电力、热力、燃气及水生产和供应业,ghg_corporate_standard,GHG Protocol Corporate Accounting and Reporting Standard,GHG Protocol 企业核算与报告标准,Standard,标准,Corporate inventory accounting standard,企业组织层面清单核算标准,"Relevance, completeness, consistency, transparency, and accuracy.",相关性、完整性、一致性、透明性和准确性。,"Within GHG Protocol evidence, this may define Scope 1 and Scope 2 corporate inventory boundaries.",仅在 GHG Protocol 证据下使用 Scope 1/2 的组织层面清单口径。,explicit_series_citation,page_text_explicitly_names_whitelisted_series,corporate accounting and reporting standard,2,58,AIA GROUP-Main-ESG-Report_CH.pdf,pdf_explicit_series_citation,pdf_page_backfill,標，包括按 性別和年齡劃分的員工流失率（第6 頁）以及按市場、性別、年齡及職級 劃分的員工結構概覽（第10 頁）依 據獨立執業會計師就友邦保險控股有 限公司的經識別的可持續發展資料的 有限保證鑒證報告進行鑒證。請參閱 第32 頁以獲取此數據鑒證工作中涵 蓋的細分營運範圍。 數據計量方法 友邦保險根據溫室氣體協議企業會計 和報告標準（GHG Protocol Corporate Accounting and Reporting Standard）、溫室氣體協議範圍2 指 南及香港特別行政區政府環保署提供 的指引計算排放量，亦會透過公用事 業公司可持續發展報告、溫室氣體協 議數據庫及國際能源總署（IEA） 2024 年排放因子數據庫，確定各個 營運地區溫室氣體排放（範圍1 和 2）的排放因子。我們參照英國政府 環…,標，包括按 性別和年齡劃分的員工流失率（第6 頁）以及按市場、性別、年齡及職級 劃分的員工結構概覽（第10 頁）依 據獨立執業會計師就友邦保險控股有 限公司的經識別的可持續發展資料的 有限保證鑒證報告進行鑒證。請參閱 第32 頁以獲取此數據鑒證工作中涵 蓋的細分營運範圍。 數據計量方法 友邦保險根據溫室氣體協議企業會計 和報告標準（GHG Protocol Corporate Accounting and Reporting Standard）、溫室氣體協議範圍2 指 南及香港特別行政區政府環保署提供 的指引計算排放量，亦會透過公用事 業公司可持續發展報告、溫室氣體協 議數據庫及國際能源總署（IEA） 2024 年排放因子數據庫，確定各個 營運地區溫室氣體排放（範圍1 和 2）的排放因子。我們參照英國政府 環…,Accepted standard-company edge: source evidence explicitly names this GHG Protocol fine series.,可采信标准-企业关系：原文证据明确命名该 GHG Protocol 细分系列。
r245_assicurazionigenerali,245,ASSICURAZIONI GENERALI,意大利忠利保险公司,J,Unknown,金融业,ghg_scope3_standard,GHG Protocol Corporate Value Chain (Scope 3) Accounting and Reporting Standard,GHG Protocol 企业价值链（Scope 3）核算与报告标准,Standard,标准,Value-chain emissions accounting standard,价值链排放核算标准,Scope 3 categories are GHG Protocol-specific category language.,Scope 3 类别是 GHG Protocol 特有的类别口径。,Scope 3 and Scope 3 category names are only used for GHG Protocol evidence.,Scope 3 及十五类类别口径只在 GHG Protocol 证据下使用。,explicit_series_citation,page_text_explicitly_names_whitelisted_series,corporate value chain\s*\(scope 3\),2,92,daimler-truck-ir-annual-report-2024-incl-combined-management-report-dth-ag.pdf,pdf_explicit_series_citation,pdf_page_backfill,"particular note are the material Scope 3 categories, which were identified based on the magnitude of their estimated greenhouse gas emissions and the criteria of the GHG Protocol Corporate Value Chain (Scope 3) Accounting and Reporting Standard. These categories include emissions from purchased goods and services (3.1) and the use of products sold (3.11). 1…","particular note are the material Scope 3 categories, which were identified based on the magnitude of their estimated greenhouse gas emissions and the criteria of the GHG Protocol Corporate Value Chain (Scope 3) Accounting and Reporting Standard. These categories include emissions from purchased goods and services (3.1) and the use of products sold (3.11). 1…",Accepted standard-company edge: source evidence explicitly names this GHG Protocol fine series.,可采信标准-企业关系：原文证据明确命名该 GHG Protocol 细分系列。
r247_repsol,247,REPSOL,雷普索尔公司,D,"Electricity, Heat, Gas and Water Production and Supply",电力、热力、燃气及水生产和供应业,ghg_corporate_standard,GHG Protocol Corporate Accounting and Reporting Standard,GHG Protocol 企业核算与报告标准,Standard,标准,Corporate inventory accounting standard,企业组织层面清单核算标准,"Relevance, completeness, consistency, transparency, and accuracy.",相关性、完整性、一致性、透明性和准确性。,"Within GHG Protocol evidence, this may define Scope 1 and Scope 2 corporate inventory boundaries.",仅在 GHG Protocol 证据下使用 Scope 1/2 的组织层面清单口径。,explicit_series_citation,page_text_explicitly_names_whitelisted_series,"(?:ghg protocol|greenhouse gas protocol|wri|world resources institute|world business council)[\s\S]{0,160}corporate standard",5,40 | 21,REPSOL consolidated-statement-non-financial-information-sustainability-information-2024.pdf,pdf_explicit_series_citation,pdf_page_backfill,"monitor compliance with the Company's decarbonization targets. Environmental information / Climate Change 2024 Non-Financial and Sustainability Information 40 Repsol Group 36 The GHG Protocol guides for Scope 1, 2 and 3 can be found at: Corporate standard; Scope 2; Scope 3. PDF full-document exact-series scan: the report page names a controlled GHG Protocol…","monitor compliance with the Company's decarbonization targets. Environmental information / Climate Change 2024 Non-Financial and Sustainability Information 40 Repsol Group 36 The GHG Protocol guides for Scope 1, 2 and 3 can be found at: Corporate standard; Scope 2; Scope 3. PDF full-document exact-series scan: the report page names a controlled GHG Protocol…",Accepted standard-company edge: source evidence explicitly names this GHG Protocol fine series.,可采信标准-企业关系：原文证据明确命名该 GHG Protocol 细分系列。
r247_repsol,247,REPSOL,雷普索尔公司,D,"Electricity, Heat, Gas and Water Production and Supply",电力、热力、燃气及水生产和供应业,ghg_scope3_standard,GHG Protocol Corporate Value Chain (Scope 3) Accounting and Reporting Standard,GHG Protocol 企业价值链（Scope 3）核算与报告标准,Standard,标准,Value-chain emissions accounting standard,价值链排放核算标准,Scope 3 categories are GHG Protocol-specific category language.,Scope 3 类别是 GHG Protocol 特有的类别口径。,Scope 3 and Scope 3 category names are only used for GHG Protocol evidence.,Scope 3 及十五类类别口径只在 GHG Protocol 证据下使用。,explicit_series_citation,page_text_explicitly_names_whitelisted_series,corporate value chain\s*\(scope 3\),6,21 | 134,REPSOL consolidated-statement-non-financial-information-sustainability-information-2024.pdf,pdf_explicit_series_citation,pdf_page_backfill,imate impact of these gases is greater compared to CO₂. Indirect emissions (Scope 3) The reported Scope 3 emissions are aligned with the principles established by the GHG Protocol Corporate Value Chain (Scope 3) Accounting and Reporting Standard and reflect the methodological approach followed to quantify the Company's indirect value chain emissions. The ca…,imate impact of these gases is greater compared to CO₂. Indirect emissions (Scope 3) The reported Scope 3 emissions are aligned with the principles established by the GHG Protocol Corporate Value Chain (Scope 3) Accounting and Reporting Standard and reflect the methodological approach followed to quantify the Company's indirect value chain emissions. The ca…,Accepted standard-company edge: source evidence explicitly names this GHG Protocol fine series.,可采信标准-企业关系：原文证据明确命名该 GHG Protocol 细分系列。
r248_lenovogroup,248,LENOVO GROUP,联想集团有限公司,C,Manufacturing,制造业,ghg_corporate_standard,GHG Protocol Corporate Accounting and Reporting Standard,GHG Protocol 企业核算与报告标准,Standard,标准,Corporate inventory accounting standard,企业组织层面清单核算标准,"Relevance, completeness, consistency, transparency, and accuracy.",相关性、完整性、一致性、透明性和准确性。,"Within GHG Protocol evidence, this may define Scope 1 and Scope 2 corporate inventory boundaries.",仅在 GHG Protocol 证据下使用 Scope 1/2 的组织层面清单口径。,explicit_series_citation,page_text_explicitly_names_whitelisted_series,corporate accounting and reporting standard,8,100,FY2025-lenovo-sustainability-report.pdf,seed_batch_06,medium,"Accuracy 相关性|完整性|一致性|透明性|准确性 100 Lenovo Group Limited 2024/25 Environmental, Social and Governance Report GHG emissions measurement approach Approach Standards used • GHG Protocol Corporate Accounting and Reporting Standard (2004) • GHG Protocol Scope 2 Guidance (2015) 100 Lenovo Group Limited 2024/25 Environmental, Social and Governance Report GHG emission…","Accuracy 相关性|完整性|一致性|透明性|准确性 100 Lenovo Group Limited 2024/25 Environmental, Social and Governance Report GHG emissions measurement approach Approach Standards used • GHG Protocol Corporate Accounting and Reporting Standard (2004) • GHG Protocol Scope 2 Guidance (2015) 100 Lenovo Group Limited 2024/25 Environmental, Social and Governance Report GHG emission…",Accepted standard-company edge: source evidence explicitly names this GHG Protocol fine series.,可采信标准-企业关系：原文证据明确命名该 GHG Protocol 细分系列。
r248_lenovogroup,248,LENOVO GROUP,联想集团有限公司,C,Manufacturing,制造业,ghg_scope2_guidance,GHG Protocol Scope 2 Guidance,GHG Protocol Scope 2 指南,Guidance,指南,Purchased electricity and energy method guidance,外购电力与能源口径指南,Location-based and market-based Scope 2 reporting are separated when cited.,原文显式引用时区分位置法与市场法 Scope 2 披露。,Scope 2 market-based and location-based language is treated as GHG-specific.,Scope 2 市场法/位置法术语只在 GHG Protocol 语境下使用。,explicit_series_citation,page_text_explicitly_names_whitelisted_series,scope 2 guidance,8,100,FY2025-lenovo-sustainability-report.pdf,seed_batch_06,medium,"ronmental, Social and Governance Report GHG emissions measurement approach Approach Standards used • GHG Protocol Corporate Accounting and Reporting Standard (2004) • GHG Protocol Scope 2 Guidance (2015) 100 Lenovo Group Limited 2024/25 Environmental, Social and Governance Report GHG emissions measurement approach Approach Standards used • GHG Protocol Corp…","ronmental, Social and Governance Report GHG emissions measurement approach Approach Standards used • GHG Protocol Corporate Accounting and Reporting Standard (2004) • GHG Protocol Scope 2 Guidance (2015) 100 Lenovo Group Limited 2024/25 Environmental, Social and Governance Report GHG emissions measurement approach Approach Standards used • GHG Protocol Corp…",Accepted standard-company edge: source evidence explicitly names this GHG Protocol fine series.,可采信标准-企业关系：原文证据明确命名该 GHG Protocol 细分系列。
r248_lenovogroup,248,LENOVO GROUP,联想集团有限公司,C,Manufacturing,制造业,ghg_scope3_standard,GHG Protocol Corporate Value Chain (Scope 3) Accounting and Reporting Standard,GHG Protocol 企业价值链（Scope 3）核算与报告标准,Standard,标准,Value-chain emissions accounting standard,价值链排放核算标准,Scope 3 categories are GHG Protocol-specific category language.,Scope 3 类别是 GHG Protocol 特有的类别口径。,Scope 3 and Scope 3 category names are only used for GHG Protocol evidence.,Scope 3 及十五类类别口径只在 GHG Protocol 证据下使用。,explicit_series_citation,page_text_explicitly_names_whitelisted_series,corporate value chain\s*\(scope 3\),4,100,FY2025-lenovo-sustainability-report.pdf,pdf_explicit_series_citation,pdf_page_backfill,GHG emissions measurement approach Approach Standards used • GHG Protocol Corporate Accounting and Reporting Standard (2004) • GHG Protocol Scope 2 Guidance (2015) • GHG Protocol Corporate Value Chain (Scope 3) Accounting and Reporting Standard (2011) Measurement approach Operational control due to the ability to take full ownership of all GHG emissions Len…,GHG emissions measurement approach Approach Standards used • GHG Protocol Corporate Accounting and Reporting Standard (2004) • GHG Protocol Scope 2 Guidance (2015) • GHG Protocol Corporate Value Chain (Scope 3) Accounting and Reporting Standard (2011) Measurement approach Operational control due to the ability to take full ownership of all GHG emissions Len…,Accepted standard-company edge: source evidence explicitly names this GHG Protocol fine series.,可采信标准-企业关系：原文证据明确命名该 GHG Protocol 细分系列。
r260_newyorklifeinsurance,260,NEW YORK LIFE INSURANCE,美国纽约人寿保险公司,J,Finance,金融业,ghg_corporate_standard,GHG Protocol Corporate Accounting and Reporting Standard,GHG Protocol 企业核算与报告标准,Standard,标准,Corporate inventory accounting standard,企业组织层面清单核算标准,"Relevance, completeness, consistency, transparency, and accuracy.",相关性、完整性、一致性、透明性和准确性。,"Within GHG Protocol evidence, this may define Scope 1 and Scope 2 corporate inventory boundaries.",仅在 GHG Protocol 证据下使用 Scope 1/2 的组织层面清单口径。,explicit_series_citation,page_text_explicitly_names_whitelisted_series,"(?:ghg protocol|greenhouse gas protocol|wri|world resources institute|world business council)[\s\S]{0,160}corporate standard",6,44 | 61,2024NEW YORK LIFE INSURANCE Corporate-Responsibility-Report.pdf,pdf_explicit_series_citation,pdf_page_backfill,"nal Scope 1 and 2 were down 16% compared to our 2019 baseline. This is due to reduced energy usage and the addition of new sites with actual data to our footprint. We leverage the GHG Protocol Corporate Standardxvii to calculate our emissions. Additionally, New York Life employs estimates for about 30% of our Scope 2 emissions (based on total square footage…","nal Scope 1 and 2 were down 16% compared to our 2019 baseline. This is due to reduced energy usage and the addition of new sites with actual data to our footprint. We leverage the GHG Protocol Corporate Standardxvii to calculate our emissions. Additionally, New York Life employs estimates for about 30% of our Scope 2 emissions (based on total square footage…",Accepted standard-company edge: source evidence explicitly names this GHG Protocol fine series.,可采信标准-企业关系：原文证据明确命名该 GHG Protocol 细分系列。
r260_newyorklifeinsurance,260,NEW YORK LIFE INSURANCE,美国纽约人寿保险公司,J,Finance,金融业,ghg_financial_industry_standard,Global GHG Accounting and Reporting Standard for the Financial Industry,金融行业全球温室气体核算与报告标准,Sector standard / guidance,行业标准/指南,Financial-industry financed-emissions methodology,金融行业投融资排放方法学,Measure financed emissions for loans and investments when explicitly cited.,原文明示时用于贷款和投资的投融资排放测算。,Use financed-emissions wording rather than corporate operational Scope totals.,使用投融资排放口径，不改写为企业运营 Scope 总量。,explicit_series_citation,page_text_explicitly_names_whitelisted_series,partnership for carbon accounting financials | \bpcaf\b,6,44 | 62 | 64,2024NEW YORK LIFE INSURANCE Corporate-Responsibility-Report.pdf,pdf_explicit_series_citation,pdf_page_backfill,"s. We are actively working to assess the financed emissions for our General Account and within our asset management boutiques, and leverage, where methodologies are available, the Partnership for Carbon Accounting Financials (PCAF), to gain a better understanding of portfolio- level emissions profiles. PDF full-document exact-series scan: the report page na…","s. We are actively working to assess the financed emissions for our General Account and within our asset management boutiques, and leverage, where methodologies are available, the Partnership for Carbon Accounting Financials (PCAF), to gain a better understanding of portfolio- level emissions profiles. PDF full-document exact-series scan: the report page na…",Accepted standard-company edge: source evidence explicitly names this GHG Protocol fine series.,可采信标准-企业关系：原文证据明确命名该 GHG Protocol 细分系列。
r260_newyorklifeinsurance,260,NEW YORK LIFE INSURANCE,美国纽约人寿保险公司,J,Finance,金融业,ghg_scope3_calculation_guidance,GHG Protocol Scope 3 Calculation Guidance,GHG Protocol Scope 3 计算指南,Guidance,指南,Scope 3 inventory calculation guidance,Scope 3 清单计算指南,Companion calculation guidance for completing Scope 3 inventories.,配套计算指南，用于完成 Scope 3 清单。,Scope 3 categories are GHG-specific and only shown when the source uses that wording.,Scope 3 类别是 GHG 特有口径，仅在原文如此使用时展示。,explicit_series_citation,page_text_explicitly_names_whitelisted_series,technical guidance for calculating scope 3 emissions,5,72 | 44,2024NEW YORK LIFE INSURANCE Corporate-Responsibility-Report.pdf,pdf_explicit_series_citation,pdf_page_backfill,"ntended to align with their definitions in financial statements, financial reporting, or SEC rules. xvii ghgprotocol.org/corporate-standard xviii Calculated using the GHG Protocol Technical Guidance for Calculating Scope 3 Emissions Supplement to the Corporate Value Chain (Scope 3) Accounting and Reporting Standards. PDF full-document exact-series scan: the…","ntended to align with their definitions in financial statements, financial reporting, or SEC rules. xvii ghgprotocol.org/corporate-standard xviii Calculated using the GHG Protocol Technical Guidance for Calculating Scope 3 Emissions Supplement to the Corporate Value Chain (Scope 3) Accounting and Reporting Standards. PDF full-document exact-series scan: the…",Accepted standard-company edge: source evidence explicitly names this GHG Protocol fine series.,可采信标准-企业关系：原文证据明确命名该 GHG Protocol 细分系列。
r260_newyorklifeinsurance,260,NEW YORK LIFE INSURANCE,美国纽约人寿保险公司,J,Finance,金融业,ghg_scope3_standard,GHG Protocol Corporate Value Chain (Scope 3) Accounting and Reporting Standard,GHG Protocol 企业价值链（Scope 3）核算与报告标准,Standard,标准,Value-chain emissions accounting standard,价值链排放核算标准,Scope 3 categories are GHG Protocol-specific category language.,Scope 3 类别是 GHG Protocol 特有的类别口径。,Scope 3 and Scope 3 category names are only used for GHG Protocol evidence.,Scope 3 及十五类类别口径只在 GHG Protocol 证据下使用。,explicit_series_citation,page_text_explicitly_names_whitelisted_series,corporate value chain\s*\(scope 3\),5,72 | 44,2024NEW YORK LIFE INSURANCE Corporate-Responsibility-Report.pdf,pdf_explicit_series_citation,pdf_page_backfill,"ial reporting, or SEC rules. xvii ghgprotocol.org/corporate-standard xviii Calculated using the GHG Protocol Technical Guidance for Calculating Scope 3 Emissions Supplement to the Corporate Value Chain (Scope 3) Accounting and Reporting Standards. PDF full-document exact-series scan: the report page names a controlled GHG Protocol/PCAF fine standard in an a…","ial reporting, or SEC rules. xvii ghgprotocol.org/corporate-standard xviii Calculated using the GHG Protocol Technical Guidance for Calculating Scope 3 Emissions Supplement to the Corporate Value Chain (Scope 3) Accounting and Reporting Standards. PDF full-document exact-series scan: the report page names a controlled GHG Protocol/PCAF fine standard in an a…",Accepted standard-company edge: source evidence explicitly names this GHG Protocol fine series.,可采信标准-企业关系：原文证据明确命名该 GHG Protocol 细分系列。
r261_intel,261,INTEL,英特尔公司,C,Manufacturing,制造业,ghg_corporate_standard,GHG Protocol Corporate Accounting and Reporting Standard,GHG Protocol 企业核算与报告标准,Standard,标准,Corporate inventory accounting standard,企业组织层面清单核算标准,"Relevance, completeness, consistency, transparency, and accuracy.",相关性、完整性、一致性、透明性和准确性。,"Within GHG Protocol evidence, this may define Scope 1 and Scope 2 corporate inventory boundaries.",仅在 GHG Protocol 证据下使用 Scope 1/2 的组织层面清单口径。,explicit_series_citation,page_text_explicitly_names_whitelisted_series,corporate accounting and reporting standard,8,36 | 56 | 62,INTEL CSR-2024-25-Full-Report.pdf,pdf_explicit_series_citation,pdf_page_backfill,"lations are based on Global Reporting Initiative (GRI) Standards, the World Resources Institute/World Business Council for Sustainable Development’s The Greenhouse Gas Protocol: A Corporate Accounting and Reporting Standard, and internal criteria defined by Intel management. 2024 Scope 1 and 2 Greenhouse Gas Inventory by Location and Category is included in…","lations are based on Global Reporting Initiative (GRI) Standards, the World Resources Institute/World Business Council for Sustainable Development’s The Greenhouse Gas Protocol: A Corporate Accounting and Reporting Standard, and internal criteria defined by Intel management. 2024 Scope 1 and 2 Greenhouse Gas Inventory by Location and Category is included in…",Accepted standard-company edge: source evidence explicitly names this GHG Protocol fine series.,可采信标准-企业关系：原文证据明确命名该 GHG Protocol 细分系列。
r264_riotintogroup,264,RIO TINTO GROUP,力拓集团,B,Mining,采矿业,ghg_corporate_standard,GHG Protocol Corporate Accounting and Reporting Standard,GHG Protocol 企业核算与报告标准,Standard,标准,Corporate inventory accounting standard,企业组织层面清单核算标准,"Relevance, completeness, consistency, transparency, and accuracy.",相关性、完整性、一致性、透明性和准确性。,"Within GHG Protocol evidence, this may define Scope 1 and Scope 2 corporate inventory boundaries.",仅在 GHG Protocol 证据下使用 Scope 1/2 的组织层面清单口径。,explicit_series_citation,page_text_explicitly_names_whitelisted_series,corporate accounting and reporting standard,15,55 | 73 | 74 | 75 | 324,2024-RIO TINTO GROUP-annual-report.pdf,pdf_explicit_series_citation,pdf_page_backfill,(indirect emissions). This is consistent with the World Resources Institute (WRI) and World Business Council for Sustainable Development (WBCSD)’s Greenhouse Gas (GHG) Protocol: A Corporate Accounting and Reporting Standard (Revised Edition) (2015). Strategic report | Our approach to ESG | Climate Action Plan Annual Report 2024 71 riotinto.com Performance a…,(indirect emissions). This is consistent with the World Resources Institute (WRI) and World Business Council for Sustainable Development (WBCSD)’s Greenhouse Gas (GHG) Protocol: A Corporate Accounting and Reporting Standard (Revised Edition) (2015). Strategic report | Our approach to ESG | Climate Action Plan Annual Report 2024 71 riotinto.com Performance a…,Accepted standard-company edge: source evidence explicitly names this GHG Protocol fine series.,可采信标准-企业关系：原文证据明确命名该 GHG Protocol 细分系列。
r264_riotintogroup,264,RIO TINTO GROUP,力拓集团,B,Mining,采矿业,ghg_scope2_guidance,GHG Protocol Scope 2 Guidance,GHG Protocol Scope 2 指南,Guidance,指南,Purchased electricity and energy method guidance,外购电力与能源口径指南,Location-based and market-based Scope 2 reporting are separated when cited.,原文显式引用时区分位置法与市场法 Scope 2 披露。,Scope 2 market-based and location-based language is treated as GHG-specific.,Scope 2 市场法/位置法术语只在 GHG Protocol 语境下使用。,explicit_series_citation,page_text_explicitly_names_whitelisted_series,scope 2 guidance,3,324 | 55,2024-RIO TINTO GROUP-annual-report.pdf,pdf_explicit_series_citation,pdf_page_backfill,"Institute (WRI) and World Business Council for Sustainable Development (WBCSD)’s GHG Protocol: A Corporate Accounting and Reporting Standard (Revised Edition (2015); GHG Protocol: Scope 2 Guidance; and Basis of Preparation (BoP) as described and presented within the Scope 1, 2 and 3 Emissions Calculation and Climate Methodology available on Rio Tinto’s webs…","Institute (WRI) and World Business Council for Sustainable Development (WBCSD)’s GHG Protocol: A Corporate Accounting and Reporting Standard (Revised Edition (2015); GHG Protocol: Scope 2 Guidance; and Basis of Preparation (BoP) as described and presented within the Scope 1, 2 and 3 Emissions Calculation and Climate Methodology available on Rio Tinto’s webs…",Accepted standard-company edge: source evidence explicitly names this GHG Protocol fine series.,可采信标准-企业关系：原文证据明确命名该 GHG Protocol 细分系列。
r264_riotintogroup,264,RIO TINTO GROUP,力拓集团,B,Mining,采矿业,ghg_scope3_calculation_guidance,GHG Protocol Scope 3 Calculation Guidance,GHG Protocol Scope 3 计算指南,Guidance,指南,Scope 3 inventory calculation guidance,Scope 3 清单计算指南,Companion calculation guidance for completing Scope 3 inventories.,配套计算指南，用于完成 Scope 3 清单。,Scope 3 categories are GHG-specific and only shown when the source uses that wording.,Scope 3 类别是 GHG 特有口径，仅在原文如此使用时展示。,explicit_series_citation,page_text_explicitly_names_whitelisted_series,technical guidance for calculating scope 3 emissions,9,75 | 55 | 324,2024-RIO TINTO GROUP-annual-report.pdf,pdf_explicit_series_citation,pdf_page_backfill,"HG) Protocol: A Corporate Accounting and Reporting Standard (Revised Edition) (2015), GHG Protocol Corporate Value Chain (Scope 3) Accounting and Reporting Standard (2013) and the Technical Guidance for Calculating Scope 3 Emissions (version 1.0). We estimate the emissions from our customers' processing of iron ore, bauxite, alumina, titanium dioxide, salt …","HG) Protocol: A Corporate Accounting and Reporting Standard (Revised Edition) (2015), GHG Protocol Corporate Value Chain (Scope 3) Accounting and Reporting Standard (2013) and the Technical Guidance for Calculating Scope 3 Emissions (version 1.0). We estimate the emissions from our customers' processing of iron ore, bauxite, alumina, titanium dioxide, salt …",Accepted standard-company edge: source evidence explicitly names this GHG Protocol fine series.,可采信标准-企业关系：原文证据明确命名该 GHG Protocol 细分系列。
r264_riotintogroup,264,RIO TINTO GROUP,力拓集团,B,Mining,采矿业,ghg_scope3_standard,GHG Protocol Corporate Value Chain (Scope 3) Accounting and Reporting Standard,GHG Protocol 企业价值链（Scope 3）核算与报告标准,Standard,标准,Value-chain emissions accounting standard,价值链排放核算标准,Scope 3 categories are GHG Protocol-specific category language.,Scope 3 类别是 GHG Protocol 特有的类别口径。,Scope 3 and Scope 3 category names are only used for GHG Protocol evidence.,Scope 3 及十五类类别口径只在 GHG Protocol 证据下使用。,explicit_series_citation,page_text_explicitly_names_whitelisted_series,corporate value chain\s*\(scope 3\),12,75 | 55 | 324 | 73 | 74,2024-RIO TINTO GROUP-annual-report.pdf,pdf_explicit_series_citation,pdf_page_backfill,"sources across our operations, we have used the WRI and WBCSD, Greenhouse Gas (GHG) Protocol: A Corporate Accounting and Reporting Standard (Revised Edition) (2015), GHG Protocol Corporate Value Chain (Scope 3) Accounting and Reporting Standard (2013) and the Technical Guidance for Calculating Scope 3 Emissions (version 1.0). We estimate the emissions from …","sources across our operations, we have used the WRI and WBCSD, Greenhouse Gas (GHG) Protocol: A Corporate Accounting and Reporting Standard (Revised Edition) (2015), GHG Protocol Corporate Value Chain (Scope 3) Accounting and Reporting Standard (2013) and the Technical Guidance for Calculating Scope 3 Emissions (version 1.0). We estimate the emissions from …",Accepted standard-company edge: source evidence explicitly names this GHG Protocol fine series.,可采信标准-企业关系：原文证据明确命名该 GHG Protocol 细分系列。
r266_prudentialfinancial,266,PRUDENTIAL FINANCIAL,保德信金融集团,J,Finance,金融业,ghg_corporate_standard,GHG Protocol Corporate Accounting and Reporting Standard,GHG Protocol 企业核算与报告标准,Standard,标准,Corporate inventory accounting standard,企业组织层面清单核算标准,"Relevance, completeness, consistency, transparency, and accuracy.",相关性、完整性、一致性、透明性和准确性。,"Within GHG Protocol evidence, this may define Scope 1 and Scope 2 corporate inventory boundaries.",仅在 GHG Protocol 证据下使用 Scope 1/2 的组织层面清单口径。,explicit_series_citation,page_text_explicitly_names_whitelisted_series,corporate accounting and reporting standard,6,47 | 56,Prudential-s-2024-Sustainability-Report.pdf,pdf_explicit_series_citation,pdf_page_backfill,h we report. Prudential utilized a third-party platform to collect and calculate its 2024 GHG emissions data. The platform’s methodology is designed to align with the GHG Protocol Corporate Accounting and Reporting Standard and the Corporate Value Chain (Scope 3) Accounting and Reporting Standard. The platform’s methodologies and emission factors are update…,h we report. Prudential utilized a third-party platform to collect and calculate its 2024 GHG emissions data. The platform’s methodology is designed to align with the GHG Protocol Corporate Accounting and Reporting Standard and the Corporate Value Chain (Scope 3) Accounting and Reporting Standard. The platform’s methodologies and emission factors are update…,Accepted standard-company edge: source evidence explicitly names this GHG Protocol fine series.,可采信标准-企业关系：原文证据明确命名该 GHG Protocol 细分系列。
r266_prudentialfinancial,266,PRUDENTIAL FINANCIAL,保德信金融集团,J,Finance,金融业,ghg_scope3_standard,GHG Protocol Corporate Value Chain (Scope 3) Accounting and Reporting Standard,GHG Protocol 企业价值链（Scope 3）核算与报告标准,Standard,标准,Value-chain emissions accounting standard,价值链排放核算标准,Scope 3 categories are GHG Protocol-specific category language.,Scope 3 类别是 GHG Protocol 特有的类别口径。,Scope 3 and Scope 3 category names are only used for GHG Protocol evidence.,Scope 3 及十五类类别口径只在 GHG Protocol 证据下使用。,explicit_series_citation,page_text_explicitly_names_whitelisted_series,corporate value chain\s*\(scope 3\),6,47 | 56,Prudential-s-2024-Sustainability-Report.pdf,pdf_explicit_series_citation,pdf_page_backfill,orm to collect and calculate its 2024 GHG emissions data. The platform’s methodology is designed to align with the GHG Protocol Corporate Accounting and Reporting Standard and the Corporate Value Chain (Scope 3) Accounting and Reporting Standard. The platform’s methodologies and emission factors are updated and reviewed by a third party at least annually. P…,orm to collect and calculate its 2024 GHG emissions data. The platform’s methodology is designed to align with the GHG Protocol Corporate Accounting and Reporting Standard and the Corporate Value Chain (Scope 3) Accounting and Reporting Standard. The platform’s methodologies and emission factors are updated and reviewed by a third party at least annually. P…,Accepted standard-company edge: source evidence explicitly names this GHG Protocol fine series.,可采信标准-企业关系：原文证据明确命名该 GHG Protocol 细分系列。
r268_bhpgroup,268,BHP GROUP,必和必拓集团,B,Mining,采矿业,ghg_corporate_standard,GHG Protocol Corporate Accounting and Reporting Standard,GHG Protocol 企业核算与报告标准,Standard,标准,Corporate inventory accounting standard,企业组织层面清单核算标准,"Relevance, completeness, consistency, transparency, and accuracy.",相关性、完整性、一致性、透明性和准确性。,"Within GHG Protocol evidence, this may define Scope 1 and Scope 2 corporate inventory boundaries.",仅在 GHG Protocol 证据下使用 Scope 1/2 的组织层面清单口径。,explicit_series_citation,page_text_explicitly_names_whitelisted_series,corporate accounting and reporting standard,7,51 | 64,250819_bhpannualreport2025.pdf,pdf_explicit_series_citation,pdf_page_backfill,ng consumed by our operated assets. – Organisational boundary: We have made our calculations based on an operational control approach in alignment with the Greenhouse Gas Protocol Corporate Accounting and Reporting Standard. – Rounding: Data has been rounded to the nearest 1 PJ. – Operational energy consumption from renewable sources includes third-party su…,ng consumed by our operated assets. – Organisational boundary: We have made our calculations based on an operational control approach in alignment with the Greenhouse Gas Protocol Corporate Accounting and Reporting Standard. – Rounding: Data has been rounded to the nearest 1 PJ. – Operational energy consumption from renewable sources includes third-party su…,Accepted standard-company edge: source evidence explicitly names this GHG Protocol fine series.,可采信标准-企业关系：原文证据明确命名该 GHG Protocol 细分系列。
r268_bhpgroup,268,BHP GROUP,必和必拓集团,B,Mining,采矿业,ghg_financial_industry_standard,Global GHG Accounting and Reporting Standard for the Financial Industry,金融行业全球温室气体核算与报告标准,Sector standard / guidance,行业标准/指南,Financial-industry financed-emissions methodology,金融行业投融资排放方法学,Measure financed emissions for loans and investments when explicitly cited.,原文明示时用于贷款和投资的投融资排放测算。,Use financed-emissions wording rather than corporate operational Scope totals.,使用投融资排放口径，不改写为企业运营 Scope 总量。,explicit_series_citation,page_text_explicitly_names_whitelisted_series,\bpcaf\b,1,51,250819_bhpannualreport2025.pdf,pdf_explicit_series_citation,pdf_page_backfill,"oundaries are defined on a category-by-category (and in some cases, sub-category) basis due t… PDF full-document exact-series scan: the report page names a controlled GHG Protocol/PCAF fine standard in an accounting, reporting, methodology, or assurance context; this does not promote emissions values. PDF 全文精确系列扫描：报告页在核算、报告、方法或鉴证语境中命名受控 GHG Protocol/PCAF 细分…","oundaries are defined on a category-by-category (and in some cases, sub-category) basis due t… PDF full-document exact-series scan: the report page names a controlled GHG Protocol/PCAF fine standard in an accounting, reporting, methodology, or assurance context; this does not promote emissions values. PDF 全文精确系列扫描：报告页在核算、报告、方法或鉴证语境中命名受控 GHG Protocol/PCAF 细分…",Accepted standard-company edge: source evidence explicitly names this GHG Protocol fine series.,可采信标准-企业关系：原文证据明确命名该 GHG Protocol 细分系列。
r268_bhpgroup,268,BHP GROUP,必和必拓集团,B,Mining,采矿业,ghg_scope2_guidance,GHG Protocol Scope 2 Guidance,GHG Protocol Scope 2 指南,Guidance,指南,Purchased electricity and energy method guidance,外购电力与能源口径指南,Location-based and market-based Scope 2 reporting are separated when cited.,原文显式引用时区分位置法与市场法 Scope 2 披露。,Scope 2 market-based and location-based language is treated as GHG-specific.,Scope 2 市场法/位置法术语只在 GHG Protocol 语境下使用。,explicit_series_citation,page_text_explicitly_names_whitelisted_series,scope 2 guidance,4,51 | 64,250819_bhpannualreport2025.pdf,pdf_explicit_series_citation,pdf_page_backfill,"is consumed by our operated assets. Scope 2 emissions have been calculated using the market-based method, unless otherwise specified, in alignment with the Greenhouse Gas Protocol Scope 2 Guidance. – Organisational boundary: Scopes 1 and 2 emissions have been calculated based on an operational control approach in alignment with the Greenhouse Gas Protocol C…","is consumed by our operated assets. Scope 2 emissions have been calculated using the market-based method, unless otherwise specified, in alignment with the Greenhouse Gas Protocol Scope 2 Guidance. – Organisational boundary: Scopes 1 and 2 emissions have been calculated based on an operational control approach in alignment with the Greenhouse Gas Protocol C…",Accepted standard-company edge: source evidence explicitly names this GHG Protocol fine series.,可采信标准-企业关系：原文证据明确命名该 GHG Protocol 细分系列。
r268_bhpgroup,268,BHP GROUP,必和必拓集团,B,Mining,采矿业,ghg_scope3_standard,GHG Protocol Corporate Value Chain (Scope 3) Accounting and Reporting Standard,GHG Protocol 企业价值链（Scope 3）核算与报告标准,Standard,标准,Value-chain emissions accounting standard,价值链排放核算标准,Scope 3 categories are GHG Protocol-specific category language.,Scope 3 类别是 GHG Protocol 特有的类别口径。,Scope 3 and Scope 3 category names are only used for GHG Protocol evidence.,Scope 3 及十五类类别口径只在 GHG Protocol 证据下使用。,explicit_series_citation,page_text_explicitly_names_whitelisted_series,corporate value chain.*scope 3 | corporate value chain\s*\(scope 3\),5,64 | 51,250819_bhpannualreport2025.pdf,pdf_explicit_series_citation,pdf_page_backfill,"esource Institute/World Business Council for Sustainable Development Greenhouse Gas Protocol: A Corporate Accounting and Reporting Standard, including the Greenhouse Gas Protocol: Corporate Value Chain Scope 3 Accounting and Reporting Standard – The Australian Government’s National Greenhouse and Energy Reporting (Measurement) Determination 2008 for Scope 1…","esource Institute/World Business Council for Sustainable Development Greenhouse Gas Protocol: A Corporate Accounting and Reporting Standard, including the Greenhouse Gas Protocol: Corporate Value Chain Scope 3 Accounting and Reporting Standard – The Australian Government’s National Greenhouse and Energy Reporting (Measurement) Determination 2008 for Scope 1…",Accepted standard-company edge: source evidence explicitly names this GHG Protocol fine series.,可采信标准-企业关系：原文证据明确命名该 GHG Protocol 细分系列。
r269_hp,269,HP,惠普公司,C,Manufacturing,制造业,ghg_corporate_standard,GHG Protocol Corporate Accounting and Reporting Standard,GHG Protocol 企业核算与报告标准,Standard,标准,Corporate inventory accounting standard,企业组织层面清单核算标准,"Relevance, completeness, consistency, transparency, and accuracy.",相关性、完整性、一致性、透明性和准确性。,"Within GHG Protocol evidence, this may define Scope 1 and Scope 2 corporate inventory boundaries.",仅在 GHG Protocol 证据下使用 Scope 1/2 的组织层面清单口径。,explicit_series_citation,page_text_explicitly_names_whitelisted_series,corporate accounting and reporting standard,6,42 | 160,2024_HP_sustainability_report.pdf,seed_batch_14,medium,"s2 Global Tonnes of CO2e (tCO2e) 48,400 World Resources Institute (“WRI”) / World Business Council for Sustainable Development’s (“WBCSD”)’s The Greenhouse Gas (“GHG”) Protocol: A Corporate Accounting and Reporting Standard as amended by the GHG Protocol Scope 2 Guidance, Global Reporting Initiative (“GRI”) Standard 305-1 Direct (Scope 1) GHG Emissions, GRI…","s2 Global Tonnes of CO2e (tCO2e) 48,400 World Resources Institute (“WRI”) / World Business Council for Sustainable Development’s (“WBCSD”)’s The Greenhouse Gas (“GHG”) Protocol: A Corporate Accounting and Reporting Standard as amended by the GHG Protocol Scope 2 Guidance, Global Reporting Initiative (“GRI”) Standard 305-1 Direct (Scope 1) GHG Emissions, GRI…",Accepted standard-company edge: source evidence explicitly names this GHG Protocol fine series.,可采信标准-企业关系：原文证据明确命名该 GHG Protocol 细分系列。
r269_hp,269,HP,惠普公司,C,Manufacturing,制造业,ghg_scope2_guidance,GHG Protocol Scope 2 Guidance,GHG Protocol Scope 2 指南,Guidance,指南,Purchased electricity and energy method guidance,外购电力与能源口径指南,Location-based and market-based Scope 2 reporting are separated when cited.,原文显式引用时区分位置法与市场法 Scope 2 披露。,Scope 2 market-based and location-based language is treated as GHG-specific.,Scope 2 市场法/位置法术语只在 GHG Protocol 语境下使用。,explicit_series_citation,page_text_explicitly_names_whitelisted_series,scope 2 guidance,7,42 | 160,2024_HP_sustainability_report.pdf,seed_batch_14,medium,"World Business Council for Sustainable Development’s (“WBCSD”)’s The Greenhouse Gas (“GHG”) Protocol: A Corporate Accounting and Reporting Standard as amended by the GHG Protocol Scope 2 Guidance, Global Reporting Initiative (“GRI”) Standard 305-1 Direct (Scope 1) GHG Emissions, GRI Standard 305-2 Energy Indirect (Scope 2) GHG Emissions and HP Inc.’s (“HP”)…","World Business Council for Sustainable Development’s (“WBCSD”)’s The Greenhouse Gas (“GHG”) Protocol: A Corporate Accounting and Reporting Standard as amended by the GHG Protocol Scope 2 Guidance, Global Reporting Initiative (“GRI”) Standard 305-1 Direct (Scope 1) GHG Emissions, GRI Standard 305-2 Energy Indirect (Scope 2) GHG Emissions and HP Inc.’s (“HP”)…",Accepted standard-company edge: source evidence explicitly names this GHG Protocol fine series.,可采信标准-企业关系：原文证据明确命名该 GHG Protocol 细分系列。
r269_hp,269,HP,惠普公司,C,Manufacturing,制造业,ghg_scope3_calculation_guidance,GHG Protocol Scope 3 Calculation Guidance,GHG Protocol Scope 3 计算指南,Guidance,指南,Scope 3 inventory calculation guidance,Scope 3 清单计算指南,Companion calculation guidance for completing Scope 3 inventories.,配套计算指南，用于完成 Scope 3 清单。,Scope 3 categories are GHG-specific and only shown when the source uses that wording.,Scope 3 类别是 GHG 特有口径，仅在原文如此使用时展示。,explicit_series_citation,page_text_explicitly_names_whitelisted_series,technical guidance for calculating scope 3 emissions,6,42 | 159,2024_HP_sustainability_report.pdf,pdf_explicit_series_citation,pdf_page_backfill,"f estimations and management assumptions due to the inherent nature of the Greenhouse Gas Protocol Corporate Value Chain (Scope 3) Accounting and Reporting Standard as well as the Technical Guidance for Calculating Scope 3 Emissions criteria. The information included in HP’s 2024 Sustainable Impact Report, other than the Subject Matter, has not been subject…","f estimations and management assumptions due to the inherent nature of the Greenhouse Gas Protocol Corporate Value Chain (Scope 3) Accounting and Reporting Standard as well as the Technical Guidance for Calculating Scope 3 Emissions criteria. The information included in HP’s 2024 Sustainable Impact Report, other than the Subject Matter, has not been subject…",Accepted standard-company edge: source evidence explicitly names this GHG Protocol fine series.,可采信标准-企业关系：原文证据明确命名该 GHG Protocol 细分系列。
r269_hp,269,HP,惠普公司,C,Manufacturing,制造业,ghg_scope3_standard,GHG Protocol Corporate Value Chain (Scope 3) Accounting and Reporting Standard,GHG Protocol 企业价值链（Scope 3）核算与报告标准,Standard,标准,Value-chain emissions accounting standard,价值链排放核算标准,Scope 3 categories are GHG Protocol-specific category language.,Scope 3 类别是 GHG Protocol 特有的类别口径。,Scope 3 and Scope 3 category names are only used for GHG Protocol evidence.,Scope 3 及十五类类别口径只在 GHG Protocol 证据下使用。,explicit_series_citation,page_text_explicitly_names_whitelisted_series,corporate value chain\s*\(scope 3\),8,42 | 159,2024_HP_sustainability_report.pdf,pdf_explicit_series_citation,pdf_page_backfill,"y. Furthermore, Scope 3 emissions are calculated based on a significant number of estimations and management assumptions due to the inherent nature of the Greenhouse Gas Protocol Corporate Value Chain (Scope 3) Accounting and Reporting Standard as well as the Technical Guidance for Calculating Scope 3 Emissions criteria. The information included in HP’s 202…","y. Furthermore, Scope 3 emissions are calculated based on a significant number of estimations and management assumptions due to the inherent nature of the Greenhouse Gas Protocol Corporate Value Chain (Scope 3) Accounting and Reporting Standard as well as the Technical Guidance for Calculating Scope 3 Emissions criteria. The information included in HP’s 202…",Accepted standard-company edge: source evidence explicitly names this GHG Protocol fine series.,可采信标准-企业关系：原文证据明确命名该 GHG Protocol 细分系列。
r278_americanairlinesgroup,278,AMERICAN AIRLINES GROUP,美国航空集团,G,"Transport, Storage and Post",交通运输、仓储和邮政业,ghg_corporate_standard,GHG Protocol Corporate Accounting and Reporting Standard,GHG Protocol 企业核算与报告标准,Standard,标准,Corporate inventory accounting standard,企业组织层面清单核算标准,"Relevance, completeness, consistency, transparency, and accuracy.",相关性、完整性、一致性、透明性和准确性。,"Within GHG Protocol evidence, this may define Scope 1 and Scope 2 corporate inventory boundaries.",仅在 GHG Protocol 证据下使用 Scope 1/2 的组织层面清单口径。,explicit_series_citation,page_text_explicitly_names_whitelisted_series,corporate accounting and reporting standard,8,81 | 91,American-Airlines-Sustainability-Report-2024.pdf,pdf_explicit_series_citation,pdf_page_backfill,"orld Resources Institute’s and World Business Council for Sustainable Development’s Greenhouse Gas Protocol standards and guidance (collectively, the GHG Protocol): • GHG Protocol Corporate Accounting and Reporting Standard (revised edition) • GHG Protocol Scope 2 Guidance: An Amendment to the GHG Protocol Corporate Standard In addition to Scope 1, biogenic…","orld Resources Institute’s and World Business Council for Sustainable Development’s Greenhouse Gas Protocol standards and guidance (collectively, the GHG Protocol): • GHG Protocol Corporate Accounting and Reporting Standard (revised edition) • GHG Protocol Scope 2 Guidance: An Amendment to the GHG Protocol Corporate Standard In addition to Scope 1, biogenic…",Accepted standard-company edge: source evidence explicitly names this GHG Protocol fine series.,可采信标准-企业关系：原文证据明确命名该 GHG Protocol 细分系列。
r278_americanairlinesgroup,278,AMERICAN AIRLINES GROUP,美国航空集团,G,"Transport, Storage and Post",交通运输、仓储和邮政业,ghg_scope2_guidance,GHG Protocol Scope 2 Guidance,GHG Protocol Scope 2 指南,Guidance,指南,Purchased electricity and energy method guidance,外购电力与能源口径指南,Location-based and market-based Scope 2 reporting are separated when cited.,原文显式引用时区分位置法与市场法 Scope 2 披露。,Scope 2 market-based and location-based language is treated as GHG-specific.,Scope 2 市场法/位置法术语只在 GHG Protocol 语境下使用。,explicit_series_citation,page_text_explicitly_names_whitelisted_series,scope 2 guidance,8,81 | 91,American-Airlines-Sustainability-Report-2024.pdf,pdf_explicit_series_citation,pdf_page_backfill,"ment’s Greenhouse Gas Protocol standards and guidance (collectively, the GHG Protocol): • GHG Protocol Corporate Accounting and Reporting Standard (revised edition) • GHG Protocol Scope 2 Guidance: An Amendment to the GHG Protocol Corporate Standard In addition to Scope 1, biogenic and Scope 2 emissions, American has elected to present categories 3 and 4 of…","ment’s Greenhouse Gas Protocol standards and guidance (collectively, the GHG Protocol): • GHG Protocol Corporate Accounting and Reporting Standard (revised edition) • GHG Protocol Scope 2 Guidance: An Amendment to the GHG Protocol Corporate Standard In addition to Scope 1, biogenic and Scope 2 emissions, American has elected to present categories 3 and 4 of…",Accepted standard-company edge: source evidence explicitly names this GHG Protocol fine series.,可采信标准-企业关系：原文证据明确命名该 GHG Protocol 细分系列。
r278_americanairlinesgroup,278,AMERICAN AIRLINES GROUP,美国航空集团,G,"Transport, Storage and Post",交通运输、仓储和邮政业,ghg_scope3_calculation_guidance,GHG Protocol Scope 3 Calculation Guidance,GHG Protocol Scope 3 计算指南,Guidance,指南,Scope 3 inventory calculation guidance,Scope 3 清单计算指南,Companion calculation guidance for completing Scope 3 inventories.,配套计算指南，用于完成 Scope 3 清单。,Scope 3 categories are GHG-specific and only shown when the source uses that wording.,Scope 3 类别是 GHG 特有口径，仅在原文如此使用时展示。,explicit_series_citation,page_text_explicitly_names_whitelisted_series,technical guidance for calculating scope 3 emissions,6,81 | 91,American-Airlines-Sustainability-Report-2024.pdf,pdf_explicit_series_citation,pdf_page_backfill,". These Scope 3 emissions have been calculated in accordance with the GHG Protocol Corporate Value Chain (Scope 3) Accounting and Reporting Standard and following the GHG Protocol Technical Guidance for Calculating Scope 3 Emissions. III. Organizational boundary American presents its emissions under the operational control approach, accounting for emissions…",". These Scope 3 emissions have been calculated in accordance with the GHG Protocol Corporate Value Chain (Scope 3) Accounting and Reporting Standard and following the GHG Protocol Technical Guidance for Calculating Scope 3 Emissions. III. Organizational boundary American presents its emissions under the operational control approach, accounting for emissions…",Accepted standard-company edge: source evidence explicitly names this GHG Protocol fine series.,可采信标准-企业关系：原文证据明确命名该 GHG Protocol 细分系列。
r278_americanairlinesgroup,278,AMERICAN AIRLINES GROUP,美国航空集团,G,"Transport, Storage and Post",交通运输、仓储和邮政业,ghg_scope3_standard,GHG Protocol Corporate Value Chain (Scope 3) Accounting and Reporting Standard,GHG Protocol 企业价值链（Scope 3）核算与报告标准,Standard,标准,Value-chain emissions accounting standard,价值链排放核算标准,Scope 3 categories are GHG Protocol-specific category language.,Scope 3 类别是 GHG Protocol 特有的类别口径。,Scope 3 and Scope 3 category names are only used for GHG Protocol evidence.,Scope 3 及十五类类别口径只在 GHG Protocol 证据下使用。,explicit_series_citation,page_text_explicitly_names_whitelisted_series,corporate value chain\s*\(scope 3\),8,81 | 91,American-Airlines-Sustainability-Report-2024.pdf,pdf_explicit_series_citation,pdf_page_backfill,"3 emissions in its GHG emissions statement for the year ended December 31, 2024. These Scope 3 emissions have been calculated in accordance with the GHG Protocol Corporate Value Chain (Scope 3) Accounting and Reporting Standard and following the GHG Protocol Technical Guidance for Calculating Scope 3 Emissions. III. Organizational boundary American presents…","3 emissions in its GHG emissions statement for the year ended December 31, 2024. These Scope 3 emissions have been calculated in accordance with the GHG Protocol Corporate Value Chain (Scope 3) Accounting and Reporting Standard and following the GHG Protocol Technical Guidance for Calculating Scope 3 Emissions. III. Organizational boundary American presents…",Accepted standard-company edge: source evidence explicitly names this GHG Protocol fine series.,可采信标准-企业关系：原文证据明确命名该 GHG Protocol 细分系列。
r282_volvo,282,VOLVO,沃尔沃集团,C,Manufacturing,制造业,ghg_corporate_standard,GHG Protocol Corporate Accounting and Reporting Standard,GHG Protocol 企业核算与报告标准,Standard,标准,Corporate inventory accounting standard,企业组织层面清单核算标准,"Relevance, completeness, consistency, transparency, and accuracy.",相关性、完整性、一致性、透明性和准确性。,"Within GHG Protocol evidence, this may define Scope 1 and Scope 2 corporate inventory boundaries.",仅在 GHG Protocol 证据下使用 Scope 1/2 的组织层面清单口径。,explicit_series_citation,page_text_explicitly_names_whitelisted_series,"corporate accounting and reporting standard | (?:ghg protocol|greenhouse gas protocol|wri|world resources institute|world business council)[\s\S]{0,160}corporate standard",12,152 | 158 | 182,volvo-group-annual-report-2024.pdf,pdf_explicit_series_citation,pdf_page_backfill,"initiated in 2020. Scope 1 and 2 emissions method and data collection Environmental impacts and greenhouse gas inventory are established according to the Greenhouse Gas Protocolʼs Corporate Accounting and Reporting Standard Revised Edition, which is a standardized framework for quantifying and reporting the seven greenhouse gases covered by the Kyoto Protoc…","initiated in 2020. Scope 1 and 2 emissions method and data collection Environmental impacts and greenhouse gas inventory are established according to the Greenhouse Gas Protocolʼs Corporate Accounting and Reporting Standard Revised Edition, which is a standardized framework for quantifying and reporting the seven greenhouse gases covered by the Kyoto Protoc…",Accepted standard-company edge: source evidence explicitly names this GHG Protocol fine series.,可采信标准-企业关系：原文证据明确命名该 GHG Protocol 细分系列。
r282_volvo,282,VOLVO,沃尔沃集团,C,Manufacturing,制造业,ghg_scope3_calculation_guidance,GHG Protocol Scope 3 Calculation Guidance,GHG Protocol Scope 3 计算指南,Guidance,指南,Scope 3 inventory calculation guidance,Scope 3 清单计算指南,Companion calculation guidance for completing Scope 3 inventories.,配套计算指南，用于完成 Scope 3 清单。,Scope 3 categories are GHG-specific and only shown when the source uses that wording.,Scope 3 类别是 GHG 特有口径，仅在原文如此使用时展示。,explicit_series_citation,page_text_explicitly_names_whitelisted_series,technical guidance for calculating scope 3 emissions,6,152 | 158,volvo-group-annual-report-2024.pdf,pdf_explicit_series_citation,pdf_page_backfill,"in the relevant standards of the GHG Protocol; namely the GHG Protocol Corporate Standard, the GHG Protocol Corporate Value Chain (Scope 3) Accounting and Reporting Standard, and Technical Guidance for Calculating Scope 3 Emissions, which include expected lifetime emissions from all applicable products sold in the reporting period. The target methodology an…","in the relevant standards of the GHG Protocol; namely the GHG Protocol Corporate Standard, the GHG Protocol Corporate Value Chain (Scope 3) Accounting and Reporting Standard, and Technical Guidance for Calculating Scope 3 Emissions, which include expected lifetime emissions from all applicable products sold in the reporting period. The target methodology an…",Accepted standard-company edge: source evidence explicitly names this GHG Protocol fine series.,可采信标准-企业关系：原文证据明确命名该 GHG Protocol 细分系列。
r282_volvo,282,VOLVO,沃尔沃集团,C,Manufacturing,制造业,ghg_scope3_standard,GHG Protocol Corporate Value Chain (Scope 3) Accounting and Reporting Standard,GHG Protocol 企业价值链（Scope 3）核算与报告标准,Standard,标准,Value-chain emissions accounting standard,价值链排放核算标准,Scope 3 categories are GHG Protocol-specific category language.,Scope 3 类别是 GHG Protocol 特有的类别口径。,Scope 3 and Scope 3 category names are only used for GHG Protocol evidence.,Scope 3 及十五类类别口径只在 GHG Protocol 证据下使用。,explicit_series_citation,page_text_explicitly_names_whitelisted_series,corporate value chain\s*\(scope 3\),8,152 | 158,volvo-group-annual-report-2024.pdf,pdf_explicit_series_citation,pdf_page_backfill,"se of sold products has been designed to meet the requirements provided in the relevant standards of the GHG Protocol; namely the GHG Protocol Corporate Standard, the GHG Protocol Corporate Value Chain (Scope 3) Accounting and Reporting Standard, and Technical Guidance for Calculating Scope 3 Emissions, which include expected lifetime emissions from all app…","se of sold products has been designed to meet the requirements provided in the relevant standards of the GHG Protocol; namely the GHG Protocol Corporate Standard, the GHG Protocol Corporate Value Chain (Scope 3) Accounting and Reporting Standard, and Technical Guidance for Calculating Scope 3 Emissions, which include expected lifetime emissions from all app…",Accepted standard-company edge: source evidence explicitly names this GHG Protocol fine series.,可采信标准-企业关系：原文证据明确命名该 GHG Protocol 细分系列。
r283_intesasanpaolo,283,INTESA SANPAOLO,意大利联合圣保罗银行,J,Finance,金融业,ghg_financial_industry_standard,Global GHG Accounting and Reporting Standard for the Financial Industry,金融行业全球温室气体核算与报告标准,Sector standard / guidance,行业标准/指南,Financial-industry financed-emissions methodology,金融行业投融资排放方法学,Measure financed emissions for loans and investments when explicitly cited.,原文明示时用于贷款和投资的投融资排放测算。,Use financed-emissions wording rather than corporate operational Scope totals.,使用投融资排放口径，不改写为企业运营 Scope 总量。,explicit_series_citation,page_text_explicitly_names_whitelisted_series,partnership for carbon accounting financials | \bpcaf\b,3,130 | 129,2024_INTESA SANPAOLO-Climate_Report.pdf,pdf_explicit_series_citation,pdf_page_backfill,proportional to the revenue attributable to Intesa Sanpaolo. Revenue-adjusted exposure is calculated as an attribution factor multiplied by revenue. This approach is aligned with PCAF recommendations. Counterparties fully dedicated to renewable activities and project finance dedicated to “green” activities receive an emission intensity equal to zero in the …,proportional to the revenue attributable to Intesa Sanpaolo. Revenue-adjusted exposure is calculated as an attribution factor multiplied by revenue. This approach is aligned with PCAF recommendations. Counterparties fully dedicated to renewable activities and project finance dedicated to “green” activities receive an emission intensity equal to zero in the …,Accepted standard-company edge: source evidence explicitly names this GHG Protocol fine series.,可采信标准-企业关系：原文证据明确命名该 GHG Protocol 细分系列。
r286_bayer,286,BAYER,拜耳集团,C,Manufacturing,制造业,ghg_scope3_standard,GHG Protocol Corporate Value Chain (Scope 3) Accounting and Reporting Standard,GHG Protocol 企业价值链（Scope 3）核算与报告标准,Standard,标准,Value-chain emissions accounting standard,价值链排放核算标准,Scope 3 categories are GHG Protocol-specific category language.,Scope 3 类别是 GHG Protocol 特有的类别口径。,Scope 3 and Scope 3 category names are only used for GHG Protocol evidence.,Scope 3 及十五类类别口径只在 GHG Protocol 证据下使用。,explicit_series_citation,page_text_explicitly_names_whitelisted_series,corporate value chain\s*\(scope 3\) | corporate value chain.*scope 3,8,4 | 7 | 18 | 142,bayer-impact-report-2024.pdf,pdf_explicit_series_citation,pdf_page_backfill,"on exceeds 1.5 terajoules 5 In accordance with the criteria set out by the Science Based Targets initiative (SBTi), the following Scope 3 categories of the Greenhouse Gas Protocol Corporate Value Chain (Scope 3) Accounting & Reporting Standard are relevant for Bayer: (3.1) purchased goods and services, (3.2) capital goods, (3.3) fuel- and energy-related act…","on exceeds 1.5 terajoules 5 In accordance with the criteria set out by the Science Based Targets initiative (SBTi), the following Scope 3 categories of the Greenhouse Gas Protocol Corporate Value Chain (Scope 3) Accounting & Reporting Standard are relevant for Bayer: (3.1) purchased goods and services, (3.2) capital goods, (3.3) fuel- and energy-related act…",Accepted standard-company edge: source evidence explicitly names this GHG Protocol fine series.,可采信标准-企业关系：原文证据明确命名该 GHG Protocol 细分系列。
r294_bankofmontreal,294,BANK OF MONTREAL,蒙特利尔银行,J,Finance,金融业,ghg_corporate_standard,GHG Protocol Corporate Accounting and Reporting Standard,GHG Protocol 企业核算与报告标准,Standard,标准,Corporate inventory accounting standard,企业组织层面清单核算标准,"Relevance, completeness, consistency, transparency, and accuracy.",相关性、完整性、一致性、透明性和准确性。,"Within GHG Protocol evidence, this may define Scope 1 and Scope 2 corporate inventory boundaries.",仅在 GHG Protocol 证据下使用 Scope 1/2 的组织层面清单口径。,explicit_series_citation,page_text_explicitly_names_whitelisted_series,"corporate accounting and reporting standard | (?:ghg protocol|greenhouse gas protocol|wri|world resources institute|world business council)[\s\S]{0,160}corporate standard",9,77 | 112 | 4,BMO_2024_SCR_EN_interactive.pdf,pdf_explicit_series_citation,pdf_page_backfill,operational sources relevant to our business to inform and monitor the actions we are taking to reduce GHG emissions in our own operations and in our value chain. The GHG Protocol Corporate Accounting and Reporting Standard and Corporate Value Chain (Scope 3) Standard (collectively the GHG Protocol) provide guidance for companies in preparing their GHG emis…,operational sources relevant to our business to inform and monitor the actions we are taking to reduce GHG emissions in our own operations and in our value chain. The GHG Protocol Corporate Accounting and Reporting Standard and Corporate Value Chain (Scope 3) Standard (collectively the GHG Protocol) provide guidance for companies in preparing their GHG emis…,Accepted standard-company edge: source evidence explicitly names this GHG Protocol fine series.,可采信标准-企业关系：原文证据明确命名该 GHG Protocol 细分系列。
r294_bankofmontreal,294,BANK OF MONTREAL,蒙特利尔银行,J,Finance,金融业,ghg_financial_industry_standard,Global GHG Accounting and Reporting Standard for the Financial Industry,金融行业全球温室气体核算与报告标准,Sector standard / guidance,行业标准/指南,Financial-industry financed-emissions methodology,金融行业投融资排放方法学,Measure financed emissions for loans and investments when explicitly cited.,原文明示时用于贷款和投资的投融资排放测算。,Use financed-emissions wording rather than corporate operational Scope totals.,使用投融资排放口径，不改写为企业运营 Scope 总量。,explicit_series_citation,page_text_explicitly_names_whitelisted_series,\bpcaf\b,10,80 | 82 | 86 | 4,BMO_2024_SCR_EN_interactive.pdf,pdf_explicit_series_citation,pdf_page_backfill,"ons are GHG emissions that, under applicable international standards, are attributable to financial institutions as a result of their lending and investment activities. We use the PCAF Global GHG Accounting and Reporting Standard Part A: Financed Emissions (Second Edition) (the PCAF Standard) to inform our calculation methodology. We quantify and disclose f…","ons are GHG emissions that, under applicable international standards, are attributable to financial institutions as a result of their lending and investment activities. We use the PCAF Global GHG Accounting and Reporting Standard Part A: Financed Emissions (Second Edition) (the PCAF Standard) to inform our calculation methodology. We quantify and disclose f…",Accepted standard-company edge: source evidence explicitly names this GHG Protocol fine series.,可采信标准-企业关系：原文证据明确命名该 GHG Protocol 细分系列。
r294_bankofmontreal,294,BANK OF MONTREAL,蒙特利尔银行,J,Finance,金融业,ghg_scope3_standard,GHG Protocol Corporate Value Chain (Scope 3) Accounting and Reporting Standard,GHG Protocol 企业价值链（Scope 3）核算与报告标准,Standard,标准,Value-chain emissions accounting standard,价值链排放核算标准,Scope 3 categories are GHG Protocol-specific category language.,Scope 3 类别是 GHG Protocol 特有的类别口径。,Scope 3 and Scope 3 category names are only used for GHG Protocol evidence.,Scope 3 及十五类类别口径只在 GHG Protocol 证据下使用。,explicit_series_citation,page_text_explicitly_names_whitelisted_series,corporate value chain\s*\(scope 3\),7,77 | 4,BMO_2024_SCR_EN_interactive.pdf,pdf_explicit_series_citation,pdf_page_backfill,inform and monitor the actions we are taking to reduce GHG emissions in our own operations and in our value chain. The GHG Protocol Corporate Accounting and Reporting Standard and Corporate Value Chain (Scope 3) Standard (collectively the GHG Protocol) provide guidance for companies in preparing their GHG emissions inventories. We have developed an operatio…,inform and monitor the actions we are taking to reduce GHG emissions in our own operations and in our value chain. The GHG Protocol Corporate Accounting and Reporting Standard and Corporate Value Chain (Scope 3) Standard (collectively the GHG Protocol) provide guidance for companies in preparing their GHG emissions inventories. We have developed an operatio…,Accepted standard-company edge: source evidence explicitly names this GHG Protocol fine series.,可采信标准-企业关系：原文证据明确命名该 GHG Protocol 细分系列。
r297_sanofi,297,SANOFI,赛诺菲,C,Manufacturing,制造业,ghg_corporate_standard,GHG Protocol Corporate Accounting and Reporting Standard,GHG Protocol 企业核算与报告标准,Standard,标准,Corporate inventory accounting standard,企业组织层面清单核算标准,"Relevance, completeness, consistency, transparency, and accuracy.",相关性、完整性、一致性、透明性和准确性。,"Within GHG Protocol evidence, this may define Scope 1 and Scope 2 corporate inventory boundaries.",仅在 GHG Protocol 证据下使用 Scope 1/2 的组织层面清单口径。,explicit_series_citation,page_text_explicitly_names_whitelisted_series,corporate accounting and reporting standard,8,29 | 132,SANOFI-sustainability-statement-2024--ESG-Report-.pdf,pdf_explicit_series_citation,pdf_page_backfill,"o the Greenhouse Gas Protocol standards and guidance developed by the World Resources Institute (WRI) and the World Business Council for Sustainable Development (WBCSD), including Corporate Accounting and Reporting Standard (Revised Edition), the Corporate Value Chain (Scope 3) Standard, Scope 2 Guidance, and Technical Guidance for Calculating Scope 3 Emiss…","o the Greenhouse Gas Protocol standards and guidance developed by the World Resources Institute (WRI) and the World Business Council for Sustainable Development (WBCSD), including Corporate Accounting and Reporting Standard (Revised Edition), the Corporate Value Chain (Scope 3) Standard, Scope 2 Guidance, and Technical Guidance for Calculating Scope 3 Emiss…",Accepted standard-company edge: source evidence explicitly names this GHG Protocol fine series.,可采信标准-企业关系：原文证据明确命名该 GHG Protocol 细分系列。
r297_sanofi,297,SANOFI,赛诺菲,C,Manufacturing,制造业,ghg_scope2_guidance,GHG Protocol Scope 2 Guidance,GHG Protocol Scope 2 指南,Guidance,指南,Purchased electricity and energy method guidance,外购电力与能源口径指南,Location-based and market-based Scope 2 reporting are separated when cited.,原文显式引用时区分位置法与市场法 Scope 2 披露。,Scope 2 market-based and location-based language is treated as GHG-specific.,Scope 2 市场法/位置法术语只在 GHG Protocol 语境下使用。,explicit_series_citation,page_text_explicitly_names_whitelisted_series,scope 2 guidance,10,29 | 132,SANOFI-sustainability-statement-2024--ESG-Report-.pdf,pdf_explicit_series_citation,pdf_page_backfill,"World Business Council for Sustainable Development (WBCSD), including Corporate Accounting and Reporting Standard (Revised Edition), the Corporate Value Chain (Scope 3) Standard, Scope 2 Guidance, and Technical Guidance for Calculating Scope 3 Emissions (collectively, “the Greenhouse Gas Protocol”). When preparing the information for reporting GHG emissions…","World Business Council for Sustainable Development (WBCSD), including Corporate Accounting and Reporting Standard (Revised Edition), the Corporate Value Chain (Scope 3) Standard, Scope 2 Guidance, and Technical Guidance for Calculating Scope 3 Emissions (collectively, “the Greenhouse Gas Protocol”). When preparing the information for reporting GHG emissions…",Accepted standard-company edge: source evidence explicitly names this GHG Protocol fine series.,可采信标准-企业关系：原文证据明确命名该 GHG Protocol 细分系列。
r297_sanofi,297,SANOFI,赛诺菲,C,Manufacturing,制造业,ghg_scope3_calculation_guidance,GHG Protocol Scope 3 Calculation Guidance,GHG Protocol Scope 3 计算指南,Guidance,指南,Scope 3 inventory calculation guidance,Scope 3 清单计算指南,Companion calculation guidance for completing Scope 3 inventories.,配套计算指南，用于完成 Scope 3 清单。,Scope 3 categories are GHG-specific and only shown when the source uses that wording.,Scope 3 类别是 GHG 特有口径，仅在原文如此使用时展示。,explicit_series_citation,page_text_explicitly_names_whitelisted_series,technical guidance for calculating scope 3 emissions,12,29 | 132 | 133,SANOFI-sustainability-statement-2024--ESG-Report-.pdf,pdf_explicit_series_citation,pdf_page_backfill,"l for Sustainable Development (WBCSD), including Corporate Accounting and Reporting Standard (Revised Edition), the Corporate Value Chain (Scope 3) Standard, Scope 2 Guidance, and Technical Guidance for Calculating Scope 3 Emissions (collectively, “the Greenhouse Gas Protocol”). When preparing the information for reporting GHG emissions, we consider the pri…","l for Sustainable Development (WBCSD), including Corporate Accounting and Reporting Standard (Revised Edition), the Corporate Value Chain (Scope 3) Standard, Scope 2 Guidance, and Technical Guidance for Calculating Scope 3 Emissions (collectively, “the Greenhouse Gas Protocol”). When preparing the information for reporting GHG emissions, we consider the pri…",Accepted standard-company edge: source evidence explicitly names this GHG Protocol fine series.,可采信标准-企业关系：原文证据明确命名该 GHG Protocol 细分系列。
r297_sanofi,297,SANOFI,赛诺菲,C,Manufacturing,制造业,ghg_scope3_standard,GHG Protocol Corporate Value Chain (Scope 3) Accounting and Reporting Standard,GHG Protocol 企业价值链（Scope 3）核算与报告标准,Standard,标准,Value-chain emissions accounting standard,价值链排放核算标准,Scope 3 categories are GHG Protocol-specific category language.,Scope 3 类别是 GHG Protocol 特有的类别口径。,Scope 3 and Scope 3 category names are only used for GHG Protocol evidence.,Scope 3 及十五类类别口径只在 GHG Protocol 证据下使用。,explicit_series_citation,page_text_explicitly_names_whitelisted_series,corporate value chain\s*\(scope 3\),9,29 | 132,SANOFI-sustainability-statement-2024--ESG-Report-.pdf,pdf_explicit_series_citation,pdf_page_backfill,"he World Resources Institute (WRI) and the World Business Council for Sustainable Development (WBCSD), including Corporate Accounting and Reporting Standard (Revised Edition), the Corporate Value Chain (Scope 3) Standard, Scope 2 Guidance, and Technical Guidance for Calculating Scope 3 Emissions (collectively, “the Greenhouse Gas Protocol”). When preparing …","he World Resources Institute (WRI) and the World Business Council for Sustainable Development (WBCSD), including Corporate Accounting and Reporting Standard (Revised Edition), the Corporate Value Chain (Scope 3) Standard, Scope 2 Guidance, and Technical Guidance for Calculating Scope 3 Emissions (collectively, “the Greenhouse Gas Protocol”). When preparing …",Accepted standard-company edge: source evidence explicitly names this GHG Protocol fine series.,可采信标准-企业关系：原文证据明确命名该 GHG Protocol 细分系列。
r301_swissre,301,SWISS RE,瑞士再保险股份有限公司,J,Finance,金融业,ghg_financial_industry_standard,Global GHG Accounting and Reporting Standard for the Financial Industry,金融行业全球温室气体核算与报告标准,Sector standard / guidance,行业标准/指南,Financial-industry financed-emissions methodology,金融行业投融资排放方法学,Measure financed emissions for loans and investments when explicitly cited.,原文明示时用于贷款和投资的投融资排放测算。,Use financed-emissions wording rather than corporate operational Scope totals.,使用投融资排放口径，不改写为企业运营 Scope 总量。,explicit_series_citation,page_text_explicitly_names_whitelisted_series,\bpcaf\b | partnership for carbon accounting financials,7,76 | 9 | 72 | 98,2024-SWISS RE-sustainability-report-en.pdf,seed_batch_07,medium,"n-based) tonnes CO2e 2 n/a n/a n/a 1 For further details, see Appendix, Sustainability data, page 99. 2 As per the Global GHG Accounting & Reporting Standard Part C for IAE by the PCAF, financed and insurance-associated emissions must not be aggregated, due to their different nature and to avoid double counting. Scope 3 – Indirect is therefore reported as n…","n-based) tonnes CO2e 2 n/a n/a n/a 1 For further details, see Appendix, Sustainability data, page 99. 2 As per the Global GHG Accounting & Reporting Standard Part C for IAE by the PCAF, financed and insurance-associated emissions must not be aggregated, due to their different nature and to avoid double counting. Scope 3 – Indirect is therefore reported as n…",Accepted standard-company edge: source evidence explicitly names this GHG Protocol fine series.,可采信标准-企业关系：原文证据明确命名该 GHG Protocol 细分系列。
r315_unicreditgroup,315,UNICREDIT GROUP,联合信贷集团,J,Finance,金融业,ghg_financial_industry_standard,Global GHG Accounting and Reporting Standard for the Financial Industry,金融行业全球温室气体核算与报告标准,Sector standard / guidance,行业标准/指南,Financial-industry financed-emissions methodology,金融行业投融资排放方法学,Measure financed emissions for loans and investments when explicitly cited.,原文明示时用于贷款和投资的投融资排放测算。,Use financed-emissions wording rather than corporate operational Scope totals.,使用投融资排放口径，不改写为企业运营 Scope 总量。,explicit_series_citation,page_text_explicitly_names_whitelisted_series,partnership for carbon accounting financials | \bpcaf\b,6,140 | 263 | 273,2024-UNICREDIT GROUP-Annual-Reports-and-Accounts.pdf,pdf_explicit_series_citation,pdf_page_backfill,"oss reporting periods. The primary frameworks used included: • Greenhouse Gas (GHG) Protocol for calculating Scope 3 emissions, covering both upstream and downstream activities; • Partnership for Carbon Accounting Financials (PCAF) for estimating Scope 3 emissions related to loans and investments in the financial portfolio. These methodologies provide struc…","oss reporting periods. The primary frameworks used included: • Greenhouse Gas (GHG) Protocol for calculating Scope 3 emissions, covering both upstream and downstream activities; • Partnership for Carbon Accounting Financials (PCAF) for estimating Scope 3 emissions related to loans and investments in the financial portfolio. These methodologies provide struc…",Accepted standard-company edge: source evidence explicitly names this GHG Protocol fine series.,可采信标准-企业关系：原文证据明确命名该 GHG Protocol 细分系列。
r315_unicreditgroup,315,UNICREDIT GROUP,联合信贷集团,J,Finance,金融业,ghg_scope3_calculation_guidance,GHG Protocol Scope 3 Calculation Guidance,GHG Protocol Scope 3 计算指南,Guidance,指南,Scope 3 inventory calculation guidance,Scope 3 清单计算指南,Companion calculation guidance for completing Scope 3 inventories.,配套计算指南，用于完成 Scope 3 清单。,Scope 3 categories are GHG-specific and only shown when the source uses that wording.,Scope 3 类别是 GHG 特有口径，仅在原文如此使用时展示。,explicit_series_citation,page_text_explicitly_names_whitelisted_series,technical guidance for calculating scope 3 emissions,2,273,2024-UNICREDIT GROUP-Annual-Reports-and-Accounts.pdf,pdf_explicit_series_citation,pdf_page_backfill,"data method has been applied. Emissions are calculated based on the hours of homeworking completed by employees during the year, as registered in our HR systems. The GHG Protocol, Technical Guidance for Calculating Scope 3 Emissions indicates that emissions arising from employees working remotely may be accounted under this category, although a specific cal…","data method has been applied. Emissions are calculated based on the hours of homeworking completed by employees during the year, as registered in our HR systems. The GHG Protocol, Technical Guidance for Calculating Scope 3 Emissions indicates that emissions arising from employees working remotely may be accounted under this category, although a specific cal…",Accepted standard-company edge: source evidence explicitly names this GHG Protocol fine series.,可采信标准-企业关系：原文证据明确命名该 GHG Protocol 细分系列。
r317_tokyoelectricpower,317,TOKYO ELECTRIC POWER,东京电力公司,I,"Information Transmission, Software and Information Technology Services",电力、热力、燃气及水生产和供应业,ghg_scope3_standard,GHG Protocol Corporate Value Chain (Scope 3) Accounting and Reporting Standard,GHG Protocol 企业价值链（Scope 3）核算与报告标准,Standard,标准,Value-chain emissions accounting standard,价值链排放核算标准,Scope 3 categories are GHG Protocol-specific category language.,Scope 3 类别是 GHG Protocol 特有的类别口径。,Scope 3 and Scope 3 category names are only used for GHG Protocol evidence.,Scope 3 及十五类类别口径只在 GHG Protocol 证据下使用。,explicit_series_citation,page_text_explicitly_names_whitelisted_series,corporate value chain\s*\(scope 3\),4,102,TOKYO ELECTRIC POWER TP2024_en_web_print.pdf,seed_batch_07,medium,tor for power transmission and distribution operators. *17 Indirect greenhouse gas emissions from business Approach to calculation We follow major guidelines have been published: “Corporate Value Chain (Scope 3) Accounting and emissions factor for power transmission and distribution operators. *17 Indirect greenhouse gas emissions from business Approach to …,tor for power transmission and distribution operators. *17 Indirect greenhouse gas emissions from business Approach to calculation We follow major guidelines have been published: “Corporate Value Chain (Scope 3) Accounting and emissions factor for power transmission and distribution operators. *17 Indirect greenhouse gas emissions from business Approach to …,Accepted standard-company edge: source evidence explicitly names this GHG Protocol fine series.,可采信标准-企业关系：原文证据明确命名该 GHG Protocol 细分系列。
r322_ingkagroup,322,INGKA GROUP,英格卡集团,F,Wholesale and Retail Trade,批发和零售业,ghg_corporate_standard,GHG Protocol Corporate Accounting and Reporting Standard,GHG Protocol 企业核算与报告标准,Standard,标准,Corporate inventory accounting standard,企业组织层面清单核算标准,"Relevance, completeness, consistency, transparency, and accuracy.",相关性、完整性、一致性、透明性和准确性。,"Within GHG Protocol evidence, this may define Scope 1 and Scope 2 corporate inventory boundaries.",仅在 GHG Protocol 证据下使用 Scope 1/2 的组织层面清单口径。,explicit_series_citation,page_text_explicitly_names_whitelisted_series,corporate accounting and reporting standard,6,56 | 113,ingkagroup_annualsummaryandsustainabilityreport_fy24.pdf,pdf_explicit_series_citation,pdf_page_backfill,"up to the totals shown due to rounding. Calculating our greenhouse gas emissions We calculate our energy and climate footprint in accordance with the Greenhouse Gas (GHG) Protocol Corporate Accounting and Reporting Standard, including emissions arising from our operations (scope 1 and 2) and across our value chain (scope 3). Our data is consolidated using t…","up to the totals shown due to rounding. Calculating our greenhouse gas emissions We calculate our energy and climate footprint in accordance with the Greenhouse Gas (GHG) Protocol Corporate Accounting and Reporting Standard, including emissions arising from our operations (scope 1 and 2) and across our value chain (scope 3). Our data is consolidated using t…",Accepted standard-company edge: source evidence explicitly names this GHG Protocol fine series.,可采信标准-企业关系：原文证据明确命名该 GHG Protocol 细分系列。
r322_ingkagroup,322,INGKA GROUP,英格卡集团,F,Wholesale and Retail Trade,批发和零售业,ghg_financial_industry_standard,Global GHG Accounting and Reporting Standard for the Financial Industry,金融行业全球温室气体核算与报告标准,Sector standard / guidance,行业标准/指南,Financial-industry financed-emissions methodology,金融行业投融资排放方法学,Measure financed emissions for loans and investments when explicitly cited.,原文明示时用于贷款和投资的投融资排放测算。,Use financed-emissions wording rather than corporate operational Scope totals.,使用投融资排放口径，不改写为企业运营 Scope 总量。,explicit_series_citation,page_text_explicitly_names_whitelisted_series,\bpcaf\b,1,113,ingkagroup_annualsummaryandsustainabilityreport_fy24.pdf,pdf_explicit_series_citation,pdf_page_backfill,"ent portfolios (category 15 emissions). We report on these emissions in line with guidance pr… PDF full-document exact-series scan: the report page names a controlled GHG Protocol/PCAF fine standard in an accounting, reporting, methodology, or assurance context; this does not promote emissions values. PDF 全文精确系列扫描：报告页在核算、报告、方法或鉴证语境中命名受控 GHG Protocol/PCAF 细分…","ent portfolios (category 15 emissions). We report on these emissions in line with guidance pr… PDF full-document exact-series scan: the report page names a controlled GHG Protocol/PCAF fine standard in an accounting, reporting, methodology, or assurance context; this does not promote emissions values. PDF 全文精确系列扫描：报告页在核算、报告、方法或鉴证语境中命名受控 GHG Protocol/PCAF 细分…",Accepted standard-company edge: source evidence explicitly names this GHG Protocol fine series.,可采信标准-企业关系：原文证据明确命名该 GHG Protocol 细分系列。
r322_ingkagroup,322,INGKA GROUP,英格卡集团,F,Wholesale and Retail Trade,批发和零售业,ghg_scope2_guidance,GHG Protocol Scope 2 Guidance,GHG Protocol Scope 2 指南,Guidance,指南,Purchased electricity and energy method guidance,外购电力与能源口径指南,Location-based and market-based Scope 2 reporting are separated when cited.,原文显式引用时区分位置法与市场法 Scope 2 披露。,Scope 2 market-based and location-based language is treated as GHG-specific.,Scope 2 市场法/位置法术语只在 GHG Protocol 语境下使用。,explicit_series_citation,page_text_explicitly_names_whitelisted_series,scope 2 guidance,6,56 | 113,ingkagroup_annualsummaryandsustainabilityreport_fy24.pdf,pdf_explicit_series_citation,pdf_page_backfill,"om publicly available databases are integrated into our reporting system and are regularly updated. Scope 2 emissions are calculated in accordance with the Greenhouse Gas Protocol scope 2 Guidance. Our climate target is based on our market-based scope 2 emissions, which take the purchase of renewable electricity attribute certificates and supplier specific …","om publicly available databases are integrated into our reporting system and are regularly updated. Scope 2 emissions are calculated in accordance with the Greenhouse Gas Protocol scope 2 Guidance. Our climate target is based on our market-based scope 2 emissions, which take the purchase of renewable electricity attribute certificates and supplier specific …",Accepted standard-company edge: source evidence explicitly names this GHG Protocol fine series.,可采信标准-企业关系：原文证据明确命名该 GHG Protocol 细分系列。
r322_ingkagroup,322,INGKA GROUP,英格卡集团,F,Wholesale and Retail Trade,批发和零售业,ghg_scope3_standard,GHG Protocol Corporate Value Chain (Scope 3) Accounting and Reporting Standard,GHG Protocol 企业价值链（Scope 3）核算与报告标准,Standard,标准,Value-chain emissions accounting standard,价值链排放核算标准,Scope 3 categories are GHG Protocol-specific category language.,Scope 3 类别是 GHG Protocol 特有的类别口径。,Scope 3 and Scope 3 category names are only used for GHG Protocol evidence.,Scope 3 及十五类类别口径只在 GHG Protocol 证据下使用。,explicit_series_citation,page_text_explicitly_names_whitelisted_series,corporate value chain\s*\(scope 3\),6,56 | 113,ingkagroup_annualsummaryandsustainabilityreport_fy24.pdf,pdf_explicit_series_citation,pdf_page_backfill,"operations (scope 1 and 2) and across our value chain (scope 3). Our data is consolidated using the GHG Protocol operational control approach. For scope 3 emissions, we follow the Corporate Value Chain (Scope 3) Accounting and Reporting Standard and measure and report our impa… PDF page backfill: mapped from the cited GHG Protocol evidence page plus adjacen…","operations (scope 1 and 2) and across our value chain (scope 3). Our data is consolidated using the GHG Protocol operational control approach. For scope 3 emissions, we follow the Corporate Value Chain (Scope 3) Accounting and Reporting Standard and measure and report our impa… PDF page backfill: mapped from the cited GHG Protocol evidence page plus adjacen…",Accepted standard-company edge: source evidence explicitly names this GHG Protocol fine series.,可采信标准-企业关系：原文证据明确命名该 GHG Protocol 细分系列。
r324_americaninternationalgroup,324,AMERICAN INTERNATIONAL GROUP,美国国际集团,J,Finance,金融业,ghg_financial_industry_standard,Global GHG Accounting and Reporting Standard for the Financial Industry,金融行业全球温室气体核算与报告标准,Sector standard / guidance,行业标准/指南,Financial-industry financed-emissions methodology,金融行业投融资排放方法学,Measure financed emissions for loans and investments when explicitly cited.,原文明示时用于贷款和投资的投融资排放测算。,Use financed-emissions wording rather than corporate operational Scope totals.,使用投融资排放口径，不改写为企业运营 Scope 总量。,explicit_series_citation,page_text_explicitly_names_whitelisted_series,\bpcaf\b | partnership for carbon accounting financials,7,35 | 36 | 40 | 33,AMERICAN INTERNATIONAL GROUP-aig-sustainability-report-2024.pdf,pdf_explicit_series_citation,pdf_page_backfill,"Integration 15 Emissions intensity = Absolute emissions divided by a monetary unit reflecting the insured’s size of business, expressed in tCO2e/insured’s revenue or asset value. PCAF (2022). The Global GHG Accounting and Reporting Standard Part A: Financed Emissions. Second Edition. PDF full-document exact-series scan: the report page names a controlled GH…","Integration 15 Emissions intensity = Absolute emissions divided by a monetary unit reflecting the insured’s size of business, expressed in tCO2e/insured’s revenue or asset value. PCAF (2022). The Global GHG Accounting and Reporting Standard Part A: Financed Emissions. Second Edition. PDF full-document exact-series scan: the report page names a controlled GH…",Accepted standard-company edge: source evidence explicitly names this GHG Protocol fine series.,可采信标准-企业关系：原文证据明确命名该 GHG Protocol 细分系列。
r324_americaninternationalgroup,324,AMERICAN INTERNATIONAL GROUP,美国国际集团,J,Finance,金融业,ghg_scope3_standard,GHG Protocol Corporate Value Chain (Scope 3) Accounting and Reporting Standard,GHG Protocol 企业价值链（Scope 3）核算与报告标准,Standard,标准,Value-chain emissions accounting standard,价值链排放核算标准,Scope 3 categories are GHG Protocol-specific category language.,Scope 3 类别是 GHG Protocol 特有的类别口径。,Scope 3 and Scope 3 category names are only used for GHG Protocol evidence.,Scope 3 及十五类类别口径只在 GHG Protocol 证据下使用。,explicit_series_citation,page_text_explicitly_names_whitelisted_series,corporate value chain\s*\(scope 3\),2,33,AMERICAN INTERNATIONAL GROUP-aig-sustainability-report-2024.pdf,pdf_explicit_series_citation,pdf_page_backfill,"as value chain emissions, are the result of activities from assets not directly owned or controlled by AIG, but that AIG indirectly affects in its value chain activities. The GHG Corporate Value Chain (Scope 3) Accounting and Reporting Standard defines 15 categories of scope 3 emissions. We are currently measuring eight of the 15 categories. Categories 1–6 …","as value chain emissions, are the result of activities from assets not directly owned or controlled by AIG, but that AIG indirectly affects in its value chain activities. The GHG Corporate Value Chain (Scope 3) Accounting and Reporting Standard defines 15 categories of scope 3 emissions. We are currently measuring eight of the 15 categories. Categories 1–6 …",Accepted standard-company edge: source evidence explicitly names this GHG Protocol fine series.,可采信标准-企业关系：原文证据明确命名该 GHG Protocol 细分系列。
r327_talanx公司,327,Talanx,Talanx,J,Finance,金融业,ghg_financial_industry_standard,Global GHG Accounting and Reporting Standard for the Financial Industry,金融行业全球温室气体核算与报告标准,Sector standard / guidance,行业标准/指南,Financial-industry financed-emissions methodology,金融行业投融资排放方法学,Measure financed emissions for loans and investments when explicitly cited.,原文明示时用于贷款和投资的投融资排放测算。,Use financed-emissions wording rather than corporate operational Scope totals.,使用投融资排放口径，不改写为企业运营 Scope 总量。,explicit_series_citation,page_text_explicitly_names_whitelisted_series,\bpcaf\b,4,32 | 21,Talanx_Nachhaltigkeitsbericht_2023_en.pdf,pdf_explicit_series_citation,pdf_page_backfill,"s prevents changes relating to the market values of the divisions’ portfolios ­affecting how their carbon intensity is managed. In 2023, the Partnership for Accounting Financials (PCAF) framework was used to calculate financed emissions. Information on the ­financed emissions and on other steps to be taken to reduce carbon emissions will be published in 202…","s prevents changes relating to the market values of the divisions’ portfolios ­affecting how their carbon intensity is managed. In 2023, the Partnership for Accounting Financials (PCAF) framework was used to calculate financed emissions. Information on the ­financed emissions and on other steps to be taken to reduce carbon emissions will be published in 202…",Accepted standard-company edge: source evidence explicitly names this GHG Protocol fine series.,可采信标准-企业关系：原文证据明确命名该 GHG Protocol 细分系列。
r329_astrazeneca,329,ASTRAZENECA,阿斯利康,C,Manufacturing,制造业,ghg_corporate_standard,GHG Protocol Corporate Accounting and Reporting Standard,GHG Protocol 企业核算与报告标准,Standard,标准,Corporate inventory accounting standard,企业组织层面清单核算标准,"Relevance, completeness, consistency, transparency, and accuracy.",相关性、完整性、一致性、透明性和准确性。,"Within GHG Protocol evidence, this may define Scope 1 and Scope 2 corporate inventory boundaries.",仅在 GHG Protocol 证据下使用 Scope 1/2 的组织层面清单口径。,explicit_series_citation,page_text_explicitly_names_whitelisted_series,corporate accounting and reporting standard,10,128 | 235 | 237,AstraZeneca_AR_2024.pdf,seed_batch_08,medium,"142.73 1 The Group reports GHG emissions in accordance with the World Resources Institute/World Business Council for Sustainable Development (WRI/WBCSD) Greenhouse Gas Protocol: A Corporate Accounting and Reporting Standard, Revised Edition (2015) and Corporate Value Chain (Scope 3), Accounting and Reporting Standard (2011). 2 Under the Companies (Directors…","142.73 1 The Group reports GHG emissions in accordance with the World Resources Institute/World Business Council for Sustainable Development (WRI/WBCSD) Greenhouse Gas Protocol: A Corporate Accounting and Reporting Standard, Revised Edition (2015) and Corporate Value Chain (Scope 3), Accounting and Reporting Standard (2011). 2 Under the Companies (Directors…",Accepted standard-company edge: source evidence explicitly names this GHG Protocol fine series.,可采信标准-企业关系：原文证据明确命名该 GHG Protocol 细分系列。
r329_astrazeneca,329,ASTRAZENECA,阿斯利康,C,Manufacturing,制造业,ghg_scope2_guidance,GHG Protocol Scope 2 Guidance,GHG Protocol Scope 2 指南,Guidance,指南,Purchased electricity and energy method guidance,外购电力与能源口径指南,Location-based and market-based Scope 2 reporting are separated when cited.,原文显式引用时区分位置法与市场法 Scope 2 披露。,Scope 2 market-based and location-based language is treated as GHG-specific.,Scope 2 市场法/位置法术语只在 GHG Protocol 语境下使用。,explicit_series_citation,page_text_explicitly_names_whitelisted_series,scope 2 guidance,6,128 | 235,AstraZeneca_AR_2024.pdf,seed_batch_08,medium,"eme. In the US, Renewable Thermal Certificates are tracked via the Midwest Renewable Energy Tracking System. 4 GHGs from imported electricity are calculated using the GHG Protocol Scope 2 Guidance (January 2015) requiring dual reporting using two emissions factors for each site – Market-based and Location-based. Our corporate emissions reporting and targets…","eme. In the US, Renewable Thermal Certificates are tracked via the Midwest Renewable Energy Tracking System. 4 GHGs from imported electricity are calculated using the GHG Protocol Scope 2 Guidance (January 2015) requiring dual reporting using two emissions factors for each site – Market-based and Location-based. Our corporate emissions reporting and targets…",Accepted standard-company edge: source evidence explicitly names this GHG Protocol fine series.,可采信标准-企业关系：原文证据明确命名该 GHG Protocol 细分系列。
r329_astrazeneca,329,ASTRAZENECA,阿斯利康,C,Manufacturing,制造业,ghg_scope3_standard,GHG Protocol Corporate Value Chain (Scope 3) Accounting and Reporting Standard,GHG Protocol 企业价值链（Scope 3）核算与报告标准,Standard,标准,Value-chain emissions accounting standard,价值链排放核算标准,Scope 3 categories are GHG Protocol-specific category language.,Scope 3 类别是 GHG Protocol 特有的类别口径。,Scope 3 and Scope 3 category names are only used for GHG Protocol evidence.,Scope 3 及十五类类别口径只在 GHG Protocol 证据下使用。,explicit_series_citation,page_text_explicitly_names_whitelisted_series,corporate value chain\s*\(scope 3\),8,128 | 235,AstraZeneca_AR_2024.pdf,seed_batch_08,medium,"sources Institute/World Business Council for Sustainable Development (WRI/WBCSD) Greenhouse Gas Protocol: A Corporate Accounting and Reporting Standard, Revised Edition (2015) and Corporate Value Chain (Scope 3), Accounting and Reporting Standard (2011). 2 Under the Companies (Directors’ Report) and Limited Liability Partnerships (Energy and Carbon Report) …","sources Institute/World Business Council for Sustainable Development (WRI/WBCSD) Greenhouse Gas Protocol: A Corporate Accounting and Reporting Standard, Revised Edition (2015) and Corporate Value Chain (Scope 3), Accounting and Reporting Standard (2011). 2 Under the Companies (Directors’ Report) and Limited Liability Partnerships (Energy and Carbon Report) …",Accepted standard-company edge: source evidence explicitly names this GHG Protocol fine series.,可采信标准-企业关系：原文证据明确命名该 GHG Protocol 细分系列。
r333_tiaa,333,TIAA,美国教师退休基金会,J,Finance,金融业,ghg_financial_industry_standard,Global GHG Accounting and Reporting Standard for the Financial Industry,金融行业全球温室气体核算与报告标准,Sector standard / guidance,行业标准/指南,Financial-industry financed-emissions methodology,金融行业投融资排放方法学,Measure financed emissions for loans and investments when explicitly cited.,原文明示时用于贷款和投资的投融资排放测算。,Use financed-emissions wording rather than corporate operational Scope totals.,使用投融资排放口径，不改写为企业运营 Scope 总量。,explicit_series_citation,page_text_explicitly_names_whitelisted_series,\bpcaf\b | partnership for carbon accounting financials,8,37 | 43,TIAA climate_report_2024.pdf,pdf_explicit_series_citation,pdf_page_backfill,e importance of these solutions and technologies to the low-carbon transition and reiterates our belief toward gaining increasing exposure to these opportunities. PCAF Scoring The Partnership for Carbon Accounting Financials (PCAF) is a global partnership of financial institutions that work together to develop and implement a harmonized approach to assess a…,e importance of these solutions and technologies to the low-carbon transition and reiterates our belief toward gaining increasing exposure to these opportunities. PCAF Scoring The Partnership for Carbon Accounting Financials (PCAF) is a global partnership of financial institutions that work together to develop and implement a harmonized approach to assess a…,Accepted standard-company edge: source evidence explicitly names this GHG Protocol fine series.,可采信标准-企业关系：原文证据明确命名该 GHG Protocol 细分系列。
r336_chinahuadian,336,CHINA HUADIAN,中国华电集团有限公司,I,Unknown,电力、热力、燃气及水生产和供应业,ghg_corporate_standard,GHG Protocol Corporate Accounting and Reporting Standard,GHG Protocol 企业核算与报告标准,Standard,标准,Corporate inventory accounting standard,企业组织层面清单核算标准,"Relevance, completeness, consistency, transparency, and accuracy.",相关性、完整性、一致性、透明性和准确性。,"Within GHG Protocol evidence, this may define Scope 1 and Scope 2 corporate inventory boundaries.",仅在 GHG Protocol 证据下使用 Scope 1/2 的组织层面清单口径。,explicit_series_citation,page_text_explicitly_names_whitelisted_series,corporate accounting and reporting standard,2,58,AIA GROUP-Main-ESG-Report_CH.pdf,pdf_explicit_series_citation,pdf_page_backfill,標，包括按 性別和年齡劃分的員工流失率（第6 頁）以及按市場、性別、年齡及職級 劃分的員工結構概覽（第10 頁）依 據獨立執業會計師就友邦保險控股有 限公司的經識別的可持續發展資料的 有限保證鑒證報告進行鑒證。請參閱 第32 頁以獲取此數據鑒證工作中涵 蓋的細分營運範圍。 數據計量方法 友邦保險根據溫室氣體協議企業會計 和報告標準（GHG Protocol Corporate Accounting and Reporting Standard）、溫室氣體協議範圍2 指 南及香港特別行政區政府環保署提供 的指引計算排放量，亦會透過公用事 業公司可持續發展報告、溫室氣體協 議數據庫及國際能源總署（IEA） 2024 年排放因子數據庫，確定各個 營運地區溫室氣體排放（範圍1 和 2）的排放因子。我們參照英國政府 環…,標，包括按 性別和年齡劃分的員工流失率（第6 頁）以及按市場、性別、年齡及職級 劃分的員工結構概覽（第10 頁）依 據獨立執業會計師就友邦保險控股有 限公司的經識別的可持續發展資料的 有限保證鑒證報告進行鑒證。請參閱 第32 頁以獲取此數據鑒證工作中涵 蓋的細分營運範圍。 數據計量方法 友邦保險根據溫室氣體協議企業會計 和報告標準（GHG Protocol Corporate Accounting and Reporting Standard）、溫室氣體協議範圍2 指 南及香港特別行政區政府環保署提供 的指引計算排放量，亦會透過公用事 業公司可持續發展報告、溫室氣體協 議數據庫及國際能源總署（IEA） 2024 年排放因子數據庫，確定各個 營運地區溫室氣體排放（範圍1 和 2）的排放因子。我們參照英國政府 環…,Accepted standard-company edge: source evidence explicitly names this GHG Protocol fine series.,可采信标准-企业关系：原文证据明确命名该 GHG Protocol 细分系列。
r339_hyundaimobis,339,HYUNDAI MOBIS,现代摩比斯公司,C,Manufacturing,制造业,ghg_corporate_standard,GHG Protocol Corporate Accounting and Reporting Standard,GHG Protocol 企业核算与报告标准,Standard,标准,Corporate inventory accounting standard,企业组织层面清单核算标准,"Relevance, completeness, consistency, transparency, and accuracy.",相关性、完整性、一致性、透明性和准确性。,"Within GHG Protocol evidence, this may define Scope 1 and Scope 2 corporate inventory boundaries.",仅在 GHG Protocol 证据下使用 Scope 1/2 的组织层面清单口径。,explicit_series_citation,page_text_explicitly_names_whitelisted_series,"(?:ghg protocol|greenhouse gas protocol|wri|world resources institute|world business council)[\s\S]{0,160}corporate standard",5,161 | 46,HYUNDAI MOBIS sustainability report 2025.pdf,pdf_explicit_series_citation,pdf_page_backfill,"owing criteria and coefficients used by the company were applied. • Criteria - ISO 14064-1:2018, ISO 14064-3:2019 - 2006 IPCC Guidelines for National Greenhouse Gas Inventories - GHG Protocol Corporate Standard - Rule for emission reporting and certification of greenhouse gas emission trading Scheme (Notification No. 2025-28 of Ministry of Environment) • …","owing criteria and coefficients used by the company were applied. • Criteria - ISO 14064-1:2018, ISO 14064-3:2019 - 2006 IPCC Guidelines for National Greenhouse Gas Inventories - GHG Protocol Corporate Standard - Rule for emission reporting and certification of greenhouse gas emission trading Scheme (Notification No. 2025-28 of Ministry of Environment) • …",Accepted standard-company edge: source evidence explicitly names this GHG Protocol fine series.,可采信标准-企业关系：原文证据明确命名该 GHG Protocol 细分系列。
r339_hyundaimobis,339,HYUNDAI MOBIS,现代摩比斯公司,C,Manufacturing,制造业,ghg_scope3_standard,GHG Protocol Corporate Value Chain (Scope 3) Accounting and Reporting Standard,GHG Protocol 企业价值链（Scope 3）核算与报告标准,Standard,标准,Value-chain emissions accounting standard,价值链排放核算标准,Scope 3 categories are GHG Protocol-specific category language.,Scope 3 类别是 GHG Protocol 特有的类别口径。,Scope 3 and Scope 3 category names are only used for GHG Protocol evidence.,Scope 3 及十五类类别口径只在 GHG Protocol 证据下使用。,explicit_series_citation,page_text_explicitly_names_whitelisted_series,corporate value chain\s*\(scope 3\),9,46 | 52,HYUNDAI MOBIS sustainability report 2025.pdf,seed_batch_08,medium,missions by Scope 3 category to ensure systemic GHG emissions management across the entire value chain. We quantify and disclose category-specific emissions in accordance with the Corporate Value Chain (Scope 3) Accounting and Report s GHG emissions by Scope 3 category to ensure systemic GHG emissions management across the entire value chain. We quantify an…,missions by Scope 3 category to ensure systemic GHG emissions management across the entire value chain. We quantify and disclose category-specific emissions in accordance with the Corporate Value Chain (Scope 3) Accounting and Report s GHG emissions by Scope 3 category to ensure systemic GHG emissions management across the entire value chain. We quantify an…,Accepted standard-company edge: source evidence explicitly names this GHG Protocol fine series.,可采信标准-企业关系：原文证据明确命名该 GHG Protocol 细分系列。
r342_bristolmyerssquibb,342,BRISTOL-MYERS SQUIBB,百时美施贵宝公司,C,Manufacturing,制造业,ghg_corporate_standard,GHG Protocol Corporate Accounting and Reporting Standard,GHG Protocol 企业核算与报告标准,Standard,标准,Corporate inventory accounting standard,企业组织层面清单核算标准,"Relevance, completeness, consistency, transparency, and accuracy.",相关性、完整性、一致性、透明性和准确性。,"Within GHG Protocol evidence, this may define Scope 1 and Scope 2 corporate inventory boundaries.",仅在 GHG Protocol 证据下使用 Scope 1/2 的组织层面清单口径。,explicit_series_citation,page_text_explicitly_names_whitelisted_series,corporate accounting and reporting standard,4,80,BRISTOL-MYERS SQUIBB BMS-Building-a-Better-Future-Report-2024.pdf,pdf_explicit_series_citation,pdf_page_backfill,and • Evaluation of the GHG emissions data against the requirements of the World Resources Institute (WRI)/World Business Council for Sustainable Development (WBCSD) GHG Protocol Corporate Accounting and Reporting Standards. Reporting Boundaries The following are the boundaries used by Bristol Myers Squibb for reporting sustainability data: • Operational Co…,and • Evaluation of the GHG emissions data against the requirements of the World Resources Institute (WRI)/World Business Council for Sustainable Development (WBCSD) GHG Protocol Corporate Accounting and Reporting Standards. Reporting Boundaries The following are the boundaries used by Bristol Myers Squibb for reporting sustainability data: • Operational Co…,Accepted standard-company edge: source evidence explicitly names this GHG Protocol fine series.,可采信标准-企业关系：原文证据明确命名该 GHG Protocol 细分系列。
r344_continental,344,CONTINENTAL,德国大陆集团,C,Manufacturing,制造业,ghg_corporate_standard,GHG Protocol Corporate Accounting and Reporting Standard,GHG Protocol 企业核算与报告标准,Standard,标准,Corporate inventory accounting standard,企业组织层面清单核算标准,"Relevance, completeness, consistency, transparency, and accuracy.",相关性、完整性、一致性、透明性和准确性。,"Within GHG Protocol evidence, this may define Scope 1 and Scope 2 corporate inventory boundaries.",仅在 GHG Protocol 证据下使用 Scope 1/2 的组织层面清单口径。,explicit_series_citation,page_text_explicitly_names_whitelisted_series,"(?:ghg protocol|greenhouse gas protocol|wri|world resources institute|world business council)[\s\S]{0,160}corporate standard",5,133 | 142,CONTINENTAL annual-report-2024.pdf,seed_batch_08,medium,"ed with contractual instruments, in % — — 84.7 — — — — — Definitions, assumptions, and calculation methods: Gross Scope 1 GHG emissions - Definitions and calculations according to GHG Protocol Corporate Standard (version 2004). - Emissions factors for refrigerants in accordance with Regulation (EU) 2024/573 of the European Parliament and of the Council from…","ed with contractual instruments, in % — — 84.7 — — — — — Definitions, assumptions, and calculation methods: Gross Scope 1 GHG emissions - Definitions and calculations according to GHG Protocol Corporate Standard (version 2004). - Emissions factors for refrigerants in accordance with Regulation (EU) 2024/573 of the European Parliament and of the Council from…",Accepted standard-company edge: source evidence explicitly names this GHG Protocol fine series.,可采信标准-企业关系：原文证据明确命名该 GHG Protocol 细分系列。
r344_continental,344,CONTINENTAL,德国大陆集团,C,Manufacturing,制造业,ghg_scope3_standard,GHG Protocol Corporate Value Chain (Scope 3) Accounting and Reporting Standard,GHG Protocol 企业价值链（Scope 3）核算与报告标准,Standard,标准,Value-chain emissions accounting standard,价值链排放核算标准,Scope 3 categories are GHG Protocol-specific category language.,Scope 3 类别是 GHG Protocol 特有的类别口径。,Scope 3 and Scope 3 category names are only used for GHG Protocol evidence.,Scope 3 及十五类类别口径只在 GHG Protocol 证据下使用。,explicit_series_citation,page_text_explicitly_names_whitelisted_series,corporate value chain\s*\(scope 3\),4,133 | 143,CONTINENTAL annual-report-2024.pdf,pdf_explicit_series_citation,pdf_page_backfill,"internal rules apply directly or indi- rectly addressing climate change mitigation. In addition, the management approach is based on the GHG Proto- col and related standards (e.g. Corporate Value Chain (Scope 3) ac- counting and reporting standard) as external frameworks for CO2 emissions accounting. The management approach and associated measures take into…","internal rules apply directly or indi- rectly addressing climate change mitigation. In addition, the management approach is based on the GHG Proto- col and related standards (e.g. Corporate Value Chain (Scope 3) ac- counting and reporting standard) as external frameworks for CO2 emissions accounting. The management approach and associated measures take into…",Accepted standard-company edge: source evidence explicitly names this GHG Protocol fine series.,可采信标准-企业关系：原文证据明确命名该 GHG Protocol 细分系列。
r346_dow,346,DOW,陶氏公司,C,Manufacturing,制造业,ghg_corporate_standard,GHG Protocol Corporate Accounting and Reporting Standard,GHG Protocol 企业核算与报告标准,Standard,标准,Corporate inventory accounting standard,企业组织层面清单核算标准,"Relevance, completeness, consistency, transparency, and accuracy.",相关性、完整性、一致性、透明性和准确性。,"Within GHG Protocol evidence, this may define Scope 1 and Scope 2 corporate inventory boundaries.",仅在 GHG Protocol 证据下使用 Scope 1/2 的组织层面清单口径。,explicit_series_citation,page_text_explicitly_names_whitelisted_series,corporate accounting and reporting standard,10,2 | 30 | 31 | 74,DOW-2024-progress-report.pdf,pdf_explicit_series_citation,pdf_page_backfill,"Standards and GHG disclosures referenced or included in the GHG Protocol disclosure report for the year ended December 31, 2024, are presented in accordance with the GHG Protocol Corporate Accounting and Reporting Standard (Revised Edition) published by the World Resources Institute (WRI)/World Business Council for Sustainable Development (WBCSD). For the S…","Standards and GHG disclosures referenced or included in the GHG Protocol disclosure report for the year ended December 31, 2024, are presented in accordance with the GHG Protocol Corporate Accounting and Reporting Standard (Revised Edition) published by the World Resources Institute (WRI)/World Business Council for Sustainable Development (WBCSD). For the S…",Accepted standard-company edge: source evidence explicitly names this GHG Protocol fine series.,可采信标准-企业关系：原文证据明确命名该 GHG Protocol 细分系列。
r346_dow,346,DOW,陶氏公司,C,Manufacturing,制造业,ghg_product_standard,GHG Protocol Product Life Cycle Accounting and Reporting Standard,GHG Protocol 产品生命周期核算与报告标准,Standard,标准,Product life-cycle accounting standard,产品生命周期核算标准,Product-level life-cycle boundary; not a corporate Scope 1/2/3 total by itself.,产品层生命周期边界，本身不等同于企业 Scope 1/2/3 总量。,Use product life-cycle wording unless the source also cites corporate Scope accounting.,除非原文同时引用组织层 Scope 核算，否则使用产品生命周期口径。,explicit_series_citation,page_text_explicitly_names_whitelisted_series,ghg protocol product standard,1,116,DOW-2024-progress-report.pdf,pdf_explicit_series_citation,pdf_page_backfill,"ines like the TfS Guidelines for the chemical sector and the GLEC Framework for transportation. Supplier-reported product and transport carbon footprint data is verified using the GHG Protocol Product Standard, ISO 14067, TfS Guidelines/Catena-X, WBCSD Pathfinder Met… PDF full-document exact-series scan: the report page names a controlled GHG Protocol/PCAF …","ines like the TfS Guidelines for the chemical sector and the GLEC Framework for transportation. Supplier-reported product and transport carbon footprint data is verified using the GHG Protocol Product Standard, ISO 14067, TfS Guidelines/Catena-X, WBCSD Pathfinder Met… PDF full-document exact-series scan: the report page names a controlled GHG Protocol/PCAF …",Accepted standard-company edge: source evidence explicitly names this GHG Protocol fine series.,可采信标准-企业关系：原文证据明确命名该 GHG Protocol 细分系列。
r346_dow,346,DOW,陶氏公司,C,Manufacturing,制造业,ghg_scope3_standard,GHG Protocol Corporate Value Chain (Scope 3) Accounting and Reporting Standard,GHG Protocol 企业价值链（Scope 3）核算与报告标准,Standard,标准,Value-chain emissions accounting standard,价值链排放核算标准,Scope 3 categories are GHG Protocol-specific category language.,Scope 3 类别是 GHG Protocol 特有的类别口径。,Scope 3 and Scope 3 category names are only used for GHG Protocol evidence.,Scope 3 及十五类类别口径只在 GHG Protocol 证据下使用。,explicit_series_citation,page_text_explicitly_names_whitelisted_series,corporate value chain\s*\(scope 3\),4,116 | 2 | 30,DOW-2024-progress-report.pdf,pdf_explicit_series_citation,pdf_page_backfill,"in Category 4, travel agency booking data in Category 6, and investment emissions in Category 15. Dow Scope 3 accounting follows leading methodologies, including the GHG Protocol Corporate Value Chain (Scope 3) Accounting and Reporting Standard and sector-specific guidelines like the TfS Guidelines for the chemical sector and the GLEC Framework for transpor…","in Category 4, travel agency booking data in Category 6, and investment emissions in Category 15. Dow Scope 3 accounting follows leading methodologies, including the GHG Protocol Corporate Value Chain (Scope 3) Accounting and Reporting Standard and sector-specific guidelines like the TfS Guidelines for the chemical sector and the GLEC Framework for transpor…",Accepted standard-company edge: source evidence explicitly names this GHG Protocol fine series.,可采信标准-企业关系：原文证据明确命名该 GHG Protocol 细分系列。
r350_telefónica,350,TELEFÓNICA,西班牙电话公司,I,"Information Transmission, Software and Information Technology Services",信息传输、软件和信息技术服务业,ghg_corporate_standard,GHG Protocol Corporate Accounting and Reporting Standard,GHG Protocol 企业核算与报告标准,Standard,标准,Corporate inventory accounting standard,企业组织层面清单核算标准,"Relevance, completeness, consistency, transparency, and accuracy.",相关性、完整性、一致性、透明性和准确性。,"Within GHG Protocol evidence, this may define Scope 1 and Scope 2 corporate inventory boundaries.",仅在 GHG Protocol 证据下使用 Scope 1/2 的组织层面清单口径。,explicit_series_citation,page_text_explicitly_names_whitelisted_series,"corporate accounting and reporting standard | (?:ghg protocol|greenhouse gas protocol|wri|world resources institute|world business council)[\s\S]{0,160}corporate standard",10,63 | 108 | 109,2024TELEFÓNICA consolidated-management-report.pdf,pdf_explicit_series_citation,pdf_page_backfill,"ventory E1-6_15 Telefónica calculates the carbon footprint for its operations (Scopes 1 and 2) and its value chain (Scope 3), using the methodology established in the GHG Protocol Corporate Accounting and Reporting Standard (revised edition). The emissions inventory follows the methodological guidelines based on the principles of relevance, completeness, co…","ventory E1-6_15 Telefónica calculates the carbon footprint for its operations (Scopes 1 and 2) and its value chain (Scope 3), using the methodology established in the GHG Protocol Corporate Accounting and Reporting Standard (revised edition). The emissions inventory follows the methodological guidelines based on the principles of relevance, completeness, co…",Accepted standard-company edge: source evidence explicitly names this GHG Protocol fine series.,可采信标准-企业关系：原文证据明确命名该 GHG Protocol 细分系列。
r350_telefónica,350,TELEFÓNICA,西班牙电话公司,I,"Information Transmission, Software and Information Technology Services",信息传输、软件和信息技术服务业,ghg_scope3_standard,GHG Protocol Corporate Value Chain (Scope 3) Accounting and Reporting Standard,GHG Protocol 企业价值链（Scope 3）核算与报告标准,Standard,标准,Value-chain emissions accounting standard,价值链排放核算标准,Scope 3 categories are GHG Protocol-specific category language.,Scope 3 类别是 GHG Protocol 特有的类别口径。,Scope 3 and Scope 3 category names are only used for GHG Protocol evidence.,Scope 3 及十五类类别口径只在 GHG Protocol 证据下使用。,explicit_series_citation,page_text_explicitly_names_whitelisted_series,corporate value chain\s*\(scope 3\),7,109 | 63,2024TELEFÓNICA consolidated-management-report.pdf,pdf_explicit_series_citation,pdf_page_backfill,"a of the Net Zero corporate standard of the SBTi initiative. E1-6_29 The methodology used for Scope 3 emissions accounting complies with the recommendations from the GHG Protocol (Corporate Value Chain (Scope 3) Accounting and Reporting Standard) and from the sectoral guidance provided by ITU-T, GeSI and GSMA (Guidance for … PDF full-document exact-series s…","a of the Net Zero corporate standard of the SBTi initiative. E1-6_29 The methodology used for Scope 3 emissions accounting complies with the recommendations from the GHG Protocol (Corporate Value Chain (Scope 3) Accounting and Reporting Standard) and from the sectoral guidance provided by ITU-T, GeSI and GSMA (Guidance for … PDF full-document exact-series s…",Accepted standard-company edge: source evidence explicitly names this GHG Protocol fine series.,可采信标准-企业关系：原文证据明确命名该 GHG Protocol 细分系列。
r351_chinaminshengbanking,351,CHINA MINSHENG BANKING,中国民生银行股份有限公司,J,Unknown,金融业,ghg_corporate_standard,GHG Protocol Corporate Accounting and Reporting Standard,GHG Protocol 企业核算与报告标准,Standard,标准,Corporate inventory accounting standard,企业组织层面清单核算标准,"Relevance, completeness, consistency, transparency, and accuracy.",相关性、完整性、一致性、透明性和准确性。,"Within GHG Protocol evidence, this may define Scope 1 and Scope 2 corporate inventory boundaries.",仅在 GHG Protocol 证据下使用 Scope 1/2 的组织层面清单口径。,explicit_series_citation,page_text_explicitly_names_whitelisted_series,corporate accounting and reporting standard,2,63,Lloyds_Banking_Group_Annual_Report_2024.pdf,pdf_explicit_series_citation,pdf_page_backfill,"Streamlined energy carbon reporting Methodology The Group follows the principles of the Greenhouse Gas (GHG) Protocol Corporate Accounting and Reporting Standard to calculate Scope 1, 2 and 3 emissions from our worldwide operations. Energy consumption is calculated according to guidance set out by the Department for Energy Security and Net","Streamlined energy carbon reporting Methodology The Group follows the principles of the Greenhouse Gas (GHG) Protocol Corporate Accounting and Reporting Standard to calculate Scope 1, 2 and 3 emissions from our worldwide operations. Energy consumption is calculated according to guidance set out by the Department for Energy Security and Net",Accepted standard-company edge: source evidence explicitly names this GHG Protocol fine series.,可采信标准-企业关系：原文证据明确命名该 GHG Protocol 细分系列。
r357_magnainternational,357,MAGNA INTERNATIONAL,麦格纳国际,C,Manufacturing,制造业,ghg_corporate_standard,GHG Protocol Corporate Accounting and Reporting Standard,GHG Protocol 企业核算与报告标准,Standard,标准,Corporate inventory accounting standard,企业组织层面清单核算标准,"Relevance, completeness, consistency, transparency, and accuracy.",相关性、完整性、一致性、透明性和准确性。,"Within GHG Protocol evidence, this may define Scope 1 and Scope 2 corporate inventory boundaries.",仅在 GHG Protocol 证据下使用 Scope 1/2 的组织层面清单口径。,explicit_series_citation,page_text_explicitly_names_whitelisted_series,corporate accounting and reporting standard,5,99,101227_magna_sustainabilityreport_fy2024_final_cda.pdf,pdf_explicit_series_citation,pdf_page_backfill,"r of sales, per employee and per square footage basis. The raw data for Scope 1 & 2 emissions, together with intensity metrics are set out below. Magna adheres to the GHG Protocol Corporate Accounting and Reporting Standard (“GHG Protocol”) for its Scope 1 and 2 reporting. Magna adheres to the GHG Protocol Corporate Value Chain (Scope 3) Standard and guidan…","r of sales, per employee and per square footage basis. The raw data for Scope 1 & 2 emissions, together with intensity metrics are set out below. Magna adheres to the GHG Protocol Corporate Accounting and Reporting Standard (“GHG Protocol”) for its Scope 1 and 2 reporting. Magna adheres to the GHG Protocol Corporate Value Chain (Scope 3) Standard and guidan…",Accepted standard-company edge: source evidence explicitly names this GHG Protocol fine series.,可采信标准-企业关系：原文证据明确命名该 GHG Protocol 细分系列。
r357_magnainternational,357,MAGNA INTERNATIONAL,麦格纳国际,C,Manufacturing,制造业,ghg_scope3_standard,GHG Protocol Corporate Value Chain (Scope 3) Accounting and Reporting Standard,GHG Protocol 企业价值链（Scope 3）核算与报告标准,Standard,标准,Value-chain emissions accounting standard,价值链排放核算标准,Scope 3 categories are GHG Protocol-specific category language.,Scope 3 类别是 GHG Protocol 特有的类别口径。,Scope 3 and Scope 3 category names are only used for GHG Protocol evidence.,Scope 3 及十五类类别口径只在 GHG Protocol 证据下使用。,explicit_series_citation,page_text_explicitly_names_whitelisted_series,corporate value chain\s*\(scope 3\),3,99,101227_magna_sustainabilityreport_fy2024_final_cda.pdf,pdf_explicit_series_citation,pdf_page_backfill,re set out below. Magna adheres to the GHG Protocol Corporate Accounting and Reporting Standard (“GHG Protocol”) for its Scope 1 and 2 reporting. Magna adheres to the GHG Protocol Corporate Value Chain (Scope 3) Standard and guidance from the SBTi for its Scope 3 reporting. We use commonly accepted emission factors such as those available from the GHG Proto…,re set out below. Magna adheres to the GHG Protocol Corporate Accounting and Reporting Standard (“GHG Protocol”) for its Scope 1 and 2 reporting. Magna adheres to the GHG Protocol Corporate Value Chain (Scope 3) Standard and guidance from the SBTi for its Scope 3 reporting. We use commonly accepted emission factors such as those available from the GHG Proto…,Accepted standard-company edge: source evidence explicitly names this GHG Protocol fine series.,可采信标准-企业关系：原文证据明确命名该 GHG Protocol 细分系列。
r358_omvgroup,358,OMV GROUP,奥地利石油天然气集团,D,"Electricity, Heat, Gas and Water Production and Supply",电力、热力、燃气及水生产和供应业,ghg_corporate_standard,GHG Protocol Corporate Accounting and Reporting Standard,GHG Protocol 企业核算与报告标准,Standard,标准,Corporate inventory accounting standard,企业组织层面清单核算标准,"Relevance, completeness, consistency, transparency, and accuracy.",相关性、完整性、一致性、透明性和准确性。,"Within GHG Protocol evidence, this may define Scope 1 and Scope 2 corporate inventory boundaries.",仅在 GHG Protocol 证据下使用 Scope 1/2 的组织层面清单口径。,explicit_series_citation,page_text_explicitly_names_whitelisted_series,"(?:ghg protocol|greenhouse gas protocol|wri|world resources institute|world business council)[\s\S]{0,160}corporate standard",8,196 | 213,entire-omv-ar24.pdf,pdf_explicit_series_citation,pdf_page_backfill,"luded in the appropriate category. OMV calculates its corporate carbon footprint (Scope 1, 2, and 3 emissions) following the principles, requirements, and guidance provided by the GHG Protocol Corporate Standard (version 2004), the GHG Protocol Scope 2 Guidance (version 2015), and the GHG Protocol Corporate Value Chain (Scope 3) Accounting and Reporting Sta…","luded in the appropriate category. OMV calculates its corporate carbon footprint (Scope 1, 2, and 3 emissions) following the principles, requirements, and guidance provided by the GHG Protocol Corporate Standard (version 2004), the GHG Protocol Scope 2 Guidance (version 2015), and the GHG Protocol Corporate Value Chain (Scope 3) Accounting and Reporting Sta…",Accepted standard-company edge: source evidence explicitly names this GHG Protocol fine series.,可采信标准-企业关系：原文证据明确命名该 GHG Protocol 细分系列。
r358_omvgroup,358,OMV GROUP,奥地利石油天然气集团,D,"Electricity, Heat, Gas and Water Production and Supply",电力、热力、燃气及水生产和供应业,ghg_scope2_guidance,GHG Protocol Scope 2 Guidance,GHG Protocol Scope 2 指南,Guidance,指南,Purchased electricity and energy method guidance,外购电力与能源口径指南,Location-based and market-based Scope 2 reporting are separated when cited.,原文显式引用时区分位置法与市场法 Scope 2 披露。,Scope 2 market-based and location-based language is treated as GHG-specific.,Scope 2 市场法/位置法术语只在 GHG Protocol 语境下使用。,explicit_series_citation,page_text_explicitly_names_whitelisted_series,scope 2 guidance,8,196 | 213,entire-omv-ar24.pdf,pdf_explicit_series_citation,pdf_page_backfill,"arbon footprint (Scope 1, 2, and 3 emissions) following the principles, requirements, and guidance provided by the GHG Protocol Corporate Standard (version 2004), the GHG Protocol Scope 2 Guidance (version 2015), and the GHG Protocol Corporate Value Chain (Scope 3) Accounting and Reporting Standard (Version 2011).  Scope 1: This refers to direct emissions …","arbon footprint (Scope 1, 2, and 3 emissions) following the principles, requirements, and guidance provided by the GHG Protocol Corporate Standard (version 2004), the GHG Protocol Scope 2 Guidance (version 2015), and the GHG Protocol Corporate Value Chain (Scope 3) Accounting and Reporting Standard (Version 2011).  Scope 1: This refers to direct emissions …",Accepted standard-company edge: source evidence explicitly names this GHG Protocol fine series.,可采信标准-企业关系：原文证据明确命名该 GHG Protocol 细分系列。
r358_omvgroup,358,OMV GROUP,奥地利石油天然气集团,D,"Electricity, Heat, Gas and Water Production and Supply",电力、热力、燃气及水生产和供应业,ghg_scope3_standard,GHG Protocol Corporate Value Chain (Scope 3) Accounting and Reporting Standard,GHG Protocol 企业价值链（Scope 3）核算与报告标准,Standard,标准,Value-chain emissions accounting standard,价值链排放核算标准,Scope 3 categories are GHG Protocol-specific category language.,Scope 3 类别是 GHG Protocol 特有的类别口径。,Scope 3 and Scope 3 category names are only used for GHG Protocol evidence.,Scope 3 及十五类类别口径只在 GHG Protocol 证据下使用。,explicit_series_citation,page_text_explicitly_names_whitelisted_series,corporate value chain\s*\(scope 3\),8,196 | 213,entire-omv-ar24.pdf,pdf_explicit_series_citation,pdf_page_backfill,"g the principles, requirements, and guidance provided by the GHG Protocol Corporate Standard (version 2004), the GHG Protocol Scope 2 Guidance (version 2015), and the GHG Protocol Corporate Value Chain (Scope 3) Accounting and Reporting Standard (Version 2011).  Scope 1: This refers to direct emissions from sources that are owned or controlled by OMV. OMV …","g the principles, requirements, and guidance provided by the GHG Protocol Corporate Standard (version 2004), the GHG Protocol Scope 2 Guidance (version 2015), and the GHG Protocol Corporate Value Chain (Scope 3) Accounting and Reporting Standard (Version 2011).  Scope 1: This refers to direct emissions from sources that are owned or controlled by OMV. OMV …",Accepted standard-company edge: source evidence explicitly names this GHG Protocol fine series.,可采信标准-企业关系：原文证据明确命名该 GHG Protocol 细分系列。
r359_massachusettsmutuallifeinsurance,359,MASSACHUSETTS MUTUAL LIFE INSURANCE,万通互惠理财公司,J,Finance,金融业,ghg_financial_industry_standard,Global GHG Accounting and Reporting Standard for the Financial Industry,金融行业全球温室气体核算与报告标准,Sector standard / guidance,行业标准/指南,Financial-industry financed-emissions methodology,金融行业投融资排放方法学,Measure financed emissions for loans and investments when explicitly cited.,原文明示时用于贷款和投资的投融资排放测算。,Use financed-emissions wording rather than corporate operational Scope totals.,使用投融资排放口径，不改写为企业运营 Scope 总量。,explicit_series_citation,page_text_explicitly_names_whitelisted_series,partnership for carbon accounting financials,2,16,2024-MASSACHUSETTS MUTUAL LIFE INSURANCE-sustainabilityreport.pdf,pdf_explicit_series_citation,pdf_page_backfill,"nsity metrics, we disclose absolute financed emissions for our commercial mortgage loans and our public corporate power and energy portfolios. Our calculation approach follows the Partnership for Carbon Accounting Financials (PCAF) financed emissions standard, to align with industry best practices. We use data from several sources to calculate absolute fina…","nsity metrics, we disclose absolute financed emissions for our commercial mortgage loans and our public corporate power and energy portfolios. Our calculation approach follows the Partnership for Carbon Accounting Financials (PCAF) financed emissions standard, to align with industry best practices. We use data from several sources to calculate absolute fina…",Accepted standard-company edge: source evidence explicitly names this GHG Protocol fine series.,可采信标准-企业关系：原文证据明确命名该 GHG Protocol 细分系列。
r365_travelers公司,365,Travelers,Travelers,J,Finance,金融业,ghg_corporate_standard,GHG Protocol Corporate Accounting and Reporting Standard,GHG Protocol 企业核算与报告标准,Standard,标准,Corporate inventory accounting standard,企业组织层面清单核算标准,"Relevance, completeness, consistency, transparency, and accuracy.",相关性、完整性、一致性、透明性和准确性。,"Within GHG Protocol evidence, this may define Scope 1 and Scope 2 corporate inventory boundaries.",仅在 GHG Protocol 证据下使用 Scope 1/2 的组织层面清单口径。,explicit_series_citation,page_text_explicitly_names_whitelisted_series,corporate accounting and reporting standard,5,77,Travelers_SustainabilityReport2024.pdf,pdf_explicit_series_citation,pdf_page_backfill,"t third party. In addition, we include data for 2011 since it serves as the base year for the company’s initial GHG emissions reduction goal. We use The Greenhouse Gas Protocol: A Corporate Accounting and Reporting Standard to calculate our Scope 1 and 2 GHG emissions; we use The Greenhouse Gas Protocol Corporate Value Chain (Scope 3) Accounting and Reporti…","t third party. In addition, we include data for 2011 since it serves as the base year for the company’s initial GHG emissions reduction goal. We use The Greenhouse Gas Protocol: A Corporate Accounting and Reporting Standard to calculate our Scope 1 and 2 GHG emissions; we use The Greenhouse Gas Protocol Corporate Value Chain (Scope 3) Accounting and Reporti…",Accepted standard-company edge: source evidence explicitly names this GHG Protocol fine series.,可采信标准-企业关系：原文证据明确命名该 GHG Protocol 细分系列。
r365_travelers公司,365,Travelers,Travelers,J,Finance,金融业,ghg_scope3_standard,GHG Protocol Corporate Value Chain (Scope 3) Accounting and Reporting Standard,GHG Protocol 企业价值链（Scope 3）核算与报告标准,Standard,标准,Value-chain emissions accounting standard,价值链排放核算标准,Scope 3 categories are GHG Protocol-specific category language.,Scope 3 类别是 GHG Protocol 特有的类别口径。,Scope 3 and Scope 3 category names are only used for GHG Protocol evidence.,Scope 3 及十五类类别口径只在 GHG Protocol 证据下使用。,explicit_series_citation,page_text_explicitly_names_whitelisted_series,corporate value chain\s*\(scope 3\),5,77,Travelers_SustainabilityReport2024.pdf,pdf_explicit_series_citation,pdf_page_backfill,reduction goal. We use The Greenhouse Gas Protocol: A Corporate Accounting and Reporting Standard to calculate our Scope 1 and 2 GHG emissions; we use The Greenhouse Gas Protocol Corporate Value Chain (Scope 3) Accounting and Reporting Standard to calculate our Scope 3 GHG emissions. 1 1 Refers to Scope 1 and Scope 2 GHG emissions from owned operations. Own…,reduction goal. We use The Greenhouse Gas Protocol: A Corporate Accounting and Reporting Standard to calculate our Scope 1 and 2 GHG emissions; we use The Greenhouse Gas Protocol Corporate Value Chain (Scope 3) Accounting and Reporting Standard to calculate our Scope 3 GHG emissions. 1 1 Refers to Scope 1 and Scope 2 GHG emissions from owned operations. Own…,Accepted standard-company edge: source evidence explicitly names this GHG Protocol fine series.,可采信标准-企业关系：原文证据明确命名该 GHG Protocol 细分系列。
r366_warnerbrosdiscovery,366,WARNER BROS. DISCOVERY,华纳兄弟探索公司,R,"Culture, Sports and Entertainment",文化、体育和娱乐业,ghg_corporate_standard,GHG Protocol Corporate Accounting and Reporting Standard,GHG Protocol 企业核算与报告标准,Standard,标准,Corporate inventory accounting standard,企业组织层面清单核算标准,"Relevance, completeness, consistency, transparency, and accuracy.",相关性、完整性、一致性、透明性和准确性。,"Within GHG Protocol evidence, this may define Scope 1 and Scope 2 corporate inventory boundaries.",仅在 GHG Protocol 证据下使用 Scope 1/2 的组织层面清单口径。,explicit_series_citation,page_text_explicitly_names_whitelisted_series,corporate accounting and reporting standard,5,25,WARNER BROS. DISCOVERY_2024_impact_report.pdf,seed_batch_08,medium,"ata related to fugitive emissions and improve data granularity. 9. The Scope 3 GHG emissions inventory has been prepared using the guidance set forth in the WRI/WBCSD GHG Protocol Corporate Accounting and Reporting Standard under which a company can choose which Scope 3 emissions to report. 10. In line with revised methodology and emissions factors, the tot…","ata related to fugitive emissions and improve data granularity. 9. The Scope 3 GHG emissions inventory has been prepared using the guidance set forth in the WRI/WBCSD GHG Protocol Corporate Accounting and Reporting Standard under which a company can choose which Scope 3 emissions to report. 10. In line with revised methodology and emissions factors, the tot…",Accepted standard-company edge: source evidence explicitly names this GHG Protocol fine series.,可采信标准-企业关系：原文证据明确命名该 GHG Protocol 细分系列。
r366_warnerbrosdiscovery,366,WARNER BROS. DISCOVERY,华纳兄弟探索公司,R,"Culture, Sports and Entertainment",文化、体育和娱乐业,ghg_scope2_guidance,GHG Protocol Scope 2 Guidance,GHG Protocol Scope 2 指南,Guidance,指南,Purchased electricity and energy method guidance,外购电力与能源口径指南,Location-based and market-based Scope 2 reporting are separated when cited.,原文显式引用时区分位置法与市场法 Scope 2 披露。,Scope 2 market-based and location-based language is treated as GHG-specific.,Scope 2 市场法/位置法术语只在 GHG Protocol 语境下使用。,explicit_series_citation,page_text_explicitly_names_whitelisted_series,scope 2 guidance,5,25,WARNER BROS. DISCOVERY_2024_impact_report.pdf,pdf_explicit_series_citation,pdf_page_backfill,ns that occur from sources that are owned or controlled by WBD. 3. The Scope 2 GHG emissions inventory has been prepared using the guidance set forth in the WRI/WBCSD GHG Protocol Scope 2 Guidance: An amendment to the GHG Protocol Corporate Accounting and Repo… PDF full-document exact-series scan: the report page names a controlled GHG Protocol/PCAF fine st…,ns that occur from sources that are owned or controlled by WBD. 3. The Scope 2 GHG emissions inventory has been prepared using the guidance set forth in the WRI/WBCSD GHG Protocol Scope 2 Guidance: An amendment to the GHG Protocol Corporate Accounting and Repo… PDF full-document exact-series scan: the report page names a controlled GHG Protocol/PCAF fine st…,Accepted standard-company edge: source evidence explicitly names this GHG Protocol fine series.,可采信标准-企业关系：原文证据明确命名该 GHG Protocol 细分系列。
r367_canadianimperialbankofcommerce,367,CANADIAN IMPERIAL BANK OF COMMERCE,加拿大帝国商业银行,J,Finance,金融业,ghg_corporate_standard,GHG Protocol Corporate Accounting and Reporting Standard,GHG Protocol 企业核算与报告标准,Standard,标准,Corporate inventory accounting standard,企业组织层面清单核算标准,"Relevance, completeness, consistency, transparency, and accuracy.",相关性、完整性、一致性、透明性和准确性。,"Within GHG Protocol evidence, this may define Scope 1 and Scope 2 corporate inventory boundaries.",仅在 GHG Protocol 证据下使用 Scope 1/2 的组织层面清单口径。,explicit_series_citation,page_text_explicitly_names_whitelisted_series,corporate accounting and reporting standard,6,100 | 101 | 102,CANADIAN IMPERIAL BANK OF COMMERCE-sustainability-report-2024-en.pdf,pdf_explicit_series_citation,pdf_page_backfill,"ed and disclosed using the following reporting standard: World Resources Institute (WRI)/World Business Council for Sustainable Development (WBCSD), The Greenhouse Gas Protocol: A Corporate Accounting and Reporting Standard (Revised Edition) March 2004. (4) 2024 purchased carbon removals relate to reforestation projects that adhere to the AB32 Compliance; C…","ed and disclosed using the following reporting standard: World Resources Institute (WRI)/World Business Council for Sustainable Development (WBCSD), The Greenhouse Gas Protocol: A Corporate Accounting and Reporting Standard (Revised Edition) March 2004. (4) 2024 purchased carbon removals relate to reforestation projects that adhere to the AB32 Compliance; C…",Accepted standard-company edge: source evidence explicitly names this GHG Protocol fine series.,可采信标准-企业关系：原文证据明确命名该 GHG Protocol 细分系列。
r367_canadianimperialbankofcommerce,367,CANADIAN IMPERIAL BANK OF COMMERCE,加拿大帝国商业银行,J,Finance,金融业,ghg_financial_industry_standard,Global GHG Accounting and Reporting Standard for the Financial Industry,金融行业全球温室气体核算与报告标准,Sector standard / guidance,行业标准/指南,Financial-industry financed-emissions methodology,金融行业投融资排放方法学,Measure financed emissions for loans and investments when explicitly cited.,原文明示时用于贷款和投资的投融资排放测算。,Use financed-emissions wording rather than corporate operational Scope totals.,使用投融资排放口径，不改写为企业运营 Scope 总量。,explicit_series_citation,page_text_explicitly_names_whitelisted_series,partnership for carbon accounting financials | \bpcaf\b,4,129 | 130,CANADIAN IMPERIAL BANK OF COMMERCE-sustainability-report-2024-en.pdf,pdf_explicit_series_citation,pdf_page_backfill,"missions, disaggregated by (1) Scope 1, (2) Scope 2 and (3) Scope 3 FN-CB-410b.1 2024 Climate Report CIBC 2024 ESG Data Tables CIBC discloses absolute financed emissions using the Partnership for Carbon Accounting Financials (PCAF) Global GHG Accounting and Reporting Standard (Second Edition). We calculate the absolute financed emissions for our clients bas…","missions, disaggregated by (1) Scope 1, (2) Scope 2 and (3) Scope 3 FN-CB-410b.1 2024 Climate Report CIBC 2024 ESG Data Tables CIBC discloses absolute financed emissions using the Partnership for Carbon Accounting Financials (PCAF) Global GHG Accounting and Reporting Standard (Second Edition). We calculate the absolute financed emissions for our clients bas…",Accepted standard-company edge: source evidence explicitly names this GHG Protocol fine series.,可采信标准-企业关系：原文证据明确命名该 GHG Protocol 细分系列。
r367_canadianimperialbankofcommerce,367,CANADIAN IMPERIAL BANK OF COMMERCE,加拿大帝国商业银行,J,Finance,金融业,ghg_scope3_standard,GHG Protocol Corporate Value Chain (Scope 3) Accounting and Reporting Standard,GHG Protocol 企业价值链（Scope 3）核算与报告标准,Standard,标准,Value-chain emissions accounting standard,价值链排放核算标准,Scope 3 categories are GHG Protocol-specific category language.,Scope 3 类别是 GHG Protocol 特有的类别口径。,Scope 3 and Scope 3 category names are only used for GHG Protocol evidence.,Scope 3 及十五类类别口径只在 GHG Protocol 证据下使用。,explicit_series_citation,page_text_explicitly_names_whitelisted_series,corporate value chain\s*\(scope 3\),4,100 | 101 | 102,CANADIAN IMPERIAL BANK OF COMMERCE-sustainability-report-2024-en.pdf,pdf_explicit_series_citation,pdf_page_backfill,"Climate Action Reserve voluntary market standard. (2) All Scope 3 emissions are calculated and disclosed using the following reporting standard: WRI/WBCSD, Greenhouse Gas Protocol Corporate Value Chain (Scope 3) Accounting and Reporting Standard, 2011. PDF full-document exact-series scan: the report page names a controlled GHG Protocol/PCAF fine standard in…","Climate Action Reserve voluntary market standard. (2) All Scope 3 emissions are calculated and disclosed using the following reporting standard: WRI/WBCSD, Greenhouse Gas Protocol Corporate Value Chain (Scope 3) Accounting and Reporting Standard, 2011. PDF full-document exact-series scan: the report page names a controlled GHG Protocol/PCAF fine standard in…",Accepted standard-company edge: source evidence explicitly names this GHG Protocol fine series.,可采信标准-企业关系：原文证据明确命名该 GHG Protocol 细分系列。
r368_lyondellbasellindustries,368,LYONDELLBASELL INDUSTRIES,利安德巴塞尔工业公司,C,Manufacturing,制造业,ghg_scope3_calculation_guidance,GHG Protocol Scope 3 Calculation Guidance,GHG Protocol Scope 3 计算指南,Guidance,指南,Scope 3 inventory calculation guidance,Scope 3 清单计算指南,Companion calculation guidance for completing Scope 3 inventories.,配套计算指南，用于完成 Scope 3 清单。,Scope 3 categories are GHG-specific and only shown when the source uses that wording.,Scope 3 类别是 GHG 特有口径，仅在原文如此使用时展示。,explicit_series_citation,page_text_explicitly_names_whitelisted_series,technical guidance for calculating scope 3 emissions,4,3 | 127,2024-LYONDELLBASELL INDUSTRIES-sustainability-report.pdf,pdf_explicit_series_citation,pdf_page_backfill,"to, crude oil, naphtha, natural gas, ethane, butane, isobutane, propylene, or ethylene). • Emissions were calculated using the average-data method from The Greenhouse Gas Protocol Technical Guidance for Calculating Scope 3 Emissions. • Feedstock and raw material volumes purchased or acquired were collected from purchase orders recorded in the LyondellBasell…","to, crude oil, naphtha, natural gas, ethane, butane, isobutane, propylene, or ethylene). • Emissions were calculated using the average-data method from The Greenhouse Gas Protocol Technical Guidance for Calculating Scope 3 Emissions. • Feedstock and raw material volumes purchased or acquired were collected from purchase orders recorded in the LyondellBasell…",Accepted standard-company edge: source evidence explicitly names this GHG Protocol fine series.,可采信标准-企业关系：原文证据明确命名该 GHG Protocol 细分系列。
r376_abbottlaboratories,376,ABBOTT LABORATORIES,雅培公司,C,Manufacturing,制造业,ghg_scope3_standard,GHG Protocol Corporate Value Chain (Scope 3) Accounting and Reporting Standard,GHG Protocol 企业价值链（Scope 3）核算与报告标准,Standard,标准,Value-chain emissions accounting standard,价值链排放核算标准,Scope 3 categories are GHG Protocol-specific category language.,Scope 3 类别是 GHG Protocol 特有的类别口径。,Scope 3 and Scope 3 category names are only used for GHG Protocol evidence.,Scope 3 及十五类类别口径只在 GHG Protocol 证据下使用。,explicit_series_citation,page_text_explicitly_names_whitelisted_series,corporate value chain\s*\(scope 3\),8,30 | 47 | 65,Abbott-2024-Global-Sustainability-Report-June-2025.pdf,pdf_explicit_series_citation,pdf_page_backfill,"ieve our targets are driven by our energy policy, practices, and strategic plan. For more information, see Page 71. Scope 3 emissions are estimated annually using the GHG Protocol Corporate Value Chain (Scope 3) Accounting and Reporting Standard, referring to the categories4 applicable to Abbott. We are working with key carbon-intensive suppliers to reduce …","ieve our targets are driven by our energy policy, practices, and strategic plan. For more information, see Page 71. Scope 3 emissions are estimated annually using the GHG Protocol Corporate Value Chain (Scope 3) Accounting and Reporting Standard, referring to the categories4 applicable to Abbott. We are working with key carbon-intensive suppliers to reduce …",Accepted standard-company edge: source evidence explicitly names this GHG Protocol fine series.,可采信标准-企业关系：原文证据明确命名该 GHG Protocol 细分系列。
r387_schneiderelectric,387,SCHNEIDER ELECTRIC,施耐德电气,C,Manufacturing,制造业,ghg_corporate_standard,GHG Protocol Corporate Accounting and Reporting Standard,GHG Protocol 企业核算与报告标准,Standard,标准,Corporate inventory accounting standard,企业组织层面清单核算标准,"Relevance, completeness, consistency, transparency, and accuracy.",相关性、完整性、一致性、透明性和准确性。,"Within GHG Protocol evidence, this may define Scope 1 and Scope 2 corporate inventory boundaries.",仅在 GHG Protocol 证据下使用 Scope 1/2 的组织层面清单口径。,explicit_series_citation,page_text_explicitly_names_whitelisted_series,"(?:ghg protocol|greenhouse gas protocol|wri|world resources institute|world business council)[\s\S]{0,160}corporate accounting standard",8,14 | 32,2024-SCHNEIDER ELECTRIC-sustainability-report_tcm564-513141.pdf,pdf_explicit_series_citation,pdf_page_backfill,"s emission sources, the Group systematically calculates, discloses and manages its end-to-end carbon footprint, across Scopes 1, 2, and 3, in alignment with the Standards from the Greenhouse Gas Protocol: The Corporate Accounting Standard and the Corporate Value Chain (Scope 3) Standard. Independent third-party verification ensures the accuracy of GHG emiss…","s emission sources, the Group systematically calculates, discloses and manages its end-to-end carbon footprint, across Scopes 1, 2, and 3, in alignment with the Standards from the Greenhouse Gas Protocol: The Corporate Accounting Standard and the Corporate Value Chain (Scope 3) Standard. Independent third-party verification ensures the accuracy of GHG emiss…",Accepted standard-company edge: source evidence explicitly names this GHG Protocol fine series.,可采信标准-企业关系：原文证据明确命名该 GHG Protocol 细分系列。
r387_schneiderelectric,387,SCHNEIDER ELECTRIC,施耐德电气,C,Manufacturing,制造业,ghg_scope2_guidance,GHG Protocol Scope 2 Guidance,GHG Protocol Scope 2 指南,Guidance,指南,Purchased electricity and energy method guidance,外购电力与能源口径指南,Location-based and market-based Scope 2 reporting are separated when cited.,原文显式引用时区分位置法与市场法 Scope 2 披露。,Scope 2 market-based and location-based language is treated as GHG-specific.,Scope 2 市场法/位置法术语只在 GHG Protocol 语境下使用。,explicit_series_citation,page_text_explicitly_names_whitelisted_series,scope 2 guidance,6,14 | 142,2024-SCHNEIDER ELECTRIC-sustainability-report_tcm564-513141.pdf,pdf_explicit_series_citation,pdf_page_backfill,"es were excluded from Group results in this table (2) Scope 2 emissions are quantified with the market-based methodology and the location-based methodology, following GHG Protocol scope 2 guidance, and the results from both approaches are disclosed. Values calculated with market-based and location-based methodologies should not be added. Market-based electr…","es were excluded from Group results in this table (2) Scope 2 emissions are quantified with the market-based methodology and the location-based methodology, following GHG Protocol scope 2 guidance, and the results from both approaches are disclosed. Values calculated with market-based and location-based methodologies should not be added. Market-based electr…",Accepted standard-company edge: source evidence explicitly names this GHG Protocol fine series.,可采信标准-企业关系：原文证据明确命名该 GHG Protocol 细分系列。
r387_schneiderelectric,387,SCHNEIDER ELECTRIC,施耐德电气,C,Manufacturing,制造业,ghg_scope3_standard,GHG Protocol Corporate Value Chain (Scope 3) Accounting and Reporting Standard,GHG Protocol 企业价值链（Scope 3）核算与报告标准,Standard,标准,Value-chain emissions accounting standard,价值链排放核算标准,Scope 3 categories are GHG Protocol-specific category language.,Scope 3 类别是 GHG Protocol 特有的类别口径。,Scope 3 and Scope 3 category names are only used for GHG Protocol evidence.,Scope 3 及十五类类别口径只在 GHG Protocol 证据下使用。,explicit_series_citation,page_text_explicitly_names_whitelisted_series,corporate value chain\s*\(scope 3\),8,14 | 32,2024-SCHNEIDER ELECTRIC-sustainability-report_tcm564-513141.pdf,pdf_explicit_series_citation,pdf_page_backfill,"and manages its end-to-end carbon footprint, across Scopes 1, 2, and 3, in alignment with the Standards from the Greenhouse Gas Protocol: The Corporate Accounting Standard and the Corporate Value Chain (Scope 3) Standard. Independent third-party verification ensures the accuracy of GHG emissions data. Schneider Electric has integrated climate-related scenar…","and manages its end-to-end carbon footprint, across Scopes 1, 2, and 3, in alignment with the Standards from the Greenhouse Gas Protocol: The Corporate Accounting Standard and the Corporate Value Chain (Scope 3) Standard. Independent third-party verification ensures the accuracy of GHG emissions data. Schneider Electric has integrated climate-related scenar…",Accepted standard-company edge: source evidence explicitly names this GHG Protocol fine series.,可采信标准-企业关系：原文证据明确命名该 GHG Protocol 细分系列。
r388_northwesternmutual,388,NORTHWESTERN MUTUAL,西北互助人寿保险公司,J,Finance,金融业,ghg_corporate_standard,GHG Protocol Corporate Accounting and Reporting Standard,GHG Protocol 企业核算与报告标准,Standard,标准,Corporate inventory accounting standard,企业组织层面清单核算标准,"Relevance, completeness, consistency, transparency, and accuracy.",相关性、完整性、一致性、透明性和准确性。,"Within GHG Protocol evidence, this may define Scope 1 and Scope 2 corporate inventory boundaries.",仅在 GHG Protocol 证据下使用 Scope 1/2 的组织层面清单口径。,explicit_series_citation,page_text_explicitly_names_whitelisted_series,corporate accounting and reporting standard,6,45 | 61,2024-NORTHWESTERN MUTUAL-sustainability-and-impact-report.pdf,pdf_explicit_series_citation,pdf_page_backfill,"te office space includes Milwaukee, Franklin and New York campuses, and hanger. 40 For more information regarding operational control, see chapter 3 of the Greenhouse Gas Protocol Corporate Accounting and Reporting Standard. 41 Benchmarking ordinance. 42 City of Milwaukee Climate & Equity Plan. 43 Waste data includes Milwaukee and Franklin campuses. Compost…","te office space includes Milwaukee, Franklin and New York campuses, and hanger. 40 For more information regarding operational control, see chapter 3 of the Greenhouse Gas Protocol Corporate Accounting and Reporting Standard. 41 Benchmarking ordinance. 42 City of Milwaukee Climate & Equity Plan. 43 Waste data includes Milwaukee and Franklin campuses. Compost…",Accepted standard-company edge: source evidence explicitly names this GHG Protocol fine series.,可采信标准-企业关系：原文证据明确命名该 GHG Protocol 细分系列。
r396_standardchartered,396,STANDARD CHARTERED,渣打银行,J,Finance,金融业,ghg_financial_industry_standard,Global GHG Accounting and Reporting Standard for the Financial Industry,金融行业全球温室气体核算与报告标准,Sector standard / guidance,行业标准/指南,Financial-industry financed-emissions methodology,金融行业投融资排放方法学,Measure financed emissions for loans and investments when explicitly cited.,原文明示时用于贷款和投资的投融资排放测算。,Use financed-emissions wording rather than corporate operational Scope totals.,使用投融资排放口径，不改写为企业运营 Scope 总量。,explicit_series_citation,page_text_explicitly_names_whitelisted_series,partnership for carbon accounting financials,2,30,2024 STANDARD CHARTERED sustainable-finance-impact-report.pdf,pdf_explicit_series_citation,pdf_page_backfill,"companies, or other organisations. If such data is unavailable, we apply the GHG Accounting and Reporting Standard for the Financial Industry (“The Standard”) as developed by the Partnership for Carbon Accounting Financials (PCAF). The Standard sets out methodological guidance to measure and disclose GHG emissions across various asset classes ranging from c…","companies, or other organisations. If such data is unavailable, we apply the GHG Accounting and Reporting Standard for the Financial Industry (“The Standard”) as developed by the Partnership for Carbon Accounting Financials (PCAF). The Standard sets out methodological guidance to measure and disclose GHG emissions across various asset classes ranging from c…",Accepted standard-company edge: source evidence explicitly names this GHG Protocol fine series.,可采信标准-企业关系：原文证据明确命名该 GHG Protocol 细分系列。
r397_xiaomi,397,XIAOMI,小米集团,C,Manufacturing,制造业,ghg_corporate_standard,GHG Protocol Corporate Accounting and Reporting Standard,GHG Protocol 企业核算与报告标准,Standard,标准,Corporate inventory accounting standard,企业组织层面清单核算标准,"Relevance, completeness, consistency, transparency, and accuracy.",相关性、完整性、一致性、透明性和准确性。,"Within GHG Protocol evidence, this may define Scope 1 and Scope 2 corporate inventory boundaries.",仅在 GHG Protocol 证据下使用 Scope 1/2 的组织层面清单口径。,explicit_series_citation,page_text_explicitly_names_whitelisted_series,corporate accounting and reporting standard,8,37 | 85 | 88,"Xiaomi 2023 Environmental, Social, and Governance Report.pdf",pdf_explicit_series_citation,pdf_page_backfill,"ets accordingly during the year. 28 GHG emissions: Refers to the Company’s GHG emissions (absolute value) calculated in accordance with standards such as Greenhouse Gas Protocol: Corporate Accounting and Reporting Standard, ISO 14064-1:2018—Specification with Guidance at the Organization Level for Quantification and Reporting of Greenhouse Gas Emissions an…","ets accordingly during the year. 28 GHG emissions: Refers to the Company’s GHG emissions (absolute value) calculated in accordance with standards such as Greenhouse Gas Protocol: Corporate Accounting and Reporting Standard, ISO 14064-1:2018—Specification with Guidance at the Organization Level for Quantification and Reporting of Greenhouse Gas Emissions an…",Accepted standard-company edge: source evidence explicitly names this GHG Protocol fine series.,可采信标准-企业关系：原文证据明确命名该 GHG Protocol 细分系列。
r401_suncorenergy,401,SUNCOR ENERGY,森科能源公司,D,"Electricity, Heat, Gas and Water Production and Supply",电力、热力、燃气及水生产和供应业,ghg_corporate_standard,GHG Protocol Corporate Accounting and Reporting Standard,GHG Protocol 企业核算与报告标准,Standard,标准,Corporate inventory accounting standard,企业组织层面清单核算标准,"Relevance, completeness, consistency, transparency, and accuracy.",相关性、完整性、一致性、透明性和准确性。,"Within GHG Protocol evidence, this may define Scope 1 and Scope 2 corporate inventory boundaries.",仅在 GHG Protocol 证据下使用 Scope 1/2 的组织层面清单口径。,explicit_series_citation,page_text_explicitly_names_whitelisted_series,"(?:ghg protocol|greenhouse gas protocol|wri|world resources institute|world business council)[\s\S]{0,160}corporate standard | corporate accounting and reporting standard",9,68 | 83 | 91,2023_SUNCOR ENERGY_sustainability_report.pdf,pdf_explicit_series_citation,pdf_page_backfill,"gases listed in the Kyoto Protocol: carbon dioxide (CO2); methane (CH4); nitrous oxide (N2O); hydrofluorocarbons (HFCs); perfluorocarbons (PFCs); and sulphur hexafluoride (SF6). (GHG Protocol Corporate Standard, 2004) Terms Environment Appendix Social Our approach Governance Suncor Energy Inc. | Report on Sustainability 2023 | 69 Term Definition Hydrogen Hy…","gases listed in the Kyoto Protocol: carbon dioxide (CO2); methane (CH4); nitrous oxide (N2O); hydrofluorocarbons (HFCs); perfluorocarbons (PFCs); and sulphur hexafluoride (SF6). (GHG Protocol Corporate Standard, 2004) Terms Environment Appendix Social Our approach Governance Suncor Energy Inc. | Report on Sustainability 2023 | 69 Term Definition Hydrogen Hy…",Accepted standard-company edge: source evidence explicitly names this GHG Protocol fine series.,可采信标准-企业关系：原文证据明确命名该 GHG Protocol 细分系列。
r401_suncorenergy,401,SUNCOR ENERGY,森科能源公司,D,"Electricity, Heat, Gas and Water Production and Supply",电力、热力、燃气及水生产和供应业,ghg_scope2_guidance,GHG Protocol Scope 2 Guidance,GHG Protocol Scope 2 指南,Guidance,指南,Purchased electricity and energy method guidance,外购电力与能源口径指南,Location-based and market-based Scope 2 reporting are separated when cited.,原文显式引用时区分位置法与市场法 Scope 2 披露。,Scope 2 market-based and location-based language is treated as GHG-specific.,Scope 2 市场法/位置法术语只在 GHG Protocol 语境下使用。,explicit_series_citation,page_text_explicitly_names_whitelisted_series,scope 2 guidance,5,91 | 68,2023_SUNCOR ENERGY_sustainability_report.pdf,pdf_explicit_series_citation,pdf_page_backfill,f CO2e The World Resources Institute/ World Business Council for Sustainable Development GHG Protocol A Corporate Accounting and Reporting Standard (‘GHG Protocol’) & GHG Protocol Scope 2 Guidance (Supplement to the GHG Protocol) Sum of liquid hydrocarbon production GHG (scope 1 & 2) intensity 0.28 tonnes of CO2e/m3 of liquid hydrocarbon GHG Protocol & Inte…,f CO2e The World Resources Institute/ World Business Council for Sustainable Development GHG Protocol A Corporate Accounting and Reporting Standard (‘GHG Protocol’) & GHG Protocol Scope 2 Guidance (Supplement to the GHG Protocol) Sum of liquid hydrocarbon production GHG (scope 1 & 2) intensity 0.28 tonnes of CO2e/m3 of liquid hydrocarbon GHG Protocol & Inte…,Accepted standard-company edge: source evidence explicitly names this GHG Protocol fine series.,可采信标准-企业关系：原文证据明确命名该 GHG Protocol 细分系列。
r403_ubertechnologies公司,403,Uber Technologies,Uber Technologies,F,Wholesale and Retail Trade,批发和零售业,ghg_scope2_guidance,GHG Protocol Scope 2 Guidance,GHG Protocol Scope 2 指南,Guidance,指南,Purchased electricity and energy method guidance,外购电力与能源口径指南,Location-based and market-based Scope 2 reporting are separated when cited.,原文显式引用时区分位置法与市场法 Scope 2 披露。,Scope 2 market-based and location-based language is treated as GHG-specific.,Scope 2 市场法/位置法术语只在 GHG Protocol 语境下使用。,explicit_series_citation,page_text_explicitly_names_whitelisted_series,scope 2 guidance,8,48 | 55 | 56,uber-technologies-inc-2023-esg-report.pdf,pdf_explicit_series_citation,pdf_page_backfill,"our offices and data centers. Scope 2 emissions are calculated from electricity consumption data. Scope 2, location-based and Scope 2, market-based are defined in the GHG Protocol Scope 2 Guidance, 2015. Where data were not available, assumptions were applied. The greenhouse gas emissions data in this report has received third-party verification by LRQA. Th…","our offices and data centers. Scope 2 emissions are calculated from electricity consumption data. Scope 2, location-based and Scope 2, market-based are defined in the GHG Protocol Scope 2 Guidance, 2015. Where data were not available, assumptions were applied. The greenhouse gas emissions data in this report has received third-party verification by LRQA. Th…",Accepted standard-company edge: source evidence explicitly names this GHG Protocol fine series.,可采信标准-企业关系：原文证据明确命名该 GHG Protocol 细分系列。
r421_jardinematheson,421,JARDINE MATHESON,怡和集团,C,Manufacturing,制造业,ghg_corporate_standard,GHG Protocol Corporate Accounting and Reporting Standard,GHG Protocol 企业核算与报告标准,Standard,标准,Corporate inventory accounting standard,企业组织层面清单核算标准,"Relevance, completeness, consistency, transparency, and accuracy.",相关性、完整性、一致性、透明性和准确性。,"Within GHG Protocol evidence, this may define Scope 1 and Scope 2 corporate inventory boundaries.",仅在 GHG Protocol 证据下使用 Scope 1/2 的组织层面清单口径。,explicit_series_citation,page_text_explicitly_names_whitelisted_series,corporate accounting and reporting standard,6,29 | 93,2024_JARDINE MATHESON_sustainability_report.pdf,pdf_explicit_series_citation,pdf_page_backfill,"missions are calculated and consolidated based on the Group’s internal guidance, which has been developed with reference to GRI 305: Emissions and is aligned with the GHG Protocol Corporate Accounting and Reporting Standard. Total GHG emissions include scope 1 and market-based scope 2 emissions. 14. Scope 1 GHG emissions are derived from combustion of fossi…","missions are calculated and consolidated based on the Group’s internal guidance, which has been developed with reference to GRI 305: Emissions and is aligned with the GHG Protocol Corporate Accounting and Reporting Standard. Total GHG emissions include scope 1 and market-based scope 2 emissions. 14. Scope 1 GHG emissions are derived from combustion of fossi…",Accepted standard-company edge: source evidence explicitly names this GHG Protocol fine series.,可采信标准-企业关系：原文证据明确命名该 GHG Protocol 细分系列。
r422_mondelezinternational,422,MONDELEZ INTERNATIONAL,亿滋国际,C,Manufacturing,制造业,ghg_corporate_standard,GHG Protocol Corporate Accounting and Reporting Standard,GHG Protocol 企业核算与报告标准,Standard,标准,Corporate inventory accounting standard,企业组织层面清单核算标准,"Relevance, completeness, consistency, transparency, and accuracy.",相关性、完整性、一致性、透明性和准确性。,"Within GHG Protocol evidence, this may define Scope 1 and Scope 2 corporate inventory boundaries.",仅在 GHG Protocol 证据下使用 Scope 1/2 的组织层面清单口径。,explicit_series_citation,page_text_explicitly_names_whitelisted_series,"(?:ghg protocol|greenhouse gas protocol|wri|world resources institute|world business council)[\s\S]{0,160}corporate standard",6,20 | 58,2024-MONDELEZ INTERNATIONAL-Snacking-Made-Right-ESG-Report.pdf,pdf_explicit_series_citation,pdf_page_backfill,"ustainable Packaging Waste MONDELĒZ INTERNATIONAL Snacking Made Right 2024 Report 20 ENDNOTES (1) In the reporting year 2024, our annual GHG emissions were accounted following the GHG Protocol Corporate Standards and using the operational control approach. Reported information following Science Based Targets initiative (SBTi) guidelines for near-term target…","ustainable Packaging Waste MONDELĒZ INTERNATIONAL Snacking Made Right 2024 Report 20 ENDNOTES (1) In the reporting year 2024, our annual GHG emissions were accounted following the GHG Protocol Corporate Standards and using the operational control approach. Reported information following Science Based Targets initiative (SBTi) guidelines for near-term target…",Accepted standard-company edge: source evidence explicitly names this GHG Protocol fine series.,可采信标准-企业关系：原文证据明确命名该 GHG Protocol 细分系列。
r426_qualcomm,426,QUALCOMM,高通,C,Manufacturing,制造业,ghg_corporate_standard,GHG Protocol Corporate Accounting and Reporting Standard,GHG Protocol 企业核算与报告标准,Standard,标准,Corporate inventory accounting standard,企业组织层面清单核算标准,"Relevance, completeness, consistency, transparency, and accuracy.",相关性、完整性、一致性、透明性和准确性。,"Within GHG Protocol evidence, this may define Scope 1 and Scope 2 corporate inventory boundaries.",仅在 GHG Protocol 证据下使用 Scope 1/2 的组织层面清单口径。,explicit_series_citation,page_text_explicitly_names_whitelisted_series,corporate accounting and reporting standard,8,50 | 51,2024-qualcomm-corporate-responsibility-report.pdf,seed_batch_09,medium,准确性 30 Annual avoided emissions of CO2e due to cumulative investments made for energy efficiency for global facilities. 31 GHG emissions data are calculated using the GHG Protocol Corporate Accounting and Reporting Standard. Our Environment Uni 30 Annual avoided emissions of CO2e due to cumulative investments made for energy efficiency for global facilities…,准确性 30 Annual avoided emissions of CO2e due to cumulative investments made for energy efficiency for global facilities. 31 GHG emissions data are calculated using the GHG Protocol Corporate Accounting and Reporting Standard. Our Environment Uni 30 Annual avoided emissions of CO2e due to cumulative investments made for energy efficiency for global facilities…,Accepted standard-company edge: source evidence explicitly names this GHG Protocol fine series.,可采信标准-企业关系：原文证据明确命名该 GHG Protocol 细分系列。
r427_broadcom,427,BROADCOM,博通公司,C,Manufacturing,制造业,ghg_corporate_standard,GHG Protocol Corporate Accounting and Reporting Standard,GHG Protocol 企业核算与报告标准,Standard,标准,Corporate inventory accounting standard,企业组织层面清单核算标准,"Relevance, completeness, consistency, transparency, and accuracy.",相关性、完整性、一致性、透明性和准确性。,"Within GHG Protocol evidence, this may define Scope 1 and Scope 2 corporate inventory boundaries.",仅在 GHG Protocol 证据下使用 Scope 1/2 的组织层面清单口径。,explicit_series_citation,page_text_explicitly_names_whitelisted_series,corporate accounting and reporting standard,8,2 | 61,broadcom-2024-corpresponsibility-final.pdf,pdf_explicit_series_citation,pdf_page_backfill,"ional control boundary. We use the methodology outlined in the World Resources Institute (WRI) and the World Business Council for Sustainable Development’s (WBCSD) GHG Protocol: A Corporate Accounting and Reporting Standard (Revised Edition) and the WRI/WBSCD’s GHG Protocol Scope 2 Guidance, an amendment to the GHG Protocol Corporate Standard, to calculate …","ional control boundary. We use the methodology outlined in the World Resources Institute (WRI) and the World Business Council for Sustainable Development’s (WBCSD) GHG Protocol: A Corporate Accounting and Reporting Standard (Revised Edition) and the WRI/WBSCD’s GHG Protocol Scope 2 Guidance, an amendment to the GHG Protocol Corporate Standard, to calculate …",Accepted standard-company edge: source evidence explicitly names this GHG Protocol fine series.,可采信标准-企业关系：原文证据明确命名该 GHG Protocol 细分系列。
r427_broadcom,427,BROADCOM,博通公司,C,Manufacturing,制造业,ghg_scope2_guidance,GHG Protocol Scope 2 Guidance,GHG Protocol Scope 2 指南,Guidance,指南,Purchased electricity and energy method guidance,外购电力与能源口径指南,Location-based and market-based Scope 2 reporting are separated when cited.,原文显式引用时区分位置法与市场法 Scope 2 披露。,Scope 2 market-based and location-based language is treated as GHG-specific.,Scope 2 市场法/位置法术语只在 GHG Protocol 语境下使用。,explicit_series_citation,page_text_explicitly_names_whitelisted_series,scope 2 guidance,10,2 | 61 | 62,broadcom-2024-corpresponsibility-final.pdf,pdf_explicit_series_citation,pdf_page_backfill,"and the World Business Council for Sustainable Development’s (WBCSD) GHG Protocol: A Corporate Accounting and Reporting Standard (Revised Edition) and the WRI/WBSCD’s GHG Protocol Scope 2 Guidance, an amendment to the GHG Protocol Corporate Standard, to calculate Scope 1 and Scope 2 GHG emissions generated by our global facilities. We calculate the GHG emis…","and the World Business Council for Sustainable Development’s (WBCSD) GHG Protocol: A Corporate Accounting and Reporting Standard (Revised Edition) and the WRI/WBSCD’s GHG Protocol Scope 2 Guidance, an amendment to the GHG Protocol Corporate Standard, to calculate Scope 1 and Scope 2 GHG emissions generated by our global facilities. We calculate the GHG emis…",Accepted standard-company edge: source evidence explicitly names this GHG Protocol fine series.,可采信标准-企业关系：原文证据明确命名该 GHG Protocol 细分系列。
r427_broadcom,427,BROADCOM,博通公司,C,Manufacturing,制造业,ghg_scope3_calculation_guidance,GHG Protocol Scope 3 Calculation Guidance,GHG Protocol Scope 3 计算指南,Guidance,指南,Scope 3 inventory calculation guidance,Scope 3 清单计算指南,Companion calculation guidance for completing Scope 3 inventories.,配套计算指南，用于完成 Scope 3 清单。,Scope 3 categories are GHG-specific and only shown when the source uses that wording.,Scope 3 类别是 GHG 特有口径，仅在原文如此使用时展示。,explicit_series_citation,page_text_explicitly_names_whitelisted_series,technical guidance for calculating scope 3 emissions,4,2 | 61,broadcom-2024-corpresponsibility-final.pdf,pdf_explicit_series_citation,pdf_page_backfill,"lfur hexafluoride and nitrogen trifluoride. To measure the other indirect emissions occurring in our value chain, we used the methodology outlined in the WRI/WBCSD’s GHG Protocol: Technical Guidance for Calculating Scope 3 Emissions (version 1.0). GHG emissions are calculated using the Intergovernmental Panel on Climate Change (IPCC) Fifth Assessment Report…","lfur hexafluoride and nitrogen trifluoride. To measure the other indirect emissions occurring in our value chain, we used the methodology outlined in the WRI/WBCSD’s GHG Protocol: Technical Guidance for Calculating Scope 3 Emissions (version 1.0). GHG emissions are calculated using the Intergovernmental Panel on Climate Change (IPCC) Fifth Assessment Report…",Accepted standard-company edge: source evidence explicitly names this GHG Protocol fine series.,可采信标准-企业关系：原文证据明确命名该 GHG Protocol 细分系列。
r443_crh公司,443,CRH,CRH,C,Manufacturing,制造业,ghg_corporate_standard,GHG Protocol Corporate Accounting and Reporting Standard,GHG Protocol 企业核算与报告标准,Standard,标准,Corporate inventory accounting standard,企业组织层面清单核算标准,"Relevance, completeness, consistency, transparency, and accuracy.",相关性、完整性、一致性、透明性和准确性。,"Within GHG Protocol evidence, this may define Scope 1 and Scope 2 corporate inventory boundaries.",仅在 GHG Protocol 证据下使用 Scope 1/2 的组织层面清单口径。,explicit_series_citation,page_text_explicitly_names_whitelisted_series,corporate accounting and reporting standard,2,105,crh-2024-sustainability-performance-report_final_interactive-1.pdf,pdf_explicit_series_citation,pdf_page_backfill,"reporting period or for previous periods. Assurance Scope and Approach For the Selected Information, we performed a limited assurance engagement using the ‘Greenhouse Protocol – A Corporate Accounting and Reporting Standard’ (revised 2015), the Consolidated set of GRI Standards 2021, the AA1000 Assurance Standard (AA1000AS v3) and international assurance be…","reporting period or for previous periods. Assurance Scope and Approach For the Selected Information, we performed a limited assurance engagement using the ‘Greenhouse Protocol – A Corporate Accounting and Reporting Standard’ (revised 2015), the Consolidated set of GRI Standards 2021, the AA1000 Assurance Standard (AA1000AS v3) and international assurance be…",Accepted standard-company edge: source evidence explicitly names this GHG Protocol fine series.,可采信标准-企业关系：原文证据明确命名该 GHG Protocol 细分系列。
r445_salesforce,445,SALESFORCE,赛富时,C,Manufacturing,制造业,ghg_corporate_standard,GHG Protocol Corporate Accounting and Reporting Standard,GHG Protocol 企业核算与报告标准,Standard,标准,Corporate inventory accounting standard,企业组织层面清单核算标准,"Relevance, completeness, consistency, transparency, and accuracy.",相关性、完整性、一致性、透明性和准确性。,"Within GHG Protocol evidence, this may define Scope 1 and Scope 2 corporate inventory boundaries.",仅在 GHG Protocol 证据下使用 Scope 1/2 的组织层面清单口径。,explicit_series_citation,page_text_explicitly_names_whitelisted_series,corporate accounting and reporting standard,9,25 | 95,salesforce-fy24-stakeholder-impact-report.pdf,pdf_explicit_series_citation,pdf_page_backfill,"tion has been prepared in accordance with the World Resources Institute (""WRl"") I World Business Council for Sustainable Development's (""WBCSD"") Greenhouse Gas (""GHG"") Protocol: A Corporate Accounting and Reporting Standard, Revised. Scope 2 indirect emissions information, calculated using the location-based and market-based methods, have been prepared in a…","tion has been prepared in accordance with the World Resources Institute (""WRl"") I World Business Council for Sustainable Development's (""WBCSD"") Greenhouse Gas (""GHG"") Protocol: A Corporate Accounting and Reporting Standard, Revised. Scope 2 indirect emissions information, calculated using the location-based and market-based methods, have been prepared in a…",Accepted standard-company edge: source evidence explicitly names this GHG Protocol fine series.,可采信标准-企业关系：原文证据明确命名该 GHG Protocol 细分系列。
r445_salesforce,445,SALESFORCE,赛富时,C,Manufacturing,制造业,ghg_financial_industry_standard,Global GHG Accounting and Reporting Standard for the Financial Industry,金融行业全球温室气体核算与报告标准,Sector standard / guidance,行业标准/指南,Financial-industry financed-emissions methodology,金融行业投融资排放方法学,Measure financed emissions for loans and investments when explicitly cited.,原文明示时用于贷款和投资的投融资排放测算。,Use financed-emissions wording rather than corporate operational Scope totals.,使用投融资排放口径，不改写为企业运营 Scope 总量。,explicit_series_citation,page_text_explicitly_names_whitelisted_series,partnership for carbon accounting financials,2,105,salesforce-fy24-stakeholder-impact-report.pdf,pdf_explicit_series_citation,pdf_page_backfill,lizes a methodology based on the Investments emission factor average-data approach from the GHG Protocol Scope 3 Calculation Guidance and economic activity-based approach from the Partnership for Carbon Accounting Financials (PCAF) Guidance which utilizes company revenue to obtain the estimated emissions from investments. Revenue data is not available for a…,lizes a methodology based on the Investments emission factor average-data approach from the GHG Protocol Scope 3 Calculation Guidance and economic activity-based approach from the Partnership for Carbon Accounting Financials (PCAF) Guidance which utilizes company revenue to obtain the estimated emissions from investments. Revenue data is not available for a…,Accepted standard-company edge: source evidence explicitly names this GHG Protocol fine series.,可采信标准-企业关系：原文证据明确命名该 GHG Protocol 细分系列。
r445_salesforce,445,SALESFORCE,赛富时,C,Manufacturing,制造业,ghg_scope2_guidance,GHG Protocol Scope 2 Guidance,GHG Protocol Scope 2 指南,Guidance,指南,Purchased electricity and energy method guidance,外购电力与能源口径指南,Location-based and market-based Scope 2 reporting are separated when cited.,原文显式引用时区分位置法与市场法 Scope 2 披露。,Scope 2 market-based and location-based language is treated as GHG-specific.,Scope 2 市场法/位置法术语只在 GHG Protocol 语境下使用。,explicit_series_citation,page_text_explicitly_names_whitelisted_series,scope 2 guidance,11,25 | 95 | 102,salesforce-fy24-stakeholder-impact-report.pdf,pdf_explicit_series_citation,pdf_page_backfill,"d and market-based methods, have been prepared in accordance with the WRl WBCSD GHG Protocol: A Corporate Accounting and Reporting Standard, Revised and the WRl WBCSD GHG Protocol Scope 2 Guidance: An amendment to the GHG Protocol … PDF page backfill: mapped from the cited GHG Protocol evidence page plus adjacent page text; not promoted to direct-use emissi…","d and market-based methods, have been prepared in accordance with the WRl WBCSD GHG Protocol: A Corporate Accounting and Reporting Standard, Revised and the WRl WBCSD GHG Protocol Scope 2 Guidance: An amendment to the GHG Protocol … PDF page backfill: mapped from the cited GHG Protocol evidence page plus adjacent page text; not promoted to direct-use emissi…",Accepted standard-company edge: source evidence explicitly names this GHG Protocol fine series.,可采信标准-企业关系：原文证据明确命名该 GHG Protocol 细分系列。
r445_salesforce,445,SALESFORCE,赛富时,C,Manufacturing,制造业,ghg_scope3_calculation_guidance,GHG Protocol Scope 3 Calculation Guidance,GHG Protocol Scope 3 计算指南,Guidance,指南,Scope 3 inventory calculation guidance,Scope 3 清单计算指南,Companion calculation guidance for completing Scope 3 inventories.,配套计算指南，用于完成 Scope 3 清单。,Scope 3 categories are GHG-specific and only shown when the source uses that wording.,Scope 3 类别是 GHG 特有口径，仅在原文如此使用时展示。,explicit_series_citation,page_text_explicitly_names_whitelisted_series,scope 3 calculation guidance | technical guidance for calculating scope 3 emissions,13,105 | 25 | 88 | 92 | 97,salesforce-fy24-stakeholder-impact-report.pdf,pdf_explicit_series_citation,pdf_page_backfill,calculated. Franchises Category 15: 0% Internally-developed The Company utilizes a methodology based on the Investments emission factor average-data approach from the GHG Protocol Scope 3 Calculation Guidance and economic activity-based approach from the Partnership for Carbon Accounting Financials (PCAF) Guidance which utilizes company revenue to obtain th…,calculated. Franchises Category 15: 0% Internally-developed The Company utilizes a methodology based on the Investments emission factor average-data approach from the GHG Protocol Scope 3 Calculation Guidance and economic activity-based approach from the Partnership for Carbon Accounting Financials (PCAF) Guidance which utilizes company revenue to obtain th…,Accepted standard-company edge: source evidence explicitly names this GHG Protocol fine series.,可采信标准-企业关系：原文证据明确命名该 GHG Protocol 细分系列。
r445_salesforce,445,SALESFORCE,赛富时,C,Manufacturing,制造业,ghg_scope3_standard,GHG Protocol Corporate Value Chain (Scope 3) Accounting and Reporting Standard,GHG Protocol 企业价值链（Scope 3）核算与报告标准,Standard,标准,Value-chain emissions accounting standard,价值链排放核算标准,Scope 3 categories are GHG Protocol-specific category language.,Scope 3 类别是 GHG Protocol 特有的类别口径。,Scope 3 and Scope 3 category names are only used for GHG Protocol evidence.,Scope 3 及十五类类别口径只在 GHG Protocol 证据下使用。,explicit_series_citation,page_text_explicitly_names_whitelisted_series,corporate value chain\s*\(scope 3\),11,25 | 95 | 92 | 96,salesforce-fy24-stakeholder-impact-report.pdf,pdf_explicit_series_citation,pdf_page_backfill,"WRl WBCSD GHG Protocol Scope 2 Guidance: An amendment to the GHG Protocol Corporate Standard. Scope 3 GHG emissions information has been prepared in accordance with the WRl WBCSD Corporate Value Chain (Scope 3), Accounting and Reporting Standard and the Scope 3 Technical Guidance. Collectively, the Greenhouse Gas Protocol: A Corporate Accounting and Reporti…","WRl WBCSD GHG Protocol Scope 2 Guidance: An amendment to the GHG Protocol Corporate Standard. Scope 3 GHG emissions information has been prepared in accordance with the WRl WBCSD Corporate Value Chain (Scope 3), Accounting and Reporting Standard and the Scope 3 Technical Guidance. Collectively, the Greenhouse Gas Protocol: A Corporate Accounting and Reporti…",Accepted standard-company edge: source evidence explicitly names this GHG Protocol fine series.,可采信标准-企业关系：原文证据明确命名该 GHG Protocol 细分系列。
r446_aiagroup,446,AIA GROUP,友邦保险控股有限公司,J,Finance,金融业,ghg_corporate_standard,GHG Protocol Corporate Accounting and Reporting Standard,GHG Protocol 企业核算与报告标准,Standard,标准,Corporate inventory accounting standard,企业组织层面清单核算标准,"Relevance, completeness, consistency, transparency, and accuracy.",相关性、完整性、一致性、透明性和准确性。,"Within GHG Protocol evidence, this may define Scope 1 and Scope 2 corporate inventory boundaries.",仅在 GHG Protocol 证据下使用 Scope 1/2 的组织层面清单口径。,explicit_series_citation,page_text_explicitly_names_whitelisted_series,corporate accounting and reporting standard,2,58,AIA GROUP-Main-ESG-Report_CH.pdf,pdf_explicit_series_citation,pdf_page_backfill,標，包括按 性別和年齡劃分的員工流失率（第6 頁）以及按市場、性別、年齡及職級 劃分的員工結構概覽（第10 頁）依 據獨立執業會計師就友邦保險控股有 限公司的經識別的可持續發展資料的 有限保證鑒證報告進行鑒證。請參閱 第32 頁以獲取此數據鑒證工作中涵 蓋的細分營運範圍。 數據計量方法 友邦保險根據溫室氣體協議企業會計 和報告標準（GHG Protocol Corporate Accounting and Reporting Standard）、溫室氣體協議範圍2 指 南及香港特別行政區政府環保署提供 的指引計算排放量，亦會透過公用事 業公司可持續發展報告、溫室氣體協 議數據庫及國際能源總署（IEA） 2024 年排放因子數據庫，確定各個 營運地區溫室氣體排放（範圍1 和 2）的排放因子。我們參照英國政府 環…,標，包括按 性別和年齡劃分的員工流失率（第6 頁）以及按市場、性別、年齡及職級 劃分的員工結構概覽（第10 頁）依 據獨立執業會計師就友邦保險控股有 限公司的經識別的可持續發展資料的 有限保證鑒證報告進行鑒證。請參閱 第32 頁以獲取此數據鑒證工作中涵 蓋的細分營運範圍。 數據計量方法 友邦保險根據溫室氣體協議企業會計 和報告標準（GHG Protocol Corporate Accounting and Reporting Standard）、溫室氣體協議範圍2 指 南及香港特別行政區政府環保署提供 的指引計算排放量，亦會透過公用事 業公司可持續發展報告、溫室氣體協 議數據庫及國際能源總署（IEA） 2024 年排放因子數據庫，確定各個 營運地區溫室氣體排放（範圍1 和 2）的排放因子。我們參照英國政府 環…,Accepted standard-company edge: source evidence explicitly names this GHG Protocol fine series.,可采信标准-企业关系：原文证据明确命名该 GHG Protocol 细分系列。
r449_nationalaustraliabank,449,NATIONAL AUSTRALIA BANK,澳大利亚国民银行,J,Finance,金融业,ghg_corporate_standard,GHG Protocol Corporate Accounting and Reporting Standard,GHG Protocol 企业核算与报告标准,Standard,标准,Corporate inventory accounting standard,企业组织层面清单核算标准,"Relevance, completeness, consistency, transparency, and accuracy.",相关性、完整性、一致性、透明性和准确性。,"Within GHG Protocol evidence, this may define Scope 1 and Scope 2 corporate inventory boundaries.",仅在 GHG Protocol 证据下使用 Scope 1/2 的组织层面清单口径。,explicit_series_citation,page_text_explicitly_names_whitelisted_series,"corporate accounting and reporting standard | (?:ghg protocol|greenhouse gas protocol|wri|world resources institute|world business council)[\s\S]{0,160}corporate standard",7,66 | 97,2024-NATIONAL AUSTRALIA BANK-climate-report.pdf,pdf_explicit_series_citation,pdf_page_backfill,d distribution • Waste generated in operations • Business travel • Working from home • Upstream leased assets • Employee commuting (new in 2024) (1) The Greenhouse Gas Protocol: A Corporate Accounting and Reporting Standard (2004) and the Greenhouse Gas Protocol Corporate Value Chain (Scope 3) Accounting and Reporting Standard (2011) are referred to in this…,d distribution • Waste generated in operations • Business travel • Working from home • Upstream leased assets • Employee commuting (new in 2024) (1) The Greenhouse Gas Protocol: A Corporate Accounting and Reporting Standard (2004) and the Greenhouse Gas Protocol Corporate Value Chain (Scope 3) Accounting and Reporting Standard (2011) are referred to in this…,Accepted standard-company edge: source evidence explicitly names this GHG Protocol fine series.,可采信标准-企业关系：原文证据明确命名该 GHG Protocol 细分系列。
r449_nationalaustraliabank,449,NATIONAL AUSTRALIA BANK,澳大利亚国民银行,J,Finance,金融业,ghg_financial_industry_standard,Global GHG Accounting and Reporting Standard for the Financial Industry,金融行业全球温室气体核算与报告标准,Sector standard / guidance,行业标准/指南,Financial-industry financed-emissions methodology,金融行业投融资排放方法学,Measure financed emissions for loans and investments when explicitly cited.,原文明示时用于贷款和投资的投融资排放测算。,Use financed-emissions wording rather than corporate operational Scope totals.,使用投融资排放口径，不改写为企业运营 Scope 总量。,explicit_series_citation,page_text_explicitly_names_whitelisted_series,\bpcaf\b,6,49 | 51 | 52,2024-NATIONAL AUSTRALIA BANK-climate-report.pdf,pdf_explicit_series_citation,pdf_page_backfill,2-e/MWh) Emissions Scope Scope 1 and 2 2030 Target(1) 0.14 tCO2-e/MWh (18% reduction against 2021 baseline) Reference pathway IEA NZE 2050 (2021) Data quality score (2023) Average PCAF score: 1.8 (Scope 1 and 2) (1) Updated for changes to methodology and boundaries as summarised below. Portfolio update NAB's portfolio emissions for power generation are as f…,2-e/MWh) Emissions Scope Scope 1 and 2 2030 Target(1) 0.14 tCO2-e/MWh (18% reduction against 2021 baseline) Reference pathway IEA NZE 2050 (2021) Data quality score (2023) Average PCAF score: 1.8 (Scope 1 and 2) (1) Updated for changes to methodology and boundaries as summarised below. Portfolio update NAB's portfolio emissions for power generation are as f…,Accepted standard-company edge: source evidence explicitly names this GHG Protocol fine series.,可采信标准-企业关系：原文证据明确命名该 GHG Protocol 细分系列。
r449_nationalaustraliabank,449,NATIONAL AUSTRALIA BANK,澳大利亚国民银行,J,Finance,金融业,ghg_scope3_standard,GHG Protocol Corporate Value Chain (Scope 3) Accounting and Reporting Standard,GHG Protocol 企业价值链（Scope 3）核算与报告标准,Standard,标准,Value-chain emissions accounting standard,价值链排放核算标准,Scope 3 categories are GHG Protocol-specific category language.,Scope 3 类别是 GHG Protocol 特有的类别口径。,Scope 3 and Scope 3 category names are only used for GHG Protocol evidence.,Scope 3 及十五类类别口径只在 GHG Protocol 证据下使用。,explicit_series_citation,page_text_explicitly_names_whitelisted_series,corporate value chain\s*\(scope 3\),3,66,2024-NATIONAL AUSTRALIA BANK-climate-report.pdf,pdf_explicit_series_citation,pdf_page_backfill,e • Upstream leased assets • Employee commuting (new in 2024) (1) The Greenhouse Gas Protocol: A Corporate Accounting and Reporting Standard (2004) and the Greenhouse Gas Protocol Corporate Value Chain (Scope 3) Accounting and Reporting Standard (2011) are referred to in this Basis for Conclusions as “GHG Protocol”. (2) This target is science-based and has …,e • Upstream leased assets • Employee commuting (new in 2024) (1) The Greenhouse Gas Protocol: A Corporate Accounting and Reporting Standard (2004) and the Greenhouse Gas Protocol Corporate Value Chain (Scope 3) Accounting and Reporting Standard (2011) are referred to in this Basis for Conclusions as “GHG Protocol”. (2) This target is science-based and has …,Accepted standard-company edge: source evidence explicitly names this GHG Protocol fine series.,可采信标准-企业关系：原文证据明确命名该 GHG Protocol 细分系列。
r450_sap公司,450,SAP,SAP,C,Manufacturing,制造业,ghg_corporate_standard,GHG Protocol Corporate Accounting and Reporting Standard,GHG Protocol 企业核算与报告标准,Standard,标准,Corporate inventory accounting standard,企业组织层面清单核算标准,"Relevance, completeness, consistency, transparency, and accuracy.",相关性、完整性、一致性、透明性和准确性。,"Within GHG Protocol evidence, this may define Scope 1 and Scope 2 corporate inventory boundaries.",仅在 GHG Protocol 证据下使用 Scope 1/2 的组织层面清单口径。,explicit_series_citation,page_text_explicitly_names_whitelisted_series,corporate accounting and reporting standard,10,2 | 152,SAP integrated_report2024.pdf,pdf_explicit_series_citation,pdf_page_backfill,"ss GHG Emissions (market-based). For more information, see the Energy Consumption and Mix section. Reporting Principles SAP’s preparation of the GHG emissions data is based on the Corporate Accounting and Reporting Standard, the GHG (Greenhouse Gas) Protocol Scope 2 Guidance, and the Corporate Value Chain (Scope 3) Accounting and Reporting Standard of the W…","ss GHG Emissions (market-based). For more information, see the Energy Consumption and Mix section. Reporting Principles SAP’s preparation of the GHG emissions data is based on the Corporate Accounting and Reporting Standard, the GHG (Greenhouse Gas) Protocol Scope 2 Guidance, and the Corporate Value Chain (Scope 3) Accounting and Reporting Standard of the W…",Accepted standard-company edge: source evidence explicitly names this GHG Protocol fine series.,可采信标准-企业关系：原文证据明确命名该 GHG Protocol 细分系列。
r450_sap公司,450,SAP,SAP,C,Manufacturing,制造业,ghg_scope2_guidance,GHG Protocol Scope 2 Guidance,GHG Protocol Scope 2 指南,Guidance,指南,Purchased electricity and energy method guidance,外购电力与能源口径指南,Location-based and market-based Scope 2 reporting are separated when cited.,原文显式引用时区分位置法与市场法 Scope 2 披露。,Scope 2 market-based and location-based language is treated as GHG-specific.,Scope 2 市场法/位置法术语只在 GHG Protocol 语境下使用。,explicit_series_citation,page_text_explicitly_names_whitelisted_series,scope 2 guidance,12,2 | 152 | 164,SAP integrated_report2024.pdf,pdf_explicit_series_citation,pdf_page_backfill,"on and Mix section. Reporting Principles SAP’s preparation of the GHG emissions data is based on the Corporate Accounting and Reporting Standard, the GHG (Greenhouse Gas) Protocol Scope 2 Guidance, and the Corporate Value Chain (Scope 3) Accounting and Reporting Standard of the World Resources Institute/World Business Council for Sustainable Development. In…","on and Mix section. Reporting Principles SAP’s preparation of the GHG emissions data is based on the Corporate Accounting and Reporting Standard, the GHG (Greenhouse Gas) Protocol Scope 2 Guidance, and the Corporate Value Chain (Scope 3) Accounting and Reporting Standard of the World Resources Institute/World Business Council for Sustainable Development. In…",Accepted standard-company edge: source evidence explicitly names this GHG Protocol fine series.,可采信标准-企业关系：原文证据明确命名该 GHG Protocol 细分系列。
r450_sap公司,450,SAP,SAP,C,Manufacturing,制造业,ghg_scope3_standard,GHG Protocol Corporate Value Chain (Scope 3) Accounting and Reporting Standard,GHG Protocol 企业价值链（Scope 3）核算与报告标准,Standard,标准,Value-chain emissions accounting standard,价值链排放核算标准,Scope 3 categories are GHG Protocol-specific category language.,Scope 3 类别是 GHG Protocol 特有的类别口径。,Scope 3 and Scope 3 category names are only used for GHG Protocol evidence.,Scope 3 及十五类类别口径只在 GHG Protocol 证据下使用。,explicit_series_citation,page_text_explicitly_names_whitelisted_series,corporate value chain\s*\(scope 3\),10,2 | 152,SAP integrated_report2024.pdf,pdf_explicit_series_citation,pdf_page_backfill,"ing Principles SAP’s preparation of the GHG emissions data is based on the Corporate Accounting and Reporting Standard, the GHG (Greenhouse Gas) Protocol Scope 2 Guidance, and the Corporate Value Chain (Scope 3) Accounting and Reporting Standard of the World Resources Institute/World Business Council for Sustainable Development. In alignment with the GHG Pr…","ing Principles SAP’s preparation of the GHG emissions data is based on the Corporate Accounting and Reporting Standard, the GHG (Greenhouse Gas) Protocol Scope 2 Guidance, and the Corporate Value Chain (Scope 3) Accounting and Reporting Standard of the World Resources Institute/World Business Council for Sustainable Development. In alignment with the GHG Pr…",Accepted standard-company edge: source evidence explicitly names this GHG Protocol fine series.,可采信标准-企业关系：原文证据明确命名该 GHG Protocol 细分系列。
r454_sompoholdings,454,SOMPO HOLDINGS,损保控股有限公司,J,Finance,金融业,ghg_financial_industry_standard,Global GHG Accounting and Reporting Standard for the Financial Industry,金融行业全球温室气体核算与报告标准,Sector standard / guidance,行业标准/指南,Financial-industry financed-emissions methodology,金融行业投融资排放方法学,Measure financed emissions for loans and investments when explicitly cited.,原文明示时用于贷款和投资的投融资排放测算。,Use financed-emissions wording rather than corporate operational Scope totals.,使用投融资排放口径，不改写为企业运营 Scope 总量。,explicit_series_citation,page_text_explicitly_names_whitelisted_series,\bpcaf\b | partnership for carbon accounting financials,7,40 | 51 | 146,2024_SOMPO HOLDINGS_sustainability_report.pdf,pdf_explicit_series_citation,pdf_page_backfill,"d Emissions) using data from com- panies that disclose GHG emissions (Scope 1, 2) by utilizing a method for measuring GHG emissions in the commercial insurance sector developed by Partnership for Carbon Accounting Financials (PCAF) in November 2022. In accordance with the principles of the Japanese Stewardship Code, Sompo Japan con- ducts an ESG survey (“Su…","d Emissions) using data from com- panies that disclose GHG emissions (Scope 1, 2) by utilizing a method for measuring GHG emissions in the commercial insurance sector developed by Partnership for Carbon Accounting Financials (PCAF) in November 2022. In accordance with the principles of the Japanese Stewardship Code, Sompo Japan con- ducts an ESG survey (“Su…",Accepted standard-company edge: source evidence explicitly names this GHG Protocol fine series.,可采信标准-企业关系：原文证据明确命名该 GHG Protocol 细分系列。
r455_elililly,455,ELI LILLY,美国礼来公司,C,Manufacturing,制造业,ghg_corporate_standard,GHG Protocol Corporate Accounting and Reporting Standard,GHG Protocol 企业核算与报告标准,Standard,标准,Corporate inventory accounting standard,企业组织层面清单核算标准,"Relevance, completeness, consistency, transparency, and accuracy.",相关性、完整性、一致性、透明性和准确性。,"Within GHG Protocol evidence, this may define Scope 1 and Scope 2 corporate inventory boundaries.",仅在 GHG Protocol 证据下使用 Scope 1/2 的组织层面清单口径。,explicit_series_citation,page_text_explicitly_names_whitelisted_series,"(?:ghg protocol|greenhouse gas protocol|wri|world resources institute|world business council)[\s\S]{0,160}corporate standard",4,15,2024_ELI LILLY-SustainabilityReport-20251020_FINAL.pdf,pdf_explicit_series_citation,pdf_page_backfill,"ent fuel economy (e.g., hybrids and plug-in hybrids) and emphasizing sustainable driving and work practices in training programs. Scope 3 Emissions and Supply Chain Engagement The Greenhouse Gas Protocol Corporate Standard classifies Scope 3 emissions as indirect greenhouse gas emissions (not included in Scope 2) that occur in an organization’s value chain.…","ent fuel economy (e.g., hybrids and plug-in hybrids) and emphasizing sustainable driving and work practices in training programs. Scope 3 Emissions and Supply Chain Engagement The Greenhouse Gas Protocol Corporate Standard classifies Scope 3 emissions as indirect greenhouse gas emissions (not included in Scope 2) that occur in an organization’s value chain.…",Accepted standard-company edge: source evidence explicitly names this GHG Protocol fine series.,可采信标准-企业关系：原文证据明确命名该 GHG Protocol 细分系列。
r459_cummins,459,CUMMINS,康明斯公司,C,Manufacturing,制造业,ghg_corporate_standard,GHG Protocol Corporate Accounting and Reporting Standard,GHG Protocol 企业核算与报告标准,Standard,标准,Corporate inventory accounting standard,企业组织层面清单核算标准,"Relevance, completeness, consistency, transparency, and accuracy.",相关性、完整性、一致性、透明性和准确性。,"Within GHG Protocol evidence, this may define Scope 1 and Scope 2 corporate inventory boundaries.",仅在 GHG Protocol 证据下使用 Scope 1/2 的组织层面清单口径。,explicit_series_citation,page_text_explicitly_names_whitelisted_series,"(?:ghg protocol|greenhouse gas protocol|wri|world resources institute|world business council)[\s\S]{0,160}corporate standard",4,5 | 17,2024-25-cummins-sustainability-progress-report.pdf,pdf_explicit_series_citation,pdf_page_backfill,"foundry located in Monclova, Mexico, which primarily forges blocks and heads used in Cummins’ and other manufacturers’ engines. The recalculation of this data is in line with the GHG Protocol Corporate Standards which lay out the principles governing baseline adjustments. Financial data comes from the company’s Annual Report on Form 10-K timed to 2024. The …","foundry located in Monclova, Mexico, which primarily forges blocks and heads used in Cummins’ and other manufacturers’ engines. The recalculation of this data is in line with the GHG Protocol Corporate Standards which lay out the principles governing baseline adjustments. Financial data comes from the company’s Annual Report on Form 10-K timed to 2024. The …",Accepted standard-company edge: source evidence explicitly names this GHG Protocol fine series.,可采信标准-企业关系：原文证据明确命名该 GHG Protocol 细分系列。
r461_rabobankgroup,461,RABOBANK GROUP,荷兰合作银行集团,J,Finance,金融业,ghg_financial_industry_standard,Global GHG Accounting and Reporting Standard for the Financial Industry,金融行业全球温室气体核算与报告标准,Sector standard / guidance,行业标准/指南,Financial-industry financed-emissions methodology,金融行业投融资排放方法学,Measure financed emissions for loans and investments when explicitly cited.,原文明示时用于贷款和投资的投融资排放测算。,Use financed-emissions wording rather than corporate operational Scope totals.,使用投融资排放口径，不改写为企业运营 Scope 总量。,explicit_series_citation,page_text_explicitly_names_whitelisted_series,partnership for carbon accounting financials | \bpcaf\b,6,41 | 74,rabobank_impact_report_2024.pdf,seed_batch_10,medium,"Attribution|Data quality hierarchy 归因原则|数据质量层级 At Rabobank, we use the PCAF (Partnership for Carbon Accounting Financials) standard for accounting and disclosing financed emissions. Benchmarks (Sector, national, industry) Identifying science-based sectoral decarbonization pathways (such At Rabobank,","Attribution|Data quality hierarchy 归因原则|数据质量层级 At Rabobank, we use the PCAF (Partnership for Carbon Accounting Financials) standard for accounting and disclosing financed emissions. Benchmarks (Sector, national, industry) Identifying science-based sectoral decarbonization pathways (such At Rabobank,",Accepted standard-company edge: source evidence explicitly names this GHG Protocol fine series.,可采信标准-企业关系：原文证据明确命名该 GHG Protocol 细分系列。
r464_britishamericantobacco,464,BRITISH AMERICAN TOBACCO,英美烟草集团,C,Manufacturing,制造业,ghg_corporate_standard,GHG Protocol Corporate Accounting and Reporting Standard,GHG Protocol 企业核算与报告标准,Standard,标准,Corporate inventory accounting standard,企业组织层面清单核算标准,"Relevance, completeness, consistency, transparency, and accuracy.",相关性、完整性、一致性、透明性和准确性。,"Within GHG Protocol evidence, this may define Scope 1 and Scope 2 corporate inventory boundaries.",仅在 GHG Protocol 证据下使用 Scope 1/2 的组织层面清单口径。,explicit_series_citation,page_text_explicitly_names_whitelisted_series,"(?:ghg protocol|greenhouse gas protocol|wri|world resources institute|world business council)[\s\S]{0,160}corporate standard",6,140,BRITISH AMERICAN TOBACCO_Annual_Report_on_Form_20-F_2024.pdf,seed_batch_10,medium,Relevance|Completeness|Consistency|Transparency|Accuracy 相关性|完整性|一致性|透明性|准确性 Reporting methodology for CO2e emissions We use the World Business Council for Sustainable Development GHG Protocol Corporate Standard to guide our reporting of carbon dioxide equivalent (CO2e) emissions. We also use supporting standards in Reporting methodology for CO2e emissions …,Relevance|Completeness|Consistency|Transparency|Accuracy 相关性|完整性|一致性|透明性|准确性 Reporting methodology for CO2e emissions We use the World Business Council for Sustainable Development GHG Protocol Corporate Standard to guide our reporting of carbon dioxide equivalent (CO2e) emissions. We also use supporting standards in Reporting methodology for CO2e emissions …,Accepted standard-company edge: source evidence explicitly names this GHG Protocol fine series.,可采信标准-企业关系：原文证据明确命名该 GHG Protocol 细分系列。
r464_britishamericantobacco,464,BRITISH AMERICAN TOBACCO,英美烟草集团,C,Manufacturing,制造业,ghg_scope2_guidance,GHG Protocol Scope 2 Guidance,GHG Protocol Scope 2 指南,Guidance,指南,Purchased electricity and energy method guidance,外购电力与能源口径指南,Location-based and market-based Scope 2 reporting are separated when cited.,原文显式引用时区分位置法与市场法 Scope 2 披露。,Scope 2 market-based and location-based language is treated as GHG-specific.,Scope 2 市场法/位置法术语只在 GHG Protocol 语境下使用。,explicit_series_citation,page_text_explicitly_names_whitelisted_series,scope 2 guidance,6,140,BRITISH AMERICAN TOBACCO_Annual_Report_on_Form_20-F_2024.pdf,pdf_explicit_series_citation,pdf_page_backfill,"inable Development GHG Protocol Corporate Standard to guide our reporting of carbon dioxide equivalent (CO2e) emissions. We also use supporting standards including: – GHG Protocol Scope 2 Guidance, 2015 – GHG Protocol Corporate Value Chain (Scope 3) Standard, 2011 Where we have operational control, we include emissions from energy use, the Dry Ice Expanded …","inable Development GHG Protocol Corporate Standard to guide our reporting of carbon dioxide equivalent (CO2e) emissions. We also use supporting standards including: – GHG Protocol Scope 2 Guidance, 2015 – GHG Protocol Corporate Value Chain (Scope 3) Standard, 2011 Where we have operational control, we include emissions from energy use, the Dry Ice Expanded …",Accepted standard-company edge: source evidence explicitly names this GHG Protocol fine series.,可采信标准-企业关系：原文证据明确命名该 GHG Protocol 细分系列。
r464_britishamericantobacco,464,BRITISH AMERICAN TOBACCO,英美烟草集团,C,Manufacturing,制造业,ghg_scope3_standard,GHG Protocol Corporate Value Chain (Scope 3) Accounting and Reporting Standard,GHG Protocol 企业价值链（Scope 3）核算与报告标准,Standard,标准,Value-chain emissions accounting standard,价值链排放核算标准,Scope 3 categories are GHG Protocol-specific category language.,Scope 3 类别是 GHG Protocol 特有的类别口径。,Scope 3 and Scope 3 category names are only used for GHG Protocol evidence.,Scope 3 及十五类类别口径只在 GHG Protocol 证据下使用。,explicit_series_citation,page_text_explicitly_names_whitelisted_series,corporate value chain\s*\(scope 3\),6,140,BRITISH AMERICAN TOBACCO_Annual_Report_on_Form_20-F_2024.pdf,seed_batch_10,medium,d within our internal EHS Reporting system; it includes 180 reporting units located across 85 countries. BAT’s Scope 3 GHG emissions reporting process aligns with the GHG Protocol Corporate Value Chain (Scope 3) Accounting and Reporting Standard. Read more about our Scope 3 Simplified Methodology document at www.bat.com/sustainabilityreport + A full breakdo…,d within our internal EHS Reporting system; it includes 180 reporting units located across 85 countries. BAT’s Scope 3 GHG emissions reporting process aligns with the GHG Protocol Corporate Value Chain (Scope 3) Accounting and Reporting Standard. Read more about our Scope 3 Simplified Methodology document at www.bat.com/sustainabilityreport + A full breakdo…,Accepted standard-company edge: source evidence explicitly names this GHG Protocol fine series.,可采信标准-企业关系：原文证据明确命名该 GHG Protocol 细分系列。
r466_bankofnewyorkmellon,466,BANK OF NEW YORK MELLON,纽约梅隆银行,J,Finance,金融业,ghg_corporate_standard,GHG Protocol Corporate Accounting and Reporting Standard,GHG Protocol 企业核算与报告标准,Standard,标准,Corporate inventory accounting standard,企业组织层面清单核算标准,"Relevance, completeness, consistency, transparency, and accuracy.",相关性、完整性、一致性、透明性和准确性。,"Within GHG Protocol evidence, this may define Scope 1 and Scope 2 corporate inventory boundaries.",仅在 GHG Protocol 证据下使用 Scope 1/2 的组织层面清单口径。,explicit_series_citation,page_text_explicitly_names_whitelisted_series,corporate accounting and reporting standard,14,129 | 66 | 130,2023-BANK OF NEW YORK MELLON sustainability-report.pdf,seed_batch_10,medium,"性|可信性 31, 2023 Criteria against which verification conducted: • World Resources Institute (WRI)/World Business Council for Sustainable Development (WBCSD) Greenhouse Gas Protocol, Corporate Accounting and Reporting Standard, Revised Edition (Scop 31, 2023 Criteria against which verification conducted: • World Resources Institute (WRI)/World Business Council…","性|可信性 31, 2023 Criteria against which verification conducted: • World Resources Institute (WRI)/World Business Council for Sustainable Development (WBCSD) Greenhouse Gas Protocol, Corporate Accounting and Reporting Standard, Revised Edition (Scop 31, 2023 Criteria against which verification conducted: • World Resources Institute (WRI)/World Business Council…",Accepted standard-company edge: source evidence explicitly names this GHG Protocol fine series.,可采信标准-企业关系：原文证据明确命名该 GHG Protocol 细分系列。
r466_bankofnewyorkmellon,466,BANK OF NEW YORK MELLON,纽约梅隆银行,J,Finance,金融业,ghg_financial_industry_standard,Global GHG Accounting and Reporting Standard for the Financial Industry,金融行业全球温室气体核算与报告标准,Sector standard / guidance,行业标准/指南,Financial-industry financed-emissions methodology,金融行业投融资排放方法学,Measure financed emissions for loans and investments when explicitly cited.,原文明示时用于贷款和投资的投融资排放测算。,Use financed-emissions wording rather than corporate operational Scope totals.,使用投融资排放口径，不改写为企业运营 Scope 总量。,explicit_series_citation,page_text_explicitly_names_whitelisted_series,\bpcaf\b | partnership for carbon accounting financials,7,66 | 67 | 68,2023-BANK OF NEW YORK MELLON sustainability-report.pdf,pdf_explicit_series_citation,pdf_page_backfill,"arily driven by the Category 15 emissions associated with our financing activities. However, … PDF full-document exact-series scan: the report page names a controlled GHG Protocol/PCAF fine standard in an accounting, reporting, methodology, or assurance context; this does not promote emissions values. PDF 全文精确系列扫描：报告页在核算、报告、方法或鉴证语境中命名受控 GHG Protocol/PCAF 细分…","arily driven by the Category 15 emissions associated with our financing activities. However, … PDF full-document exact-series scan: the report page names a controlled GHG Protocol/PCAF fine standard in an accounting, reporting, methodology, or assurance context; this does not promote emissions values. PDF 全文精确系列扫描：报告页在核算、报告、方法或鉴证语境中命名受控 GHG Protocol/PCAF 细分…",Accepted standard-company edge: source evidence explicitly names this GHG Protocol fine series.,可采信标准-企业关系：原文证据明确命名该 GHG Protocol 细分系列。
r466_bankofnewyorkmellon,466,BANK OF NEW YORK MELLON,纽约梅隆银行,J,Finance,金融业,ghg_scope2_guidance,GHG Protocol Scope 2 Guidance,GHG Protocol Scope 2 指南,Guidance,指南,Purchased electricity and energy method guidance,外购电力与能源口径指南,Location-based and market-based Scope 2 reporting are separated when cited.,原文显式引用时区分位置法与市场法 Scope 2 披露。,Scope 2 market-based and location-based language is treated as GHG-specific.,Scope 2 市场法/位置法术语只在 GHG Protocol 语境下使用。,explicit_series_citation,page_text_explicitly_names_whitelisted_series,scope 2 guidance,8,129 | 66,2023-BANK OF NEW YORK MELLON sustainability-report.pdf,pdf_explicit_series_citation,pdf_page_backfill,"rld Business Council for Sustainable Development (WBCSD) Greenhouse Gas Protocol, Corporate Accounting and Reporting Standard, Revised Edition (Scope 1 and 2) and the GHG Protocol Scope 2 Guidance, an amendment to the GHG Protocol Corporate Standard • WRI/WBCSD Corporate Value Chain (Scope 3) Accounting and Reporting Standard Reference Standard: • ISO 14064…","rld Business Council for Sustainable Development (WBCSD) Greenhouse Gas Protocol, Corporate Accounting and Reporting Standard, Revised Edition (Scope 1 and 2) and the GHG Protocol Scope 2 Guidance, an amendment to the GHG Protocol Corporate Standard • WRI/WBCSD Corporate Value Chain (Scope 3) Accounting and Reporting Standard Reference Standard: • ISO 14064…",Accepted standard-company edge: source evidence explicitly names this GHG Protocol fine series.,可采信标准-企业关系：原文证据明确命名该 GHG Protocol 细分系列。
r466_bankofnewyorkmellon,466,BANK OF NEW YORK MELLON,纽约梅隆银行,J,Finance,金融业,ghg_scope3_standard,GHG Protocol Corporate Value Chain (Scope 3) Accounting and Reporting Standard,GHG Protocol 企业价值链（Scope 3）核算与报告标准,Standard,标准,Value-chain emissions accounting standard,价值链排放核算标准,Scope 3 categories are GHG Protocol-specific category language.,Scope 3 类别是 GHG Protocol 特有的类别口径。,Scope 3 and Scope 3 category names are only used for GHG Protocol evidence.,Scope 3 及十五类类别口径只在 GHG Protocol 证据下使用。,explicit_series_citation,page_text_explicitly_names_whitelisted_series,corporate value chain\s*\(scope 3\) | corporate value chain.*scope 3,12,129 | 130 | 66,2023-BANK OF NEW YORK MELLON sustainability-report.pdf,pdf_explicit_series_citation,pdf_page_backfill,"Corporate Accounting and Reporting Standard, Revised Edition (Scope 1 and 2) and the GHG Protocol Scope 2 Guidance, an amendment to the GHG Protocol Corporate Standard • WRI/WBCSD Corporate Value Chain (Scope 3) Accounting and Reporting Standard Reference Standard: • ISO 14064-3 Second Edition 2019-04: Greenhouse gases -- Part 3: Specification with guidance…","Corporate Accounting and Reporting Standard, Revised Edition (Scope 1 and 2) and the GHG Protocol Scope 2 Guidance, an amendment to the GHG Protocol Corporate Standard • WRI/WBCSD Corporate Value Chain (Scope 3) Accounting and Reporting Standard Reference Standard: • ISO 14064-3 Second Edition 2019-04: Greenhouse gases -- Part 3: Specification with guidance…",Accepted standard-company edge: source evidence explicitly names this GHG Protocol fine series.,可采信标准-企业关系：原文证据明确命名该 GHG Protocol 细分系列。
r468_netflix公司,468,Netflix,Netflix,R,"Culture, Sports and Entertainment",文化、体育和娱乐业,ghg_corporate_standard,GHG Protocol Corporate Accounting and Reporting Standard,GHG Protocol 企业核算与报告标准,Standard,标准,Corporate inventory accounting standard,企业组织层面清单核算标准,"Relevance, completeness, consistency, transparency, and accuracy.",相关性、完整性、一致性、透明性和准确性。,"Within GHG Protocol evidence, this may define Scope 1 and Scope 2 corporate inventory boundaries.",仅在 GHG Protocol 证据下使用 Scope 1/2 的组织层面清单口径。,explicit_series_citation,page_text_explicitly_names_whitelisted_series,"corporate accounting and reporting standard | (?:ghg protocol|greenhouse gas protocol|wri|world resources institute|world business council)[\s\S]{0,160}corporate standard",10,5 | 43,2024-Netflix-Environmental-Social-Governance-Report.pdf,pdf_explicit_series_citation,pdf_page_backfill,"al Building Energy Consumption Survey (2018). Netflix greenhouse gas (GHG) emissions reporting is consistent with the “operational control” approach as set out by the GHG Protocol Corporate Accounting and Reporting Standard: Revised Edition. The organizational and operational boundary applies to the global company including its subsidiaries, the office and …","al Building Energy Consumption Survey (2018). Netflix greenhouse gas (GHG) emissions reporting is consistent with the “operational control” approach as set out by the GHG Protocol Corporate Accounting and Reporting Standard: Revised Edition. The organizational and operational boundary applies to the global company including its subsidiaries, the office and …",Accepted standard-company edge: source evidence explicitly names this GHG Protocol fine series.,可采信标准-企业关系：原文证据明确命名该 GHG Protocol 细分系列。
r468_netflix公司,468,Netflix,Netflix,R,"Culture, Sports and Entertainment",文化、体育和娱乐业,ghg_project_protocol,GHG Protocol Project Protocol,GHG Protocol 项目减排核算协议,Project protocol,项目协议,Project-level reduction accounting protocol,项目层减排核算协议,Project accounting and reductions; not a direct corporate inventory total.,项目减排核算口径，不直接等同于企业组织层总排放。,Use project or reduction-accounting language for non-inventory evidence.,项目证据使用项目减排口径，不直接改写成 Scope 口径。,explicit_series_citation,page_text_explicitly_names_whitelisted_series,project accounting,4,5 | 44,2024-Netflix-Environmental-Social-Governance-Report.pdf,pdf_explicit_series_citation,pdf_page_backfill,"to another) These criteria align with the 2024 Core Carbon Principles (CCPs) defined by the Integrity Council for the Voluntary Carbon Market (ICVCM), as well as with foundational project accounting standards, such as the GHG Protocol for Project Accounting and ISO 14064 Part 2. SCREEN 3 Deep project-level diligence and impact screening Our team conducts du…","to another) These criteria align with the 2024 Core Carbon Principles (CCPs) defined by the Integrity Council for the Voluntary Carbon Market (ICVCM), as well as with foundational project accounting standards, such as the GHG Protocol for Project Accounting and ISO 14064 Part 2. SCREEN 3 Deep project-level diligence and impact screening Our team conducts du…",Accepted standard-company edge: source evidence explicitly names this GHG Protocol fine series.,可采信标准-企业关系：原文证据明确命名该 GHG Protocol 细分系列。
r468_netflix公司,468,Netflix,Netflix,R,"Culture, Sports and Entertainment",文化、体育和娱乐业,ghg_scope2_guidance,GHG Protocol Scope 2 Guidance,GHG Protocol Scope 2 指南,Guidance,指南,Purchased electricity and energy method guidance,外购电力与能源口径指南,Location-based and market-based Scope 2 reporting are separated when cited.,原文显式引用时区分位置法与市场法 Scope 2 披露。,Scope 2 market-based and location-based language is treated as GHG-specific.,Scope 2 市场法/位置法术语只在 GHG Protocol 语境下使用。,explicit_series_citation,page_text_explicitly_names_whitelisted_series,scope 2 guidance,6,5 | 43,2024-Netflix-Environmental-Social-Governance-Report.pdf,pdf_explicit_series_citation,pdf_page_backfill,"owing the World Resources Institute (WRI) / World Business Council for Sustainable Development’s (WBCSD) Greenhouse Gas Protocol Corporate Standard, as amended by the GHG Protocol Scope 2 Guidance, as well as WRI / WBCSD’s Greenhouse Gas Protocol Corporate Value Chain (Scope 3) Accounting and Reporting Standard and Technical Guidance for Calculating Scope 3…","owing the World Resources Institute (WRI) / World Business Council for Sustainable Development’s (WBCSD) Greenhouse Gas Protocol Corporate Standard, as amended by the GHG Protocol Scope 2 Guidance, as well as WRI / WBCSD’s Greenhouse Gas Protocol Corporate Value Chain (Scope 3) Accounting and Reporting Standard and Technical Guidance for Calculating Scope 3…",Accepted standard-company edge: source evidence explicitly names this GHG Protocol fine series.,可采信标准-企业关系：原文证据明确命名该 GHG Protocol 细分系列。
r468_netflix公司,468,Netflix,Netflix,R,"Culture, Sports and Entertainment",文化、体育和娱乐业,ghg_scope3_calculation_guidance,GHG Protocol Scope 3 Calculation Guidance,GHG Protocol Scope 3 计算指南,Guidance,指南,Scope 3 inventory calculation guidance,Scope 3 清单计算指南,Companion calculation guidance for completing Scope 3 inventories.,配套计算指南，用于完成 Scope 3 清单。,Scope 3 categories are GHG-specific and only shown when the source uses that wording.,Scope 3 类别是 GHG 特有口径，仅在原文如此使用时展示。,explicit_series_citation,page_text_explicitly_names_whitelisted_series,technical guidance for calculating scope 3 emissions,7,5 | 43,2024-Netflix-Environmental-Social-Governance-Report.pdf,pdf_explicit_series_citation,pdf_page_backfill,"e Standard, as amended by the GHG Protocol Scope 2 Guidance, as well as WRI / WBCSD’s Greenhouse Gas Protocol Corporate Value Chain (Scope 3) Accounting and Reporting Standard and Technical Guidance for Calculating Scope 3 Emissions (collectively, the GHG Protocol). Netflix GHG emissions reporting follows the operational control approach set out by the GHGP…","e Standard, as amended by the GHG Protocol Scope 2 Guidance, as well as WRI / WBCSD’s Greenhouse Gas Protocol Corporate Value Chain (Scope 3) Accounting and Reporting Standard and Technical Guidance for Calculating Scope 3 Emissions (collectively, the GHG Protocol). Netflix GHG emissions reporting follows the operational control approach set out by the GHGP…",Accepted standard-company edge: source evidence explicitly names this GHG Protocol fine series.,可采信标准-企业关系：原文证据明确命名该 GHG Protocol 细分系列。
r468_netflix公司,468,Netflix,Netflix,R,"Culture, Sports and Entertainment",文化、体育和娱乐业,ghg_scope3_standard,GHG Protocol Corporate Value Chain (Scope 3) Accounting and Reporting Standard,GHG Protocol 企业价值链（Scope 3）核算与报告标准,Standard,标准,Value-chain emissions accounting standard,价值链排放核算标准,Scope 3 categories are GHG Protocol-specific category language.,Scope 3 类别是 GHG Protocol 特有的类别口径。,Scope 3 and Scope 3 category names are only used for GHG Protocol evidence.,Scope 3 及十五类类别口径只在 GHG Protocol 证据下使用。,explicit_series_citation,page_text_explicitly_names_whitelisted_series,corporate value chain\s*\(scope 3\),6,5 | 43,2024-Netflix-Environmental-Social-Governance-Report.pdf,pdf_explicit_series_citation,pdf_page_backfill,"for Sustainable Development’s (WBCSD) Greenhouse Gas Protocol Corporate Standard, as amended by the GHG Protocol Scope 2 Guidance, as well as WRI / WBCSD’s Greenhouse Gas Protocol Corporate Value Chain (Scope 3) Accounting and Reporting Standard and Technical Guidance for Calculating Scope 3 Emissions (collectively, the GHG Protocol). Netflix GHG emissions …","for Sustainable Development’s (WBCSD) Greenhouse Gas Protocol Corporate Standard, as amended by the GHG Protocol Scope 2 Guidance, as well as WRI / WBCSD’s Greenhouse Gas Protocol Corporate Value Chain (Scope 3) Accounting and Reporting Standard and Technical Guidance for Calculating Scope 3 Emissions (collectively, the GHG Protocol). Netflix GHG emissions …",Accepted standard-company edge: source evidence explicitly names this GHG Protocol fine series.,可采信标准-企业关系：原文证据明确命名该 GHG Protocol 细分系列。
r479_schlumberger,479,SCHLUMBERGER,斯伦贝谢公司,D,"Electricity, Heat, Gas and Water Production and Supply",电力、热力、燃气及水生产和供应业,ghg_corporate_standard,GHG Protocol Corporate Accounting and Reporting Standard,GHG Protocol 企业核算与报告标准,Standard,标准,Corporate inventory accounting standard,企业组织层面清单核算标准,"Relevance, completeness, consistency, transparency, and accuracy.",相关性、完整性、一致性、透明性和准确性。,"Within GHG Protocol evidence, this may define Scope 1 and Scope 2 corporate inventory boundaries.",仅在 GHG Protocol 证据下使用 Scope 1/2 的组织层面清单口径。,explicit_series_citation,page_text_explicitly_names_whitelisted_series,corporate accounting and reporting standard,4,51,SCHLUMBERGER-sustainability-report-2024.pdf,pdf_explicit_series_citation,pdf_page_backfill,"y to perform attest procedures with respect to certain GHG emissions. Emissions calculations are based on the principles and guidance established in The Greenhouse Gas Protocol: A Corporate Accounting and Reporting Standard (Revised Edition) to calculate our annual CO2e emissions. As part of that process, we apply emissions factors and global warming potent…","y to perform attest procedures with respect to certain GHG emissions. Emissions calculations are based on the principles and guidance established in The Greenhouse Gas Protocol: A Corporate Accounting and Reporting Standard (Revised Edition) to calculate our annual CO2e emissions. As part of that process, we apply emissions factors and global warming potent…",Accepted standard-company edge: source evidence explicitly names this GHG Protocol fine series.,可采信标准-企业关系：原文证据明确命名该 GHG Protocol 细分系列。
r484_commonwealthbankofaustralia,484,COMMONWEALTH BANK OF AUSTRALIA,澳洲联邦银行,J,Finance,金融业,ghg_corporate_standard,GHG Protocol Corporate Accounting and Reporting Standard,GHG Protocol 企业核算与报告标准,Standard,标准,Corporate inventory accounting standard,企业组织层面清单核算标准,"Relevance, completeness, consistency, transparency, and accuracy.",相关性、完整性、一致性、透明性和准确性。,"Within GHG Protocol evidence, this may define Scope 1 and Scope 2 corporate inventory boundaries.",仅在 GHG Protocol 证据下使用 Scope 1/2 的组织层面清单口径。,explicit_series_citation,page_text_explicitly_names_whitelisted_series,"corporate accounting and reporting standard | (?:ghg protocol|greenhouse gas protocol|wri|world resources institute|world business council)[\s\S]{0,160}corporate standard",7,57 | 60 | 21,COMMONWEALTH BANK OF AUSTRALIA-2024-Climate-Report.pdf,pdf_explicit_series_citation,pdf_page_backfill,"For New Zealand, ASB’s operational emissions for 2024 have been measured and prepared, in all material respects, in accordance with the Greenhouse Gas Protocol: A Corporate Accounting and Reporting Standard (revised edition) and the Greenhouse Gas Protocol: Corporate Value Chain (Scope 3) Accounting and Reporting Standard (GHG Protocol). Invoices or reports…","For New Zealand, ASB’s operational emissions for 2024 have been measured and prepared, in all material respects, in accordance with the Greenhouse Gas Protocol: A Corporate Accounting and Reporting Standard (revised edition) and the Greenhouse Gas Protocol: Corporate Value Chain (Scope 3) Accounting and Reporting Standard (GHG Protocol). Invoices or reports…",Accepted standard-company edge: source evidence explicitly names this GHG Protocol fine series.,可采信标准-企业关系：原文证据明确命名该 GHG Protocol 细分系列。
r484_commonwealthbankofaustralia,484,COMMONWEALTH BANK OF AUSTRALIA,澳洲联邦银行,J,Finance,金融业,ghg_financial_industry_standard,Global GHG Accounting and Reporting Standard for the Financial Industry,金融行业全球温室气体核算与报告标准,Sector standard / guidance,行业标准/指南,Financial-industry financed-emissions methodology,金融行业投融资排放方法学,Measure financed emissions for loans and investments when explicitly cited.,原文明示时用于贷款和投资的投融资排放测算。,Use financed-emissions wording rather than corporate operational Scope totals.,使用投融资排放口径，不改写为企业运营 Scope 总量。,explicit_series_citation,page_text_explicitly_names_whitelisted_series,partnership for carbon accounting financials | \bpcaf\b,8,21 | 3 | 5 | 7,COMMONWEALTH BANK OF AUSTRALIA-2024-Climate-Report.pdf,pdf_explicit_series_citation,pdf_page_backfill,ng to refer to the on-balance sheet exposure to the sectors included within the scope of our financed emissions calculations. The use of on-balance sheet lending is set out in the Partnership for Carbon Accounting Financials (PCAF) Standard. Some sectors we lend to are currently excluded from the scope of our financed emissions calculations due to lack of a…,ng to refer to the on-balance sheet exposure to the sectors included within the scope of our financed emissions calculations. The use of on-balance sheet lending is set out in the Partnership for Carbon Accounting Financials (PCAF) Standard. Some sectors we lend to are currently excluded from the scope of our financed emissions calculations due to lack of a…,Accepted standard-company edge: source evidence explicitly names this GHG Protocol fine series.,可采信标准-企业关系：原文证据明确命名该 GHG Protocol 细分系列。
r484_commonwealthbankofaustralia,484,COMMONWEALTH BANK OF AUSTRALIA,澳洲联邦银行,J,Finance,金融业,ghg_scope3_standard,GHG Protocol Corporate Value Chain (Scope 3) Accounting and Reporting Standard,GHG Protocol 企业价值链（Scope 3）核算与报告标准,Standard,标准,Value-chain emissions accounting standard,价值链排放核算标准,Scope 3 categories are GHG Protocol-specific category language.,Scope 3 类别是 GHG Protocol 特有的类别口径。,Scope 3 and Scope 3 category names are only used for GHG Protocol evidence.,Scope 3 及十五类类别口径只在 GHG Protocol 证据下使用。,explicit_series_citation,page_text_explicitly_names_whitelisted_series,corporate value chain\s*\(scope 3\),4,57 | 41,COMMONWEALTH BANK OF AUSTRALIA-2024-Climate-Report.pdf,pdf_explicit_series_citation,pdf_page_backfill,"repared, in all material respects, in accordance with the Greenhouse Gas Protocol: A Corporate Accounting and Reporting Standard (revised edition) and the Greenhouse Gas Protocol: Corporate Value Chain (Scope 3) Accounting and Reporting Standard (GHG Protocol). Invoices or reports are received from the relevant data source and the relevant emissions factors…","repared, in all material respects, in accordance with the Greenhouse Gas Protocol: A Corporate Accounting and Reporting Standard (revised edition) and the Greenhouse Gas Protocol: Corporate Value Chain (Scope 3) Accounting and Reporting Standard (GHG Protocol). Invoices or reports are received from the relevant data source and the relevant emissions factors…",Accepted standard-company edge: source evidence explicitly names this GHG Protocol fine series.,可采信标准-企业关系：原文证据明确命名该 GHG Protocol 细分系列。
r486_linde,486,LINDE,林德集团,C,Manufacturing,制造业,ghg_corporate_standard,GHG Protocol Corporate Accounting and Reporting Standard,GHG Protocol 企业核算与报告标准,Standard,标准,Corporate inventory accounting standard,企业组织层面清单核算标准,"Relevance, completeness, consistency, transparency, and accuracy.",相关性、完整性、一致性、透明性和准确性。,"Within GHG Protocol evidence, this may define Scope 1 and Scope 2 corporate inventory boundaries.",仅在 GHG Protocol 证据下使用 Scope 1/2 的组织层面清单口径。,explicit_series_citation,page_text_explicitly_names_whitelisted_series,corporate accounting and reporting standard,6,58,2024-LINDE-sustainable-development-report.pdf,seed_batch_11,medium,"F₆). Linde’s GHG emissions information was prepared with reference to the World Resources Institute/World Business Council for Sustainable Development’s Greenhouse Gas Protocol: A Corporate Accounting and Reporting Standard, r exafluoride (SF₆). Linde’s GHG emissions information was prepared with reference to the World Resources Institute/World Business Cou…","F₆). Linde’s GHG emissions information was prepared with reference to the World Resources Institute/World Business Council for Sustainable Development’s Greenhouse Gas Protocol: A Corporate Accounting and Reporting Standard, r exafluoride (SF₆). Linde’s GHG emissions information was prepared with reference to the World Resources Institute/World Business Cou…",Accepted standard-company edge: source evidence explicitly names this GHG Protocol fine series.,可采信标准-企业关系：原文证据明确命名该 GHG Protocol 细分系列。
r486_linde,486,LINDE,林德集团,C,Manufacturing,制造业,ghg_scope3_standard,GHG Protocol Corporate Value Chain (Scope 3) Accounting and Reporting Standard,GHG Protocol 企业价值链（Scope 3）核算与报告标准,Standard,标准,Value-chain emissions accounting standard,价值链排放核算标准,Scope 3 categories are GHG Protocol-specific category language.,Scope 3 类别是 GHG Protocol 特有的类别口径。,Scope 3 and Scope 3 category names are only used for GHG Protocol evidence.,Scope 3 及十五类类别口径只在 GHG Protocol 证据下使用。,explicit_series_citation,page_text_explicitly_names_whitelisted_series,corporate value chain\s*\(scope 3\),4,60 | 58,2024-LINDE-sustainable-development-report.pdf,pdf_explicit_series_citation,pdf_page_backfill,"’s AR 5 (2013) for a 100-year time horizon, including carbon feedback. To calculate Scope 3 from natural gas feedstock, Linde applies a fuel-based method based on the GHG Protocol Corporate Value Chain (Scope 3) Accounting and Reporting Standard, Category 3 for Scope 3 emissions caused in the extraction, production and transportation of fuels and energy. Li…","’s AR 5 (2013) for a 100-year time horizon, including carbon feedback. To calculate Scope 3 from natural gas feedstock, Linde applies a fuel-based method based on the GHG Protocol Corporate Value Chain (Scope 3) Accounting and Reporting Standard, Category 3 for Scope 3 emissions caused in the extraction, production and transportation of fuels and energy. Li…",Accepted standard-company edge: source evidence explicitly names this GHG Protocol fine series.,可采信标准-企业关系：原文证据明确命名该 GHG Protocol 细分系列。
r487_heineken,487,HEINEKEN,喜力公司,C,Manufacturing,制造业,ghg_corporate_standard,GHG Protocol Corporate Accounting and Reporting Standard,GHG Protocol 企业核算与报告标准,Standard,标准,Corporate inventory accounting standard,企业组织层面清单核算标准,"Relevance, completeness, consistency, transparency, and accuracy.",相关性、完整性、一致性、透明性和准确性。,"Within GHG Protocol evidence, this may define Scope 1 and Scope 2 corporate inventory boundaries.",仅在 GHG Protocol 证据下使用 Scope 1/2 的组织层面清单口径。,explicit_series_citation,page_text_explicitly_names_whitelisted_series,"(?:ghg protocol|greenhouse gas protocol|wri|world resources institute|world business council)[\s\S]{0,160}corporate standard",8,172 | 251,heineken_n_v_annual_report_2024_final_20feb2025.pdf,pdf_explicit_series_citation,pdf_page_backfill,"neral methodology – Scope 1 and 2 GHG emissions measurement applies to GHG emissions from entities HEINEKEN operationally controls. – To calculate Scope 1 and 2 GHG emissions, the GHG Protocol Corporate Standard (version 2004) and Scope 2 Guidance (version 2015) methodology are applied. – Energy consumption is considered as derived from a renewable source o…","neral methodology – Scope 1 and 2 GHG emissions measurement applies to GHG emissions from entities HEINEKEN operationally controls. – To calculate Scope 1 and 2 GHG emissions, the GHG Protocol Corporate Standard (version 2004) and Scope 2 Guidance (version 2015) methodology are applied. – Energy consumption is considered as derived from a renewable source o…",Accepted standard-company edge: source evidence explicitly names this GHG Protocol fine series.,可采信标准-企业关系：原文证据明确命名该 GHG Protocol 细分系列。
r487_heineken,487,HEINEKEN,喜力公司,C,Manufacturing,制造业,ghg_scope2_guidance,GHG Protocol Scope 2 Guidance,GHG Protocol Scope 2 指南,Guidance,指南,Purchased electricity and energy method guidance,外购电力与能源口径指南,Location-based and market-based Scope 2 reporting are separated when cited.,原文显式引用时区分位置法与市场法 Scope 2 披露。,Scope 2 market-based and location-based language is treated as GHG-specific.,Scope 2 市场法/位置法术语只在 GHG Protocol 语境下使用。,explicit_series_citation,page_text_explicitly_names_whitelisted_series,scope 2 guidance,8,172 | 251,heineken_n_v_annual_report_2024_final_20feb2025.pdf,pdf_explicit_series_citation,pdf_page_backfill,"surement applies to GHG emissions from entities HEINEKEN operationally controls. – To calculate Scope 1 and 2 GHG emissions, the GHG Protocol Corporate Standard (version 2004) and Scope 2 Guidance (version 2015) methodology are applied. – Energy consumption is considered as derived from a renewable source only when the purchased energy is clearly defined in…","surement applies to GHG emissions from entities HEINEKEN operationally controls. – To calculate Scope 1 and 2 GHG emissions, the GHG Protocol Corporate Standard (version 2004) and Scope 2 Guidance (version 2015) methodology are applied. – Energy consumption is considered as derived from a renewable source only when the purchased energy is clearly defined in…",Accepted standard-company edge: source evidence explicitly names this GHG Protocol fine series.,可采信标准-企业关系：原文证据明确命名该 GHG Protocol 细分系列。
r487_heineken,487,HEINEKEN,喜力公司,C,Manufacturing,制造业,ghg_scope3_standard,GHG Protocol Corporate Value Chain (Scope 3) Accounting and Reporting Standard,GHG Protocol 企业价值链（Scope 3）核算与报告标准,Standard,标准,Value-chain emissions accounting standard,价值链排放核算标准,Scope 3 categories are GHG Protocol-specific category language.,Scope 3 类别是 GHG Protocol 特有的类别口径。,Scope 3 and Scope 3 category names are only used for GHG Protocol evidence.,Scope 3 及十五类类别口径只在 GHG Protocol 证据下使用。,explicit_series_citation,page_text_explicitly_names_whitelisted_series,corporate value chain\s*\(scope 3\),6,172 | 253,heineken_n_v_annual_report_2024_final_20feb2025.pdf,pdf_explicit_series_citation,pdf_page_backfill,"tements Other Information E1 Scope 3 GHG emissions Metrics E1-6.51 Scope 3 GHG emissions Methodologies Significant Scope 3 categories are based on the criteria of the GHG Protocol Corporate Value Chain (Scope 3) Accounting and Reporting Standard (Version 2011). Scope 3 categories are consistent with the GHG Protocol. For HEINEKEN, this includes: – Indirect …","tements Other Information E1 Scope 3 GHG emissions Metrics E1-6.51 Scope 3 GHG emissions Methodologies Significant Scope 3 categories are based on the criteria of the GHG Protocol Corporate Value Chain (Scope 3) Accounting and Reporting Standard (Version 2011). Scope 3 categories are consistent with the GHG Protocol. For HEINEKEN, this includes: – Indirect …",Accepted standard-company edge: source evidence explicitly names this GHG Protocol fine series.,可采信标准-企业关系：原文证据明确命名该 GHG Protocol 细分系列。
r489_3m公司,489,3M,3M,C,Manufacturing,制造业,ghg_corporate_standard,GHG Protocol Corporate Accounting and Reporting Standard,GHG Protocol 企业核算与报告标准,Standard,标准,Corporate inventory accounting standard,企业组织层面清单核算标准,"Relevance, completeness, consistency, transparency, and accuracy.",相关性、完整性、一致性、透明性和准确性。,"Within GHG Protocol evidence, this may define Scope 1 and Scope 2 corporate inventory boundaries.",仅在 GHG Protocol 证据下使用 Scope 1/2 的组织层面清单口径。,explicit_series_citation,page_text_explicitly_names_whitelisted_series,corporate accounting and reporting standard,5,44 | 27,3m-2025-global-impact-report.pdf,pdf_explicit_series_citation,pdf_page_backfill,"y has calculated 3M’s greenhouse gas (GHG) inventory in accordance with the World Resources Institute (WRI)/World Business Council for Sustainable Development (WBCSD) GHG Protocol Corporate Accounting and Reporting Standard. The 3M EHS Laboratory maintains an accreditation to ANSI/ISO/IEC 17025 through A2LA, a signatory to the International Laboratory Accre…","y has calculated 3M’s greenhouse gas (GHG) inventory in accordance with the World Resources Institute (WRI)/World Business Council for Sustainable Development (WBCSD) GHG Protocol Corporate Accounting and Reporting Standard. The 3M EHS Laboratory maintains an accreditation to ANSI/ISO/IEC 17025 through A2LA, a signatory to the International Laboratory Accre…",Accepted standard-company edge: source evidence explicitly names this GHG Protocol fine series.,可采信标准-企业关系：原文证据明确命名该 GHG Protocol 细分系列。
r489_3m公司,489,3M,3M,C,Manufacturing,制造业,ghg_scope3_standard,GHG Protocol Corporate Value Chain (Scope 3) Accounting and Reporting Standard,GHG Protocol 企业价值链（Scope 3）核算与报告标准,Standard,标准,Value-chain emissions accounting standard,价值链排放核算标准,Scope 3 categories are GHG Protocol-specific category language.,Scope 3 类别是 GHG Protocol 特有的类别口径。,Scope 3 and Scope 3 category names are only used for GHG Protocol evidence.,Scope 3 及十五类类别口径只在 GHG Protocol 证据下使用。,explicit_series_citation,page_text_explicitly_names_whitelisted_series,corporate value chain\s*\(scope 3\),2,27,3m-2025-global-impact-report.pdf,pdf_explicit_series_citation,pdf_page_backfill,"ity and efficiency of renewable electricity. Scope 3 GHG emissions 3M has been developing our scope 3 GHG emission inventory since the WRI and the WBCSD published the GHG Protocol Corporate Value Chain (Scope 3) Accounting and Reporting Standard in September 2011. Even before its release, 3M participated in the pilot of the standard, which includes requirem…","ity and efficiency of renewable electricity. Scope 3 GHG emissions 3M has been developing our scope 3 GHG emission inventory since the WRI and the WBCSD published the GHG Protocol Corporate Value Chain (Scope 3) Accounting and Reporting Standard in September 2011. Even before its release, 3M participated in the pilot of the standard, which includes requirem…",Accepted standard-company edge: source evidence explicitly names this GHG Protocol fine series.,可采信标准-企业关系：原文证据明确命名该 GHG Protocol 细分系列。
r491_apolloglobalmanagement,491,APOLLO GLOBAL MANAGEMENT,阿波罗全球管理公司,J,Finance,金融业,ghg_corporate_standard,GHG Protocol Corporate Accounting and Reporting Standard,GHG Protocol 企业核算与报告标准,Standard,标准,Corporate inventory accounting standard,企业组织层面清单核算标准,"Relevance, completeness, consistency, transparency, and accuracy.",相关性、完整性、一致性、透明性和准确性。,"Within GHG Protocol evidence, this may define Scope 1 and Scope 2 corporate inventory boundaries.",仅在 GHG Protocol 证据下使用 Scope 1/2 的组织层面清单口径。,explicit_series_citation,page_text_explicitly_names_whitelisted_series,"(?:ghg protocol|greenhouse gas protocol|wri|world resources institute|world business council)[\s\S]{0,160}corporate standard | corporate accounting and reporting standard",8,31 | 32 | 65,apollo-2024-sustainability-report-june-2025.pdf,pdf_explicit_series_citation,pdf_page_backfill,"tual data is unavailable. 16 2023 energy figure has been restated due to methodology improvements. 17 2022 and 2023 Scope 1 GHG emissions data is calculated in accordance with the GHG Protocol corporate standard methodology. Data includes emissions from the on-site combustion of natural gas for heating, on-site combustion of generator fuel and mobile combus…","tual data is unavailable. 16 2023 energy figure has been restated due to methodology improvements. 17 2022 and 2023 Scope 1 GHG emissions data is calculated in accordance with the GHG Protocol corporate standard methodology. Data includes emissions from the on-site combustion of natural gas for heating, on-site combustion of generator fuel and mobile combus…",Accepted standard-company edge: source evidence explicitly names this GHG Protocol fine series.,可采信标准-企业关系：原文证据明确命名该 GHG Protocol 细分系列。
r491_apolloglobalmanagement,491,APOLLO GLOBAL MANAGEMENT,阿波罗全球管理公司,J,Finance,金融业,ghg_financial_industry_standard,Global GHG Accounting and Reporting Standard for the Financial Industry,金融行业全球温室气体核算与报告标准,Sector standard / guidance,行业标准/指南,Financial-industry financed-emissions methodology,金融行业投融资排放方法学,Measure financed emissions for loans and investments when explicitly cited.,原文明示时用于贷款和投资的投融资排放测算。,Use financed-emissions wording rather than corporate operational Scope totals.,使用投融资排放口径，不改写为企业运营 Scope 总量。,explicit_series_citation,page_text_explicitly_names_whitelisted_series,\bpcaf\b,2,111,apollo-2024-sustainability-report-june-2025.pdf,pdf_explicit_series_citation,pdf_page_backfill,"is Report, particularly due to a lack of available data, data lags and relevant underlying methodologies that may utilize a number of assumptions. For example, with respect to the PCAF methodology used to measure certain investments’ financed emissions, carbon footprint, weighted average carbon intensity and weighted average data quality scores, data challe…","is Report, particularly due to a lack of available data, data lags and relevant underlying methodologies that may utilize a number of assumptions. For example, with respect to the PCAF methodology used to measure certain investments’ financed emissions, carbon footprint, weighted average carbon intensity and weighted average data quality scores, data challe…",Accepted standard-company edge: source evidence explicitly names this GHG Protocol fine series.,可采信标准-企业关系：原文证据明确命名该 GHG Protocol 细分系列。
r492_emiratesgroup,492,EMIRATES GROUP,阿联酋航空集团,G,"Transport, Storage and Post",交通运输、仓储和邮政业,ghg_corporate_standard,GHG Protocol Corporate Accounting and Reporting Standard,GHG Protocol 企业核算与报告标准,Standard,标准,Corporate inventory accounting standard,企业组织层面清单核算标准,"Relevance, completeness, consistency, transparency, and accuracy.",相关性、完整性、一致性、透明性和准确性。,"Within GHG Protocol evidence, this may define Scope 1 and Scope 2 corporate inventory boundaries.",仅在 GHG Protocol 证据下使用 Scope 1/2 的组织层面清单口径。,explicit_series_citation,page_text_explicitly_names_whitelisted_series,corporate accounting and reporting standard,8,71 | 73,2023-2024-EMIRATES GROUP-annual-report.pdf,pdf_explicit_series_citation,pdf_page_backfill,"businesses of Emirates are excluded in the below metrics. References to Scope 1 and 2 emissions below are based on definitions from the Greenhouse Gas Protocol – revised edition (Corporate Accounting and Reporting Standard – Revised Edition, 2004), while references to Scope 3 emissions are based on the Greenhouse Gas Protocol Corporate Value Chain (Scope 3)…","businesses of Emirates are excluded in the below metrics. References to Scope 1 and 2 emissions below are based on definitions from the Greenhouse Gas Protocol – revised edition (Corporate Accounting and Reporting Standard – Revised Edition, 2004), while references to Scope 3 emissions are based on the Greenhouse Gas Protocol Corporate Value Chain (Scope 3)…",Accepted standard-company edge: source evidence explicitly names this GHG Protocol fine series.,可采信标准-企业关系：原文证据明确命名该 GHG Protocol 细分系列。
r492_emiratesgroup,492,EMIRATES GROUP,阿联酋航空集团,G,"Transport, Storage and Post",交通运输、仓储和邮政业,ghg_scope3_standard,GHG Protocol Corporate Value Chain (Scope 3) Accounting and Reporting Standard,GHG Protocol 企业价值链（Scope 3）核算与报告标准,Standard,标准,Value-chain emissions accounting standard,价值链排放核算标准,Scope 3 categories are GHG Protocol-specific category language.,Scope 3 类别是 GHG Protocol 特有的类别口径。,Scope 3 and Scope 3 category names are only used for GHG Protocol evidence.,Scope 3 及十五类类别口径只在 GHG Protocol 证据下使用。,explicit_series_citation,page_text_explicitly_names_whitelisted_series,corporate value chain\s*\(scope 3\),6,71 | 73,2023-2024-EMIRATES GROUP-annual-report.pdf,pdf_explicit_series_citation,pdf_page_backfill,"as Protocol – revised edition (Corporate Accounting and Reporting Standard – Revised Edition, 2004), while references to Scope 3 emissions are based on the Greenhouse Gas Protocol Corporate Value Chain (Scope 3) Standard. ENVIRONMENTAL SUSTAINABILITY PERFORMANCE - EMIRATES The Emirates Group Annual Report 2023-2024 Overview Emirates dnata Group Group Sustai…","as Protocol – revised edition (Corporate Accounting and Reporting Standard – Revised Edition, 2004), while references to Scope 3 emissions are based on the Greenhouse Gas Protocol Corporate Value Chain (Scope 3) Standard. ENVIRONMENTAL SUSTAINABILITY PERFORMANCE - EMIRATES The Emirates Group Annual Report 2023-2024 Overview Emirates dnata Group Group Sustai…",Accepted standard-company edge: source evidence explicitly names this GHG Protocol fine series.,可采信标准-企业关系：原文证据明确命名该 GHG Protocol 细分系列。
r498_瑞士abb集团,498,ABB,瑞士ABB,C,Manufacturing,制造业,ghg_corporate_standard,GHG Protocol Corporate Accounting and Reporting Standard,GHG Protocol 企业核算与报告标准,Standard,标准,Corporate inventory accounting standard,企业组织层面清单核算标准,"Relevance, completeness, consistency, transparency, and accuracy.",相关性、完整性、一致性、透明性和准确性。,"Within GHG Protocol evidence, this may define Scope 1 and Scope 2 corporate inventory boundaries.",仅在 GHG Protocol 证据下使用 Scope 1/2 的组织层面清单口径。,explicit_series_citation,page_text_explicitly_names_whitelisted_series,"(?:ghg protocol|greenhouse gas protocol|wri|world resources institute|world business council)[\s\S]{0,160}corporate standard",3,39 | 37,ABB Sustainability Statement 2024.pdf,pdf_explicit_series_citation,pdf_page_backfill,"ded in our inventory are shown in the table “Overview of scope 1, 2 and 3 GHG emissions”. We report scope 3 GHG emissions following the boundaries and methodologies defined by the GHG Protocol Corporate Standard. The reporting scope covers both upstream and downstream activities, including categories as defined in ESRS E1-6, AR 46.i, ensuring comprehensive …","ded in our inventory are shown in the table “Overview of scope 1, 2 and 3 GHG emissions”. We report scope 3 GHG emissions following the boundaries and methodologies defined by the GHG Protocol Corporate Standard. The reporting scope covers both upstream and downstream activities, including categories as defined in ESRS E1-6, AR 46.i, ensuring comprehensive …",Accepted standard-company edge: source evidence explicitly names this GHG Protocol fine series.,可采信标准-企业关系：原文证据明确命名该 GHG Protocol 细分系列。
r498_瑞士abb集团,498,ABB,瑞士ABB,C,Manufacturing,制造业,ghg_scope3_standard,GHG Protocol Corporate Value Chain (Scope 3) Accounting and Reporting Standard,GHG Protocol 企业价值链（Scope 3）核算与报告标准,Standard,标准,Value-chain emissions accounting standard,价值链排放核算标准,Scope 3 categories are GHG Protocol-specific category language.,Scope 3 类别是 GHG Protocol 特有的类别口径。,Scope 3 and Scope 3 category names are only used for GHG Protocol evidence.,Scope 3 及十五类类别口径只在 GHG Protocol 证据下使用。,explicit_series_citation,page_text_explicitly_names_whitelisted_series,corporate value chain.*scope 3,4,37,ABB Sustainability Statement 2024.pdf,pdf_explicit_series_citation,pdf_page_backfill,"te all other scope 3 categories relevant to ABB to ensure comprehensive reporting. When assessing the materiality of the different scope 3 categories, we refer to the GHG Protocol Corporate Value Chain Accounting and Reporting Standard. The calculation of scope 3, category 11 emissions is based on a bottom-up model for the diverse offering across our divisi…","te all other scope 3 categories relevant to ABB to ensure comprehensive reporting. When assessing the materiality of the different scope 3 categories, we refer to the GHG Protocol Corporate Value Chain Accounting and Reporting Standard. The calculation of scope 3, category 11 emissions is based on a bottom-up model for the diverse offering across our divisi…",Accepted standard-company edge: source evidence explicitly names this GHG Protocol fine series.,可采信标准-企业关系：原文证据明确命名该 GHG Protocol 细分系列。
r500_三星candt公司,500,Samsung C&T,三星C&T,E,Construction,建筑业,ghg_scope3_standard,GHG Protocol Corporate Value Chain (Scope 3) Accounting and Reporting Standard,GHG Protocol 企业价值链（Scope 3）核算与报告标准,Standard,标准,Value-chain emissions accounting standard,价值链排放核算标准,Scope 3 categories are GHG Protocol-specific category language.,Scope 3 类别是 GHG Protocol 特有的类别口径。,Scope 3 and Scope 3 category names are only used for GHG Protocol evidence.,Scope 3 及十五类类别口径只在 GHG Protocol 证据下使用。,explicit_series_citation,page_text_explicitly_names_whitelisted_series,corporate value chain\s*\(scope 3\),4,111 | 119,2025 Samsung C&T Sustainability Report.pdf,pdf_explicit_series_citation,pdf_page_backfill,24 Verification Criteria and Protocol The verification was performed at the request of Samsung C&T Corporation using the following verification standards. ‧ WRI/WBCSD GHG Protocol Corporate Value Chain (Scope 3) Standard ‧ IPCC 2006 Guideline for National Greenhouse Gas Inventories ‧ ISO 14064-1:2018 & ISO14064-3:2019 ‧ Guideline for Reporting and Certific…,24 Verification Criteria and Protocol The verification was performed at the request of Samsung C&T Corporation using the following verification standards. ‧ WRI/WBCSD GHG Protocol Corporate Value Chain (Scope 3) Standard ‧ IPCC 2006 Guideline for National Greenhouse Gas Inventories ‧ ISO 14064-1:2018 & ISO14064-3:2019 ‧ Guideline for Reporting and Certific…,Accepted standard-company edge: source evidence explicitly names this GHG Protocol fine series.,可采信标准-企业关系：原文证据明确命名该 GHG Protocol 细分系列。
